row_id,equilibrium_file,equilibrium_class,stability,target_native,ensemble_mean_native,ensemble_spread_native,ensemble_absolute_error_native,failure_category,support_warning_score,a_over_lt,a_over_ln,q_stds,symmetry_error,motif_activation_dispersion,concept_activation_dispersion,nfp,iota,shat,d_pressure_d_s,aspect,rho,aspect_over_rho
138,20241103-01-random_equilibria_and_flux_tubes_random_aspect_ratio/20241103-01-062_generate_flux_tubes_nfp2/nfp2_randomAspect_finiteBeta_maxm4_maxn4_LMN8_000034.h5,0,unstable,0.580196738243103,0.3153965,0.13312016460056728,0.2648002505302429,unanimous_success,0.625,5.538237571716309,2.0211374759674072,1.7863898277282715,0.009975731,0.32215583556921495,1.2747138083216711,2.0,-0.2913673918101626,-0.22001883662489294,-9431.207767941014,8.5261812210083,0.8330229201478808,10.23523004564473
337,20241103-01-random_equilibria_and_flux_tubes_random_aspect_ratio/20241103-01-062_generate_flux_tubes_nfp2/nfp2_randomAspect_finiteBeta_maxm4_maxn4_LMN8_000085.h5,0,unstable,0.16910381615161896,0.12804933,0.09356464836880689,0.041054487228393555,unanimous_success,0.9375,0.7136915326118469,0.017881983891129494,1.184243083000183,0.015193552,0.11470307093495413,0.5044785671099261,2.0,-0.2956245851040346,0.002999247561698492,-27594.680985833766,7.931508541107178,0.14443430910788502,54.91429695684526
373,20241103-01-random_equilibria_and_flux_tubes_random_aspect_ratio/20241103-01-062_generate_flux_tubes_nfp2/nfp2_randomAspect_finiteBeta_maxm4_maxn4_LMN8_000094.h5,0,unstable,1.5661884546279907,1.2906346,0.10949935866699805,0.275553822517395,unanimous_success,0.4375,1.5918151140213013,0.24173632264137268,4.7883620262146,0.014642477,0.1176335408006271,0.3489031647654655,2.0,-0.5051063283430164,0.005956513689029159,-25310.92460353794,5.783297538757324,0.2133943419275024,27.101456798334958
716,20241103-01-random_equilibria_and_flux_tubes_random_aspect_ratio/20241103-01-062_generate_flux_tubes_nfp2/nfp2_randomAspect_finiteBeta_maxm4_maxn4_LMN8_000180.h5,0,unstable,-0.4449669122695923,-0.6856104,0.3981960548352656,0.24064350128173828,high_spread_low_error,0.5,1.4798033237457275,0.7736892700195312,0.6408454775810242,0.03436303,0.12891661031499219,0.6705896810182234,2.0,-0.2327423299532873,-0.2682542054432848,-3746.34592477863,3.9897096157073975,0.5793711109309665,6.886276413224168
1009,20241103-01-random_equilibria_and_flux_tubes_random_aspect_ratio/20241103-01-062_generate_flux_tubes_nfp2/nfp2_randomAspect_finiteBeta_maxm4_maxn4_LMN8_000253.h5,0,stable_or_near_floor,-2.0,-1.5081012,0.24735045497570088,0.491898775100708,high_spread_low_error,0.4375,0.751020073890686,0.22401051223278046,2.008089978744465e-07,0.077732325,0.10324316778428824,0.6098532820958597,2.0,-0.2561463022061602,-0.002364943218946791,-3063.506840381188,3.437335252761841,0.10585360553121348,32.472538233459225
1267,20241103-01-random_equilibria_and_flux_tubes_random_aspect_ratio/20241103-01-062_generate_flux_tubes_nfp2/nfp2_randomAspect_finiteBeta_maxm4_maxn4_LMN8_000319.h5,0,unstable,3.4547464847564697,3.5029843,0.11357438617539739,0.04823780059814453,unanimous_success,0.5,6.3204169273376465,0.17225003242492676,31.650264739990234,0.0012590885,0.29170665015481956,0.5931560012803696,2.0,-0.33179465723672014,0.31561060377321337,-997.2596612958761,9.709589958190918,0.8918645200202799,10.886844066820972
1392,20241103-01-random_equilibria_and_flux_tubes_random_aspect_ratio/20241103-01-062_generate_flux_tubes_nfp2/nfp2_randomAspect_finiteBeta_maxm4_maxn4_LMN8_000350.h5,0,unstable,5.241615295410156,5.3690886,0.1484003228710532,0.1274733543395996,unanimous_success,0.640625,7.842799186706543,1.4213930368423462,188.97508239746094,0.042007446,0.1068905379583158,0.6894129551251474,2.0,-0.3484969816070905,-0.08655920313213573,-42575.19025420835,3.573892593383789,0.7126230211868665,5.01512368689901
1431,20241103-01-random_equilibria_and_flux_tubes_random_aspect_ratio/20241103-01-062_generate_flux_tubes_nfp2/nfp2_randomAspect_finiteBeta_maxm4_maxn4_LMN8_000360.h5,0,unstable,2.150078296661377,2.2423353,0.0963135174509711,0.09225702285766602,unanimous_success,0.53125,3.043017625808716,1.5073133707046509,8.585530281066895,0.025632858,0.11231718153220012,0.6146182529038321,2.0,-0.417854443468902,-0.1161229929227237,-17206.301395391907,5.201717853546143,0.764929469401992,6.8002581435550535
1516,20241103-01-random_equilibria_and_flux_tubes_random_aspect_ratio/20241103-01-062_generate_flux_tubes_nfp2/nfp2_randomAspect_finiteBeta_maxm4_maxn4_LMN8_000381.h5,0,unstable,-0.20077146589756012,0.08410559,0.2340257644345821,0.2848770543932915,high_spread_low_error,0.171875,1.1911922693252563,0.6629331707954407,0.8180993795394897,0.081250176,0.08687087445167706,0.5622811389725624,2.0,-0.22680600883329413,0.0018268618075943598,-8390.234762646063,3.4211745262145996,0.1510631064387814,22.64732009599602
1570,20241103-01-random_equilibria_and_flux_tubes_random_aspect_ratio/20241103-01-062_generate_flux_tubes_nfp2/nfp2_randomAspect_finiteBeta_maxm4_maxn4_LMN8_000395.h5,0,unstable,1.618432879447937,1.6717912,0.11681300087219043,0.05335831642150879,unanimous_success,0.6875,2.44819712638855,1.4416491985321045,5.045177459716797,0.0574857,0.1027158221877928,0.7462575323463011,2.0,-0.3710566765173511,0.022011111625410487,-41119.908364276795,3.4973411560058594,0.6522374432542059,5.362067437521814
1596,20241103-01-random_equilibria_and_flux_tubes_random_aspect_ratio/20241103-01-062_generate_flux_tubes_nfp2/nfp2_randomAspect_finiteBeta_maxm4_maxn4_LMN8_000402.h5,0,stable_or_near_floor,-2.0,-1.9989679,0.011938535591669323,0.001032114028930664,unanimous_success,0.1875,1.2963321208953857,3.5341105461120605,1.1544182854095197e-07,0.00059854984,0.09190752044147962,0.3720099718059185,2.0,-0.3826151934374561,-0.0362271344147284,-7551.244185067511,5.462525367736816,0.8222443112121511,6.64343345797549
1766,20241103-01-random_equilibria_and_flux_tubes_random_aspect_ratio/20241103-01-062_generate_flux_tubes_nfp2/nfp2_randomAspect_finiteBeta_maxm4_maxn4_LMN8_000444.h5,0,unstable,1.5468908548355103,1.2430156,0.1732153024177875,0.303875207901001,high_spread_low_error,0.4375,4.719461917877197,-0.3948129415512085,4.696844100952148,0.033214927,0.25120313733267785,1.0036625729397637,2.0,-0.26525627863998064,0.22475641029775226,-6161.438688795835,5.340968608856201,0.8382963039615167,6.371218128502433
2004,20241103-01-random_equilibria_and_flux_tubes_random_aspect_ratio/20241103-01-062_generate_flux_tubes_nfp2/nfp2_randomAspect_finiteBeta_maxm4_maxn4_LMN8_000504.h5,0,stable_or_near_floor,-2.0,-1.6265393,0.22950495689404055,0.37346065044403076,high_spread_low_error,0.375,3.077700138092041,0.1455884426832199,5.160740670362429e-07,0.03353846,0.34177841152215693,1.2443556232117494,2.0,-0.2377374469405071,-0.05198017895425057,-6325.944295976357,5.237170219421387,0.6980542553478446,7.502526027596055
2023,20241103-01-random_equilibria_and_flux_tubes_random_aspect_ratio/20241103-01-062_generate_flux_tubes_nfp2/nfp2_randomAspect_finiteBeta_maxm4_maxn4_LMN8_000509.h5,0,unstable,4.462491035461426,4.440427,0.28419298775344215,0.022064208984375,high_spread_low_error,0.8125,3.6627719402313232,0.6906870603561401,86.70320892333984,0.06573677,0.1413467302616394,1.2662137457292493,2.0,-0.3573484534104614,-0.2210775619936461,-51649.16139661429,3.114131212234497,0.5517464024711334,5.644135056045833
2091,20241103-01-random_equilibria_and_flux_tubes_random_aspect_ratio/20241103-01-062_generate_flux_tubes_nfp2/nfp2_randomAspect_finiteBeta_maxm4_maxn4_LMN8_000526.h5,0,unstable,0.8716307282447815,0.794581,0.08061497279258083,0.07704973220825195,unanimous_success,0.328125,1.2919080257415771,0.43998709321022034,2.3908064365386963,0.046081305,0.06766446016647173,0.4968582919623439,2.0,-0.26896456466769975,-0.008142350872137424,-1050.5378636787163,3.4368350505828857,0.3779957283766012,9.092258966373107
2532,20241103-01-random_equilibria_and_flux_tubes_random_aspect_ratio/20241103-01-062_generate_flux_tubes_nfp2/nfp2_randomAspect_finiteBeta_maxm4_maxn4_LMN8_000637.h5,0,stable_or_near_floor,-2.0,-1.9694618,0.041116470855196006,0.030538201332092285,unanimous_success,1.0,3.850400924682617,2.7118282318115234,0.06329391151666641,0.0010925531,0.32060210837309644,0.9147054355763931,2.0,-0.27662610521336106,-0.276441339383205,-19468.16796035433,8.401308059692383,0.5512343121776222,15.24090187075521
2545,20241103-01-random_equilibria_and_flux_tubes_random_aspect_ratio/20241103-01-062_generate_flux_tubes_nfp2/nfp2_randomAspect_finiteBeta_maxm4_maxn4_LMN8_000641.h5,0,unstable,4.527513027191162,3.7764993,0.38426193563157746,0.7510137557983398,high_spread_high_error,0.546875,1.5542140007019043,0.3252461850643158,92.5281753540039,0.0,0.1615465363592116,1.1268512573555747,2.0,-0.43218346647605965,0.01678001140493985,-66687.30004970914,6.636191368103027,0.1898661873053018,34.9519388485541
2557,20241103-01-random_equilibria_and_flux_tubes_random_aspect_ratio/20241103-01-062_generate_flux_tubes_nfp2/nfp2_randomAspect_finiteBeta_maxm4_maxn4_LMN8_000644.h5,0,unstable,2.515554904937744,2.3845453,0.2122965302805091,0.13100957870483398,high_spread_low_error,0.53125,1.1169103384017944,0.2780963182449341,12.37347412109375,0.05054474,0.1491314985697059,1.0837154024482745,2.0,-0.26010515776606385,0.4075142554758526,-8961.580213909172,4.978497505187988,0.6999423100674954,7.112725482630007
2721,20241103-01-random_equilibria_and_flux_tubes_random_aspect_ratio/20241103-01-062_generate_flux_tubes_nfp2/nfp2_randomAspect_finiteBeta_maxm4_maxn4_LMN8_000685.h5,0,stable_or_near_floor,-1.9343392848968506,-1.7630074,0.21842661465803728,0.17133188247680664,high_spread_low_error,0.484375,0.6473765969276428,-0.021756552159786224,0.14451971650123596,0.059189677,0.06488075224633821,0.29733947455395626,2.0,-0.458197097839767,-0.05784077296070962,-15434.171749341138,5.683304309844971,0.3214956964035518,17.677699494649232
3269,20241103-01-random_equilibria_and_flux_tubes_random_aspect_ratio/20241103-01-062_generate_flux_tubes_nfp2/nfp2_randomAspect_finiteBeta_maxm4_maxn4_LMN8_000823.h5,0,unstable,0.9009987711906433,0.81703573,0.0753425111508797,0.08396303653717041,unanimous_success,0.375,1.2684509754180908,0.5281643867492676,2.4620609283447266,0.05470085,0.09146445704640982,0.5086950424392811,2.0,-0.30540359019224395,-0.04464278173992556,-14090.763706135951,5.067728519439697,0.2869150637479132,17.662817884990034
3436,20241103-01-random_equilibria_and_flux_tubes_random_aspect_ratio/20241103-01-062_generate_flux_tubes_nfp2/nfp2_randomAspect_finiteBeta_maxm4_maxn4_LMN8_000865.h5,0,stable_or_near_floor,-2.0,-2.0030243,0.010628150628821859,0.0030243396759033203,unanimous_success,0.640625,0.9944862723350525,1.5860697031021118,9.762896269194243e-08,0.00072574615,0.17005188514606934,0.420251184550216,2.0,-0.3273878733961016,0.09929083577065068,-4932.219645002205,8.197948455810547,0.45033011566388503,18.204308729663747
3497,20241103-01-random_equilibria_and_flux_tubes_random_aspect_ratio/20241103-01-062_generate_flux_tubes_nfp2/nfp2_randomAspect_finiteBeta_maxm4_maxn4_LMN8_000880.h5,0,unstable,0.4648672342300415,0.9196463,0.10775413582413366,0.45477908849716187,unanimous_success,0.40625,4.197283744812012,0.6683399677276611,1.5918028354644775,0.029337883,0.3032208060403619,1.0458854718232096,2.0,-0.2602565326779929,0.07205957799923626,-7000.449588148781,5.272176265716553,0.7502409614089298,7.027310606735688
3643,20241103-01-random_equilibria_and_flux_tubes_random_aspect_ratio/20241103-01-062_generate_flux_tubes_nfp2/nfp2_randomAspect_finiteBeta_maxm4_maxn4_LMN8_000917.h5,0,unstable,1.7825825214385986,1.5712154,0.08182561676302197,0.21136713027954102,unanimous_success,0.5,1.745578408241272,0.7905091643333435,5.9451904296875,0.012880206,0.12549411623270795,0.5622009283694218,2.0,-0.4141288453229631,0.003503758441939223,-80535.7904264078,4.970755577087402,0.18078132750367237,27.495956832081713
3737,20241103-01-random_equilibria_and_flux_tubes_random_aspect_ratio/20241103-01-062_generate_flux_tubes_nfp2/nfp2_randomAspect_finiteBeta_maxm4_maxn4_LMN8_000940.h5,0,unstable,-1.2940174341201782,-0.40636075,0.5252859755081895,0.8876566886901855,high_spread_high_error,0.765625,0.9143383502960205,0.08154667913913727,0.27416712045669556,0.13241914,0.14929315967956155,0.671799550416051,2.0,-0.5461924083665407,0.0031010040279683317,-16840.769213114356,5.004940509796143,0.10934962592915354,45.7700743579936
4387,20241103-01-random_equilibria_and_flux_tubes_random_aspect_ratio/20241103-01-062_generate_flux_tubes_nfp2/nfp2_randomAspect_finiteBeta_maxm4_maxn4_LMN8_001104.h5,0,unstable,-1.8767303228378296,-1.4450634,0.19663834222091395,0.4316669702529907,high_spread_low_error,0.34375,1.8930085897445679,0.41002586483955383,0.15308983623981476,0.016662002,0.16792967941677311,0.7846466339898472,2.0,-0.24241533842449398,-0.019894173454757823,-20396.648438435073,4.388138771057129,0.3233440910633334,13.571111680521245
4415,20241103-01-random_equilibria_and_flux_tubes_random_aspect_ratio/20241103-01-062_generate_flux_tubes_nfp2/nfp2_randomAspect_finiteBeta_maxm4_maxn4_LMN8_001111.h5,0,unstable,-0.0008617775747552514,-0.08455958,0.12395854360616056,0.08369780459906906,unanimous_success,0.21875,1.4639354944229126,0.6553667783737183,0.999138593673706,0.0038701817,0.10604854495231036,0.4264198363058953,2.0,-0.3258600842807072,0.0025519408670053624,-1338.030255881165,4.697968482971191,0.207749568535593,22.613613669990873
4589,20241103-01-random_equilibria_and_flux_tubes_random_aspect_ratio/20241103-01-062_generate_flux_tubes_nfp2/nfp2_randomAspect_finiteBeta_maxm4_maxn4_LMN8_001155.h5,0,unstable,1.937544345855713,1.834996,0.09264846538435072,0.10254836082458496,unanimous_success,0.28125,1.7973695993423462,0.4834042489528656,6.941683292388916,0.010964394,0.06965446376223919,0.38304735255138544,2.0,-0.45366573451700565,-0.02400520463245281,-34683.57654365032,4.100578784942627,0.4103031886444879,9.994021246799576
4798,20241103-01-random_equilibria_and_flux_tubes_random_aspect_ratio/20241103-01-062_generate_flux_tubes_nfp2/nfp2_randomAspect_finiteBeta_maxm4_maxn4_LMN8_001207.h5,0,unstable,0.6036708950996399,0.0481657,0.26900554877884086,0.5555051937699318,high_spread_high_error,0.140625,1.0246310234069824,-0.25202420353889465,1.8288198709487915,0.16110104,0.08118522968227837,0.5508801100834423,2.0,-0.35582524570248236,-0.15077923859276818,-33077.48435470113,3.901670455932617,0.5476983575306091,7.123757817211575
5052,20241103-01-random_equilibria_and_flux_tubes_random_aspect_ratio/20241103-01-062_generate_flux_tubes_nfp2/nfp2_randomAspect_finiteBeta_maxm4_maxn4_LMN8_001272.h5,0,unstable,1.0126317739486694,0.8877956,0.0808429250494576,0.12483614683151245,unanimous_success,1.0,1.1438112258911133,0.03755893558263779,2.7528364658355713,0.031520486,0.16591390160162942,0.4784582359908073,2.0,-0.266024708465212,0.011952390032484607,-18024.85299108817,8.082123756408691,0.2363055585101801,34.20200441903914
5181,20241103-01-random_equilibria_and_flux_tubes_random_aspect_ratio/20241103-01-062_generate_flux_tubes_nfp2/nfp2_randomAspect_finiteBeta_maxm4_maxn4_LMN8_001304.h5,0,unstable,1.1268283128738403,0.9737471,0.07752955103797574,0.1530812382698059,unanimous_success,0.921875,1.218807339668274,0.28983500599861145,3.0858535766601562,0.004792094,0.14622771248837987,0.5517256315207844,2.0,-0.27124503281502144,-0.018731348199667347,-19631.22061269603,7.913419246673584,0.19059703938333583,41.51910896557958
5384,20241103-01-random_equilibria_and_flux_tubes_random_aspect_ratio/20241103-01-062_generate_flux_tubes_nfp2/nfp2_randomAspect_finiteBeta_maxm4_maxn4_LMN8_001355.h5,0,stable_or_near_floor,-1.9847023487091064,-1.5702244,0.22900945057432504,0.4144779443740845,high_spread_low_error,0.671875,0.6690587401390076,0.13087989389896393,0.13742150366306305,0.112056375,0.07762402749932293,0.45480564570514675,2.0,-0.37271903033069625,0.010167964937997336,-26433.70539915024,4.726311683654785,0.09057209422799517,52.1828685086749
5817,20241103-01-random_equilibria_and_flux_tubes_random_aspect_ratio/20241103-01-062_generate_flux_tubes_nfp2/nfp2_randomAspect_finiteBeta_maxm4_maxn4_LMN8_001464.h5,0,unstable,1.0625438690185547,0.7699989,0.09417767753276893,0.292544960975647,unanimous_success,0.671875,0.9729540944099426,0.22170254588127136,2.8937227725982666,2.0205975e-05,0.12343067902579237,0.4445614930843155,2.0,-0.3559257039648662,0.009078336159707616,-5114.121361612984,7.088863372802734,0.1723308233432691,41.135202834157475
6232,20241103-01-random_equilibria_and_flux_tubes_random_aspect_ratio/20241103-01-062_generate_flux_tubes_nfp2/nfp2_randomAspect_finiteBeta_maxm4_maxn4_LMN8_001568.h5,0,unstable,1.6981406211853027,1.7893996,0.11827502608691187,0.09125900268554688,unanimous_success,0.28125,2.576599359512329,1.4092004299163818,5.463778495788574,0.008641124,0.16634300430833715,0.6538492499061058,2.0,-0.23490292163036725,0.08692962662452,-2089.4645222833487,6.191605091094971,0.9317755407867964,6.644953446477834
6627,20241103-01-random_equilibria_and_flux_tubes_random_aspect_ratio/20241103-01-062_generate_flux_tubes_nfp2/nfp2_randomAspect_finiteBeta_maxm4_maxn4_LMN8_001667.h5,0,unstable,3.0140912532806396,2.9945283,0.1645898016052802,0.019562959671020508,high_spread_low_error,0.671875,2.7163898944854736,1.3166000843048096,20.370569229125977,0.021389723,0.1688982254439268,1.1835954196226557,2.0,-0.498194298054972,0.05979783395985966,-29203.469365212946,3.624668836593628,0.5407644966692021,6.702860226437757
6645,20241103-01-random_equilibria_and_flux_tubes_random_aspect_ratio/20241103-01-062_generate_flux_tubes_nfp2/nfp2_randomAspect_finiteBeta_maxm4_maxn4_LMN8_001672.h5,0,unstable,0.23391138017177582,0.027615223,0.23576495559658311,0.206296157091856,high_spread_low_error,0.296875,1.0455119609832764,-0.1341572403907776,1.2635325193405151,0.08031121,0.08521322209152844,0.44782626347949256,2.0,-0.3249510266824342,-0.08248207834668861,-6888.29238040009,4.446946144104004,0.4879090713400085,9.114292816673348
6724,20241103-01-random_equilibria_and_flux_tubes_random_aspect_ratio/20241103-01-062_generate_flux_tubes_nfp2/nfp2_randomAspect_finiteBeta_maxm4_maxn4_LMN8_001691.h5,0,unstable,-1.5231740474700928,-1.0290552,0.298369260102637,0.4941188097000122,high_spread_low_error,0.421875,1.3223215341567993,0.2091600000858307,0.2180187851190567,0.082817554,0.15282001795712707,0.4079047182901197,2.0,-0.37245554074911713,-0.03248635105357998,-8266.540967272966,9.861982345581055,0.5746469219415621,17.16181183440491
6727,20241103-01-random_equilibria_and_flux_tubes_random_aspect_ratio/20241103-01-062_generate_flux_tubes_nfp2/nfp2_randomAspect_finiteBeta_maxm4_maxn4_LMN8_001692.h5,0,unstable,-1.1569825410842896,-0.84158576,0.1685543403327278,0.315396785736084,high_spread_low_error,0.78125,2.549062490463257,-0.32096749544143677,0.3144335448741913,0.0018497109,0.26369281325163996,0.8765696998002522,2.0,-0.31848646698631233,0.04797393978719488,-163.8338455146687,8.915397644042969,0.8092119981234264,11.017381927996492
7271,20241103-01-random_equilibria_and_flux_tubes_random_aspect_ratio/20241103-01-062_generate_flux_tubes_nfp2/nfp2_randomAspect_finiteBeta_maxm4_maxn4_LMN8_001828.h5,0,unstable,0.1739904135465622,-0.07386932,0.16571604192921244,0.24785973131656647,high_spread_low_error,0.609375,1.3368514776229858,0.10973340272903442,1.1900441646575928,0.0,0.10931252101417235,0.4393706848033046,2.0,-0.3894515441033016,0.016628365145717628,-11110.468792506714,7.1748433113098145,0.23607439263786445,30.392298085103818
7442,20241103-01-random_equilibria_and_flux_tubes_random_aspect_ratio/20241103-01-062_generate_flux_tubes_nfp2/nfp2_randomAspect_finiteBeta_maxm4_maxn4_LMN8_001871.h5,0,stable_or_near_floor,-2.0,-1.9973786,0.019559852761498832,0.0026214122772216797,unanimous_success,0.9375,3.157550811767578,3.716560125350952,7.014268987859396e-08,0.00062024593,0.3668909698354892,1.0822170401064797,2.0,-0.24087254951889864,-0.03533140469851086,-1354.1164190792704,6.609411239624023,0.9317197954940364,7.093775694783258
7467,20241103-01-random_equilibria_and_flux_tubes_random_aspect_ratio/20241103-01-062_generate_flux_tubes_nfp2/nfp2_randomAspect_finiteBeta_maxm4_maxn4_LMN8_001878.h5,0,unstable,1.0208245515823364,1.0588088,0.08871665409017268,0.037984251976013184,unanimous_success,0.453125,1.339295744895935,-0.03653128445148468,2.775482416152954,0.043828607,0.08367793064114147,0.37397989852184454,2.0,-0.33206117536380314,-0.13710100361606453,-7044.055751470126,5.656120777130127,0.4596204910484666,12.306067478035251
7764,20241103-01-random_equilibria_and_flux_tubes_random_aspect_ratio/20241103-01-062_generate_flux_tubes_nfp2/nfp2_randomAspect_finiteBeta_maxm4_maxn4_LMN8_001952.h5,0,stable_or_near_floor,-2.0,-1.978352,0.028873794334496737,0.021648049354553223,unanimous_success,0.328125,1.4739819765090942,0.025626812130212784,1.2377894336168538e-06,0.0053589344,0.22350162602536605,0.801531173991335,2.0,-0.4666699402853223,0.02674087898600598,-27559.673571319374,9.554875373840332,0.25874741061041373,36.92742412880317
7895,20241103-01-random_equilibria_and_flux_tubes_random_aspect_ratio/20241103-01-062_generate_flux_tubes_nfp2/nfp2_randomAspect_finiteBeta_maxm4_maxn4_LMN8_001985.h5,0,unstable,3.973263740539551,3.387288,0.16784893986615132,0.5859756469726562,high_spread_high_error,0.875,8.550597190856934,1.6012234687805176,53.15774154663086,0.03626275,0.22067972307874723,0.5945416279974378,2.0,-0.42811155008192436,-0.5853999858882803,-16495.756261311006,4.9967360496521,0.9154964182211429,5.457952592934244
7975,20241103-01-random_equilibria_and_flux_tubes_random_aspect_ratio/20241103-01-062_generate_flux_tubes_nfp2/nfp2_randomAspect_finiteBeta_maxm4_maxn4_LMN8_002005.h5,0,unstable,0.34865421056747437,0.31072444,0.08370072518263669,0.03792977333068848,unanimous_success,0.6875,3.0622971057891846,1.036831259727478,1.417159080505371,0.012868553,0.24833933559388455,0.7136686128572263,2.0,-0.21913558352818524,0.026525924716615076,-1828.0927827709202,5.7758893966674805,0.7270269544130374,7.9445326773759355
8018,20241103-01-random_equilibria_and_flux_tubes_random_aspect_ratio/20241103-01-062_generate_flux_tubes_nfp2/nfp2_randomAspect_finiteBeta_maxm4_maxn4_LMN8_002016.h5,0,unstable,0.543563723564148,0.4217326,0.09098607950691956,0.12183111906051636,unanimous_success,0.796875,3.229166030883789,-0.17189724743366241,1.7221331596374512,0.008517593,0.3035456629001942,0.7853541153995316,2.0,-0.30425558162913263,-0.09688428028889574,-5544.409168874325,8.871745109558105,0.7462407705017537,11.888582693750388
8376,20241103-01-random_equilibria_and_flux_tubes_random_aspect_ratio/20241103-01-062_generate_flux_tubes_nfp2/nfp2_randomAspect_finiteBeta_maxm4_maxn4_LMN8_002106.h5,0,unstable,6.615955352783203,6.556427,0.3635523089449935,0.059528350830078125,high_spread_low_error,0.546875,3.7836787700653076,0.21341706812381744,746.9178466796875,0.09120226,0.19669550288265636,1.4277909958201904,2.0,-0.3151627155371438,0.22815425258968297,-17656.288780522777,8.246170043945312,0.6205570324373644,13.288335500053552
8384,20241103-01-random_equilibria_and_flux_tubes_random_aspect_ratio/20241103-01-062_generate_flux_tubes_nfp2/nfp2_randomAspect_finiteBeta_maxm4_maxn4_LMN8_002108.h5,0,unstable,2.816754102706909,3.0542765,0.20080898954967338,0.23752236366271973,high_spread_low_error,0.6875,1.9173048734664917,0.020598996430635452,16.722482681274414,0.09375763,0.10091988190710591,0.8032531213742,2.0,-0.43950738134465134,0.045305059217963975,-1956.385500270181,8.610855102539062,0.22584457950554082,38.12734899988072
8619,20241103-01-random_equilibria_and_flux_tubes_random_aspect_ratio/20241103-01-062_generate_flux_tubes_nfp2/nfp2_randomAspect_finiteBeta_maxm4_maxn4_LMN8_002167.h5,0,stable_or_near_floor,-2.0,-2.005136,0.02761722936538285,0.005136013031005859,unanimous_success,0.65625,0.49160322546958923,0.6204755902290344,1.2583201680627099e-07,0.0011911392,0.11110675276058775,0.6337972342248342,2.0,-0.30732340198491026,0.0703565797670151,-22779.11982514215,5.602138519287109,0.31515032442373214,17.776083618288812
9514,20241103-01-random_equilibria_and_flux_tubes_random_aspect_ratio/20241103-01-062_generate_flux_tubes_nfp2/nfp2_randomAspect_finiteBeta_maxm4_maxn4_LMN8_002392.h5,0,unstable,-0.7127097845077515,-0.6952879,0.07591219740208566,0.0174219012260437,unanimous_success,0.828125,3.0460267066955566,0.8257708549499512,0.49031373858451843,0.009144664,0.3193553699598642,1.0069440619761274,2.0,-0.2996593446287416,-0.11475099526937786,-7020.221440717463,6.917800426483154,0.6632292882214421,10.430480905079401
9583,20241103-01-random_equilibria_and_flux_tubes_random_aspect_ratio/20241103-01-062_generate_flux_tubes_nfp2/nfp2_randomAspect_finiteBeta_maxm4_maxn4_LMN8_002409.h5,0,stable_or_near_floor,-2.0,-1.9967995,0.0185155479022576,0.003200531005859375,unanimous_success,0.9375,1.6967065334320068,0.6508432626724243,7.977344296250521e-08,0.0010619164,0.31225347468454345,0.7801767331498399,2.0,-0.2494893946431245,-0.020370487242613682,-19451.098146254968,8.575434684753418,0.3161968769555704,27.120554659868993
9909,20241103-01-random_equilibria_and_flux_tubes_random_aspect_ratio/20241103-01-062_generate_flux_tubes_nfp2/nfp2_randomAspect_finiteBeta_maxm4_maxn4_LMN8_002492.h5,0,unstable,2.6299257278442383,2.6525397,0.07114195548276542,0.022614002227783203,unanimous_success,0.5,2.3348500728607178,0.3882450461387634,13.8727388381958,0.016274214,0.18068406273697638,0.5832626581870466,2.0,-0.218819313968079,-0.17454571760558107,-4749.891245670272,7.288535118103027,0.4123636459975152,17.675018612448067
10041,20241103-01-random_equilibria_and_flux_tubes_random_aspect_ratio/20241103-01-062_generate_flux_tubes_nfp2/nfp2_randomAspect_finiteBeta_maxm4_maxn4_LMN8_002525.h5,0,unstable,-0.28861004114151,-0.69532156,0.17552416242897995,0.40671151876449585,high_spread_low_error,0.28125,1.4395849704742432,0.05214338004589081,0.7493043541908264,0.004560888,0.15135314252976043,0.484720718694729,2.0,-0.4190311809345557,0.011034973591418206,-1519.548302952409,8.606921195983887,0.12944582065961485,66.49052979946163
10068,20241103-01-random_equilibria_and_flux_tubes_random_aspect_ratio/20241103-01-062_generate_flux_tubes_nfp2/nfp2_randomAspect_finiteBeta_maxm4_maxn4_LMN8_002532.h5,0,stable_or_near_floor,-2.0,-1.9977547,0.01273176894992329,0.002245306968688965,unanimous_success,0.5,1.4823167324066162,3.595329999923706,1.4071127907300252e-07,0.00026762486,0.09950363545364595,0.4064368625680332,2.0,-0.4152947978343145,-0.10331670599053487,-24336.19163455258,9.090553283691406,0.5939994381551281,15.303976232579076
10580,20241103-01-random_equilibria_and_flux_tubes_random_aspect_ratio/20241103-01-062_generate_flux_tubes_nfp2/nfp2_randomAspect_finiteBeta_maxm4_maxn4_LMN8_002661.h5,0,unstable,1.0491973161697388,1.3909341,0.13990390038957165,0.3417367935180664,unanimous_success,0.265625,1.0106674432754517,0.028770441189408302,2.855358123779297,0.048036337,0.11378019879377187,0.725672178521886,2.0,-0.32788082516287237,0.047094544969291025,-4506.787542317757,8.409896850585938,0.28707784358466615,29.294830787265745
10738,20241103-01-random_equilibria_and_flux_tubes_random_aspect_ratio/20241103-01-062_generate_flux_tubes_nfp2/nfp2_randomAspect_finiteBeta_maxm4_maxn4_LMN8_002701.h5,0,unstable,0.845649003982544,1.1849483,0.10164298795278275,0.3392993211746216,unanimous_success,0.265625,1.3181737661361694,0.2976418137550354,2.329489231109619,0.010091782,0.0761795879986962,0.4608454434672746,2.0,-0.48749585529796674,0.06321919017295813,-5891.639954795859,8.152275085449219,0.360214370890368,22.63173194700325
10769,20241103-01-random_equilibria_and_flux_tubes_random_aspect_ratio/20241103-01-062_generate_flux_tubes_nfp2/nfp2_randomAspect_finiteBeta_maxm4_maxn4_LMN8_002709.h5,0,stable_or_near_floor,-2.0,-1.9217367,0.07223927734502247,0.0782632827758789,unanimous_success,0.65625,1.4780077934265137,0.10453374683856964,9.333970183433848e-07,0.0008111,0.25089638387973445,0.6311472379370858,2.0,-0.3045121857746237,-0.00277457033231591,-7742.992621062533,9.496149063110352,0.2314462651926006,41.0296059658082
10974,20241103-01-random_equilibria_and_flux_tubes_random_aspect_ratio/20241103-01-062_generate_flux_tubes_nfp2/nfp2_randomAspect_finiteBeta_maxm4_maxn4_LMN8_002761.h5,0,unstable,1.714605689048767,1.4688835,0.14740899200093133,0.24572217464447021,unanimous_success,0.5625,1.1933461427688599,-0.016264362260699272,5.554484844207764,0.030591488,0.11499677186925589,0.570448635647889,2.0,-0.4486011169905102,0.023886379645370524,-7422.803306353833,8.892560958862305,0.32896131896341463,27.03223888718445
11016,20241103-01-random_equilibria_and_flux_tubes_random_aspect_ratio/20241103-01-062_generate_flux_tubes_nfp2/nfp2_randomAspect_finiteBeta_maxm4_maxn4_LMN8_002771.h5,0,unstable,0.011350344866514206,-0.06354444,0.12522518111399467,0.07489478215575218,unanimous_success,0.625,3.743281126022339,0.2092456966638565,1.0114150047302246,0.01753438,0.42794722232332033,1.1689885570597989,2.0,-0.32226050665844846,0.02043251683688913,-23102.964136090122,7.742878437042236,0.5690960024426842,13.605575164485627
11036,20241103-01-random_equilibria_and_flux_tubes_random_aspect_ratio/20241103-01-062_generate_flux_tubes_nfp2/nfp2_randomAspect_finiteBeta_maxm4_maxn4_LMN8_002776.h5,0,unstable,2.98711895942688,3.1763358,0.15620129249967127,0.18921685218811035,high_spread_low_error,0.28125,3.129384994506836,0.5515096187591553,19.828472137451172,0.008092403,0.09053838777985229,0.5236360704933818,2.0,-0.4083816734875334,-0.06819530899842736,-71569.90012766384,4.746772289276123,0.3438404288491045,13.805160449469017
11091,20241103-01-random_equilibria_and_flux_tubes_random_aspect_ratio/20241103-01-062_generate_flux_tubes_nfp2/nfp2_randomAspect_finiteBeta_maxm4_maxn4_LMN8_002790.h5,0,unstable,2.48443341255188,2.3238242,0.07427215081800173,0.16060924530029297,unanimous_success,0.46875,3.02394700050354,1.2781392335891724,11.994321823120117,0.04303527,0.09287557128014343,0.4839982196677237,2.0,-0.3186754535997473,-0.29312546437594916,-16175.579624808308,6.7396721839904785,0.7631709465870746,8.831143551953218
11221,20241103-01-random_equilibria_and_flux_tubes_random_aspect_ratio/20241103-01-062_generate_flux_tubes_nfp2/nfp2_randomAspect_finiteBeta_maxm4_maxn4_LMN8_002823.h5,0,unstable,0.8413629531860352,0.54327273,0.1820137189572924,0.29809021949768066,high_spread_low_error,0.578125,1.2898223400115967,0.12282206863164902,2.319526195526123,0.039273024,0.104502759558007,0.5357809963153465,2.0,-0.3187120225558313,-0.037001732829695134,-12116.248679874874,3.163285255432129,0.24833847530493425,12.737797683375232
11239,20241103-01-random_equilibria_and_flux_tubes_random_aspect_ratio/20241103-01-062_generate_flux_tubes_nfp2/nfp2_randomAspect_finiteBeta_maxm4_maxn4_LMN8_002827.h5,0,stable_or_near_floor,-1.9484204053878784,-1.7304244,0.10311027925646848,0.2179960012435913,unanimous_success,0.53125,2.406947612762451,1.2761858701705933,0.14249898493289948,0.004271269,0.25212780941278123,0.6637262742261837,2.0,-0.36956715602258805,-0.0010887077405845136,-6157.823722042607,9.679374694824219,0.24925717799006253,38.832882458494815
11257,20241103-01-random_equilibria_and_flux_tubes_random_aspect_ratio/20241103-01-062_generate_flux_tubes_nfp2/nfp2_randomAspect_finiteBeta_maxm4_maxn4_LMN8_002832.h5,0,stable_or_near_floor,-2.0,-1.999022,0.05077413158372958,0.0009779930114746094,unanimous_success,0.359375,1.1336016654968262,1.1299937963485718,1.3764227446699806e-07,0.012617588,0.13451904320595645,1.0166695762050546,2.0,-0.5181351392873743,0.07593392529263811,-10120.495376400395,8.722295761108398,0.4402329149136984,19.812911451244585
11465,20241103-01-random_equilibria_and_flux_tubes_random_aspect_ratio/20241103-01-062_generate_flux_tubes_nfp2/nfp2_randomAspect_finiteBeta_maxm4_maxn4_LMN8_002884.h5,0,stable_or_near_floor,-1.957859992980957,-1.9905913,0.035106163736290635,0.03273129463195801,unanimous_success,0.46875,0.5581160187721252,0.4089277684688568,0.14116019010543823,0.0015522242,0.1909357307749446,0.43797295249655804,2.0,-0.3207177194152026,0.006383639284829658,-1630.2468393096879,9.951643943786621,0.32325577475820555,30.78566485387747
11517,20241103-01-random_equilibria_and_flux_tubes_random_aspect_ratio/20241103-01-062_generate_flux_tubes_nfp2/nfp2_randomAspect_finiteBeta_maxm4_maxn4_LMN8_002897.h5,0,unstable,2.4463796615600586,2.4479127,0.0536417282623764,0.0015330314636230469,unanimous_success,0.625,3.0407464504241943,0.4635644257068634,11.546467781066895,0.007060766,0.08763210807659648,0.506988209129111,2.0,-0.29108229667589686,-0.005649218969115276,-14202.387234792277,4.1851701736450195,0.39128209355181465,10.69604319393882
11564,20241103-01-random_equilibria_and_flux_tubes_random_aspect_ratio/20241103-01-062_generate_flux_tubes_nfp2/nfp2_randomAspect_finiteBeta_maxm4_maxn4_LMN8_002908.h5,0,stable_or_near_floor,-1.907921552658081,-1.5592614,0.29278592451597807,0.34866011142730713,high_spread_low_error,0.375,0.6513371467590332,0.06169307976961136,0.14838849008083344,0.12179673,0.08966952510697704,0.37545814931109284,2.0,-0.4974632264157146,-0.0018394108522796866,-22423.827136173713,6.482224464416504,0.12430859267391159,52.146229998925214
11632,20241103-01-random_equilibria_and_flux_tubes_random_aspect_ratio/20241103-01-062_generate_flux_tubes_nfp2/nfp2_randomAspect_finiteBeta_maxm4_maxn4_LMN8_002926.h5,0,unstable,2.5691189765930176,2.5502772,0.06616088624599414,0.01884174346923828,unanimous_success,0.796875,2.1871542930603027,0.5490832328796387,13.054319381713867,0.025494576,0.1990053851033871,0.6312956230019128,2.0,-0.22499523319075476,-0.09884021453002326,-3365.035874062936,8.677227020263672,0.7045803307437495,12.315454521848572
11706,20241103-01-random_equilibria_and_flux_tubes_random_aspect_ratio/20241103-01-062_generate_flux_tubes_nfp2/nfp2_randomAspect_finiteBeta_maxm4_maxn4_LMN8_002944.h5,0,unstable,-0.33965858817100525,0.08166387,0.14289403426522246,0.42132245749235153,unanimous_success,0.21875,1.2142547369003296,0.015318660996854305,0.7120133638381958,0.020163465,0.06880384859562466,0.3463359529467509,2.0,-0.43386247885981577,0.033541496555686834,-37584.79218459763,4.448592185974121,0.48039605152075715,9.26025967926155
11871,20241103-01-random_equilibria_and_flux_tubes_random_aspect_ratio/20241103-01-062_generate_flux_tubes_nfp2/nfp2_randomAspect_finiteBeta_maxm4_maxn4_LMN8_002986.h5,0,stable_or_near_floor,-1.9718952178955078,-1.719506,0.15198695496696152,0.25238919258117676,high_spread_low_error,0.75,0.4549669325351715,0.19443072378635406,0.13919280469417572,0.07883763,0.11520561911631665,0.4494039891513188,2.0,-0.3347643747732046,-0.0001162471872707888,-18010.480511014204,6.856028079986572,0.1087997506463041,63.015108391881874
12108,20241103-01-random_equilibria_and_flux_tubes_random_aspect_ratio/20241103-01-062_generate_flux_tubes_nfp2/nfp2_randomAspect_finiteBeta_maxm4_maxn4_LMN8_003045.h5,0,unstable,-1.2693138122558594,-1.2087296,0.19910556778249827,0.060584187507629395,high_spread_low_error,0.84375,1.9672523736953735,0.42594704031944275,0.28102439641952515,0.064737916,0.20937397788236073,0.7057122017573049,2.0,-0.33984861769239083,0.052218852782373426,-10769.052080530717,9.928159713745117,0.2526132644764797,39.301814710009054
12569,20241103-01-random_equilibria_and_flux_tubes_random_aspect_ratio/20241103-01-062_generate_flux_tubes_nfp2/nfp2_randomAspect_finiteBeta_maxm4_maxn4_LMN8_003161.h5,0,unstable,4.965310096740723,5.04506,0.09679470195538174,0.07975006103515625,unanimous_success,0.75,5.696131229400635,0.15419909358024597,143.3529815673828,0.0049495697,0.12666477330404152,0.7016737710191663,2.0,-0.3062317242417526,-0.08256205430260734,-7300.046734384387,9.837472915649414,0.6358294482084262,15.471873697213013
12790,20241103-01-random_equilibria_and_flux_tubes_random_aspect_ratio/20241103-01-063_generate_flux_tubes_nfp3/nfp3_randomAspect_finiteBeta_maxm4_maxn4_LMN8_000016.h5,0,unstable,-1.2350314855575562,-1.2031115,0.1337360796777746,0.03191995620727539,unanimous_success,0.828125,3.788102865219116,2.8531956672668457,0.29082560539245605,0.059510827,0.15920013153899287,0.41217916062475846,3.0,-0.4243915005912348,-0.36869160475269097,-1281.7780433911166,9.796940803527832,0.7899674710033697,12.401701542323433
12907,20241103-01-random_equilibria_and_flux_tubes_random_aspect_ratio/20241103-01-063_generate_flux_tubes_nfp3/nfp3_randomAspect_finiteBeta_maxm4_maxn4_LMN8_000045.h5,0,unstable,3.129816770553589,3.2208166,0.09212770797468074,0.09099984169006348,unanimous_success,0.78125,7.002668857574463,-0.21155233681201935,22.86979103088379,0.015418768,0.15865227591865605,0.5168418816623573,3.0,-0.33614049237178484,-0.13733776202551534,-1080.31980196523,7.936581134796143,0.8973266906916906,8.844695267760676
13121,20241103-01-random_equilibria_and_flux_tubes_random_aspect_ratio/20241103-01-063_generate_flux_tubes_nfp3/nfp3_randomAspect_finiteBeta_maxm4_maxn4_LMN8_000099.h5,0,stable_or_near_floor,-2.0,-1.9961029,0.017506602940329855,0.00389707088470459,unanimous_success,0.296875,2.7890470027923584,4.387738227844238,1.2069440913364815e-07,0.000446558,0.07315582625212154,0.6635315954082781,3.0,-0.7151924518047512,0.17212984772222756,-15142.564995355584,6.55187463760376,0.8919511396683518,7.345553300195232
13144,20241103-01-random_equilibria_and_flux_tubes_random_aspect_ratio/20241103-01-063_generate_flux_tubes_nfp3/nfp3_randomAspect_finiteBeta_maxm4_maxn4_LMN8_000105.h5,0,unstable,0.3645729422569275,0.40938035,0.0826039804668629,0.04480740427970886,unanimous_success,0.828125,1.1662594079971313,0.25528937578201294,1.43989896774292,0.03794208,0.06070258405108819,0.4342711364900715,3.0,-0.3391923135872733,0.0034719143290529186,-44535.28808897535,4.55470085144043,0.27923918554413607,16.31110921114086
13384,20241103-01-random_equilibria_and_flux_tubes_random_aspect_ratio/20241103-01-063_generate_flux_tubes_nfp3/nfp3_randomAspect_finiteBeta_maxm4_maxn4_LMN8_000165.h5,0,stable_or_near_floor,-2.0,-1.9977782,0.014779803472286438,0.002221822738647461,unanimous_success,0.78125,1.5981433391571045,0.821695864200592,1.5936029740259983e-07,0.0020594597,0.20881905465791573,0.8012196724096805,3.0,-0.4948825650842923,0.08863560743117295,-78579.66354288039,7.503903865814209,0.3209888710554447,23.377458044388252
13625,20241103-01-random_equilibria_and_flux_tubes_random_aspect_ratio/20241103-01-063_generate_flux_tubes_nfp3/nfp3_randomAspect_finiteBeta_maxm4_maxn4_LMN8_000226.h5,0,unstable,3.0951168537139893,2.8560007,0.511016020795764,0.23911619186401367,high_spread_low_error,0.28125,1.2155120372772217,-0.10268443822860718,22.089818954467773,0.0,0.11552372076540283,0.9581015125168512,3.0,-0.8179235449459747,0.07610111765824396,-85131.05818777779,6.550943851470947,0.21855958624809846,29.973262504416653
13676,20241103-01-random_equilibria_and_flux_tubes_random_aspect_ratio/20241103-01-063_generate_flux_tubes_nfp3/nfp3_randomAspect_finiteBeta_maxm4_maxn4_LMN8_000239.h5,0,unstable,3.2844719886779785,3.380824,0.08038276740819579,0.09635210037231445,unanimous_success,0.453125,3.761033296585083,1.2165076732635498,26.694883346557617,0.021771908,0.11906834587417679,0.9429561466870234,3.0,-0.3146549899336541,-0.26242119090372246,-21923.71909393855,6.514331817626953,0.6442105393855715,10.112116178416027
13756,20241103-01-random_equilibria_and_flux_tubes_random_aspect_ratio/20241103-01-063_generate_flux_tubes_nfp3/nfp3_randomAspect_finiteBeta_maxm4_maxn4_LMN8_000259.h5,0,stable_or_near_floor,-2.0,-1.9609878,0.05205361082688321,0.03901219367980957,unanimous_success,0.53125,1.9929543733596802,2.0476033687591553,1.3493180972545815e-07,0.0018923283,0.18162056304434088,0.507742928418048,3.0,-0.6176449272537672,0.031687500868816186,-46606.85911113689,5.628089427947998,0.47660913704241936,11.80860581665073
13767,20241103-01-random_equilibria_and_flux_tubes_random_aspect_ratio/20241103-01-063_generate_flux_tubes_nfp3/nfp3_randomAspect_finiteBeta_maxm4_maxn4_LMN8_000262.h5,0,unstable,1.4792912006378174,1.2720928,0.2566056942247363,0.2071983814239502,high_spread_low_error,0.4375,1.3409820795059204,0.11019267141819,4.389832973480225,0.054265976,0.14095344481636488,0.5084441719421782,3.0,-0.8352726055288536,0.002004127468607567,-27102.750633050488,9.48205280303955,0.2597875031136775,36.49926455042145
13802,20241103-01-random_equilibria_and_flux_tubes_random_aspect_ratio/20241103-01-063_generate_flux_tubes_nfp3/nfp3_randomAspect_finiteBeta_maxm4_maxn4_LMN8_000270.h5,0,unstable,1.9145689010620117,1.7808194,0.0948916578672242,0.13374948501586914,unanimous_success,0.734375,2.7875142097473145,1.265454649925232,6.784013271331787,0.060480356,0.10250696168241819,0.34317196918509457,3.0,-0.5484243179898854,-0.10307001180822958,-40874.04969589016,4.530717849731445,0.7144604548549531,6.341453636718429
14023,20241103-01-random_equilibria_and_flux_tubes_random_aspect_ratio/20241103-01-063_generate_flux_tubes_nfp3/nfp3_randomAspect_finiteBeta_maxm4_maxn4_LMN8_000326.h5,0,unstable,1.872563123703003,2.2036238,0.3036160659689854,0.33106064796447754,high_spread_low_error,0.359375,1.1747362613677979,0.24167267978191376,6.504947662353516,0.24900389,0.1232529657486354,0.8348034728515143,3.0,-0.5174054152446603,0.06327511538419302,-34990.65302046074,7.937502861022949,0.36534975535016045,21.725764817922062
14550,20241103-01-random_equilibria_and_flux_tubes_random_aspect_ratio/20241103-01-063_generate_flux_tubes_nfp3/nfp3_randomAspect_finiteBeta_maxm4_maxn4_LMN8_000458.h5,0,unstable,6.431796073913574,6.703763,0.31105498833249473,0.27196693420410156,high_spread_low_error,0.921875,7.108428955078125,1.812122106552124,621.2887573242188,0.0048532486,0.23899589187609793,1.4244763810686234,3.0,-0.2882551030744254,-0.5089003309537576,-11822.456468708655,5.7837958335876465,0.7435236922747545,7.778899171178474
14707,20241103-01-random_equilibria_and_flux_tubes_random_aspect_ratio/20241103-01-063_generate_flux_tubes_nfp3/nfp3_randomAspect_finiteBeta_maxm4_maxn4_LMN8_000497.h5,0,unstable,-0.881660521030426,-0.5628525,0.14105312943109327,0.31880801916122437,unanimous_success,0.796875,1.3025131225585938,0.49470165371894836,0.4140947163105011,0.01822126,0.15404085049812907,0.4026054201111996,3.0,-0.4715365454544055,-0.012419481229641018,-3025.9727701797005,7.91110372543335,0.1804021549588123,43.8526010248577
15374,20241103-01-random_equilibria_and_flux_tubes_random_aspect_ratio/20241103-01-063_generate_flux_tubes_nfp3/nfp3_randomAspect_finiteBeta_maxm4_maxn4_LMN8_000665.h5,0,unstable,-0.3298417925834656,-0.78585976,0.30507511814437266,0.45601797103881836,high_spread_low_error,0.28125,0.9061170220375061,0.4922792315483093,0.7190374732017517,0.11938751,0.09464576010728214,0.4103058318534253,3.0,-0.5757153050884731,-0.05968787463844788,-4033.8082932412985,6.896543979644775,0.43002240169004813,16.037638859139417
15479,20241103-01-random_equilibria_and_flux_tubes_random_aspect_ratio/20241103-01-063_generate_flux_tubes_nfp3/nfp3_randomAspect_finiteBeta_maxm4_maxn4_LMN8_000691.h5,0,unstable,-1.345130205154419,-0.89982134,0.136615632200501,0.4453088641166687,unanimous_success,0.59375,3.764375925064087,2.749204158782959,0.2605057954788208,0.04969299,0.15802051717790766,0.44158355137572,3.0,-0.42435110496855716,0.22866999749976097,-564.282915483179,8.227296829223633,0.80912308001582,10.16816481005927
15566,20241103-01-random_equilibria_and_flux_tubes_random_aspect_ratio/20241103-01-063_generate_flux_tubes_nfp3/nfp3_randomAspect_finiteBeta_maxm4_maxn4_LMN8_000713.h5,0,unstable,1.8246301412582397,0.20953834,0.4895511686977562,1.6150918006896973,high_spread_high_error,0.625,1.2376972436904907,-0.027707047760486603,6.200501441955566,0.1762507,0.15734027712734597,0.6846868705025112,3.0,-0.6692713292297631,0.024704526834686966,-50147.758208678664,9.76197338104248,0.5327338760658309,18.324296275531342
15731,20241103-01-random_equilibria_and_flux_tubes_random_aspect_ratio/20241103-01-063_generate_flux_tubes_nfp3/nfp3_randomAspect_finiteBeta_maxm4_maxn4_LMN8_000754.h5,0,stable_or_near_floor,-2.0,-2.0004807,0.01259662851223468,0.00048065185546875,unanimous_success,0.34375,1.1057237386703491,0.7205320000648499,6.96452744364251e-08,1.1444092e-05,0.2201551661490331,0.8278150337111314,3.0,-0.3625574727539037,0.007907438655594685,-28844.014203102564,7.911949634552002,0.3092286613461337,25.586081187008073
16772,20241103-01-random_equilibria_and_flux_tubes_random_aspect_ratio/20241103-01-063_generate_flux_tubes_nfp3/nfp3_randomAspect_finiteBeta_maxm4_maxn4_LMN8_001015.h5,0,stable_or_near_floor,-1.9573705196380615,-1.6931758,0.1554308807682089,0.2641947269439697,high_spread_low_error,0.5625,1.496772289276123,0.6399456262588501,0.1412292867898941,0.03833103,0.1784185442611827,0.623906386023343,3.0,-0.4124141413533563,-0.01404065141722117,-7604.541193513153,8.45528793334961,0.17333677639824818,48.779538359033786
16804,20241103-01-random_equilibria_and_flux_tubes_random_aspect_ratio/20241103-01-063_generate_flux_tubes_nfp3/nfp3_randomAspect_finiteBeta_maxm4_maxn4_LMN8_001023.h5,0,unstable,2.3696045875549316,1.9780661,0.12382988786194501,0.39153850078582764,unanimous_success,0.453125,3.434974193572998,0.45323556661605835,10.69316291809082,0.03403604,0.2278985000793672,0.5269903924099489,3.0,-0.5595079364962404,-0.2001675086821067,-27845.68763253223,7.04897928237915,0.7870689554365997,8.955986935692273
16861,20241103-01-random_equilibria_and_flux_tubes_random_aspect_ratio/20241103-01-063_generate_flux_tubes_nfp3/nfp3_randomAspect_finiteBeta_maxm4_maxn4_LMN8_001038.h5,0,unstable,-1.232829213142395,-0.75907516,0.3041090402937568,0.47375404834747314,high_spread_low_error,0.578125,2.000519275665283,1.3251919746398926,0.29146677255630493,0.0103181,0.2058568866316891,0.8381187697904885,3.0,-0.7784018756461645,0.08152063140488702,-51025.940058523105,7.080811977386475,0.6846027494602688,10.342949955969193
16897,20241103-01-random_equilibria_and_flux_tubes_random_aspect_ratio/20241103-01-063_generate_flux_tubes_nfp3/nfp3_randomAspect_finiteBeta_maxm4_maxn4_LMN8_001047.h5,0,unstable,1.7482740879058838,2.1159055,0.10983804803148703,0.3676314353942871,unanimous_success,0.59375,1.7719751596450806,-0.10404080152511597,5.744678974151611,0.040072918,0.1315500251990503,0.4435039107800666,3.0,-0.3408422593777157,0.051271004560499864,-18708.239480177563,8.303959846496582,0.49866824746517324,16.65227310683447
16907,20241103-01-random_equilibria_and_flux_tubes_random_aspect_ratio/20241103-01-063_generate_flux_tubes_nfp3/nfp3_randomAspect_finiteBeta_maxm4_maxn4_LMN8_001049.h5,0,stable_or_near_floor,-1.9896817207336426,-1.9115018,0.060794914241111234,0.07817995548248291,unanimous_success,0.828125,1.7316803932189941,-0.06740779429674149,0.13673894107341766,0.008173466,0.18868230142480802,0.7943880021678766,3.0,-0.41484444800672576,0.04103134650586512,-31746.660904079177,7.560809135437012,0.4837867996328209,15.62839073156901
16916,20241103-01-random_equilibria_and_flux_tubes_random_aspect_ratio/20241103-01-063_generate_flux_tubes_nfp3/nfp3_randomAspect_finiteBeta_maxm4_maxn4_LMN8_001051.h5,0,unstable,1.9672620296478271,1.9377383,0.0766899516434771,0.029523730278015137,unanimous_success,0.609375,4.647747993469238,0.6811010837554932,7.151070594787598,0.012381673,0.17895872260982235,0.6347141122148744,3.0,-0.45061338486300007,0.005348490125951668,-4962.893022317788,9.202083587646484,0.5205201877470363,17.678629579144268
16936,20241103-01-random_equilibria_and_flux_tubes_random_aspect_ratio/20241103-01-063_generate_flux_tubes_nfp3/nfp3_randomAspect_finiteBeta_maxm4_maxn4_LMN8_001056.h5,0,unstable,-0.9039540886878967,-0.6968564,0.2818906108401741,0.20709770917892456,high_spread_low_error,0.5625,1.1897081136703491,0.6462636590003967,0.40496522188186646,0.0900749,0.17149678836334548,0.5116697894127719,3.0,-0.7191879876657735,-0.026610540929301554,-68991.43324948981,5.010549068450928,0.45824001521036895,10.93433332344554
17030,20241103-01-random_equilibria_and_flux_tubes_random_aspect_ratio/20241103-01-063_generate_flux_tubes_nfp3/nfp3_randomAspect_finiteBeta_maxm4_maxn4_LMN8_001080.h5,0,unstable,1.1054489612579346,1.0993112,0.14804848535145776,0.006137728691101074,unanimous_success,0.265625,1.1927791833877563,0.05367548018693924,3.020580291748047,0.011890411,0.10171561519377233,0.5348060359461749,3.0,-0.4902434927139968,0.017090683350310686,-64585.70126118846,9.127908706665039,0.18287840599794647,49.912446780444576
17316,20241103-01-random_equilibria_and_flux_tubes_random_aspect_ratio/20241103-01-063_generate_flux_tubes_nfp3/nfp3_randomAspect_finiteBeta_maxm4_maxn4_LMN8_001151.h5,0,unstable,-1.2452082633972168,-1.4420784,0.21036380456576184,0.1968700885772705,high_spread_low_error,0.28125,1.1285291910171509,0.7835323214530945,0.28788095712661743,0.0577662,0.1332434737807342,0.5597422619630399,3.0,-0.554183316083884,0.007432815634489825,-39510.050515748946,6.726677417755127,0.5022184186535025,13.393928155383106
17991,20241103-01-random_equilibria_and_flux_tubes_random_aspect_ratio/20241103-01-063_generate_flux_tubes_nfp3/nfp3_randomAspect_finiteBeta_maxm4_maxn4_LMN8_001321.h5,0,unstable,-1.5922658443450928,-1.5441861,0.25797063115326563,0.048079729080200195,high_spread_low_error,0.21875,0.8637856245040894,0.2238314300775528,0.2034640610218048,0.13381207,0.12570685954765945,0.5006243063270001,3.0,-0.5356563062428612,0.02603903281761878,-51765.79761676554,7.57651948928833,0.1712955557937319,44.230683360003276
18022,20241103-01-random_equilibria_and_flux_tubes_random_aspect_ratio/20241103-01-063_generate_flux_tubes_nfp3/nfp3_randomAspect_finiteBeta_maxm4_maxn4_LMN8_001329.h5,0,unstable,-0.4898780286312103,-0.1986172,0.12141229566473043,0.29126082360744476,unanimous_success,0.796875,1.134777307510376,0.27603116631507874,0.6127011179924011,0.02761513,0.10417024702687783,0.4670744285612804,3.0,-0.4722758577469517,0.010099256466994956,-34908.63661495159,6.652689456939697,0.15930729361064921,41.76010593211775
18136,20241103-01-random_equilibria_and_flux_tubes_random_aspect_ratio/20241103-01-063_generate_flux_tubes_nfp3/nfp3_randomAspect_finiteBeta_maxm4_maxn4_LMN8_001357.h5,0,stable_or_near_floor,-2.0,-1.996164,0.011514305206407218,0.00383603572845459,unanimous_success,0.890625,0.7586326003074646,0.018885981291532516,1.0120470506080892e-07,0.0002822876,0.16065073168662017,0.6149443050941554,3.0,-0.3275090648113458,-0.015866021430641926,-17518.323662632763,9.35473918914795,0.15645074275255366,59.79351088120837
18555,20241103-01-random_equilibria_and_flux_tubes_random_aspect_ratio/20241103-01-063_generate_flux_tubes_nfp3/nfp3_randomAspect_finiteBeta_maxm4_maxn4_LMN8_001462.h5,0,unstable,2.536039352416992,1.895421,0.19725927467269655,0.6406183242797852,high_spread_high_error,0.90625,3.026082754135132,1.4702445268630981,12.629551887512207,0.006350279,0.1299507992138756,0.8660153531819573,3.0,-0.2456877094601131,-0.1895468936364662,-2261.0673113371113,9.793667793273926,0.5124855661233696,19.110133905539726
18655,20241103-01-random_equilibria_and_flux_tubes_random_aspect_ratio/20241103-01-063_generate_flux_tubes_nfp3/nfp3_randomAspect_finiteBeta_maxm4_maxn4_LMN8_001487.h5,0,unstable,2.3192660808563232,2.2580824,0.1143716822567157,0.06118369102478027,unanimous_success,0.75,8.079690933227539,5.011094570159912,10.16821002960205,0.006372452,0.18397622238451938,0.4384117503729976,3.0,-0.5740692798655088,-0.29694363976648336,-7508.400596861943,5.3116865158081055,0.9396388237095867,5.652902351180185
18847,20241103-01-random_equilibria_and_flux_tubes_random_aspect_ratio/20241103-01-063_generate_flux_tubes_nfp3/nfp3_randomAspect_finiteBeta_maxm4_maxn4_LMN8_001535.h5,0,unstable,2.8439390659332275,2.7686024,0.09435585883459176,0.07533669471740723,unanimous_success,0.359375,2.4212584495544434,0.6324020028114319,17.183317184448242,0.00016760826,0.06094830778688548,0.5709366743563141,3.0,-0.8066452578336296,0.021751945155790122,-7308.353918576089,9.547657012939453,0.34934863344558653,27.329882240477023
18981,20241103-01-random_equilibria_and_flux_tubes_random_aspect_ratio/20241103-01-063_generate_flux_tubes_nfp3/nfp3_randomAspect_finiteBeta_maxm4_maxn4_LMN8_001569.h5,0,unstable,5.49119234085083,5.576523,0.1270918589895963,0.08533048629760742,unanimous_success,0.375,7.732428073883057,0.40413013100624084,242.5462646484375,0.0014591217,0.08838936911953793,0.505205049034917,3.0,-0.42015129454407024,0.5488089784477189,-20155.772336319205,8.825105667114258,0.8501730286181363,10.38036419651951
19436,20241103-01-random_equilibria_and_flux_tubes_random_aspect_ratio/20241103-01-063_generate_flux_tubes_nfp3/nfp3_randomAspect_finiteBeta_maxm4_maxn4_LMN8_001683.h5,0,stable_or_near_floor,-2.0,-1.9815233,0.02975299179779803,0.01847672462463379,unanimous_success,0.765625,1.2543193101882935,1.0941964387893677,0.03854849189519882,0.011048079,0.057568274674340544,0.2513180027238378,3.0,-0.5402736236877052,0.014010592138955094,-31124.910448456612,7.864153861999512,0.27306741485640973,28.79931267571714
19521,20241103-01-random_equilibria_and_flux_tubes_random_aspect_ratio/20241103-01-063_generate_flux_tubes_nfp3/nfp3_randomAspect_finiteBeta_maxm4_maxn4_LMN8_001704.h5,0,stable_or_near_floor,-2.0,-1.7580185,0.19417288688262072,0.24198150634765625,high_spread_low_error,0.859375,1.0952575206756592,0.6659618616104126,1.3866591643818538e-06,0.042131066,0.1456370091847934,0.5628834842229086,3.0,-0.7281908051927423,0.006672634759760077,-67371.17409911756,9.360220909118652,0.1943264501290315,48.16750834949914
19744,20241103-01-random_equilibria_and_flux_tubes_random_aspect_ratio/20241103-01-063_generate_flux_tubes_nfp3/nfp3_randomAspect_finiteBeta_maxm4_maxn4_LMN8_001760.h5,0,stable_or_near_floor,-2.0,-1.9913524,0.021739271462573095,0.008647561073303223,unanimous_success,0.21875,1.4640090465545654,0.7661585807800293,2.6282343696948374e-06,0.008556128,0.16004792762107384,0.557218664202053,3.0,-0.5484396723222811,0.025290801143563888,-79408.69126034019,8.936305046081543,0.19201188958243054,46.5403734399749
19750,20241103-01-random_equilibria_and_flux_tubes_random_aspect_ratio/20241103-01-063_generate_flux_tubes_nfp3/nfp3_randomAspect_finiteBeta_maxm4_maxn4_LMN8_001762.h5,0,stable_or_near_floor,-2.0,-1.5879223,0.289544362871073,0.4120776653289795,high_spread_low_error,0.59375,0.6305839419364929,-0.07273736596107483,0.07688555866479874,0.06537056,0.0821068798333321,0.28921991968637156,3.0,-0.6299108302408466,-0.00039292883836077025,-23760.152222098146,9.227067947387695,0.1538051625596205,59.99192610853323
20029,20241103-01-random_equilibria_and_flux_tubes_random_aspect_ratio/20241103-01-063_generate_flux_tubes_nfp3/nfp3_randomAspect_finiteBeta_maxm4_maxn4_LMN8_001832.h5,0,unstable,1.0127692222595215,0.77153796,0.20909896015983062,0.2412312626838684,high_spread_low_error,0.375,1.4324116706848145,-0.10125216096639633,2.7532145977020264,0.08384383,0.08076801362941541,0.3602207795266476,3.0,-0.5873491901417509,-0.11063296601069707,-55589.55670116345,7.611217975616455,0.4370529033236158,17.41486652470703
20119,20241103-01-random_equilibria_and_flux_tubes_random_aspect_ratio/20241103-01-063_generate_flux_tubes_nfp3/nfp3_randomAspect_finiteBeta_maxm4_maxn4_LMN8_001854.h5,0,unstable,0.1394955813884735,-0.14562933,0.1259467892079608,0.28512491285800934,unanimous_success,0.59375,3.193021297454834,-0.22506098449230194,1.1496937274932861,0.03612241,0.27111233757831193,0.9096650077956102,3.0,-0.5711238098662288,0.12411042589538752,-25572.572305656904,8.996085166931152,0.7714520257237254,11.661237338111361
20323,20241103-01-random_equilibria_and_flux_tubes_random_aspect_ratio/20241103-01-063_generate_flux_tubes_nfp3/nfp3_randomAspect_finiteBeta_maxm4_maxn4_LMN8_001906.h5,0,unstable,2.7548024654388428,3.1185572,0.3898170948330229,0.3637547492980957,high_spread_low_error,0.21875,2.2531182765960693,-0.11189547181129456,15.717937469482422,0.074246645,0.11623248718585194,0.47744427101698683,3.0,-0.7659185978089166,-0.06186411173258509,-35562.61023807804,7.174744606018066,0.5477724766156206,13.098037802751238
20505,20241103-01-random_equilibria_and_flux_tubes_random_aspect_ratio/20241103-01-063_generate_flux_tubes_nfp3/nfp3_randomAspect_finiteBeta_maxm4_maxn4_LMN8_001951.h5,0,unstable,0.0712161660194397,-0.6921756,0.2685933370923793,0.7633917927742004,high_spread_high_error,0.265625,1.5269684791564941,0.13539347052574158,1.0738133192062378,0.0,0.23081401330845774,0.6186229113317058,3.0,-0.49996377450137114,0.06267068188346463,-52890.9484469391,7.107739448547363,0.21756490708684695,32.669512485807815
20519,20241103-01-random_equilibria_and_flux_tubes_random_aspect_ratio/20241103-01-063_generate_flux_tubes_nfp3/nfp3_randomAspect_finiteBeta_maxm4_maxn4_LMN8_001955.h5,0,unstable,-1.3800785541534424,-1.4499788,0.16950182055437954,0.0699002742767334,high_spread_low_error,0.171875,1.2874476909637451,1.1007654666900635,0.251558780670166,0.0072968006,0.12016841536513251,0.5381586474312551,3.0,-0.2459672445516232,-0.09045843205448045,-22343.52818285285,4.756312847137451,0.2894866060266438,16.430165500298447
20537,20241103-01-random_equilibria_and_flux_tubes_random_aspect_ratio/20241103-01-063_generate_flux_tubes_nfp3/nfp3_randomAspect_finiteBeta_maxm4_maxn4_LMN8_001959.h5,0,unstable,0.4034879505634308,0.50225264,0.08120576377978586,0.09876468777656555,unanimous_success,0.65625,3.409029245376587,0.8405910730361938,1.4970371723175049,0.0039178133,0.21622623574212385,0.7897594120313179,3.0,-0.3014531925749679,0.04173620160554771,-4491.647477246774,7.427024841308594,0.4925408304612282,15.079003367809593
20579,20241103-01-random_equilibria_and_flux_tubes_random_aspect_ratio/20241103-01-063_generate_flux_tubes_nfp3/nfp3_randomAspect_finiteBeta_maxm4_maxn4_LMN8_001970.h5,0,unstable,4.303354263305664,4.0981255,0.1940251751330191,0.2052288055419922,high_spread_low_error,0.53125,2.712603807449341,0.19665643572807312,73.9474105834961,0.070391655,0.11250585229718726,0.8894330374283537,3.0,-0.25805227842874484,-0.48192753329837046,-5961.691809390566,8.006667137145996,0.8191804001947668,9.773997443349897
20655,20241103-01-random_equilibria_and_flux_tubes_random_aspect_ratio/20241103-01-063_generate_flux_tubes_nfp3/nfp3_randomAspect_finiteBeta_maxm4_maxn4_LMN8_001989.h5,0,unstable,1.8611029386520386,1.829888,0.09734219720382715,0.03121495246887207,unanimous_success,0.515625,3.4273362159729004,0.2707267701625824,6.430825710296631,0.021891952,0.151724191681666,0.5325343993441112,3.0,-0.3681868782670572,-0.014629460078006744,-13371.431863277096,5.402825355529785,0.6054584833431643,8.923527383243467
20961,20241103-01-random_equilibria_and_flux_tubes_random_aspect_ratio/20241103-01-063_generate_flux_tubes_nfp3/nfp3_randomAspect_finiteBeta_maxm4_maxn4_LMN8_002066.h5,0,unstable,1.8281028270721436,2.1844215,0.24035556530070137,0.35631871223449707,high_spread_low_error,0.453125,1.3234553337097168,-0.0075461105443537235,6.222071170806885,0.014329672,0.10502646816384686,0.7672666435304637,3.0,-0.3698878580708736,0.30268238538855147,-14456.199958424702,7.097947120666504,0.7308885011862741,9.711395252690563
21075,20241103-01-random_equilibria_and_flux_tubes_random_aspect_ratio/20241103-01-063_generate_flux_tubes_nfp3/nfp3_randomAspect_finiteBeta_maxm4_maxn4_LMN8_002094.h5,0,unstable,0.4026334583759308,0.37644187,0.0875408884158472,0.0261915922164917,unanimous_success,0.09375,3.8795347213745117,0.1610361635684967,1.4957585334777832,0.0068077743,0.27785848528646506,0.9874758507548914,3.0,-0.3002703209868595,-0.665780911037549,-10328.02451872737,6.624608993530273,0.8656080452954275,7.653127797893017
21138,20241103-01-random_equilibria_and_flux_tubes_random_aspect_ratio/20241103-01-063_generate_flux_tubes_nfp3/nfp3_randomAspect_finiteBeta_maxm4_maxn4_LMN8_002110.h5,0,unstable,3.3469676971435547,3.6094892,0.24997697006675076,0.26252150535583496,high_spread_low_error,0.296875,4.075732231140137,-0.22346679866313934,28.41643714904785,0.01895094,0.12445407491070118,0.44412172737235,3.0,-0.6496528254090378,-0.0324561238894784,-18021.86484134746,8.302315711975098,0.6337210609815854,13.100899154456767
21159,20241103-01-random_equilibria_and_flux_tubes_random_aspect_ratio/20241103-01-063_generate_flux_tubes_nfp3/nfp3_randomAspect_finiteBeta_maxm4_maxn4_LMN8_002116.h5,0,unstable,-0.010406391695141792,0.20466202,0.15964902125860098,0.2150684166699648,high_spread_low_error,0.375,1.752766489982605,1.0044294595718384,0.9896475672721863,0.027962163,0.1575556365163506,0.9166948941363847,3.0,-0.614488339428674,-0.09013291292398631,-39208.336646907424,5.478666305541992,0.5061543398907036,10.824102203144259
21189,20241103-01-random_equilibria_and_flux_tubes_random_aspect_ratio/20241103-01-063_generate_flux_tubes_nfp3/nfp3_randomAspect_finiteBeta_maxm4_maxn4_LMN8_002123.h5,0,stable_or_near_floor,-2.0,-1.0323232,0.29253744123051256,0.9676767587661743,high_spread_high_error,0.5625,1.18898344039917,0.22831492125988007,2.3658496502321213e-05,0.030362725,0.09609825429316272,0.4724343487079368,3.0,-0.4321778295657014,0.002495610537200692,-42143.12141071527,6.935415744781494,0.20361101834393514,34.06208466118639
21272,20241103-01-random_equilibria_and_flux_tubes_random_aspect_ratio/20241103-01-063_generate_flux_tubes_nfp3/nfp3_randomAspect_finiteBeta_maxm4_maxn4_LMN8_002144.h5,0,unstable,-1.5568946599960327,-1.3527641,0.1783072297659071,0.20413053035736084,high_spread_low_error,0.375,1.2888621091842651,1.0668799877166748,0.21078962087631226,0.011781573,0.08768879636556347,0.4116952961052293,3.0,-0.49726362065385404,-0.27409715786662475,-5651.785615799486,6.168535232543945,0.6476224996261614,9.52489333848765
21287,20241103-01-random_equilibria_and_flux_tubes_random_aspect_ratio/20241103-01-063_generate_flux_tubes_nfp3/nfp3_randomAspect_finiteBeta_maxm4_maxn4_LMN8_002148.h5,0,unstable,5.185876369476318,4.1047797,0.2886179603992443,1.0810966491699219,high_spread_high_error,0.21875,2.1995317935943604,0.41264304518699646,178.73001098632812,0.077219486,0.17565237856039376,1.1188274908281397,3.0,-0.5845925235391722,0.17393097583827177,-39201.803082043545,8.821246147155762,0.4330810613285868,20.36857977602238
21328,20241103-01-random_equilibria_and_flux_tubes_random_aspect_ratio/20241103-01-063_generate_flux_tubes_nfp3/nfp3_randomAspect_finiteBeta_maxm4_maxn4_LMN8_002158.h5,0,unstable,2.323819160461426,2.0737803,0.09812146191751087,0.25003886222839355,unanimous_success,0.609375,2.4949331283569336,0.4201169013977051,10.214611053466797,0.024293184,0.1330228988388958,0.360507328827403,3.0,-0.5467192645060408,-0.1886003474689553,-32198.91120118599,8.25844669342041,0.8416121503375222,9.812651457216274
21424,20241103-01-random_equilibria_and_flux_tubes_random_aspect_ratio/20241103-01-063_generate_flux_tubes_nfp3/nfp3_randomAspect_finiteBeta_maxm4_maxn4_LMN8_002182.h5,0,unstable,1.1272205114364624,1.0743886,0.10821017896913283,0.05283188819885254,unanimous_success,0.3125,2.0190224647521973,0.34173837304115295,3.087064266204834,0.0153951645,0.41564090804550957,0.4606341516491357,3.0,-0.7542372852828935,0.043823122520693925,-24661.81270019125,4.4874043464660645,0.39946948129093285,11.233409701197916
21755,20241103-01-random_equilibria_and_flux_tubes_random_aspect_ratio/20241103-01-063_generate_flux_tubes_nfp3/nfp3_randomAspect_finiteBeta_maxm4_maxn4_LMN8_002265.h5,0,unstable,0.23760461807250977,0.43797284,0.09669392160859827,0.2003682255744934,unanimous_success,0.8125,1.0255244970321655,0.21783094108104706,1.2682076692581177,0.016397178,0.0938889676869528,0.4879860888402756,3.0,-0.4785275147661119,0.0025048203792431283,-14095.70350433056,9.439738273620605,0.3371893738296725,27.995361082727907
21850,20241103-01-random_equilibria_and_flux_tubes_random_aspect_ratio/20241103-01-063_generate_flux_tubes_nfp3/nfp3_randomAspect_finiteBeta_maxm4_maxn4_LMN8_002289.h5,0,unstable,-1.10869562625885,-1.0237747,0.16937614443472954,0.08492088317871094,high_spread_low_error,0.625,0.47697916626930237,-0.029733311384916306,0.32998910546302795,0.057076395,0.14868660412642512,0.40626446909901465,3.0,-0.4221481933745652,0.0011863627512362282,-50224.89672306289,8.969405174255371,0.08358073332789306,107.31426750071415
21853,20241103-01-random_equilibria_and_flux_tubes_random_aspect_ratio/20241103-01-063_generate_flux_tubes_nfp3/nfp3_randomAspect_finiteBeta_maxm4_maxn4_LMN8_002290.h5,0,unstable,2.723628044128418,1.6262242,0.277975558546716,1.097403883934021,high_spread_high_error,0.625,1.3191176652908325,-0.043851595371961594,15.235496520996094,0.07476258,0.11742145435054896,0.5904009044825291,3.0,-0.5323383930672511,0.013132189323896131,-39399.951404411164,8.309100151062012,0.2314784676523688,35.89578000637409
21896,20241103-01-random_equilibria_and_flux_tubes_random_aspect_ratio/20241103-01-063_generate_flux_tubes_nfp3/nfp3_randomAspect_finiteBeta_maxm4_maxn4_LMN8_002300.h5,0,unstable,2.972554922103882,3.3532245,0.1539882942387794,0.38066959381103516,high_spread_low_error,0.34375,4.074316501617432,0.14344945549964905,19.54178237915039,0.036005735,0.17774936815041092,0.4208859789124533,3.0,-0.7110106450333791,0.08268075006887438,-65696.1294048424,6.423747539520264,0.4622114189979982,13.897855560223803
22455,20241103-01-random_equilibria_and_flux_tubes_random_aspect_ratio/20241103-01-063_generate_flux_tubes_nfp3/nfp3_randomAspect_finiteBeta_maxm4_maxn4_LMN8_002440.h5,0,unstable,1.7137216329574585,1.8284477,0.07786084062503941,0.11472606658935547,unanimous_success,0.109375,3.8542096614837646,1.0280117988586426,5.549576282501221,0.02660489,0.17480580109515118,0.5224386647204734,3.0,-0.4702728900399131,-0.08353379343125208,-11128.230889798419,7.149620532989502,0.7826808092319512,9.134784510694038
22538,20241103-01-random_equilibria_and_flux_tubes_random_aspect_ratio/20241103-01-063_generate_flux_tubes_nfp3/nfp3_randomAspect_finiteBeta_maxm4_maxn4_LMN8_002461.h5,0,stable_or_near_floor,-2.0,-2.0012803,0.010057687329181738,0.0012803077697753906,unanimous_success,0.984375,0.22501516342163086,0.1500038206577301,3.1148886137088994e-07,0.00065505505,0.14364454455325062,0.32270195074195346,3.0,-0.5676537486407695,-0.00026999140008255614,-72961.23790032034,8.002251625061035,0.05684692911294709,140.7684064896743
22954,20241103-01-random_equilibria_and_flux_tubes_random_aspect_ratio/20241103-01-063_generate_flux_tubes_nfp3/nfp3_randomAspect_finiteBeta_maxm4_maxn4_LMN8_002565.h5,0,unstable,0.8460568785667419,0.75536245,0.12054273332596771,0.09069442749023438,unanimous_success,0.625,1.2936855554580688,0.0066817146725952625,2.330439567565918,0.038722098,0.13561076964181398,0.4346870012965446,3.0,-0.4333352628630774,0.02098373113356604,-43471.623971845715,8.667738914489746,0.20672407720762753,41.929024579870905
23080,20241103-01-random_equilibria_and_flux_tubes_random_aspect_ratio/20241103-01-063_generate_flux_tubes_nfp3/nfp3_randomAspect_finiteBeta_maxm4_maxn4_LMN8_002596.h5,0,stable_or_near_floor,-2.0,-2.002007,0.031638316757222014,0.002007007598876953,unanimous_success,0.484375,1.8360860347747803,0.021861877292394638,1.2448697361833183e-07,0.00043058395,0.3188117082450541,1.413290727435337,3.0,-0.32138068296724803,0.5006444642262811,-11378.542731458914,8.372934341430664,0.8248608556925178,10.15072334157633
23144,20241103-01-random_equilibria_and_flux_tubes_random_aspect_ratio/20241103-01-063_generate_flux_tubes_nfp3/nfp3_randomAspect_finiteBeta_maxm4_maxn4_LMN8_002612.h5,0,unstable,6.121447563171387,5.648733,0.3946925098610588,0.4727144241333008,high_spread_low_error,0.421875,3.948101282119751,-0.06980466842651367,455.5237121582031,0.21543932,0.11294964736068833,0.9334307434694091,3.0,-0.5777171463228761,-0.011723301298669563,-62870.36058772235,6.5999436378479,0.3465472621604996,19.044858691716364
23416,20241103-01-random_equilibria_and_flux_tubes_random_aspect_ratio/20241103-01-063_generate_flux_tubes_nfp3/nfp3_randomAspect_finiteBeta_maxm4_maxn4_LMN8_002680.h5,0,unstable,0.4385712444782257,0.7745366,0.13645594431822314,0.3359653651714325,unanimous_success,0.75,4.08523416519165,1.6123286485671997,1.550490379333496,0.019584656,0.31023881399169617,0.9345750379621921,3.0,-0.3847354071904147,-0.2069881248234826,-35971.675757984136,8.106735229492188,0.5364935184067627,15.110593047921524
23675,20241103-01-random_equilibria_and_flux_tubes_random_aspect_ratio/20241103-01-063_generate_flux_tubes_nfp3/nfp3_randomAspect_finiteBeta_maxm4_maxn4_LMN8_002745.h5,0,unstable,1.0855454206466675,1.1371832,0.124325359327979,0.05163776874542236,unanimous_success,0.546875,2.5210208892822266,0.46403899788856506,2.961054563522339,0.014136553,0.19347971920330195,0.6735552506324225,3.0,-0.3568295521252127,-0.20063479367944495,-9339.965710305494,8.993843078613281,0.6659989930936354,13.504289303555751
24185,20241103-01-random_equilibria_and_flux_tubes_random_aspect_ratio/20241103-01-063_generate_flux_tubes_nfp3/nfp3_randomAspect_finiteBeta_maxm4_maxn4_LMN8_002873.h5,0,stable_or_near_floor,-2.0,-2.0021632,0.012978305480827049,0.0021631717681884766,unanimous_success,0.15625,0.5547394752502441,0.8073874115943909,1.121663970593545e-07,0.0008068085,0.1442053938867594,0.4289443905518842,3.0,-0.5458373952092713,0.00042101103948410907,-27369.78247360687,8.67013168334961,0.23917284818876994,36.25048473941577
24230,20241103-01-random_equilibria_and_flux_tubes_random_aspect_ratio/20241103-01-063_generate_flux_tubes_nfp3/nfp3_randomAspect_finiteBeta_maxm4_maxn4_LMN8_002884.h5,0,unstable,-0.8395829200744629,-1.2917819,0.2388645237991583,0.45219898223876953,high_spread_low_error,0.734375,2.880831718444824,1.3440091609954834,0.431890606880188,0.03925407,0.31379155693629807,1.0439503500449774,3.0,-0.32206546935312236,0.10038660102874129,-5299.787530062003,6.02923059463501,0.825957176851325,7.299689092380501
24443,20241103-01-random_equilibria_and_flux_tubes_random_aspect_ratio/20241103-01-063_generate_flux_tubes_nfp3/nfp3_randomAspect_finiteBeta_maxm4_maxn4_LMN8_002937.h5,0,unstable,-1.4124683141708374,-1.8249271,0.1455175580629541,0.41245877742767334,unanimous_success,0.375,1.3776332139968872,0.1556304544210434,0.2435413897037506,0.008735061,0.263401453616682,0.5580168389937981,3.0,-0.5241895069107179,0.030654537557445252,-8762.982333592683,9.619394302368164,0.6114958170268512,15.730924128211608
24561,20241103-01-random_equilibria_and_flux_tubes_random_aspect_ratio/20241103-01-063_generate_flux_tubes_nfp3/nfp3_randomAspect_finiteBeta_maxm4_maxn4_LMN8_002967.h5,0,stable_or_near_floor,-2.0,-1.9766878,0.03457084813509214,0.02331221103668213,unanimous_success,0.625,3.919214963912964,4.051785945892334,5.7802104436177615e-08,6.54459e-05,0.11135435493520818,0.5588532181788757,3.0,-0.5122636842543886,0.0020649321755849027,-11828.694713526042,7.829730033874512,0.9818323531073286,7.974609931211553
24615,20241103-01-random_equilibria_and_flux_tubes_random_aspect_ratio/20241103-01-063_generate_flux_tubes_nfp3/nfp3_randomAspect_finiteBeta_maxm4_maxn4_LMN8_002980.h5,0,unstable,-1.2458381652832031,-1.6711267,0.2201958546984626,0.4252885580062866,high_spread_low_error,0.125,1.8666046857833862,1.0182527303695679,0.2876996695995331,0.07221258,0.236507888846745,0.7999008324802335,3.0,-0.4172055017070109,-0.1541240202418052,-15280.53150758942,6.384191036224365,0.7806107556367377,8.178456407530325
24690,20241103-01-random_equilibria_and_flux_tubes_random_aspect_ratio/20241103-01-063_generate_flux_tubes_nfp3/nfp3_randomAspect_finiteBeta_maxm4_maxn4_LMN8_002999.h5,0,stable_or_near_floor,-2.0,-1.9917275,0.027588300357089784,0.008272528648376465,unanimous_success,0.828125,2.341505765914917,0.9987248778343201,2.0188923372188583e-05,0.0009884834,0.36930982235157417,1.0600110028672722,3.0,-0.37932396874681695,0.1521891490742386,-28728.76022688119,9.04259204864502,0.4255517683563521,21.249099924014082
24944,20241103-01-random_equilibria_and_flux_tubes_random_aspect_ratio/20241103-01-063_generate_flux_tubes_nfp3/nfp3_randomAspect_finiteBeta_maxm4_maxn4_LMN8_003063.h5,0,unstable,1.5984504222869873,1.6548102,0.07947434391423394,0.05635976791381836,unanimous_success,0.59375,2.0727856159210205,0.20509499311447144,4.9453630447387695,0.0,0.0733880989654787,0.2902851415605572,3.0,-0.4796687319224652,0.01206949464866841,-65804.34643448034,4.628080368041992,0.22518480161907306,20.552365589356878
25760,20241103-01-random_equilibria_and_flux_tubes_random_aspect_ratio/20241103-01-064_generate_flux_tubes_nfp4/nfp4_randomAspect_finiteBeta_maxm4_maxn4_LMN8_000068.h5,0,unstable,-1.8086711168289185,-1.5831989,0.24874424699593395,0.22547221183776855,high_spread_low_error,0.515625,0.9873121976852417,0.08933150768280029,0.16387175023555756,0.23047447,0.2478152723239055,0.7052142479670841,4.0,-0.7748252095708659,0.0031396392540866715,-16403.047349340948,7.13149356842041,0.1747558889027565,40.80831617862533
25816,20241103-01-random_equilibria_and_flux_tubes_random_aspect_ratio/20241103-01-064_generate_flux_tubes_nfp4/nfp4_randomAspect_finiteBeta_maxm4_maxn4_LMN8_000082.h5,0,stable_or_near_floor,-1.9794203042984009,-1.9318062,0.061931395302718135,0.047614097595214844,unanimous_success,0.59375,0.9703093767166138,0.48713794350624084,0.13814930617809296,0.006725669,0.22508209845672725,0.7643656787940882,4.0,-0.6134883529655996,0.004147040350453532,-79349.94080863205,9.247282028198242,0.14091175511254272,65.6246316768439
26411,20241103-01-random_equilibria_and_flux_tubes_random_aspect_ratio/20241103-01-064_generate_flux_tubes_nfp4/nfp4_randomAspect_finiteBeta_maxm4_maxn4_LMN8_000230.h5,0,unstable,2.374856948852539,2.1781776,0.10046363542926147,0.19667935371398926,unanimous_success,0.6875,3.9903564453125,1.48343026638031,10.749475479125977,0.021104574,0.10318001468665638,0.41206231050089437,4.0,-0.8447083999853484,-0.026456192954410592,-12868.011964445635,9.748733520507812,0.7459781600076852,13.068389992017163
26622,20241103-01-random_equilibria_and_flux_tubes_random_aspect_ratio/20241103-01-064_generate_flux_tubes_nfp4/nfp4_randomAspect_finiteBeta_maxm4_maxn4_LMN8_000283.h5,0,unstable,0.6219291687011719,0.547132,0.13792663402793354,0.07479715347290039,unanimous_success,0.453125,4.181013584136963,-0.20242226123809814,1.8625177145004272,0.10560852,0.31183940216286965,1.1075713122279327,4.0,-0.6121856997416807,0.2859294978035598,-27573.833757941804,9.505326271057129,0.7107375278991638,13.373891060956755
26650,20241103-01-random_equilibria_and_flux_tubes_random_aspect_ratio/20241103-01-064_generate_flux_tubes_nfp4/nfp4_randomAspect_finiteBeta_maxm4_maxn4_LMN8_000290.h5,0,unstable,3.9541494846343994,4.1838875,0.15977008882186877,0.2297379970550537,high_spread_low_error,0.453125,4.567615032196045,0.14904679358005524,52.15132522583008,0.0018901825,0.13893355239217667,0.46002158651158953,4.0,-0.9343548780488459,0.28480810187434746,-21337.129140387686,8.813788414001465,0.6770691480599434,13.017560228901683
26655,20241103-01-random_equilibria_and_flux_tubes_random_aspect_ratio/20241103-01-064_generate_flux_tubes_nfp4/nfp4_randomAspect_finiteBeta_maxm4_maxn4_LMN8_000291.h5,0,unstable,3.309264898300171,3.4223602,0.09531714406557687,0.11309528350830078,unanimous_success,0.453125,5.826315402984619,0.6741081476211548,27.364999771118164,0.02183652,0.06344025692383147,0.43690228209138127,4.0,-0.431459116418705,-0.0727054405360049,-19153.32972886404,5.87738037109375,0.6711165151932922,8.757615463241835
26894,20241103-01-random_equilibria_and_flux_tubes_random_aspect_ratio/20241103-01-064_generate_flux_tubes_nfp4/nfp4_randomAspect_finiteBeta_maxm4_maxn4_LMN8_000351.h5,0,unstable,-0.5284179449081421,-0.84909964,0.1460433147743439,0.32068169116973877,unanimous_success,0.125,3.480001449584961,2.3169615268707275,0.5895369052886963,0.0019441247,0.18393936082401688,0.5310953791831633,4.0,-0.4602053633774624,-0.09526131463577078,-2893.0272841700894,9.207307815551758,0.7148527678270243,12.880005827689102
27091,20241103-01-random_equilibria_and_flux_tubes_random_aspect_ratio/20241103-01-064_generate_flux_tubes_nfp4/nfp4_randomAspect_finiteBeta_maxm4_maxn4_LMN8_000401.h5,0,stable_or_near_floor,-1.947657585144043,-1.448647,0.17165159064426727,0.4990105628967285,high_spread_low_error,0.828125,0.7845403552055359,0.43992793560028076,0.14260773360729218,0.0377388,0.10306337999106369,0.3855621121268745,4.0,-0.34110176822327676,-0.034407056220874886,-7182.9357264560185,5.86177921295166,0.22203113552671894,26.400708166653775
27397,20241103-01-random_equilibria_and_flux_tubes_random_aspect_ratio/20241103-01-064_generate_flux_tubes_nfp4/nfp4_randomAspect_finiteBeta_maxm4_maxn4_LMN8_000477.h5,0,stable_or_near_floor,-1.9102587699890137,-1.8116864,0.09259437064282858,0.09857237339019775,unanimous_success,0.4375,3.1361145973205566,2.1752376556396484,0.14804206788539886,0.0020754337,0.1974529025113902,0.6239782146080642,4.0,-0.35049665283383913,-0.3938369906325745,-11275.622867161643,8.324975967407227,0.6697569475693947,12.429846375792406
27892,20241103-01-random_equilibria_and_flux_tubes_random_aspect_ratio/20241103-01-064_generate_flux_tubes_nfp4/nfp4_randomAspect_finiteBeta_maxm4_maxn4_LMN8_000601.h5,0,unstable,3.252556324005127,3.028417,0.12544547942870735,0.22413921356201172,unanimous_success,0.625,6.777373313903809,-0.34817394614219666,25.85634994506836,0.014508486,0.1243779036951477,0.5056208094216258,4.0,-0.49689738372875597,-0.46682263725378825,-5582.372246295008,8.351306915283203,0.9427495432562224,8.858457662507154
28836,20241103-01-random_equilibria_and_flux_tubes_random_aspect_ratio/20241103-01-064_generate_flux_tubes_nfp4/nfp4_randomAspect_finiteBeta_maxm4_maxn4_LMN8_000837.h5,0,stable_or_near_floor,-1.9413015842437744,-1.9709778,0.026904586473217456,0.029676198959350586,unanimous_success,0.265625,2.715703010559082,1.9593591690063477,0.14351703226566315,0.020170212,0.17641196034452486,0.7214866365555513,4.0,-0.5528533127089662,0.004737778610462304,-9472.707437693873,9.36398696899414,0.8784542503597986,10.659618261461908
28887,20241103-01-random_equilibria_and_flux_tubes_random_aspect_ratio/20241103-01-064_generate_flux_tubes_nfp4/nfp4_randomAspect_finiteBeta_maxm4_maxn4_LMN8_000850.h5,0,unstable,4.3995161056518555,4.4036236,0.2842441315783819,0.004107475280761719,high_spread_low_error,0.640625,4.805480003356934,-0.21546883881092072,81.41146850585938,0.05561018,0.09891955511021323,0.5446266501734014,4.0,-0.6837513932787751,0.05295676903277028,-31913.893690581284,6.964418888092041,0.6872102298187958,10.134335296388741
28936,20241103-01-random_equilibria_and_flux_tubes_random_aspect_ratio/20241103-01-064_generate_flux_tubes_nfp4/nfp4_randomAspect_finiteBeta_maxm4_maxn4_LMN8_000862.h5,0,stable_or_near_floor,-2.0,-1.9981891,0.014540975276797846,0.001810908317565918,unanimous_success,0.765625,1.9029964208602905,2.6961779594421387,9.704102410523774e-08,0.0018845797,0.13994651008192513,0.3188125192176422,4.0,-0.6374481786674812,-0.8689872772727906,-5003.088655494214,8.874460220336914,0.999802812071979,8.87621050189446
29416,20241103-01-random_equilibria_and_flux_tubes_random_aspect_ratio/20241103-01-064_generate_flux_tubes_nfp4/nfp4_randomAspect_finiteBeta_maxm4_maxn4_LMN8_000982.h5,0,unstable,-1.0844088792800903,-1.0632128,0.19977987427066635,0.02119612693786621,high_spread_low_error,0.828125,1.258638620376587,0.2892029881477356,0.3381015956401825,0.029845953,0.1788813879895836,0.6107642539759113,4.0,-0.6652964542480962,0.00789176781051632,-21473.68405722674,9.91089153289795,0.18774353529704435,52.789522244891785
29695,20241103-01-random_equilibria_and_flux_tubes_random_aspect_ratio/20241103-01-064_generate_flux_tubes_nfp4/nfp4_randomAspect_finiteBeta_maxm4_maxn4_LMN8_001052.h5,0,stable_or_near_floor,-2.0,-1.9925296,0.015295326653501773,0.007470369338989258,unanimous_success,0.984375,0.6858749985694885,0.05793561041355133,2.2212799422050011e-07,0.0,0.12546347472543973,0.4851841760789903,4.0,-0.6672610722958588,-0.01013778405163865,-69988.73801355633,7.700608253479004,0.17955273528340676,42.88772455247943
29844,20241103-01-random_equilibria_and_flux_tubes_random_aspect_ratio/20241103-01-064_generate_flux_tubes_nfp4/nfp4_randomAspect_finiteBeta_maxm4_maxn4_LMN8_001089.h5,0,unstable,-1.0830004215240479,-1.0147612,0.12486523625258392,0.06823921203613281,unanimous_success,0.734375,1.3534404039382935,0.5838106274604797,0.33857810497283936,0.04635173,0.1440236832933995,0.430102806127613,4.0,-0.5097348510753492,-0.022678952548927045,-14514.008197780797,6.943318843841553,0.3366188876921614,20.62664662534097
29867,20241103-01-random_equilibria_and_flux_tubes_random_aspect_ratio/20241103-01-064_generate_flux_tubes_nfp4/nfp4_randomAspect_finiteBeta_maxm4_maxn4_LMN8_001095.h5,0,unstable,-0.9709928035736084,-0.7683939,0.12850392185584392,0.2025989294052124,unanimous_success,0.59375,3.794118642807007,2.4676356315612793,0.3787068724632263,0.07386172,0.23790536390053751,0.5762883403794198,4.0,-0.6438738922284646,0.06046850713801624,-25261.388591384504,9.58230209350586,0.7192300528348579,13.323000138463414
29999,20241103-01-random_equilibria_and_flux_tubes_random_aspect_ratio/20241103-01-064_generate_flux_tubes_nfp4/nfp4_randomAspect_finiteBeta_maxm4_maxn4_LMN8_001128.h5,0,unstable,0.17668043076992035,-0.008717466,0.24341546863519672,0.1853978969156742,high_spread_low_error,0.28125,1.1064077615737915,-0.08111996948719025,1.1932497024536133,0.15262023,0.1701955336808179,0.7125049226462721,4.0,-1.150074810631261,0.008756471622337988,-11415.495470108877,6.829723834991455,0.23387234935902035,29.2027845690602
30149,20241103-01-random_equilibria_and_flux_tubes_random_aspect_ratio/20241103-01-064_generate_flux_tubes_nfp4/nfp4_randomAspect_finiteBeta_maxm4_maxn4_LMN8_001166.h5,0,unstable,-0.5087631940841675,-0.40651208,0.12339151166356599,0.10225111246109009,unanimous_success,0.125,2.854027509689331,1.9523924589157104,0.6012387275695801,0.03665811,0.3053538169257693,0.4034288582830241,4.0,-0.8310313841759996,0.193744047646905,-5241.050076853926,7.939925670623779,0.7765911592385398,10.22407424571895
30584,20241103-01-random_equilibria_and_flux_tubes_random_aspect_ratio/20241103-01-064_generate_flux_tubes_nfp4/nfp4_randomAspect_finiteBeta_maxm4_maxn4_LMN8_001275.h5,0,stable_or_near_floor,-2.0,-2.0024755,0.03055058168755551,0.0024755001068115234,unanimous_success,0.578125,0.7465405464172363,0.5690557956695557,1.724719254525553e-06,0.0056927204,0.43533419330722134,0.47007560401801857,4.0,-0.8465620779842746,-0.005323109118018125,-19418.072190973202,5.8657097816467285,0.19304656451759794,30.38494777829634
30783,20241103-01-random_equilibria_and_flux_tubes_random_aspect_ratio/20241103-01-064_generate_flux_tubes_nfp4/nfp4_randomAspect_finiteBeta_maxm4_maxn4_LMN8_001325.h5,0,unstable,1.4146729707717896,1.1148612,0.16370171194019534,0.2998117208480835,high_spread_low_error,0.5625,1.1990364789962769,0.5030543804168701,4.115140438079834,0.03026843,0.11561411774611022,0.6198469454341535,4.0,-0.9571489177829292,-0.1455143256462054,-12735.53162814421,9.797708511352539,0.6360583062944959,15.403789895349918
30941,20241103-01-random_equilibria_and_flux_tubes_random_aspect_ratio/20241103-01-064_generate_flux_tubes_nfp4/nfp4_randomAspect_finiteBeta_maxm4_maxn4_LMN8_001364.h5,0,unstable,2.9970157146453857,2.86651,0.08744384162794869,0.13050580024719238,unanimous_success,0.21875,3.3259198665618896,1.1483784914016724,20.025684356689453,0.02038312,0.07131519407159295,0.5761922523673613,4.0,-0.6415681834741084,0.008796422197505134,-9386.117421569421,7.014745712280273,0.5899467070548514,11.8904735434485
30959,20241103-01-random_equilibria_and_flux_tubes_random_aspect_ratio/20241103-01-064_generate_flux_tubes_nfp4/nfp4_randomAspect_finiteBeta_maxm4_maxn4_LMN8_001369.h5,0,unstable,5.595649242401123,5.302356,0.16475882216317217,0.29329347610473633,high_spread_low_error,0.375,8.42476749420166,0.19620829820632935,269.25238037109375,0.041996002,0.0819838430475741,0.46350234476977176,4.0,-0.7311520102242096,-0.1958432060468266,-939.7172221892031,9.557903289794922,0.9358373555432684,10.213209841625105
31026,20241103-01-random_equilibria_and_flux_tubes_random_aspect_ratio/20241103-01-064_generate_flux_tubes_nfp4/nfp4_randomAspect_finiteBeta_maxm4_maxn4_LMN8_001385.h5,0,unstable,1.0019216537475586,1.0593026,0.06977503028684369,0.05738091468811035,unanimous_success,0.75,2.98447322845459,0.12760652601718903,2.723510503768921,0.009865522,0.19242614401131147,0.534628356478441,4.0,-0.36397994649323995,-0.0341887659963657,-8303.906066590267,7.602744102478027,0.45593244260709975,16.675154895765335
31355,20241103-01-random_equilibria_and_flux_tubes_random_aspect_ratio/20241103-01-064_generate_flux_tubes_nfp4/nfp4_randomAspect_finiteBeta_maxm4_maxn4_LMN8_001468.h5,0,unstable,2.866244077682495,3.485201,0.3262131587737244,0.6189568042755127,high_spread_high_error,0.640625,3.9680726528167725,-0.07242200523614883,17.570899963378906,0.0024063587,0.18254508898357547,0.5101394441950331,4.0,-0.667341564334978,0.011070903803429849,-59560.04318581208,5.129755973815918,0.42203678724261917,12.154760269433432
31450,20241103-01-random_equilibria_and_flux_tubes_random_aspect_ratio/20241103-01-064_generate_flux_tubes_nfp4/nfp4_randomAspect_finiteBeta_maxm4_maxn4_LMN8_001491.h5,0,unstable,-1.3766393661499023,-1.6932353,0.14257513138544126,0.3165959119796753,unanimous_success,0.484375,2.494577169418335,1.2891004085540771,0.2524254322052002,0.028100014,0.28187837178464326,0.7523985962881914,4.0,-0.3883386679959091,0.24013685286539538,-27544.06126055338,8.130535125732422,0.7378524772563696,11.019187949283577
31850,20241103-01-random_equilibria_and_flux_tubes_random_aspect_ratio/20241103-01-064_generate_flux_tubes_nfp4/nfp4_randomAspect_finiteBeta_maxm4_maxn4_LMN8_001591.h5,0,unstable,2.333448886871338,2.2405527,0.09106024613611008,0.0928962230682373,unanimous_success,0.703125,3.969538450241089,1.4074100255966187,10.31344985961914,0.04111123,0.13105591736299826,0.37764882913136705,4.0,-0.5340723759846271,-0.6291778491791349,-12652.506374553202,6.89235258102417,0.8560325551056156,8.05150755063726
31920,20241103-01-random_equilibria_and_flux_tubes_random_aspect_ratio/20241103-01-064_generate_flux_tubes_nfp4/nfp4_randomAspect_finiteBeta_maxm4_maxn4_LMN8_001609.h5,0,stable_or_near_floor,-1.9281729459762573,-1.9152719,0.06552190185536527,0.012901067733764648,unanimous_success,0.65625,1.0478698015213013,0.3977753520011902,0.14541363716125488,0.020127416,0.16543258344160938,0.5641405905030753,4.0,-0.8063459858318246,-0.0067373078409023995,-52429.54659741615,7.20367956161499,0.1794605086698936,40.14075082594193
31970,20241103-01-random_equilibria_and_flux_tubes_random_aspect_ratio/20241103-01-064_generate_flux_tubes_nfp4/nfp4_randomAspect_finiteBeta_maxm4_maxn4_LMN8_001621.h5,0,unstable,-0.7631345987319946,-0.8689174,0.22845882092695327,0.10578280687332153,high_spread_low_error,0.421875,2.8424878120422363,2.141672372817993,0.4662027657032013,0.011821449,0.2155520075808502,0.862230832276959,4.0,-0.7800969225985075,0.16581765937308873,-36572.72998289129,7.874825954437256,0.7697457746247448,10.230424399895245
32032,20241103-01-random_equilibria_and_flux_tubes_random_aspect_ratio/20241103-01-064_generate_flux_tubes_nfp4/nfp4_randomAspect_finiteBeta_maxm4_maxn4_LMN8_001637.h5,0,unstable,-1.439849615097046,-1.3623239,0.2361109423956995,0.07752573490142822,high_spread_low_error,0.5625,1.1947203874588013,-0.1867273449897766,0.2369633913040161,0.0012710094,0.12770618297442457,0.38214568211834615,4.0,-0.6603302265629666,-0.055312903897216055,-44747.628626576974,6.969431400299072,0.40923014781906364,17.030591312594414
32037,20241103-01-random_equilibria_and_flux_tubes_random_aspect_ratio/20241103-01-064_generate_flux_tubes_nfp4/nfp4_randomAspect_finiteBeta_maxm4_maxn4_LMN8_001638.h5,0,unstable,-0.6974430680274963,-0.89083314,0.2576671293541247,0.19339007139205933,high_spread_low_error,0.90625,2.6812117099761963,1.8227570056915283,0.49785667657852173,0.043920636,0.10256457950924958,0.5059516951571705,4.0,-0.6466832917589264,-0.5606354445100862,-13003.45857944176,7.424463748931885,0.7447684298090188,9.968821786438696
32148,20241103-01-random_equilibria_and_flux_tubes_random_aspect_ratio/20241103-01-064_generate_flux_tubes_nfp4/nfp4_randomAspect_finiteBeta_maxm4_maxn4_LMN8_001666.h5,0,unstable,0.598162055015564,0.5000047,0.10802990330283666,0.09815734624862671,unanimous_success,0.375,1.4619793891906738,0.48300355672836304,1.8187729120254517,0.020058274,0.07726046699189192,0.29137097559747804,4.0,-0.7789907586676944,0.018918348747484687,-6444.043714358147,9.297567367553711,0.28050997900345587,33.14522856043979
32578,20241103-01-random_equilibria_and_flux_tubes_random_aspect_ratio/20241103-01-064_generate_flux_tubes_nfp4/nfp4_randomAspect_finiteBeta_maxm4_maxn4_LMN8_001773.h5,0,unstable,4.510558128356934,4.5516977,0.10767533101416302,0.04113960266113281,unanimous_success,0.59375,6.330384254455566,0.30495378375053406,90.9725570678711,0.006934166,0.1164871004983463,0.4783582324643242,4.0,-0.7640374649002732,-0.10638819149344725,-1605.427402840444,6.402843475341797,0.6145826726740526,10.418197193036681
32941,20241103-01-random_equilibria_and_flux_tubes_random_aspect_ratio/20241103-01-064_generate_flux_tubes_nfp4/nfp4_randomAspect_finiteBeta_maxm4_maxn4_LMN8_001864.h5,0,unstable,-0.3576653003692627,-0.51064163,0.19723311966304122,0.15297633409500122,high_spread_low_error,0.1875,3.3909597396850586,-0.040824081748723984,0.6993070840835571,0.006832361,0.30550301513432704,1.1420552178739003,4.0,-0.4718360552692538,0.12063692154720275,-67184.08704904151,7.623370170593262,0.5543894796857298,13.750928633989895
32975,20241103-01-random_equilibria_and_flux_tubes_random_aspect_ratio/20241103-01-064_generate_flux_tubes_nfp4/nfp4_randomAspect_finiteBeta_maxm4_maxn4_LMN8_001873.h5,0,unstable,2.9397685527801514,3.0922613,0.14085289461220965,0.15249276161193848,unanimous_success,0.265625,4.124634742736816,-0.20373119413852692,18.911468505859375,0.044601917,0.14433070749776883,0.3875865318217723,4.0,-0.7453785702973882,-0.06472155883660337,-47495.301853578676,8.821199417114258,0.47732973215685115,18.480305798792354
33091,20241103-01-random_equilibria_and_flux_tubes_random_aspect_ratio/20241103-01-064_generate_flux_tubes_nfp4/nfp4_randomAspect_finiteBeta_maxm4_maxn4_LMN8_001902.h5,0,unstable,-0.3584921658039093,0.29081357,0.37887414838191724,0.6493057310581207,high_spread_high_error,0.546875,1.1454038619995117,-0.025077851489186287,0.6987290978431702,0.05343315,0.18121438062316825,0.5327532356123391,4.0,-0.4481280850354955,-0.030329735763937837,-54484.52070541954,7.509820461273193,0.35012811797949195,21.448778534585063
33550,20241103-01-random_equilibria_and_flux_tubes_random_aspect_ratio/20241103-01-064_generate_flux_tubes_nfp4/nfp4_randomAspect_finiteBeta_maxm4_maxn4_LMN8_002016.h5,0,stable_or_near_floor,-2.0,-1.757813,0.17045694848640255,0.2421870231628418,high_spread_low_error,0.4375,0.9947022199630737,0.6401565074920654,2.9624166018038522e-06,0.004345536,0.09951430645420571,0.4068359757927745,4.0,-0.6703853307140228,0.0238065984546347,-65004.938779695105,7.036393165588379,0.3095055564277813,22.734303211872128
33553,20241103-01-random_equilibria_and_flux_tubes_random_aspect_ratio/20241103-01-064_generate_flux_tubes_nfp4/nfp4_randomAspect_finiteBeta_maxm4_maxn4_LMN8_002017.h5,0,unstable,-0.9633644223213196,-0.88498026,0.17314634071815974,0.0783841609954834,high_spread_low_error,0.21875,1.5705970525741577,0.9670979380607605,0.3816068470478058,0.0062761307,0.12722489054870456,0.46640420422981416,4.0,-0.9638151962924354,-0.029721698339194965,-49462.72450607182,7.4499311447143555,0.44809161384069074,16.62591067228278
33735,20241103-01-random_equilibria_and_flux_tubes_random_aspect_ratio/20241103-01-064_generate_flux_tubes_nfp4/nfp4_randomAspect_finiteBeta_maxm4_maxn4_LMN8_002063.h5,0,unstable,1.7389261722564697,0.57997537,0.46538896782604655,1.1589508056640625,high_spread_high_error,0.484375,0.9308458566665649,0.11377539485692978,5.691228866577148,0.0,0.1507589738134377,0.5981898096310473,4.0,-0.40182847959965606,-0.046165454924020105,-51129.71028932988,7.326590538024902,0.41766469420598573,17.541800012455784
33758,20241103-01-random_equilibria_and_flux_tubes_random_aspect_ratio/20241103-01-064_generate_flux_tubes_nfp4/nfp4_randomAspect_finiteBeta_maxm4_maxn4_LMN8_002068.h5,0,unstable,-1.039137601852417,-0.6529536,0.23912544900580646,0.3861839771270752,high_spread_low_error,0.375,1.5749163627624512,0.6433159112930298,0.35375961661338806,0.056512356,0.16856191093984485,0.5064439282664889,4.0,-0.9763393372814434,0.0636206484667053,-45245.83526772336,9.607125282287598,0.3906716341539651,24.59130492822367
35209,20241103-01-random_equilibria_and_flux_tubes_random_aspect_ratio/20241103-01-064_generate_flux_tubes_nfp4/nfp4_randomAspect_finiteBeta_maxm4_maxn4_LMN8_002431.h5,0,stable_or_near_floor,-1.9687764644622803,-1.9680519,0.03519050255695017,0.0007245540618896484,unanimous_success,0.828125,1.3920886516571045,0.4582415819168091,0.1396275907754898,0.0014117956,0.1651109441542447,0.6585358378470082,4.0,-0.4700422391293765,-0.11154272934796462,-19293.463220234305,9.128292083740234,0.5979593134417737,15.26574112743392
35442,20241103-01-random_equilibria_and_flux_tubes_random_aspect_ratio/20241103-01-064_generate_flux_tubes_nfp4/nfp4_randomAspect_finiteBeta_maxm4_maxn4_LMN8_002489.h5,0,stable_or_near_floor,-2.0,-1.9898552,0.017061536775961724,0.010144829750061035,unanimous_success,0.140625,2.7308664321899414,1.8902697563171387,0.11010092496871948,3.361702e-05,0.27101890776085175,0.9333250228076436,4.0,-0.36007196543911496,-0.28796429101754956,-70081.98092117709,6.827662467956543,0.5275799012818644,12.941475691866438
35560,20241103-01-random_equilibria_and_flux_tubes_random_aspect_ratio/20241103-01-064_generate_flux_tubes_nfp4/nfp4_randomAspect_finiteBeta_maxm4_maxn4_LMN8_002519.h5,0,unstable,-0.08249323070049286,-0.1175989,0.10278592245736881,0.035105668008327484,unanimous_success,0.8125,1.5998307466506958,0.8656041622161865,0.9208176732063293,4.4703484e-08,0.12096743912433237,0.2656401189607389,4.0,-0.704910925975092,-0.018622405476963935,-8746.989486326007,9.792181015014648,0.3486732167558336,28.084121591340487
35565,20241103-01-random_equilibria_and_flux_tubes_random_aspect_ratio/20241103-01-064_generate_flux_tubes_nfp4/nfp4_randomAspect_finiteBeta_maxm4_maxn4_LMN8_002520.h5,0,stable_or_near_floor,-2.0,-1.981841,0.03587418914104388,0.018159031867980957,unanimous_success,0.21875,1.441847324371338,0.005728008691221476,4.878390882367967e-07,0.002670288,0.23145919688338057,0.7637314346207862,4.0,-0.7092864805507751,-0.08685729944575941,-51166.691795122926,8.63923168182373,0.6774881220571846,12.75185704450553
35630,20241103-01-random_equilibria_and_flux_tubes_random_aspect_ratio/20241103-01-064_generate_flux_tubes_nfp4/nfp4_randomAspect_finiteBeta_maxm4_maxn4_LMN8_002536.h5,0,unstable,-1.2937378883361816,-1.447361,0.1963313289553771,0.15362310409545898,high_spread_low_error,0.375,1.7642427682876587,0.2549046277999878,0.2742437720298767,0.038444757,0.19630653709469975,0.7555746339023149,4.0,-0.5085806414054064,-0.08178552102111422,-33279.74465485292,7.423833847045898,0.5888064631532612,12.608275064252375
35648,20241103-01-random_equilibria_and_flux_tubes_random_aspect_ratio/20241103-01-064_generate_flux_tubes_nfp4/nfp4_randomAspect_finiteBeta_maxm4_maxn4_LMN8_002541.h5,0,unstable,2.0013771057128906,2.0121887,0.1597237076739216,0.010811567306518555,high_spread_low_error,0.5625,1.9023184776306152,-0.00312853348441422,7.399238586425781,0.050796866,0.09619556105940201,0.3853194704138062,4.0,-0.507135881429992,0.019756908798983838,-47514.72909450725,9.534110069274902,0.24635879689630413,38.70009997364917
35707,20241103-01-random_equilibria_and_flux_tubes_random_aspect_ratio/20241103-01-064_generate_flux_tubes_nfp4/nfp4_randomAspect_finiteBeta_maxm4_maxn4_LMN8_002556.h5,0,unstable,3.661693811416626,3.7304559,0.11632689866753129,0.06876206398010254,unanimous_success,0.359375,4.309349060058594,0.6288124322891235,38.927223205566406,0.010233402,0.14416677458977253,0.4547431812416686,4.0,-0.775596263308841,-0.5713425830942225,-10001.267097289547,9.527135848999023,0.9358696551777379,10.179981577872246
36268,20241103-01-random_equilibria_and_flux_tubes_random_aspect_ratio/20241103-01-064_generate_flux_tubes_nfp4/nfp4_randomAspect_finiteBeta_maxm4_maxn4_LMN8_002696.h5,0,unstable,2.9798407554626465,2.970678,0.09312603985652355,0.009162664413452148,unanimous_success,0.828125,4.7331318855285645,0.6118555068969727,19.684682846069336,0.0136220455,0.13831714167644438,0.5226885736020945,4.0,-0.6990270822132564,-0.13257033275099941,-11716.07248410893,5.190640926361084,0.9874036439384667,5.256858183809332
36909,20241103-01-random_equilibria_and_flux_tubes_random_aspect_ratio/20241103-01-064_generate_flux_tubes_nfp4/nfp4_randomAspect_finiteBeta_maxm4_maxn4_LMN8_002857.h5,0,unstable,-1.796513319015503,-1.7483459,0.12269695761537873,0.04816746711730957,unanimous_success,0.625,1.379474401473999,1.1101442575454712,0.16587623953819275,0.051047564,0.12302338209574724,0.9044018281427987,4.0,-0.4291283735948608,-0.013906344222232801,-29387.055402754493,9.836591720581055,0.5354628987650294,18.37025822567312
37048,20241103-01-random_equilibria_and_flux_tubes_random_aspect_ratio/20241103-01-064_generate_flux_tubes_nfp4/nfp4_randomAspect_finiteBeta_maxm4_maxn4_LMN8_002891.h5,0,unstable,5.729584693908691,5.0114813,0.21231870651733847,0.7181034088134766,high_spread_high_error,0.8125,3.8929100036621094,-0.07758922874927521,307.8414306640625,0.0037064552,0.08895459092959807,0.8055472330479696,4.0,-0.8039587247143474,0.011917260108871723,-27204.553965237705,8.632866859436035,0.3304917372889633,26.121278947097984
37075,20241103-01-random_equilibria_and_flux_tubes_random_aspect_ratio/20241103-01-064_generate_flux_tubes_nfp4/nfp4_randomAspect_finiteBeta_maxm4_maxn4_LMN8_002898.h5,0,unstable,0.677474319934845,0.5810376,0.09159947962848802,0.09643673896789551,unanimous_success,0.0625,3.8618927001953125,0.720373809337616,1.9688986539840698,0.019848228,0.2650460915201201,0.9890991145889044,4.0,-0.5813817573425012,-0.030563278676105483,-57536.4379032895,9.338655471801758,0.5344440621931462,17.47358822451806
37205,20241103-01-random_equilibria_and_flux_tubes_random_aspect_ratio/20241103-01-064_generate_flux_tubes_nfp4/nfp4_randomAspect_finiteBeta_maxm4_maxn4_LMN8_002931.h5,0,unstable,-1.8803820610046387,-1.658988,0.2015711771827211,0.22139406204223633,high_spread_low_error,0.484375,1.3688536882400513,1.1302717924118042,0.15253181755542755,0.08838582,0.09756086280637172,0.6140746163504731,4.0,-0.40923303675977374,-0.1262154491573361,-30761.159557487692,5.725358963012695,0.4792439755449718,11.946647751809731
37535,20241103-01-random_equilibria_and_flux_tubes_random_aspect_ratio/20241103-01-064_generate_flux_tubes_nfp4/nfp4_randomAspect_finiteBeta_maxm4_maxn4_LMN8_003013.h5,0,unstable,1.3009774684906006,1.4584093,0.10900819472851164,0.15743184089660645,unanimous_success,0.703125,2.2659249305725098,1.1021100282669067,3.672884941101074,0.02293253,0.169858844849314,0.4647522604117352,4.0,-0.9476355572603093,0.06868656521333075,-1995.9994504448434,9.561980247497559,0.4994225006744212,19.14607418485359
37567,20241103-01-random_equilibria_and_flux_tubes_random_aspect_ratio/20241103-01-064_generate_flux_tubes_nfp4/nfp4_randomAspect_finiteBeta_maxm4_maxn4_LMN8_003021.h5,0,stable_or_near_floor,-2.0,-2.0053754,0.022381190093211194,0.005375385284423828,unanimous_success,0.203125,0.5575546026229858,0.7247804403305054,1.255511108411156e-07,0.0004069805,0.16473764612474245,0.6047299632315944,4.0,-0.8681184689522291,0.049456614725056296,-79787.48235313967,9.850138664245605,0.35051116562092344,28.102210800606834
37817,20241103-01-random_equilibria_and_flux_tubes_random_aspect_ratio/20241103-01-064_generate_flux_tubes_nfp4/nfp4_randomAspect_finiteBeta_maxm4_maxn4_LMN8_003084.h5,0,unstable,-0.2928547263145447,0.16280536,0.42879257425251865,0.4556600898504257,high_spread_low_error,0.375,1.1578506231307983,0.4828616976737976,0.7461305260658264,0.24197419,0.23662408674937285,0.6889498382287647,4.0,-0.42293554117204696,-0.09677158720158895,-58451.1245503211,7.3157196044921875,0.42495193329584635,17.215404922982366
38127,20241103-01-random_equilibria_and_flux_tubes_random_aspect_ratio/20241103-01-064_generate_flux_tubes_nfp4/nfp4_randomAspect_finiteBeta_maxm4_maxn4_LMN8_003161.h5,0,stable_or_near_floor,-2.0,-1.9992238,0.009640801205485014,0.0007761716842651367,unanimous_success,0.421875,0.442587673664093,0.33365532755851746,1.2909895019674877e-07,0.0001487732,0.1149450828997754,0.4223553525594857,4.0,-0.522340998312146,0.003957375397768486,-5383.763829644727,6.933253288269043,0.2770374259967058,25.026413898140554
38722,20241103-01-random_equilibria_and_flux_tubes_random_aspect_ratio/20241103-01-065_generate_flux_tubes_nfp5/nfp5_randomAspect_finiteBeta_maxm4_maxn4_LMN8_000110.h5,0,unstable,-1.3179277181625366,-1.8099233,0.11386483928213763,0.49199557304382324,unanimous_success,0.65625,0.932813823223114,0.2133113592863083,0.26768946647644043,0.0,0.17816260429077876,0.5707998162465806,5.0,-0.7895538317019904,-0.002511725360618491,-25262.479853356446,6.641685962677002,0.12372539268008576,53.6808638777189
38742,20241103-01-random_equilibria_and_flux_tubes_random_aspect_ratio/20241103-01-065_generate_flux_tubes_nfp5/nfp5_randomAspect_finiteBeta_maxm4_maxn4_LMN8_000115.h5,0,stable_or_near_floor,-2.0,-1.9974629,0.01650309642097731,0.0025371313095092773,unanimous_success,0.828125,1.183018684387207,1.0634392499923706,1.4245519253108796e-07,0.0020337105,0.30989256868726667,0.45534685643472633,5.0,-1.0244964337864457,0.16511584724441855,-44411.37981818524,7.26220703125,0.6500975032876682,11.170950502845528
38750,20241103-01-random_equilibria_and_flux_tubes_random_aspect_ratio/20241103-01-065_generate_flux_tubes_nfp5/nfp5_randomAspect_finiteBeta_maxm4_maxn4_LMN8_000117.h5,0,unstable,-0.7596384882926941,-0.55423206,0.1692283382583153,0.20540642738342285,high_spread_low_error,0.890625,1.358436942100525,0.09328034520149231,0.46783551573753357,0.018386245,0.15583301013681647,0.5403324580987692,5.0,-0.7968649480593606,0.006837530626234539,-4820.038536810217,7.894956111907959,0.14323785237111064,55.11780567229642
39342,20241103-01-random_equilibria_and_flux_tubes_random_aspect_ratio/20241103-01-065_generate_flux_tubes_nfp5/nfp5_randomAspect_finiteBeta_maxm4_maxn4_LMN8_000265.h5,0,unstable,0.7677316069602966,0.8917116,0.1874862656544573,0.12397998571395874,high_spread_low_error,0.890625,1.783131718635559,-0.19639688730239868,2.1548726558685303,0.05751139,0.1102648119780505,0.48810003397515855,5.0,-0.6722980274569554,-0.3860494443214347,-9307.704376908687,7.336533546447754,0.626844781890134,11.703907822803915
39623,20241103-01-random_equilibria_and_flux_tubes_random_aspect_ratio/20241103-01-065_generate_flux_tubes_nfp5/nfp5_randomAspect_finiteBeta_maxm4_maxn4_LMN8_000335.h5,0,unstable,3.7337119579315186,3.9433267,0.13390441620631252,0.20961475372314453,unanimous_success,0.640625,5.865556716918945,-0.028409048914909363,41.8341064453125,0.0036330223,0.11871325201316177,0.4525595612586298,5.0,-0.6670376303348379,-0.14739814669492285,-18128.174003470955,8.638731956481934,0.8799225917677912,9.817604454417358
39672,20241103-01-random_equilibria_and_flux_tubes_random_aspect_ratio/20241103-01-065_generate_flux_tubes_nfp5/nfp5_randomAspect_finiteBeta_maxm4_maxn4_LMN8_000347.h5,0,unstable,1.080127239227295,1.0251217,0.11537308800691316,0.055005550384521484,unanimous_success,0.859375,2.7673802375793457,1.4394139051437378,2.945054292678833,0.01391542,0.3072002005457226,0.7299566705679944,5.0,-1.202352870176744,-0.24008799425304253,-2649.140137770248,6.028816223144531,0.7628187482511501,7.90334038979284
39778,20241103-01-random_equilibria_and_flux_tubes_random_aspect_ratio/20241103-01-065_generate_flux_tubes_nfp5/nfp5_randomAspect_finiteBeta_maxm4_maxn4_LMN8_000374.h5,0,unstable,0.9868966937065125,0.90777445,0.06835312794549503,0.07912224531173706,unanimous_success,0.671875,1.3583334684371948,0.20495902001857758,2.6828956604003906,0.003706932,0.1691734772715726,0.4279121749015746,5.0,-0.34817061272614824,-0.09056445333623613,-16256.836059011128,9.490179061889648,0.4236949522415837,22.398612519883194
40003,20241103-01-random_equilibria_and_flux_tubes_random_aspect_ratio/20241103-01-065_generate_flux_tubes_nfp5/nfp5_randomAspect_finiteBeta_maxm4_maxn4_LMN8_000430.h5,0,stable_or_near_floor,-2.0,-1.6590512,0.27097106676713,0.34094882011413574,high_spread_low_error,0.671875,1.1040080785751343,0.08874154835939407,0.11458845436573029,0.07540107,0.1479250426987167,0.49877838543000363,5.0,-0.5265454530914021,0.1047942827224424,-26879.82951395206,7.204608917236328,0.704192495948147,10.231021998517344
40205,20241103-01-random_equilibria_and_flux_tubes_random_aspect_ratio/20241103-01-065_generate_flux_tubes_nfp5/nfp5_randomAspect_finiteBeta_maxm4_maxn4_LMN8_000481.h5,0,unstable,-0.6297600269317627,-0.93531585,0.18474617496884194,0.3055558204650879,high_spread_low_error,0.5625,1.0409746170043945,-0.023971162736415863,0.532719612121582,0.08878142,0.12582763343683223,0.29962535015117936,5.0,-0.7010939826579173,-0.020183245677071953,-73553.69056199917,7.126620769500732,0.19549624679332744,36.45400301231754
40334,20241103-01-random_equilibria_and_flux_tubes_random_aspect_ratio/20241103-01-065_generate_flux_tubes_nfp5/nfp5_randomAspect_finiteBeta_maxm4_maxn4_LMN8_000513.h5,0,unstable,3.8201568126678467,3.8940682,0.08676443360569772,0.07391142845153809,unanimous_success,0.5625,6.3996100425720215,1.0679858922958374,45.61136245727539,0.032536745,0.09741166058084984,0.3901994886781405,5.0,-1.0548682411338186,-0.12073009463531602,-12672.903058737738,9.240965843200684,0.951613646564401,9.71083787686655
40434,20241103-01-random_equilibria_and_flux_tubes_random_aspect_ratio/20241103-01-065_generate_flux_tubes_nfp5/nfp5_randomAspect_finiteBeta_maxm4_maxn4_LMN8_000538.h5,0,unstable,-0.25124645233154297,-0.5406906,0.1117705201535309,0.2894441485404968,unanimous_success,0.5625,2.1322531700134277,1.2681620121002197,0.7778306603431702,0.012737125,0.13783296061974215,0.4039611965127056,5.0,-0.7898528910878226,-0.02274010113772543,-48676.13058510125,6.362278461456299,0.5287773411461842,12.032055775433466
40599,20241103-01-random_equilibria_and_flux_tubes_random_aspect_ratio/20241103-01-065_generate_flux_tubes_nfp5/nfp5_randomAspect_finiteBeta_maxm4_maxn4_LMN8_000579.h5,0,unstable,2.4499266147613525,2.3580625,0.06277380570207908,0.09186410903930664,unanimous_success,0.828125,4.536592483520508,1.8106801509857178,11.587495803833008,0.0010275841,0.23865259346989506,0.33158306215659894,5.0,-0.9223451320751219,-0.03187882152923404,-37006.19179767606,7.732964992523193,0.5804113415686268,13.323249286659332
40915,20241103-01-random_equilibria_and_flux_tubes_random_aspect_ratio/20241103-01-065_generate_flux_tubes_nfp5/nfp5_randomAspect_finiteBeta_maxm4_maxn4_LMN8_000658.h5,0,stable_or_near_floor,-2.0,-2.001984,0.016505078267779666,0.0019838809967041016,unanimous_success,0.578125,1.6553751230239868,2.352199077606201,1.129094329144209e-07,0.00040769577,0.207507957575274,0.6218355067975895,5.0,-0.8960993551586657,-0.12102075718189866,-7063.117602054876,8.015453338623047,0.9583248861182573,8.364025034443214
41772,20241103-01-random_equilibria_and_flux_tubes_random_aspect_ratio/20241103-01-065_generate_flux_tubes_nfp5/nfp5_randomAspect_finiteBeta_maxm4_maxn4_LMN8_000873.h5,0,unstable,1.5101494789123535,1.9846547,0.2056810208930675,0.4745051860809326,high_spread_low_error,0.4375,2.2572457790374756,-0.19657278060913086,4.527407646179199,0.015303612,0.14810767235298922,0.42953629381209113,5.0,-0.4319534109066034,-0.025493326022289715,-29547.757476832398,8.58439826965332,0.5565449210622561,15.42444813487581
41931,20241103-01-random_equilibria_and_flux_tubes_random_aspect_ratio/20241103-01-065_generate_flux_tubes_nfp5/nfp5_randomAspect_finiteBeta_maxm4_maxn4_LMN8_000913.h5,0,unstable,0.47550296783447266,0.58597267,0.15389003403764015,0.11046969890594482,high_spread_low_error,0.515625,2.577706813812256,1.3743318319320679,1.6088231801986694,0.039835513,0.21563943773937885,0.6924418426817379,5.0,-1.0546690418681695,0.20091460524258964,-30862.39114913986,9.167346000671387,0.7977744466438407,11.491150210736278
42053,20241103-01-random_equilibria_and_flux_tubes_random_aspect_ratio/20241103-01-065_generate_flux_tubes_nfp5/nfp5_randomAspect_finiteBeta_maxm4_maxn4_LMN8_000943.h5,0,unstable,0.7978714108467102,1.2194365,0.23949632897940626,0.42156511545181274,high_spread_low_error,0.640625,1.9560470581054688,0.10298522561788559,2.220808744430542,0.0019317865,0.2501906560390881,0.9853921957976539,5.0,-0.6238671485959526,0.015308825672508618,-18243.84610078579,6.207517623901367,0.3207154969555893,19.355215706214988
42354,20241103-01-random_equilibria_and_flux_tubes_random_aspect_ratio/20241103-01-065_generate_flux_tubes_nfp5/nfp5_randomAspect_finiteBeta_maxm4_maxn4_LMN8_001018.h5,0,stable_or_near_floor,-2.0,-1.9982135,0.008312756701264332,0.0017864704132080078,unanimous_success,0.828125,0.4791988730430603,0.17700371146202087,1.1750416462064095e-07,0.0011870861,0.16868172533995332,0.5364025881518615,5.0,-0.4026562911020115,-0.018310483021169433,-8143.597205730739,9.841519355773926,0.18424316110932515,53.415927606312735
42797,20241103-01-random_equilibria_and_flux_tubes_random_aspect_ratio/20241103-01-065_generate_flux_tubes_nfp5/nfp5_randomAspect_finiteBeta_maxm4_maxn4_LMN8_001129.h5,0,unstable,-1.490872859954834,-1.469393,0.14155378149007217,0.02147984504699707,unanimous_success,0.59375,1.8224431276321411,1.2997533082962036,0.22517602145671844,0.06930816,0.12875403706964114,0.4151057647351261,5.0,-0.881022178605284,-0.006709566412514242,-59803.42087484176,7.103187084197998,0.33628937399448344,21.122246593240618
43112,20241103-01-random_equilibria_and_flux_tubes_random_aspect_ratio/20241103-01-065_generate_flux_tubes_nfp5/nfp5_randomAspect_finiteBeta_maxm4_maxn4_LMN8_001208.h5,0,unstable,0.402547687292099,0.3939073,0.23109364587644607,0.008640378713607788,high_spread_low_error,0.515625,1.8485090732574463,0.22531624138355255,1.4956302642822266,0.02916035,0.29110270886114364,0.7303055802897153,5.0,-0.35839309854872997,0.1361523562831518,-3444.458199398153,7.787113189697266,0.5507116814042424,14.14009081819574
44506,20241103-01-random_equilibria_and_flux_tubes_random_aspect_ratio/20241103-01-065_generate_flux_tubes_nfp5/nfp5_randomAspect_finiteBeta_maxm4_maxn4_LMN8_001557.h5,0,unstable,0.9298492670059204,0.48849097,0.1354225303886882,0.4413582980632782,unanimous_success,0.484375,1.0234123468399048,0.38200274109840393,2.5341272354125977,0.012592882,0.0961833736205147,0.4634681170144545,5.0,-0.47737610159858185,0.04605603570996073,-19265.77210551633,9.420648574829102,0.35613594391524017,26.452394754827672
44838,20241103-01-random_equilibria_and_flux_tubes_random_aspect_ratio/20241103-01-065_generate_flux_tubes_nfp5/nfp5_randomAspect_finiteBeta_maxm4_maxn4_LMN8_001640.h5,0,stable_or_near_floor,-1.9786157608032227,-1.8313148,0.10462057899056082,0.14730095863342285,unanimous_success,0.71875,1.5461961030960083,1.1878931522369385,0.13826049864292145,0.018127322,0.28507318641517193,0.40134225156219516,5.0,-0.6203804361991607,-0.027623444783545663,-6835.836889130962,9.738266944885254,0.43110115561658113,22.58928517822488
44955,20241103-01-random_equilibria_and_flux_tubes_random_aspect_ratio/20241103-01-065_generate_flux_tubes_nfp5/nfp5_randomAspect_finiteBeta_maxm4_maxn4_LMN8_001669.h5,0,unstable,0.9823153614997864,1.0999138,0.09094417286932295,0.11759847402572632,unanimous_success,0.234375,3.030874013900757,1.6725022792816162,2.6706326007843018,0.00050735474,0.14012724603617577,0.3080527719760884,5.0,-0.6786637702799653,-0.2864842864008477,-25956.99796492769,6.607831954956055,0.6530155119459712,10.118950980605144
44989,20241103-01-random_equilibria_and_flux_tubes_random_aspect_ratio/20241103-01-065_generate_flux_tubes_nfp5/nfp5_randomAspect_finiteBeta_maxm4_maxn4_LMN8_001677.h5,0,stable_or_near_floor,-2.0,-1.9896569,0.0354733432085447,0.010343074798583984,unanimous_success,0.484375,0.8060352206230164,0.5966890454292297,3.7205879834800726e-06,0.0037266016,0.12838502951631256,0.4171903961903163,5.0,-0.9416121242977242,-0.00481877743096355,-16127.901246992471,7.274826526641846,0.1266654687114246,57.433384178411785
45034,20241103-01-random_equilibria_and_flux_tubes_random_aspect_ratio/20241103-01-065_generate_flux_tubes_nfp5/nfp5_randomAspect_finiteBeta_maxm4_maxn4_LMN8_001689.h5,0,unstable,-0.2651529908180237,-1.0707222,0.41411721639200333,0.8055692315101624,high_spread_high_error,0.21875,0.9271321296691895,0.17281661927700043,0.7670885920524597,0.050530195,0.31264174765096,0.49629982916366716,5.0,-0.4695345501147491,-0.002599371148990349,-21669.69396329046,9.563115119934082,0.09897766266057273,96.61892252122763
45557,20241103-01-random_equilibria_and_flux_tubes_random_aspect_ratio/20241103-01-065_generate_flux_tubes_nfp5/nfp5_randomAspect_finiteBeta_maxm4_maxn4_LMN8_001819.h5,0,unstable,0.9405580759048462,1.1397458,0.1336338856350561,0.1991877555847168,unanimous_success,0.640625,4.201301574707031,0.1840645670890808,2.561410427093506,0.04107976,0.26290969219415006,0.7110996458309298,5.0,-0.41136818697311045,0.010554170560888846,-5562.337138691882,9.156877517700195,0.6684599629618507,13.698468158253453
46216,20241103-01-random_equilibria_and_flux_tubes_random_aspect_ratio/20241103-01-065_generate_flux_tubes_nfp5/nfp5_randomAspect_finiteBeta_maxm4_maxn4_LMN8_001984.h5,0,stable_or_near_floor,-2.0,-2.0030632,0.011324549568827131,0.003063201904296875,unanimous_success,0.546875,1.300437331199646,1.4921003580093384,1.0325674537625673e-07,0.0,0.3261330814074652,0.42431331981917947,5.0,-0.6902326760112409,-0.2626797607380449,-1231.3430513426424,9.379708290100098,0.7742998448224567,12.113793322857788
46299,20241103-01-random_equilibria_and_flux_tubes_random_aspect_ratio/20241103-01-065_generate_flux_tubes_nfp5/nfp5_randomAspect_finiteBeta_maxm4_maxn4_LMN8_002005.h5,0,stable_or_near_floor,-2.0,-2.0000167,0.018093779208211463,1.6689300537109375e-05,unanimous_success,0.5,0.8019932508468628,0.780744731426239,1.1678641698154024e-07,0.0011708736,0.2115838461939794,0.6754865172262501,5.0,-0.8122974303284145,-0.011583299781394754,-76015.06381851835,9.930246353149414,0.19873117518622418,49.96823645733549
46972,20241103-01-random_equilibria_and_flux_tubes_random_aspect_ratio/20241103-01-065_generate_flux_tubes_nfp5/nfp5_randomAspect_finiteBeta_maxm4_maxn4_LMN8_002173.h5,0,unstable,2.343078851699829,2.4206276,0.07715023723940412,0.07754874229431152,unanimous_success,0.265625,2.6794064044952393,0.9007656574249268,10.413249015808105,0.008154392,0.13194629239589506,0.5102267396076812,5.0,-1.0936180339598287,0.11219800907299016,-24568.230757048193,9.785460472106934,0.6511218906595504,15.028615398254855
47353,20241103-01-random_equilibria_and_flux_tubes_random_aspect_ratio/20241103-01-065_generate_flux_tubes_nfp5/nfp5_randomAspect_finiteBeta_maxm4_maxn4_LMN8_002269.h5,0,stable_or_near_floor,-1.9169390201568604,-1.503915,0.23715391970630148,0.41302406787872314,high_spread_low_error,0.21875,1.2778398990631104,-0.03616559877991676,0.14705641567707062,0.1188041,0.20481136615888096,0.5760004362462801,5.0,-0.5928715426404226,-0.20575991897774012,-30565.342388492678,8.828326225280762,0.6019091754940715,14.66720658982165
47366,20241103-01-random_equilibria_and_flux_tubes_random_aspect_ratio/20241103-01-065_generate_flux_tubes_nfp5/nfp5_randomAspect_finiteBeta_maxm4_maxn4_LMN8_002272.h5,0,stable_or_near_floor,-2.0,-1.9829853,0.02314538746979487,0.017014741897583008,unanimous_success,0.65625,1.8828856945037842,1.442803978919983,1.8841418523152242e-06,0.0068473816,0.20916235591640817,0.4893277821257241,5.0,-0.45309687025904183,0.061395208304644504,-6232.502074965938,7.877807140350342,0.5313621176163369,14.825684555176382
47595,20241103-01-random_equilibria_and_flux_tubes_random_aspect_ratio/20241103-01-065_generate_flux_tubes_nfp5/nfp5_randomAspect_finiteBeta_maxm4_maxn4_LMN8_002329.h5,0,unstable,1.0830967426300049,0.5530855,0.43421769956148626,0.5300112366676331,high_spread_high_error,0.5625,1.4546985626220703,-0.3588428497314453,2.953812599182129,0.1638484,0.10378786309344146,0.5793567301009077,5.0,-0.8851595341992612,-0.4153476697791996,-8049.899005745497,9.66565990447998,0.7898600221933537,12.237180807859492
48308,20241103-01-random_equilibria_and_flux_tubes_random_aspect_ratio/20241103-01-065_generate_flux_tubes_nfp5/nfp5_randomAspect_finiteBeta_maxm4_maxn4_LMN8_002508.h5,0,unstable,2.5698740482330322,2.884309,0.23017616747106395,0.3144350051879883,high_spread_low_error,0.28125,4.197778701782227,0.1274690479040146,13.064180374145508,0.06260061,0.22388914508263746,0.6271063693961189,5.0,-1.0758932957627252,0.017378527337354996,-36724.63608704075,8.026199340820312,0.7811701452551328,10.274585363472804
48502,20241103-01-random_equilibria_and_flux_tubes_random_aspect_ratio/20241103-01-065_generate_flux_tubes_nfp5/nfp5_randomAspect_finiteBeta_maxm4_maxn4_LMN8_002556.h5,0,stable_or_near_floor,-2.0,-1.999165,0.008979262167192114,0.0008349418640136719,unanimous_success,0.765625,0.5575518608093262,0.14419737458229065,9.60127479743278e-08,0.00058209896,0.17521416958835992,0.6730699787204045,5.0,-0.5235207260347537,-0.11527427026779156,-69747.13149730171,9.853507041931152,0.33327496319843597,29.565698387203046
48922,20241103-01-random_equilibria_and_flux_tubes_random_aspect_ratio/20241103-01-065_generate_flux_tubes_nfp5/nfp5_randomAspect_finiteBeta_maxm4_maxn4_LMN8_002661.h5,0,unstable,0.005251422990113497,-0.67147255,0.34643356223910027,0.6767239724285901,high_spread_high_error,0.09375,0.9997519254684448,0.12488850206136703,1.005265235900879,0.017570198,0.6037785595120818,0.5814383813237642,5.0,-1.1098057565603021,-0.002171637348268391,-6642.249077833599,8.951262474060059,0.2846263673455298,31.449168106036478
49036,20241103-01-random_equilibria_and_flux_tubes_random_aspect_ratio/20241103-01-065_generate_flux_tubes_nfp5/nfp5_randomAspect_finiteBeta_maxm4_maxn4_LMN8_002690.h5,0,unstable,3.3266518115997314,1.967964,0.5619789754996772,1.3586877584457397,high_spread_high_error,0.453125,1.3357763290405273,0.1202242448925972,27.84495735168457,0.15703344,0.233136409272684,0.8459433665558642,5.0,-0.8691247701288559,-0.04442016907279368,-41320.72015614011,9.272977828979492,0.6083416947239396,15.243041713896483
49402,20241103-01-random_equilibria_and_flux_tubes_random_aspect_ratio/20241103-01-065_generate_flux_tubes_nfp5/nfp5_randomAspect_finiteBeta_maxm4_maxn4_LMN8_002781.h5,0,stable_or_near_floor,-1.9718174934387207,-1.9314666,0.06412039635606985,0.040350914001464844,unanimous_success,0.609375,0.7046823501586914,0.3011396527290344,0.13920362293720245,0.0312562,0.12639152374438906,0.2826308497654354,5.0,-0.9620368300805928,0.0021633437650787055,-60635.86023083228,8.49190616607666,0.22212632545834843,38.23007537964699
49487,20241103-01-random_equilibria_and_flux_tubes_random_aspect_ratio/20241103-01-065_generate_flux_tubes_nfp5/nfp5_randomAspect_finiteBeta_maxm4_maxn4_LMN8_002802.h5,0,unstable,2.263766050338745,2.3406522,0.1038885798367022,0.07688617706298828,unanimous_success,0.28125,5.4363203048706055,-0.03142998740077019,9.619248390197754,0.020115852,0.2500244806338112,0.5813237265888501,5.0,-0.6178378740542044,-0.06299293842319502,-3160.5598288864912,9.127460479736328,0.6813228128798768,13.396675272262723
50006,20241103-01-random_equilibria_and_flux_tubes_random_aspect_ratio/20241103-01-065_generate_flux_tubes_nfp5/nfp5_randomAspect_finiteBeta_maxm4_maxn4_LMN8_002932.h5,0,stable_or_near_floor,-2.0,-1.9962535,0.009872021712331225,0.003746509552001953,unanimous_success,0.4375,2.0324556827545166,2.198132038116455,8.998232914336768e-08,0.0001295805,0.13416504832974963,0.3691306191467746,5.0,-0.7484943247131519,-0.1403489602126743,-12066.896337720129,9.689523696899414,0.7157064236894851,13.5384053798898
50114,20241103-01-random_equilibria_and_flux_tubes_random_aspect_ratio/20241103-01-065_generate_flux_tubes_nfp5/nfp5_randomAspect_finiteBeta_maxm4_maxn4_LMN8_002959.h5,0,unstable,2.630335807800293,2.4700744,0.1968308815085835,0.1602613925933838,high_spread_low_error,0.484375,2.878941059112549,0.044712264090776443,13.878430366516113,0.0,0.16695408670716244,0.4235796090374518,5.0,-1.0579582420135136,-0.09364688229704674,-27257.865007710814,7.6371307373046875,0.5823689042936253,13.113905431760678
50457,20241103-01-random_equilibria_and_flux_tubes_random_aspect_ratio/20241103-01-065_generate_flux_tubes_nfp5/nfp5_randomAspect_finiteBeta_maxm4_maxn4_LMN8_003045.h5,0,unstable,-1.5620290040969849,-1.4009547,0.1772067100296541,0.16107428073883057,high_spread_low_error,0.046875,2.0267319679260254,1.1882401704788208,0.20971013605594635,0.12646234,0.1817174533055998,0.41228698217049586,5.0,-0.6548960885696583,-0.28438743101680297,-23210.208030116166,9.932760238647461,0.8153134706471354,12.182750066380692
50660,20241103-01-random_equilibria_and_flux_tubes_random_aspect_ratio/20241103-01-065_generate_flux_tubes_nfp5/nfp5_randomAspect_finiteBeta_maxm4_maxn4_LMN8_003096.h5,0,stable_or_near_floor,-2.0,-1.594167,0.18353036632845915,0.40583300590515137,high_spread_low_error,0.84375,0.35832521319389343,-0.05701953545212746,0.13275788724422455,0.016791463,0.1731673246197542,0.3935559622497858,5.0,-0.4902053863756423,-0.02196044703770572,-9327.78943770362,9.89960765838623,0.22864339261503797,43.29715171369063
51074,20241103-01-random_equilibria_and_flux_tubes_random_aspect_ratio/20241103-01-065_generate_flux_tubes_nfp5/nfp5_randomAspect_finiteBeta_maxm4_maxn4_LMN8_003199.h5,0,stable_or_near_floor,-2.0,-1.7519919,0.13020358855380496,0.248008131980896,unanimous_success,0.890625,1.211958408355713,0.6863027215003967,0.10895060747861862,0.04398036,0.14249936964757962,0.4396721549526592,5.0,-0.6963082299526472,-0.0235006486826687,-346.95208415552185,9.80129337310791,0.3940957040545551,24.870338022642102
51107,20241115-01-random_heliotrons/20241115-01-022_heliotrons_finiteBeta_randomAspect_randomNfpUpTo8_noTorsion_flux_tubes/heliotron_randomAspect_finiteBeta_maxm1_maxn1_LMN8_000008.h5,1,unstable,-1.3299638032913208,-1.0164279,0.12169042759928449,0.3135359287261963,unanimous_success,0.828125,3.323817729949951,2.508366584777832,0.26448681950569153,0.013178229,0.16386614997301807,0.5017405466363207,6.0,-0.9432979447022837,-0.12347542663318614,-20235.698898284914,9.347271919250488,0.5738051662160065,16.289975185988038
51126,20241115-01-random_heliotrons/20241115-01-022_heliotrons_finiteBeta_randomAspect_randomNfpUpTo8_noTorsion_flux_tubes/heliotron_randomAspect_finiteBeta_maxm1_maxn1_LMN8_000012.h5,1,stable_or_near_floor,-2.0,-2.0010526,0.011667729290651211,0.0010526180267333984,unanimous_success,0.890625,0.06184486672282219,-0.010347685776650906,3.4342566124223595e-08,0.0027275085,0.06112632492816661,0.33976088319201114,6.0,-0.730233720747759,-8.117050335576539e-05,-25406.410178651473,7.737078666687012,0.021422701914986853,361.162597388069
51151,20241115-01-random_heliotrons/20241115-01-022_heliotrons_finiteBeta_randomAspect_randomNfpUpTo8_noTorsion_flux_tubes/heliotron_randomAspect_finiteBeta_maxm1_maxn1_LMN8_000019.h5,1,unstable,1.425038456916809,1.527812,0.070920297398113,0.10277354717254639,unanimous_success,0.828125,1.988968014717102,0.41937413811683655,4.158017635345459,0.0044267178,0.1681614555716196,0.41717591288245404,8.0,-1.2588066962849593,-0.08364044759490175,-45530.73400010407,7.531323432922363,0.3283698299465053,22.93549146749959
51173,20241115-01-random_heliotrons/20241115-01-022_heliotrons_finiteBeta_randomAspect_randomNfpUpTo8_noTorsion_flux_tubes/heliotron_randomAspect_finiteBeta_maxm1_maxn1_LMN8_000024.h5,1,unstable,-1.8608572483062744,-1.8145932,0.11389385905098796,0.046264052391052246,unanimous_success,0.75,3.9284725189208984,1.5972493886947632,0.15553924441337585,0.011013031,0.2895019666442356,1.3300331115483361,3.0,-0.28670389781734895,-0.01553798259782466,-5774.176995313947,9.563990592956543,0.8090146126437859,11.821777312157929
51178,20241115-01-random_heliotrons/20241115-01-022_heliotrons_finiteBeta_randomAspect_randomNfpUpTo8_noTorsion_flux_tubes/heliotron_randomAspect_finiteBeta_maxm1_maxn1_LMN8_000025.h5,1,unstable,-0.6453447341918945,-1.0463144,0.26354363361560784,0.40096962451934814,high_spread_low_error,0.984375,0.5767624378204346,-0.04428135231137276,0.5244817137718201,0.20944315,0.11269244070356545,0.3090564108346768,8.0,-1.1304522075264454,-0.003779379775986494,-51110.318557270395,8.675061225891113,0.09585293769917669,90.5038638786094
51201,20241115-01-random_heliotrons/20241115-01-022_heliotrons_finiteBeta_randomAspect_randomNfpUpTo8_noTorsion_flux_tubes/heliotron_randomAspect_finiteBeta_maxm1_maxn1_LMN8_000031.h5,1,unstable,0.1759621649980545,0.33365193,0.10019661132875264,0.15768976509571075,unanimous_success,0.484375,4.272447109222412,2.7686541080474854,1.1923929452896118,2.9802322e-08,0.1389599165334808,0.3765895885113784,4.0,-0.5517848371999826,-0.13801895788739021,-17451.990036865827,7.631922245025635,0.6977952873040578,10.93719373558924
51219,20241115-01-random_heliotrons/20241115-01-022_heliotrons_finiteBeta_randomAspect_randomNfpUpTo8_noTorsion_flux_tubes/heliotron_randomAspect_finiteBeta_maxm1_maxn1_LMN8_000036.h5,1,unstable,3.6202144622802734,3.636282,0.08379797205645825,0.0160675048828125,unanimous_success,0.96875,4.389788627624512,0.33332473039627075,37.34557342529297,0.021874666,0.21773698164037103,0.5195961970104576,7.0,-1.7126603205244288,-0.5571731956841783,-13321.84148670345,8.360993385314941,0.783734308596776,10.668147730172414
51253,20241115-01-random_heliotrons/20241115-01-022_heliotrons_finiteBeta_randomAspect_randomNfpUpTo8_noTorsion_flux_tubes/heliotron_randomAspect_finiteBeta_maxm1_maxn1_LMN8_000044.h5,1,unstable,4.117665767669678,4.067125,0.08969488418630762,0.050540924072265625,unanimous_success,1.0,7.305607795715332,1.9896332025527954,61.41571807861328,0.039966106,0.2744244154053801,0.6359326136257656,8.0,-2.1282009659951235,-0.7922277686400926,-13598.001325612455,9.297338485717773,0.9816589911254985,9.471047043595174
51313,20241115-01-random_heliotrons/20241115-01-022_heliotrons_finiteBeta_randomAspect_randomNfpUpTo8_noTorsion_flux_tubes/heliotron_randomAspect_finiteBeta_maxm1_maxn1_LMN8_000059.h5,1,unstable,2.186170816421509,2.0996237,0.047875972329595014,0.0865471363067627,unanimous_success,0.453125,2.9654486179351807,0.9596819877624512,8.901062965393066,0.009193659,0.08189358594915748,0.39999374535793836,3.0,-0.55048030003448,0.02217149005671786,-24981.992590460683,6.521466255187988,0.48936941230215547,13.326264558524112
51375,20241115-01-random_heliotrons/20241115-01-022_heliotrons_finiteBeta_randomAspect_randomNfpUpTo8_noTorsion_flux_tubes/heliotron_randomAspect_finiteBeta_maxm1_maxn1_LMN8_000075.h5,1,unstable,1.7684712409973145,1.7551516,0.08185130885438109,0.013319611549377441,unanimous_success,0.75,3.03605055809021,1.2350900173187256,5.861885070800781,0.010218382,0.18718107631132708,0.6599228265586383,4.0,-0.8914072805362624,0.04867239453805697,-44135.202847939545,9.576677322387695,0.5619638875586522,17.04144613987883
51451,20241115-01-random_heliotrons/20241115-01-022_heliotrons_finiteBeta_randomAspect_randomNfpUpTo8_noTorsion_flux_tubes/heliotron_randomAspect_finiteBeta_maxm1_maxn1_LMN8_000094.h5,1,unstable,2.4392311573028564,2.3078427,0.07220771575186405,0.13138842582702637,unanimous_success,0.484375,2.805026054382324,1.0609674453735352,11.46422290802002,0.030951977,0.17034821000702566,0.5366630821429561,4.0,-0.9229344940295017,-0.06887199791064445,-25139.542277886263,7.777976989746094,0.6246504826425994,12.451726534879425
51461,20241115-01-random_heliotrons/20241115-01-022_heliotrons_finiteBeta_randomAspect_randomNfpUpTo8_noTorsion_flux_tubes/heliotron_randomAspect_finiteBeta_maxm1_maxn1_LMN8_000096.h5,1,stable_or_near_floor,-2.0,0.3463076,0.40848168611885144,2.3463076055049896,high_spread_high_error,1.0,2.462923288345337,0.11743904650211334,1.825655203901988e-06,0.06422011,0.22467203902912972,0.9156926285061995,8.0,-1.608846217272154,-0.9401354496709848,-9220.290623138375,6.442119598388672,0.7203580293624896,8.942941337226282
51467,20241115-01-random_heliotrons/20241115-01-022_heliotrons_finiteBeta_randomAspect_randomNfpUpTo8_noTorsion_flux_tubes/heliotron_randomAspect_finiteBeta_maxm1_maxn1_LMN8_000098.h5,1,unstable,0.2634068429470062,0.16835418,0.09538420548255791,0.09505265951156616,unanimous_success,0.53125,2.644667863845825,1.8386807441711426,1.3013560771942139,0.020687774,0.11035153535055144,0.4488007488878148,8.0,-0.30641308420385316,-0.027811568150354318,-6703.151483340201,9.80655574798584,0.5328741628878072,18.403136107859183
51482,20241115-01-random_heliotrons/20241115-01-022_heliotrons_finiteBeta_randomAspect_randomNfpUpTo8_noTorsion_flux_tubes/heliotron_randomAspect_finiteBeta_maxm1_maxn1_LMN8_000101.h5,1,unstable,4.026237964630127,4.002049,0.0918471956026641,0.024188995361328125,unanimous_success,0.953125,5.857290744781494,0.15933766961097717,56.04964828491211,0.04611063,0.2120414970803835,0.5960001870231402,5.0,-1.0227109586244043,-0.6650777279113669,-304.97271294055497,6.079186916351318,0.8378358069766992,7.255821326481436
51656,20241115-01-random_heliotrons/20241115-01-022_heliotrons_finiteBeta_randomAspect_randomNfpUpTo8_noTorsion_flux_tubes/heliotron_randomAspect_finiteBeta_maxm1_maxn1_LMN8_000145.h5,1,unstable,1.8717249631881714,2.0318553,0.07447713337962235,0.16013038158416748,unanimous_success,1.0,4.461733818054199,2.2203643321990967,6.499497890472412,0.021359682,0.15552729071900784,0.37095973610652866,3.0,-0.5300300554050671,-0.044706288827492474,-1569.1191846247607,9.998557090759277,0.7060756040381245,14.16074572407887
51684,20241115-01-random_heliotrons/20241115-01-022_heliotrons_finiteBeta_randomAspect_randomNfpUpTo8_noTorsion_flux_tubes/heliotron_randomAspect_finiteBeta_maxm1_maxn1_LMN8_000152.h5,1,unstable,0.7035731673240662,0.9802265,0.08508152886463295,0.27665334939956665,unanimous_success,0.59375,4.990453720092773,3.211174964904785,2.020961046218872,0.036756635,0.12774000990286427,0.3834907844235262,5.0,-0.7202571514133661,-0.7235526909105976,-24148.163776615707,7.352346420288086,0.8621239524382541,8.528177879171807
51725,20241115-01-random_heliotrons/20241115-01-022_heliotrons_finiteBeta_randomAspect_randomNfpUpTo8_noTorsion_flux_tubes/heliotron_randomAspect_finiteBeta_maxm1_maxn1_LMN8_000162.h5,1,unstable,0.7406899333000183,0.4432695,0.34166980883374054,0.2974204421043396,high_spread_low_error,0.96875,2.141784906387329,-0.3496023118495941,2.097382068634033,0.11609694,0.208893947179969,0.5289249718681402,7.0,-1.6212175231738266,-0.5953266337667441,-19675.27278524194,7.319121360778809,0.7330921040164485,9.983904233423019
51743,20241115-01-random_heliotrons/20241115-01-022_heliotrons_finiteBeta_randomAspect_randomNfpUpTo8_noTorsion_flux_tubes/heliotron_randomAspect_finiteBeta_maxm1_maxn1_LMN8_000167.h5,1,unstable,-0.7077025771141052,-0.8276354,0.14303475390000356,0.11993283033370972,unanimous_success,0.21875,3.4531099796295166,2.476712465286255,0.492775022983551,0.03186357,0.22765164448534542,0.40855772959134645,7.0,-0.865298685068835,-0.21931164302565226,-53691.08365630033,8.959290504455566,0.6815763405517857,13.144955262388315
51768,20241115-01-random_heliotrons/20241115-01-022_heliotrons_finiteBeta_randomAspect_randomNfpUpTo8_noTorsion_flux_tubes/heliotron_randomAspect_finiteBeta_maxm1_maxn1_LMN8_000173.h5,1,unstable,-1.2119380235671997,-0.9614889,0.23917122921855696,0.25044912099838257,high_spread_low_error,0.984375,0.7656598687171936,0.017930015921592712,0.29761990904808044,0.04076451,0.07115183216103532,0.36820629691166307,6.0,-0.46036215366580924,0.012675888394885197,-22424.57247066312,7.079366683959961,0.15137249314630352,46.76785416434715
51799,20241115-01-random_heliotrons/20241115-01-022_heliotrons_finiteBeta_randomAspect_randomNfpUpTo8_noTorsion_flux_tubes/heliotron_randomAspect_finiteBeta_maxm1_maxn1_LMN8_000181.h5,1,unstable,1.818548321723938,2.0621743,0.11598300217250272,0.24362599849700928,unanimous_success,0.96875,4.78985595703125,2.621250629425049,6.162905693054199,0.023209095,0.2786027313121023,0.6123897878823787,6.0,-1.2014536018970798,-0.9050489218019142,-2778.047481521002,7.1288018226623535,0.9710119439442875,7.341621148041588
51865,20241115-01-random_heliotrons/20241115-01-022_heliotrons_finiteBeta_randomAspect_randomNfpUpTo8_noTorsion_flux_tubes/heliotron_randomAspect_finiteBeta_maxm1_maxn1_LMN8_000197.h5,1,unstable,-0.36825937032699585,-0.39984253,0.09728290044720792,0.031583160161972046,unanimous_success,0.6875,1.028732180595398,0.3795587718486786,0.6919376850128174,0.0047332942,0.12746310522094595,0.266739005197739,6.0,-0.9470931095383335,-0.014608972903189441,-6448.8568248368265,9.030977249145508,0.1750272845579839,51.59753961762277
51920,20241115-01-random_heliotrons/20241115-01-022_heliotrons_finiteBeta_randomAspect_randomNfpUpTo8_noTorsion_flux_tubes/heliotron_randomAspect_finiteBeta_maxm1_maxn1_LMN8_000211.h5,1,unstable,3.2922475337982178,3.3128445,0.062066486533274796,0.020596981048583984,unanimous_success,0.9375,3.9973607063293457,0.3948459327220917,26.903261184692383,0.0031661987,0.13387489330247582,0.3736841445011393,3.0,-0.7011432011922997,-0.039323677495260445,-6061.277394008184,9.319230079650879,0.6711588206444916,13.88528287641654
51961,20241115-01-random_heliotrons/20241115-01-022_heliotrons_finiteBeta_randomAspect_randomNfpUpTo8_noTorsion_flux_tubes/heliotron_randomAspect_finiteBeta_maxm1_maxn1_LMN8_000221.h5,1,unstable,0.21668706834316254,0.40458652,0.12044715518028357,0.18789945542812347,unanimous_success,0.65625,1.5865447521209717,0.2359161227941513,1.2419553995132446,0.015523255,0.13748005412548964,0.4470135946254747,2.0,-0.5201695390334823,-0.001539343372787389,-1461.4448714358996,8.372353553771973,0.26844100979326113,31.188802188681642
51963,20241115-01-random_heliotrons/20241115-01-022_heliotrons_finiteBeta_randomAspect_randomNfpUpTo8_noTorsion_flux_tubes/heliotron_randomAspect_finiteBeta_maxm1_maxn1_LMN8_000222.h5,1,stable_or_near_floor,-2.0,-1.9996098,0.012081669745930017,0.00039017200469970703,unanimous_success,0.890625,1.3534172773361206,1.4658451080322266,9.339035500488535e-08,0.0006761551,0.11824606488310797,0.41258286431675734,8.0,-1.2027024121086252,-0.042400989248293754,-63623.85943152021,8.677306175231934,0.3588105057499321,24.183534306209694
52065,20241115-01-random_heliotrons/20241115-01-022_heliotrons_finiteBeta_randomAspect_randomNfpUpTo8_noTorsion_flux_tubes/heliotron_randomAspect_finiteBeta_maxm1_maxn1_LMN8_000247.h5,1,unstable,0.25113701820373535,0.3951543,0.1188438696701701,0.1440172791481018,unanimous_success,0.46875,6.434904098510742,-0.0005901186377741396,1.2854862213134766,8.702278e-05,0.415121199865956,1.478541445526521,4.0,-0.3325331764322813,-0.36390803017112716,-6343.204560366906,9.508241653442383,0.9218650395749516,10.314136283795284
52074,20241115-01-random_heliotrons/20241115-01-022_heliotrons_finiteBeta_randomAspect_randomNfpUpTo8_noTorsion_flux_tubes/heliotron_randomAspect_finiteBeta_maxm1_maxn1_LMN8_000249.h5,1,unstable,1.5098768472671509,1.5474609,0.12363081515744583,0.03758406639099121,unanimous_success,0.140625,6.281178951263428,-0.20711570978164673,4.5261735916137695,0.06818771,0.2418407329985587,1.159581009431973,3.0,-0.3641304073427512,-0.19218095835554047,-17262.533613499403,6.57034158706665,0.7347468069818555,8.942320707803912
52094,20241115-01-random_heliotrons/20241115-01-022_heliotrons_finiteBeta_randomAspect_randomNfpUpTo8_noTorsion_flux_tubes/heliotron_randomAspect_finiteBeta_maxm1_maxn1_LMN8_000254.h5,1,unstable,0.2831304967403412,0.3864305,0.1699099775868668,0.10330000519752502,high_spread_low_error,0.734375,1.4915751218795776,-0.08777282387018204,1.3272783756256104,0.051770896,0.1521637118608212,0.3665897203341823,3.0,-0.7649460247447553,0.005295497646774277,-15960.53107070926,8.123250007629395,0.27146841766095364,29.923370378114498
52246,20241115-01-random_heliotrons/20241115-01-022_heliotrons_finiteBeta_randomAspect_randomNfpUpTo8_noTorsion_flux_tubes/heliotron_randomAspect_finiteBeta_maxm1_maxn1_LMN8_000292.h5,1,stable_or_near_floor,-2.0,-2.000524,0.011527229852866649,0.0005240440368652344,unanimous_success,0.828125,0.5439276695251465,0.7199265956878662,1.0223373436701877e-07,0.00018668175,0.17537601946646714,0.5362035412867592,2.0,-0.3054881653157693,-0.0005851447423416547,-223.49337997337815,7.185532093048096,0.13535514116194935,53.08651028224166
52261,20241115-01-random_heliotrons/20241115-01-022_heliotrons_finiteBeta_randomAspect_randomNfpUpTo8_noTorsion_flux_tubes/heliotron_randomAspect_finiteBeta_maxm1_maxn1_LMN8_000296.h5,1,unstable,2.5244479179382324,2.4358828,0.07019638683030383,0.08856511116027832,unanimous_success,0.328125,2.2648699283599854,0.35820937156677246,12.484000205993652,0.03161192,0.18025588907143392,0.5171546252570809,4.0,-0.8588526860598288,-0.18293102258365393,-5864.81782297704,8.56214427947998,0.8036942932585996,10.653483981781855
52267,20241115-01-random_heliotrons/20241115-01-022_heliotrons_finiteBeta_randomAspect_randomNfpUpTo8_noTorsion_flux_tubes/heliotron_randomAspect_finiteBeta_maxm1_maxn1_LMN8_000298.h5,1,unstable,1.162965178489685,1.357127,0.06905041730450852,0.1941617727279663,unanimous_success,0.234375,2.983276128768921,1.3767529726028442,3.1994059085845947,0.018697977,0.16295158875799237,0.46558152138613035,7.0,-0.6561407763677637,-0.2096020772056519,-26216.717925498066,9.665811538696289,0.6755436395526375,14.308197091600537
52349,20241115-01-random_heliotrons/20241115-01-022_heliotrons_finiteBeta_randomAspect_randomNfpUpTo8_noTorsion_flux_tubes/heliotron_randomAspect_finiteBeta_maxm1_maxn1_LMN8_000318.h5,1,unstable,-0.684381365776062,-0.5930843,0.13527441367601672,0.09129709005355835,unanimous_success,0.75,4.382130146026611,0.4852365553379059,0.5044021606445312,0.021745145,0.26553827379310063,1.4169893652591303,2.0,-0.22515213586055433,-0.19581276688623447,-3011.75949394478,8.287878036499023,0.8481680316917628,9.771504851424258
52451,20241115-01-random_heliotrons/20241115-01-022_heliotrons_finiteBeta_randomAspect_randomNfpUpTo8_noTorsion_flux_tubes/heliotron_randomAspect_finiteBeta_maxm1_maxn1_LMN8_000344.h5,1,unstable,4.660315990447998,4.7253966,0.12113781388522729,0.06508064270019531,unanimous_success,0.953125,6.477453708648682,-0.31732115149497986,105.6694564819336,0.0023884773,0.06851464957202814,0.4342146162946163,3.0,-0.5974721385933021,-0.23112927378544093,-2592.523440187577,9.182821273803711,0.9825019199175765,9.34636471201407
52468,20241115-01-random_heliotrons/20241115-01-022_heliotrons_finiteBeta_randomAspect_randomNfpUpTo8_noTorsion_flux_tubes/heliotron_randomAspect_finiteBeta_maxm1_maxn1_LMN8_000348.h5,1,unstable,2.8806092739105225,2.8852842,0.07816995064599266,0.0046749114990234375,unanimous_success,0.265625,2.8071048259735107,0.0470920130610466,17.825132369995117,0.013693571,0.12028524154672599,0.4244752167615925,5.0,-0.28702416377679596,0.11614773065521526,-21857.177066265274,6.2440690994262695,0.2660055113909363,23.473457624152918
52498,20241115-01-random_heliotrons/20241115-01-022_heliotrons_finiteBeta_randomAspect_randomNfpUpTo8_noTorsion_flux_tubes/heliotron_randomAspect_finiteBeta_maxm1_maxn1_LMN8_000355.h5,1,stable_or_near_floor,-2.0,-1.1150515,0.20095117661338474,0.8849484920501709,high_spread_high_error,0.84375,2.8729820251464844,2.187140941619873,0.10259737074375153,0.1286112,0.24404615273744115,0.5162918767178959,7.0,-1.4043511893232627,-0.3783778873192443,-32759.70139661776,8.499320983886719,0.7082378835239215,12.000658509817832
52541,20241115-01-random_heliotrons/20241115-01-022_heliotrons_finiteBeta_randomAspect_randomNfpUpTo8_noTorsion_flux_tubes/heliotron_randomAspect_finiteBeta_maxm1_maxn1_LMN8_000366.h5,1,unstable,1.8956043720245361,2.1644056,0.09454615989612453,0.268801212310791,unanimous_success,0.765625,5.1519598960876465,2.6819732189178467,6.656569957733154,0.0013973713,0.24192560169861574,0.4967183098335547,6.0,-1.338436578531503,-0.36539820568277676,-17553.800345978478,8.779711723327637,0.7858523477016524,11.172215428261138
52550,20241115-01-random_heliotrons/20241115-01-022_heliotrons_finiteBeta_randomAspect_randomNfpUpTo8_noTorsion_flux_tubes/heliotron_randomAspect_finiteBeta_maxm1_maxn1_LMN8_000368.h5,1,unstable,2.572150707244873,2.6260717,0.05574663605990482,0.05392098426818848,unanimous_success,0.21875,3.4207286834716797,0.0743742436170578,13.093954086303711,0.010168552,0.13035932219776009,0.40130450363483644,7.0,-1.225448309870165,-0.23979381292974455,-2223.202459315535,8.24377727508545,0.5292299983690267,15.576927423787392
52552,20241115-01-random_heliotrons/20241115-01-022_heliotrons_finiteBeta_randomAspect_randomNfpUpTo8_noTorsion_flux_tubes/heliotron_randomAspect_finiteBeta_maxm1_maxn1_LMN8_000369.h5,1,stable_or_near_floor,-2.0,-1.9826659,0.0229011902904858,0.01733410358428955,unanimous_success,0.296875,1.5647315979003906,1.0624911785125732,2.9157769176890724e-07,0.00483191,0.19285679379337964,0.4871579929542289,5.0,-1.0845021445488248,0.04569824956731984,-68483.93735716729,8.52059268951416,0.37591510158933916,22.666268669414375
52603,20241115-01-random_heliotrons/20241115-01-022_heliotrons_finiteBeta_randomAspect_randomNfpUpTo8_noTorsion_flux_tubes/heliotron_randomAspect_finiteBeta_maxm1_maxn1_LMN8_000382.h5,1,unstable,2.075636386871338,2.2694771,0.11753782339182774,0.19384074211120605,unanimous_success,0.59375,2.483743190765381,1.1018800735473633,7.969616413116455,0.03526926,0.18073722415887067,0.9075200017574651,6.0,-0.29548396997131704,-0.27568462346746253,-20575.173938923406,6.2199296951293945,0.7080722044846571,8.784315576483232
52665,20241115-01-random_heliotrons/20241115-01-022_heliotrons_finiteBeta_randomAspect_randomNfpUpTo8_noTorsion_flux_tubes/heliotron_randomAspect_finiteBeta_maxm1_maxn1_LMN8_000397.h5,1,stable_or_near_floor,-1.941549301147461,-1.8611364,0.0935307599088392,0.0804128646850586,unanimous_success,0.953125,0.6120073199272156,0.24120603501796722,0.14348147809505463,0.03277111,0.13604694549762347,0.318768525510634,8.0,-1.2071186338997002,-0.006262299105959855,-45840.258572477615,7.999415874481201,0.1025057664936575,78.0386913645113
52690,20241115-01-random_heliotrons/20241115-01-022_heliotrons_finiteBeta_randomAspect_randomNfpUpTo8_noTorsion_flux_tubes/heliotron_randomAspect_finiteBeta_maxm1_maxn1_LMN8_000403.h5,1,unstable,0.6034837961196899,0.89498603,0.09359065303193398,0.2915022373199463,unanimous_success,0.796875,1.742661476135254,-0.08005030453205109,1.8284777402877808,0.01154685,0.10833651299433145,0.4371938804350637,2.0,-0.398516507353552,-0.0023475984543893337,-2213.961368432334,6.060140609741211,0.2549874052049692,23.766431149294704
52732,20241115-01-random_heliotrons/20241115-01-022_heliotrons_finiteBeta_randomAspect_randomNfpUpTo8_noTorsion_flux_tubes/heliotron_randomAspect_finiteBeta_maxm1_maxn1_LMN8_000414.h5,1,unstable,-0.8652458786964417,-0.75523245,0.11027423582596088,0.11001342535018921,unanimous_success,0.609375,2.457878589630127,1.630685806274414,0.4209480285644531,0.003823042,0.3427265795972079,0.3893948832687693,8.0,-1.4353974935712916,-0.23090685297442184,-35535.07738211007,9.864263534545898,0.6050291622373292,16.303781950061666
52742,20241115-01-random_heliotrons/20241115-01-022_heliotrons_finiteBeta_randomAspect_randomNfpUpTo8_noTorsion_flux_tubes/heliotron_randomAspect_finiteBeta_maxm1_maxn1_LMN8_000416.h5,1,unstable,-0.5275324583053589,-1.0679085,0.31604882268105094,0.5403760671615601,high_spread_high_error,0.484375,0.8032591342926025,0.23930633068084717,0.5900591611862183,0.09264028,0.16775010956356418,0.539484766671362,5.0,-1.0494575570043878,0.029009962332261153,-66763.91700093634,8.440293312072754,0.25924688695363174,32.55697073647933
52859,20241115-01-random_heliotrons/20241115-01-022_heliotrons_finiteBeta_randomAspect_randomNfpUpTo8_noTorsion_flux_tubes/heliotron_randomAspect_finiteBeta_maxm1_maxn1_LMN8_000446.h5,1,unstable,-1.2410037517547607,-1.3632768,0.21137207451766543,0.12227308750152588,high_spread_low_error,0.828125,0.6313544511795044,0.23093688488006592,0.28909388184547424,0.062357068,0.1744406769008951,0.30689277296012696,5.0,-0.6273697320823113,-0.028091023712491815,-1516.5524407820394,9.266558647155762,0.29284324116566707,31.643409662692168
52932,20241115-01-random_heliotrons/20241115-01-022_heliotrons_finiteBeta_randomAspect_randomNfpUpTo8_noTorsion_flux_tubes/heliotron_randomAspect_finiteBeta_maxm1_maxn1_LMN8_000464.h5,1,stable_or_near_floor,-2.0,-1.9954047,0.015300552285813509,0.004595279693603516,unanimous_success,0.828125,3.1316511631011963,5.194874286651611,1.0465051047958696e-07,0.00019931793,0.11286076183582755,0.27185297898408667,6.0,-1.0284658300631369,-0.9060576878139411,-10182.764224084622,9.57580280303955,0.9844881412454789,9.726681715967826
53088,20241115-01-random_heliotrons/20241115-01-022_heliotrons_finiteBeta_randomAspect_randomNfpUpTo8_noTorsion_flux_tubes/heliotron_randomAspect_finiteBeta_maxm1_maxn1_LMN8_000503.h5,1,unstable,2.8354060649871826,2.9156234,0.06251504275961997,0.08021736145019531,unanimous_success,0.984375,4.513715744018555,1.116599678993225,17.03731918334961,0.0011610985,0.24061297013350963,0.651360128267316,8.0,-1.5900240153500946,-0.8778619733970285,-9987.607362213006,8.101003646850586,0.8413357080433266,9.628741023830889
53138,20241115-01-random_heliotrons/20241115-01-022_heliotrons_finiteBeta_randomAspect_randomNfpUpTo8_noTorsion_flux_tubes/heliotron_randomAspect_finiteBeta_maxm1_maxn1_LMN8_000515.h5,1,unstable,1.5125806331634521,1.3659381,0.08703136742521657,0.1466425657272339,unanimous_success,0.890625,2.6066296100616455,1.3776408433914185,4.538427829742432,0.012221813,0.09617080198195369,0.3759612980849186,3.0,-0.605274803772312,-0.04391204532795042,-9199.99142207052,7.8857421875,0.63539509816601,12.410769630205248
53490,20241115-01-random_heliotrons/20241115-01-022_heliotrons_finiteBeta_randomAspect_randomNfpUpTo8_noTorsion_flux_tubes/heliotron_randomAspect_finiteBeta_maxm1_maxn1_LMN8_000603.h5,1,unstable,-1.3390886783599854,-1.2013328,0.18646578249977694,0.1377558708190918,high_spread_low_error,0.515625,1.7772513628005981,1.2439031600952148,0.26208439469337463,0.09457064,0.16298151771750707,0.4426536506233479,6.0,-0.9081199642260542,0.02399242676434425,-66859.81700317677,7.291985988616943,0.33701348856637436,21.63707458605413
53525,20241115-01-random_heliotrons/20241115-01-022_heliotrons_finiteBeta_randomAspect_randomNfpUpTo8_noTorsion_flux_tubes/heliotron_randomAspect_finiteBeta_maxm1_maxn1_LMN8_000612.h5,1,unstable,0.7114194631576538,0.72438234,0.11468132875932949,0.012962877750396729,unanimous_success,0.5625,1.828099012374878,0.9254468083381653,2.0368804931640625,0.02066356,0.16719979483093084,0.5445992729852024,5.0,-1.0861360248332954,-0.03787535288374866,-30837.55678983649,6.561959266662598,0.321794054016618,20.391797750009786
53785,20241115-01-random_heliotrons/20241115-01-022_heliotrons_finiteBeta_randomAspect_randomNfpUpTo8_noTorsion_flux_tubes/heliotron_randomAspect_finiteBeta_maxm1_maxn1_LMN8_000677.h5,1,stable_or_near_floor,-2.0,-1.9974316,0.0427004661522043,0.002568364143371582,unanimous_success,0.375,2.775604248046875,0.4599999487400055,7.482165074179647e-07,0.004729986,0.4021534183887451,1.4124329284689572,4.0,-0.4369524531556533,0.18060664228432335,-47971.11409183275,7.493781089782715,0.5275067099917062,14.206039369433872
53811,20241115-01-random_heliotrons/20241115-01-022_heliotrons_finiteBeta_randomAspect_randomNfpUpTo8_noTorsion_flux_tubes/heliotron_randomAspect_finiteBeta_maxm1_maxn1_LMN8_000684.h5,1,unstable,0.12073369324207306,0.23217931,0.2381495587119471,0.11144562065601349,high_spread_low_error,0.546875,3.11330246925354,1.9183332920074463,1.1283243894577026,0.037747234,0.38923350005026025,1.0186430763732306,4.0,-0.4467861289866161,0.0984792792294698,-53129.51032546305,6.953778266906738,0.6209779413415637,11.198108344853221
53871,20241115-01-random_heliotrons/20241115-01-022_heliotrons_finiteBeta_randomAspect_randomNfpUpTo8_noTorsion_flux_tubes/heliotron_randomAspect_finiteBeta_maxm1_maxn1_LMN8_000699.h5,1,unstable,-0.31192395091056824,-0.082664795,0.13705252945652796,0.22925915569067,unanimous_success,0.734375,0.9892690777778625,0.11129395663738251,0.7320371866226196,0.034367613,0.08070722825972276,0.31392878186710527,4.0,-0.8321060172552386,-0.009507442492745504,-3365.133783531047,8.98530387878418,0.21057964224757575,42.66938524009968
53886,20241115-01-random_heliotrons/20241115-01-022_heliotrons_finiteBeta_randomAspect_randomNfpUpTo8_noTorsion_flux_tubes/heliotron_randomAspect_finiteBeta_maxm1_maxn1_LMN8_000702.h5,1,unstable,-1.1757614612579346,0.096549295,0.25664286364247196,1.2723107561469078,high_spread_high_error,0.484375,1.34779691696167,-0.1562606543302536,0.30858391523361206,0.018430304,0.21525683110417795,0.5195329845265928,5.0,-1.1096303097575912,0.012886886967971993,-56349.639367127165,7.5786895751953125,0.33903390674487877,22.353780623181848
53943,20241115-01-random_heliotrons/20241115-01-022_heliotrons_finiteBeta_randomAspect_randomNfpUpTo8_noTorsion_flux_tubes/heliotron_randomAspect_finiteBeta_maxm1_maxn1_LMN8_000717.h5,1,unstable,2.37758469581604,2.5442517,0.0885026669853,0.16666698455810547,unanimous_success,0.21875,3.0667052268981934,-0.28557145595550537,10.778838157653809,0.02712226,0.26054073974463954,0.5939550898531191,5.0,-1.0563778388653886,-0.20660847647136854,-9172.537196082036,7.134312629699707,0.5975400485672939,11.939471917916567
54031,20241115-01-random_heliotrons/20241115-01-022_heliotrons_finiteBeta_randomAspect_randomNfpUpTo8_noTorsion_flux_tubes/heliotron_randomAspect_finiteBeta_maxm1_maxn1_LMN8_000739.h5,1,unstable,2.634641170501709,2.577116,0.10863753081453474,0.0575251579284668,unanimous_success,1.0,3.328355550765991,0.1877223551273346,13.938308715820312,0.020259857,0.2825559498638526,0.8629991168641306,8.0,-1.9789090878217228,-1.0674031804598787,-14499.31134291847,8.087478637695312,0.9773118701013845,8.27522808748484
54206,20241115-01-random_heliotrons/20241115-01-022_heliotrons_finiteBeta_randomAspect_randomNfpUpTo8_noTorsion_flux_tubes/heliotron_randomAspect_finiteBeta_maxm1_maxn1_LMN8_000782.h5,1,stable_or_near_floor,-2.0,-1.9731084,0.043699617021777076,0.026891589164733887,unanimous_success,0.484375,1.4849016666412354,0.0017519459361210465,1.6683209480561345e-07,0.00066268444,0.15266937019477658,0.7654081283719777,3.0,-0.5255765408963914,0.05131058640537932,-55653.83854225719,8.149306297302246,0.19718693331233272,41.32782107014269
54368,20241115-01-random_heliotrons/20241115-01-022_heliotrons_finiteBeta_randomAspect_randomNfpUpTo8_noTorsion_flux_tubes/heliotron_randomAspect_finiteBeta_maxm1_maxn1_LMN8_000823.h5,1,unstable,4.2090373039245605,4.195292,0.07570516690889063,0.013745307922363281,unanimous_success,0.65625,8.595100402832031,2.109135150909424,67.2917251586914,0.0,0.15821749375604263,0.3581373273204945,4.0,-0.6732295027261395,-0.701514335378897,-23362.87224566,7.102851390838623,0.8917609935844123,7.964972051859859
54376,20241115-01-random_heliotrons/20241115-01-022_heliotrons_finiteBeta_randomAspect_randomNfpUpTo8_noTorsion_flux_tubes/heliotron_randomAspect_finiteBeta_maxm1_maxn1_LMN8_000825.h5,1,unstable,3.170797348022461,3.0522645,0.07264401020673249,0.11853289604187012,unanimous_success,0.828125,2.9070818424224854,-0.019845006987452507,23.826473236083984,0.008341551,0.10602569884408065,0.4473348027339285,2.0,-0.37400180573266295,0.05580755546636446,-16577.03995155666,8.710403442382812,0.41522675203633286,20.97746207262831
54407,20241115-01-random_heliotrons/20241115-01-022_heliotrons_finiteBeta_randomAspect_randomNfpUpTo8_noTorsion_flux_tubes/heliotron_randomAspect_finiteBeta_maxm1_maxn1_LMN8_000833.h5,1,unstable,0.8411645293235779,0.12109504,0.178709665403859,0.7200694903731346,high_spread_high_error,0.296875,1.2511519193649292,-0.18044960498809814,2.319066047668457,0.00028334558,0.1847686543747578,0.47449524002128235,6.0,-0.9408845107384978,-0.3008807930415603,-22323.876734158788,9.136777877807617,0.7470964642315284,12.229716395734528
54470,20241115-01-random_heliotrons/20241115-01-022_heliotrons_finiteBeta_randomAspect_randomNfpUpTo8_noTorsion_flux_tubes/heliotron_randomAspect_finiteBeta_maxm1_maxn1_LMN8_000848.h5,1,unstable,-0.2536468207836151,0.2375615,0.1857277660129595,0.4912083148956299,high_spread_low_error,0.765625,1.4731203317642212,-0.17704923450946808,0.7759658098220825,0.030505985,0.12729447842533553,0.38786546352873896,8.0,-1.459716649424479,-0.264962967350375,-38544.35798381069,7.819027423858643,0.5256967449333274,14.873646259404378
54481,20241115-01-random_heliotrons/20241115-01-022_heliotrons_finiteBeta_randomAspect_randomNfpUpTo8_noTorsion_flux_tubes/heliotron_randomAspect_finiteBeta_maxm1_maxn1_LMN8_000851.h5,1,unstable,0.7091141939163208,0.5796287,0.11083778800608561,0.12948548793792725,unanimous_success,0.75,3.5207977294921875,0.6370922923088074,2.0321903228759766,0.041071415,0.2812291294801095,1.0065996091964668,2.0,-0.3811223201782689,0.07535748886182068,-22007.415249853922,7.878016948699951,0.4156876158238202,18.95177207309171
54770,20241115-01-random_heliotrons/20241115-01-022_heliotrons_finiteBeta_randomAspect_randomNfpUpTo8_noTorsion_flux_tubes/heliotron_randomAspect_finiteBeta_maxm1_maxn1_LMN8_000923.h5,1,unstable,2.1369948387145996,2.0725875,0.07862160896636201,0.0644073486328125,unanimous_success,0.375,3.2657628059387207,1.416529893875122,8.473934173583984,0.008220911,0.14072264944670665,0.4035033676515843,6.0,-1.0237077221575157,-0.06797616203415564,-54260.97787587029,6.3080010414123535,0.40190684201390314,15.695182022290979
54858,20241115-01-random_heliotrons/20241115-01-022_heliotrons_finiteBeta_randomAspect_randomNfpUpTo8_noTorsion_flux_tubes/heliotron_randomAspect_finiteBeta_maxm1_maxn1_LMN8_000945.h5,1,unstable,-0.254659503698349,-0.388862,0.22417309929649246,0.1342025101184845,high_spread_low_error,0.46875,1.1296892166137695,0.309421569108963,0.7751803994178772,0.037856042,0.16306708864320502,0.3313457301066363,4.0,-0.9962136989175516,-0.018983036206107747,-11967.712564833384,9.253422737121582,0.4105240945114619,22.540510680946706
54934,20241115-01-random_heliotrons/20241115-01-022_heliotrons_finiteBeta_randomAspect_randomNfpUpTo8_noTorsion_flux_tubes/heliotron_randomAspect_finiteBeta_maxm1_maxn1_LMN8_000964.h5,1,unstable,-0.8738943934440613,-0.591079,0.18853300105384702,0.2828153967857361,high_spread_low_error,0.84375,0.9698665142059326,0.12893590331077576,0.41732317209243774,0.2148374,0.13808791002843696,0.47560377097817347,8.0,-1.6820928576600929,-0.013802072224448904,-48626.1386841491,9.690305709838867,0.21888822225197702,44.270567005125116
55161,20241115-01-random_heliotrons/20241115-01-022_heliotrons_finiteBeta_randomAspect_randomNfpUpTo8_noTorsion_flux_tubes/heliotron_randomAspect_finiteBeta_maxm1_maxn1_LMN8_001021.h5,1,unstable,0.03548233211040497,0.043271113,0.11514835440143417,0.007788781076669693,unanimous_success,0.234375,4.978508949279785,0.5232863426208496,1.0361193418502808,0.017943457,0.2956241035300278,1.368021578317903,7.0,-0.47483578116790576,0.08084843597635143,-46184.15297519437,8.379002571105957,0.6286133428214263,13.329342539084836
55189,20241115-01-random_heliotrons/20241115-01-022_heliotrons_finiteBeta_randomAspect_randomNfpUpTo8_noTorsion_flux_tubes/heliotron_randomAspect_finiteBeta_maxm1_maxn1_LMN8_001028.h5,1,unstable,0.26316848397254944,0.34302902,0.13189192935465913,0.07986053824424744,unanimous_success,0.484375,2.859555959701538,0.30251580476760864,1.3010458946228027,0.04186517,0.17224735868898872,0.8965210441520135,6.0,-0.3839366159548399,0.11343346897609326,-37379.73020634804,6.098097801208496,0.2807150122191272,21.723447395995688
55225,20241115-01-random_heliotrons/20241115-01-022_heliotrons_finiteBeta_randomAspect_randomNfpUpTo8_noTorsion_flux_tubes/heliotron_randomAspect_finiteBeta_maxm1_maxn1_LMN8_001037.h5,1,unstable,3.6374855041503906,3.5216317,0.11846298027072848,0.11585378646850586,unanimous_success,1.0,6.954129219055176,1.8024518489837646,37.996177673339844,0.03358841,0.3746796132047195,0.9916352745071555,8.0,-1.547657680944219,-1.5531042850942827,-15137.169963058755,6.807616710662842,0.9708901968178559,7.01172669471292
55270,20241115-01-random_heliotrons/20241115-01-022_heliotrons_finiteBeta_randomAspect_randomNfpUpTo8_noTorsion_flux_tubes/heliotron_randomAspect_finiteBeta_maxm1_maxn1_LMN8_001048.h5,1,unstable,-0.8594416975975037,-0.9640694,0.3963342403821255,0.10462772846221924,high_spread_low_error,0.90625,1.8076494932174683,1.2614328861236572,0.4233984053134918,0.059550166,0.3207023886783926,0.7060634916022914,4.0,-0.7406252380470923,-0.5056374547494336,-27235.11679018943,6.563826084136963,0.8381763410207796,7.831080123477544
55347,20241115-01-random_heliotrons/20241115-01-022_heliotrons_finiteBeta_randomAspect_randomNfpUpTo8_noTorsion_flux_tubes/heliotron_randomAspect_finiteBeta_maxm1_maxn1_LMN8_001068.h5,1,unstable,0.578667402267456,0.7443645,0.29226397261190024,0.1656970977783203,high_spread_low_error,0.84375,1.27338707447052,-0.13288624584674835,1.7836599349975586,0.033088565,0.1490426313627726,0.6317197783453478,4.0,-0.9506965065843805,0.03429101610613032,-36922.89308538666,9.305821418762207,0.5274667163772706,17.642480804620508
55358,20241115-01-random_heliotrons/20241115-01-022_heliotrons_finiteBeta_randomAspect_randomNfpUpTo8_noTorsion_flux_tubes/heliotron_randomAspect_finiteBeta_maxm1_maxn1_LMN8_001070.h5,1,unstable,-0.06338079273700714,-0.22235909,0.16661198126125337,0.15897829830646515,high_spread_low_error,0.859375,1.2501811981201172,0.45159462094306946,0.9385859966278076,0.031508103,0.14371406919306748,0.36918381180918225,6.0,-0.9300234764523495,0.020774979588455693,-84085.88352634256,7.072220325469971,0.21717680569850684,32.5643445335866
55459,20241115-01-random_heliotrons/20241115-01-022_heliotrons_finiteBeta_randomAspect_randomNfpUpTo8_noTorsion_flux_tubes/heliotron_randomAspect_finiteBeta_maxm1_maxn1_LMN8_001096.h5,1,unstable,1.633144736289978,1.5140805,0.08778450194312035,0.11906421184539795,unanimous_success,0.21875,4.700605869293213,2.4207942485809326,5.119950294494629,0.010979772,0.19502104886611601,0.43576924242270687,7.0,-1.422613095618594,-0.15890314317908685,-48905.46255910203,9.280633926391602,0.6072320339852111,15.28350516273591
55653,20241115-01-random_heliotrons/20241115-01-022_heliotrons_finiteBeta_randomAspect_randomNfpUpTo8_noTorsion_flux_tubes/heliotron_randomAspect_finiteBeta_maxm1_maxn1_LMN8_001144.h5,1,unstable,-0.9321969747543335,-1.6341882,0.2322260762300311,0.7019912004470825,high_spread_high_error,0.671875,0.6704779863357544,0.15184444189071655,0.3936878442764282,2.3841858e-07,0.13795830692614527,0.5234028016222632,6.0,-1.159459313071872,-0.040897109811405936,-24161.98350308946,7.565642833709717,0.30111223360546946,25.125657443804013
55719,20241115-01-random_heliotrons/20241115-01-022_heliotrons_finiteBeta_randomAspect_randomNfpUpTo8_noTorsion_flux_tubes/heliotron_randomAspect_finiteBeta_maxm1_maxn1_LMN8_001161.h5,1,stable_or_near_floor,-2.0,-2.0010319,0.010217599352376597,0.0010318756103515625,unanimous_success,1.0,0.5750137567520142,0.8346078991889954,1.058425667110896e-07,2.1457672e-06,0.11283200746493595,0.27299289837400653,5.0,-0.6747792613094691,-0.032401947146364865,-7889.166860101735,9.683499336242676,0.3810774278842961,25.410844693700433
55747,20241115-01-random_heliotrons/20241115-01-022_heliotrons_finiteBeta_randomAspect_randomNfpUpTo8_noTorsion_flux_tubes/heliotron_randomAspect_finiteBeta_maxm1_maxn1_LMN8_001168.h5,1,unstable,1.3920220136642456,1.0748206,0.08615444742400659,0.3172013759613037,unanimous_success,0.34375,1.8841301202774048,0.03487155959010124,4.022976398468018,0.0019522905,0.16492018394132718,0.32259603818168664,6.0,-1.3123840692431903,-0.13800586671603957,-20963.338681190406,8.344985961914062,0.5203283502220011,16.03792289686623
55795,20241115-01-random_heliotrons/20241115-01-022_heliotrons_finiteBeta_randomAspect_randomNfpUpTo8_noTorsion_flux_tubes/heliotron_randomAspect_finiteBeta_maxm1_maxn1_LMN8_001180.h5,1,stable_or_near_floor,-2.0,-1.3405123,0.16834013989385646,0.6594877243041992,high_spread_high_error,0.875,1.541205644607544,0.8803465962409973,0.08130306005477905,0.0041502714,0.14069718051664898,0.444587211330609,7.0,-0.9518577061062149,0.00816713924546413,-57054.89098026133,8.779433250427246,0.32797233824541305,26.76882232628359
56033,20241115-01-random_heliotrons/20241115-01-022_heliotrons_finiteBeta_randomAspect_randomNfpUpTo8_noTorsion_flux_tubes/heliotron_randomAspect_finiteBeta_maxm1_maxn1_LMN8_001239.h5,1,unstable,1.569151520729065,1.5299779,0.10496645560908062,0.03917360305786133,unanimous_success,0.515625,4.649637699127197,0.7288779616355896,4.802571773529053,0.008798599,0.2584924921671117,0.839795392017614,4.0,-0.4053326299776151,-0.43459992374321055,-17649.623201150596,6.833996772766113,0.8065829391655931,8.47277625266393
56061,20241115-01-random_heliotrons/20241115-01-022_heliotrons_finiteBeta_randomAspect_randomNfpUpTo8_noTorsion_flux_tubes/heliotron_randomAspect_finiteBeta_maxm1_maxn1_LMN8_001246.h5,1,unstable,0.18921075761318207,0.43094715,0.10679578744761732,0.24173639714717865,unanimous_success,0.46875,2.4221527576446533,1.6760292053222656,1.2082955837249756,2.9802322e-08,0.07935585367742315,0.4139873239438166,3.0,-0.6098374201180737,-0.05518843287689093,-6309.930971922855,6.660870552062988,0.5527027081508221,12.051452713789422
56108,20241115-01-random_heliotrons/20241115-01-022_heliotrons_finiteBeta_randomAspect_randomNfpUpTo8_noTorsion_flux_tubes/heliotron_randomAspect_finiteBeta_maxm1_maxn1_LMN8_001258.h5,1,unstable,-1.351550817489624,-0.81882805,0.22738824238218652,0.5327227711677551,high_spread_high_error,0.9375,0.8842129707336426,-0.0408569797873497,0.2588385343551636,0.23044008,0.13133978450793304,0.3006021603810593,8.0,-1.4780225109137857,-0.01297009262997343,-47365.04847030218,8.937521934509277,0.17075804452401544,52.34026870840807
56153,20241115-01-random_heliotrons/20241115-01-022_heliotrons_finiteBeta_randomAspect_randomNfpUpTo8_noTorsion_flux_tubes/heliotron_randomAspect_finiteBeta_maxm1_maxn1_LMN8_001269.h5,1,unstable,1.8070014715194702,1.8179795,0.06380361344084148,0.010977983474731445,unanimous_success,0.796875,2.5237462520599365,0.9382529854774475,6.0921525955200195,0.006471753,0.1386733067966607,0.31015281227671676,3.0,-0.7515453590330854,-0.01813742770055029,-12868.31261043513,8.550289154052734,0.6311501779513528,13.54715478621281
56178,20241115-01-random_heliotrons/20241115-01-022_heliotrons_finiteBeta_randomAspect_randomNfpUpTo8_noTorsion_flux_tubes/heliotron_randomAspect_finiteBeta_maxm1_maxn1_LMN8_001276.h5,1,unstable,1.3478407859802246,1.0837568,0.11212677054547825,0.26408398151397705,unanimous_success,0.59375,2.0853099822998047,1.0714504718780518,3.8491055965423584,0.034379005,0.19074968826155853,0.6257617699612759,4.0,-0.7176866105977012,-0.009442201021686853,-34780.9415228959,6.734194755554199,0.49640667971348296,13.565882633652423
56211,20241115-01-random_heliotrons/20241115-01-022_heliotrons_finiteBeta_randomAspect_randomNfpUpTo8_noTorsion_flux_tubes/heliotron_randomAspect_finiteBeta_maxm1_maxn1_LMN8_001284.h5,1,unstable,3.256126642227173,3.21624,0.07246915905287296,0.0398867130279541,unanimous_success,0.84375,5.207817554473877,-0.2060619741678238,25.948835372924805,0.009475231,0.09086697794394501,0.3047963604045157,8.0,-0.7664357649291117,-0.5595940566016512,-7466.044167712844,9.672332763671875,0.812946745975981,11.897867617465867
56446,20241115-01-random_heliotrons/20241115-01-022_heliotrons_finiteBeta_randomAspect_randomNfpUpTo8_noTorsion_flux_tubes/heliotron_randomAspect_finiteBeta_maxm1_maxn1_LMN8_001343.h5,1,stable_or_near_floor,-2.0,-1.9214654,0.07814421383719602,0.07853460311889648,unanimous_success,0.359375,1.5725921392440796,1.0803070068359375,9.246458034795069e-07,0.009984374,0.24799800349218187,0.6883216567561611,5.0,-0.5611581360225321,0.16352951830345777,-55735.54134398707,8.999222755432129,0.5383752058194174,16.715522294038667
56647,20241115-01-random_heliotrons/20241115-01-022_heliotrons_finiteBeta_randomAspect_randomNfpUpTo8_noTorsion_flux_tubes/heliotron_randomAspect_finiteBeta_maxm1_maxn1_LMN8_001393.h5,1,stable_or_near_floor,-2.0,-1.2167459,0.254824251998907,0.7832541465759277,high_spread_high_error,0.96875,2.7343313694000244,2.235189199447632,2.2518406694871373e-06,0.07155061,0.18143544690615868,0.5557758252866666,8.0,-0.9483562566505047,-0.8008009265297388,-14055.776543531521,6.137980937957764,0.6711294052235378,9.145748778379549
56786,20241115-01-random_heliotrons/20241115-01-022_heliotrons_finiteBeta_randomAspect_randomNfpUpTo8_noTorsion_flux_tubes/heliotron_randomAspect_finiteBeta_maxm1_maxn1_LMN8_001428.h5,1,unstable,4.346094131469727,4.591782,0.43544179736282745,0.24568796157836914,high_spread_low_error,1.0,9.488533973693848,0.14649932086467743,77.17643737792969,0.10529995,0.4175220058771224,1.6072670941810414,8.0,-2.2987719939189475,-1.4326191079244892,-7769.529031636917,6.351624011993408,0.9867503930432675,6.436910546753539
56933,20241115-01-random_heliotrons/20241115-01-022_heliotrons_finiteBeta_randomAspect_randomNfpUpTo8_noTorsion_flux_tubes/heliotron_randomAspect_finiteBeta_maxm1_maxn1_LMN8_001464.h5,1,stable_or_near_floor,-2.0,-1.9984536,0.026080335998644347,0.0015463829040527344,unanimous_success,0.828125,2.0704381465911865,0.3806428611278534,2.8208752667069348e-08,0.000121831894,0.25065860447400695,1.337939459778487,4.0,-0.28320752539308747,0.13415529087541733,-11589.243837318916,9.416898727416992,0.5865151170510265,16.05567947637013
56940,20241115-01-random_heliotrons/20241115-01-022_heliotrons_finiteBeta_randomAspect_randomNfpUpTo8_noTorsion_flux_tubes/heliotron_randomAspect_finiteBeta_maxm1_maxn1_LMN8_001466.h5,1,unstable,1.057893991470337,0.68141454,0.09512557523631604,0.37647944688796997,unanimous_success,0.578125,1.4752949476242065,0.07197282463312149,2.880298614501953,0.04079318,0.10075757576339078,0.3400198404592747,8.0,-1.2601774805849262,-0.17876154174289338,-4019.4933206895075,6.578020095825195,0.3900584539790586,16.864190555855394
57057,20241115-01-random_heliotrons/20241115-01-022_heliotrons_finiteBeta_randomAspect_randomNfpUpTo8_noTorsion_flux_tubes/heliotron_randomAspect_finiteBeta_maxm1_maxn1_LMN8_001495.h5,1,unstable,-0.3897092044353485,-0.1983034,0.10790621346485078,0.19140580296516418,unanimous_success,0.734375,4.060007095336914,3.0995874404907227,0.677253782749176,0.017421633,0.1027714665905617,0.39073567634833084,3.0,-0.6853644416468474,-0.14441998728842498,-16299.982823942133,7.698230743408203,0.79675671146416,9.66195908066033
57081,20241115-01-random_heliotrons/20241115-01-022_heliotrons_finiteBeta_randomAspect_randomNfpUpTo8_noTorsion_flux_tubes/heliotron_randomAspect_finiteBeta_maxm1_maxn1_LMN8_001501.h5,1,unstable,0.930278480052948,0.88376725,0.09877990391547589,0.04651123285293579,unanimous_success,0.4375,3.9349730014801025,0.725970447063446,2.535215139389038,0.05428469,0.27147435446462664,0.9344703891756344,3.0,-0.44850340101423597,-0.1785696285797035,-21764.600778623433,7.971772193908691,0.7539238791467454,10.57370964682901
57189,20241115-01-random_heliotrons/20241115-01-022_heliotrons_finiteBeta_randomAspect_randomNfpUpTo8_noTorsion_flux_tubes/heliotron_randomAspect_finiteBeta_maxm1_maxn1_LMN8_001528.h5,1,unstable,0.5310774445533752,0.42522657,0.16253666059338762,0.10585087537765503,high_spread_low_error,0.609375,1.8708455562591553,0.4609379470348358,1.7007638216018677,0.036596656,0.2120136281429275,0.5528946971102158,4.0,-0.7069907517978697,0.05666598729895742,-37743.06886661394,9.653848648071289,0.41953173769617413,23.011009133861116
57200,20241115-01-random_heliotrons/20241115-01-022_heliotrons_finiteBeta_randomAspect_randomNfpUpTo8_noTorsion_flux_tubes/heliotron_randomAspect_finiteBeta_maxm1_maxn1_LMN8_001531.h5,1,unstable,2.1116111278533936,2.1289222,0.06669597000758538,0.01731109619140625,unanimous_success,0.90625,2.869598627090454,0.0918923020362854,8.261541366577148,0.0064058304,0.18891523442663863,0.42288118679884795,8.0,-1.431030779725346,-0.5802042693181625,-17981.352885562832,8.241617202758789,0.7158969561333565,11.512295355008536
57243,20241115-01-random_heliotrons/20241115-01-022_heliotrons_finiteBeta_randomAspect_randomNfpUpTo8_noTorsion_flux_tubes/heliotron_randomAspect_finiteBeta_maxm1_maxn1_LMN8_001542.h5,1,unstable,2.2839903831481934,2.2990072,0.05123605165141503,0.015016794204711914,unanimous_success,0.75,3.066394090652466,0.3373669385910034,9.815771102905273,0.0009098053,0.08087797684689971,0.3002856993553191,5.0,-0.7591801170122326,-0.09479579755757166,-3334.675658803828,8.300933837890625,0.47566989911695534,17.451038741994545
57352,20241115-01-random_heliotrons/20241115-01-022_heliotrons_finiteBeta_randomAspect_randomNfpUpTo8_noTorsion_flux_tubes/heliotron_randomAspect_finiteBeta_maxm1_maxn1_LMN8_001569.h5,1,unstable,-0.3803701102733612,0.07278802,0.10993377734007946,0.4531581327319145,unanimous_success,0.5625,1.484872817993164,0.7055428624153137,0.68360835313797,1.4901161e-08,0.22908373186228956,0.5111207327485461,6.0,-1.2376915444865109,-0.012353149714775644,-33549.62906105021,8.868680000305176,0.2620252299736322,33.84666431243143
57544,20241115-01-random_heliotrons/20241115-01-022_heliotrons_finiteBeta_randomAspect_randomNfpUpTo8_noTorsion_flux_tubes/heliotron_randomAspect_finiteBeta_maxm1_maxn1_LMN8_001617.h5,1,unstable,-1.2939382791519165,-1.8156443,0.16737447539989297,0.5217059850692749,high_spread_high_error,0.890625,1.219980001449585,0.8011109232902527,0.2741888165473938,0.028551698,0.12203281983461656,0.39023176917016805,7.0,-1.4445132306365644,-0.3997015439684069,-7147.861484954922,7.808516025543213,0.6365910590790558,12.266141527089063
57550,20241115-01-random_heliotrons/20241115-01-022_heliotrons_finiteBeta_randomAspect_randomNfpUpTo8_noTorsion_flux_tubes/heliotron_randomAspect_finiteBeta_maxm1_maxn1_LMN8_001619.h5,1,unstable,4.721381664276123,5.039983,0.1647380333212369,0.318601131439209,high_spread_low_error,0.9375,8.923688888549805,-0.45778006315231323,112.32334899902344,0.018537521,0.20688812887370744,0.6230924494517044,4.0,-1.103820846166773,-0.5012169439948955,-10567.01831774382,6.5577192306518555,0.9766696638912696,6.714367685512459
57562,20241115-01-random_heliotrons/20241115-01-022_heliotrons_finiteBeta_randomAspect_randomNfpUpTo8_noTorsion_flux_tubes/heliotron_randomAspect_finiteBeta_maxm1_maxn1_LMN8_001622.h5,1,unstable,2.5630381107330322,2.5797977,0.13521243438356023,0.016759634017944336,unanimous_success,0.21875,2.4642155170440674,-0.2867528200149536,12.975177764892578,0.03434205,0.08322356125256637,0.5395501152923865,6.0,-0.4450545784405689,-1.0834500447712214,-4816.667652768426,8.118608474731445,0.9589972538368727,8.465726509903474
57603,20241115-01-random_heliotrons/20241115-01-022_heliotrons_finiteBeta_randomAspect_randomNfpUpTo8_noTorsion_flux_tubes/heliotron_randomAspect_finiteBeta_maxm1_maxn1_LMN8_001632.h5,1,unstable,2.27937912940979,2.3053555,0.05179337823192971,0.02597641944885254,unanimous_success,0.109375,3.633650302886963,0.9697642922401428,9.770612716674805,0.010639429,0.17706605239894901,0.4390325454944216,5.0,-1.0790158994650543,-0.003962876811003367,-57656.869538798215,8.011636734008789,0.5364563438505048,14.934368520099756
57616,20241115-01-random_heliotrons/20241115-01-022_heliotrons_finiteBeta_randomAspect_randomNfpUpTo8_noTorsion_flux_tubes/heliotron_randomAspect_finiteBeta_maxm1_maxn1_LMN8_001635.h5,1,unstable,-1.273047685623169,-1.4958359,0.25457315436176775,0.22278821468353271,high_spread_low_error,0.671875,0.8268786072731018,0.2906526029109955,0.27997705340385437,0.04038894,0.23581299870771527,0.7269004436791052,6.0,-1.4082237175220222,0.0010433091952282239,-51950.62098351424,9.72790241241455,0.08438551991167165,115.27928514983353
57658,20241115-01-random_heliotrons/20241115-01-022_heliotrons_finiteBeta_randomAspect_randomNfpUpTo8_noTorsion_flux_tubes/heliotron_randomAspect_finiteBeta_maxm1_maxn1_LMN8_001646.h5,1,unstable,2.627025842666626,2.684735,0.07748201371638856,0.0577092170715332,unanimous_success,0.859375,3.445413112640381,0.17227299511432648,13.832568168640137,0.0065255165,0.18713801281064038,0.5269598342982285,6.0,-1.0703558095838959,-0.6704178995038305,-8003.339498297841,7.864658355712891,0.907775590014351,8.663659215146508
57666,20241115-01-random_heliotrons/20241115-01-022_heliotrons_finiteBeta_randomAspect_randomNfpUpTo8_noTorsion_flux_tubes/heliotron_randomAspect_finiteBeta_maxm1_maxn1_LMN8_001648.h5,1,unstable,0.025433389469981194,0.35193822,0.10800354382106027,0.3265048284083605,unanimous_success,0.21875,1.7880903482437134,0.8817554712295532,1.0257595777511597,0.03663978,0.2072556096027997,0.5773540845784504,8.0,-1.4695464595588936,-0.1369348026364635,-50589.261655401635,9.000365257263184,0.4865018988968616,18.500164701661856
57782,20241115-01-random_heliotrons/20241115-01-022_heliotrons_finiteBeta_randomAspect_randomNfpUpTo8_noTorsion_flux_tubes/heliotron_randomAspect_finiteBeta_maxm1_maxn1_LMN8_001677.h5,1,unstable,1.0172172784805298,1.1847584,0.19898946231464418,0.16754114627838135,high_spread_low_error,0.546875,1.5424617528915405,-0.11996083706617355,2.765488624572754,0.015246391,0.19899375012026038,0.8571922056722107,3.0,-0.5216652777348264,0.02470002380972821,-30592.94278835434,8.555183410644531,0.5961906767813805,14.349743704196946
57848,20241115-01-random_heliotrons/20241115-01-022_heliotrons_finiteBeta_randomAspect_randomNfpUpTo8_noTorsion_flux_tubes/heliotron_randomAspect_finiteBeta_maxm1_maxn1_LMN8_001693.h5,1,unstable,2.213926076889038,2.1724987,0.03855913858209713,0.0414273738861084,unanimous_success,0.828125,3.21177339553833,1.0225961208343506,9.151576042175293,0.004157543,0.12734847827811344,0.3207227769650769,8.0,-0.9730067287638505,-0.1690885167237069,-18424.167100465165,8.478607177734375,0.44487244531300685,19.058512764864386
57853,20241115-01-random_heliotrons/20241115-01-022_heliotrons_finiteBeta_randomAspect_randomNfpUpTo8_noTorsion_flux_tubes/heliotron_randomAspect_finiteBeta_maxm1_maxn1_LMN8_001694.h5,1,unstable,2.964486837387085,3.0413446,0.10273172897708083,0.0768578052520752,unanimous_success,0.328125,3.245504856109619,0.7113202810287476,19.384754180908203,0.030096054,0.15137361652463888,0.6091922113761655,5.0,-0.9522446186282318,-0.003261441329017717,-44922.78807632466,9.439274787902832,0.598155302293973,15.780642170524052
57972,20241115-01-random_heliotrons/20241115-01-022_heliotrons_finiteBeta_randomAspect_randomNfpUpTo8_noTorsion_flux_tubes/heliotron_randomAspect_finiteBeta_maxm1_maxn1_LMN8_001724.h5,1,stable_or_near_floor,-2.0,-1.9831145,0.028959174017058182,0.01688551902770996,unanimous_success,0.828125,1.6688984632492065,0.3972487151622772,3.360447635714081e-07,0.0026533604,0.213855154949755,0.8087724442908295,4.0,-0.492725376476499,0.03603837926058551,-16471.321957244934,9.041804313659668,0.4512439122285733,20.037509800419485
58144,20241115-01-random_heliotrons/20241115-01-022_heliotrons_finiteBeta_randomAspect_randomNfpUpTo8_noTorsion_flux_tubes/heliotron_randomAspect_finiteBeta_maxm1_maxn1_LMN8_001767.h5,1,unstable,0.6193457245826721,0.5825726,0.11995789900426039,0.03677314519882202,unanimous_success,0.5,5.6404948234558105,0.3640322685241699,1.8577121496200562,0.0048307776,0.22822039629872262,1.3444210266938081,2.0,-0.3325144512648246,-0.05210808086172677,-11010.17306594566,8.828285217285156,0.6690142578086603,13.195959748603844
58253,20241115-01-random_heliotrons/20241115-01-022_heliotrons_finiteBeta_randomAspect_randomNfpUpTo8_noTorsion_flux_tubes/heliotron_randomAspect_finiteBeta_maxm1_maxn1_LMN8_001795.h5,1,unstable,1.476919174194336,0.99986917,0.27741580124321946,0.4770500063896179,high_spread_low_error,1.0,5.782350063323975,4.297865867614746,4.379432678222656,0.0433439,0.3290412578951752,1.1519459238599679,6.0,-1.5124373009290897,-1.2420698717394916,-14900.246960376044,6.030240535736084,0.9640023482466396,6.25542100255678
58484,20241115-01-random_heliotrons/20241115-01-022_heliotrons_finiteBeta_randomAspect_randomNfpUpTo8_noTorsion_flux_tubes/heliotron_randomAspect_finiteBeta_maxm1_maxn1_LMN8_001853.h5,1,stable_or_near_floor,-2.0,-2.0009778,0.011026006656810064,0.0009777545928955078,unanimous_success,0.90625,0.19395683705806732,-0.018317557871341705,1.3817391675274848e-07,0.000577569,0.09872174736294143,0.3708214709764333,7.0,-1.0548110131144475,-0.0016944627010428354,-61000.07784741955,6.564579010009766,0.1012374963355519,64.84335594641193
58616,20241115-01-random_heliotrons/20241115-01-022_heliotrons_finiteBeta_randomAspect_randomNfpUpTo8_noTorsion_flux_tubes/heliotron_randomAspect_finiteBeta_maxm1_maxn1_LMN8_001886.h5,1,unstable,3.1866581439971924,3.676968,0.1324253411389891,0.4903099536895752,unanimous_success,0.890625,3.9819464683532715,0.2931089997291565,24.2073917388916,0.01858592,0.13908216846006213,0.6072976323167745,4.0,-0.5548015386024497,0.06908326144879895,-38312.670947612,7.288558006286621,0.48194633056090896,15.12317356541318
58777,20241115-01-random_heliotrons/20241115-01-022_heliotrons_finiteBeta_randomAspect_randomNfpUpTo8_noTorsion_flux_tubes/heliotron_randomAspect_finiteBeta_maxm1_maxn1_LMN8_001926.h5,1,stable_or_near_floor,-2.0,-1.9987874,0.011801282372750197,0.0012125968933105469,unanimous_success,0.765625,0.6266454458236694,0.4518725574016571,1.1206628869331325e-07,0.0010660887,0.14497066789476887,0.41642092433010747,7.0,-1.3351598845523163,0.010418330222735495,-77613.9866722547,8.780241966247559,0.25904356502052905,33.894846859259864
58799,20241115-01-random_heliotrons/20241115-01-022_heliotrons_finiteBeta_randomAspect_randomNfpUpTo8_noTorsion_flux_tubes/heliotron_randomAspect_finiteBeta_maxm1_maxn1_LMN8_001931.h5,1,stable_or_near_floor,-2.0,-2.008786,0.0738397694669904,0.00878596305847168,unanimous_success,0.484375,1.543142318725586,-0.22261013090610504,9.28602759131536e-08,6.484985e-05,0.24862445168293013,1.2105466519353967,6.0,-0.5015669184344987,0.25681731464849966,-73608.58964185805,6.657043933868408,0.46116994517454146,14.435120942993978
58811,20241115-01-random_heliotrons/20241115-01-022_heliotrons_finiteBeta_randomAspect_randomNfpUpTo8_noTorsion_flux_tubes/heliotron_randomAspect_finiteBeta_maxm1_maxn1_LMN8_001934.h5,1,unstable,-0.3360401391983032,-0.15830116,0.15037806093713768,0.1777389794588089,high_spread_low_error,0.5625,1.1555696725845337,0.09765328466892242,0.7145944237709045,0.0016159564,0.17590378036202253,0.4026189647969163,7.0,-1.2153012937073382,0.010959298692275401,-89883.61465589427,8.916015625,0.15397443152486812,57.90581940586669
58841,20241115-01-random_heliotrons/20241115-01-022_heliotrons_finiteBeta_randomAspect_randomNfpUpTo8_noTorsion_flux_tubes/heliotron_randomAspect_finiteBeta_maxm1_maxn1_LMN8_001942.h5,1,stable_or_near_floor,-2.0,-1.9972358,0.016491068207956826,0.0027642250061035156,unanimous_success,0.21875,1.1210530996322632,0.9439653754234314,1.0943013251107914e-07,0.0004825592,0.16267471030893504,0.4527517468517509,5.0,-0.7993697578160515,-0.003951683413271468,-48870.22631273179,6.970611095428467,0.47376132560709294,14.713339225180743
58868,20241115-01-random_heliotrons/20241115-01-022_heliotrons_finiteBeta_randomAspect_randomNfpUpTo8_noTorsion_flux_tubes/heliotron_randomAspect_finiteBeta_maxm1_maxn1_LMN8_001949.h5,1,unstable,4.090237617492676,4.0239077,0.07357310056112963,0.0663299560546875,unanimous_success,0.9375,6.444200038909912,1.4264682531356812,59.75407791137695,0.010627508,0.23499692471845493,0.5960491406393325,7.0,-1.8577149543774292,-0.5460313607033971,-14105.06893845548,9.46939754486084,0.8861135539067608,10.68643798880119
58905,20241115-01-random_heliotrons/20241115-01-022_heliotrons_finiteBeta_randomAspect_randomNfpUpTo8_noTorsion_flux_tubes/heliotron_randomAspect_finiteBeta_maxm1_maxn1_LMN8_001958.h5,1,unstable,0.2729343771934509,-0.023500917,0.1416228964031625,0.2964352946728468,unanimous_success,0.609375,0.9242086410522461,0.46404075622558594,1.3138140439987183,0.030344639,0.14312412952108838,0.38496208604654014,5.0,-0.3406002386536544,-0.0430567395396101,-7278.147281553997,7.724398612976074,0.5592342105657192,13.812457226395543
58944,20241115-01-random_heliotrons/20241115-01-022_heliotrons_finiteBeta_randomAspect_randomNfpUpTo8_noTorsion_flux_tubes/heliotron_randomAspect_finiteBeta_maxm1_maxn1_LMN8_001968.h5,1,unstable,0.6404135227203369,0.4592341,0.11608683894902583,0.18117943406105042,unanimous_success,0.625,0.8310657143592834,0.21097908914089203,1.8972653150558472,0.0027357638,0.18980409540033183,0.4825388189950574,2.0,-0.46286491813018876,0.0001884254693591174,-3029.3236948028434,9.957560539245605,0.08966078988559167,111.0581398173224
58983,20241115-01-random_heliotrons/20241115-01-022_heliotrons_finiteBeta_randomAspect_randomNfpUpTo8_noTorsion_flux_tubes/heliotron_randomAspect_finiteBeta_maxm1_maxn1_LMN8_001977.h5,1,unstable,1.4080312252044678,1.4448802,0.07168848646242096,0.036849021911621094,unanimous_success,0.984375,2.135800361633301,0.05993132293224335,4.087899208068848,0.009931684,0.09603887785131572,0.35751304027145997,4.0,-0.47027445341017426,-0.03341109185218778,-10349.291722629205,6.426844596862793,0.41366179080001875,15.53647143583971
58994,20241115-01-random_heliotrons/20241115-01-022_heliotrons_finiteBeta_randomAspect_randomNfpUpTo8_noTorsion_flux_tubes/heliotron_randomAspect_finiteBeta_maxm1_maxn1_LMN8_001980.h5,1,unstable,0.048103123903274536,-0.49177116,0.13201213436932885,0.5398742854595184,common_mode_failure,0.90625,0.7018860578536987,-0.007341945543885231,1.0492788553237915,0.018987298,0.12064345276201235,0.3625763266924417,8.0,-1.5562320914236798,-0.0075087510097659425,-5243.3508800470145,9.68248462677002,0.11011033800455217,87.93438293114428
59183,20241115-01-random_heliotrons/20241115-01-022_heliotrons_finiteBeta_randomAspect_randomNfpUpTo8_noTorsion_flux_tubes/heliotron_randomAspect_finiteBeta_maxm1_maxn1_LMN8_002027.h5,1,stable_or_near_floor,-2.0,-2.0021052,0.017939108475236488,0.002105236053466797,unanimous_success,0.828125,3.396740198135376,4.619754314422607,9.255481359105033e-08,0.0003273487,0.2196385685772378,0.4149525487260905,4.0,-0.9170192480360138,-0.21993226935684246,-2272.900203246863,9.406340599060059,0.9278871749302398,10.137375376232832
59232,20241115-01-random_heliotrons/20241115-01-022_heliotrons_finiteBeta_randomAspect_randomNfpUpTo8_noTorsion_flux_tubes/heliotron_randomAspect_finiteBeta_maxm1_maxn1_LMN8_002040.h5,1,unstable,3.869457960128784,3.8428092,0.0778192906186837,0.026648759841918945,unanimous_success,0.421875,4.8383588790893555,0.1197827085852623,47.916404724121094,0.012376785,0.0642364842568226,0.4445689176214245,3.0,-0.5806993333560059,-0.07526053001593251,-4795.6487592568965,6.43380069732666,0.5921913510254694,10.864394905777594
59276,20241115-01-random_heliotrons/20241115-01-022_heliotrons_finiteBeta_randomAspect_randomNfpUpTo8_noTorsion_flux_tubes/heliotron_randomAspect_finiteBeta_maxm1_maxn1_LMN8_002051.h5,1,unstable,-1.0833803415298462,-1.3944038,0.1115320630862589,0.311023473739624,unanimous_success,0.859375,1.5723212957382202,1.1073484420776367,0.33844950795173645,0.022351503,0.09759455913587446,0.316653556027502,6.0,-0.8647564081608462,-0.1169980580147024,-7361.7597426983175,9.606663703918457,0.5218509776117399,18.40882573006478
59571,20241115-01-random_heliotrons/20241115-01-022_heliotrons_finiteBeta_randomAspect_randomNfpUpTo8_noTorsion_flux_tubes/heliotron_randomAspect_finiteBeta_maxm1_maxn1_LMN8_002124.h5,1,unstable,2.2410476207733154,2.187279,0.1299679904045647,0.05376863479614258,unanimous_success,1.0,4.0093488693237305,-0.09698143601417542,9.403177261352539,0.03831148,0.3017908640593274,0.8970357986303997,8.0,-1.9849972806727187,-0.8647262688750355,-14309.738981067516,8.436660766601562,0.8686186344577094,9.712732874846377
59584,20241115-01-random_heliotrons/20241115-01-022_heliotrons_finiteBeta_randomAspect_randomNfpUpTo8_noTorsion_flux_tubes/heliotron_randomAspect_finiteBeta_maxm1_maxn1_LMN8_002128.h5,1,unstable,0.8350907564163208,0.51434267,0.09641316096198307,0.32074809074401855,unanimous_success,0.59375,3.3594160079956055,1.9117017984390259,2.305023193359375,0.038648248,0.2188852535115886,0.48815083946075777,6.0,-0.7524543665975142,-0.24954083812751846,-37596.354841290704,9.13447380065918,0.7306592510736502,12.501687739170812
59606,20241115-01-random_heliotrons/20241115-01-022_heliotrons_finiteBeta_randomAspect_randomNfpUpTo8_noTorsion_flux_tubes/heliotron_randomAspect_finiteBeta_maxm1_maxn1_LMN8_002133.h5,1,unstable,0.2339809089899063,0.72397226,0.21812305917995292,0.48999135196208954,high_spread_low_error,0.9375,3.2729969024658203,-0.1308165341615677,1.263620376586914,0.05713153,0.3315805248403471,0.9163239545035939,8.0,-0.40645958960505424,-1.457575374680439,-12303.734288178463,6.443187713623047,0.8511649218140119,7.569846393447765
59667,20241115-01-random_heliotrons/20241115-01-022_heliotrons_finiteBeta_randomAspect_randomNfpUpTo8_noTorsion_flux_tubes/heliotron_randomAspect_finiteBeta_maxm1_maxn1_LMN8_002148.h5,1,unstable,0.46379297971725464,0.1426121,0.18559157000268642,0.32118088006973267,high_spread_low_error,0.265625,1.2768105268478394,0.23610155284404755,1.590093731880188,0.05533631,0.15003949126534016,0.43238913936713325,7.0,-1.5892895409757781,-0.07863010008943393,-52873.85190088552,9.282442092895508,0.49824168560879745,18.63040038802327
59743,20241115-01-random_heliotrons/20241115-01-022_heliotrons_finiteBeta_randomAspect_randomNfpUpTo8_noTorsion_flux_tubes/heliotron_randomAspect_finiteBeta_maxm1_maxn1_LMN8_002167.h5,1,unstable,2.1803650856018066,2.1738343,0.06115948201215895,0.00653076171875,unanimous_success,0.890625,3.3401944637298584,0.22065448760986328,8.849535942077637,0.022944689,0.10725609736742132,0.3751885828962666,2.0,-0.4125846931205338,-0.028766123795733095,-570.3748196921431,6.716148376464844,0.69574606707218,9.653160390438943
59780,20241115-01-random_heliotrons/20241115-01-022_heliotrons_finiteBeta_randomAspect_randomNfpUpTo8_noTorsion_flux_tubes/heliotron_randomAspect_finiteBeta_maxm1_maxn1_LMN8_002177.h5,1,unstable,1.9012850522994995,1.7141368,0.07511319798201085,0.18714821338653564,unanimous_success,0.328125,2.028123378753662,0.13927607238292694,6.694491386413574,0.011309385,0.2186310113520504,0.5606118241428358,8.0,-1.5501072172851005,-0.14512979641123613,-13321.514381532992,8.501202583312988,0.41261701149465324,20.603131588100187
59792,20241115-01-random_heliotrons/20241115-01-022_heliotrons_finiteBeta_randomAspect_randomNfpUpTo8_noTorsion_flux_tubes/heliotron_randomAspect_finiteBeta_maxm1_maxn1_LMN8_002180.h5,1,unstable,2.7068841457366943,2.9765365,0.1328885407291696,0.2696523666381836,unanimous_success,0.484375,3.134455442428589,0.12509848177433014,14.98252010345459,0.054276943,0.17581653087198046,0.6777400079597908,4.0,-0.8257551703297002,-0.20152320576632,-27514.869836945265,8.750998497009277,0.7883562675061166,11.100309413017232
59937,20241115-01-random_heliotrons/20241115-01-022_heliotrons_finiteBeta_randomAspect_randomNfpUpTo8_noTorsion_flux_tubes/heliotron_randomAspect_finiteBeta_maxm1_maxn1_LMN8_002216.h5,1,unstable,0.19874799251556396,-0.1162549,0.11403941513159736,0.3150028958916664,unanimous_success,0.96875,4.5918121337890625,3.6440589427948,1.2198745012283325,0.02113571,0.1095409763840773,0.2819147638706825,6.0,-1.1264613010998175,-0.8710085025299924,-14481.003347993697,7.245158672332764,0.9283771327683227,7.804111515250774
60020,20241115-01-random_heliotrons/20241115-01-022_heliotrons_finiteBeta_randomAspect_randomNfpUpTo8_noTorsion_flux_tubes/heliotron_randomAspect_finiteBeta_maxm1_maxn1_LMN8_002237.h5,1,unstable,3.601569890975952,3.6464324,0.07489219970300756,0.04486250877380371,unanimous_success,0.921875,6.163517475128174,-0.027638336643576622,36.65573501586914,0.00966382,0.13198561715474105,0.34582730965832814,8.0,-1.1251417686957528,-0.9798439961631887,-10793.339288026767,9.26508903503418,0.9385079746345855,9.87214737162101
60067,20241115-01-random_heliotrons/20241115-01-022_heliotrons_finiteBeta_randomAspect_randomNfpUpTo8_noTorsion_flux_tubes/heliotron_randomAspect_finiteBeta_maxm1_maxn1_LMN8_002248.h5,1,stable_or_near_floor,-2.0,-2.0016966,0.012558773096901373,0.0016965866088867188,unanimous_success,0.5625,0.6386592984199524,0.8701436519622803,1.1361158414047168e-07,0.0018309355,0.09930055414725453,0.37539131249693897,6.0,-0.8099260411146989,0.039678713355709334,-70592.8180588787,7.593594074249268,0.22929153822605164,33.11763762848924
60070,20241115-01-random_heliotrons/20241115-01-022_heliotrons_finiteBeta_randomAspect_randomNfpUpTo8_noTorsion_flux_tubes/heliotron_randomAspect_finiteBeta_maxm1_maxn1_LMN8_002249.h5,1,unstable,1.6528421640396118,1.8151228,0.15610795954449058,0.16228067874908447,high_spread_low_error,0.109375,1.3893455266952515,-0.03468536213040352,5.221799850463867,0.023609877,0.1340807265839018,0.7017345865767513,4.0,-0.9783230169816451,0.009598284503206983,-29678.69155186569,8.157974243164062,0.3278468942753878,24.883487950053457
60080,20241115-01-random_heliotrons/20241115-01-022_heliotrons_finiteBeta_randomAspect_randomNfpUpTo8_noTorsion_flux_tubes/heliotron_randomAspect_finiteBeta_maxm1_maxn1_LMN8_002252.h5,1,unstable,-0.10026832669973373,0.20150484,0.10396617627163615,0.30177316814661026,unanimous_success,0.296875,3.9382784366607666,3.110618829727173,0.9045946598052979,0.021378905,0.14217561076207438,0.4840381264488562,5.0,-0.30835325541042385,-0.6921922830290972,-2486.8898809539314,6.9558515548706055,0.90653696030495,7.672992784023639
60194,20241115-01-random_heliotrons/20241115-01-022_heliotrons_finiteBeta_randomAspect_randomNfpUpTo8_noTorsion_flux_tubes/heliotron_randomAspect_finiteBeta_maxm1_maxn1_LMN8_002280.h5,1,unstable,2.6751739978790283,2.6838393,0.0684973538478426,0.008665323257446289,unanimous_success,0.96875,3.1590287685394287,0.7482638359069824,14.514875411987305,0.020365715,0.24846259660973008,0.5294369307906952,8.0,-1.8566559954461845,-0.7335073003345374,-17830.75356897584,9.640446662902832,0.936384208524117,10.29539645707784
60201,20241115-01-random_heliotrons/20241115-01-022_heliotrons_finiteBeta_randomAspect_randomNfpUpTo8_noTorsion_flux_tubes/heliotron_randomAspect_finiteBeta_maxm1_maxn1_LMN8_002282.h5,1,unstable,1.2008178234100342,0.95315987,0.10764123094660898,0.24765795469284058,unanimous_success,0.828125,1.0984028577804565,0.044314201921224594,3.322833299636841,0.06223154,0.11063628064516688,0.5083611245895018,2.0,-0.5124969666236726,-0.0001733560303741449,-2680.0932349562877,7.707468509674072,0.1498350327001704,51.4396958493493
60247,20241115-01-random_heliotrons/20241115-01-022_heliotrons_finiteBeta_randomAspect_randomNfpUpTo8_noTorsion_flux_tubes/heliotron_randomAspect_finiteBeta_maxm1_maxn1_LMN8_002293.h5,1,unstable,1.7813262939453125,1.8211255,0.04297091473089004,0.03979921340942383,unanimous_success,0.9375,2.8486416339874268,0.7386569976806641,5.9377264976501465,0.02401197,0.08597975577524639,0.38102654079262543,5.0,-0.47046906799936006,-0.17546934440299164,-987.7707490431974,7.133051872253418,0.5732897420564325,12.442315550016012
60264,20241115-01-random_heliotrons/20241115-01-022_heliotrons_finiteBeta_randomAspect_randomNfpUpTo8_noTorsion_flux_tubes/heliotron_randomAspect_finiteBeta_maxm1_maxn1_LMN8_002298.h5,1,unstable,2.3381149768829346,2.0354855,0.1068373625355047,0.3026294708251953,unanimous_success,0.484375,2.1255910396575928,0.6396052837371826,10.361685752868652,0.08240843,0.15447022147000256,0.5111527507838698,5.0,-0.46980384132115816,0.1598725668336558,-57898.06963328657,8.216071128845215,0.28051773004087854,29.28895484662565
60272,20241115-01-random_heliotrons/20241115-01-022_heliotrons_finiteBeta_randomAspect_randomNfpUpTo8_noTorsion_flux_tubes/heliotron_randomAspect_finiteBeta_maxm1_maxn1_LMN8_002300.h5,1,unstable,1.6579253673553467,1.7821428,0.07391517574397631,0.12421739101409912,unanimous_success,0.65625,3.218987464904785,1.1953543424606323,5.248411178588867,0.0028682947,0.1427217313241958,0.4537001239124202,8.0,-0.8298827481659511,0.03693549607766428,-66154.93682466452,8.041475296020508,0.3733373832971163,21.53943230919576
60442,20241115-01-random_heliotrons/20241115-01-022_heliotrons_finiteBeta_randomAspect_randomNfpUpTo8_noTorsion_flux_tubes/heliotron_randomAspect_finiteBeta_maxm1_maxn1_LMN8_002342.h5,1,unstable,1.1284258365631104,0.86552066,0.2101079764524535,0.26290518045425415,high_spread_low_error,0.953125,1.0697628259658813,0.3786841928958893,3.090787410736084,0.0025821924,0.10191064175436725,0.5601398155876353,3.0,-0.7352441561371327,0.011510426103591645,-16663.67416869836,9.863356590270996,0.6148266741017931,16.04249946487842
60547,20241115-01-random_heliotrons/20241115-01-022_heliotrons_finiteBeta_randomAspect_randomNfpUpTo8_noTorsion_flux_tubes/heliotron_randomAspect_finiteBeta_maxm1_maxn1_LMN8_002368.h5,1,unstable,-1.1402119398117065,-1.0357428,0.17706645469774376,0.1044691801071167,high_spread_low_error,0.890625,1.8210054636001587,0.44546470046043396,0.31975123286247253,0.07909632,0.15925147125152445,0.7078726095482937,5.0,-0.5184317091908519,0.025767691973997652,-18292.51086920577,8.938790321350098,0.31640315897814586,28.25126762393515
60589,20241115-01-random_heliotrons/20241115-01-022_heliotrons_finiteBeta_randomAspect_randomNfpUpTo8_noTorsion_flux_tubes/heliotron_randomAspect_finiteBeta_maxm1_maxn1_LMN8_002379.h5,1,unstable,-0.6558197140693665,-0.5047784,0.08256141835091288,0.15104132890701294,unanimous_success,0.96875,0.9936436414718628,0.051145002245903015,0.519016444683075,0.0038832426,0.09341737505528291,0.3815388602683056,8.0,-0.924749944568455,-0.04053452573942252,-23336.825768040155,9.104950904846191,0.2576810241929375,35.334192470567416
60599,20241115-01-random_heliotrons/20241115-01-022_heliotrons_finiteBeta_randomAspect_randomNfpUpTo8_noTorsion_flux_tubes/heliotron_randomAspect_finiteBeta_maxm1_maxn1_LMN8_002381.h5,1,unstable,0.5960114598274231,0.92521185,0.08934698306126601,0.3292003870010376,unanimous_success,0.3125,4.958756446838379,3.2155520915985107,1.8148657083511353,0.01545912,0.2533896420273909,0.41201397552574526,5.0,-1.1188699522426075,-0.3744797660317919,-8407.43625700367,9.994873046875,0.9453922058982447,10.572197427181642
60614,20241115-01-random_heliotrons/20241115-01-022_heliotrons_finiteBeta_randomAspect_randomNfpUpTo8_noTorsion_flux_tubes/heliotron_randomAspect_finiteBeta_maxm1_maxn1_LMN8_002385.h5,1,unstable,0.45859214663505554,0.42663792,0.11460185670968794,0.03195422887802124,unanimous_success,0.234375,3.987900733947754,0.226398766040802,1.5818454027175903,0.03348273,0.30116609082602336,1.0731791841731237,6.0,-0.5841527995810352,0.14480737178362807,-53627.138224582166,9.076863288879395,0.528287295787097,17.181680046565848
60617,20241115-01-random_heliotrons/20241115-01-022_heliotrons_finiteBeta_randomAspect_randomNfpUpTo8_noTorsion_flux_tubes/heliotron_randomAspect_finiteBeta_maxm1_maxn1_LMN8_002386.h5,1,stable_or_near_floor,-2.0,-1.9983847,0.01357820782601449,0.001615285873413086,unanimous_success,0.828125,0.9557031393051147,1.392733097076416,8.957140096299554e-08,0.000631094,0.1366921215984462,0.3819440972736591,7.0,-1.114775675457167,-0.11823132954022283,-57995.68561659529,7.946469306945801,0.5122180591927444,15.513840569130723
60626,20241115-01-random_heliotrons/20241115-01-022_heliotrons_finiteBeta_randomAspect_randomNfpUpTo8_noTorsion_flux_tubes/heliotron_randomAspect_finiteBeta_maxm1_maxn1_LMN8_002388.h5,1,stable_or_near_floor,-2.0,-2.0037267,0.01464451954158414,0.0037267208099365234,unanimous_success,0.609375,0.6049996018409729,1.2761447429656982,1.123574264738636e-07,0.00018262863,0.0695800032558497,0.3913671377424008,4.0,-0.6107156497878783,-0.016013686730930055,-12530.62387412233,6.274641513824463,0.2425049901596441,25.874277925966748
60687,20241115-01-random_heliotrons/20241115-01-022_heliotrons_finiteBeta_randomAspect_randomNfpUpTo8_noTorsion_flux_tubes/heliotron_randomAspect_finiteBeta_maxm1_maxn1_LMN8_002403.h5,1,unstable,1.027424693107605,1.0835439,0.10076559942890823,0.05611920356750488,unanimous_success,0.46875,2.5632436275482178,1.4297510385513306,2.7938616275787354,0.018901348,0.09712427786851487,0.5803350362263682,4.0,-0.769546642095565,-0.07117342936295622,-23768.144443874004,8.078203201293945,0.6436637444751253,12.550346777541906
60722,20241115-01-random_heliotrons/20241115-01-022_heliotrons_finiteBeta_randomAspect_randomNfpUpTo8_noTorsion_flux_tubes/heliotron_randomAspect_finiteBeta_maxm1_maxn1_LMN8_002412.h5,1,stable_or_near_floor,-2.0,-1.8996344,0.06090726417690318,0.10036563873291016,unanimous_success,0.265625,3.590527296066284,3.2478480339050293,8.515768058714457e-06,0.012722731,0.11647244595360139,0.3814371111190555,7.0,-0.5475223444467534,-0.5037956859617837,-3187.0023200299556,9.079103469848633,0.8392803809181764,10.817723940974355
60782,20241115-01-random_heliotrons/20241115-01-022_heliotrons_finiteBeta_randomAspect_randomNfpUpTo8_noTorsion_flux_tubes/heliotron_randomAspect_finiteBeta_maxm1_maxn1_LMN8_002427.h5,1,stable_or_near_floor,-2.0,-2.0075953,0.01573826811155781,0.0075953006744384766,unanimous_success,0.171875,0.9795462489128113,1.8643594980239868,1.1163049151718951e-07,0.0029659271,0.429085023238334,0.7128267959465163,6.0,-1.4284712209417854,-0.04814809857735825,-39387.85808969979,9.899893760681152,0.5209366567856887,19.004025982287384
60820,20241115-01-random_heliotrons/20241115-01-022_heliotrons_finiteBeta_randomAspect_randomNfpUpTo8_noTorsion_flux_tubes/heliotron_randomAspect_finiteBeta_maxm1_maxn1_LMN8_002437.h5,1,unstable,2.530362606048584,2.5186348,0.09595562232143973,0.01172780990600586,unanimous_success,0.828125,3.0405001640319824,0.08273794502019882,12.558059692382812,0.00049495697,0.21475955055019044,0.5253079120161621,7.0,-1.5004755738179618,-0.015499134865982214,-56615.56155405012,9.45842170715332,0.35960175569616126,26.302490344749696
60929,20241115-01-random_heliotrons/20241115-01-022_heliotrons_finiteBeta_randomAspect_randomNfpUpTo8_noTorsion_flux_tubes/heliotron_randomAspect_finiteBeta_maxm1_maxn1_LMN8_002464.h5,1,unstable,-0.47765862941741943,-0.37891328,0.1534519979902149,0.09874534606933594,high_spread_low_error,0.296875,1.4965293407440186,0.2473773956298828,0.6202338933944702,0.06845206,0.16417384247350217,0.46042734904146526,6.0,-1.3167087486044864,-0.060689091264601445,-59682.75261319883,9.07066822052002,0.6082907904492469,14.91173031539894
60997,20241115-01-random_heliotrons/20241115-01-022_heliotrons_finiteBeta_randomAspect_randomNfpUpTo8_noTorsion_flux_tubes/heliotron_randomAspect_finiteBeta_maxm1_maxn1_LMN8_002481.h5,1,unstable,2.430699348449707,2.4814777,0.06247695528773959,0.05077838897705078,unanimous_success,0.75,4.992038249969482,2.346289873123169,11.366829872131348,0.014029503,0.10789726715586798,0.40908396579279716,3.0,-0.5334069271061067,-0.19337088916809309,-5769.7784458911465,8.768523216247559,0.8872795234307299,9.882481207662085
61037,20241115-01-random_heliotrons/20241115-01-022_heliotrons_finiteBeta_randomAspect_randomNfpUpTo8_noTorsion_flux_tubes/heliotron_randomAspect_finiteBeta_maxm1_maxn1_LMN8_002491.h5,1,unstable,1.8393791913986206,1.8015686,0.05919997358560602,0.037810564041137695,unanimous_success,0.578125,1.9789003133773804,0.19203303754329681,6.292630672454834,0.032851458,0.1278891371310957,0.3437949448847774,6.0,-0.5153101167368657,0.04463654705800501,-25731.707621882786,8.208149909973145,0.4521552396228834,18.153388904260158
61107,20241115-01-random_heliotrons/20241115-01-022_heliotrons_finiteBeta_randomAspect_randomNfpUpTo8_noTorsion_flux_tubes/heliotron_randomAspect_finiteBeta_maxm1_maxn1_LMN8_002508.h5,1,stable_or_near_floor,-2.0,-1.9846871,0.025296955381278984,0.015312910079956055,unanimous_success,1.0,2.887725591659546,1.8596328496932983,0.04664095118641853,0.000695467,0.25171597694906445,0.8925822679907329,3.0,-0.2501595634151268,0.00866125144256475,-1763.6508228122696,9.508919715881348,0.49662074874758144,19.1472461427794
61139,20241115-01-random_heliotrons/20241115-01-022_heliotrons_finiteBeta_randomAspect_randomNfpUpTo8_noTorsion_flux_tubes/heliotron_randomAspect_finiteBeta_maxm1_maxn1_LMN8_002516.h5,1,unstable,-0.9838733077049255,-0.91006553,0.21129098259777984,0.07380777597427368,high_spread_low_error,0.9375,0.7678664922714233,0.20463158190250397,0.3738602101802826,0.026070476,0.07305162958079908,0.47683706820927785,6.0,-0.46497178183541626,-0.07207226743476512,-766.017726141125,6.294231414794922,0.2727335350802098,23.078318597468456
61196,20241115-01-random_heliotrons/20241115-01-022_heliotrons_finiteBeta_randomAspect_randomNfpUpTo8_noTorsion_flux_tubes/heliotron_randomAspect_finiteBeta_maxm1_maxn1_LMN8_002531.h5,1,unstable,2.03695011138916,1.790662,0.08151253121423935,0.24628806114196777,unanimous_success,0.640625,2.7028985023498535,1.085713267326355,7.667189121246338,0.025331497,0.15752437216844645,0.5625029531145437,6.0,-0.7732889945137678,0.014815815381291743,-39881.146242765506,8.605888366699219,0.3655222063169483,23.544091762340038
61258,20241115-01-random_heliotrons/20241115-01-022_heliotrons_finiteBeta_randomAspect_randomNfpUpTo8_noTorsion_flux_tubes/heliotron_randomAspect_finiteBeta_maxm1_maxn1_LMN8_002546.h5,1,unstable,1.6962319612503052,1.7985654,0.18445392783327216,0.1023334264755249,high_spread_low_error,0.03125,1.366514801979065,-0.0654408261179924,5.453360080718994,0.026925683,0.12234552576144889,0.7780693232040696,4.0,-1.0268691383395434,0.01639727638607325,-58244.377941275656,7.966489315032959,0.18475145091128564,43.12003654498132
61355,20241115-01-random_heliotrons/20241115-01-022_heliotrons_finiteBeta_randomAspect_randomNfpUpTo8_noTorsion_flux_tubes/heliotron_randomAspect_finiteBeta_maxm1_maxn1_LMN8_002570.h5,1,unstable,-0.17873315513134003,-0.7825364,0.1351940904367477,0.6038032323122025,common_mode_failure,0.796875,2.6550254821777344,-0.05061269924044609,0.8363290429115295,0.017056525,0.23722044311515345,0.9255100692516666,3.0,-0.4083084543216962,0.053710550744693004,-15393.828760988461,8.92453384399414,0.3519559671970267,25.356961312714844
61366,20241115-01-random_heliotrons/20241115-01-022_heliotrons_finiteBeta_randomAspect_randomNfpUpTo8_noTorsion_flux_tubes/heliotron_randomAspect_finiteBeta_maxm1_maxn1_LMN8_002573.h5,1,stable_or_near_floor,-2.0,-2.0029495,0.014982220478614711,0.0029494762420654297,unanimous_success,0.53125,1.2135729789733887,1.6205261945724487,9.60572066333043e-08,0.00202322,0.1653743404866768,0.4647800359884195,5.0,-1.0850549323846292,-0.022124640451794433,-60652.76047669065,6.283193588256836,0.3738830445249042,16.805238109262042
61470,20241115-01-random_heliotrons/20241115-01-022_heliotrons_finiteBeta_randomAspect_randomNfpUpTo8_noTorsion_flux_tubes/heliotron_randomAspect_finiteBeta_maxm1_maxn1_LMN8_002599.h5,1,stable_or_near_floor,-2.0,-1.9957385,0.020094901446538544,0.004261493682861328,unanimous_success,0.234375,3.1860499382019043,3.5904688835144043,4.8175174072184745e-08,0.0012459755,0.28857006811624464,1.087640620501217,8.0,-0.5089005200527134,-0.077578530220484,-51754.94545341694,7.86284065246582,0.6479500079740219,12.134949541942229
61571,20241115-01-random_heliotrons/20241115-01-022_heliotrons_finiteBeta_randomAspect_randomNfpUpTo8_noTorsion_flux_tubes/heliotron_randomAspect_finiteBeta_maxm1_maxn1_LMN8_002624.h5,1,unstable,2.3087196350097656,2.3790262,0.06232993126614011,0.07030653953552246,unanimous_success,0.8125,3.0814452171325684,0.09724894165992737,10.061534881591797,0.03938818,0.13349936655158912,0.3794722234082564,7.0,-1.253747506787949,-0.30035539354251733,-18821.46164477344,7.198700428009033,0.5504576954557859,13.077663347132278
61728,20241115-01-random_heliotrons/20241115-01-022_heliotrons_finiteBeta_randomAspect_randomNfpUpTo8_noTorsion_flux_tubes/heliotron_randomAspect_finiteBeta_maxm1_maxn1_LMN8_002664.h5,1,stable_or_near_floor,-2.0,-1.994254,0.02629932291910696,0.005746006965637207,unanimous_success,1.0,3.439122200012207,5.65452766418457,1.124296389320989e-07,0.004184723,0.20643719781799022,0.6554100187301962,7.0,-1.5585179062425414,-1.163006223205462,-20028.208128529797,6.798981189727783,0.917533383031643,7.410064108254148
61855,20241115-01-random_heliotrons/20241115-01-022_heliotrons_finiteBeta_randomAspect_randomNfpUpTo8_noTorsion_flux_tubes/heliotron_randomAspect_finiteBeta_maxm1_maxn1_LMN8_002695.h5,1,unstable,-0.5969910621643066,-0.21809894,0.13763259090278082,0.37889212369918823,unanimous_success,0.421875,1.992668628692627,0.15148024260997772,0.55046546459198,0.04059495,0.21345622462393293,0.6878210269405926,5.0,-0.3918674675856086,-0.19197054009132886,-14708.92743737607,6.4910054206848145,0.6448976117887396,10.065172055267569
61878,20241115-01-random_heliotrons/20241115-01-022_heliotrons_finiteBeta_randomAspect_randomNfpUpTo8_noTorsion_flux_tubes/heliotron_randomAspect_finiteBeta_maxm1_maxn1_LMN8_002701.h5,1,unstable,-0.9173706769943237,-1.8892697,0.167481697820945,0.9718990325927734,high_spread_high_error,0.328125,0.8392283916473389,-0.05883016437292099,0.39956825971603394,0.024229765,0.1892209291120606,0.6376657420178553,5.0,-0.8429291849289483,0.04702820038802091,-56414.69509797978,8.841924667358398,0.5323556327434803,16.609056284032874
61893,20241115-01-random_heliotrons/20241115-01-022_heliotrons_finiteBeta_randomAspect_randomNfpUpTo8_noTorsion_flux_tubes/heliotron_randomAspect_finiteBeta_maxm1_maxn1_LMN8_002705.h5,1,unstable,0.5559399724006653,0.5952894,0.0783182496347575,0.03934943675994873,unanimous_success,0.796875,3.4244611263275146,2.254166841506958,1.7435791492462158,0.029179811,0.0815458421302322,0.4772698560111822,3.0,-0.4546774961246688,-0.03339770958810036,-7284.888121330658,9.644198417663574,0.674990340316327,14.287905828613672
61911,20241115-01-random_heliotrons/20241115-01-022_heliotrons_finiteBeta_randomAspect_randomNfpUpTo8_noTorsion_flux_tubes/heliotron_randomAspect_finiteBeta_maxm1_maxn1_LMN8_002709.h5,1,unstable,-1.5625864267349243,-1.6238464,0.18903012999683083,0.06125998497009277,high_spread_low_error,0.8125,0.8236663937568665,0.3497864007949829,0.2095932811498642,0.018772244,0.19705438203161302,0.47095311974724324,8.0,-1.592634618641949,-0.05428323893697075,-42582.63554937482,8.802734375,0.31233137035923475,28.183958482541613
62005,20241115-01-random_heliotrons/20241115-01-022_heliotrons_finiteBeta_randomAspect_randomNfpUpTo8_noTorsion_flux_tubes/heliotron_randomAspect_finiteBeta_maxm1_maxn1_LMN8_002733.h5,1,unstable,5.362539291381836,5.4416223,0.10579896606398205,0.07908296585083008,unanimous_success,0.9375,10.397533416748047,0.5813772082328796,213.26576232910156,0.019346714,0.1414769890882359,0.38437935406564755,4.0,-1.0085618424348648,-0.5774401711332972,-4259.456680311557,6.398370265960693,0.9657149239197339,6.625526961922045
62017,20241115-01-random_heliotrons/20241115-01-022_heliotrons_finiteBeta_randomAspect_randomNfpUpTo8_noTorsion_flux_tubes/heliotron_randomAspect_finiteBeta_maxm1_maxn1_LMN8_002736.h5,1,unstable,-1.2710994482040405,-1.0735112,0.29847413031338094,0.19758820533752441,high_spread_low_error,0.59375,2.1927413940429688,0.728195071220398,0.28052303194999695,0.0032223463,0.1867719292522488,0.838191262998069,2.0,-0.35624882013324094,-0.6797808201008145,-3887.8316378298236,8.151073455810547,0.9745695692723411,8.363767670169013
62074,20241115-01-random_heliotrons/20241115-01-022_heliotrons_finiteBeta_randomAspect_randomNfpUpTo8_noTorsion_flux_tubes/heliotron_randomAspect_finiteBeta_maxm1_maxn1_LMN8_002750.h5,1,unstable,4.063338279724121,4.051516,0.07223645211493197,0.011822223663330078,unanimous_success,0.90625,6.795351028442383,0.691277027130127,58.16817092895508,0.0077991486,0.17456833497290997,0.3354082699995115,8.0,-1.1079584723118687,-0.5943828950805755,-7430.340354857923,7.263607025146484,0.6589839215098149,11.022434369118823
62098,20241115-01-random_heliotrons/20241115-01-022_heliotrons_finiteBeta_randomAspect_randomNfpUpTo8_noTorsion_flux_tubes/heliotron_randomAspect_finiteBeta_maxm1_maxn1_LMN8_002756.h5,1,stable_or_near_floor,-2.0,-1.9938731,0.02730856183825419,0.006126880645751953,unanimous_success,1.0,3.1941235065460205,3.829322099685669,1.1237376895678608e-07,0.0031337738,0.2850622379636252,0.7918327364440119,8.0,-1.782330183118272,-1.1057333450722115,-11207.941390074011,7.713831424713135,0.9071318851317506,8.503539067632694
62110,20241115-01-random_heliotrons/20241115-01-022_heliotrons_finiteBeta_randomAspect_randomNfpUpTo8_noTorsion_flux_tubes/heliotron_randomAspect_finiteBeta_maxm1_maxn1_LMN8_002759.h5,1,unstable,-0.8788728713989258,-0.69259566,0.2339766538955693,0.18627721071243286,high_spread_low_error,0.828125,1.2974950075149536,0.5851786136627197,0.415250688791275,0.052164435,0.15539995881163954,0.6139504687315219,7.0,-1.4957810894540893,0.005219186249611264,-84023.8096999716,9.601085662841797,0.12917295155746134,74.32736921375407
62132,20241115-01-random_heliotrons/20241115-01-022_heliotrons_finiteBeta_randomAspect_randomNfpUpTo8_noTorsion_flux_tubes/heliotron_randomAspect_finiteBeta_maxm1_maxn1_LMN8_002765.h5,1,unstable,1.3760770559310913,1.3676171,0.06262726185245876,0.008459925651550293,unanimous_success,0.03125,2.658076524734497,1.2243993282318115,3.959338665008545,0.017824292,0.11488192324564933,0.23267432511783692,5.0,-0.988338087784293,-0.13148029108216666,-9000.58907707419,7.693276882171631,0.5265911956449887,14.609581295313182
62146,20241115-01-random_heliotrons/20241115-01-022_heliotrons_finiteBeta_randomAspect_randomNfpUpTo8_noTorsion_flux_tubes/heliotron_randomAspect_finiteBeta_maxm1_maxn1_LMN8_002768.h5,1,unstable,0.5952691435813904,0.53843945,0.07195182860872525,0.05682969093322754,unanimous_success,0.71875,1.529304027557373,0.549711287021637,1.81351900100708,0.007088244,0.0704805207309306,0.3286032200621978,7.0,-0.65869571622497,-0.012518603131052871,-31477.488468131374,7.700564861297607,0.30868309142955175,24.94650687096363
62299,20241115-01-random_heliotrons/20241115-01-022_heliotrons_finiteBeta_randomAspect_randomNfpUpTo8_noTorsion_flux_tubes/heliotron_randomAspect_finiteBeta_maxm1_maxn1_LMN8_002807.h5,1,unstable,2.8422961235046387,2.915361,0.18344285060969906,0.07306480407714844,high_spread_low_error,0.796875,2.9898886680603027,0.02208727039396763,17.15511131286621,0.018902302,0.18975470797553934,0.5590146794777703,5.0,-1.1255627495915883,0.023606968722744846,-45562.239830216284,9.649785041809082,0.37038500887667003,26.053389879562445
62320,20241115-01-random_heliotrons/20241115-01-022_heliotrons_finiteBeta_randomAspect_randomNfpUpTo8_noTorsion_flux_tubes/heliotron_randomAspect_finiteBeta_maxm1_maxn1_LMN8_002812.h5,1,unstable,2.78824520111084,2.966676,0.09281435058435919,0.17843079566955566,unanimous_success,0.359375,5.169222354888916,-0.3350667953491211,16.25247573852539,0.011482,0.1720950179852842,0.3882710906130782,5.0,-1.150675966006563,-0.1870173823093597,-38504.13010882404,7.866260051727295,0.7278622625257175,10.80734701704549
62325,20241115-01-random_heliotrons/20241115-01-022_heliotrons_finiteBeta_randomAspect_randomNfpUpTo8_noTorsion_flux_tubes/heliotron_randomAspect_finiteBeta_maxm1_maxn1_LMN8_002813.h5,1,unstable,-0.3316749632358551,-1.0025758,0.28695799473365136,0.6709007918834686,high_spread_high_error,0.234375,0.8988508582115173,-0.06477953493595123,0.7177205681800842,0.05681801,0.12901984184519183,0.3549301952390287,6.0,-0.8116917535535315,0.037347319924929366,-82359.18451333189,8.307801246643066,0.17279153226514665,48.07990957505278
62335,20241115-01-random_heliotrons/20241115-01-022_heliotrons_finiteBeta_randomAspect_randomNfpUpTo8_noTorsion_flux_tubes/heliotron_randomAspect_finiteBeta_maxm1_maxn1_LMN8_002816.h5,1,unstable,2.6206977367401123,2.6734948,0.053842064441470404,0.05279707908630371,unanimous_success,0.625,3.6947951316833496,0.17951275408267975,13.745311737060547,0.0054471493,0.088071185714521,0.30027124345750844,5.0,-0.6915510243465464,-0.22050050586107262,-975.9693455351432,8.817663192749023,0.7472948551245893,11.799443194719894
62422,20241115-01-random_heliotrons/20241115-01-022_heliotrons_finiteBeta_randomAspect_randomNfpUpTo8_noTorsion_flux_tubes/heliotron_randomAspect_finiteBeta_maxm1_maxn1_LMN8_002837.h5,1,stable_or_near_floor,-2.0,-2.000708,0.013893608773662832,0.0007081031799316406,unanimous_success,0.53125,1.4122779369354248,0.6143466830253601,8.015402386263304e-08,0.0010080338,0.2508298592850059,1.0970760569995233,6.0,-0.5784988831104719,0.16395281918301913,-71998.13133854423,8.829750061035156,0.3243721789079992,27.221046178376213
62436,20241115-01-random_heliotrons/20241115-01-022_heliotrons_finiteBeta_randomAspect_randomNfpUpTo8_noTorsion_flux_tubes/heliotron_randomAspect_finiteBeta_maxm1_maxn1_LMN8_002841.h5,1,stable_or_near_floor,-2.0,-2.007644,0.018142125001880807,0.007643938064575195,unanimous_success,0.796875,0.41284117102622986,0.5934097766876221,1.3599203896319523e-07,0.0008866787,0.13051705599419816,0.4915456808707274,2.0,-0.48458563796553367,0.010859715259543162,-19161.403979951014,7.702873229980469,0.16692032545156565,46.147005819345644
62439,20241115-01-random_heliotrons/20241115-01-022_heliotrons_finiteBeta_randomAspect_randomNfpUpTo8_noTorsion_flux_tubes/heliotron_randomAspect_finiteBeta_maxm1_maxn1_LMN8_002842.h5,1,unstable,1.1981234550476074,0.59820294,0.16437187225881406,0.5999205112457275,high_spread_high_error,0.828125,1.3728069067001343,-0.10822806507349014,3.313892364501953,0.028917372,0.1837375292325938,0.5435116732421453,5.0,-0.8934287953363526,-0.08443346241778316,-31484.666146974705,6.842965602874756,0.4684819555131938,14.606679131064286
62461,20241115-01-random_heliotrons/20241115-01-022_heliotrons_finiteBeta_randomAspect_randomNfpUpTo8_noTorsion_flux_tubes/heliotron_randomAspect_finiteBeta_maxm1_maxn1_LMN8_002847.h5,1,unstable,0.2681111693382263,0.4957592,0.15157813785418348,0.22764801979064941,high_spread_low_error,0.296875,2.3560056686401367,1.4058886766433716,1.3074924945831299,5.9604645e-08,0.17945702763785776,0.6571913937116035,4.0,-0.9157345006822241,0.06745184768772501,-54529.991902118454,9.104569435119629,0.45510939964126007,20.005232680969247
62466,20241115-01-random_heliotrons/20241115-01-022_heliotrons_finiteBeta_randomAspect_randomNfpUpTo8_noTorsion_flux_tubes/heliotron_randomAspect_finiteBeta_maxm1_maxn1_LMN8_002848.h5,1,unstable,2.79803466796875,2.7731583,0.05379159567654903,0.02487635612487793,unanimous_success,0.59375,4.408751964569092,1.2640982866287231,16.41236114501953,0.009260178,0.17030960093996023,0.27130145509671677,8.0,-0.9009026916961873,-0.17756786753414783,-16006.202837106508,9.399829864501953,0.5038360810142576,18.65652385509873
62518,20241115-01-random_heliotrons/20241115-01-022_heliotrons_finiteBeta_randomAspect_randomNfpUpTo8_noTorsion_flux_tubes/heliotron_randomAspect_finiteBeta_maxm1_maxn1_LMN8_002861.h5,1,unstable,0.3858424127101898,0.19201045,0.07730139947056765,0.19383196532726288,unanimous_success,1.0,3.340296983718872,-0.1894965022802353,1.4708528518676758,0.007275626,0.22204867629277744,0.772252043602848,2.0,-0.26108173013899777,-0.0381974031964682,-516.9481776051474,8.36234188079834,0.9093019731842982,9.196440926564945
62521,20241115-01-random_heliotrons/20241115-01-022_heliotrons_finiteBeta_randomAspect_randomNfpUpTo8_noTorsion_flux_tubes/heliotron_randomAspect_finiteBeta_maxm1_maxn1_LMN8_002862.h5,1,stable_or_near_floor,-2.0,-2.0045543,0.02677675875779882,0.004554271697998047,unanimous_success,0.6875,1.865026593208313,-0.004069522488862276,7.83422891004193e-08,0.0023225546,0.44091516771254813,1.253376587050584,4.0,-0.3137686827520441,0.17626988389756917,-31668.420150301823,6.179745197296143,0.31890803581184746,19.37782841239576
62584,20241115-01-random_heliotrons/20241115-01-022_heliotrons_finiteBeta_randomAspect_randomNfpUpTo8_noTorsion_flux_tubes/heliotron_randomAspect_finiteBeta_maxm1_maxn1_LMN8_002878.h5,1,unstable,2.166558265686035,2.2320113,0.05294217070875793,0.06545305252075195,unanimous_success,0.78125,3.1272239685058594,0.7378454804420471,8.728192329406738,0.039963484,0.09627656874404018,0.38632088760282063,6.0,-0.6068589795308167,-0.7654113350231653,-1208.579045611668,6.448415279388428,0.8723944118578568,7.391628364120124
62599,20241115-01-random_heliotrons/20241115-01-022_heliotrons_finiteBeta_randomAspect_randomNfpUpTo8_noTorsion_flux_tubes/heliotron_randomAspect_finiteBeta_maxm1_maxn1_LMN8_002882.h5,1,unstable,2.2183492183685303,2.3597245,0.06332771125425683,0.14137530326843262,unanimous_success,0.796875,3.0814192295074463,0.1719835251569748,9.192144393920898,0.009180546,0.1859941707967438,0.4407060531662817,7.0,-1.4124476533311836,-0.1824983517591796,-6721.645932586318,9.189269065856934,0.5177971448666985,17.74685155558866
62677,20241115-01-random_heliotrons/20241115-01-022_heliotrons_finiteBeta_randomAspect_randomNfpUpTo8_noTorsion_flux_tubes/heliotron_randomAspect_finiteBeta_maxm1_maxn1_LMN8_002901.h5,1,stable_or_near_floor,-2.0,-1.9912027,0.022793885859021104,0.008797287940979004,unanimous_success,0.6875,3.113609790802002,0.909561038017273,0.05896511301398277,0.0008684397,0.3104217533747251,1.361507976820158,6.0,-0.4950974724290175,0.25816774538416126,-53987.07214757579,9.899624824523926,0.4590710760707041,21.564470820634384
62867,20241115-01-random_heliotrons/20241115-01-022_heliotrons_finiteBeta_randomAspect_randomNfpUpTo8_noTorsion_flux_tubes/heliotron_randomAspect_finiteBeta_maxm1_maxn1_LMN8_002949.h5,1,unstable,0.41176316142082214,0.623551,0.072249097922485,0.2117878496646881,unanimous_success,0.984375,1.1303660869598389,0.055479198694229126,1.509476900100708,0.02258867,0.18451523071714587,0.33116104735156415,4.0,-0.5420568654175151,-0.00925807163375472,-2984.128133121098,9.811715126037598,0.25207485511895766,38.92381539367467
62995,20241115-01-random_heliotrons/20241115-01-022_heliotrons_finiteBeta_randomAspect_randomNfpUpTo8_noTorsion_flux_tubes/heliotron_randomAspect_finiteBeta_maxm1_maxn1_LMN8_002981.h5,1,unstable,-0.6876381039619446,-0.60557467,0.15024651704471956,0.08206343650817871,high_spread_low_error,0.9375,1.0329195261001587,0.6587802171707153,0.5027621388435364,0.020604074,0.11410149132080459,0.6510243594522318,3.0,-0.4026928470652414,0.08086015918619507,-25214.699701643436,8.70012378692627,0.30963710172086456,28.097807848522507
63005,20241115-01-random_heliotrons/20241115-01-022_heliotrons_finiteBeta_randomAspect_randomNfpUpTo8_noTorsion_flux_tubes/heliotron_randomAspect_finiteBeta_maxm1_maxn1_LMN8_002983.h5,1,stable_or_near_floor,-2.0,-0.0035343638,0.12238502712180323,1.996465636184439,common_mode_failure,0.828125,4.886041164398193,0.6810078620910645,5.19144336408317e-08,2.6077032e-08,0.2867008458077641,1.3795179822054988,6.0,-0.2140316299316591,-0.06399153197257933,-5242.915781232803,8.054682731628418,0.6501734336504288,12.388514071399426
63016,20241115-01-random_heliotrons/20241115-01-022_heliotrons_finiteBeta_randomAspect_randomNfpUpTo8_noTorsion_flux_tubes/heliotron_randomAspect_finiteBeta_maxm1_maxn1_LMN8_002986.h5,1,unstable,2.7064359188079834,2.6672175,0.07576303597985853,0.03921842575073242,unanimous_success,0.984375,4.063320636749268,0.6180185675621033,14.97580623626709,0.045342684,0.2730380660057709,0.7807998188435028,6.0,-1.4223418467902404,-0.8570509831466503,-2835.530718171477,7.013757228851318,0.9151766428951781,7.663828926690227
63143,20241115-01-random_heliotrons/20241115-01-022_heliotrons_finiteBeta_randomAspect_randomNfpUpTo8_noTorsion_flux_tubes/heliotron_randomAspect_finiteBeta_maxm1_maxn1_LMN8_003018.h5,1,unstable,3.0252792835235596,3.0616336,0.09626881463918543,0.03635430335998535,unanimous_success,0.65625,3.6678247451782227,0.2245943695306778,20.59975814819336,0.0,0.19204432836534396,0.47598812573985944,3.0,-0.47866651462228316,0.0862733818788586,-48476.110150837,6.689138412475586,0.541348308122467,12.356440968062154
63177,20241115-01-random_heliotrons/20241115-01-022_heliotrons_finiteBeta_randomAspect_randomNfpUpTo8_noTorsion_flux_tubes/heliotron_randomAspect_finiteBeta_maxm1_maxn1_LMN8_003026.h5,1,unstable,2.401337146759033,2.484134,0.05921142169460214,0.08279681205749512,unanimous_success,0.59375,3.3764374256134033,0.28773191571235657,11.037925720214844,0.00071263313,0.20188618362024488,0.375956189906097,8.0,-1.1195054607673962,-0.13543027033799587,-5826.6088289879,9.278704643249512,0.4064940341295735,22.826176682071164
63228,20241115-01-random_heliotrons/20241115-01-022_heliotrons_finiteBeta_randomAspect_randomNfpUpTo8_noTorsion_flux_tubes/heliotron_randomAspect_finiteBeta_maxm1_maxn1_LMN8_003039.h5,1,stable_or_near_floor,-2.0,-1.9273577,0.08221712446726978,0.07264232635498047,unanimous_success,0.875,3.3747150897979736,0.8431168794631958,7.425138392136432e-06,0.014117479,0.32843753048831215,1.396359167606018,5.0,-0.24262605631626136,0.13640070604030577,-13125.884426579894,6.001461982727051,0.49085255733648514,12.226608363401025
63329,20241115-01-random_heliotrons/20241115-01-022_heliotrons_finiteBeta_randomAspect_randomNfpUpTo8_noTorsion_flux_tubes/heliotron_randomAspect_finiteBeta_maxm1_maxn1_LMN8_003064.h5,1,stable_or_near_floor,-2.0,-1.998304,0.015433415186172788,0.0016959905624389648,unanimous_success,0.53125,1.1576991081237793,1.0564738512039185,1.218135992075986e-07,0.0010304451,0.14859315199868367,0.44219195456492455,7.0,-0.9147039889631335,-0.07634307368296202,-60586.68979138705,6.19362735748291,0.3880540552869982,15.960733493436136
63330,20241115-01-random_heliotrons/20241115-01-022_heliotrons_finiteBeta_randomAspect_randomNfpUpTo8_noTorsion_flux_tubes/heliotron_randomAspect_finiteBeta_maxm1_maxn1_LMN8_003065.h5,1,unstable,2.628450393676758,2.6411242,0.05193545881633162,0.01267385482788086,unanimous_success,0.796875,2.905912399291992,0.3081207871437073,13.852287292480469,0.0070409775,0.0686043707215363,0.3672634725853787,3.0,-0.37967510734979815,-0.026419326661748708,-3787.330317324768,7.128957748413086,0.52000339972848,13.709444500046489
63439,20241115-01-random_heliotrons/20241115-01-022_heliotrons_finiteBeta_randomAspect_randomNfpUpTo8_noTorsion_flux_tubes/heliotron_randomAspect_finiteBeta_maxm1_maxn1_LMN8_003092.h5,1,stable_or_near_floor,-2.0,-1.9981315,0.012542817841466073,0.0018684864044189453,unanimous_success,0.890625,0.8193708062171936,0.5503448247909546,1.0913539227885849e-07,4.2438507e-05,0.1143133346091325,0.3184509198218501,8.0,-1.1596342683118916,-0.03717611996302474,-58134.20227448979,8.196183204650879,0.2976900626925647,27.532605994696482
63444,20241115-01-random_heliotrons/20241115-01-022_heliotrons_finiteBeta_randomAspect_randomNfpUpTo8_noTorsion_flux_tubes/heliotron_randomAspect_finiteBeta_maxm1_maxn1_LMN8_003093.h5,1,stable_or_near_floor,-2.0,-2.001521,0.02177524382025599,0.0015211105346679688,unanimous_success,0.5625,0.846127450466156,0.9434037208557129,1.0527469385124277e-07,0.003414154,0.16086074337889766,0.33447885397916916,5.0,-1.0302614687330909,-0.028152820555090337,-45809.806491278054,6.802529335021973,0.40020798659329315,16.997485214943914
63599,20241115-01-random_heliotrons/20241115-01-022_heliotrons_finiteBeta_randomAspect_randomNfpUpTo8_noTorsion_flux_tubes/heliotron_randomAspect_finiteBeta_maxm1_maxn1_LMN8_003132.h5,1,unstable,4.161040306091309,4.116585,0.09480283512875085,0.044455528259277344,unanimous_success,0.859375,5.119505405426025,1.2214279174804688,64.13822174072266,0.038551807,0.18027599247668516,0.7889525714889217,5.0,-0.4551462492576344,-1.3265118848588417,-13318.000683660273,7.155759811401367,0.9516308871151116,7.519469899820296
63629,20241115-01-random_heliotrons/20241115-01-022_heliotrons_finiteBeta_randomAspect_randomNfpUpTo8_noTorsion_flux_tubes/heliotron_randomAspect_finiteBeta_maxm1_maxn1_LMN8_003139.h5,1,unstable,-1.171829104423523,-0.8906476,0.21734869057803433,0.2811815142631531,high_spread_low_error,0.84375,0.8061608076095581,0.13342389464378357,0.30979976058006287,0.015493512,0.09199086871459891,0.31079799647797074,7.0,-0.9046583397598953,-0.0100576227364834,-46833.455307018376,6.793698787689209,0.17155163235832505,39.60148145660897
63758,20241115-01-random_heliotrons/20241115-01-022_heliotrons_finiteBeta_randomAspect_randomNfpUpTo8_noTorsion_flux_tubes/heliotron_randomAspect_finiteBeta_maxm1_maxn1_LMN8_003172.h5,1,unstable,3.269443988800049,2.5339093,0.1942073716605513,0.73553466796875,high_spread_high_error,0.625,2.004877805709839,0.30351394414901733,26.296710968017578,0.013064146,0.12103576819753262,0.6227019002895806,5.0,-0.3977619123331781,0.18435384591594536,-43163.77130868498,9.735481262207031,0.31888115649657467,30.530124041091174
63766,20241115-01-random_heliotrons/20241115-01-022_heliotrons_finiteBeta_randomAspect_randomNfpUpTo8_noTorsion_flux_tubes/heliotron_randomAspect_finiteBeta_maxm1_maxn1_LMN8_003174.h5,1,unstable,1.3940491676330566,0.7785694,0.16512524720432895,0.6154797673225403,high_spread_high_error,0.9375,2.489891767501831,1.6826741695404053,4.031139850616455,0.10930765,0.17640908289526822,0.6369230649458839,5.0,-1.1857897116520828,-0.4935006175118269,-1341.5068663234845,6.248840808868408,0.7453559530525004,8.383700141224017
63815,20241115-01-random_heliotrons/20241115-01-022_heliotrons_finiteBeta_randomAspect_randomNfpUpTo8_noTorsion_flux_tubes/heliotron_randomAspect_finiteBeta_maxm1_maxn1_LMN8_003186.h5,1,unstable,2.8117616176605225,2.891543,0.0528570195119644,0.07978129386901855,unanimous_success,0.59375,4.332276344299316,0.46188828349113464,16.639205932617188,0.0175066,0.18743729760974878,0.31250671844148975,8.0,-1.1656706825423393,-0.5197921057029435,-5768.1276830814395,9.865869522094727,0.7962193814628337,12.390893454475965
63893,20241115-01-random_heliotrons/20241115-01-023_heliotrons_finiteBeta_randomAspect_randomNfpUpTo8_withTorsion_flux_tubes/heliotron_randomAspect_finiteBeta_maxm1_maxn1_LMN8_000005.h5,2,unstable,1.513286828994751,1.5739357,0.14530378448486592,0.06064891815185547,unanimous_success,0.734375,7.800882816314697,5.243808746337891,4.5416340827941895,0.03231132,0.28793215442026,0.5458167573968077,7.0,-1.1729028210134178,-0.46310375894633066,-6351.216865557477,8.586529731750488,0.9450506827928803,9.085787554139394
63901,20241115-01-random_heliotrons/20241115-01-023_heliotrons_finiteBeta_randomAspect_randomNfpUpTo8_withTorsion_flux_tubes/heliotron_randomAspect_finiteBeta_maxm1_maxn1_LMN8_000007.h5,2,unstable,-0.4899638295173645,-0.18160552,0.09556855332322912,0.3083583116531372,unanimous_success,0.796875,2.5599007606506348,1.3924665451049805,0.6126485466957092,0.0016113818,0.20950719713460225,0.5733778953949257,8.0,-1.067771991528086,-0.0409193195298202,-59387.75825728227,8.710943222045898,0.3946647494105341,22.071753900130286
63968,20241115-01-random_heliotrons/20241115-01-023_heliotrons_finiteBeta_randomAspect_randomNfpUpTo8_withTorsion_flux_tubes/heliotron_randomAspect_finiteBeta_maxm1_maxn1_LMN8_000024.h5,2,unstable,0.5814615488052368,0.6235655,0.0887531651782822,0.04210394620895386,unanimous_success,0.609375,1.4904804229736328,0.47341206669807434,1.7886507511138916,0.036721766,0.0824588785903788,0.27200729019273423,4.0,-0.8114636727023239,-0.00855741251585977,-11841.729472147821,8.372763633728027,0.19978247866954946,41.90939910990398
63988,20241115-01-random_heliotrons/20241115-01-023_heliotrons_finiteBeta_randomAspect_randomNfpUpTo8_withTorsion_flux_tubes/heliotron_randomAspect_finiteBeta_maxm1_maxn1_LMN8_000029.h5,2,unstable,-1.4495186805725098,-0.40821347,0.23710559897338426,1.0413052141666412,high_spread_high_error,0.859375,1.069311261177063,-0.15084795653820038,0.23468321561813354,0.1054655,0.31578757189594786,0.4538110149895215,7.0,-1.3286059889195465,-0.028959033417346423,-6721.463914507383,9.334428787231445,0.3757675619560782,24.840964820487898
64002,20241115-01-random_heliotrons/20241115-01-023_heliotrons_finiteBeta_randomAspect_randomNfpUpTo8_withTorsion_flux_tubes/heliotron_randomAspect_finiteBeta_maxm1_maxn1_LMN8_000033.h5,2,unstable,4.3198628425598145,4.3443108,0.07265943915046616,0.024447917938232422,unanimous_success,0.953125,8.949731826782227,2.1388769149780273,75.17832946777344,0.0,0.09989598415490974,0.3303784563748644,6.0,-0.947956016020341,-0.8346426491246964,-4245.429277641913,7.133700847625732,0.9360107610529542,7.621387642595861
64070,20241115-01-random_heliotrons/20241115-01-023_heliotrons_finiteBeta_randomAspect_randomNfpUpTo8_withTorsion_flux_tubes/heliotron_randomAspect_finiteBeta_maxm1_maxn1_LMN8_000050.h5,2,unstable,0.9953429102897644,0.90278417,0.07595286102496378,0.09255874156951904,unanimous_success,0.65625,2.3967525959014893,1.1942250728607178,2.7056519985198975,0.008788109,0.07532372618309456,0.33934312471819333,5.0,-0.5934556797488176,-0.12209519903515528,-30458.095413281342,9.775425910949707,0.5552830425923503,17.604402009672274
64239,20241115-01-random_heliotrons/20241115-01-023_heliotrons_finiteBeta_randomAspect_randomNfpUpTo8_withTorsion_flux_tubes/heliotron_randomAspect_finiteBeta_maxm1_maxn1_LMN8_000092.h5,2,stable_or_near_floor,-2.0,-2.0001104,0.010969431354658681,0.00011038780212402344,unanimous_success,0.3125,1.334267497062683,1.3612055778503418,3.753075361601077e-07,0.00070893764,0.27761786544311706,0.3756202591681117,8.0,-0.8028765729184112,-0.23765243988961973,-5786.862590372481,7.838916778564453,0.5197270133594991,15.082758019241565
64321,20241115-01-random_heliotrons/20241115-01-023_heliotrons_finiteBeta_randomAspect_randomNfpUpTo8_withTorsion_flux_tubes/heliotron_randomAspect_finiteBeta_maxm1_maxn1_LMN8_000112.h5,2,unstable,1.3953466415405273,1.672451,0.08878212066250166,0.27710437774658203,unanimous_success,0.890625,3.132988691329956,1.0438668727874756,4.036373615264893,0.02816534,0.19204761865722442,0.4944927594289832,7.0,-1.244979585816656,-0.3369779193915744,-20915.232633498097,6.988905906677246,0.5836726884542425,11.974015651111191
64338,20241115-01-random_heliotrons/20241115-01-023_heliotrons_finiteBeta_randomAspect_randomNfpUpTo8_withTorsion_flux_tubes/heliotron_randomAspect_finiteBeta_maxm1_maxn1_LMN8_000117.h5,2,unstable,2.9421956539154053,2.7972782,0.08244066546471827,0.14491748809814453,unanimous_success,0.4375,2.5582242012023926,0.11660242080688477,18.95742416381836,0.00793314,0.06838565941679679,0.4044477397253923,2.0,-0.4316274431813143,-0.016452395942452548,-3026.2332905099443,6.336569309234619,0.44600383632760243,14.207432297914652
64449,20241115-01-random_heliotrons/20241115-01-023_heliotrons_finiteBeta_randomAspect_randomNfpUpTo8_withTorsion_flux_tubes/heliotron_randomAspect_finiteBeta_maxm1_maxn1_LMN8_000144.h5,2,unstable,-1.5956063270568848,-0.9192131,0.31788482803296947,0.6763932108879089,high_spread_high_error,0.734375,0.8977599740028381,0.22159789502620697,0.20278553664684296,0.086698174,0.10479574229324796,0.5667874905890492,5.0,-0.8493790091037497,-0.0017448959992554258,-67044.52683162523,6.208806991577148,0.18518636805891997,33.52734359800025
64462,20241115-01-random_heliotrons/20241115-01-023_heliotrons_finiteBeta_randomAspect_randomNfpUpTo8_withTorsion_flux_tubes/heliotron_randomAspect_finiteBeta_maxm1_maxn1_LMN8_000148.h5,2,unstable,3.9200921058654785,2.6689975,0.33515276448144665,1.2510945796966553,high_spread_high_error,0.953125,0.8966655731201172,0.04785981774330139,50.405086517333984,0.039585114,0.09544520136206958,0.9765023123862357,2.0,-0.44193780310253716,0.01393584270646175,-40431.24089405568,7.234610080718994,0.3361418070948945,21.522494161747122
64539,20241115-01-random_heliotrons/20241115-01-023_heliotrons_finiteBeta_randomAspect_randomNfpUpTo8_withTorsion_flux_tubes/heliotron_randomAspect_finiteBeta_maxm1_maxn1_LMN8_000167.h5,2,unstable,0.91495281457901,0.9482182,0.05784111413027845,0.03326541185379028,unanimous_success,0.84375,2.6491239070892334,1.2491971254348755,2.496657371520996,0.0017052293,0.15306206271703546,0.3682011634328612,6.0,-0.41418029696213793,-0.12069922799242822,-12061.974830629113,9.311298370361328,0.4482378993385171,20.773117097198586
64584,20241115-01-random_heliotrons/20241115-01-023_heliotrons_finiteBeta_randomAspect_randomNfpUpTo8_withTorsion_flux_tubes/heliotron_randomAspect_finiteBeta_maxm1_maxn1_LMN8_000178.h5,2,stable_or_near_floor,-2.0,-1.9939322,0.016323733816761055,0.006067752838134766,unanimous_success,0.890625,3.2452425956726074,3.608063220977783,1.1272249622606978e-07,0.0011184216,0.09354961459640593,0.4566272809492164,3.0,-0.5970526426165946,-0.8227555670810411,-15816.607163295648,6.229614734649658,0.9296119706117816,6.7013064930197945
64601,20241115-01-random_heliotrons/20241115-01-023_heliotrons_finiteBeta_randomAspect_randomNfpUpTo8_withTorsion_flux_tubes/heliotron_randomAspect_finiteBeta_maxm1_maxn1_LMN8_000182.h5,2,unstable,-1.2472801208496094,-1.3625787,0.17968949103500756,0.11529862880706787,high_spread_low_error,0.359375,2.814309597015381,0.3832157850265503,0.28728511929512024,0.044658184,0.2339790088975457,1.1111153895423007,4.0,-0.48558001583429855,-0.09634367105107945,-66814.50798553761,7.583189964294434,0.5552682171735925,13.656805359568624
64656,20241115-01-random_heliotrons/20241115-01-023_heliotrons_finiteBeta_randomAspect_randomNfpUpTo8_withTorsion_flux_tubes/heliotron_randomAspect_finiteBeta_maxm1_maxn1_LMN8_000196.h5,2,unstable,-1.7402355670928955,-1.5498959,0.1359397877060436,0.19033968448638916,unanimous_success,0.4375,1.4207059144973755,0.9708957672119141,0.17547905445098877,0.06488061,0.188534412905794,0.433926067854021,6.0,-1.3986824333694556,-0.1362078202584268,-27272.58994683512,7.771289348602295,0.5639392684114518,13.78036569521585
64670,20241115-01-random_heliotrons/20241115-01-023_heliotrons_finiteBeta_randomAspect_randomNfpUpTo8_withTorsion_flux_tubes/heliotron_randomAspect_finiteBeta_maxm1_maxn1_LMN8_000200.h5,2,unstable,1.5864428281784058,1.4885423,0.08067090127932823,0.09790050983428955,unanimous_success,0.765625,4.204457759857178,2.3247032165527344,4.886336326599121,0.021438956,0.11722088830493861,0.4623706933863891,8.0,-1.59409007255655,-0.23732269889893923,-14361.152067749625,9.988213539123535,0.6781937315162496,14.727670096261006
64695,20241115-01-random_heliotrons/20241115-01-023_heliotrons_finiteBeta_randomAspect_randomNfpUpTo8_withTorsion_flux_tubes/heliotron_randomAspect_finiteBeta_maxm1_maxn1_LMN8_000206.h5,2,unstable,1.1005263328552246,1.0990459,0.07193486018904491,0.0014804601669311523,unanimous_success,0.328125,3.425673484802246,1.9022737741470337,3.0057477951049805,0.0065573454,0.09204285813054809,0.4027840532827733,5.0,-0.5310318441969675,-0.6030085326602577,-2408.0148729998355,6.336619853973389,0.9064432340179112,6.990641681868606
64711,20241115-01-random_heliotrons/20241115-01-023_heliotrons_finiteBeta_randomAspect_randomNfpUpTo8_withTorsion_flux_tubes/heliotron_randomAspect_finiteBeta_maxm1_maxn1_LMN8_000210.h5,2,unstable,0.584672212600708,0.70367867,0.076034719245704,0.1190064549446106,unanimous_success,0.546875,1.7243032455444336,0.13527058064937592,1.7944027185440063,0.008519709,0.10322179409999342,0.3052022069400823,4.0,-0.7394861506263943,-0.06449248282299326,-18568.385600117457,6.448343276977539,0.38681183642912587,16.670491101062897
64714,20241115-01-random_heliotrons/20241115-01-023_heliotrons_finiteBeta_randomAspect_randomNfpUpTo8_withTorsion_flux_tubes/heliotron_randomAspect_finiteBeta_maxm1_maxn1_LMN8_000211.h5,2,unstable,4.1624627113342285,4.2485456,0.10964846261590673,0.08608293533325195,unanimous_success,0.9375,5.9955010414123535,1.2109657526016235,64.22949981689453,0.0022978783,0.2048507314927307,1.0917314556882192,7.0,-1.905191228690013,-0.2778377091303919,-21729.861669397906,6.561092853546143,0.7687517013969053,8.53473604237093
64792,20241115-01-random_heliotrons/20241115-01-023_heliotrons_finiteBeta_randomAspect_randomNfpUpTo8_withTorsion_flux_tubes/heliotron_randomAspect_finiteBeta_maxm1_maxn1_LMN8_000230.h5,2,unstable,1.9037139415740967,1.8175545,0.0989913560500543,0.08615946769714355,unanimous_success,0.875,3.1871414184570312,0.9041164517402649,6.710771560668945,0.036996126,0.20110013341262062,0.5133490511757007,8.0,-1.448882066134246,-0.30116281221623187,-7279.5740224376295,7.673158645629883,0.5755644434390089,13.331536951418695
64895,20241115-01-random_heliotrons/20241115-01-023_heliotrons_finiteBeta_randomAspect_randomNfpUpTo8_withTorsion_flux_tubes/heliotron_randomAspect_finiteBeta_maxm1_maxn1_LMN8_000256.h5,2,unstable,1.4058889150619507,1.2997884,0.06239285297075712,0.10610055923461914,unanimous_success,0.9375,2.1771888732910156,0.8973432779312134,4.079151153564453,0.003289938,0.09731868403064597,0.32984225970064646,3.0,-0.765967119787799,-0.007132080702368334,-11401.030408314442,8.103710174560547,0.2426556187713439,33.395930477903875
64915,20241115-01-random_heliotrons/20241115-01-023_heliotrons_finiteBeta_randomAspect_randomNfpUpTo8_withTorsion_flux_tubes/heliotron_randomAspect_finiteBeta_maxm1_maxn1_LMN8_000261.h5,2,unstable,0.5037626624107361,0.5216632,0.1296771107344982,0.017900526523590088,unanimous_success,0.828125,1.6184561252593994,0.6757469773292542,1.6549365520477295,0.009560943,0.2350868536336288,0.34766477444487426,6.0,-1.235882754718657,-0.3412040013981875,-8824.928439781237,7.384974002838135,0.6449684495923773,11.450132184768833
64926,20241115-01-random_heliotrons/20241115-01-023_heliotrons_finiteBeta_randomAspect_randomNfpUpTo8_withTorsion_flux_tubes/heliotron_randomAspect_finiteBeta_maxm1_maxn1_LMN8_000264.h5,2,stable_or_near_floor,-2.0,-2.0011325,0.0099701838377466,0.0011324882507324219,unanimous_success,0.96875,1.1666685342788696,1.6914689540863037,9.890697327818998e-08,0.0013771057,0.10670835782402573,0.36067942476959963,4.0,-0.5327546124274922,-0.06393147459345162,-13500.177140540118,8.705062866210938,0.43989255780795145,19.78906601555055
64932,20241115-01-random_heliotrons/20241115-01-023_heliotrons_finiteBeta_randomAspect_randomNfpUpTo8_withTorsion_flux_tubes/heliotron_randomAspect_finiteBeta_maxm1_maxn1_LMN8_000265.h5,2,stable_or_near_floor,-2.0,-1.9973074,0.015178727884717145,0.002692580223083496,unanimous_success,0.90625,2.2918286323547363,2.595458745956421,1.3904812590226356e-07,0.0007867813,0.1926943792630952,0.5038061359937188,4.0,-1.177116483655119,-0.4433765377937017,-226.20228190925926,7.656594276428223,0.9888649130491344,7.742811151848184
64937,20241115-01-random_heliotrons/20241115-01-023_heliotrons_finiteBeta_randomAspect_randomNfpUpTo8_withTorsion_flux_tubes/heliotron_randomAspect_finiteBeta_maxm1_maxn1_LMN8_000266.h5,2,stable_or_near_floor,-2.0,-2.0004668,0.011917922272470103,0.0004668235778808594,unanimous_success,0.734375,1.6233042478561401,1.9260932207107544,1.1064609140021275e-07,0.0004569292,0.1346978010024667,0.3453992956830684,6.0,-0.9870875039858392,-0.29612612000863425,-42996.11141931641,6.100626468658447,0.5535196365437509,11.021517694930495
64973,20241115-01-random_heliotrons/20241115-01-023_heliotrons_finiteBeta_randomAspect_randomNfpUpTo8_withTorsion_flux_tubes/heliotron_randomAspect_finiteBeta_maxm1_maxn1_LMN8_000275.h5,2,unstable,0.07356835156679153,-0.043344855,0.09743705222546716,0.11691320687532425,unanimous_success,0.625,1.830499529838562,1.1141823530197144,1.0763421058654785,0.034231085,0.11465283196577765,0.279036831677294,5.0,-0.647231729144065,-0.20113928075488133,-8177.331251035713,7.838906288146973,0.6226916485337282,12.588744857274856
64988,20241115-01-random_heliotrons/20241115-01-023_heliotrons_finiteBeta_randomAspect_randomNfpUpTo8_withTorsion_flux_tubes/heliotron_randomAspect_finiteBeta_maxm1_maxn1_LMN8_000279.h5,2,unstable,0.14636170864105225,-1.4977967,0.28329711954111414,1.6441583633422852,high_spread_high_error,0.234375,0.928575873374939,0.3537987172603607,1.157614827156067,0.03450167,0.23211975906246723,0.8922758839853068,4.0,-0.9340365508986969,-0.007766045797645253,-43948.296916164974,6.418237686157227,0.34279253939046583,18.72338790561128
65084,20241115-01-random_heliotrons/20241115-01-023_heliotrons_finiteBeta_randomAspect_randomNfpUpTo8_withTorsion_flux_tubes/heliotron_randomAspect_finiteBeta_maxm1_maxn1_LMN8_000303.h5,2,unstable,0.4508475959300995,0.5535978,0.13468518837442692,0.10275021195411682,unanimous_success,0.453125,1.9293471574783325,0.08295697718858719,1.5696420669555664,0.057909966,0.38954914530291374,0.9011216761388713,5.0,-0.9446745295025188,-0.2652653928965161,-1514.7228117454713,7.952221870422363,0.975011732703428,8.156026849413527
65090,20241115-01-random_heliotrons/20241115-01-023_heliotrons_finiteBeta_randomAspect_randomNfpUpTo8_withTorsion_flux_tubes/heliotron_randomAspect_finiteBeta_maxm1_maxn1_LMN8_000305.h5,2,unstable,-0.2318539172410965,0.21499656,0.13741298392147322,0.4468504786491394,unanimous_success,0.796875,3.437673807144165,2.4681015014648438,0.7930619716644287,0.010731369,0.12829077486416396,0.7317670328650492,3.0,-0.6285915531392907,-0.34272824827305565,-9154.460197621365,7.418102264404297,0.9078481355887561,8.171082776519139
65147,20241115-01-random_heliotrons/20241115-01-023_heliotrons_finiteBeta_randomAspect_randomNfpUpTo8_withTorsion_flux_tubes/heliotron_randomAspect_finiteBeta_maxm1_maxn1_LMN8_000319.h5,2,unstable,0.2705986797809601,0.071063645,0.14601402483582038,0.19953503459692,unanimous_success,0.84375,1.1634958982467651,0.18032728135585785,1.3107489347457886,0.013053551,0.2942934174583062,0.5212154861281452,8.0,-1.1877375687810925,-0.043657821347308765,-402.1614324856185,7.931429862976074,0.33417697647422084,23.73421995332441
65165,20241115-01-random_heliotrons/20241115-01-023_heliotrons_finiteBeta_randomAspect_randomNfpUpTo8_withTorsion_flux_tubes/heliotron_randomAspect_finiteBeta_maxm1_maxn1_LMN8_000323.h5,2,unstable,2.0423595905303955,2.1487014,0.07141322642476307,0.10634183883666992,unanimous_success,0.265625,3.363528251647949,0.6072577238082886,7.70877742767334,0.0107162,0.2008161911808098,0.3785767696880353,6.0,-1.3799327522408236,-0.016628419573180585,-26799.257437381275,8.963963508605957,0.5092214428885834,17.603271884540913
65308,20241115-01-random_heliotrons/20241115-01-023_heliotrons_finiteBeta_randomAspect_randomNfpUpTo8_withTorsion_flux_tubes/heliotron_randomAspect_finiteBeta_maxm1_maxn1_LMN8_000359.h5,2,stable_or_near_floor,-2.0,-1.877976,0.0850425597875511,0.1220240592956543,unanimous_success,0.59375,0.6371780037879944,0.3069347143173218,0.11902133375406265,0.004030347,0.13498872984247914,0.3982839177793864,6.0,-1.0579827735736471,-0.007497839716064497,-16911.99714302406,6.2793288230896,0.10005797167788466,62.75690699892021
65373,20241115-01-random_heliotrons/20241115-01-023_heliotrons_finiteBeta_randomAspect_randomNfpUpTo8_withTorsion_flux_tubes/heliotron_randomAspect_finiteBeta_maxm1_maxn1_LMN8_000375.h5,2,unstable,-1.3282043933868408,-1.086448,0.1752896205258285,0.24175643920898438,high_spread_low_error,0.734375,2.684547185897827,2.1172285079956055,0.26495257019996643,0.012776375,0.4892979917796695,0.8020362705770622,6.0,-1.0575513001947061,-0.1747236910804601,-21003.02097050131,7.877450466156006,0.8247253507735276,9.551604614515094
65390,20241115-01-random_heliotrons/20241115-01-023_heliotrons_finiteBeta_randomAspect_randomNfpUpTo8_withTorsion_flux_tubes/heliotron_randomAspect_finiteBeta_maxm1_maxn1_LMN8_000380.h5,2,unstable,0.8268188238143921,0.7806114,0.06783033394751016,0.046207427978515625,unanimous_success,0.484375,2.156376361846924,0.1462608277797699,2.2860348224639893,0.0022562146,0.11743237289940214,0.45381890066415187,5.0,-0.6923666234515289,-0.044875487022787014,-66039.93272450235,6.249064922332764,0.2911746918238922,21.461566193095905
65547,20241115-01-random_heliotrons/20241115-01-023_heliotrons_finiteBeta_randomAspect_randomNfpUpTo8_withTorsion_flux_tubes/heliotron_randomAspect_finiteBeta_maxm1_maxn1_LMN8_000419.h5,2,unstable,3.0905075073242188,3.1129327,0.06848203190032578,0.022425174713134766,unanimous_success,0.375,4.564301013946533,0.9835196137428284,21.988235473632812,0.030228853,0.19817601759404188,0.3704864846193278,7.0,-1.5717019310603921,-0.10803223558033,-60372.08335864312,9.267850875854492,0.5549408995259075,16.700608810365438
65599,20241115-01-random_heliotrons/20241115-01-023_heliotrons_finiteBeta_randomAspect_randomNfpUpTo8_withTorsion_flux_tubes/heliotron_randomAspect_finiteBeta_maxm1_maxn1_LMN8_000432.h5,2,unstable,1.714024543762207,1.7370293,0.07549157513886953,0.023004770278930664,unanimous_success,0.5,2.701702356338501,0.06633540987968445,5.551258087158203,0.056532025,0.1306905488072343,0.34357971403986826,6.0,-0.9235523566743811,-0.2448284283180548,-52324.39535817173,6.218169212341309,0.5708824948870674,10.892205082538734
65613,20241115-01-random_heliotrons/20241115-01-023_heliotrons_finiteBeta_randomAspect_randomNfpUpTo8_withTorsion_flux_tubes/heliotron_randomAspect_finiteBeta_maxm1_maxn1_LMN8_000435.h5,2,unstable,0.8981720805168152,1.2042545,0.12237294405475697,0.30608242750167847,unanimous_success,0.9375,3.8918559551239014,2.353334903717041,2.455111265182495,0.0018761158,0.18056949292607427,0.4446318468310849,5.0,-1.33886518805287,-0.504669835445297,-7347.161897951495,7.457115650177002,0.8907582333296893,8.371649423101047
65707,20241115-01-random_heliotrons/20241115-01-023_heliotrons_finiteBeta_randomAspect_randomNfpUpTo8_withTorsion_flux_tubes/heliotron_randomAspect_finiteBeta_maxm1_maxn1_LMN8_000459.h5,2,stable_or_near_floor,-2.0,-2.0015388,0.019818288478994403,0.0015387535095214844,unanimous_success,0.671875,0.6587754487991333,0.6168740391731262,2.2941669612919213e-06,0.00199759,0.34495014679601077,0.654576257298001,8.0,-1.7070707191969838,-0.06207078023770914,-47971.53075431878,8.599678039550781,0.32332721192725655,26.597445938096826
65765,20241115-01-random_heliotrons/20241115-01-023_heliotrons_finiteBeta_randomAspect_randomNfpUpTo8_withTorsion_flux_tubes/heliotron_randomAspect_finiteBeta_maxm1_maxn1_LMN8_000473.h5,2,unstable,3.0895543098449707,2.8499486,0.11611071674077468,0.23960566520690918,unanimous_success,0.875,6.517306327819824,2.5581305027008057,21.967287063598633,0.031250477,0.31654418815393415,0.6273115930938595,8.0,-0.7648500548593885,-0.35586271043595646,-3001.146687853932,8.443081855773926,0.8429015233740901,10.016688333859829
65878,20241115-01-random_heliotrons/20241115-01-023_heliotrons_finiteBeta_randomAspect_randomNfpUpTo8_withTorsion_flux_tubes/heliotron_randomAspect_finiteBeta_maxm1_maxn1_LMN8_000502.h5,2,unstable,-0.6941468119621277,-0.11836216,0.4319395463939392,0.5757846534252167,high_spread_high_error,0.90625,1.4112876653671265,0.10551094263792038,0.49950042366981506,0.026930839,0.2649626076372237,0.4517491056167568,5.0,-1.302586250599793,-0.3921627467760616,-20562.84252756308,6.034717082977295,0.7254933991681747,8.3180868218739
66003,20241115-01-random_heliotrons/20241115-01-023_heliotrons_finiteBeta_randomAspect_randomNfpUpTo8_withTorsion_flux_tubes/heliotron_randomAspect_finiteBeta_maxm1_maxn1_LMN8_000533.h5,2,unstable,0.35136210918426514,-0.1952441,0.18107103700390978,0.5466062128543854,high_spread_high_error,0.90625,5.116816997528076,4.272740364074707,1.4210017919540405,0.09129104,0.13140379359617704,0.3236267109661215,8.0,-1.5885978543597628,-0.46928633927167046,-17192.96876156304,9.898131370544434,0.920617118857379,10.75162645555567
66034,20241115-01-random_heliotrons/20241115-01-023_heliotrons_finiteBeta_randomAspect_randomNfpUpTo8_withTorsion_flux_tubes/heliotron_randomAspect_finiteBeta_maxm1_maxn1_LMN8_000541.h5,2,unstable,0.8530592322349548,0.6652772,0.13340395254514573,0.18778204917907715,unanimous_success,0.78125,1.3257120847702026,-0.01847434975206852,2.346815347671509,0.04538101,0.1163931299800717,0.23654849449154408,3.0,-0.7542743508383929,-0.05612606625256103,-1050.947075325749,7.275101661682129,0.46461940920205236,15.658195756773376
66113,20241115-01-random_heliotrons/20241115-01-023_heliotrons_finiteBeta_randomAspect_randomNfpUpTo8_withTorsion_flux_tubes/heliotron_randomAspect_finiteBeta_maxm1_maxn1_LMN8_000560.h5,2,unstable,0.19437699019908905,0.46023098,0.19026739167650275,0.26585398614406586,high_spread_low_error,0.984375,3.300853967666626,2.2557339668273926,1.2145540714263916,0.01975602,0.24284996722378271,0.7207100091501628,8.0,-1.7312977819117998,-0.7408123858158089,-27094.981851306875,8.062344551086426,0.8773708913141723,9.189209068710065
66242,20241115-01-random_heliotrons/20241115-01-023_heliotrons_finiteBeta_randomAspect_randomNfpUpTo8_withTorsion_flux_tubes/heliotron_randomAspect_finiteBeta_maxm1_maxn1_LMN8_000593.h5,2,unstable,-0.6635640859603882,-0.564395,0.15959015857990233,0.09916907548904419,high_spread_low_error,0.671875,0.8786527514457703,0.09607882052659988,0.5150125026702881,0.028911114,0.1981861397151474,0.45037838385905454,7.0,-0.9306285215900979,-0.010660854407102875,-12392.354413572799,8.588644027709961,0.14310957148643455,60.014462614222026
66256,20241115-01-random_heliotrons/20241115-01-023_heliotrons_finiteBeta_randomAspect_randomNfpUpTo8_withTorsion_flux_tubes/heliotron_randomAspect_finiteBeta_maxm1_maxn1_LMN8_000596.h5,2,unstable,3.2429187297821045,3.5456972,0.15324894564521235,0.3027784824371338,high_spread_low_error,0.25,3.4594948291778564,-0.2547203004360199,25.60835838317871,0.048463106,0.26046392525058903,0.7342308787312083,4.0,-0.9574195559473804,-0.09215603162676454,-27585.712918129044,7.403029441833496,0.60087068786962,12.320503548077626
66312,20241115-01-random_heliotrons/20241115-01-023_heliotrons_finiteBeta_randomAspect_randomNfpUpTo8_withTorsion_flux_tubes/heliotron_randomAspect_finiteBeta_maxm1_maxn1_LMN8_000610.h5,2,stable_or_near_floor,-2.0,-1.9758257,0.032049169377898507,0.02417433261871338,unanimous_success,0.90625,4.678699970245361,4.659417152404785,1.0962270380332484e-07,0.003028512,0.17654627396110634,0.40038406434517976,6.0,-0.9562660498942339,-0.7496789837472221,-10235.81448901289,7.967817306518555,0.9810911037346777,8.12138370859526
66357,20241115-01-random_heliotrons/20241115-01-023_heliotrons_finiteBeta_randomAspect_randomNfpUpTo8_withTorsion_flux_tubes/heliotron_randomAspect_finiteBeta_maxm1_maxn1_LMN8_000621.h5,2,unstable,0.5198388695716858,0.46107632,0.10088062222872833,0.058762550354003906,unanimous_success,0.796875,4.871038436889648,1.1995452642440796,1.681756615638733,0.009695977,0.2523505465875086,1.1156411831097346,2.0,-0.3624603215562235,-0.2006662339160459,-18678.688322850045,7.78373384475708,0.6823870110022606,11.406626619877578
66425,20241115-01-random_heliotrons/20241115-01-023_heliotrons_finiteBeta_randomAspect_randomNfpUpTo8_withTorsion_flux_tubes/heliotron_randomAspect_finiteBeta_maxm1_maxn1_LMN8_000638.h5,2,unstable,0.45542407035827637,0.3546561,0.11214104512246176,0.10076797008514404,unanimous_success,1.0,1.4965299367904663,0.7657731771469116,1.576841950416565,0.02356121,0.10213296074341624,0.5941549894447724,3.0,-0.8208097857284744,-0.014670004091460102,-22817.497165319277,8.75899887084961,0.5091330811991127,17.203751227911518
66546,20241115-01-random_heliotrons/20241115-01-023_heliotrons_finiteBeta_randomAspect_randomNfpUpTo8_withTorsion_flux_tubes/heliotron_randomAspect_finiteBeta_maxm1_maxn1_LMN8_000669.h5,2,unstable,2.014225482940674,1.7737057,0.07176215202743767,0.24051976203918457,unanimous_success,1.0,1.9917563199996948,0.6884086728096008,7.49492073059082,0.021124125,0.1273744222636389,0.3183407652511432,3.0,-0.7748974376014849,0.003826518075435849,-33931.10596195278,8.161356925964355,0.2601357187903065,31.37345753177081
66603,20241115-01-random_heliotrons/20241115-01-023_heliotrons_finiteBeta_randomAspect_randomNfpUpTo8_withTorsion_flux_tubes/heliotron_randomAspect_finiteBeta_maxm1_maxn1_LMN8_000683.h5,2,unstable,-1.4303467273712158,-1.4563072,0.1143242825295763,0.025960445404052734,unanimous_success,0.21875,2.318268299102783,1.6463549137115479,0.23922596871852875,0.026444435,0.20142763206908126,0.4679188894999665,6.0,-1.0608423808583496,-0.16030740324792317,-32407.51541023987,9.093337059020996,0.6381536295790511,14.249448154074257
66698,20241115-01-random_heliotrons/20241115-01-023_heliotrons_finiteBeta_randomAspect_randomNfpUpTo8_withTorsion_flux_tubes/heliotron_randomAspect_finiteBeta_maxm1_maxn1_LMN8_000707.h5,2,unstable,2.6754443645477295,3.1628506,0.14835269399448311,0.48740625381469727,unanimous_success,0.390625,4.1738080978393555,0.18869057297706604,14.51880168914795,0.017060518,0.1627203515787344,0.5409652527856297,5.0,-0.7970096474473032,-0.30206507176319075,-41665.45152440616,6.823184967041016,0.6502040157081093,10.493913913481721
66718,20241115-01-random_heliotrons/20241115-01-023_heliotrons_finiteBeta_randomAspect_randomNfpUpTo8_withTorsion_flux_tubes/heliotron_randomAspect_finiteBeta_maxm1_maxn1_LMN8_000712.h5,2,unstable,0.4205424189567566,0.47724727,0.06634070317164109,0.05670484900474548,unanimous_success,0.953125,1.316546082496643,0.35895413160324097,1.52278733253479,0.0070620477,0.10314804134678542,0.34867159505777146,5.0,-0.40846797736454105,-0.0560516198909089,-14617.4909058784,7.710475444793701,0.33773460158499335,22.829983687215726
66723,20241115-01-random_heliotrons/20241115-01-023_heliotrons_finiteBeta_randomAspect_randomNfpUpTo8_withTorsion_flux_tubes/heliotron_randomAspect_finiteBeta_maxm1_maxn1_LMN8_000713.h5,2,unstable,-1.1178081035614014,-1.452694,0.20700002111044194,0.33488595485687256,high_spread_low_error,0.890625,0.8509357571601868,0.09020572900772095,0.32699576020240784,0.14801788,0.10648789002539481,0.2973440558291474,4.0,-0.7458727918893107,-0.03448878681582446,-23725.513415480258,8.561408042907715,0.4121429707881815,20.772908067641897
66739,20241115-01-random_heliotrons/20241115-01-023_heliotrons_finiteBeta_randomAspect_randomNfpUpTo8_withTorsion_flux_tubes/heliotron_randomAspect_finiteBeta_maxm1_maxn1_LMN8_000717.h5,2,stable_or_near_floor,-2.0,-1.3155315,0.16936910379676706,0.6844685077667236,high_spread_high_error,0.921875,0.7769530415534973,0.43243443965911865,0.12072531878948212,0.050823927,0.08033651289301673,0.29950590218153783,3.0,-0.5145942943566986,-0.0011599081333546063,-17774.970013150756,8.320648193359375,0.2119784973811123,39.25232179752568
66839,20241115-01-random_heliotrons/20241115-01-023_heliotrons_finiteBeta_randomAspect_randomNfpUpTo8_withTorsion_flux_tubes/heliotron_randomAspect_finiteBeta_maxm1_maxn1_LMN8_000742.h5,2,stable_or_near_floor,-2.0,-1.996642,0.013541475844652952,0.003358006477355957,unanimous_success,0.921875,1.3685497045516968,1.2471429109573364,0.041641391813755035,0.0005469322,0.09548521784031526,0.36840384431616735,3.0,-0.5260642607119493,0.0030644350917843396,-70401.71000219145,7.993446350097656,0.18786205812247925,42.54955167629548
66944,20241115-01-random_heliotrons/20241115-01-023_heliotrons_finiteBeta_randomAspect_randomNfpUpTo8_withTorsion_flux_tubes/heliotron_randomAspect_finiteBeta_maxm1_maxn1_LMN8_000768.h5,2,stable_or_near_floor,-2.0,-1.9812248,0.02843826224067061,0.018775224685668945,unanimous_success,0.34375,1.6440163850784302,1.3951092958450317,0.027515586465597153,0.005902648,0.14736031500360988,0.4256091397594817,5.0,-1.330784735166912,-0.0388851854654826,-31398.830294896048,7.968312740325928,0.6524069313539209,12.213715638780114
67013,20241115-01-random_heliotrons/20241115-01-023_heliotrons_finiteBeta_randomAspect_randomNfpUpTo8_withTorsion_flux_tubes/heliotron_randomAspect_finiteBeta_maxm1_maxn1_LMN8_000785.h5,2,stable_or_near_floor,-2.0,-1.998236,0.008799206473431584,0.001764059066772461,unanimous_success,1.0,1.2434757947921753,1.4921290874481201,1.080423857047208e-07,0.002224207,0.14048240630954645,0.4277535312898967,3.0,-0.5163267919647997,-0.03863900062440734,-28260.89887512149,7.507240295410156,0.4079992602082706,18.400132126656185
67075,20241115-01-random_heliotrons/20241115-01-023_heliotrons_finiteBeta_randomAspect_randomNfpUpTo8_withTorsion_flux_tubes/heliotron_randomAspect_finiteBeta_maxm1_maxn1_LMN8_000801.h5,2,unstable,0.8791120052337646,0.76024085,0.2780061885215689,0.11887115240097046,high_spread_low_error,1.0,4.721424102783203,3.2507503032684326,2.408759832382202,0.046019316,0.3354420641937313,1.0598824185859719,7.0,-1.490482666428822,-1.338126059840363,-8740.01830578566,6.232505798339844,0.9251277387714547,6.736913765677859
67120,20241115-01-random_heliotrons/20241115-01-023_heliotrons_finiteBeta_randomAspect_randomNfpUpTo8_withTorsion_flux_tubes/heliotron_randomAspect_finiteBeta_maxm1_maxn1_LMN8_000812.h5,2,unstable,-0.06458105891942978,-0.18197888,0.09345662700582003,0.11739782243967056,unanimous_success,0.609375,3.4745097160339355,-0.17538213729858398,0.9374601244926453,0.030855581,0.2665293128245101,0.9951850717900591,3.0,-0.37646375319513375,-0.028992008475185158,-61993.13953616047,7.206969738006592,0.41129237392394946,17.5227409865353
67136,20241115-01-random_heliotrons/20241115-01-023_heliotrons_finiteBeta_randomAspect_randomNfpUpTo8_withTorsion_flux_tubes/heliotron_randomAspect_finiteBeta_maxm1_maxn1_LMN8_000816.h5,2,unstable,1.0605340003967285,1.4221536,0.1450225384326744,0.36161959171295166,unanimous_success,0.75,2.401416063308716,0.7767177224159241,2.8879127502441406,0.025330901,0.2290197363032575,0.4178116922601439,6.0,-1.0199924010214843,-0.04159814650182602,-71679.59949598504,8.981399536132812,0.40055547438623573,22.422361221987682
67179,20241115-01-random_heliotrons/20241115-01-023_heliotrons_finiteBeta_randomAspect_randomNfpUpTo8_withTorsion_flux_tubes/heliotron_randomAspect_finiteBeta_maxm1_maxn1_LMN8_000827.h5,2,unstable,1.825900673866272,1.5245105,0.47045327674922205,0.3013901710510254,high_spread_low_error,0.984375,2.3776493072509766,0.8294960260391235,6.2083845138549805,0.20583367,0.2507257988846631,1.1571631816293888,8.0,-1.6401351785836982,-0.5057057721573472,-8706.481002935,7.07993745803833,0.9898532233535005,7.152512403861632
67222,20241115-01-random_heliotrons/20241115-01-023_heliotrons_finiteBeta_randomAspect_randomNfpUpTo8_withTorsion_flux_tubes/heliotron_randomAspect_finiteBeta_maxm1_maxn1_LMN8_000838.h5,2,unstable,4.422639846801758,4.5496016,0.11624283488631222,0.12696170806884766,unanimous_success,0.8125,7.619854927062988,0.8036052584648132,83.31593322753906,0.017772198,0.15216289097900518,0.40455454352995396,5.0,-0.6423996410158912,-0.5414429118467208,-45588.682397830366,7.138185977935791,0.7449052158905087,9.582676863662893
67265,20241115-01-random_heliotrons/20241115-01-023_heliotrons_finiteBeta_randomAspect_randomNfpUpTo8_withTorsion_flux_tubes/heliotron_randomAspect_finiteBeta_maxm1_maxn1_LMN8_000848.h5,2,unstable,0.25643545389175415,0.30603355,0.11590371195544048,0.049598097801208496,unanimous_success,0.59375,3.2624337673187256,-0.26329106092453003,1.2923153638839722,0.010615885,0.21032860076026308,0.747149446293677,8.0,-0.4420564514336757,-0.2023830690371153,-19841.52176694244,9.725406646728516,0.5674343234998549,17.139263953480253
67274,20241115-01-random_heliotrons/20241115-01-023_heliotrons_finiteBeta_randomAspect_randomNfpUpTo8_withTorsion_flux_tubes/heliotron_randomAspect_finiteBeta_maxm1_maxn1_LMN8_000851.h5,2,unstable,1.4925535917282104,1.7734323,0.20335374980504453,0.2808786630630493,high_spread_low_error,1.0,3.778104543685913,1.6710115671157837,4.4484405517578125,0.0075017214,0.43696958976270156,1.1472222862281074,8.0,-2.216505719670689,-1.33708264790835,-15373.933203411243,6.465514659881592,0.9240476080887772,6.996949727789807
67361,20241115-01-random_heliotrons/20241115-01-023_heliotrons_finiteBeta_randomAspect_randomNfpUpTo8_withTorsion_flux_tubes/heliotron_randomAspect_finiteBeta_maxm1_maxn1_LMN8_000872.h5,2,unstable,2.163189649581909,2.1314304,0.0790282311299834,0.03175926208496094,unanimous_success,0.453125,3.6056134700775146,-0.3083038032054901,8.698840141296387,0.029589653,0.39512867161900633,0.5711752358261782,6.0,-0.9897065739529839,-0.3143740061543689,-18959.171764379793,9.629570007324219,0.8714345004588383,11.050251054157187
67498,20241115-01-random_heliotrons/20241115-01-023_heliotrons_finiteBeta_randomAspect_randomNfpUpTo8_withTorsion_flux_tubes/heliotron_randomAspect_finiteBeta_maxm1_maxn1_LMN8_000907.h5,2,unstable,1.7528599500656128,2.3136714,0.22947321180142305,0.5608114004135132,high_spread_high_error,0.953125,2.1122779846191406,-0.1060110330581665,5.771084308624268,0.013914585,0.1779547088319052,0.806475738555846,3.0,-0.6286064523145213,-0.06605444543209438,-38700.33027985857,9.54625129699707,0.6067071242720018,15.734529750992754
67544,20241115-01-random_heliotrons/20241115-01-023_heliotrons_finiteBeta_randomAspect_randomNfpUpTo8_withTorsion_flux_tubes/heliotron_randomAspect_finiteBeta_maxm1_maxn1_LMN8_000918.h5,2,stable_or_near_floor,-2.0,-1.9906411,0.02679881940576637,0.009358882904052734,unanimous_success,0.765625,2.1190316677093506,0.9843411445617676,7.01972311389909e-08,0.0012178421,0.27524527879870064,1.0521211083862505,7.0,-0.3549047970239931,-0.1509315568959316,-17767.35153220256,7.838773727416992,0.6148652131964869,12.748767630983258
67637,20241115-01-random_heliotrons/20241115-01-023_heliotrons_finiteBeta_randomAspect_randomNfpUpTo8_withTorsion_flux_tubes/heliotron_randomAspect_finiteBeta_maxm1_maxn1_LMN8_000942.h5,2,unstable,4.074072360992432,4.583091,0.1522905739695336,0.5090184211730957,high_spread_high_error,0.96875,7.473729133605957,-0.18730448186397552,58.795921325683594,0.054317474,0.2220207629273326,1.1178400401613746,7.0,-1.6722049962658911,-0.4559100649740205,-15866.938437826935,6.650144577026367,0.9295765532414976,7.153950423810556
67658,20241115-01-random_heliotrons/20241115-01-023_heliotrons_finiteBeta_randomAspect_randomNfpUpTo8_withTorsion_flux_tubes/heliotron_randomAspect_finiteBeta_maxm1_maxn1_LMN8_000947.h5,2,stable_or_near_floor,-2.0,-1.7890865,0.18998504184205137,0.2109135389328003,high_spread_low_error,0.9375,1.5519376993179321,1.2193210124969482,1.0436800721436157e-06,0.022569299,0.2024473103320097,0.7832425186557402,6.0,-1.5378609063922617,-0.43654195711750393,-9488.116494906439,6.603814601898193,0.8165167471394457,8.087788309344237
67826,20241115-01-random_heliotrons/20241115-01-023_heliotrons_finiteBeta_randomAspect_randomNfpUpTo8_withTorsion_flux_tubes/heliotron_randomAspect_finiteBeta_maxm1_maxn1_LMN8_000989.h5,2,unstable,-1.0512137413024902,-0.8506282,0.2319727868970236,0.20058554410934448,high_spread_low_error,0.765625,0.6567909121513367,0.16223207116127014,0.3495132625102997,0.14805102,0.3032958773123778,0.5260545948512292,8.0,-1.9851446184134673,-0.015235782708175402,-25341.586096370716,8.999754905700684,0.25353317116432783,35.497346814107736
67908,20241115-01-random_heliotrons/20241115-01-023_heliotrons_finiteBeta_randomAspect_randomNfpUpTo8_withTorsion_flux_tubes/heliotron_randomAspect_finiteBeta_maxm1_maxn1_LMN8_001010.h5,2,unstable,3.893444299697876,3.9713614,0.07941083484488487,0.07791709899902344,unanimous_success,0.34375,3.9674761295318604,0.5069970488548279,49.07963562011719,0.008578062,0.06289010580156673,0.6321118379459746,2.0,-0.4617470801925617,-0.005927505016605999,-5427.759273499026,6.599676132202148,0.5037363355618385,13.1014494414846
67945,20241115-01-random_heliotrons/20241115-01-023_heliotrons_finiteBeta_randomAspect_randomNfpUpTo8_withTorsion_flux_tubes/heliotron_randomAspect_finiteBeta_maxm1_maxn1_LMN8_001019.h5,2,unstable,2.127865791320801,2.3818662,0.07162824168416608,0.2540004253387451,unanimous_success,0.75,4.53756046295166,2.0073564052581787,8.396926879882812,0.018178463,0.19727293834747023,0.4729030217210367,5.0,-1.2793800066293788,-0.31021398863886573,-16500.824653949727,8.009982109069824,0.8006834167783126,10.003931567983967
68013,20241115-01-random_heliotrons/20241115-01-023_heliotrons_finiteBeta_randomAspect_randomNfpUpTo8_withTorsion_flux_tubes/heliotron_randomAspect_finiteBeta_maxm1_maxn1_LMN8_001036.h5,2,stable_or_near_floor,-2.0,-1.9960129,0.025078530296951757,0.00398707389831543,unanimous_success,0.75,3.151301383972168,2.9329943656921387,0.020305674523115158,0.0025997162,0.16945460580998187,0.32930237132085105,7.0,-0.6520419228722735,-1.0560038513202115,-32775.7430721699,8.560148239135742,0.8460319206084943,10.117996768938694
68044,20241115-01-random_heliotrons/20241115-01-023_heliotrons_finiteBeta_randomAspect_randomNfpUpTo8_withTorsion_flux_tubes/heliotron_randomAspect_finiteBeta_maxm1_maxn1_LMN8_001044.h5,2,unstable,1.7409143447875977,1.3796657,0.12927890878255194,0.36124861240386963,unanimous_success,0.90625,2.1788649559020996,0.24377930164337158,5.702555179595947,0.017727852,0.1321885051728247,0.4288655089243602,8.0,-0.8502475261278571,0.018568556195660623,-88992.80070576923,6.073309898376465,0.2468103696411147,24.607190966925838
68073,20241115-01-random_heliotrons/20241115-01-023_heliotrons_finiteBeta_randomAspect_randomNfpUpTo8_withTorsion_flux_tubes/heliotron_randomAspect_finiteBeta_maxm1_maxn1_LMN8_001051.h5,2,stable_or_near_floor,-2.0,-2.0024188,0.010641094246200132,0.0024187564849853516,unanimous_success,0.921875,1.2012431621551514,1.551782250404358,7.887852149224273e-08,0.0,0.10031285517854152,0.501112097007678,3.0,-0.4722161226371335,0.014001275659105372,-58813.76641555517,9.806770324707031,0.3182428552498249,30.81536682735135
68098,20241115-01-random_heliotrons/20241115-01-023_heliotrons_finiteBeta_randomAspect_randomNfpUpTo8_withTorsion_flux_tubes/heliotron_randomAspect_finiteBeta_maxm1_maxn1_LMN8_001057.h5,2,stable_or_near_floor,-2.0,-1.9962348,0.015260900513772017,0.0037652254104614258,unanimous_success,0.6875,3.1386842727661133,4.015486240386963,9.891868302247531e-08,0.0010300875,0.17732192885638995,0.5088859083505975,2.0,-0.5294468028777292,-0.2763773307136817,-6022.969992980806,7.982644557952881,0.9418106008996088,8.475849125427057
68113,20241115-01-random_heliotrons/20241115-01-023_heliotrons_finiteBeta_randomAspect_randomNfpUpTo8_withTorsion_flux_tubes/heliotron_randomAspect_finiteBeta_maxm1_maxn1_LMN8_001061.h5,2,unstable,-0.9066879749298096,-0.95184845,0.18338572251639473,0.04516047239303589,high_spread_low_error,0.875,1.0788429975509644,-0.040693774819374084,0.40385961532592773,0.012538791,0.11894226924867775,0.3487362800583044,8.0,-1.211175247386498,-0.01835485597473978,-70128.01862011544,8.616938591003418,0.16179319934776604,53.25896654334499
68127,20241115-01-random_heliotrons/20241115-01-023_heliotrons_finiteBeta_randomAspect_randomNfpUpTo8_withTorsion_flux_tubes/heliotron_randomAspect_finiteBeta_maxm1_maxn1_LMN8_001064.h5,2,stable_or_near_floor,-2.0,-2.0053623,0.03375145156426162,0.005362272262573242,unanimous_success,0.375,2.5658822059631348,2.3198721408843994,2.482335730746854e-06,0.00068950653,0.33170396375077554,0.5123797707784667,6.0,-1.164293371358933,-0.355757123799429,-14023.302083677325,9.89852523803711,0.8942730482737647,11.068795215448407
68139,20241115-01-random_heliotrons/20241115-01-023_heliotrons_finiteBeta_randomAspect_randomNfpUpTo8_withTorsion_flux_tubes/heliotron_randomAspect_finiteBeta_maxm1_maxn1_LMN8_001067.h5,2,unstable,2.2436506748199463,2.2912066,0.21853805598914247,0.04755592346191406,high_spread_low_error,1.0,8.404631614685059,5.340455055236816,9.42768669128418,0.03847432,0.2950072580724442,0.8571869413079869,6.0,-1.8004971799538545,-0.940018267607979,-653.3023017042201,7.118954181671143,0.9919090862428948,7.177022854620652
68150,20241115-01-random_heliotrons/20241115-01-023_heliotrons_finiteBeta_randomAspect_randomNfpUpTo8_withTorsion_flux_tubes/heliotron_randomAspect_finiteBeta_maxm1_maxn1_LMN8_001070.h5,2,unstable,0.9582831859588623,0.997607,0.0952471286910707,0.03932380676269531,unanimous_success,0.515625,1.7817150354385376,0.4422193765640259,2.6072165966033936,0.006915152,0.2396659525965275,0.46441493598134004,6.0,-1.506616875424567,-0.14014080737603357,-16811.069667000866,8.9282865524292,0.8567677071294958,10.420895276670059
68200,20241115-01-random_heliotrons/20241115-01-023_heliotrons_finiteBeta_randomAspect_randomNfpUpTo8_withTorsion_flux_tubes/heliotron_randomAspect_finiteBeta_maxm1_maxn1_LMN8_001083.h5,2,unstable,1.1748766899108887,0.32111195,0.15855525139638954,0.8537647426128387,high_spread_high_error,0.421875,1.6903616189956665,0.6595166921615601,3.237743854522705,0.016985446,0.2022636296801058,0.5048462098249167,6.0,-0.548912079179244,0.164354424558296,-72600.82750437518,9.994914054870605,0.3339167945050997,29.932349074218127
68283,20241115-01-random_heliotrons/20241115-01-023_heliotrons_finiteBeta_randomAspect_randomNfpUpTo8_withTorsion_flux_tubes/heliotron_randomAspect_finiteBeta_maxm1_maxn1_LMN8_001103.h5,2,unstable,1.9809739589691162,2.3562322,0.26977460235983575,0.375258207321167,high_spread_low_error,1.0,5.7918701171875,2.65590238571167,7.249800682067871,0.07521725,0.5885232374185796,1.6320123358659349,8.0,-2.1588171910928478,-1.3269027940307585,-7550.572524074439,6.132497787475586,0.8668994410161501,7.074058993840485
68291,20241115-01-random_heliotrons/20241115-01-023_heliotrons_finiteBeta_randomAspect_randomNfpUpTo8_withTorsion_flux_tubes/heliotron_randomAspect_finiteBeta_maxm1_maxn1_LMN8_001105.h5,2,stable_or_near_floor,-2.0,-1.2230088,0.37979349912656407,0.7769912481307983,high_spread_high_error,0.625,0.727553129196167,0.11772499233484268,2.5792480300879106e-05,0.034377098,0.057798779903178846,0.5388039409716008,2.0,-0.5247681309246214,0.004052118289721922,-18987.636059584718,8.000556945800781,0.13684004689509577,58.46648789834283
68380,20241115-01-random_heliotrons/20241115-01-023_heliotrons_finiteBeta_randomAspect_randomNfpUpTo8_withTorsion_flux_tubes/heliotron_randomAspect_finiteBeta_maxm1_maxn1_LMN8_001128.h5,2,unstable,-0.44920435547828674,-0.3677859,0.08963493718567069,0.08141845464706421,unanimous_success,1.0,2.656679391860962,1.8495025634765625,0.6381356716156006,0.020603836,0.0758844914367706,0.284272559814905,3.0,-0.6506707203789772,-0.10389832034347146,-6447.37943460477,6.635939598083496,0.58287408225732,11.384859612189695
68495,20241115-01-random_heliotrons/20241115-01-023_heliotrons_finiteBeta_randomAspect_randomNfpUpTo8_withTorsion_flux_tubes/heliotron_randomAspect_finiteBeta_maxm1_maxn1_LMN8_001156.h5,2,stable_or_near_floor,-1.9212454557418823,-1.7582119,0.11353800958916281,0.1630336046218872,unanimous_success,0.515625,1.1082412004470825,0.6852104663848877,0.14642448723316193,0.028810501,0.47633838362926806,0.4759016923114865,4.0,-0.9270210879359655,-0.019876977863852376,-35899.621034622935,6.04237699508667,0.26171853285354607,23.087310360508162
68630,20241115-01-random_heliotrons/20241115-01-023_heliotrons_finiteBeta_randomAspect_randomNfpUpTo8_withTorsion_flux_tubes/heliotron_randomAspect_finiteBeta_maxm1_maxn1_LMN8_001190.h5,2,stable_or_near_floor,-2.0,-1.9976301,0.017893290029240894,0.0023698806762695312,unanimous_success,0.890625,3.397077798843384,4.341263771057129,1.2652259329115623e-07,0.0019496679,0.19872141424379552,0.5488956242516324,8.0,-1.872276164359261,-0.22453128912897977,-2915.770611992434,9.241958618164062,0.7030617848879606,13.145300764195076
68753,20241115-01-random_heliotrons/20241115-01-023_heliotrons_finiteBeta_randomAspect_randomNfpUpTo8_withTorsion_flux_tubes/heliotron_randomAspect_finiteBeta_maxm1_maxn1_LMN8_001221.h5,2,unstable,1.571397304534912,1.4725163,0.07331334939675584,0.09888100624084473,unanimous_success,0.953125,2.05780029296875,0.32495129108428955,4.813369274139404,0.016111374,0.12859128355660318,0.39879581771324807,3.0,-0.7084742430678921,-0.06338685900972253,-10240.453018961607,7.828762054443359,0.5532029075484288,14.151700845422633
68768,20241115-01-random_heliotrons/20241115-01-023_heliotrons_finiteBeta_randomAspect_randomNfpUpTo8_withTorsion_flux_tubes/heliotron_randomAspect_finiteBeta_maxm1_maxn1_LMN8_001225.h5,2,unstable,3.897256851196289,3.798983,0.11384566400475819,0.09827375411987305,unanimous_success,0.53125,3.8687329292297363,0.9943851232528687,49.267112731933594,0.040069103,0.18709235924167827,1.0597660822691566,4.0,-0.33486112109715915,-0.3563308715675484,-30757.200977294044,7.860323429107666,0.6882205763681667,11.421227000488214
68846,20241115-01-random_heliotrons/20241115-01-023_heliotrons_finiteBeta_randomAspect_randomNfpUpTo8_withTorsion_flux_tubes/heliotron_randomAspect_finiteBeta_maxm1_maxn1_LMN8_001244.h5,2,stable_or_near_floor,-2.0,-2.0031734,0.01659905420401308,0.003173351287841797,unanimous_success,0.21875,1.1650378704071045,1.7422131299972534,1.27697802554394e-07,0.00090265274,0.2773838414686675,0.4735078777838997,5.0,-1.0632060825341347,-0.26215986383804785,-46278.716434857386,7.897703647613525,0.7433771909414625,10.624086592717953
68852,20241115-01-random_heliotrons/20241115-01-023_heliotrons_finiteBeta_randomAspect_randomNfpUpTo8_withTorsion_flux_tubes/heliotron_randomAspect_finiteBeta_maxm1_maxn1_LMN8_001246.h5,2,unstable,0.9740896821022034,0.89971703,0.06013688966516925,0.07437264919281006,unanimous_success,1.0,2.9671223163604736,1.5867805480957031,2.648754835128784,0.017257273,0.10740699547227055,0.39864528020251155,3.0,-0.47894733147514545,-0.08430704832100101,-4089.266973624275,7.316207408905029,0.5824558543328374,12.560964671365927
69157,20241115-01-random_heliotrons/20241115-01-023_heliotrons_finiteBeta_randomAspect_randomNfpUpTo8_withTorsion_flux_tubes/heliotron_randomAspect_finiteBeta_maxm1_maxn1_LMN8_001322.h5,2,unstable,2.0389764308929443,2.0263228,0.06802531682317664,0.012653589248657227,unanimous_success,0.6875,3.2840068340301514,0.5684725046157837,7.682742118835449,0.017766714,0.1386636193717159,0.43795548071636925,6.0,-1.0965726498672426,0.02874902455491053,-79019.23633638195,9.85582160949707,0.4205132375113859,23.437601317438222
69263,20241115-01-random_heliotrons/20241115-01-023_heliotrons_finiteBeta_randomAspect_randomNfpUpTo8_withTorsion_flux_tubes/heliotron_randomAspect_finiteBeta_maxm1_maxn1_LMN8_001349.h5,2,unstable,1.6704388856887817,1.4640019,0.09428586259757202,0.20643699169158936,unanimous_success,0.765625,2.6566131114959717,1.282240629196167,5.314499855041504,0.018031836,0.2116846108447958,0.42168505289388514,5.0,-1.075998604501656,-0.35624608022596,-18751.717371646926,6.09107780456543,0.6605585144532784,9.221102553809038
69350,20241115-01-random_heliotrons/20241115-01-023_heliotrons_finiteBeta_randomAspect_randomNfpUpTo8_withTorsion_flux_tubes/heliotron_randomAspect_finiteBeta_maxm1_maxn1_LMN8_001370.h5,2,stable_or_near_floor,-2.0,-1.9988539,0.01286628726552161,0.001146078109741211,unanimous_success,1.0,1.4421874284744263,0.9437249898910522,8.222696834536691e-08,0.00017619133,0.2358478056947408,0.823168678978683,2.0,-0.2731643463739463,-0.05684386330776271,-4261.125869653916,8.30776309967041,0.5871037650955485,14.150417002211455
69452,20241115-01-random_heliotrons/20241115-01-023_heliotrons_finiteBeta_randomAspect_randomNfpUpTo8_withTorsion_flux_tubes/heliotron_randomAspect_finiteBeta_maxm1_maxn1_LMN8_001396.h5,2,unstable,0.44925281405448914,0.5173876,0.09624915850104378,0.06813481450080872,unanimous_success,0.578125,1.1449614763259888,0.25294995307922363,1.567140817642212,0.0021530092,0.10826968778149826,0.3768188524262356,5.0,-0.37600898273059824,0.029499895381897383,-38359.39776617682,8.777371406555176,0.22180396164675809,39.57265389395477
69557,20241115-01-random_heliotrons/20241115-01-023_heliotrons_finiteBeta_randomAspect_randomNfpUpTo8_withTorsion_flux_tubes/heliotron_randomAspect_finiteBeta_maxm1_maxn1_LMN8_001422.h5,2,unstable,-0.3363233506679535,-0.57204336,0.2497420387364834,0.23572000861167908,high_spread_low_error,0.796875,0.8837396502494812,0.13864865899085999,0.7143920660018921,0.07880157,0.10781305180043815,0.3772644795214177,4.0,-0.7227300797468371,0.0205821040748625,-45196.87176347108,7.353069305419922,0.21420316194230615,34.327547916404754
69619,20241115-01-random_heliotrons/20241115-01-023_heliotrons_finiteBeta_randomAspect_randomNfpUpTo8_withTorsion_flux_tubes/heliotron_randomAspect_finiteBeta_maxm1_maxn1_LMN8_001438.h5,2,unstable,-1.4598712921142578,-1.1656286,0.142240169321311,0.2942427396774292,unanimous_success,0.828125,2.9360644817352295,2.275308132171631,0.2322661578655243,0.0,0.19338827521630067,0.4660777710453571,6.0,-1.118543701979569,-0.2004324545803501,-44744.1695542276,6.228913307189941,0.5990723494826278,10.397597740188425
69693,20241115-01-random_heliotrons/20241115-01-023_heliotrons_finiteBeta_randomAspect_randomNfpUpTo8_withTorsion_flux_tubes/heliotron_randomAspect_finiteBeta_maxm1_maxn1_LMN8_001456.h5,2,unstable,1.4442743062973022,-1.2221795,0.5794275795648518,2.6664538383483887,high_spread_high_error,0.296875,0.6749218106269836,0.1197594478726387,4.23877477645874,0.021647692,0.08355598858435617,0.43055095518729447,2.0,-0.4305952802074841,0.0064793703550823836,-19427.795717087523,6.252788066864014,0.1272772222193288,49.12731404594122
69811,20241115-01-random_heliotrons/20241115-01-023_heliotrons_finiteBeta_randomAspect_randomNfpUpTo8_withTorsion_flux_tubes/heliotron_randomAspect_finiteBeta_maxm1_maxn1_LMN8_001486.h5,2,stable_or_near_floor,-2.0,-1.856138,0.10175423489535608,0.14386200904846191,unanimous_success,0.375,1.503426432609558,0.8462275862693787,0.10343287885189056,0.0074005127,0.17156127958242529,0.42617754342745207,7.0,-0.793543075420941,0.09293277523270685,-77243.33141847106,8.460912704467773,0.44694578829406406,18.9305122143829
69834,20241115-01-random_heliotrons/20241115-01-023_heliotrons_finiteBeta_randomAspect_randomNfpUpTo8_withTorsion_flux_tubes/heliotron_randomAspect_finiteBeta_maxm1_maxn1_LMN8_001491.h5,2,unstable,1.7807886600494385,1.9118199,0.0745289753937544,0.13103127479553223,unanimous_success,0.75,2.8915348052978516,0.4987812936306,5.934535026550293,0.018884659,0.40827429471923254,0.4910112811811096,4.0,-1.0368358177689974,-0.05858994719904291,-13667.114336887507,7.810953617095947,0.46555729319485906,16.777642045931117
69892,20241115-01-random_heliotrons/20241115-01-023_heliotrons_finiteBeta_randomAspect_randomNfpUpTo8_withTorsion_flux_tubes/heliotron_randomAspect_finiteBeta_maxm1_maxn1_LMN8_001506.h5,2,stable_or_near_floor,-2.0,-1.4438579,0.34043680050252206,0.5561420917510986,high_spread_high_error,0.921875,3.044384479522705,3.1558263301849365,9.481979645897809e-08,0.024234295,0.13700788092520175,0.7807194978931524,7.0,-1.8991051531791114,-0.41980423797254357,-6740.34147269286,8.197253227233887,0.9534337863222689,8.597611438601929
69914,20241115-01-random_heliotrons/20241115-01-023_heliotrons_finiteBeta_randomAspect_randomNfpUpTo8_withTorsion_flux_tubes/heliotron_randomAspect_finiteBeta_maxm1_maxn1_LMN8_001511.h5,2,unstable,-0.32871705293655396,-0.27588177,0.10173991105085729,0.052835285663604736,unanimous_success,0.65625,2.67897891998291,0.0634956806898117,0.7198466658592224,0.03838584,0.1725281864233732,0.8381513051358315,4.0,-0.4100986200232974,-0.04774812465702912,-71892.02640216073,6.5167622566223145,0.3942052620114961,16.531393374531536
69935,20241115-01-random_heliotrons/20241115-01-023_heliotrons_finiteBeta_randomAspect_randomNfpUpTo8_withTorsion_flux_tubes/heliotron_randomAspect_finiteBeta_maxm1_maxn1_LMN8_001517.h5,2,stable_or_near_floor,-2.0,-1.9945828,0.01902745748252755,0.005417227745056152,unanimous_success,0.96875,0.2467903345823288,0.12622509896755219,8.246376637544017e-06,0.000284791,0.18450127184581042,0.42872560015755323,4.0,-0.6252125302812774,-0.003162547027807741,-6662.1695456089055,8.460716247558594,0.1191454009073134,71.01168977676633
70118,20241115-01-random_heliotrons/20241115-01-023_heliotrons_finiteBeta_randomAspect_randomNfpUpTo8_withTorsion_flux_tubes/heliotron_randomAspect_finiteBeta_maxm1_maxn1_LMN8_001562.h5,2,stable_or_near_floor,-2.0,-1.9980159,0.016273400924163697,0.001984119415283203,unanimous_success,0.84375,0.6320906281471252,2.3065309524536133,1.1102522279315963e-07,0.00025749207,0.19928293533791633,0.44844531720303993,6.0,-0.9137015288734103,-0.018586678313347194,-49104.71270586022,9.388157844543457,0.34079797964847103,27.5475748249072
70291,20241115-01-random_heliotrons/20241115-01-023_heliotrons_finiteBeta_randomAspect_randomNfpUpTo8_withTorsion_flux_tubes/heliotron_randomAspect_finiteBeta_maxm1_maxn1_LMN8_001606.h5,2,unstable,-1.1970549821853638,-1.1169881,0.21327672919597615,0.08006691932678223,high_spread_low_error,0.828125,2.4975767135620117,2.181762456893921,0.30208253860473633,0.016752243,0.15622673950543006,0.43016156312215464,6.0,-1.4112038419491135,-0.2590182119737128,-19251.687772666155,8.537217140197754,0.9167442239793806,9.312539874142445
70300,20241115-01-random_heliotrons/20241115-01-023_heliotrons_finiteBeta_randomAspect_randomNfpUpTo8_withTorsion_flux_tubes/heliotron_randomAspect_finiteBeta_maxm1_maxn1_LMN8_001608.h5,2,unstable,2.0974788665771484,2.04632,0.06880076326147157,0.051158905029296875,unanimous_success,0.15625,3.3979623317718506,0.017125599086284637,8.145607948303223,0.014787674,0.408010850972627,0.5480448057879287,5.0,-0.6244298386046785,-0.2715236544735232,-2955.100509559336,8.351361274719238,0.9938195698717509,8.40329726632064
70418,20241115-01-random_heliotrons/20241115-01-023_heliotrons_finiteBeta_randomAspect_randomNfpUpTo8_withTorsion_flux_tubes/heliotron_randomAspect_finiteBeta_maxm1_maxn1_LMN8_001637.h5,2,unstable,2.217576742172241,2.1372995,0.060337348768167536,0.0802772045135498,unanimous_success,0.890625,3.0746614933013916,0.13319343328475952,9.185047149658203,0.0043201447,0.218322217323251,0.4178261830067205,5.0,-0.8807781855698585,-0.08588092626473275,-23874.742632440404,9.720569610595703,0.5776866752481297,16.826715981324124
70443,20241115-01-random_heliotrons/20241115-01-023_heliotrons_finiteBeta_randomAspect_randomNfpUpTo8_withTorsion_flux_tubes/heliotron_randomAspect_finiteBeta_maxm1_maxn1_LMN8_001644.h5,2,stable_or_near_floor,-2.0,-1.9991034,0.010833665383809253,0.0008965730667114258,unanimous_success,0.875,1.0600597858428955,1.2420955896377563,1.0738532552068136e-07,0.00086319447,0.15293096211752885,0.4224862971308545,4.0,-0.8348071163100784,-0.01165822945909149,-64467.5566206057,9.866433143615723,0.4476662582287695,22.039706951900115
70449,20241115-01-random_heliotrons/20241115-01-023_heliotrons_finiteBeta_randomAspect_randomNfpUpTo8_withTorsion_flux_tubes/heliotron_randomAspect_finiteBeta_maxm1_maxn1_LMN8_001645.h5,2,stable_or_near_floor,-2.0,-2.0059521,0.01302628755797202,0.005952119827270508,unanimous_success,0.53125,0.5546483397483826,0.8734356164932251,1.3081297822736815e-07,0.002267599,0.05821039835552687,0.3310770695985858,3.0,-0.6446215426398039,-0.008394045965244385,-724.1070394387367,8.369527816772461,0.24501475303115805,34.15928107687509
70463,20241115-01-random_heliotrons/20241115-01-023_heliotrons_finiteBeta_randomAspect_randomNfpUpTo8_withTorsion_flux_tubes/heliotron_randomAspect_finiteBeta_maxm1_maxn1_LMN8_001649.h5,2,unstable,-0.8443673849105835,-0.7731719,0.16494623920531074,0.07119548320770264,high_spread_low_error,0.859375,0.7140761017799377,0.08915092796087265,0.4298291802406311,0.006131172,0.21057789918710423,0.39551080098320457,6.0,-1.2627394993009735,-0.00903740286639929,-38216.173245845894,8.10091495513916,0.14028404538913675,57.74651659543941
70502,20241115-01-random_heliotrons/20241115-01-023_heliotrons_finiteBeta_randomAspect_randomNfpUpTo8_withTorsion_flux_tubes/heliotron_randomAspect_finiteBeta_maxm1_maxn1_LMN8_001658.h5,2,stable_or_near_floor,-2.0,-1.9955385,0.01325619158294392,0.004461526870727539,unanimous_success,0.75,1.208646535873413,0.3899974226951599,4.295891358196968e-07,0.0017665625,0.1253054620578533,0.7105417690183017,5.0,-0.4557970526873906,-0.013587214438191395,-76287.99048245366,6.712926387786865,0.2960120745142324,22.67788028175217
70619,20241115-01-random_heliotrons/20241115-01-023_heliotrons_finiteBeta_randomAspect_randomNfpUpTo8_withTorsion_flux_tubes/heliotron_randomAspect_finiteBeta_maxm1_maxn1_LMN8_001688.h5,2,unstable,2.547480821609497,2.584261,0.09293317386030805,0.03678011894226074,unanimous_success,0.625,2.731171131134033,1.2831287384033203,12.774880409240723,0.011866808,0.21382632599022347,1.1913752249244507,2.0,-0.3959830812554226,-0.27373257945979784,-5220.243070517407,9.133162498474121,0.8838067753811247,10.333890566222035
70627,20241115-01-random_heliotrons/20241115-01-023_heliotrons_finiteBeta_randomAspect_randomNfpUpTo8_withTorsion_flux_tubes/heliotron_randomAspect_finiteBeta_maxm1_maxn1_LMN8_001690.h5,2,stable_or_near_floor,-1.9474077224731445,-1.8626591,0.07542215607359319,0.08474862575531006,unanimous_success,0.484375,0.9375573396682739,0.44781652092933655,0.14264336228370667,0.048213363,0.12184199092287407,0.41412608494391306,6.0,-0.901207414105643,-0.0156809942842907,-26971.81496043961,8.995189666748047,0.263969493536932,34.07662584877267
70754,20241115-01-random_heliotrons/20241115-01-023_heliotrons_finiteBeta_randomAspect_randomNfpUpTo8_withTorsion_flux_tubes/heliotron_randomAspect_finiteBeta_maxm1_maxn1_LMN8_001721.h5,2,unstable,1.518988013267517,1.6534761,0.06805477502162466,0.13448810577392578,unanimous_success,0.6875,3.610109567642212,0.1763690561056137,4.567600250244141,0.014365554,0.1658942187433145,0.4617952112715241,4.0,-0.31722616698538403,-0.17134176135438264,-1651.260183398663,9.572848320007324,0.8294058817993335,11.541813881569965
70787,20241115-01-random_heliotrons/20241115-01-023_heliotrons_finiteBeta_randomAspect_randomNfpUpTo8_withTorsion_flux_tubes/heliotron_randomAspect_finiteBeta_maxm1_maxn1_LMN8_001730.h5,2,unstable,0.8728001713752747,-0.2265118,0.3077073017084559,1.0993119776248932,high_spread_high_error,0.984375,4.640146732330322,3.997661590576172,2.393604040145874,0.09301452,0.20604244090573132,1.0529987972993349,7.0,-1.2959176435857227,-0.6811080925401231,-15368.806693987797,6.200796127319336,0.876023044137364,7.078348188232165
70897,20241115-01-random_heliotrons/20241115-01-023_heliotrons_finiteBeta_randomAspect_randomNfpUpTo8_withTorsion_flux_tubes/heliotron_randomAspect_finiteBeta_maxm1_maxn1_LMN8_001757.h5,2,stable_or_near_floor,-2.0,-1.9979919,0.012751493070107733,0.00200808048248291,unanimous_success,1.0,0.7151543498039246,0.17096678912639618,1.11388885670749e-07,0.0020508766,0.14664386938116938,0.48766573965342097,3.0,-0.5445504017102524,0.009800605955601014,-89430.69283970442,8.367965698242188,0.16071679587842413,52.066528905741876
70899,20241115-01-random_heliotrons/20241115-01-023_heliotrons_finiteBeta_randomAspect_randomNfpUpTo8_withTorsion_flux_tubes/heliotron_randomAspect_finiteBeta_maxm1_maxn1_LMN8_001758.h5,2,unstable,1.667962908744812,1.5813782,0.07002672731990647,0.08658468723297119,unanimous_success,0.4375,2.428755044937134,0.6338254809379578,5.301357746124268,0.025362134,0.2781552034172952,0.6357642352187743,6.0,-1.5268033715819154,-0.08245460577519174,-60308.381274069136,8.49231243133545,0.5959980059676708,14.248894033709409
70987,20241115-01-random_heliotrons/20241115-01-023_heliotrons_finiteBeta_randomAspect_randomNfpUpTo8_withTorsion_flux_tubes/heliotron_randomAspect_finiteBeta_maxm1_maxn1_LMN8_001780.h5,2,unstable,1.884863257408142,1.7128556,0.1320388358089488,0.17200767993927002,unanimous_success,0.265625,1.5306673049926758,-0.17268040776252747,6.585453510284424,0.035891294,0.0516314985295874,0.46101559126592045,2.0,-0.4982513715577051,-0.013221737005167692,-2185.995633893507,6.758491516113281,0.4024517670125233,16.79329566939875
70996,20241115-01-random_heliotrons/20241115-01-023_heliotrons_finiteBeta_randomAspect_randomNfpUpTo8_withTorsion_flux_tubes/heliotron_randomAspect_finiteBeta_maxm1_maxn1_LMN8_001782.h5,2,unstable,-0.7679111957550049,-0.6520969,0.1998350495631976,0.11581426858901978,high_spread_low_error,0.484375,0.8862058520317078,0.21342068910598755,0.4639812111854553,0.0015872717,0.3417693910337647,0.49988091644576815,8.0,-1.9734642836018743,-0.0006802693010296739,-83820.40365666835,9.947894096374512,0.09254258380012348,107.49531391797208
71047,20241115-01-random_heliotrons/20241115-01-023_heliotrons_finiteBeta_randomAspect_randomNfpUpTo8_withTorsion_flux_tubes/heliotron_randomAspect_finiteBeta_maxm1_maxn1_LMN8_001795.h5,2,unstable,1.7247769832611084,1.7742978,0.07127220907765162,0.04952085018157959,unanimous_success,0.734375,2.539651393890381,0.21777400374412537,5.611269474029541,0.0,0.22341879718418028,0.42559149321058753,4.0,-0.9357782857758326,-0.038101123687486534,-1510.4729551329947,8.241667747497559,0.3774219775895946,21.836745703398005
71080,20241115-01-random_heliotrons/20241115-01-023_heliotrons_finiteBeta_randomAspect_randomNfpUpTo8_withTorsion_flux_tubes/heliotron_randomAspect_finiteBeta_maxm1_maxn1_LMN8_001803.h5,2,unstable,-0.93293696641922,-1.0919124,0.12398905731908937,0.15897542238235474,unanimous_success,0.40625,1.09379243850708,0.5794544816017151,0.39339661598205566,0.0006650686,0.2200606435704235,0.5270439803802615,6.0,-1.3513542675922576,-0.015750322037358766,-21812.465327932812,8.246597290039062,0.28174645020799316,29.269569444268747
71173,20241115-01-random_heliotrons/20241115-01-023_heliotrons_finiteBeta_randomAspect_randomNfpUpTo8_withTorsion_flux_tubes/heliotron_randomAspect_finiteBeta_maxm1_maxn1_LMN8_001826.h5,2,unstable,3.0067849159240723,3.0665565,0.06495828503933504,0.05977153778076172,unanimous_success,0.703125,4.575714111328125,0.2991326153278351,20.222278594970703,0.02270794,0.12942577687824933,0.39134156304435996,7.0,-1.5153108819963486,-0.0799309014788425,-14517.516970300732,8.650769233703613,0.5763342012436692,15.00998763397375
71263,20241115-01-random_heliotrons/20241115-01-023_heliotrons_finiteBeta_randomAspect_randomNfpUpTo8_withTorsion_flux_tubes/heliotron_randomAspect_finiteBeta_maxm1_maxn1_LMN8_001849.h5,2,unstable,1.0699198246002197,0.9865246,0.10721503251943648,0.08339524269104004,unanimous_success,0.828125,1.3373377323150635,0.47016313672065735,2.9151456356048584,0.022099853,0.11115612463234609,0.6145497971019823,3.0,-0.36876620117507974,0.027445528423288162,-52191.116684704495,9.078461647033691,0.1863301903287824,48.722440689909725
71351,20241115-01-random_heliotrons/20241115-01-023_heliotrons_finiteBeta_randomAspect_randomNfpUpTo8_withTorsion_flux_tubes/heliotron_randomAspect_finiteBeta_maxm1_maxn1_LMN8_001871.h5,2,unstable,0.8462093472480774,0.51490194,0.21433492822507255,0.33130741119384766,high_spread_low_error,0.640625,3.7474524974823,2.7092175483703613,2.3307948112487793,0.0055900216,0.21339228189632736,0.6675809524798235,2.0,-0.4421231284987639,-0.303587114803281,-14207.37976254512,6.553241729736328,0.8410975272442315,7.791298294749888
71460,20241115-01-random_heliotrons/20241115-01-023_heliotrons_finiteBeta_randomAspect_randomNfpUpTo8_withTorsion_flux_tubes/heliotron_randomAspect_finiteBeta_maxm1_maxn1_LMN8_001898.h5,2,stable_or_near_floor,-2.0,-2.000793,0.01374303566164292,0.0007929801940917969,unanimous_success,1.0,0.2989501655101776,0.3991982340812683,9.031354153421489e-08,0.00025701523,0.19413979165475587,0.7954063199431595,3.0,-0.30496206979157614,0.010812555286006205,-10343.23656132661,8.257423400878906,0.1536309873266457,53.74842370388608
71495,20241115-01-random_heliotrons/20241115-01-023_heliotrons_finiteBeta_randomAspect_randomNfpUpTo8_withTorsion_flux_tubes/heliotron_randomAspect_finiteBeta_maxm1_maxn1_LMN8_001907.h5,2,stable_or_near_floor,-2.0,-2.0013692,0.01936235140404115,0.0013692378997802734,unanimous_success,0.609375,1.2331578731536865,-0.11311344057321548,8.390792771706401e-08,0.0013673306,0.22629295402929325,0.9925958585191442,3.0,-0.4219769785838356,0.0770823752266928,-46980.69224943079,7.189184188842773,0.23715347231393835,30.314479980819744
71515,20241115-01-random_heliotrons/20241115-01-023_heliotrons_finiteBeta_randomAspect_randomNfpUpTo8_withTorsion_flux_tubes/heliotron_randomAspect_finiteBeta_maxm1_maxn1_LMN8_001912.h5,2,stable_or_near_floor,-2.0,-1.9960743,0.011126372369203047,0.003925681114196777,unanimous_success,0.5,0.1305389106273651,-0.011226288974285126,3.048945700356853e-07,0.00020265579,0.23842650841394947,0.5579507068806432,6.0,-1.2136869285567164,-0.00015580999534080421,-22483.736384197764,8.061140060424805,0.030137154809458555,267.4817882242425
71517,20241115-01-random_heliotrons/20241115-01-023_heliotrons_finiteBeta_randomAspect_randomNfpUpTo8_withTorsion_flux_tubes/heliotron_randomAspect_finiteBeta_maxm1_maxn1_LMN8_001913.h5,2,unstable,2.825594663619995,3.3659105,0.18001759365286776,0.5403158664703369,high_spread_high_error,0.515625,4.050136566162109,0.2590165436267853,16.870975494384766,0.00831151,0.17370452646649268,0.4175826574325032,4.0,-0.7867797840212406,-0.13872979315696543,-33077.37107703806,7.863524436950684,0.6419032161434791,12.250327213180713
71551,20241115-01-random_heliotrons/20241115-01-023_heliotrons_finiteBeta_randomAspect_randomNfpUpTo8_withTorsion_flux_tubes/heliotron_randomAspect_finiteBeta_maxm1_maxn1_LMN8_001921.h5,2,stable_or_near_floor,-2.0,-1.7733997,0.11865363575474977,0.2266002893447876,unanimous_success,0.59375,0.7051123976707458,0.27902042865753174,0.12680983543395996,0.00043010712,0.2389501180536849,0.41332267514127774,6.0,-1.1926698357552996,-0.007775450925327206,-67516.97601569159,6.686057090759277,0.11831784988385541,56.50928492465444
71811,20241115-01-random_heliotrons/20241115-01-023_heliotrons_finiteBeta_randomAspect_randomNfpUpTo8_withTorsion_flux_tubes/heliotron_randomAspect_finiteBeta_maxm1_maxn1_LMN8_001986.h5,2,unstable,0.4068223834037781,0.24358016,0.10249413424947826,0.16324222087860107,unanimous_success,0.828125,1.1824885606765747,-0.02002100460231304,1.5020372867584229,5.9604645e-08,0.14929445690019755,0.4868211997426252,7.0,-1.351641959511149,-0.05498470649371983,-61372.3072166543,7.342333793640137,0.2895809460670441,25.355030755166577
71974,20241115-01-random_heliotrons/20241115-01-023_heliotrons_finiteBeta_randomAspect_randomNfpUpTo8_withTorsion_flux_tubes/heliotron_randomAspect_finiteBeta_maxm1_maxn1_LMN8_002027.h5,2,unstable,0.7401736974716187,0.76580054,0.05002936105445525,0.025626838207244873,unanimous_success,0.9375,1.8550493717193604,0.4732372760772705,2.096299648284912,0.02321893,0.08936614518233864,0.42808172793456944,7.0,-0.7242680546724689,-0.08050639831905172,-6951.8105641068805,6.8072943687438965,0.25932016919686696,26.250539592915477
72073,20241115-01-random_heliotrons/20241115-01-023_heliotrons_finiteBeta_randomAspect_randomNfpUpTo8_withTorsion_flux_tubes/heliotron_randomAspect_finiteBeta_maxm1_maxn1_LMN8_002052.h5,2,unstable,0.9131675362586975,0.68562365,0.1129503808764334,0.2275438904762268,unanimous_success,0.03125,1.335062861442566,0.16058333218097687,2.492204189300537,0.095121145,0.1203705288628561,0.4835655842554296,5.0,-1.3889277501258959,0.0019396651005803532,-40926.43380032485,8.789469718933105,0.1946849989843813,45.14713390751922
72098,20241115-01-random_heliotrons/20241115-01-023_heliotrons_finiteBeta_randomAspect_randomNfpUpTo8_withTorsion_flux_tubes/heliotron_randomAspect_finiteBeta_maxm1_maxn1_LMN8_002058.h5,2,unstable,-1.6503592729568481,-1.4164444,0.2370767849186221,0.23391485214233398,high_spread_low_error,0.796875,0.4159703850746155,0.010431185364723206,0.19198092818260193,0.020829082,0.2192049923789368,0.5414667215203787,4.0,-0.4148505559741822,-0.010846142373200406,-239.6920957095313,7.426769733428955,0.22065447965757445,33.65791505776037
72490,20241115-01-random_heliotrons/20241115-01-023_heliotrons_finiteBeta_randomAspect_randomNfpUpTo8_withTorsion_flux_tubes/heliotron_randomAspect_finiteBeta_maxm1_maxn1_LMN8_002156.h5,2,stable_or_near_floor,-2.0,-1.9992996,0.01266463830538607,0.0007003545761108398,unanimous_success,0.828125,1.7313522100448608,2.027639627456665,1.2579701547110744e-07,0.00027775764,0.19645555767391437,0.4466104066470282,6.0,-1.4866094699548955,-0.23541968740686758,-15132.239632048015,9.11878776550293,0.9343048560276409,9.759970427931881
72586,20241115-01-random_heliotrons/20241115-01-023_heliotrons_finiteBeta_randomAspect_randomNfpUpTo8_withTorsion_flux_tubes/heliotron_randomAspect_finiteBeta_maxm1_maxn1_LMN8_002180.h5,2,unstable,-0.19869238138198853,-0.09870045,0.07220440397081888,0.09999193251132965,unanimous_success,0.96875,3.466475486755371,2.341127395629883,0.8198020458221436,0.012312673,0.20147690037078236,0.39277377883041953,5.0,-0.6996781614956785,-0.15992760153209434,-3038.4049291221513,9.594610214233398,0.6862441309008278,13.981336644203603
72590,20241115-01-random_heliotrons/20241115-01-023_heliotrons_finiteBeta_randomAspect_randomNfpUpTo8_withTorsion_flux_tubes/heliotron_randomAspect_finiteBeta_maxm1_maxn1_LMN8_002181.h5,2,unstable,1.313169002532959,1.5238242,0.08038634193559144,0.21065521240234375,unanimous_success,0.609375,2.301741600036621,-0.117660291492939,3.7179372310638428,0.0035555363,0.3078087203942772,0.398686535652542,4.0,-1.0558366453541375,-0.012643984998831358,-916.6723276809181,9.003076553344727,0.23690374565866557,38.00309922628447
72646,20241115-01-random_heliotrons/20241115-01-023_heliotrons_finiteBeta_randomAspect_randomNfpUpTo8_withTorsion_flux_tubes/heliotron_randomAspect_finiteBeta_maxm1_maxn1_LMN8_002195.h5,2,unstable,2.2173519134521484,2.3497586,0.06652990266710172,0.13240671157836914,unanimous_success,0.9375,3.1175315380096436,0.9825732111930847,9.182981491088867,0.002308607,0.15676466909505699,0.49026693661681103,7.0,-1.9067451976793093,-0.4824397612911134,-15331.433750771368,9.058395385742188,0.8618339929959936,10.510603502946648
72825,20241115-01-random_heliotrons/20241115-01-023_heliotrons_finiteBeta_randomAspect_randomNfpUpTo8_withTorsion_flux_tubes/heliotron_randomAspect_finiteBeta_maxm1_maxn1_LMN8_002240.h5,2,unstable,0.5276311635971069,0.49098957,0.07908453086918561,0.036641597747802734,unanimous_success,0.9375,1.9665203094482422,1.1106735467910767,1.6949125528335571,0.020306528,0.09742487099285778,0.4535841360023205,3.0,-0.45808593943695186,-0.17716823773407714,-20751.521080566046,8.314067840576172,0.625166147632445,13.29897319626506
72828,20241115-01-random_heliotrons/20241115-01-023_heliotrons_finiteBeta_randomAspect_randomNfpUpTo8_withTorsion_flux_tubes/heliotron_randomAspect_finiteBeta_maxm1_maxn1_LMN8_002241.h5,2,unstable,0.44214287400245667,0.37643424,0.12702308084071648,0.06570863723754883,unanimous_success,0.578125,1.4402098655700684,0.2840138077735901,1.5560380220413208,0.0,0.2747553022219464,0.4928241174366835,6.0,-0.9664252701679474,-0.12452015610971318,-48749.82650322423,8.21430778503418,0.7458888258469575,11.012777642441318
72836,20241115-01-random_heliotrons/20241115-01-023_heliotrons_finiteBeta_randomAspect_randomNfpUpTo8_withTorsion_flux_tubes/heliotron_randomAspect_finiteBeta_maxm1_maxn1_LMN8_002243.h5,2,unstable,3.0688130855560303,3.094889,0.05976226686210845,0.02607583999633789,unanimous_success,0.40625,4.271948337554932,0.37116628885269165,21.5163516998291,0.012526035,0.15737209505078964,0.5167854505005091,5.0,-1.1738698238753544,-0.09954361394264359,-17810.39210897281,8.310047149658203,0.6773272746721484,12.26888014170192
72972,20241115-01-random_heliotrons/20241115-01-023_heliotrons_finiteBeta_randomAspect_randomNfpUpTo8_withTorsion_flux_tubes/heliotron_randomAspect_finiteBeta_maxm1_maxn1_LMN8_002277.h5,2,unstable,4.053073883056641,4.6081233,0.20070252950410927,0.5550494194030762,high_spread_high_error,0.640625,3.5076563358306885,0.23345428705215454,57.57415771484375,0.05205822,0.11758814795080616,0.7937881697654967,3.0,-0.2825818008514787,0.1499018425775133,-22433.440386028084,6.974172592163086,0.445871964816165,15.641648595328412
72989,20241115-01-random_heliotrons/20241115-01-023_heliotrons_finiteBeta_randomAspect_randomNfpUpTo8_withTorsion_flux_tubes/heliotron_randomAspect_finiteBeta_maxm1_maxn1_LMN8_002281.h5,2,unstable,2.1486711502075195,2.3156123,0.08049246945919379,0.16694116592407227,unanimous_success,0.890625,4.300815105438232,1.1824803352355957,8.573457717895508,0.026356936,0.23245940177621002,0.45230587252613597,8.0,-0.926438532444369,-0.3283310919081238,-47267.252445808226,7.713128089904785,0.6785408916817535,11.36722662474757
73016,20241115-01-random_heliotrons/20241115-01-023_heliotrons_finiteBeta_randomAspect_randomNfpUpTo8_withTorsion_flux_tubes/heliotron_randomAspect_finiteBeta_maxm1_maxn1_LMN8_002288.h5,2,unstable,3.003312587738037,3.391341,0.20044219722316767,0.3880283832550049,high_spread_low_error,1.0,1.7907769680023193,-0.08268843591213226,20.15218162536621,0.07925415,0.11751960045551559,0.9398017708476757,2.0,-0.4954543201876322,0.019336407893400923,-21708.145542657192,9.660237312316895,0.23575802537808843,40.975221508683056
73082,20241115-01-random_heliotrons/20241115-01-023_heliotrons_finiteBeta_randomAspect_randomNfpUpTo8_withTorsion_flux_tubes/heliotron_randomAspect_finiteBeta_maxm1_maxn1_LMN8_002304.h5,2,stable_or_near_floor,-2.0,-1.9086875,0.06685257673665349,0.09131252765655518,unanimous_success,0.640625,3.8713414669036865,3.2995641231536865,0.11736228317022324,0.004953146,0.13865440713326585,0.4233409454065236,4.0,-0.8629122043493629,-0.05416462797181834,-67633.87105532557,7.656558036804199,0.5375453476382246,14.243557442073088
73263,20241115-01-random_heliotrons/20241115-01-023_heliotrons_finiteBeta_randomAspect_randomNfpUpTo8_withTorsion_flux_tubes/heliotron_randomAspect_finiteBeta_maxm1_maxn1_LMN8_002349.h5,2,unstable,-0.9882726073265076,-0.6106672,0.21705799422311778,0.3776053786277771,high_spread_low_error,0.703125,1.7695872783660889,1.1469439268112183,0.37221911549568176,0.043626428,0.1459486967843749,0.4301496787814343,4.0,-1.1685095575697722,-0.21025637890389165,-16287.744640025281,7.633427619934082,0.9413807087816609,8.108757220883884
73381,20241115-01-random_heliotrons/20241115-01-023_heliotrons_finiteBeta_randomAspect_randomNfpUpTo8_withTorsion_flux_tubes/heliotron_randomAspect_finiteBeta_maxm1_maxn1_LMN8_002379.h5,2,unstable,0.6514900326728821,0.61989224,0.09025392402369165,0.031597793102264404,unanimous_success,0.484375,5.062142372131348,3.348980188369751,1.9183971881866455,0.043626547,0.23560289082642843,0.3970701849431842,5.0,-0.8489893581953448,-0.1622315007588205,-7668.570977751317,9.02170467376709,0.8086229976462426,11.156873722399268
73436,20241115-01-random_heliotrons/20241115-01-023_heliotrons_finiteBeta_randomAspect_randomNfpUpTo8_withTorsion_flux_tubes/heliotron_randomAspect_finiteBeta_maxm1_maxn1_LMN8_002393.h5,2,unstable,-0.10838621109724045,-0.30639443,0.1419977533357638,0.1980082169175148,unanimous_success,0.546875,3.4969444274902344,2.259115695953369,0.8972809910774231,0.019174308,0.16107298416072807,0.5790944455870185,4.0,-0.9922305764027041,-0.19358201521591317,-38462.83483465481,8.545581817626953,0.8010081720162504,10.668532626972482
73456,20241115-01-random_heliotrons/20241115-01-023_heliotrons_finiteBeta_randomAspect_randomNfpUpTo8_withTorsion_flux_tubes/heliotron_randomAspect_finiteBeta_maxm1_maxn1_LMN8_002398.h5,2,unstable,0.7784793376922607,0.70793015,0.09454383045890014,0.07054919004440308,unanimous_success,0.625,1.3745899200439453,0.13125182688236237,2.1781575679779053,0.01799798,0.22531358637343155,0.541000130242163,5.0,-1.1874562068901195,-0.07797187856645402,-51589.149804384964,6.368895053863525,0.5870897066508419,10.848248541429937
73472,20241115-01-random_heliotrons/20241115-01-023_heliotrons_finiteBeta_randomAspect_randomNfpUpTo8_withTorsion_flux_tubes/heliotron_randomAspect_finiteBeta_maxm1_maxn1_LMN8_002402.h5,2,unstable,3.056375741958618,3.2325156,0.08523936220610916,0.17613983154296875,unanimous_success,0.609375,5.718128204345703,1.9361507892608643,21.250398635864258,0.0,0.09800408324308128,0.3078912206787015,4.0,-1.027343102260216,-0.09271667395298125,-16652.837352983966,9.341158866882324,0.6790390842904626,13.756437711745313
73725,20241115-01-random_heliotrons/20241115-01-023_heliotrons_finiteBeta_randomAspect_randomNfpUpTo8_withTorsion_flux_tubes/heliotron_randomAspect_finiteBeta_maxm1_maxn1_LMN8_002465.h5,2,unstable,2.9916579723358154,2.978035,0.10487483882705241,0.01362299919128418,unanimous_success,0.890625,5.191444396972656,1.3712291717529297,19.918682098388672,0.025929213,0.20218903449470244,0.5957575783446324,7.0,-1.0856506636085685,-0.22410466177224483,-12711.372882736958,8.713520050048828,0.9319538661070454,9.349733250688594
73764,20241115-01-random_heliotrons/20241115-01-023_heliotrons_finiteBeta_randomAspect_randomNfpUpTo8_withTorsion_flux_tubes/heliotron_randomAspect_finiteBeta_maxm1_maxn1_LMN8_002475.h5,2,stable_or_near_floor,-2.0,-2.0054579,0.01378712936369915,0.005457878112792969,unanimous_success,0.671875,0.5177600383758545,0.9182916283607483,1.0397559435659787e-07,0.0016753674,0.07167691438750681,0.38555467986845454,7.0,-0.6713096291571211,0.07067861144312879,-56985.40006024033,8.818235397338867,0.21304566411552406,41.39129249097122
73773,20241115-01-random_heliotrons/20241115-01-023_heliotrons_finiteBeta_randomAspect_randomNfpUpTo8_withTorsion_flux_tubes/heliotron_randomAspect_finiteBeta_maxm1_maxn1_LMN8_002477.h5,2,unstable,0.2555483281612396,0.542919,0.13866021026501146,0.2873706519603729,unanimous_success,0.765625,1.5594959259033203,-0.19936217367649078,1.2911694049835205,0.005253792,0.2738641606792387,0.48947178105185657,8.0,-1.5681027260261022,-0.2861944552822137,-51664.10001975764,8.973697662353516,0.6783743176116642,13.228239084797597
73911,20241115-01-random_heliotrons/20241115-01-023_heliotrons_finiteBeta_randomAspect_randomNfpUpTo8_withTorsion_flux_tubes/heliotron_randomAspect_finiteBeta_maxm1_maxn1_LMN8_002511.h5,2,stable_or_near_floor,-2.0,-2.000943,0.022139381384986064,0.0009429454803466797,unanimous_success,0.328125,0.818507730960846,0.6378053426742554,0.017720868811011314,0.0039331913,0.23131766109871874,0.5749473278210215,6.0,-1.4005339963589973,-0.01424364815316751,-64034.732239560726,7.18235445022583,0.23601943604243403,30.431199102325248
73996,20241115-01-random_heliotrons/20241115-01-023_heliotrons_finiteBeta_randomAspect_randomNfpUpTo8_withTorsion_flux_tubes/heliotron_randomAspect_finiteBeta_maxm1_maxn1_LMN8_002533.h5,2,unstable,1.3729437589645386,1.7574044,0.12588417408342856,0.3844606876373291,unanimous_success,0.859375,2.3760881423950195,0.8532299399375916,3.9469525814056396,0.058794618,0.1953140803851868,0.6559567770449555,5.0,-0.5856305874236577,0.076028609848114,-78738.84801532807,7.933516025543213,0.2990451163081135,26.52949536005503
74281,20241115-01-random_heliotrons/20241115-01-023_heliotrons_finiteBeta_randomAspect_randomNfpUpTo8_withTorsion_flux_tubes/heliotron_randomAspect_finiteBeta_maxm1_maxn1_LMN8_002604.h5,2,unstable,2.8808295726776123,3.057283,0.11395596721305924,0.1764533519744873,unanimous_success,0.0625,3.08052134513855,0.00931521225720644,17.829057693481445,0.0045039654,0.1816653596742175,0.6508181257605617,4.0,-0.3984792600374313,0.11828395744922007,-37006.47343712868,7.726743221282959,0.5521325091214382,13.9943638413501
74379,20241115-01-random_heliotrons/20241115-01-023_heliotrons_finiteBeta_randomAspect_randomNfpUpTo8_withTorsion_flux_tubes/heliotron_randomAspect_finiteBeta_maxm1_maxn1_LMN8_002628.h5,2,stable_or_near_floor,-2.0,-2.0023246,0.01696651739887154,0.0023245811462402344,unanimous_success,0.953125,0.47399163246154785,0.18640457093715668,1.9183730159966217e-07,0.0013420582,0.059015999573872116,0.42261064225163364,7.0,-0.5756901346651876,-0.0005129789504951958,-65149.499730553995,6.404303550720215,0.09163455957363986,69.8896091225664
74436,20241115-01-random_heliotrons/20241115-01-023_heliotrons_finiteBeta_randomAspect_randomNfpUpTo8_withTorsion_flux_tubes/heliotron_randomAspect_finiteBeta_maxm1_maxn1_LMN8_002643.h5,2,unstable,1.546148657798767,1.3195729,0.14682768900687765,0.22657573223114014,unanimous_success,0.96875,5.534642219543457,3.604607343673706,4.693359375,0.07467914,0.23156110249022457,0.7285542283649917,8.0,-1.8976171510226396,-0.7984767619323522,-19665.01243717722,8.514017105102539,0.8935397990949315,9.528413970733487
74502,20241115-01-random_heliotrons/20241115-01-023_heliotrons_finiteBeta_randomAspect_randomNfpUpTo8_withTorsion_flux_tubes/heliotron_randomAspect_finiteBeta_maxm1_maxn1_LMN8_002659.h5,2,stable_or_near_floor,-2.0,-2.0000217,0.012787127953573648,2.1696090698242188e-05,unanimous_success,0.921875,0.6350690126419067,0.42590638995170593,7.701526527625902e-08,0.0009698868,0.26085283457982356,0.798081761314662,2.0,-0.41938284406830306,0.025990410519588874,-13667.916973315618,9.399702072143555,0.3653312922673374,25.72925525707544
74656,20241115-01-random_heliotrons/20241115-01-023_heliotrons_finiteBeta_randomAspect_randomNfpUpTo8_withTorsion_flux_tubes/heliotron_randomAspect_finiteBeta_maxm1_maxn1_LMN8_002698.h5,2,unstable,1.693213939666748,2.5611842,0.31250708465064553,0.8679702281951904,high_spread_high_error,1.0,1.4768177270889282,-0.1311853975057602,5.43692684173584,0.059163332,0.10821815682140931,0.518640383767904,3.0,-0.6208111724045712,-0.001963289129830431,-44873.5605551023,9.117758750915527,0.3417488527094017,26.679705516578878
74693,20241115-01-random_heliotrons/20241115-01-023_heliotrons_finiteBeta_randomAspect_randomNfpUpTo8_withTorsion_flux_tubes/heliotron_randomAspect_finiteBeta_maxm1_maxn1_LMN8_002707.h5,2,unstable,2.384861946105957,2.5490334,0.059278894712587814,0.16417145729064941,unanimous_success,1.0,4.971110820770264,2.152390480041504,10.857563018798828,0.0054867268,0.10294093076731275,0.3126446163329689,3.0,-0.700601297550754,-0.06552630616635997,-2749.731350681452,8.848849296569824,0.6533054786857067,13.544734561803429
74705,20241115-01-random_heliotrons/20241115-01-023_heliotrons_finiteBeta_randomAspect_randomNfpUpTo8_withTorsion_flux_tubes/heliotron_randomAspect_finiteBeta_maxm1_maxn1_LMN8_002710.h5,2,unstable,2.9176676273345947,2.9339564,0.07159530220006083,0.01628875732421875,unanimous_success,0.171875,3.8335330486297607,0.16833944618701935,18.498090744018555,0.023444414,0.18675434082656445,0.5597424661315915,5.0,-1.2664355670732783,-0.0801349372774774,-1221.5634177779039,7.826170921325684,0.43968249336652643,17.799596389210024
74930,20241115-01-random_heliotrons/20241115-01-023_heliotrons_finiteBeta_randomAspect_randomNfpUpTo8_withTorsion_flux_tubes/heliotron_randomAspect_finiteBeta_maxm1_maxn1_LMN8_002766.h5,2,unstable,2.950510263442993,2.7474775,0.17661737385613557,0.2030327320098877,high_spread_low_error,0.296875,3.020937442779541,0.4604930281639099,19.115705490112305,0.025951147,0.21593705837982002,0.6183854220900304,4.0,-1.0624178002900202,0.01986744069098177,-73288.59467292849,8.375828742980957,0.5103502333993265,16.41192301841712
75088,20241115-01-random_heliotrons/20241115-01-023_heliotrons_finiteBeta_randomAspect_randomNfpUpTo8_withTorsion_flux_tubes/heliotron_randomAspect_finiteBeta_maxm1_maxn1_LMN8_002806.h5,2,unstable,2.3507466316223145,2.3212206,0.056484396968301744,0.0295259952545166,unanimous_success,0.640625,3.143185615539551,0.4216097295284271,10.493402481079102,0.0006430149,0.202327903040905,0.37424193495525526,6.0,-0.9664984447510514,-0.3086080096352301,-32719.791922039465,6.112457752227783,0.5519200211092417,11.074897663511184
75256,20241115-01-random_heliotrons/20241115-01-023_heliotrons_finiteBeta_randomAspect_randomNfpUpTo8_withTorsion_flux_tubes/heliotron_randomAspect_finiteBeta_maxm1_maxn1_LMN8_002848.h5,2,unstable,-0.4058288633823395,-0.78716093,0.15317259165902264,0.38133206963539124,high_spread_low_error,0.8125,1.3104127645492554,0.6857139468193054,0.6664242148399353,0.052633524,0.1759985184459572,0.42722069773281723,8.0,-1.2941037166456875,-0.26743679044431345,-23351.424022884985,9.25051498413086,0.6899376470784411,13.407755067870852
75296,20241115-01-random_heliotrons/20241115-01-023_heliotrons_finiteBeta_randomAspect_randomNfpUpTo8_withTorsion_flux_tubes/heliotron_randomAspect_finiteBeta_maxm1_maxn1_LMN8_002858.h5,2,unstable,-0.46812695264816284,-1.5517923,0.39217285528873386,1.0836653113365173,high_spread_high_error,0.1875,0.8416992425918579,0.11144985258579254,0.6261740326881409,0.14062107,0.22937569606150027,0.4630907214735227,6.0,-1.5105817571863087,-0.035566122732682476,-62071.17823933428,9.717422485351562,0.5352925909271719,18.153478396777672
75312,20241115-01-random_heliotrons/20241115-01-023_heliotrons_finiteBeta_randomAspect_randomNfpUpTo8_withTorsion_flux_tubes/heliotron_randomAspect_finiteBeta_maxm1_maxn1_LMN8_002862.h5,2,unstable,0.7875961065292358,0.6510598,0.09564161742507124,0.13653630018234253,unanimous_success,0.34375,1.3468992710113525,0.22911950945854187,2.198106050491333,0.01331234,0.19565631427808225,0.5970593350673781,6.0,-1.5166081051179088,-0.031504904588580934,-36726.975423337644,7.847489833831787,0.3522933795519769,22.27543941873588
75340,20241115-01-random_heliotrons/20241115-01-023_heliotrons_finiteBeta_randomAspect_randomNfpUpTo8_withTorsion_flux_tubes/heliotron_randomAspect_finiteBeta_maxm1_maxn1_LMN8_002869.h5,2,unstable,0.3706986606121063,0.6473024,0.07967212846188955,0.27660372853279114,unanimous_success,0.84375,3.65834379196167,2.3998069763183594,1.4487464427947998,0.015180349,0.1808945130387472,0.3507298091913566,5.0,-0.8149412919961299,-0.6274701081564864,-17132.903058915843,6.1006059646606445,0.8129741799814768,7.504058695689012
75622,20241115-01-random_heliotrons/20241115-01-023_heliotrons_finiteBeta_randomAspect_randomNfpUpTo8_withTorsion_flux_tubes/heliotron_randomAspect_finiteBeta_maxm1_maxn1_LMN8_002939.h5,2,unstable,0.25051960349082947,0.3408879,0.2432678154199187,0.09036830067634583,high_spread_low_error,0.28125,1.6629371643066406,-0.334587037563324,1.2846927642822266,0.044834286,0.18569645006548094,0.37303653592427466,3.0,-0.7581618247452963,-0.10726328575909602,-17038.503236113436,6.135474681854248,0.6938694351575804,8.842405171602433
75793,20241115-01-random_heliotrons/20241115-01-023_heliotrons_finiteBeta_randomAspect_randomNfpUpTo8_withTorsion_flux_tubes/heliotron_randomAspect_finiteBeta_maxm1_maxn1_LMN8_002982.h5,2,unstable,-0.11402969062328339,0.28570306,0.23733337954029632,0.3997327536344528,high_spread_low_error,1.0,1.2949249744415283,0.22826825082302094,0.8922314643859863,0.02010712,0.12814420735026977,0.4489912962059903,2.0,-0.53718267726657,0.008326627763344105,-12140.280529061029,9.593311309814453,0.30327381562915323,31.632507705661165
75809,20241115-01-random_heliotrons/20241115-01-023_heliotrons_finiteBeta_randomAspect_randomNfpUpTo8_withTorsion_flux_tubes/heliotron_randomAspect_finiteBeta_maxm1_maxn1_LMN8_002986.h5,2,stable_or_near_floor,-2.0,-1.998499,0.027534130589519347,0.0015009641647338867,unanimous_success,0.890625,0.9979553818702698,0.627297580242157,2.619775614220998e-07,0.0008522272,0.15560812076262392,0.42938080111184623,6.0,-1.1732303398859618,-0.02219773486717656,-69391.1951643573,6.173720359802246,0.20411101579691004,30.24687489647831
75910,20241115-01-random_heliotrons/20241115-01-023_heliotrons_finiteBeta_randomAspect_randomNfpUpTo8_withTorsion_flux_tubes/heliotron_randomAspect_finiteBeta_maxm1_maxn1_LMN8_003012.h5,2,stable_or_near_floor,-1.9605894088745117,-1.984571,0.03770983644574037,0.023981571197509766,unanimous_success,0.28125,0.9712280035018921,0.6930301785469055,0.1407754272222519,0.0022255182,0.31748173637885047,0.5632620843659524,7.0,-1.5205401774969018,-0.16285187446931787,-15301.662108392971,8.95949935913086,0.5136579947944206,17.442538517709018
75989,20241115-01-random_heliotrons/20241115-01-023_heliotrons_finiteBeta_randomAspect_randomNfpUpTo8_withTorsion_flux_tubes/heliotron_randomAspect_finiteBeta_maxm1_maxn1_LMN8_003031.h5,2,unstable,-0.0546720027923584,0.33048114,0.0853815338466761,0.3851531445980072,unanimous_success,0.890625,2.8505332469940186,1.4436970949172974,0.946795642375946,2.9802322e-08,0.2114565945714123,0.5469312833708504,7.0,-1.1010146372148581,-0.05392684491441769,-33754.47870062914,9.463849067687988,0.46006036480915624,20.57088545676786
76009,20241115-01-random_heliotrons/20241115-01-023_heliotrons_finiteBeta_randomAspect_randomNfpUpTo8_withTorsion_flux_tubes/heliotron_randomAspect_finiteBeta_maxm1_maxn1_LMN8_003036.h5,2,unstable,2.672738552093506,2.796649,0.11694624929960534,0.12391042709350586,unanimous_success,0.71875,4.680115699768066,0.21066249907016754,14.47956657409668,0.011217117,0.13412553414880693,0.5398106127338529,4.0,-0.7979994315972749,-0.4273179098949219,-11839.907209525953,9.539374351501465,0.9718437612134649,9.815748922018491
76030,20241115-01-random_heliotrons/20241115-01-023_heliotrons_finiteBeta_randomAspect_randomNfpUpTo8_withTorsion_flux_tubes/heliotron_randomAspect_finiteBeta_maxm1_maxn1_LMN8_003042.h5,2,unstable,-1.4938666820526123,-1.5741786,0.12347840944328997,0.08031189441680908,unanimous_success,0.484375,3.985428810119629,3.5409843921661377,0.22450289130210876,0.03031516,0.1966061241773201,0.348275736374666,4.0,-0.56023401208914,-0.20891533495548248,-3472.3101973572193,6.239935398101807,0.6926861011667224,9.008316158778994
76070,20241115-01-random_heliotrons/20241115-01-023_heliotrons_finiteBeta_randomAspect_randomNfpUpTo8_withTorsion_flux_tubes/heliotron_randomAspect_finiteBeta_maxm1_maxn1_LMN8_003052.h5,2,unstable,-0.9349960088729858,-0.795156,0.12017958938139811,0.1398400068283081,unanimous_success,0.875,1.2214131355285645,0.5162153244018555,0.39258742332458496,0.0009883046,0.13637155336938553,0.3268787151332547,8.0,-0.6273353346941172,-0.027441026457624067,-58223.00382497515,9.988783836364746,0.23437872518973135,42.618133656451754
76085,20241115-01-random_heliotrons/20241115-01-023_heliotrons_finiteBeta_randomAspect_randomNfpUpTo8_withTorsion_flux_tubes/heliotron_randomAspect_finiteBeta_maxm1_maxn1_LMN8_003055.h5,2,stable_or_near_floor,-2.0,-2.0010958,0.013145784671249315,0.0010957717895507812,unanimous_success,0.484375,1.476332187652588,2.4885334968566895,1.2107273050787626e-07,0.0012843609,0.2617660976724022,0.4447823854053516,4.0,-0.9678118420135291,-0.20807224916315992,-38888.289897778544,7.039857864379883,0.737592061619546,9.544378567364625
76089,20241115-01-random_heliotrons/20241115-01-023_heliotrons_finiteBeta_randomAspect_randomNfpUpTo8_withTorsion_flux_tubes/heliotron_randomAspect_finiteBeta_maxm1_maxn1_LMN8_003056.h5,2,unstable,0.6634487509727478,0.7247206,0.08861457072569738,0.061271846294403076,unanimous_success,1.0,4.926472187042236,0.888144314289093,1.9414764642715454,0.0036501884,0.2646828104271337,1.153382454449606,2.0,-0.24616832500481253,-0.012267734550077021,-4281.788344401006,7.550088882446289,0.6452371126557754,11.701262581394866
76092,20241115-01-random_heliotrons/20241115-01-023_heliotrons_finiteBeta_randomAspect_randomNfpUpTo8_withTorsion_flux_tubes/heliotron_randomAspect_finiteBeta_maxm1_maxn1_LMN8_003057.h5,2,stable_or_near_floor,-2.0,-1.9936049,0.03216824127729446,0.006395101547241211,unanimous_success,0.625,3.669940948486328,3.314821720123291,0.06756311655044556,0.0005592108,0.13489049388057578,0.49958340345696106,3.0,-0.5366587984921808,-0.44481245580510553,-15123.146105127465,9.249755859375,0.8453788664030931,10.941550856044863
76121,20241115-01-random_heliotrons/20241115-01-023_heliotrons_finiteBeta_randomAspect_randomNfpUpTo8_withTorsion_flux_tubes/heliotron_randomAspect_finiteBeta_maxm1_maxn1_LMN8_003064.h5,2,stable_or_near_floor,-2.0,-1.800498,0.13845392208666768,0.19950199127197266,unanimous_success,0.8125,0.39837533235549927,0.0028267139568924904,0.10727490484714508,0.031373978,0.18713355529012154,0.4833055386769871,7.0,-1.3488187817878292,-0.02309335824255695,-65567.2855273606,9.10151195526123,0.24019655792092687,37.89193331512046
76143,20241115-01-random_heliotrons/20241115-01-023_heliotrons_finiteBeta_randomAspect_randomNfpUpTo8_withTorsion_flux_tubes/heliotron_randomAspect_finiteBeta_maxm1_maxn1_LMN8_003070.h5,2,unstable,-1.7916475534439087,-1.431865,0.391613128472871,0.3597825765609741,high_spread_low_error,0.953125,1.2115797996520996,0.3116442561149597,0.1666853278875351,0.21589446,0.1418923001953214,0.4291151837506946,6.0,-1.2591005737893963,-0.6180716279371395,-4234.622702594997,6.745874881744385,0.7774102788713406,8.677367749160942
76264,20241115-01-random_heliotrons/20241115-01-023_heliotrons_finiteBeta_randomAspect_randomNfpUpTo8_withTorsion_flux_tubes/heliotron_randomAspect_finiteBeta_maxm1_maxn1_LMN8_003100.h5,2,unstable,-0.014694723300635815,-0.09480854,0.1226285421522445,0.08011381793767214,unanimous_success,0.609375,5.237161159515381,0.154913991689682,0.9854127168655396,0.02185148,0.3696361231078004,1.4548532116137576,4.0,-0.40030801885924105,0.1398960696700937,-40641.10981303499,8.286711692810059,0.5584576060785756,14.83856894885609
76288,20241115-01-random_heliotrons/20241115-01-023_heliotrons_finiteBeta_randomAspect_randomNfpUpTo8_withTorsion_flux_tubes/heliotron_randomAspect_finiteBeta_maxm1_maxn1_LMN8_003106.h5,2,unstable,-0.08740996569395065,0.016924527,0.10096899166729899,0.10433449223637581,unanimous_success,0.1875,3.9896914958953857,0.49721887707710266,0.9163013696670532,0.0091648325,0.24232192132172156,1.059472316954928,3.0,-0.3016457234693796,-0.734998503614501,-15069.611384893298,7.007578372955322,0.7822433178267906,8.958310302251743
76509,20241115-01-random_heliotrons/20241115-01-023_heliotrons_finiteBeta_randomAspect_randomNfpUpTo8_withTorsion_flux_tubes/heliotron_randomAspect_finiteBeta_maxm1_maxn1_LMN8_003162.h5,2,stable_or_near_floor,-2.0,-2.0005455,0.01147106237324686,0.000545501708984375,unanimous_success,0.59375,1.5365909337997437,2.7737460136413574,1.1760736384758275e-07,7.43866e-05,0.1831754122330142,0.4125035802214029,5.0,-1.0737517734871345,-0.046425501526233155,-35175.09341501899,9.987828254699707,0.6924524351779958,14.423847397016262
76600,20241115-01-random_heliotrons/20241115-01-023_heliotrons_finiteBeta_randomAspect_randomNfpUpTo8_withTorsion_flux_tubes/heliotron_randomAspect_finiteBeta_maxm1_maxn1_LMN8_003184.h5,2,unstable,2.4389965534210205,2.4152842,0.0676133035061078,0.0237123966217041,unanimous_success,0.265625,2.9846179485321045,0.02852313034236431,11.46153450012207,0.020641804,0.17543665892124885,0.515287560834077,6.0,-1.620636051664105,-0.0264418842807062,-37510.480405571434,9.82010555267334,0.790360186160738,12.424848473675766
76619,20241115-01-random_heliotrons/20241115-01-023_heliotrons_finiteBeta_randomAspect_randomNfpUpTo8_withTorsion_flux_tubes/heliotron_randomAspect_finiteBeta_maxm1_maxn1_LMN8_003189.h5,2,unstable,0.3617260456085205,0.4527824,0.07954643674229427,0.09105634689331055,unanimous_success,0.75,1.5423418283462524,0.604926586151123,1.4358055591583252,0.006408125,0.07168259900033182,0.3133087621726551,3.0,-0.5846389371064254,-0.04413813433774102,-34178.60698976108,6.510037422180176,0.4531286742748344,14.366862641386644
76692,20241122-01-QUASR/20241122-01-030_QUASR_vacuum_equilibria_with_maxF_below_threshold_and_enough_iota_flux_tubes/QUASR_vacuum_000001.h5,3,stable_or_near_floor,-2.0,-2.0043826,0.014015226969067696,0.004382610321044922,unanimous_success,0.296875,1.2136555910110474,1.3346625566482544,1.3520245545350917e-07,0.0022355318,0.10808878888361104,0.47298252206432134,2.0,0.500437416669502,0.012744161927598993,0.0,3.333336591720581,0.5478737831611892,6.08413232056385
76732,20241122-01-QUASR/20241122-01-030_QUASR_vacuum_equilibria_with_maxF_below_threshold_and_enough_iota_flux_tubes/QUASR_vacuum_000003.h5,3,stable_or_near_floor,-2.0,-1.9997258,0.009707672717056283,0.0002741813659667969,unanimous_success,0.9375,0.20143896341323853,0.1750720590353012,1.1062606830591903e-07,0.0006608963,0.22502671971585872,0.47603086027175434,3.0,0.5438783260942097,0.0004317363711610218,0.0,10.0,0.04896393359075735,204.23195741544026
76799,20241122-01-QUASR/20241122-01-030_QUASR_vacuum_equilibria_with_maxF_below_threshold_and_enough_iota_flux_tubes/QUASR_vacuum_000006.h5,3,unstable,-1.0840108394622803,-1.1285675,0.29557366890489206,0.044556617736816406,high_spread_low_error,0.71875,1.5564264059066772,1.2369359731674194,0.3382361829280853,0.011150956,0.17302172009950817,0.4461249198230108,2.0,0.49266082572381115,-0.055700142814059,0.0,2.85717511177063,0.9860420763173103,2.8976198687602306
76888,20241122-01-QUASR/20241122-01-030_QUASR_vacuum_equilibria_with_maxF_below_threshold_and_enough_iota_flux_tubes/QUASR_vacuum_000011.h5,3,stable_or_near_floor,-2.0,-1.2170004,0.33737301615592263,0.7829996347427368,high_spread_high_error,0.28125,0.8936523199081421,-0.036933328956365585,2.8294794901739806e-05,0.076144576,0.10725964606395898,0.6455538597583719,2.0,0.3032118694622194,-0.0067164503099387835,0.0,3.3333346843719482,0.2466330586278429,13.515360442420599
76958,20241122-01-QUASR/20241122-01-030_QUASR_vacuum_equilibria_with_maxF_below_threshold_and_enough_iota_flux_tubes/QUASR_vacuum_000014.h5,3,stable_or_near_floor,-2.0,-2.0015543,0.015003252926763196,0.001554250717163086,unanimous_success,1.0,1.47684645652771,2.060438871383667,8.62714273353049e-08,0.00071263313,0.22242286216543464,0.4957468794111266,2.0,0.40062070724074933,0.007615770461565418,0.0,10.0,0.6690590701563746,14.946363402057711
77030,20241122-01-QUASR/20241122-01-030_QUASR_vacuum_equilibria_with_maxF_below_threshold_and_enough_iota_flux_tubes/QUASR_vacuum_000018.h5,3,unstable,0.43947485089302063,0.31770325,0.17334886742201377,0.12177160382270813,high_spread_low_error,0.28125,1.195282220840454,0.6148378849029541,1.5518920421600342,0.018419892,0.12561228881574713,0.7309945370219558,2.0,0.4068198537581887,0.015369103955498278,0.0,2.8571505546569824,0.2819460996460673,10.133676465975666
77044,20241122-01-QUASR/20241122-01-030_QUASR_vacuum_equilibria_with_maxF_below_threshold_and_enough_iota_flux_tubes/QUASR_vacuum_000019.h5,3,unstable,2.293663740158081,2.3438406,0.06180549695102271,0.05017685890197754,unanimous_success,0.546875,3.2164361476898193,1.2774978876113892,9.911182403564453,0.013887167,0.11611576898345133,0.3643505610810903,2.0,0.49867481444106393,0.027283595541974896,0.0,3.33333683013916,0.7366919523590432,4.524736315450592
77077,20241122-01-QUASR/20241122-01-030_QUASR_vacuum_equilibria_with_maxF_below_threshold_and_enough_iota_flux_tubes/QUASR_vacuum_000020.h5,3,unstable,2.2446975708007812,2.3911965,0.06862880744816768,0.1464989185333252,unanimous_success,0.828125,3.081627130508423,0.4648139178752899,9.437561988830566,0.01255393,0.10329415108500718,0.49714303072543564,2.0,0.501830571019182,0.008118307007414052,0.0,5.0,0.4751462365593151,10.523076087493799
77086,20241122-01-QUASR/20241122-01-030_QUASR_vacuum_equilibria_with_maxF_below_threshold_and_enough_iota_flux_tubes/QUASR_vacuum_000021.h5,3,unstable,0.6993906497955322,0.50788164,0.1003245170759797,0.19150900840759277,unanimous_success,0.609375,1.7004157304763794,1.0216190814971924,2.012526035308838,0.020955026,0.17589192493287717,0.5480044024000142,2.0,0.5018761691417035,0.013540296144675232,0.0,4.0,0.49302175920340663,8.11323217551888
77134,20241122-01-QUASR/20241122-01-030_QUASR_vacuum_equilibria_with_maxF_below_threshold_and_enough_iota_flux_tubes/QUASR_vacuum_000023.h5,3,unstable,2.7950470447540283,2.740435,0.061900414716282576,0.054612159729003906,unanimous_success,0.453125,3.5635406970977783,0.007029463071376085,16.363399505615234,0.007890701,0.07612657463207195,0.3778367858426935,2.0,0.4975967330597667,0.02148600983106782,0.0,4.0,0.8071360912247637,4.955793754595119
77236,20241122-01-QUASR/20241122-01-030_QUASR_vacuum_equilibria_with_maxF_below_threshold_and_enough_iota_flux_tubes/QUASR_vacuum_000028.h5,3,unstable,0.20191961526870728,0.06569831,0.1456571524964303,0.13622130453586578,unanimous_success,0.890625,0.8805304765701294,0.24250362813472748,1.2237496376037598,0.0068023726,0.19945115995699786,0.8681889585664464,2.0,0.6000860514772043,-3.402673715397244e-05,0.0,10.0,0.1332613597411233,75.04050701138154
77258,20241122-01-QUASR/20241122-01-030_QUASR_vacuum_equilibria_with_maxF_below_threshold_and_enough_iota_flux_tubes/QUASR_vacuum_000029.h5,3,unstable,1.662268042564392,2.4140546,0.1988993919397479,0.7517865896224976,high_spread_high_error,0.578125,3.180265188217163,0.6937893033027649,5.271252632141113,0.031936407,0.11935149906486169,0.8032999517931283,2.0,0.6001498896243779,0.0012525164576958202,0.0,6.6666669845581055,0.5936232895995088,11.230467371076038
77333,20241122-01-QUASR/20241122-01-030_QUASR_vacuum_equilibria_with_maxF_below_threshold_and_enough_iota_flux_tubes/QUASR_vacuum_000033.h5,3,unstable,-0.3548300266265869,-0.50619084,0.15044307098368256,0.15136080980300903,high_spread_low_error,0.546875,0.9773793816566467,0.48579615354537964,0.7012926340103149,0.029349297,0.12339775032463107,0.5313892029044873,2.0,0.6007212726831833,0.0008801903197556447,0.0,5.000000476837158,0.28050962628482135,17.82470192933879
77411,20241122-01-QUASR/20241122-01-030_QUASR_vacuum_equilibria_with_maxF_below_threshold_and_enough_iota_flux_tubes/QUASR_vacuum_000037.h5,3,unstable,-0.3015339970588684,-0.37320378,0.19395306355668052,0.07166978716850281,high_spread_low_error,0.53125,1.188171625137329,-0.02263525314629078,0.739682674407959,0.008398056,0.28811988062244603,0.5915560740830549,2.0,0.699771880333131,1.312868499697429e-05,0.0,10.000000953674316,0.16747450151012355,59.71058796117589
77437,20241122-01-QUASR/20241122-01-030_QUASR_vacuum_equilibria_with_maxF_below_threshold_and_enough_iota_flux_tubes/QUASR_vacuum_000038.h5,3,unstable,-1.049270749092102,-0.9739189,0.18522788587772498,0.07535183429718018,high_spread_low_error,0.578125,1.02399480342865,0.6803473234176636,0.3501930236816406,0.013980508,0.11601138937414919,0.837647445298137,2.0,0.6964068195294634,-0.000849024076687884,0.0,5.0,0.1790243077488176,27.929168183212948
77444,20241122-01-QUASR/20241122-01-030_QUASR_vacuum_equilibria_with_maxF_below_threshold_and_enough_iota_flux_tubes/QUASR_vacuum_000039.h5,3,unstable,2.6462812423706055,2.4896884,0.12007910279474358,0.15659284591674805,unanimous_success,0.640625,2.0410244464874268,0.5269549489021301,14.10150146484375,0.0093410015,0.09749970246315394,0.8953498524178,2.0,0.6993600908941686,-0.0008500020089736214,0.0,6.6666669845581055,0.3634634622601405,18.342055465774973
77471,20241122-01-QUASR/20241122-01-030_QUASR_vacuum_equilibria_with_maxF_below_threshold_and_enough_iota_flux_tubes/QUASR_vacuum_000040.h5,3,unstable,5.146020889282227,5.023152,0.14024335722737072,0.12286901473999023,unanimous_success,0.453125,5.325325012207031,-0.22730779647827148,171.74671936035156,0.015278339,0.1773058117699068,0.9337614000217604,2.0,0.7003632888260581,-0.00661241454133059,0.0,3.999997138977051,0.5255229521361917,7.611460399051102
77539,20241122-01-QUASR/20241122-01-030_QUASR_vacuum_equilibria_with_maxF_below_threshold_and_enough_iota_flux_tubes/QUASR_vacuum_000043.h5,3,unstable,0.42055824398994446,0.5227543,0.10376907351162663,0.10219606757164001,unanimous_success,0.8125,2.153888702392578,1.2883667945861816,1.5228114128112793,0.05714515,0.15501333906103834,0.5210946622690612,2.0,0.6990013926356369,0.009764307783258,0.0,4.000000476837158,0.7958900442500125,5.025820470724019
77577,20241122-01-QUASR/20241122-01-030_QUASR_vacuum_equilibria_with_maxF_below_threshold_and_enough_iota_flux_tubes/QUASR_vacuum_000045.h5,3,unstable,0.024686774238944054,-0.04195952,0.11092107393681691,0.06664629466831684,unanimous_success,0.890625,1.8229721784591675,1.0504405498504639,1.0249940156936646,0.019423591,0.18227762720018506,0.47319191030516305,2.0,0.7822336512800768,-0.02393477753819471,0.0,6.68339204788208,0.3611932706908326,18.503644974058233
77604,20241122-01-QUASR/20241122-01-030_QUASR_vacuum_equilibria_with_maxF_below_threshold_and_enough_iota_flux_tubes/QUASR_vacuum_000047.h5,3,unstable,6.277172565460205,6.4746337,0.17501773096283033,0.19746112823486328,high_spread_low_error,0.9375,6.578207969665527,1.2915852069854736,532.281494140625,0.003314972,0.16720488523612526,1.4955835415435628,2.0,0.7946009589799722,0.0077724430650168725,0.0,3.9999802112579346,0.9251290685646709,4.323699629786648
77636,20241122-01-QUASR/20241122-01-030_QUASR_vacuum_equilibria_with_maxF_below_threshold_and_enough_iota_flux_tubes/QUASR_vacuum_000049.h5,3,unstable,0.7351171374320984,2.657319,0.45174834061061625,1.922201931476593,high_spread_high_error,0.9375,0.6671453714370728,-0.06872501224279404,2.085726261138916,0.041116714,0.278574010859113,2.089707437132683,2.0,0.9150485355312019,0.0014065094358038702,0.0,6.666769027709961,0.16805356658080806,39.67050008726988
77680,20241122-01-QUASR/20241122-01-030_QUASR_vacuum_equilibria_with_maxF_below_threshold_and_enough_iota_flux_tubes/QUASR_vacuum_000051.h5,3,unstable,-1.7779908180236816,-1.5621212,0.1883050441422389,0.21586966514587402,high_spread_low_error,1.0,1.214198350906372,0.23213548958301544,0.1689773052930832,0.03240335,0.2261834610731994,0.5208623288077049,2.0,0.3022227671217392,0.0007339809232222819,0.0,10.0,0.16216005820484614,61.667466765260144
77721,20241122-01-QUASR/20241122-01-030_QUASR_vacuum_equilibria_with_maxF_below_threshold_and_enough_iota_flux_tubes/QUASR_vacuum_000053.h5,3,unstable,2.058717966079712,2.1631653,0.052388852507758994,0.1044473648071289,unanimous_success,0.59375,3.5447847843170166,0.4818035066127777,7.835917949676514,0.0,0.10924583338366378,0.42954575027326114,2.0,0.3027744529312631,0.01818228500716095,0.0,5.0,0.484240156225059,10.325455119166456
77750,20241122-01-QUASR/20241122-01-030_QUASR_vacuum_equilibria_with_maxF_below_threshold_and_enough_iota_flux_tubes/QUASR_vacuum_000054.h5,3,stable_or_near_floor,-2.0,-1.9928976,0.03330693925488861,0.007102370262145996,unanimous_success,0.984375,2.2558603286743164,2.338960886001587,1.4618840395996813e-06,0.002124548,0.1923095968991445,0.7020922464211611,2.0,0.2991816891656213,0.043097180659563236,0.0,5.0,0.7326669639832423,6.824383035938769
77779,20241122-01-QUASR/20241122-01-030_QUASR_vacuum_equilibria_with_maxF_below_threshold_and_enough_iota_flux_tubes/QUASR_vacuum_000056.h5,3,unstable,-0.8060393929481506,-1.1547638,0.16546821517900734,0.3487244248390198,high_spread_low_error,0.609375,1.4098495244979858,1.2137731313705444,0.44662347435951233,0.07331514,0.08332048758965416,0.5995668525330493,2.0,0.2933044846700727,0.10189114658684931,0.0,4.000000476837158,0.9080350846566722,4.405116657303564
77802,20241122-01-QUASR/20241122-01-030_QUASR_vacuum_equilibria_with_maxF_below_threshold_and_enough_iota_flux_tubes/QUASR_vacuum_000057.h5,3,stable_or_near_floor,-2.0,-1.9684808,0.06138328540535823,0.031519174575805664,unanimous_success,0.53125,1.9127163887023926,2.089768648147583,3.692122447773727e-07,0.02308333,0.09921193652455326,0.7519590614655394,2.0,0.29422927735458326,0.12415410770423056,0.0,3.333334445953369,0.8402889073972433,3.966890930737407
77904,20241122-01-QUASR/20241122-01-030_QUASR_vacuum_equilibria_with_maxF_below_threshold_and_enough_iota_flux_tubes/QUASR_vacuum_000062.h5,3,unstable,4.470354080200195,4.4000187,0.08272572914957194,0.07033538818359375,unanimous_success,0.796875,6.72231388092041,-0.3885346055030823,87.38766479492188,0.030685425,0.1080933030790754,0.3737514549187542,2.0,0.49904544359478137,0.016029330992018465,0.0,6.666666507720947,0.8393246606315333,7.9428936386841595
78056,20241122-01-QUASR/20241122-01-030_QUASR_vacuum_equilibria_with_maxF_below_threshold_and_enough_iota_flux_tubes/QUASR_vacuum_000070.h5,3,unstable,4.991604328155518,4.8717365,0.21007381610120654,0.11986780166625977,high_spread_low_error,0.90625,1.9162722826004028,0.4113117754459381,147.17233276367188,0.0,0.26384031345919806,2.374560513517011,2.0,0.9122361821017431,0.004491232149707309,0.0,9.999995231628418,0.25893015342246095,38.62043527743481
78134,20241122-01-QUASR/20241122-01-030_QUASR_vacuum_equilibria_with_maxF_below_threshold_and_enough_iota_flux_tubes/QUASR_vacuum_000074.h5,3,unstable,-0.7351624965667725,-1.1688809,0.3465341576227922,0.4337184429168701,high_spread_low_error,0.8125,1.4687567949295044,0.6858811974525452,0.4794275462627411,0.022909999,0.1712671448901663,0.49613448505222557,2.0,0.5009402015643557,0.002634633664207742,0.0,10.0,0.5055200355833956,19.781609621979662
78199,20241122-01-QUASR/20241122-01-030_QUASR_vacuum_equilibria_with_maxF_below_threshold_and_enough_iota_flux_tubes/QUASR_vacuum_000077.h5,3,unstable,0.5909500122070312,0.5345806,0.11171378617956795,0.05636942386627197,unanimous_success,0.46875,1.171978235244751,0.0986911803483963,1.805703043937683,0.026608974,0.16666046769650372,0.8680177764065456,2.0,0.599987835614415,-0.0006075840625342646,0.0,5.000000476837158,0.18809232683305455,26.582692452281787
78218,20241122-01-QUASR/20241122-01-030_QUASR_vacuum_equilibria_with_maxF_below_threshold_and_enough_iota_flux_tubes/QUASR_vacuum_000078.h5,3,stable_or_near_floor,-2.0,-2.0026987,0.018928525251170523,0.002698659896850586,unanimous_success,0.375,1.2279834747314453,1.9140340089797974,1.760684540386137e-07,0.0009152889,0.14244253082545966,0.7806726475291705,2.0,0.700235724524415,0.0002802090093759622,0.0,10.0,0.3403647034387728,29.38024977022587
78330,20241122-01-QUASR/20241122-01-030_QUASR_vacuum_equilibria_with_maxF_below_threshold_and_enough_iota_flux_tubes/QUASR_vacuum_000084.h5,3,unstable,2.8759796619415283,2.7877512,0.08738365457284368,0.08822846412658691,unanimous_success,0.34375,2.944080114364624,0.1400374323129654,17.742795944213867,0.050302744,0.1484891199353012,0.5128591769994785,2.0,0.6000621244888682,-0.002487159517235723,0.0,3.33333683013916,0.4877284952411971,6.834410666308763
78351,20241122-01-QUASR/20241122-01-030_QUASR_vacuum_equilibria_with_maxF_below_threshold_and_enough_iota_flux_tubes/QUASR_vacuum_000085.h5,3,unstable,6.8810014724731445,6.886124,0.1967553890851223,0.005122661590576172,high_spread_low_error,0.90625,7.410282135009766,0.6665691137313843,973.6007080078125,0.07126999,0.20518658206206764,1.2452301449767582,2.0,0.7986977572453984,-0.0018430155657931135,0.0,4.999998569488525,0.8457915962404617,5.9116200630432925
78468,20241122-01-QUASR/20241122-01-030_QUASR_vacuum_equilibria_with_maxF_below_threshold_and_enough_iota_flux_tubes/QUASR_vacuum_000090.h5,3,unstable,1.2976139783859253,1.1264783,0.18190764634385315,0.17113566398620605,high_spread_low_error,0.484375,1.31226646900177,0.25823503732681274,3.6605522632598877,0.042835474,0.1337953083713008,0.6002835314056799,3.0,0.9574728973792075,0.005332273521369565,0.0,6.666673183441162,0.19108155781581293,34.889150264659726
78578,20241122-01-QUASR/20241122-01-030_QUASR_vacuum_equilibria_with_maxF_below_threshold_and_enough_iota_flux_tubes/QUASR_vacuum_000096.h5,3,unstable,1.728305459022522,1.6523108,0.08852457985097528,0.07599461078643799,unanimous_success,0.484375,2.5812814235687256,1.481260061264038,5.631103992462158,0.022725105,0.11876846108760278,0.8795471640159199,2.0,0.3049623848244609,-0.011043134557344918,0.0,2.857146978378296,0.4453261069844906,6.415853311914188
78618,20241122-01-QUASR/20241122-01-030_QUASR_vacuum_equilibria_with_maxF_below_threshold_and_enough_iota_flux_tubes/QUASR_vacuum_000098.h5,3,unstable,2.671698808670044,2.6961246,0.08644237755644366,0.024425745010375977,unanimous_success,0.578125,3.1138076782226562,0.4806957542896271,14.464521408081055,0.03316927,0.24570338190644203,0.75325930180562,2.0,0.7003362109436603,-0.005956167471311957,0.0,5.000000476837158,0.6742953828153206,7.415148619231437
78662,20241122-01-QUASR/20241122-01-030_QUASR_vacuum_equilibria_with_maxF_below_threshold_and_enough_iota_flux_tubes/QUASR_vacuum_000100.h5,3,unstable,1.8403675556182861,1.8477829,0.07901097744303862,0.007415294647216797,unanimous_success,1.0,4.405484676361084,1.8402742147445679,6.298852920532227,0.0051608086,0.23732612909057163,0.45465805449275765,3.0,0.6065276655073494,0.10591398685854395,0.0,9.999999046325684,0.6994797285913618,14.296338603641956
78696,20241122-01-QUASR/20241122-01-030_QUASR_vacuum_equilibria_with_maxF_below_threshold_and_enough_iota_flux_tubes/QUASR_vacuum_000102.h5,3,unstable,-0.8954882621765137,-0.8059516,0.16483620437468863,0.08953666687011719,high_spread_low_error,0.9375,0.7710467576980591,0.2860976755619049,0.40840813517570496,0.08969045,0.06277503525768663,0.43247348935849234,3.0,0.736503560679935,0.0140813597201192,0.0,6.666660308837891,0.2883221436769975,23.122262563039346
78745,20241122-01-QUASR/20241122-01-030_QUASR_vacuum_equilibria_with_maxF_below_threshold_and_enough_iota_flux_tubes/QUASR_vacuum_000104.h5,3,unstable,0.7475771307945251,0.66711485,0.0823047174773554,0.08046227693557739,unanimous_success,1.0,1.5459805727005005,0.001672708080150187,2.111876964569092,0.009001613,0.37584092044982403,0.42174725706728305,4.0,0.3320043595125276,-0.17597301938467108,0.0,9.999581336975098,0.3213413611200122,31.118251637829243
79003,20241122-01-QUASR/20241122-01-030_QUASR_vacuum_equilibria_with_maxF_below_threshold_and_enough_iota_flux_tubes/QUASR_vacuum_000117.h5,3,unstable,-0.7335051894187927,-0.81510127,0.11869571416142728,0.08159607648849487,unanimous_success,1.0,2.169050931930542,1.428837537765503,0.48022276163101196,0.031341314,0.47533626299309684,0.6515904734520536,3.0,0.4162725368237643,0.11653805614958489,0.0,10.0,0.6041123143627479,16.5532133052917
79041,20241122-01-QUASR/20241122-01-030_QUASR_vacuum_equilibria_with_maxF_below_threshold_and_enough_iota_flux_tubes/QUASR_vacuum_000119.h5,3,unstable,-0.008008754812180996,-0.060434714,0.10552754813865811,0.05242595914751291,unanimous_success,0.75,1.6529462337493896,1.0316580533981323,0.992023229598999,0.016573407,0.09696280044039889,0.31804812088735135,3.0,0.6406316554316388,0.04386742493625491,0.0,6.666674613952637,0.3377411349740417,19.739006960064334
79054,20241122-01-QUASR/20241122-01-030_QUASR_vacuum_equilibria_with_maxF_below_threshold_and_enough_iota_flux_tubes/QUASR_vacuum_000120.h5,3,unstable,0.06872989237308502,0.10747556,0.08364324021817245,0.038745664060115814,unanimous_success,1.0,0.9725306630134583,0.3714715540409088,1.071146845817566,0.015625551,0.228872040743751,0.6116191014119483,3.0,0.2993321044941672,-0.005487233632769035,0.0,6.666637420654297,0.16167788417388274,41.234071405118115
79114,20241122-01-QUASR/20241122-01-030_QUASR_vacuum_equilibria_with_maxF_below_threshold_and_enough_iota_flux_tubes/QUASR_vacuum_000123.h5,3,unstable,-1.3420350551605225,-1.2399548,0.1918626824624674,0.10208022594451904,high_spread_low_error,0.609375,1.572950005531311,1.3054091930389404,0.2613133490085602,0.036246896,0.08660971528843599,0.3740382669617142,3.0,1.7058728802018113,-0.015535400973647692,0.0,10.000003814697266,0.37506142212403226,26.662309757334302
79163,20241122-01-QUASR/20241122-01-030_QUASR_vacuum_equilibria_with_maxF_below_threshold_and_enough_iota_flux_tubes/QUASR_vacuum_000125.h5,3,stable_or_near_floor,-1.9315489530563354,-1.8016499,0.10843627917089207,0.1298990249633789,unanimous_success,0.984375,0.9741334319114685,0.7253732681274414,0.14492355287075043,0.0076600313,0.20286820722937252,0.8487575029200513,3.0,1.1003462593088333,0.0023062543008828566,0.0,9.999998092651367,0.4818736416748173,20.75232431866374
79200,20241122-01-QUASR/20241122-01-030_QUASR_vacuum_equilibria_with_maxF_below_threshold_and_enough_iota_flux_tubes/QUASR_vacuum_000127.h5,3,unstable,1.438730239868164,1.2491963,0.08206205299860049,0.18953394889831543,unanimous_success,0.28125,2.43658709526062,0.470499187707901,4.2153401374816895,0.00081408024,0.11221021590458514,0.4274945527125886,3.0,1.2074647346264182,0.0038087487927158797,0.0,10.000001907348633,0.3419802550056086,29.241459882485408
79230,20241122-01-QUASR/20241122-01-030_QUASR_vacuum_equilibria_with_maxF_below_threshold_and_enough_iota_flux_tubes/QUASR_vacuum_000129.h5,3,unstable,-1.237105369567871,-1.5387244,0.15449942596859975,0.3016190528869629,high_spread_low_error,0.75,3.0749170780181885,2.4999725818634033,0.290223091840744,0.012606978,0.18815275714917273,0.6466804580077896,3.0,1.4092686091102458,0.005612747082168725,0.0,9.999999046325684,0.48726354744240763,20.522772735236547
79312,20241122-01-QUASR/20241122-01-030_QUASR_vacuum_equilibria_with_maxF_below_threshold_and_enough_iota_flux_tubes/QUASR_vacuum_000133.h5,3,unstable,-0.2501884400844574,0.0070940233,0.34968584530761176,0.2572824633680284,high_spread_low_error,0.765625,0.7297958731651306,0.11879698932170868,0.7786540389060974,0.090222664,0.10783464894896584,0.7469934962998436,3.0,2.0008081367185078,0.0015930088965191332,0.0,10.000116348266602,0.12145641357891801,82.33502088194697
79336,20241122-01-QUASR/20241122-01-030_QUASR_vacuum_equilibria_with_maxF_below_threshold_and_enough_iota_flux_tubes/QUASR_vacuum_000134.h5,3,unstable,4.543830871582031,4.792276,0.2656234002880834,0.2484450340270996,high_spread_low_error,0.9375,2.0251972675323486,0.20450226962566376,94.05039978027344,0.020495415,0.21482268553995781,1.5312323102066092,3.0,1.3827363124812286,0.018904222370686632,0.0,10.000173568725586,0.3193190666744572,31.317182756645938
79428,20241122-01-QUASR/20241122-01-030_QUASR_vacuum_equilibria_with_maxF_below_threshold_and_enough_iota_flux_tubes/QUASR_vacuum_000138.h5,3,unstable,1.2934311628341675,0.93184114,0.11331578327352315,0.36159002780914307,unanimous_success,0.609375,1.6795881986618042,-0.1039990708231926,3.6452724933624268,0.012430489,0.10547093330775142,0.49191980897338,3.0,1.7745494930697832,-0.016878050982351744,0.0,9.999943733215332,0.3433685863594518,29.12305939002526
79449,20241122-01-QUASR/20241122-01-030_QUASR_vacuum_equilibria_with_maxF_below_threshold_and_enough_iota_flux_tubes/QUASR_vacuum_000140.h5,3,unstable,-1.3330756425857544,-1.4860555,0.15522870943160966,0.15297985076904297,high_spread_low_error,0.859375,1.1232188940048218,0.6197317838668823,0.2636650800704956,0.038856387,0.11076885770090097,0.30923225580827374,4.0,1.3016274529068443,-0.003215168069837852,0.0,9.999999046325684,0.3163698259972384,31.608573968153884
79505,20241122-01-QUASR/20241122-01-030_QUASR_vacuum_equilibria_with_maxF_below_threshold_and_enough_iota_flux_tubes/QUASR_vacuum_000142.h5,3,unstable,1.305870532989502,1.3657767,0.06403026729372291,0.05990612506866455,unanimous_success,0.828125,2.56008243560791,0.4767267107963562,3.6909005641937256,0.0025407076,0.10708859293939964,0.3402671233401964,4.0,1.0997226603043624,-0.0010239937481384932,0.0,9.999999046325684,0.5725186624990278,17.466677859331202
79584,20241122-01-QUASR/20241122-01-030_QUASR_vacuum_equilibria_with_maxF_below_threshold_and_enough_iota_flux_tubes/QUASR_vacuum_000146.h5,3,unstable,2.410555124282837,2.0917463,0.135413944120191,0.31880879402160645,unanimous_success,0.8125,2.6064274311065674,0.18390068411827087,11.140142440795898,0.0041897297,0.08649697062969643,0.35599821213013827,4.0,1.632820850892579,0.06935455836397925,0.0,10.000724792480469,0.4657657920428989,21.471574261854254
79602,20241122-01-QUASR/20241122-01-030_QUASR_vacuum_equilibria_with_maxF_below_threshold_and_enough_iota_flux_tubes/QUASR_vacuum_000147.h5,3,stable_or_near_floor,-2.0,-2.0024216,0.010802752909547707,0.0024216175079345703,unanimous_success,0.46875,0.9023566842079163,1.9606893062591553,1.31431221461753e-07,0.00035715103,0.06900997015786822,0.3252899016157534,4.0,1.6684776681918732,-0.009837681252721293,0.0,9.999999046325684,0.3723806654466013,26.854238080090827
79640,20241122-01-QUASR/20241122-01-030_QUASR_vacuum_equilibria_with_maxF_below_threshold_and_enough_iota_flux_tubes/QUASR_vacuum_000149.h5,3,unstable,-1.6522444486618042,-1.5694094,0.2427713798115764,0.08283507823944092,high_spread_low_error,0.375,0.6468313932418823,0.25247645378112793,0.19161933660507202,0.006669402,0.0643601905394762,0.32142085256839015,4.0,1.7370983603998476,-0.0015920719418559591,0.0,9.999998092651367,0.12713858664043887,78.65431225008345
79680,20241122-01-QUASR/20241122-01-030_QUASR_vacuum_equilibria_with_maxF_below_threshold_and_enough_iota_flux_tubes/QUASR_vacuum_000151.h5,3,unstable,1.6353886127471924,1.7170885,0.054565111584583964,0.08169984817504883,unanimous_success,0.546875,3.0747992992401123,0.10143804550170898,5.131451606750488,0.0020173788,0.0916790903329771,0.5772447679837851,4.0,1.8418262773364522,-0.01986652537229692,0.0,10.00000286102295,0.45098612715452346,22.173637411238154
79784,20241122-01-QUASR/20241122-01-030_QUASR_vacuum_equilibria_with_maxF_below_threshold_and_enough_iota_flux_tubes/QUASR_vacuum_000156.h5,3,unstable,2.719613552093506,2.8042507,0.0769058521920559,0.08463716506958008,unanimous_success,0.890625,4.785582542419434,0.712584376335144,15.174458503723145,0.009919405,0.1095850808590203,0.3792604815357697,4.0,1.6246155058857583,0.052731080671344334,0.0,10.00007152557373,0.675770335431241,14.798032706174077
79836,20241122-01-QUASR/20241122-01-030_QUASR_vacuum_equilibria_with_maxF_below_threshold_and_enough_iota_flux_tubes/QUASR_vacuum_000159.h5,3,unstable,0.14593085646629333,0.05555786,0.17059585104165917,0.09037299826741219,high_spread_low_error,0.28125,0.9834142923355103,0.46541452407836914,1.157116174697876,0.011216473,0.06601961711377598,0.44778976964910444,4.0,1.949877283680657,-0.0016595996128359765,0.0,10.000003814697266,0.13495038438755114,74.10133628059339
79861,20241122-01-QUASR/20241122-01-030_QUASR_vacuum_equilibria_with_maxF_below_threshold_and_enough_iota_flux_tubes/QUASR_vacuum_000160.h5,3,unstable,-0.5625040531158447,-0.34606612,0.1198051603152925,0.2164379358291626,unanimous_success,0.3125,1.01710844039917,0.5071061849594116,0.5697805285453796,0.0059482157,0.08799143063106336,0.3954524755048015,5.0,1.9219142671832758,-0.004928013385750476,0.0,10.000001907348633,0.18984645926596666,52.67415545179625
79872,20241122-01-QUASR/20241122-01-030_QUASR_vacuum_equilibria_with_maxF_below_threshold_and_enough_iota_flux_tubes/QUASR_vacuum_000161.h5,3,unstable,-1.1927335262298584,-1.5844754,0.12224162416785495,0.39174187183380127,unanimous_success,0.609375,4.055217266082764,3.6764655113220215,0.3033908009529114,0.060460925,0.14753589502321404,0.45381910467437125,3.0,1.0994696115924059,0.005506969041284012,0.0,6.666665077209473,0.7882607065074363,8.457436761940867
79889,20241122-01-QUASR/20241122-01-030_QUASR_vacuum_equilibria_with_maxF_below_threshold_and_enough_iota_flux_tubes/QUASR_vacuum_000162.h5,3,unstable,2.5559659004211426,2.6766894,0.130912160887729,0.12072348594665527,unanimous_success,0.453125,1.5406455993652344,0.03223906829953194,12.883739471435547,0.0022740364,0.10697351606169105,1.0190907797288,3.0,1.4326327096993552,0.003603141203736032,0.0,6.666667461395264,0.19164560698473132,34.78643505732123
79910,20241122-01-QUASR/20241122-01-030_QUASR_vacuum_equilibria_with_maxF_below_threshold_and_enough_iota_flux_tubes/QUASR_vacuum_000163.h5,3,stable_or_near_floor,-2.0,-2.0010493,0.01620077194629814,0.0010492801666259766,unanimous_success,0.625,0.2983090877532959,0.3447479009628296,3.338937792918273e-09,0.003942013,0.21470336996596062,0.8157830546570366,3.0,1.4834143432975204,-0.0001732540260967951,0.0,6.666670322418213,0.10030294474873869,66.46534993681774
79976,20241122-01-QUASR/20241122-01-030_QUASR_vacuum_equilibria_with_maxF_below_threshold_and_enough_iota_flux_tubes/QUASR_vacuum_000166.h5,3,unstable,0.052725695073604584,-0.17772819,0.21468068713094532,0.23045388609170914,high_spread_low_error,0.28125,1.5563311576843262,-0.2175661027431488,1.0541404485702515,0.08278895,0.1261597531874544,0.47498386747513766,4.0,1.306957893006201,-0.0004662228457295505,0.0,6.666659832000732,0.588251978813976,11.333000265365776
79995,20241122-01-QUASR/20241122-01-030_QUASR_vacuum_equilibria_with_maxF_below_threshold_and_enough_iota_flux_tubes/QUASR_vacuum_000167.h5,3,stable_or_near_floor,-2.0,-1.9984432,0.019791256236693495,0.0015567541122436523,unanimous_success,0.21875,1.1817988157272339,4.065084457397461,1.2192107590180967e-07,0.0015369654,0.13559412137471558,0.4381387275950351,4.0,1.5022854748872279,-0.04236658549764436,0.0,6.666660785675049,0.7575749997978356,8.800001039440446
80013,20241122-01-QUASR/20241122-01-030_QUASR_vacuum_equilibria_with_maxF_below_threshold_and_enough_iota_flux_tubes/QUASR_vacuum_000168.h5,3,unstable,0.3215096592903137,0.49844578,0.13604694166123674,0.17693611979484558,unanimous_success,0.375,1.3873385190963745,0.29623857140541077,1.3792083263397217,0.052158833,0.13938019749000283,0.569990996482443,4.0,1.6814875605417803,-0.03512187765510959,0.0,6.666673183441162,0.5775635960961986,11.54275170475039
80033,20241122-01-QUASR/20241122-01-030_QUASR_vacuum_equilibria_with_maxF_below_threshold_and_enough_iota_flux_tubes/QUASR_vacuum_000169.h5,3,unstable,-0.33272165060043335,0.16592495,0.16195141922478534,0.4986466020345688,high_spread_low_error,0.578125,1.4553683996200562,0.09562870860099792,0.7169697284698486,0.094664186,0.1545507472341195,0.48274866804628924,4.0,1.6598615005117787,-0.0383911964852436,0.0,6.666670799255371,0.5287082964470147,12.609355374326874
80256,20241122-01-QUASR/20241122-01-030_QUASR_vacuum_equilibria_with_maxF_below_threshold_and_enough_iota_flux_tubes/QUASR_vacuum_000180.h5,3,unstable,0.9842357635498047,1.0980037,0.07624840118621641,0.11376798152923584,unanimous_success,0.546875,3.205085515975952,-0.03368443250656128,2.6757662296295166,0.0074312687,0.1892161198958638,0.7045945393004844,3.0,1.4035550499103422,-0.0013070826143517864,0.0,8.00000286102295,0.4675366686895611,17.11096347468493
80288,20241122-01-QUASR/20241122-01-030_QUASR_vacuum_equilibria_with_maxF_below_threshold_and_enough_iota_flux_tubes/QUASR_vacuum_000181.h5,3,unstable,-1.5198872089385986,-1.6154462,0.19755157929681386,0.0955590009689331,high_spread_low_error,0.6875,1.0897268056869507,0.4782296419143677,0.21873655915260315,0.026970506,0.1631050363157975,0.6960552275934795,3.0,1.6371091740535506,-0.001924732296117355,0.0,7.9999895095825195,0.1987258285864093,40.256415416599914
80359,20241122-01-QUASR/20241122-01-030_QUASR_vacuum_equilibria_with_maxF_below_threshold_and_enough_iota_flux_tubes/QUASR_vacuum_000185.h5,3,unstable,-0.7727206349372864,-0.52256364,0.10725912034231161,0.2501569986343384,unanimous_success,0.59375,1.3485662937164307,-0.05627911165356636,0.46175509691238403,0.0067387223,0.19690489655012564,0.7539087622479091,3.0,1.5630146513615606,-0.0019349761005166886,0.0,7.999992847442627,0.17436504947855735,45.88071331592419
80422,20241122-01-QUASR/20241122-01-030_QUASR_vacuum_equilibria_with_maxF_below_threshold_and_enough_iota_flux_tubes/QUASR_vacuum_000188.h5,3,unstable,0.10197170078754425,0.39204717,0.09910064156931851,0.29007546603679657,unanimous_success,0.578125,1.3496825695037842,0.15364889800548553,1.1073521375656128,0.009198397,0.18652817641632485,0.593532466280661,3.0,1.105217776751321,0.0011770684400378895,0.0,7.999997615814209,0.2516877342091174,31.785409173604492
80446,20241122-01-QUASR/20241122-01-030_QUASR_vacuum_equilibria_with_maxF_below_threshold_and_enough_iota_flux_tubes/QUASR_vacuum_000189.h5,3,unstable,2.1211090087890625,2.1049173,0.07724519294404446,0.016191720962524414,unanimous_success,0.640625,2.9210195541381836,-0.07221467792987823,8.34038257598877,0.0110759735,0.136189321363623,0.42458788693092825,3.0,1.4054862814463451,0.015995038575898134,0.0,8.000001907348633,0.8152099945822541,9.813424713282805
80456,20241122-01-QUASR/20241122-01-030_QUASR_vacuum_equilibria_with_maxF_below_threshold_and_enough_iota_flux_tubes/QUASR_vacuum_000190.h5,3,unstable,2.074955940246582,2.1726415,0.07127129221026773,0.09768557548522949,unanimous_success,0.578125,4.192839622497559,0.4516114890575409,7.9641947746276855,0.005250454,0.12994780512324555,0.6998852187552681,3.0,1.4988315904898932,-0.022929181928320996,0.0,7.999992847442627,0.7318825368726499,10.930706014146438
80478,20241122-01-QUASR/20241122-01-030_QUASR_vacuum_equilibria_with_maxF_below_threshold_and_enough_iota_flux_tubes/QUASR_vacuum_000191.h5,3,unstable,1.8766199350357056,1.9260402,0.14726736184578282,0.04942023754119873,unanimous_success,0.90625,3.196415662765503,-0.4077022075653076,6.53139066696167,0.0018658638,0.15790761002401876,0.490156453151945,3.0,1.8738595607711614,-0.19057426497226101,0.0,8.03675365447998,0.8834223521247064,9.097294895415425
80512,20241122-01-QUASR/20241122-01-030_QUASR_vacuum_equilibria_with_maxF_below_threshold_and_enough_iota_flux_tubes/QUASR_vacuum_000193.h5,3,unstable,0.5221150517463684,0.5154987,0.13948917557443807,0.006616353988647461,unanimous_success,0.90625,3.32047963142395,2.2645976543426514,1.6855889558792114,0.09926367,0.123404818220428,0.6307864514316714,3.0,2.203370103448343,0.22144958265153256,0.0,7.999958515167236,0.8289838433584282,9.650318976974669
80532,20241122-01-QUASR/20241122-01-030_QUASR_vacuum_equilibria_with_maxF_below_threshold_and_enough_iota_flux_tubes/QUASR_vacuum_000194.h5,3,stable_or_near_floor,-2.0,-1.9911989,0.023635320469690146,0.008801102638244629,unanimous_success,0.359375,0.4120100438594818,0.14745645225048065,5.645898681905237e-07,0.000108242035,0.11612499744268964,0.5682515161333042,3.0,1.5692593045777357,-0.0042112243022084245,0.0,7.999989032745361,0.20814030453736854,38.435559371967194
80563,20241122-01-QUASR/20241122-01-030_QUASR_vacuum_equilibria_with_maxF_below_threshold_and_enough_iota_flux_tubes/QUASR_vacuum_000195.h5,3,unstable,2.074061632156372,2.0596497,0.0620827230229103,0.01441192626953125,unanimous_success,0.65625,2.182162046432495,0.3052597641944885,7.957076549530029,0.029378414,0.0930459888931404,0.4645406931595277,3.0,1.6808457228840703,-0.0472387830859694,0.0,7.9999847412109375,0.6882055399691515,11.624412005706223
80633,20241122-01-QUASR/20241122-01-030_QUASR_vacuum_equilibria_with_maxF_below_threshold_and_enough_iota_flux_tubes/QUASR_vacuum_000199.h5,3,unstable,2.8908231258392334,2.96081,0.08921236517959373,0.06998682022094727,unanimous_success,0.8125,5.703780174255371,0.5432095527648926,18.008127212524414,0.021561861,0.18497060385953426,0.9168824021995224,4.0,2.22566379668491,-0.2797961326240236,0.0,7.999997615814209,0.8295635880805967,9.643621936594649
80729,20241122-01-QUASR/20241122-01-030_QUASR_vacuum_equilibria_with_maxF_below_threshold_and_enough_iota_flux_tubes/QUASR_vacuum_000204.h5,3,unstable,1.8477872610092163,1.7053099,0.07029341192026202,0.1424773931503296,unanimous_success,0.578125,1.339085340499878,0.37005892395973206,6.345762252807617,0.007214904,0.12520899393618132,0.5925179675402884,4.0,2.0236166266307305,-0.0021057272764178686,0.0,8.000005722045898,0.15431042388321925,51.84358594011919
80779,20241122-01-QUASR/20241122-01-030_QUASR_vacuum_equilibria_with_maxF_below_threshold_and_enough_iota_flux_tubes/QUASR_vacuum_000206.h5,3,unstable,3.525329828262329,3.6913557,0.17614602472426122,0.16602587699890137,high_spread_low_error,0.984375,7.1821370124816895,0.9111642837524414,33.96497344970703,0.015731812,0.26382850815414455,0.9389383015274266,4.0,2.474623107700755,-0.4268147009163844,0.0,8.000042915344238,0.9818098885307883,8.148260685493561
80815,20241122-01-QUASR/20241122-01-030_QUASR_vacuum_equilibria_with_maxF_below_threshold_and_enough_iota_flux_tubes/QUASR_vacuum_000208.h5,3,unstable,0.6308068633079529,0.6189492,0.3745083558236999,0.011857688426971436,high_spread_low_error,0.859375,1.319930911064148,0.032498933374881744,1.8791261911392212,0.037495136,0.12448224303051149,0.5983173111203517,4.0,2.304434744283528,-0.06481978768419647,0.0,7.999921798706055,0.2269637452556118,35.24757572931465
80856,20241122-01-QUASR/20241122-01-030_QUASR_vacuum_equilibria_with_maxF_below_threshold_and_enough_iota_flux_tubes/QUASR_vacuum_000210.h5,3,stable_or_near_floor,-2.0,-1.5482427,0.28782675243973244,0.4517573118209839,high_spread_low_error,0.484375,0.686223030090332,0.14651526510715485,0.10045546293258667,0.09665954,0.11850552498378684,0.44237599593044186,5.0,2.2035069009443413,-0.0004997330233252666,0.0,7.999853610992432,0.10960539248014278,72.98777395867421
80955,20241122-01-QUASR/20241122-01-030_QUASR_vacuum_equilibria_with_maxF_below_threshold_and_enough_iota_flux_tubes/QUASR_vacuum_000215.h5,3,unstable,0.8469575047492981,0.77263075,0.20693328821911905,0.07432675361633301,high_spread_low_error,0.546875,0.7292270064353943,0.05332278832793236,2.3325393199920654,0.046604455,0.1205005776259244,1.1051710582055767,3.0,1.4252918646473067,0.0002839461956457969,0.0,5.999990463256836,0.07820584486160664,76.72048647865695
80981,20241122-01-QUASR/20241122-01-030_QUASR_vacuum_equilibria_with_maxF_below_threshold_and_enough_iota_flux_tubes/QUASR_vacuum_000216.h5,3,unstable,0.7720569968223572,0.26011103,0.27684250961038653,0.5119459629058838,high_spread_high_error,0.765625,0.9320926666259766,0.08648664504289627,2.1642134189605713,0.050885558,0.09471297801185657,0.6537380736884789,3.0,1.6591492084580977,-0.018194606856884985,0.0,6.000010967254639,0.3888618532960897,15.429672302379508
81005,20241122-01-QUASR/20241122-01-030_QUASR_vacuum_equilibria_with_maxF_below_threshold_and_enough_iota_flux_tubes/QUASR_vacuum_000217.h5,3,unstable,-0.30014774203300476,-0.4817599,0.14011856391295385,0.18161216378211975,unanimous_success,0.53125,3.9434261322021484,3.3946542739868164,0.7407087683677673,0.0062370896,0.12070995036187702,0.4318432534834197,3.0,1.4119773603590113,-0.030384005911231422,0.0,5.999992847442627,0.990952287410742,6.054774708800562
81092,20241122-01-QUASR/20241122-01-030_QUASR_vacuum_equilibria_with_maxF_below_threshold_and_enough_iota_flux_tubes/QUASR_vacuum_000222.h5,3,unstable,1.5093975067138672,1.572923,0.17851604855474051,0.06352543830871582,high_spread_low_error,0.859375,1.5745636224746704,-0.060665301978588104,4.5240044593811035,0.022128105,0.08333054985077662,0.6713677010805982,3.0,1.8688547285176855,0.008264154765670384,0.0,5.999937057495117,0.242854186262337,24.70592395312403
81147,20241122-01-QUASR/20241122-01-030_QUASR_vacuum_equilibria_with_maxF_below_threshold_and_enough_iota_flux_tubes/QUASR_vacuum_000224.h5,3,stable_or_near_floor,-2.0,-2.0027933,0.010754681572819494,0.0027933120727539062,unanimous_success,0.3125,1.3891891241073608,1.9277158975601196,9.596701744385427e-08,0.0014796257,0.14490441998840312,0.4601405307616141,4.0,1.5679802289218832,-0.04996449060720149,0.0,6.0,0.5731175832450424,10.469055871619695
81193,20241122-01-QUASR/20241122-01-030_QUASR_vacuum_equilibria_with_maxF_below_threshold_and_enough_iota_flux_tubes/QUASR_vacuum_000227.h5,3,unstable,3.3976869583129883,3.4234862,0.09780413888084437,0.025799274444580078,unanimous_success,0.890625,5.536034107208252,2.0493545532226562,29.894874572753906,0.007926226,0.17888313429032826,1.0626894234011977,4.0,2.0600267110514983,-0.2215505932000026,0.0,6.000028610229492,0.8529144146369311,7.034737023155584
81242,20241122-01-QUASR/20241122-01-030_QUASR_vacuum_equilibria_with_maxF_below_threshold_and_enough_iota_flux_tubes/QUASR_vacuum_000229.h5,3,unstable,0.8596281409263611,0.26992294,0.2596504613137047,0.5897051990032196,high_spread_high_error,0.578125,1.0487321615219116,-0.08027400076389313,2.3622820377349854,0.028611094,0.10649633624941099,0.7721218101251642,4.0,1.9772173198012757,-0.022805633009506027,0.0,6.001748085021973,0.32958714506825026,18.209897366534555
81328,20241122-01-QUASR/20241122-01-030_QUASR_vacuum_equilibria_with_maxF_below_threshold_and_enough_iota_flux_tubes/QUASR_vacuum_000233.h5,3,stable_or_near_floor,-2.0,-1.2929267,0.5314079587228583,0.7070733308792114,high_spread_high_error,0.90625,1.159535527229309,0.6400554776191711,2.0365811792544264e-07,0.16708672,0.16705236070240304,0.8982952482552579,4.0,2.4388057551065088,-0.09153900922585576,0.0,5.997870922088623,0.4636641901626055,12.935807960466365
81335,20241122-01-QUASR/20241122-01-030_QUASR_vacuum_equilibria_with_maxF_below_threshold_and_enough_iota_flux_tubes/QUASR_vacuum_000234.h5,3,unstable,0.27748364210128784,0.35114184,0.0632418791382279,0.07365819811820984,unanimous_success,0.59375,2.0097873210906982,0.6553125977516174,1.3198045492172241,0.0056584775,0.14657480546743373,0.7545521473798573,3.0,1.4938653009354925,-0.003376053931866213,0.0,7.999992370605469,0.4851981290780557,16.488094020079124
81367,20241122-01-QUASR/20241122-01-030_QUASR_vacuum_equilibria_with_maxF_below_threshold_and_enough_iota_flux_tubes/QUASR_vacuum_000235.h5,3,unstable,4.06920862197876,3.857203,0.1054211419392219,0.212005615234375,unanimous_success,0.9375,5.331317901611328,0.6376707553863525,58.510643005371094,0.0556736,0.0762152550284382,0.5392451277332913,3.0,2.010130249822521,0.1787388416390541,0.0,7.999977111816406,0.8443123681828484,9.47513907564113
81385,20241122-01-QUASR/20241122-01-030_QUASR_vacuum_equilibria_with_maxF_below_threshold_and_enough_iota_flux_tubes/QUASR_vacuum_000236.h5,3,unstable,2.2402803897857666,2.3402178,0.08572455237640281,0.09993743896484375,unanimous_success,0.96875,3.1074984073638916,0.2617700397968292,9.395965576171875,0.010477781,0.270239631159563,0.6696254949471784,3.0,1.0999729723414535,0.0054594320000206364,0.0,7.999999046325684,0.7987646710349934,10.015464299340811
81402,20241122-01-QUASR/20241122-01-030_QUASR_vacuum_equilibria_with_maxF_below_threshold_and_enough_iota_flux_tubes/QUASR_vacuum_000237.h5,3,unstable,4.13577127456665,4.0639596,0.14373509548903668,0.07181167602539062,unanimous_success,0.6875,4.235074996948242,-0.3147319257259369,62.53779220581055,0.0,0.17986837353306198,0.6514238648088958,3.0,1.2002477142676433,0.02638076936445515,0.0,8.000009536743164,0.7995138444030907,10.006092568310551
81414,20241122-01-QUASR/20241122-01-030_QUASR_vacuum_equilibria_with_maxF_below_threshold_and_enough_iota_flux_tubes/QUASR_vacuum_000238.h5,3,unstable,0.6870315074920654,0.7224606,0.10444852527961289,0.03542912006378174,unanimous_success,0.6875,1.6339542865753174,-0.04042373597621918,1.987805962562561,0.052010357,0.0875201232279385,0.3192760615579842,3.0,1.746649216555239,-0.016655790968952786,0.0,7.99997091293335,0.3376314520823921,23.694388847935645
81434,20241122-01-QUASR/20241122-01-030_QUASR_vacuum_equilibria_with_maxF_below_threshold_and_enough_iota_flux_tubes/QUASR_vacuum_000239.h5,3,unstable,1.6948821544647217,1.7409979,0.08565409203497495,0.046115756034851074,unanimous_success,0.625,2.6194040775299072,1.4406505823135376,5.4460039138793945,0.015414834,0.08263147922324712,0.7098840759302466,3.0,2.12166158960383,0.04020150359219334,0.0,8.000190734863281,0.6660031909173084,12.012240848042111
81482,20241122-01-QUASR/20241122-01-030_QUASR_vacuum_equilibria_with_maxF_below_threshold_and_enough_iota_flux_tubes/QUASR_vacuum_000241.h5,3,unstable,0.7762794494628906,0.26027295,0.6336578957261584,0.5160064995288849,high_spread_high_error,0.9375,0.8492860794067383,0.011441950686275959,2.1733710765838623,0.26447827,0.18239258901699024,0.9662377680773958,3.0,2.4922200743656346,0.00705671559770535,0.0,8.007667541503906,0.17512179314784737,45.726276539113535
81515,20241122-01-QUASR/20241122-01-030_QUASR_vacuum_equilibria_with_maxF_below_threshold_and_enough_iota_flux_tubes/QUASR_vacuum_000243.h5,3,unstable,2.986473560333252,3.009119,0.04175615827178121,0.02264547348022461,unanimous_success,0.515625,4.233109474182129,1.0314162969589233,19.8156795501709,0.003450632,0.10284267861716348,0.3871234956029423,4.0,1.5001030266779847,-0.04517638242288521,0.0,8.000000953674316,0.7370495048443912,10.854089041635415
81607,20241122-01-QUASR/20241122-01-030_QUASR_vacuum_equilibria_with_maxF_below_threshold_and_enough_iota_flux_tubes/QUASR_vacuum_000247.h5,3,stable_or_near_floor,-2.0,-2.0011613,0.010796417699827685,0.001161336898803711,unanimous_success,0.296875,1.4341440200805664,1.9124668836593628,1.3692648792584805e-07,0.001688838,0.10491973615455215,0.4185380423159214,4.0,1.5726724012220226,-0.02171171969992936,0.0,8.0,0.4715555207273273,16.965128491467556
81746,20241122-01-QUASR/20241122-01-030_QUASR_vacuum_equilibria_with_maxF_below_threshold_and_enough_iota_flux_tubes/QUASR_vacuum_000254.h5,3,unstable,-0.3074905574321747,0.14848813,0.3500627426160538,0.4559786915779114,high_spread_low_error,0.8125,0.9993687272071838,0.2404220849275589,0.7352898120880127,0.06866536,0.0870390670140292,0.5758623578742559,4.0,2.361258405527101,-0.0029699167050448757,0.0,8.000020980834961,0.20486432165029356,39.05033788407098
81809,20241122-01-QUASR/20241122-01-030_QUASR_vacuum_equilibria_with_maxF_below_threshold_and_enough_iota_flux_tubes/QUASR_vacuum_000258.h5,3,unstable,-1.434062123298645,-1.6282508,0.27716770300689725,0.19418871402740479,high_spread_low_error,0.546875,0.9917160868644714,0.18724162876605988,0.23833879828453064,0.060922503,0.08564656044976923,0.457409148327196,5.0,2.147526078823094,0.003960878284578997,0.0,7.999910831451416,0.20509436610203213,39.00599993795807
81932,20241122-01-QUASR/20241122-01-030_QUASR_vacuum_equilibria_with_maxF_below_threshold_and_enough_iota_flux_tubes/QUASR_vacuum_000264.h5,3,unstable,1.284916639328003,1.342065,0.09388413845668102,0.05714833736419678,unanimous_success,0.59375,1.5318537950515747,0.8285768032073975,3.6143667697906494,0.00707829,0.10091786996238676,0.5925565508808386,3.0,1.570608143852959,-0.024268258188969886,0.0,6.000004768371582,0.5465007078061563,10.978951504852912
82011,20241122-01-QUASR/20241122-01-030_QUASR_vacuum_equilibria_with_maxF_below_threshold_and_enough_iota_flux_tubes/QUASR_vacuum_000268.h5,3,unstable,2.4948837757110596,2.590396,0.17350452290323412,0.09551215171813965,high_spread_low_error,0.96875,5.250031471252441,-0.3520365357398987,12.120326042175293,0.06883359,0.3115112789132035,1.1743705942595517,4.0,2.5849507716948485,-0.45249660912898076,0.0,6.000057697296143,0.998599569861901,6.008472142768804
82037,20241122-01-QUASR/20241122-01-030_QUASR_vacuum_equilibria_with_maxF_below_threshold_and_enough_iota_flux_tubes/QUASR_vacuum_000269.h5,3,unstable,0.5201741456985474,0.43096462,0.08572534017024291,0.08920952677726746,unanimous_success,0.453125,1.6471492052078247,0.1390993446111679,1.6823205947875977,0.07635513,0.09930448485967829,0.36333870104195254,4.0,1.3913210360543176,-0.007109812803681539,0.0,5.999998092651367,0.21292932844920698,28.178354463192846
82107,20241122-01-QUASR/20241122-01-030_QUASR_vacuum_equilibria_with_maxF_below_threshold_and_enough_iota_flux_tubes/QUASR_vacuum_000272.h5,3,stable_or_near_floor,-2.0,-2.0019636,0.012146481928682574,0.0019636154174804688,unanimous_success,1.0,0.23737692832946777,0.2292824685573578,4.847134249530427e-08,0.0011184216,0.13392828507479668,0.532590212180709,4.0,1.6281424657635437,-0.0009465357335115529,0.0,5.999997615814209,0.08544879467722133,70.2174634350187
82247,20241122-01-QUASR/20241122-01-030_QUASR_vacuum_equilibria_with_maxF_below_threshold_and_enough_iota_flux_tubes/QUASR_vacuum_000279.h5,3,stable_or_near_floor,-2.0,-1.9989237,0.02174271825802708,0.001076340675354004,unanimous_success,0.484375,0.7852748036384583,0.8497310280799866,2.1099754121678416e-07,0.002245307,0.09241201643284025,0.5377888190389416,3.0,1.679196048984016,-0.010267312559641865,0.0,7.999980449676514,0.41927180046179946,19.080654699087983
82249,20241122-01-QUASR/20241122-01-030_QUASR_vacuum_equilibria_with_maxF_below_threshold_and_enough_iota_flux_tubes/QUASR_vacuum_000280.h5,3,unstable,3.375859498977661,3.2971854,0.0873974357042929,0.0786740779876709,unanimous_success,0.8125,5.120568752288818,-0.09439120441675186,29.24941062927246,0.02091813,0.10177009915897163,0.3795206719584659,3.0,1.80678454586236,-0.0013971445135455255,0.0,7.999988079071045,0.6248524228753958,12.80300401534388
82307,20241122-01-QUASR/20241122-01-030_QUASR_vacuum_equilibria_with_maxF_below_threshold_and_enough_iota_flux_tubes/QUASR_vacuum_000282.h5,3,unstable,0.9552178978919983,0.5553388,0.10050398844005543,0.3998790979385376,unanimous_success,0.6875,1.2555207014083862,0.1143510565161705,2.5992369651794434,0.012372553,0.1366764755877765,0.4329796865098638,3.0,1.4093285386133658,0.018410575232388857,0.0,7.999997615814209,0.7269840482557572,11.004364724382182
82335,20241122-01-QUASR/20241122-01-030_QUASR_vacuum_equilibria_with_maxF_below_threshold_and_enough_iota_flux_tubes/QUASR_vacuum_000284.h5,3,stable_or_near_floor,-2.0,-2.0006933,0.03873334122009457,0.0006933212280273438,unanimous_success,0.609375,4.04185152053833,4.236732006072998,2.0680273848938668e-07,0.0006172657,0.08821859371130725,0.5943276955260264,3.0,2.0194982393473384,0.08537523818002798,0.0,7.999932289123535,0.8272598438774307,9.670398422371424
82362,20241122-01-QUASR/20241122-01-030_QUASR_vacuum_equilibria_with_maxF_below_threshold_and_enough_iota_flux_tubes/QUASR_vacuum_000285.h5,3,unstable,2.042351722717285,2.041545,0.04104417224432783,0.0008068084716796875,unanimous_success,0.59375,2.617422103881836,0.8590165972709656,7.70871639251709,0.012065172,0.09937479847821365,0.35650950015525856,4.0,1.4815074327905526,-0.009043567421762854,0.0,8.0,0.38928303079519244,20.5506003784915
82385,20241122-01-QUASR/20241122-01-030_QUASR_vacuum_equilibria_with_maxF_below_threshold_and_enough_iota_flux_tubes/QUASR_vacuum_000286.h5,3,unstable,3.507993698120117,3.5502603,0.05041131524432525,0.0422666072845459,unanimous_success,0.546875,5.200709342956543,1.364514708518982,33.3812255859375,0.010290861,0.09325263678112268,0.4638845551930215,4.0,1.6355867774899642,-0.12174881792451644,0.0,8.0,0.9546276846580863,8.380230459024782
82403,20241122-01-QUASR/20241122-01-030_QUASR_vacuum_equilibria_with_maxF_below_threshold_and_enough_iota_flux_tubes/QUASR_vacuum_000287.h5,3,unstable,-1.832818865776062,-1.5040315,0.238163983225332,0.32878732681274414,high_spread_low_error,0.796875,0.7390440106391907,0.17959387600421906,0.1599620282649994,0.044861794,0.10180976395214876,0.4801724594823677,4.0,1.7183937026103917,-0.0018122556695644495,0.0,8.0,0.11742447643848553,68.128896484294
82462,20241122-01-QUASR/20241122-01-030_QUASR_vacuum_equilibria_with_maxF_below_threshold_and_enough_iota_flux_tubes/QUASR_vacuum_000290.h5,3,stable_or_near_floor,-2.0,-1.9973197,0.015689098191234405,0.0026803016662597656,unanimous_success,0.484375,1.0908993482589722,0.9720008969306946,0.02337750233709812,0.003919482,0.08706702831709132,0.34357298501576433,4.0,1.2984909520193946,-0.007265217302291581,0.0,7.999997615814209,0.44751173557259727,17.876620834486285
82482,20241122-01-QUASR/20241122-01-030_QUASR_vacuum_equilibria_with_maxF_below_threshold_and_enough_iota_flux_tubes/QUASR_vacuum_000291.h5,3,unstable,0.6376992464065552,0.79504883,0.174239347727456,0.1573495864868164,high_spread_low_error,0.65625,1.8692786693572998,-0.3126179277896881,1.892122507095337,0.055066586,0.11393228455478885,0.6461712248972395,4.0,1.9417804209389327,-0.2556628590751979,0.0,8.000001907348633,0.8677251499153825,9.219511394971972
82538,20241122-01-QUASR/20241122-01-030_QUASR_vacuum_equilibria_with_maxF_below_threshold_and_enough_iota_flux_tubes/QUASR_vacuum_000294.h5,3,unstable,0.6315087676048279,0.90585536,0.11496648989024096,0.27434659004211426,unanimous_success,0.546875,1.0634121894836426,0.3790838420391083,1.8804455995559692,0.055140793,0.05486137170700156,0.6061755284207068,4.0,2.1450262844683694,-0.007419852204200296,0.0,8.000483512878418,0.1476579262202118,54.18255367440811
82685,20241122-01-QUASR/20241122-01-030_QUASR_vacuum_equilibria_with_maxF_below_threshold_and_enough_iota_flux_tubes/QUASR_vacuum_000301.h5,3,stable_or_near_floor,-2.0,-1.9976382,0.017699171990865844,0.002361774444580078,unanimous_success,0.6875,3.4424984455108643,4.26082181930542,1.4047500940250757e-07,0.00090026855,0.1808606846948712,0.4272830374357872,3.0,1.5087483932771497,-0.05159254765451488,0.0,6.000003337860107,0.8804882340568135,6.814404901488959
82760,20241122-01-QUASR/20241122-01-030_QUASR_vacuum_equilibria_with_maxF_below_threshold_and_enough_iota_flux_tubes/QUASR_vacuum_000305.h5,3,unstable,-0.3721137046813965,-0.34853467,0.22588188977527926,0.023579031229019165,high_spread_low_error,0.734375,0.9781017899513245,0.29713866114616394,0.689275860786438,0.06804842,0.12234281687667876,0.5561208316016559,4.0,1.7477347237044618,-0.08948337684911728,0.0,6.000001907348633,0.5894071180393529,10.179724207110834
82913,20241122-01-QUASR/20241122-01-030_QUASR_vacuum_equilibria_with_maxF_below_threshold_and_enough_iota_flux_tubes/QUASR_vacuum_000313.h5,3,unstable,-1.1292645931243896,-0.9577697,0.31865695347807904,0.17149490118026733,high_spread_low_error,0.96875,2.6020798683166504,1.7069612741470337,0.32327091693878174,0.05003953,0.24711934515583261,0.7929588399355249,2.0,0.9082013467077463,0.01791716230672986,0.0,7.999669075012207,0.5241713223650826,15.261554254661188
82954,20241122-01-QUASR/20241122-01-030_QUASR_vacuum_equilibria_with_maxF_below_threshold_and_enough_iota_flux_tubes/QUASR_vacuum_000315.h5,3,unstable,1.067061185836792,1.1245843,0.16561437485693084,0.057523131370544434,high_spread_low_error,0.921875,0.8115425705909729,0.2767634391784668,2.9068243503570557,0.041024804,0.22493336320363935,1.386822872462287,2.0,1.0143243828634327,0.0029931432873232166,0.0,8.000030517578125,0.09477750207508584,84.40853939408784
82972,20241122-01-QUASR/20241122-01-030_QUASR_vacuum_equilibria_with_maxF_below_threshold_and_enough_iota_flux_tubes/QUASR_vacuum_000316.h5,3,stable_or_near_floor,-2.0,-1.944183,0.09159881254362925,0.05581700801849365,unanimous_success,0.90625,0.49306392669677734,0.44418999552726746,0.03841584175825119,0.021203041,0.23038024254011813,1.26841162954029,2.0,1.0686437047449342,-0.0006674519007373942,0.0,7.999425411224365,0.11439591966795237,69.92754142318746
82992,20241122-01-QUASR/20241122-01-030_QUASR_vacuum_equilibria_with_maxF_below_threshold_and_enough_iota_flux_tubes/QUASR_vacuum_000317.h5,3,unstable,-1.218648076057434,-1.3683919,0.3256210223156531,0.14974379539489746,high_spread_low_error,0.8125,1.109073281288147,0.49042418599128723,0.2956295609474182,7.6532364e-05,0.1390575809190641,0.4209024788484925,2.0,1.1785699434274133,0.12371721769396075,0.0,7.999671459197998,0.6241426571797519,12.817056112372251
83025,20241122-01-QUASR/20241122-01-030_QUASR_vacuum_equilibria_with_maxF_below_threshold_and_enough_iota_flux_tubes/QUASR_vacuum_000319.h5,3,unstable,0.5698854923248291,1.525627,0.24211933711766573,0.9557415246963501,high_spread_high_error,0.359375,2.3916234970092773,0.9246727228164673,1.7680646181106567,0.052250624,0.3831662446277399,1.0907384529392958,3.0,0.7970068903374858,0.00024761447810276756,0.0,7.999995708465576,0.33578016844834635,23.825098859869772
83098,20241122-01-QUASR/20241122-01-030_QUASR_vacuum_equilibria_with_maxF_below_threshold_and_enough_iota_flux_tubes/QUASR_vacuum_000322.h5,3,unstable,2.635390520095825,2.628658,0.09533224919438887,0.006732463836669922,unanimous_success,0.484375,3.9212143421173096,0.5353413820266724,13.948760032653809,0.010354996,0.33301930060107354,0.7574701457378081,3.0,0.8017284987202173,-0.006207820026738228,0.0,7.99999475479126,0.72704661763608,11.00341375743202
83139,20241122-01-QUASR/20241122-01-030_QUASR_vacuum_equilibria_with_maxF_below_threshold_and_enough_iota_flux_tubes/QUASR_vacuum_000324.h5,3,unstable,1.674232006072998,1.7352403,0.08844548916534521,0.061008334159851074,unanimous_success,0.625,3.478573799133301,-0.3317147493362427,5.334696292877197,0.013962626,0.128751179432236,0.42192631578611883,3.0,0.9028709023763775,-0.013627157316745592,0.0,7.999996662139893,0.9116216551123087,8.775566724722351
83295,20241122-01-QUASR/20241122-01-030_QUASR_vacuum_equilibria_with_maxF_below_threshold_and_enough_iota_flux_tubes/QUASR_vacuum_000332.h5,3,unstable,2.7081263065338135,2.764635,0.08417292461398508,0.056508779525756836,unanimous_success,0.59375,2.3924038410186768,0.06915686279535294,15.001142501831055,0.015785933,0.09261056121004728,0.5301913832858473,3.0,1.3313656413671724,0.011620238467386051,0.0,7.999995708465576,0.3878409226963402,20.627002568084254
83359,20241122-01-QUASR/20241122-01-030_QUASR_vacuum_equilibria_with_maxF_below_threshold_and_enough_iota_flux_tubes/QUASR_vacuum_000335.h5,3,stable_or_near_floor,-2.0,-1.9796191,0.03252707740749573,0.020380854606628418,unanimous_success,0.53125,0.5820655822753906,0.10408090800046921,4.819082278118003e-06,0.0019626617,0.2259745993314347,0.6180829480246841,3.0,0.9017905752586328,-6.0150669756212145e-05,0.0,5.999995708465576,0.06577909705712426,91.21432152306721
83364,20241122-01-QUASR/20241122-01-030_QUASR_vacuum_equilibria_with_maxF_below_threshold_and_enough_iota_flux_tubes/QUASR_vacuum_000336.h5,3,unstable,1.5351248979568481,1.4496013,0.0791940656756673,0.08552360534667969,unanimous_success,0.53125,3.161207437515259,1.4169037342071533,4.641905307769775,0.024812222,0.28053831967658976,0.7329433769915055,3.0,0.9007210484616742,-0.0034944056066687074,0.0,5.999993324279785,0.6678979741633302,8.983397998468138
83464,20241122-01-QUASR/20241122-01-030_QUASR_vacuum_equilibria_with_maxF_below_threshold_and_enough_iota_flux_tubes/QUASR_vacuum_000341.h5,3,unstable,-0.16978326439857483,-0.17006679,0.14724793020465482,0.00028352439403533936,unanimous_success,0.546875,1.3283772468566895,0.12846092879772186,0.8438476920127869,0.024737343,0.1728367818077752,0.4675296075970933,3.0,0.982596503124661,-0.002757009351807679,0.0,6.002080917358398,0.18375875438725608,32.66282979209534
83542,20241122-01-QUASR/20241122-01-030_QUASR_vacuum_equilibria_with_maxF_below_threshold_and_enough_iota_flux_tubes/QUASR_vacuum_000345.h5,3,unstable,2.0785350799560547,2.112964,0.053605783996123195,0.03442883491516113,unanimous_success,0.578125,3.2280020713806152,0.7610064744949341,7.9927520751953125,0.0060572624,0.17390295302398856,0.6111282785916402,3.0,1.502051802857557,-0.03634464578825175,0.0,6.000011444091797,0.7462842994625349,8.039846809604509
83566,20241122-01-QUASR/20241122-01-030_QUASR_vacuum_equilibria_with_maxF_below_threshold_and_enough_iota_flux_tubes/QUASR_vacuum_000346.h5,3,unstable,1.932962417602539,2.0806231,0.11326139293906785,0.1476607322692871,unanimous_success,0.875,2.7457504272460938,1.3658628463745117,6.909949779510498,0.006652832,0.18253725703879928,0.9086234380046815,2.0,0.9809920818045588,0.0008365624349040663,0.0,7.999251842498779,0.4411077502913485,18.13446224242338
83619,20241122-01-QUASR/20241122-01-030_QUASR_vacuum_equilibria_with_maxF_below_threshold_and_enough_iota_flux_tubes/QUASR_vacuum_000348.h5,3,stable_or_near_floor,-2.0,-2.0182166,0.03269496779609683,0.018216609954833984,unanimous_success,0.875,0.020469365641474724,0.00011385080142645165,1.80792085302528e-07,0.0027923584,0.20707897006733186,1.2031868017582723,2.0,0.9654317747981297,4.3326851546513e-06,0.0,7.998405933380127,0.0029097884442930155,2748.7929402797117
83645,20241122-01-QUASR/20241122-01-030_QUASR_vacuum_equilibria_with_maxF_below_threshold_and_enough_iota_flux_tubes/QUASR_vacuum_000350.h5,3,unstable,5.148098468780518,5.173537,0.12730655897500284,0.025438308715820312,unanimous_success,0.9375,7.118582725524902,1.5261507034301758,172.1038818359375,4.7683716e-07,0.12626619425348806,0.7857645971464623,2.0,0.9617908629280674,0.15229364733136871,0.0,7.998603343963623,0.8532804319931027,9.37394441975001
83681,20241122-01-QUASR/20241122-01-030_QUASR_vacuum_equilibria_with_maxF_below_threshold_and_enough_iota_flux_tubes/QUASR_vacuum_000351.h5,3,stable_or_near_floor,-2.0,-1.9972371,0.024285315887986377,0.002762913703918457,unanimous_success,0.8125,0.5169459581375122,0.9332873821258545,4.9770388699243995e-08,0.0025279522,0.2518110905669403,0.8305142554702118,2.0,0.9672824315227586,-0.0031098080108570734,0.0,7.998861789703369,0.1400453452774948,57.11622741801174
83712,20241122-01-QUASR/20241122-01-030_QUASR_vacuum_equilibria_with_maxF_below_threshold_and_enough_iota_flux_tubes/QUASR_vacuum_000353.h5,3,unstable,1.8613580465316772,1.8262944,0.1623593954103549,0.03506362438201904,high_spread_low_error,0.8125,1.0765933990478516,0.16893303394317627,6.432466506958008,0.030917764,0.22113629825721565,0.9920925728086828,2.0,0.9792766634684388,0.007848870109541061,0.0,7.998401165008545,0.39473113867364706,20.26290905724923
83759,20241122-01-QUASR/20241122-01-030_QUASR_vacuum_equilibria_with_maxF_below_threshold_and_enough_iota_flux_tubes/QUASR_vacuum_000355.h5,3,unstable,0.818652868270874,0.9219973,0.28086055527628645,0.10334444046020508,high_spread_low_error,0.9375,0.8094433546066284,0.22056859731674194,2.2674431800842285,0.15067983,0.11285309520158801,0.8881381837124422,2.0,1.0434093685760824,-0.03472505110936936,0.0,7.998891830444336,0.3292897948793627,24.291344447448722
83793,20241122-01-QUASR/20241122-01-030_QUASR_vacuum_equilibria_with_maxF_below_threshold_and_enough_iota_flux_tubes/QUASR_vacuum_000357.h5,3,unstable,-1.870404839515686,-1.801084,0.1213670804036791,0.06932079792022705,unanimous_success,0.859375,1.4365930557250977,1.189553141593933,0.15406128764152527,0.01870656,0.19510088599315142,1.099909617761116,2.0,0.9363867915835548,0.014432567203974692,0.0,7.99957799911499,0.4134723224659377,19.347311934703935
83833,20241122-01-QUASR/20241122-01-030_QUASR_vacuum_equilibria_with_maxF_below_threshold_and_enough_iota_flux_tubes/QUASR_vacuum_000359.h5,3,unstable,-0.3893449306488037,-0.27611408,0.0818357113626283,0.11323085427284241,unanimous_success,0.875,2.542062520980835,0.8504307866096497,0.6775005459785461,0.015104204,0.2552787868710551,0.7962246606062134,2.0,0.9462593709210464,0.0655345029166725,0.0,7.999547004699707,0.41402394559968536,19.32145976028732
83853,20241122-01-QUASR/20241122-01-030_QUASR_vacuum_equilibria_with_maxF_below_threshold_and_enough_iota_flux_tubes/QUASR_vacuum_000360.h5,3,stable_or_near_floor,-1.9675648212432861,-1.8888612,0.07683050248364184,0.07870364189147949,unanimous_success,0.90625,0.2802816331386566,0.1287086457014084,0.13979686796665192,0.019017577,0.22060673240911954,1.201345539746791,2.0,0.997621574000564,0.002285660128158951,0.0,7.998004913330078,0.10345686781322538,77.30762666978455
83861,20241122-01-QUASR/20241122-01-030_QUASR_vacuum_equilibria_with_maxF_below_threshold_and_enough_iota_flux_tubes/QUASR_vacuum_000361.h5,3,stable_or_near_floor,-2.0,-1.998462,0.016003203704881376,0.0015380382537841797,unanimous_success,0.734375,0.6862066388130188,0.44857776165008545,6.651073363173055e-07,0.002393365,0.21704115433327095,0.7202157820495131,2.0,1.0166730528376071,0.005985242815558111,0.0,7.998577117919922,0.14224760064763187,56.229961570554494
83899,20241122-01-QUASR/20241122-01-030_QUASR_vacuum_equilibria_with_maxF_below_threshold_and_enough_iota_flux_tubes/QUASR_vacuum_000363.h5,3,unstable,0.09923617541790009,-0.045610655,0.25627345953652514,0.1448468305170536,high_spread_low_error,0.609375,0.8310562372207642,0.3597954511642456,1.1043270826339722,0.00715708,0.15239779024536584,0.7602103826714499,2.0,1.0526991742994765,0.020868351337664345,0.0,7.9998393058776855,0.548463037276226,14.58592240893104
83955,20241122-01-QUASR/20241122-01-030_QUASR_vacuum_equilibria_with_maxF_below_threshold_and_enough_iota_flux_tubes/QUASR_vacuum_000365.h5,3,unstable,0.667669415473938,0.6344014,0.07877086073397818,0.0332680344581604,unanimous_success,0.171875,3.7579967975616455,0.08371186256408691,1.9496880769729614,0.022735417,0.30501719281103645,0.9043044600577097,2.0,1.0141019447706405,0.00912769010148521,0.0,7.998623847961426,0.7546142820468501,10.599618955349738
84032,20241122-01-QUASR/20241122-01-030_QUASR_vacuum_equilibria_with_maxF_below_threshold_and_enough_iota_flux_tubes/QUASR_vacuum_000369.h5,3,unstable,0.015130511485040188,0.012400592,0.0968105831557394,0.0027299197390675545,unanimous_success,0.625,1.9150216579437256,1.386862874031067,1.0152455568313599,0.02208734,0.08462931323417587,0.4616002148600717,3.0,1.808688621310346,-0.0066170226152032505,0.0,7.99998140335083,0.7381701107367583,10.837585113499312
84064,20241122-01-QUASR/20241122-01-030_QUASR_vacuum_equilibria_with_maxF_below_threshold_and_enough_iota_flux_tubes/QUASR_vacuum_000371.h5,3,unstable,1.2262365818023682,1.1526394,0.07211040169798287,0.07359719276428223,unanimous_success,0.5625,1.5768623352050781,0.6798418760299683,3.4083781242370605,0.00958395,0.08815694729966343,0.47462394508759437,3.0,1.4944836514406592,-0.011015404242158529,0.0,7.999997615814209,0.6104343793603816,13.105417857029408
84123,20241122-01-QUASR/20241122-01-030_QUASR_vacuum_equilibria_with_maxF_below_threshold_and_enough_iota_flux_tubes/QUASR_vacuum_000374.h5,3,stable_or_near_floor,-2.0,-1.7401761,0.26724724834333263,0.25982391834259033,high_spread_low_error,0.9375,0.521813690662384,0.35217592120170593,4.5208059873402817e-07,0.054525375,0.09683523688691328,1.2459426130901672,3.0,2.353821168515576,0.010761962963081927,0.0,8.000076293945312,0.17896930060508998,44.70083006916431
84142,20241122-01-QUASR/20241122-01-030_QUASR_vacuum_equilibria_with_maxF_below_threshold_and_enough_iota_flux_tubes/QUASR_vacuum_000375.h5,3,stable_or_near_floor,-2.0,-1.9246452,0.07467549651695407,0.07535481452941895,unanimous_success,0.890625,3.032280445098877,2.980565071105957,0.0638740286231041,0.0025104284,0.10067762701499036,0.5796649652020036,3.0,2.2163939062030664,0.2686976718344542,0.0,7.999789237976074,0.9062329630998732,8.827519593429798
84175,20241122-01-QUASR/20241122-01-030_QUASR_vacuum_equilibria_with_maxF_below_threshold_and_enough_iota_flux_tubes/QUASR_vacuum_000376.h5,3,stable_or_near_floor,-2.0,-2.0008302,0.01272270768730754,0.0008301734924316406,unanimous_success,0.28125,0.5589528679847717,0.7302067279815674,1.3733757953104941e-07,0.00309968,0.10936326494990373,0.41150384775181137,4.0,1.2950665636113905,-0.0011853822055982479,0.0,7.999998092651367,0.1611624604676849,49.639339517625864
84185,20241122-01-QUASR/20241122-01-030_QUASR_vacuum_equilibria_with_maxF_below_threshold_and_enough_iota_flux_tubes/QUASR_vacuum_000377.h5,3,unstable,3.3036773204803467,3.344075,0.05302420804570134,0.04039764404296875,unanimous_success,0.21875,4.890252590179443,1.3192754983901978,27.2125244140625,0.013958454,0.1002134392235845,0.3541355021209842,4.0,1.4015901794719188,-0.02561261709876943,0.0,8.000001907348633,0.7336282567255284,10.904707982562979
84196,20241122-01-QUASR/20241122-01-030_QUASR_vacuum_equilibria_with_maxF_below_threshold_and_enough_iota_flux_tubes/QUASR_vacuum_000378.h5,3,stable_or_near_floor,-2.0,-1.9931397,0.014370002491349395,0.006860256195068359,unanimous_success,0.171875,1.8556159734725952,1.878679633140564,1.3371602847200847e-07,0.0006325245,0.09042209719546937,0.39786499905641987,4.0,1.4998978966375003,-0.039879892408413865,0.0,8.00000286102295,0.7238842405188521,11.051494718670568
84326,20241122-01-QUASR/20241122-01-030_QUASR_vacuum_equilibria_with_maxF_below_threshold_and_enough_iota_flux_tubes/QUASR_vacuum_000384.h5,3,unstable,0.4616392254829407,0.6228003,0.07071099281382763,0.16116106510162354,unanimous_success,0.609375,3.583514928817749,2.275953769683838,1.5866727828979492,0.016976595,0.1367714584762046,0.524278245697591,4.0,1.1985376693576388,-0.00548987446924592,0.0,7.999999046325684,0.5451406417765681,14.675110298609091
84448,20241122-01-QUASR/20241122-01-030_QUASR_vacuum_equilibria_with_maxF_below_threshold_and_enough_iota_flux_tubes/QUASR_vacuum_000390.h5,3,unstable,-0.2527521252632141,-0.82646036,0.2507121575681556,0.5737082362174988,high_spread_high_error,0.890625,4.406218528747559,4.337193965911865,0.7766603827476501,0.037716508,0.169995852630718,0.8591845210750525,4.0,2.580788609511168,-0.17940254247695628,0.0,8.000032424926758,0.9637883434855528,8.300611310564868
84600,20241122-01-QUASR/20241122-01-030_QUASR_vacuum_equilibria_with_maxF_below_threshold_and_enough_iota_flux_tubes/QUASR_vacuum_000398.h5,3,unstable,-0.9353455305099487,-1.266481,0.16105233062359495,0.33113551139831543,high_spread_low_error,0.640625,1.6777334213256836,1.4175844192504883,0.3924502432346344,0.03406155,0.10406929200957041,0.49138465732010816,3.0,1.403244919011289,-0.00020573729675058341,0.0,5.999985218048096,0.5978994741854761,10.035107032368494
84649,20241122-01-QUASR/20241122-01-030_QUASR_vacuum_equilibria_with_maxF_below_threshold_and_enough_iota_flux_tubes/QUASR_vacuum_000400.h5,3,unstable,-0.618621826171875,-1.032986,0.2473721520466195,0.414364218711853,high_spread_low_error,0.8125,0.6436038017272949,0.36516284942626953,0.5386863350868225,0.0101389885,0.085830040052692,0.9077184106206747,3.0,1.5633229327711513,-0.001020177798098283,0.0,6.000004768371582,0.17018283159006342,35.25622832991991
84674,20241122-01-QUASR/20241122-01-030_QUASR_vacuum_equilibria_with_maxF_below_threshold_and_enough_iota_flux_tubes/QUASR_vacuum_000401.h5,3,unstable,1.0944254398345947,0.9383907,0.07599193859140951,0.15603476762771606,unanimous_success,0.25,1.8099400997161865,0.0690544843673706,2.9874656200408936,0.004442632,0.0765468789741499,0.4955893415612987,3.0,1.6480130149650105,-0.015578136277505717,0.0,5.999989032745361,0.3226119554797915,18.598160827059623
84754,20241122-01-QUASR/20241122-01-030_QUASR_vacuum_equilibria_with_maxF_below_threshold_and_enough_iota_flux_tubes/QUASR_vacuum_000405.h5,3,unstable,3.9501116275787354,3.9744608,0.09139000200741629,0.024349212646484375,unanimous_success,0.9375,6.787258625030518,1.5852500200271606,51.941162109375,0.00513649,0.1806888903201244,0.7854627449725214,4.0,2.053978482749854,-0.30180818341870963,0.0,5.999999046325684,0.9926240586701869,6.044583539878985
84848,20241122-01-QUASR/20241122-01-030_QUASR_vacuum_equilibria_with_maxF_below_threshold_and_enough_iota_flux_tubes/QUASR_vacuum_000410.h5,3,stable_or_near_floor,-2.0,-1.9829952,0.05079672286736203,0.017004847526550293,unanimous_success,0.96875,1.4507428407669067,1.571295142173767,1.5436846467764553e-07,0.014619112,0.3069701289582991,0.8099307930109203,4.0,2.3975505898894913,-0.5216126892038178,0.0,5.996583461761475,0.9389876084481589,6.3862221479917896
84889,20241122-01-QUASR/20241122-01-030_QUASR_vacuum_equilibria_with_maxF_below_threshold_and_enough_iota_flux_tubes/QUASR_vacuum_000412.h5,3,unstable,0.943451464176178,0.88656497,0.26420625432763534,0.056886494159698486,high_spread_low_error,0.75,1.2201249599456787,0.19570374488830566,2.5688323974609375,0.17238182,0.11654224283825551,0.7611883971107904,4.0,2.3351739656984907,-0.03611815981526819,0.0,6.000000953674316,0.36176112951299777,16.58553245273064
85081,20241122-01-QUASR/20241122-01-031_QUASR_finite_beta_equilibria_with_maxF_below_threshold_and_enough_iota_flux_tubes/QUASR_finiteBeta_000046.h5,4,unstable,-0.17096129059791565,-0.32526967,0.2769478817584619,0.15430837869644165,high_spread_low_error,0.3125,1.07260000705719,0.20721976459026337,0.8428542017936707,0.0698781,0.09396912669007226,0.5604054068595052,2.0,0.4699905338440064,-0.018692410780022036,-65909.42889838884,2.85717511177063,0.20098998415681013,14.21550991088936
85085,20241122-01-QUASR/20241122-01-031_QUASR_finite_beta_equilibria_with_maxF_below_threshold_and_enough_iota_flux_tubes/QUASR_finiteBeta_000047.h5,4,unstable,2.459749221801758,2.4078052,0.13810479326972366,0.05194401741027832,unanimous_success,0.640625,2.2316203117370605,0.8740608096122742,11.70187759399414,0.011553526,0.18562378470888424,0.8748050400185517,2.0,0.4967533386224622,-0.1112740758815651,-53451.92758506221,2.85717511177063,0.5961103036066929,4.793030911365966
85260,20241122-01-QUASR/20241122-01-031_QUASR_finite_beta_equilibria_with_maxF_below_threshold_and_enough_iota_flux_tubes/QUASR_finiteBeta_000091.h5,4,unstable,1.7931642532348633,1.745443,0.06372167534339356,0.047721266746520996,unanimous_success,0.609375,2.625838279724121,1.2461235523223877,6.008434295654297,0.006457448,0.07974610607043181,0.4514415939827334,2.0,0.41251299082948095,-0.05170791600111436,-7578.674102039171,4.0,0.9522341379379583,4.200647551517015
85316,20241122-01-QUASR/20241122-01-031_QUASR_finite_beta_equilibria_with_maxF_below_threshold_and_enough_iota_flux_tubes/QUASR_finiteBeta_000105.h5,4,unstable,0.15232621133327484,0.3730508,0.13591840343709385,0.22072459757328033,unanimous_success,0.59375,1.0213984251022339,0.304063081741333,1.1645400524139404,0.08614391,0.1213874346230125,0.4905407548589453,2.0,0.4208866999944255,-0.03293172893361706,-74334.24073667529,4.0,0.23380284421205155,17.10843173649389
85352,20241122-01-QUASR/20241122-01-031_QUASR_finite_beta_equilibria_with_maxF_below_threshold_and_enough_iota_flux_tubes/QUASR_finiteBeta_000114.h5,4,unstable,-0.15303117036819458,-0.4862238,0.34850523749510304,0.3331926167011261,high_spread_low_error,0.109375,1.1612297296524048,0.0015920394798740745,0.8581029772758484,0.054603577,0.08475893695408762,0.5183385593684273,2.0,0.4529398151314151,-0.08749351878420339,-58482.19364283662,4.0,0.40326079818692895,9.919139222022334
85402,20241122-01-QUASR/20241122-01-031_QUASR_finite_beta_equilibria_with_maxF_below_threshold_and_enough_iota_flux_tubes/QUASR_finiteBeta_000126.h5,4,unstable,0.7006216049194336,0.898517,0.11092923196313856,0.19789540767669678,unanimous_success,0.4375,1.6851551532745361,0.27788397669792175,2.015004873275757,0.0142070055,0.13552876564631722,0.4381147444902891,2.0,0.5511732605175276,-0.02034495445429482,-83623.57406860465,4.000000953674316,0.23386980618181008,17.103537301282582
85434,20241122-01-QUASR/20241122-01-031_QUASR_finite_beta_equilibria_with_maxF_below_threshold_and_enough_iota_flux_tubes/QUASR_finiteBeta_000134.h5,4,unstable,2.4232678413391113,2.3629715,0.07536995099971384,0.06029629707336426,unanimous_success,0.46875,2.94997501373291,0.3595616817474365,11.282669067382812,0.0030531883,0.15041660299353932,0.4210264198625726,2.0,0.574336104112186,-0.027462129992308827,-61688.45553036374,4.000000953674316,0.3314470532155679,12.068295418130567
85459,20241122-01-QUASR/20241122-01-031_QUASR_finite_beta_equilibria_with_maxF_below_threshold_and_enough_iota_flux_tubes/QUASR_finiteBeta_000140.h5,4,stable_or_near_floor,-2.0,-2.0106199,0.0310306842362483,0.010619878768920898,unanimous_success,0.4375,0.45236629247665405,0.7122117877006531,1.4271196846493694e-07,0.0012066364,0.10384688030652678,0.8393728552526697,2.0,0.7050441644878657,-0.00021801708924132953,-27154.491871225986,4.000000476837158,0.28695358813361704,13.939538107377135
85525,20241122-01-QUASR/20241122-01-031_QUASR_finite_beta_equilibria_with_maxF_below_threshold_and_enough_iota_flux_tubes/QUASR_finiteBeta_000157.h5,4,unstable,4.504042148590088,3.5282362,0.4890446727675919,0.9758059978485107,high_spread_high_error,0.8125,1.3575198650360107,0.30675429105758667,90.3817138671875,0.14644742,0.14538424676003536,1.4141592376047099,2.0,0.7022896904823738,-0.029560387384988673,-65121.119433996995,3.9999969005584717,0.612256935252309,6.533199822244703
85553,20241122-01-QUASR/20241122-01-031_QUASR_finite_beta_equilibria_with_maxF_below_threshold_and_enough_iota_flux_tubes/QUASR_finiteBeta_000164.h5,4,unstable,2.7456915378570557,2.6835742,0.2688091027574687,0.06211733818054199,high_spread_low_error,0.828125,1.4010769128799438,0.23959165811538696,15.5753812789917,0.02286315,0.09700249608236552,0.9378119740345331,2.0,0.8022730315855646,-0.0030768444710237894,-65988.29740670996,3.9999818801879883,0.19773496552878644,20.229006384840254
85565,20241122-01-QUASR/20241122-01-031_QUASR_finite_beta_equilibria_with_maxF_below_threshold_and_enough_iota_flux_tubes/QUASR_finiteBeta_000167.h5,4,unstable,4.435739040374756,5.1444983,0.3667821714728076,0.7087593078613281,high_spread_high_error,0.828125,5.422705173492432,-0.309958815574646,84.41449737548828,0.24679041,0.16701410849614606,0.9060759397752092,2.0,0.8001588109352724,0.02194897937191151,-48816.810992181665,3.9999818801879883,0.7501137950226244,5.332500090959324
85599,20241122-01-QUASR/20241122-01-031_QUASR_finite_beta_equilibria_with_maxF_below_threshold_and_enough_iota_flux_tubes/QUASR_finiteBeta_000176.h5,4,unstable,1.537043809890747,1.6089762,0.0658098728609433,0.07193243503570557,unanimous_success,0.25,2.0148134231567383,0.00045588979264721274,4.650821208953857,0.0057303905,0.11614431418104516,0.5204633382084275,2.0,0.400713806808991,-0.0001874626649157497,-8465.103121425751,3.333333969116211,0.3871564553729727,8.609785328014215
85774,20241122-01-QUASR/20241122-01-031_QUASR_finite_beta_equilibria_with_maxF_below_threshold_and_enough_iota_flux_tubes/QUASR_finiteBeta_000219.h5,4,unstable,-0.9042689204216003,-1.3430145,0.36406286578656316,0.43874555826187134,high_spread_low_error,0.453125,1.0289552211761475,0.012925623916089535,0.4048377573490143,0.0061290264,0.13963842906007684,0.3867086118369758,2.0,0.5879586236703382,-0.004581181697035986,-38010.42800988531,3.33333683013916,0.17429358358022484,19.124839604923682
85779,20241122-01-QUASR/20241122-01-031_QUASR_finite_beta_equilibria_with_maxF_below_threshold_and_enough_iota_flux_tubes/QUASR_finiteBeta_000221.h5,4,unstable,3.93342924118042,3.6511462,0.13111938261463776,0.28228306770324707,unanimous_success,0.4375,3.815232753753662,-0.05344197154045105,51.081844329833984,0.009341478,0.11801798767614827,0.5563749644640962,2.0,0.5891061492879989,-0.041247392140118404,-48655.40649823584,3.33333683013916,0.4369018802568643,7.6294861175223545
85847,20241122-01-QUASR/20241122-01-031_QUASR_finite_beta_equilibria_with_maxF_below_threshold_and_enough_iota_flux_tubes/QUASR_finiteBeta_000238.h5,4,unstable,0.9684519171714783,1.0095292,0.1335580483971661,0.04107731580734253,unanimous_success,0.890625,1.7886526584625244,0.9784684777259827,2.633863925933838,0.0141121745,0.13564631543568287,1.0259782055598063,2.0,0.7066767104731505,0.06715871573634152,-14685.851533100576,3.3332860469818115,0.7490686094927301,4.449907531486489
85974,20241122-01-QUASR/20241122-01-031_QUASR_finite_beta_equilibria_with_maxF_below_threshold_and_enough_iota_flux_tubes/QUASR_finiteBeta_000269.h5,4,stable_or_near_floor,-2.0,-2.000306,0.030736725954658192,0.0003058910369873047,unanimous_success,0.640625,1.6217769384384155,2.248871326446533,1.5401015218685643e-07,0.0094970465,0.3212023073771569,1.1130701716620768,2.0,0.2562977203401096,-0.4216111443068413,-57724.48141054639,5.0,0.5420582398237171,9.224101088521504
85984,20241122-01-QUASR/20241122-01-031_QUASR_finite_beta_equilibria_with_maxF_below_threshold_and_enough_iota_flux_tubes/QUASR_finiteBeta_000272.h5,4,unstable,1.908443808555603,1.8458076,0.0702230644392418,0.06263625621795654,unanimous_success,0.796875,2.264676332473755,-0.14324025809764862,6.742588043212891,0.02965784,0.07794743274643909,0.3692607784058227,2.0,0.396419812197118,-0.05593417705428948,-13080.118276329173,5.0,0.6096222346925442,8.201800583145875
86008,20241122-01-QUASR/20241122-01-031_QUASR_finite_beta_equilibria_with_maxF_below_threshold_and_enough_iota_flux_tubes/QUASR_finiteBeta_000278.h5,4,stable_or_near_floor,-2.0,-2.00252,0.023043984681030395,0.0025200843811035156,unanimous_success,0.875,1.2083964347839355,0.8929962515830994,5.5325745762502265e-08,0.00024604797,0.47726384096454433,1.1563237968848552,2.0,0.2289447499158502,-0.051311626617863204,-72928.98457695321,5.0,0.2736750008679133,18.269845561864834
86162,20241122-01-QUASR/20241122-01-031_QUASR_finite_beta_equilibria_with_maxF_below_threshold_and_enough_iota_flux_tubes/QUASR_finiteBeta_000316.h5,4,unstable,1.846869945526123,1.8643582,0.08390214823660741,0.01748824119567871,unanimous_success,0.46875,5.047680854797363,2.983433246612549,6.339944362640381,0.0024814606,0.1358183711052245,0.2953909124847618,2.0,0.6064311103054418,-0.10195995664687169,-25541.72209711062,5.000000476837158,0.7966392770800901,6.276367009123106
86188,20241122-01-QUASR/20241122-01-031_QUASR_finite_beta_equilibria_with_maxF_below_threshold_and_enough_iota_flux_tubes/QUASR_finiteBeta_000323.h5,4,unstable,2.0140390396118164,2.3246584,0.14988943425751622,0.3106193542480469,unanimous_success,0.546875,1.6387410163879395,0.18134155869483948,7.493522644042969,0.02591753,0.20636385584702227,1.26980859039457,2.0,0.6968028888518911,-0.0025263984007457066,-26827.00547092427,5.000001907348633,0.30808592440956306,16.229244867096668
86196,20241122-01-QUASR/20241122-01-031_QUASR_finite_beta_equilibria_with_maxF_below_threshold_and_enough_iota_flux_tubes/QUASR_finiteBeta_000325.h5,4,stable_or_near_floor,-2.0,-2.0089338,0.02596549337073602,0.008933782577514648,unanimous_success,0.734375,1.5169509649276733,2.1184651851654053,1.4672518489078357e-07,0.0027282238,0.18963327228422414,1.1783206535228736,2.0,0.695936661583259,-0.018553424943758466,-36756.46199035755,5.000001907348633,0.5274390067354203,9.479772719685839
86202,20241122-01-QUASR/20241122-01-031_QUASR_finite_beta_equilibria_with_maxF_below_threshold_and_enough_iota_flux_tubes/QUASR_finiteBeta_000326.h5,4,unstable,-1.5931504964828491,-1.3255974,0.22544652528156128,0.26755309104919434,high_spread_low_error,0.546875,1.0021357536315918,0.232589453458786,0.2032841593027115,0.003868103,0.15958087768048396,0.5084061079737939,2.0,0.6863073697900222,-0.0007551891190115885,-58050.555324736124,5.000001907348633,0.10251509187797514,48.77332513441232
86237,20241122-01-QUASR/20241122-01-031_QUASR_finite_beta_equilibria_with_maxF_below_threshold_and_enough_iota_flux_tubes/QUASR_finiteBeta_000335.h5,4,unstable,2.9739537239074707,3.6182508,0.41719256048317416,0.6442971229553223,high_spread_high_error,0.8125,1.7451330423355103,-0.26958078145980835,19.569135665893555,0.08213329,0.0872409212287171,0.8299207717966138,2.0,0.7020077671184158,-0.03617174612896164,-26703.243148321384,5.0,0.7140038104370676,7.002763748472601
86246,20241122-01-QUASR/20241122-01-031_QUASR_finite_beta_equilibria_with_maxF_below_threshold_and_enough_iota_flux_tubes/QUASR_finiteBeta_000338.h5,4,unstable,1.4527209997177124,1.546226,0.17103829364215656,0.09350502490997314,high_spread_low_error,0.578125,1.3446011543273926,0.373296320438385,4.274730205535889,0.05436015,0.20041341087709863,1.3298932022134622,2.0,0.6783210713675202,-0.0018822361149021863,-76773.8419767179,5.0,0.13977136270021862,35.77270696518851
86263,20241122-01-QUASR/20241122-01-031_QUASR_finite_beta_equilibria_with_maxF_below_threshold_and_enough_iota_flux_tubes/QUASR_finiteBeta_000342.h5,4,unstable,1.282830834388733,0.96708924,0.17052420069581992,0.3157415986061096,high_spread_low_error,0.890625,1.2195721864700317,0.14969311654567719,3.6068356037139893,0.009298325,0.2330141988256534,1.0782335935222007,2.0,0.8029157199644702,0.0010214341860289276,-18125.816262105473,4.999998569488525,0.28465404838204833,17.56517638834976
86286,20241122-01-QUASR/20241122-01-031_QUASR_finite_beta_equilibria_with_maxF_below_threshold_and_enough_iota_flux_tubes/QUASR_finiteBeta_000348.h5,4,unstable,2.436790704727173,1.9387329,0.5580638969882965,0.49805784225463867,high_spread_low_error,0.859375,0.8033892512321472,0.035287342965602875,11.436278343200684,0.037796736,0.11157025615594751,1.1650519786616718,2.0,0.7990774874651126,-0.000643624671670215,-75358.20879038789,4.999998569488525,0.19979912018396662,25.025128063050214
86378,20241122-01-QUASR/20241122-01-031_QUASR_finite_beta_equilibria_with_maxF_below_threshold_and_enough_iota_flux_tubes/QUASR_finiteBeta_000372.h5,4,unstable,0.09696919471025467,0.33594677,0.10840591436179617,0.2389775738120079,unanimous_success,0.828125,1.146093487739563,0.19387216866016388,1.1018264293670654,0.022723526,0.10347367984021694,0.46612482248215503,2.0,0.3592334175801838,-0.013507929405230363,-37851.73230654505,4.0,0.18694480858696372,21.396689377117763
86434,20241122-01-QUASR/20241122-01-031_QUASR_finite_beta_equilibria_with_maxF_below_threshold_and_enough_iota_flux_tubes/QUASR_finiteBeta_000386.h5,4,stable_or_near_floor,-2.0,-1.9991088,0.020253919077476482,0.0008912086486816406,unanimous_success,0.234375,1.4246699810028076,0.8326355218887329,8.560492403830722e-08,0.00039315224,0.23453819659897004,0.9303202762944099,2.0,0.2675881984176398,-0.15917842519367148,-68682.4337438646,4.0,0.36884135965638365,10.844770780929885
86630,20241122-01-QUASR/20241122-01-031_QUASR_finite_beta_equilibria_with_maxF_below_threshold_and_enough_iota_flux_tubes/QUASR_finiteBeta_000435.h5,4,stable_or_near_floor,-2.0,-1.7510605,0.1637633914518289,0.24893951416015625,high_spread_low_error,0.515625,0.5812394022941589,0.286531925201416,0.11952711641788483,0.070089936,0.16375830763646565,1.4254541054538916,2.0,0.6957604117151277,-0.0008410671691230352,-67755.68593162739,4.000001430511475,0.10007516685982265,39.969970133693195
86691,20241122-01-QUASR/20241122-01-031_QUASR_finite_beta_equilibria_with_maxF_below_threshold_and_enough_iota_flux_tubes/QUASR_finiteBeta_000450.h5,4,unstable,3.8173608779907227,3.904077,0.17505409360716628,0.0867161750793457,high_spread_low_error,0.859375,2.779109239578247,0.012315618805587292,45.484012603759766,0.054363728,0.20978025601131917,1.1846830910967576,2.0,0.8150553498658751,0.026899479367032846,-16137.743616790565,3.9999802112579346,0.44219078647144205,9.045824412527113
86724,20241122-01-QUASR/20241122-01-031_QUASR_finite_beta_equilibria_with_maxF_below_threshold_and_enough_iota_flux_tubes/QUASR_finiteBeta_000458.h5,4,unstable,3.9529271125793457,2.4719198,0.5758555317600682,1.4810073375701904,high_spread_high_error,0.921875,0.9270324110984802,-0.035750504583120346,52.087615966796875,0.23052454,0.12520768995164575,1.3372146288397309,2.0,0.8193164892582682,0.006655789520812749,-94023.63644629881,3.9999802112579346,0.20475707352275851,19.53524800115558
86741,20241122-01-QUASR/20241122-01-031_QUASR_finite_beta_equilibria_with_maxF_below_threshold_and_enough_iota_flux_tubes/QUASR_finiteBeta_000462.h5,4,stable_or_near_floor,-2.0,-2.0036938,0.022571005023871115,0.003693819046020508,unanimous_success,0.828125,0.7787281274795532,0.797387421131134,7.292031796168885e-07,0.0011847019,0.12848534780135507,0.4301530629021293,2.0,0.2930790125387453,-0.010935833011373441,-9151.920663237232,5.0,0.26603462110122544,18.794546286129854
86782,20241122-01-QUASR/20241122-01-031_QUASR_finite_beta_equilibria_with_maxF_below_threshold_and_enough_iota_flux_tubes/QUASR_finiteBeta_000473.h5,4,stable_or_near_floor,-2.0,-1.998755,0.018688789926903128,0.0012450218200683594,unanimous_success,0.828125,1.1644386053085327,0.1433028280735016,7.953775593705359e-08,0.00015795231,0.44114172216450875,1.0756257724901352,2.0,0.21591650842632465,-0.03232024407484259,-84342.19651238067,5.0,0.21330114683686752,23.441036647702578
86794,20241122-01-QUASR/20241122-01-031_QUASR_finite_beta_equilibria_with_maxF_below_threshold_and_enough_iota_flux_tubes/QUASR_finiteBeta_000476.h5,4,stable_or_near_floor,-2.0,-1.4587915,0.2574532666884159,0.5412085056304932,high_spread_high_error,0.625,0.8933115601539612,0.2945227026939392,2.424563263048185e-06,0.0010720491,0.08651411269470338,0.44978753892430634,2.0,0.3685748032339826,-0.031101641008497338,-26826.909879211635,5.0,0.30809188122631137,16.228924891166507
86819,20241122-01-QUASR/20241122-01-031_QUASR_finite_beta_equilibria_with_maxF_below_threshold_and_enough_iota_flux_tubes/QUASR_finiteBeta_000482.h5,4,stable_or_near_floor,-2.0,-2.0032308,0.028428608157139205,0.0032308101654052734,unanimous_success,0.5,1.833848237991333,0.7956059575080872,8.480823510126356e-08,0.00015127659,0.4398837223890261,1.49767244473067,2.0,0.2647295786037314,-0.6078147060212118,-56545.82603324984,5.0,0.6334551142292967,7.893219089537749
86844,20241122-01-QUASR/20241122-01-031_QUASR_finite_beta_equilibria_with_maxF_below_threshold_and_enough_iota_flux_tubes/QUASR_finiteBeta_000488.h5,4,unstable,5.754148483276367,5.304031,0.30745927004523166,0.4501175880432129,high_spread_low_error,0.9375,2.4904356002807617,-0.07335097342729568,315.4967346191406,0.029675484,0.11042879897493282,1.3535111909324726,2.0,0.4633423190065309,-0.17061452729429596,-42338.25039020392,5.0,0.5587163357468583,8.949085036714205
87262,20241122-01-QUASR/20241122-01-031_QUASR_finite_beta_equilibria_with_maxF_below_threshold_and_enough_iota_flux_tubes/QUASR_finiteBeta_000594.h5,4,unstable,4.429338455200195,4.5744133,0.1762712606930947,0.14507484436035156,high_spread_low_error,0.59375,3.7065367698669434,0.40190455317497253,83.87590789794922,0.00060272217,0.09358293586774208,0.929156580918263,2.0,0.5962220225587259,-0.07346901266260229,-23101.055776562036,6.6666669845581055,0.6780393432964442,9.832271608527273
87360,20241122-01-QUASR/20241122-01-031_QUASR_finite_beta_equilibria_with_maxF_below_threshold_and_enough_iota_flux_tubes/QUASR_finiteBeta_000618.h5,4,unstable,3.820159912109375,3.4250975,0.2721207349523689,0.3950624465942383,high_spread_low_error,0.890625,1.2949652671813965,0.2061162143945694,45.61150360107422,0.043405533,0.1210466840146305,1.0362364567500362,2.0,0.6670223399755204,-0.01091045145577261,-73535.18932458914,6.666667461395264,0.2572339097895905,25.91675205982133
87461,20241122-01-QUASR/20241122-01-031_QUASR_finite_beta_equilibria_with_maxF_below_threshold_and_enough_iota_flux_tubes/QUASR_finiteBeta_000644.h5,4,unstable,-0.7122422456741333,-0.5649134,0.4362615947153123,0.14732885360717773,high_spread_low_error,0.859375,1.080560326576233,0.5129440426826477,0.49054303765296936,0.0867042,0.10527171585162061,0.8834769004099207,2.0,0.7793622349855293,-0.017961935858445844,-35873.5163099351,6.683961868286133,0.30317798822110353,22.04632964122584
87496,20241122-01-QUASR/20241122-01-031_QUASR_finite_beta_equilibria_with_maxF_below_threshold_and_enough_iota_flux_tubes/QUASR_finiteBeta_000653.h5,4,unstable,0.8502906560897827,1.2984391,0.1874156429227767,0.4481484889984131,high_spread_low_error,0.9375,3.258110761642456,-0.12631182372570038,2.340327024459839,0.017321587,0.26855319763283036,0.7830391664975287,2.0,0.9116899686443094,0.006413598915731793,-25724.811919888765,6.666769027709961,0.3704566520578789,17.9960839970782
87526,20241122-01-QUASR/20241122-01-031_QUASR_finite_beta_equilibria_with_maxF_below_threshold_and_enough_iota_flux_tubes/QUASR_finiteBeta_000661.h5,4,stable_or_near_floor,-2.0,-1.9999688,0.014683984427111595,3.123283386230469e-05,unanimous_success,1.0,1.2584339380264282,1.6992071866989136,1.096896440344608e-07,5.9127808e-05,0.25851340186044025,0.6585584828449,2.0,0.27193624613996425,-0.040939387927091536,-8272.926635479385,10.0,0.4147616941713418,24.110230381759678
87563,20241122-01-QUASR/20241122-01-031_QUASR_finite_beta_equilibria_with_maxF_below_threshold_and_enough_iota_flux_tubes/QUASR_finiteBeta_000670.h5,4,stable_or_near_floor,-2.0,-1.6572841,0.15349931703706127,0.342715859413147,high_spread_low_error,1.0,2.8378376960754395,0.2257893681526184,4.527372254869988e-08,0.0065072775,0.3916409647574086,1.024254986405441,2.0,0.23190329255143952,-0.36576117691558074,-30074.034932953666,10.0,0.5088516156777015,19.6520944257625
87592,20241122-01-QUASR/20241122-01-031_QUASR_finite_beta_equilibria_with_maxF_below_threshold_and_enough_iota_flux_tubes/QUASR_finiteBeta_000677.h5,4,unstable,2.0885417461395264,1.7465304,0.2143217761264823,0.34201133251190186,high_spread_low_error,0.65625,1.2490735054016113,0.46867087483406067,8.07313346862793,0.035284996,0.12382824207739417,0.9279016922593946,2.0,0.26426274510603737,-0.04012635210185862,-63826.9079678698,10.0,0.27325237061137275,36.596205835748385
87702,20241122-01-QUASR/20241122-01-031_QUASR_finite_beta_equilibria_with_maxF_below_threshold_and_enough_iota_flux_tubes/QUASR_finiteBeta_000705.h5,4,unstable,-0.854239821434021,-0.57096565,0.22389540075721054,0.28327417373657227,high_spread_low_error,0.734375,1.7377989292144775,1.176637887954712,0.4256066083908081,0.007943034,0.2133295747086719,1.1801097717293343,2.0,0.5505147571102074,-0.1748567255617097,-34890.47188881766,10.0,0.5667285343769287,17.645132357759568
87710,20241122-01-QUASR/20241122-01-031_QUASR_finite_beta_equilibria_with_maxF_below_threshold_and_enough_iota_flux_tubes/QUASR_finiteBeta_000707.h5,4,unstable,1.885500431060791,1.9484401,0.3796738243879713,0.06293964385986328,high_spread_low_error,0.765625,1.3714519739151,0.2550691068172455,6.589651584625244,0.12852263,0.34307971055478803,1.661277583903391,2.0,0.49634866414719014,-0.19535675895108243,-52900.33852502606,10.0,0.5044542243123655,19.823404221921734
87724,20241122-01-QUASR/20241122-01-031_QUASR_finite_beta_equilibria_with_maxF_below_threshold_and_enough_iota_flux_tubes/QUASR_finiteBeta_000711.h5,4,stable_or_near_floor,-2.0,-1.9991999,0.03091730832958057,0.0008001327514648438,unanimous_success,0.359375,0.34315717220306396,-0.07478182762861252,2.0672804623700358e-07,0.01956129,0.13546970732975194,0.7821226101617954,2.0,0.6963669294559003,-0.0009937154226888172,-9519.140615655493,10.000000953674316,0.1687415709299942,59.26222506144035
87837,20241122-01-QUASR/20241122-01-031_QUASR_finite_beta_equilibria_with_maxF_below_threshold_and_enough_iota_flux_tubes/QUASR_finiteBeta_000740.h5,4,stable_or_near_floor,-2.0,-1.9941185,0.01824528700683083,0.005881547927856445,unanimous_success,0.640625,1.5213184356689453,0.6170861721038818,3.503008372263139e-07,2.7656555e-05,0.37179308288897983,0.7963022825878868,2.0,0.7966123717703647,0.012071639175488192,-84401.33468754972,10.000000953674316,0.39085344880523676,25.585039569798813
87849,20241122-01-QUASR/20241122-01-031_QUASR_finite_beta_equilibria_with_maxF_below_threshold_and_enough_iota_flux_tubes/QUASR_finiteBeta_000743.h5,4,unstable,0.6939345002174377,1.1469646,0.2331362178331624,0.4530300498008728,high_spread_low_error,0.671875,0.881142795085907,0.1390061378479004,2.001575231552124,0.0262959,0.18635103225771327,0.9957645298968907,2.0,0.7933273824399846,-0.00043192419303009205,-28839.085934066497,10.000001907348633,0.13288563957061594,75.25269050637027
87885,20241122-01-QUASR/20241122-01-031_QUASR_finite_beta_equilibria_with_maxF_below_threshold_and_enough_iota_flux_tubes/QUASR_finiteBeta_000752.h5,4,unstable,4.504332542419434,4.180533,0.23245632674574762,0.32379961013793945,high_spread_low_error,0.9375,2.2180182933807373,0.6570272445678711,90.4079818725586,0.011023045,0.22999803873258984,2.003145555638625,2.0,0.8999315112814404,0.012675914084447482,-9276.169104746537,9.999995231628418,0.7685902766139259,13.01082714145701
87891,20241122-01-QUASR/20241122-01-031_QUASR_finite_beta_equilibria_with_maxF_below_threshold_and_enough_iota_flux_tubes/QUASR_finiteBeta_000754.h5,4,unstable,-0.2136542648077011,-0.37410083,0.20010845394364893,0.16044656932353973,high_spread_low_error,0.9375,3.7190816402435303,0.36748284101486206,0.8076275587081909,0.039952427,0.36943109400196134,1.1822985407690654,2.0,0.9012760589862296,0.012472560314491569,-23761.31669943781,9.999995231628418,0.6638698678610883,15.063185897933948
87976,20241122-01-QUASR/20241122-01-031_QUASR_finite_beta_equilibria_with_maxF_below_threshold_and_enough_iota_flux_tubes/QUASR_finiteBeta_000777.h5,4,stable_or_near_floor,-2.0,-1.8977603,0.09716886691253462,0.10223972797393799,unanimous_success,0.6875,1.5964399576187134,0.7871132493019104,6.170424740048475e-07,0.01955092,0.19210317586277767,0.6941662657277986,3.0,0.2155880624999881,-0.07897718105027428,-65602.66310396447,5.00015115737915,0.21317856328072848,23.4552249552156
88038,20241122-01-QUASR/20241122-01-031_QUASR_finite_beta_equilibria_with_maxF_below_threshold_and_enough_iota_flux_tubes/QUASR_finiteBeta_000793.h5,4,unstable,-0.21894784271717072,-0.2857403,0.08417000073459067,0.06679244339466095,unanimous_success,0.953125,2.230614423751831,0.13940809667110443,0.8033636212348938,0.029138789,0.16284578921373902,0.6987397293969073,3.0,0.31072120940160175,-0.11932067147627236,-36140.76992868373,6.6666741371154785,0.2902077545867805,22.972074425123434
88047,20241122-01-QUASR/20241122-01-031_QUASR_finite_beta_equilibria_with_maxF_below_threshold_and_enough_iota_flux_tubes/QUASR_finiteBeta_000795.h5,4,unstable,-1.0735605955123901,-0.78638375,0.24740782531234495,0.28717684745788574,high_spread_low_error,0.484375,1.7750017642974854,1.1639258861541748,0.3417893946170807,0.011627793,0.18710803768727746,0.44445276202492146,3.0,0.35853521112962067,-0.544787605880852,-29937.116639243777,6.6666741371154785,0.7417874496025784,8.98731050341608
88057,20241122-01-QUASR/20241122-01-031_QUASR_finite_beta_equilibria_with_maxF_below_threshold_and_enough_iota_flux_tubes/QUASR_finiteBeta_000798.h5,4,unstable,-0.7761539816856384,-0.4387982,0.13891696622625366,0.3373557925224304,unanimous_success,0.796875,0.8873313069343567,0.03438554331660271,0.4601724445819855,0.044721037,0.05437578992469064,0.3161258850314689,3.0,0.5122352966370423,0.01267393447532131,-18345.160944346746,6.666680812835693,0.2615235753757279,25.491701095236824
88206,20241122-01-QUASR/20241122-01-031_QUASR_finite_beta_equilibria_with_maxF_below_threshold_and_enough_iota_flux_tubes/QUASR_finiteBeta_000835.h5,4,unstable,-0.849955141544342,-1.9959139,0.020271546326890336,1.1459587216377258,common_mode_failure,0.484375,1.7792718410491943,1.5629085302352905,0.42743411660194397,0.0027741194,0.11381969447673232,0.3239595729461382,3.0,0.6093703219385719,-0.3752447556057168,-38535.13731946738,6.666674613952637,0.7948494504290846,8.387342546885774
88368,20241122-01-QUASR/20241122-01-031_QUASR_finite_beta_equilibria_with_maxF_below_threshold_and_enough_iota_flux_tubes/QUASR_finiteBeta_000875.h5,4,unstable,0.7849929928779602,1.7656605,0.5971104308539567,0.9806675314903259,high_spread_high_error,0.65625,2.205362558364868,-0.27475428581237793,2.1923916339874268,0.10686576,0.19963173565330733,0.7650198972254663,3.0,0.8119590823776337,-0.083312964548649,-51857.63155549918,6.666679859161377,0.6791685825259667,9.815942655013036
88391,20241122-01-QUASR/20241122-01-031_QUASR_finite_beta_equilibria_with_maxF_below_threshold_and_enough_iota_flux_tubes/QUASR_finiteBeta_000881.h5,4,unstable,-0.9400381445884705,-0.55675095,0.5026726309973436,0.3832871913909912,high_spread_low_error,0.796875,0.9452023506164551,0.06321673095226288,0.390612930059433,0.0,0.11553444117465816,0.6444686270792513,3.0,0.9271223065548857,0.07499494522715966,-36029.48397225125,6.666673183441162,0.5430840423383171,12.275582900092141
88421,20241122-01-QUASR/20241122-01-031_QUASR_finite_beta_equilibria_with_maxF_below_threshold_and_enough_iota_flux_tubes/QUASR_finiteBeta_000889.h5,4,unstable,0.3128427267074585,0.46498334,0.10968881957297259,0.15214061737060547,unanimous_success,0.75,1.986451268196106,0.986350953578949,1.3673064708709717,0.008349299,0.07944589680286196,0.3376634234249695,3.0,0.8899337974663984,0.058267123092025336,-12541.223761968264,6.666675567626953,0.8021543346584408,8.310963713068558
88529,20241122-01-QUASR/20241122-01-031_QUASR_finite_beta_equilibria_with_maxF_below_threshold_and_enough_iota_flux_tubes/QUASR_finiteBeta_000916.h5,4,stable_or_near_floor,-2.0,-1.9959426,0.017989534795262434,0.004057407379150391,unanimous_success,1.0,1.0845953226089478,2.272164821624756,3.650891855500049e-08,0.0008773804,0.19676861460213477,0.7454238311689239,3.0,0.44932836166358936,-0.12014011836985872,-24187.39541711993,10.0,0.44302447671799816,22.57211627240492
88570,20241122-01-QUASR/20241122-01-031_QUASR_finite_beta_equilibria_with_maxF_below_threshold_and_enough_iota_flux_tubes/QUASR_finiteBeta_000926.h5,4,stable_or_near_floor,-2.0,-1.995116,0.015242444095326975,0.004884004592895508,unanimous_success,1.0,1.449209213256836,0.30093151330947876,2.82013303376516e-07,2.3841858e-07,0.21279126814962454,0.7899692672602479,3.0,0.45141281953212065,-0.010828196873482604,-56635.3251500573,9.999999046325684,0.1941128870565597,51.51640984769821
88603,20241122-01-QUASR/20241122-01-031_QUASR_finite_beta_equilibria_with_maxF_below_threshold_and_enough_iota_flux_tubes/QUASR_finiteBeta_000934.h5,4,unstable,0.05879244953393936,0.072357155,0.09935139929902576,0.013564705848693848,unanimous_success,1.0,1.3732390403747559,0.7152813076972961,1.060555100440979,0.0066903085,0.05298111928022734,0.36903550625546877,3.0,0.5219604493108908,-0.023298426719753827,-37488.56568921113,9.999998092651367,0.21308873563117314,46.928797353042484
88606,20241122-01-QUASR/20241122-01-031_QUASR_finite_beta_equilibria_with_maxF_below_threshold_and_enough_iota_flux_tubes/QUASR_finiteBeta_000935.h5,4,stable_or_near_floor,-2.0,-1.9996324,0.014274028391245103,0.0003676414489746094,unanimous_success,1.0,0.27937832474708557,0.49588045477867126,1.0645820225363423e-07,3.8146973e-06,0.1669976357099671,0.6132276475819858,3.0,0.4708341004136278,-0.00782766239153541,-48176.04571742952,9.999998092651367,0.12289663608086887,81.36917666380334
88745,20241122-01-QUASR/20241122-01-031_QUASR_finite_beta_equilibria_with_maxF_below_threshold_and_enough_iota_flux_tubes/QUASR_finiteBeta_000970.h5,4,stable_or_near_floor,-2.0,-1.985442,0.023619243457205962,0.014557957649230957,unanimous_success,1.0,1.757422685623169,1.0271430015563965,1.4066044968785718e-05,0.01426518,0.23276206788463188,0.7575230598155244,3.0,0.6745626367777297,-0.06329255958522285,-87738.75510024413,10.0,0.3381155055652746,29.57569184318126
88775,20241122-01-QUASR/20241122-01-031_QUASR_finite_beta_equilibria_with_maxF_below_threshold_and_enough_iota_flux_tubes/QUASR_finiteBeta_000977.h5,4,unstable,2.3003952503204346,2.8297265,0.217293493253559,0.5293312072753906,high_spread_high_error,1.0,2.1453428268432617,0.14923427999019623,9.978126525878906,0.07549977,0.11746490523441257,0.5409144759242501,3.0,0.753559019203948,-0.029828696793162163,-61246.87702320229,10.0,0.3422334700326938,29.219818853616783
88820,20241122-01-QUASR/20241122-01-031_QUASR_finite_beta_equilibria_with_maxF_below_threshold_and_enough_iota_flux_tubes/QUASR_finiteBeta_000988.h5,4,stable_or_near_floor,-2.0,-1.9955509,0.02240960932384777,0.004449129104614258,unanimous_success,0.5625,3.600104570388794,5.392889976501465,1.5031665157039242e-07,0.0007157326,0.1310195604101139,0.6953412431643047,3.0,0.9298328709244345,-0.09647558241898326,-32342.242338093674,9.999998092651367,0.8119760718872393,12.31563150550585
88866,20241122-01-QUASR/20241122-01-031_QUASR_finite_beta_equilibria_with_maxF_below_threshold_and_enough_iota_flux_tubes/QUASR_finiteBeta_001000.h5,4,stable_or_near_floor,-2.0,-1.9974883,0.013649757806264257,0.002511739730834961,unanimous_success,0.9375,1.8675038814544678,3.154740810394287,1.2315057063005952e-07,0.0011394024,0.2506261836694316,0.8184138218455005,3.0,0.9206644428668775,-0.1962418737303583,-47393.98420703814,10.0,0.7609602443420665,13.141290986424783
88896,20241122-01-QUASR/20241122-01-031_QUASR_finite_beta_equilibria_with_maxF_below_threshold_and_enough_iota_flux_tubes/QUASR_finiteBeta_001007.h5,4,unstable,-0.8040815591812134,-0.95049644,0.14700226185657816,0.1464148759841919,unanimous_success,0.96875,2.070726156234741,0.07380261272192001,0.44749873876571655,0.0027483702,0.2077429946651737,0.7486532987478457,4.0,0.3037041425984886,-0.28812009166395086,-41946.513385705206,9.99973201751709,0.3982734052149597,25.107707134298725
88927,20241122-01-QUASR/20241122-01-031_QUASR_finite_beta_equilibria_with_maxF_below_threshold_and_enough_iota_flux_tubes/QUASR_finiteBeta_001015.h5,4,stable_or_near_floor,-2.0,-1.9993281,0.022712482017089232,0.0006718635559082031,unanimous_success,0.921875,3.0991008281707764,3.1330928802490234,3.0000447281963716e-07,5.555153e-05,0.14902897025400258,0.3073455106699272,4.0,0.41291886759755136,-0.46829315545828437,-14046.799669670723,9.999581336975098,0.7652722468363877,13.06669799971587
88956,20241122-01-QUASR/20241122-01-031_QUASR_finite_beta_equilibria_with_maxF_below_threshold_and_enough_iota_flux_tubes/QUASR_finiteBeta_001022.h5,4,stable_or_near_floor,-1.9704511165618896,-1.8305397,0.13408624251794465,0.13991141319274902,unanimous_success,1.0,1.8617329597473145,1.1436947584152222,0.13939395546913147,0.006117344,0.17153359797337292,0.4849065415589961,4.0,0.3628747712566361,-0.41155029494758266,-66139.43225089251,9.999581336975098,0.6026013883056598,16.594023065713504
88960,20241122-01-QUASR/20241122-01-031_QUASR_finite_beta_equilibria_with_maxF_below_threshold_and_enough_iota_flux_tubes/QUASR_finiteBeta_001023.h5,4,unstable,3.632303476333618,3.7740402,0.1302739554634677,0.14173674583435059,unanimous_success,0.84375,8.510522842407227,0.2742878198623657,37.79978942871094,0.005275488,0.1642733696368393,0.723308542061822,2.0,0.8016678850091135,0.011976599360084888,-4028.336396668729,7.999914646148682,0.8129999745687295,9.83999372249966
88973,20241122-01-QUASR/20241122-01-031_QUASR_finite_beta_equilibria_with_maxF_below_threshold_and_enough_iota_flux_tubes/QUASR_finiteBeta_001027.h5,4,unstable,6.7969207763671875,6.919964,0.22543254566468507,0.12304306030273438,high_spread_low_error,0.828125,7.6600189208984375,-0.09260199964046478,895.086669921875,0.07281399,0.1559245401265261,0.906938352650281,2.0,0.8008908180843682,0.0007375574206442423,-22935.571050355396,7.999914646148682,0.7724003982710927,10.357211964229098
89019,20241122-01-QUASR/20241122-01-031_QUASR_finite_beta_equilibria_with_maxF_below_threshold_and_enough_iota_flux_tubes/QUASR_finiteBeta_001038.h5,4,stable_or_near_floor,-2.0,-1.9971051,0.023142291313234906,0.002894878387451172,unanimous_success,0.734375,1.045651912689209,1.3401881456375122,9.802411327086702e-09,0.0009827614,0.4007572704932467,0.9134226421294729,2.0,0.9288958506581882,0.03552391971091073,-54002.729507505515,8.000354766845703,0.2970219200139096,26.935233488730546
89124,20241122-01-QUASR/20241122-01-031_QUASR_finite_beta_equilibria_with_maxF_below_threshold_and_enough_iota_flux_tubes/QUASR_finiteBeta_001064.h5,4,unstable,1.150051236152649,1.1269366,0.08582440954790357,0.023114681243896484,unanimous_success,0.890625,4.558749198913574,-0.013107509352266788,3.1583547592163086,0.018554091,0.2530775107311849,0.8693038466713126,2.0,0.9771788894028112,0.048825680455734044,-6648.393532267405,7.999251842498779,0.5992996267987373,13.347666984590276
89145,20241122-01-QUASR/20241122-01-031_QUASR_finite_beta_equilibria_with_maxF_below_threshold_and_enough_iota_flux_tubes/QUASR_finiteBeta_001070.h5,4,unstable,4.131307601928711,4.261943,0.1150523879674745,0.13063526153564453,unanimous_success,0.8125,7.218782901763916,2.49480938911438,62.25929260253906,0.025452137,0.12486230230258968,0.6684246091331898,2.0,0.9594206938041024,0.11933067387604675,-24143.52907164652,7.999251842498779,0.8530504172981711,9.377232201391397
89169,20241122-01-QUASR/20241122-01-031_QUASR_finite_beta_equilibria_with_maxF_below_threshold_and_enough_iota_flux_tubes/QUASR_finiteBeta_001076.h5,4,unstable,-0.6650533080101013,-0.42728496,0.16011770287807497,0.23776835203170776,high_spread_low_error,0.8125,2.7203075885772705,1.9883623123168945,0.5142461061477661,0.06795943,0.0954630681677126,0.8327890743446349,2.0,0.959825712664302,0.1077704300695253,-12225.552823221666,7.9986958503723145,0.8096742990441904,9.87890545595268
89226,20241122-01-QUASR/20241122-01-031_QUASR_finite_beta_equilibria_with_maxF_below_threshold_and_enough_iota_flux_tubes/QUASR_finiteBeta_001090.h5,4,unstable,0.17106200754642487,-0.2877985,0.18643456665849828,0.45886050164699554,high_spread_low_error,0.8125,0.8323038816452026,0.47314906120300293,1.186564326286316,0.0007545054,0.23606163007606437,1.1006419191291763,2.0,0.994830066886766,-0.004708702123072396,-66112.22935265594,7.998911380767822,0.19250895370897092,41.55085374813438
89236,20241122-01-QUASR/20241122-01-031_QUASR_finite_beta_equilibria_with_maxF_below_threshold_and_enough_iota_flux_tubes/QUASR_finiteBeta_001092.h5,4,unstable,4.535977840423584,4.1458464,0.18280610605778377,0.39013147354125977,high_spread_low_error,0.921875,3.4912939071655273,0.3713212311267853,93.31473541259766,0.10144806,0.09531347482116788,0.780678355971073,2.0,0.9844565244317155,0.20525289765475485,-21160.871599080154,7.998911380767822,0.9242079237861163,8.654882927209096
89256,20241122-01-QUASR/20241122-01-031_QUASR_finite_beta_equilibria_with_maxF_below_threshold_and_enough_iota_flux_tubes/QUASR_finiteBeta_001097.h5,4,unstable,-0.3788618743419647,0.028649068,0.11357037308061468,0.40751094184815884,unanimous_success,0.734375,4.747206687927246,2.4048702716827393,0.6846401691436768,0.024221126,0.28097743401174907,0.8224019309573808,2.0,0.9820345686000198,0.10638416834790183,-11820.283661749687,7.998401165008545,0.8857766461847342,9.029817166053878
89330,20241122-01-QUASR/20241122-01-031_QUASR_finite_beta_equilibria_with_maxF_below_threshold_and_enough_iota_flux_tubes/QUASR_finiteBeta_001116.h5,4,unstable,1.5627415180206299,1.5568526,0.16811426750593003,0.005888938903808594,high_spread_low_error,0.75,0.8951818346977234,-0.049984727054834366,4.771885395050049,0.06328559,0.19020618475584677,0.8606998816374695,2.0,1.0027816748591072,-0.012674410245484147,-28291.464905735786,7.997384548187256,0.19668688621791774,40.660486837575
89334,20241122-01-QUASR/20241122-01-031_QUASR_finite_beta_equilibria_with_maxF_below_threshold_and_enough_iota_flux_tubes/QUASR_finiteBeta_001117.h5,4,unstable,2.086874485015869,1.9667903,0.12993997363918539,0.12008416652679443,unanimous_success,0.5625,1.165720820426941,0.2732023298740387,8.059685707092285,0.0075184107,0.16292981336831058,0.8872030541657595,2.0,1.0107387395759482,-0.025385421816841683,-35341.43772646494,7.997384548187256,0.3274746643110349,24.42138406344423
89362,20241122-01-QUASR/20241122-01-031_QUASR_finite_beta_equilibria_with_maxF_below_threshold_and_enough_iota_flux_tubes/QUASR_finiteBeta_001124.h5,4,unstable,-0.2816358208656311,-0.2336505,0.09567503102026281,0.04798531532287598,unanimous_success,0.640625,2.1535520553588867,0.15114542841911316,0.7545484304428101,0.03268507,0.22835699976175242,0.7576408697290905,2.0,1.0043834017377031,0.02567105842046498,-8600.367524644173,7.998577117919922,0.3664816233167748,21.825315674849573
89374,20241122-01-QUASR/20241122-01-031_QUASR_finite_beta_equilibria_with_maxF_below_threshold_and_enough_iota_flux_tubes/QUASR_finiteBeta_001127.h5,4,unstable,1.0373209714889526,0.8920616,0.08239220078840423,0.14525938034057617,unanimous_success,0.578125,3.8678054809570312,-0.14840064942836761,2.8216476440429688,0.0029503703,0.30043133103573777,0.8291914834703319,2.0,0.9871047731774443,0.04494704581765751,-17022.993695371653,7.998577117919922,0.7967264107947306,10.039302086071656
89397,20241122-01-QUASR/20241122-01-031_QUASR_finite_beta_equilibria_with_maxF_below_threshold_and_enough_iota_flux_tubes/QUASR_finiteBeta_001133.h5,4,unstable,3.334843397140503,3.4244509,0.14670175614387623,0.08960747718811035,unanimous_success,0.4375,2.030348777770996,0.19277054071426392,28.073984146118164,0.025933504,0.13556105776928346,0.8666086928400356,2.0,1.00814647746463,-0.0016824469981348436,-93244.99073599292,7.998577117919922,0.22559878956765245,35.4548760356771
89492,20241122-01-QUASR/20241122-01-031_QUASR_finite_beta_equilibria_with_maxF_below_threshold_and_enough_iota_flux_tubes/QUASR_finiteBeta_001156.h5,4,unstable,-1.1797754764556885,-1.2447538,0.1729478417406764,0.06497836112976074,high_spread_low_error,0.640625,1.4047315120697021,1.0350490808486938,0.30734774470329285,0.020339966,0.1665917476493091,0.9130891715127645,2.0,1.0138486386091619,0.026111468591456275,-35695.25215254751,7.999912738800049,0.3115293433119206,25.67948384492978
89631,20241122-01-QUASR/20241122-01-031_QUASR_finite_beta_equilibria_with_maxF_below_threshold_and_enough_iota_flux_tubes/QUASR_finiteBeta_001193.h5,4,unstable,1.5158969163894653,1.785399,0.13302936868172988,0.26950204372406006,unanimous_success,0.96875,3.699725866317749,0.7190520167350769,4.553503513336182,0.014617443,0.23911511967980306,0.8554959226943764,2.0,0.9041987882537798,0.02194631304690043,-6330.363048357256,7.999669075012207,0.6291220267454257,12.715607998016058
89653,20241122-01-QUASR/20241122-01-031_QUASR_finite_beta_equilibria_with_maxF_below_threshold_and_enough_iota_flux_tubes/QUASR_finiteBeta_001200.h5,4,unstable,3.1459152698516846,2.5876534,0.19735718332710456,0.5582618713378906,high_spread_high_error,0.96875,5.374809741973877,0.22733627259731293,23.240936279296875,2.3841858e-07,0.26002032703280076,0.7929310393647394,2.0,0.9026417598773653,0.023679756824829278,-47075.27356978956,7.999669075012207,0.6687037614469817,11.962949120701875
89666,20241122-01-QUASR/20241122-01-031_QUASR_finite_beta_equilibria_with_maxF_below_threshold_and_enough_iota_flux_tubes/QUASR_finiteBeta_001203.h5,4,stable_or_near_floor,-2.0,-1.9969399,0.024968196826294805,0.0030601024627685547,unanimous_success,0.578125,0.5255782604217529,-0.04765087738633156,1.7374000549352786e-07,9.3221664e-05,0.42815326788594144,0.8445349153026994,2.0,0.9485500312549798,0.016502088389338542,-9189.314978570017,8.000303268432617,0.25781176024991415,31.03156838414737
89732,20241122-01-QUASR/20241122-01-031_QUASR_finite_beta_equilibria_with_maxF_below_threshold_and_enough_iota_flux_tubes/QUASR_finiteBeta_001220.h5,4,unstable,-1.003615140914917,-1.4648829,0.24551581010399315,0.46126770973205566,high_spread_low_error,0.8125,0.3566621243953705,-0.007006106432527304,0.3665519058704376,0.0,0.23303629744146373,1.099980136919443,2.0,0.9445981829021491,-0.0030877168625270293,-75769.63997267808,7.999203205108643,0.18437869910210392,43.384638486243475
89770,20241122-01-QUASR/20241122-01-031_QUASR_finite_beta_equilibria_with_maxF_below_threshold_and_enough_iota_flux_tubes/QUASR_finiteBeta_001229.h5,4,unstable,0.4779548645019531,0.43729508,0.10004973786035709,0.04065978527069092,unanimous_success,0.875,3.802128314971924,-0.1481185257434845,1.6127727031707764,0.0031631887,0.2553802314463194,0.8467203090968354,2.0,0.9252242750272804,0.07569235776596667,-32592.908612678923,7.999547004699707,0.7672368277083004,10.426437725355248
89792,20241122-01-QUASR/20241122-01-031_QUASR_finite_beta_equilibria_with_maxF_below_threshold_and_enough_iota_flux_tubes/QUASR_finiteBeta_001235.h5,4,unstable,0.17218227684497833,0.2552191,0.11114771057489825,0.08303682506084442,unanimous_success,0.71875,2.7034614086151123,1.7778726816177368,1.187894344329834,0.017963558,0.11270440443815369,0.669930043875913,2.0,0.9440416834920459,0.0176016963797313,-11420.775140999218,7.998004913330078,0.8285370934439168,9.653164567545652
89860,20241122-01-QUASR/20241122-01-031_QUASR_finite_beta_equilibria_with_maxF_below_threshold_and_enough_iota_flux_tubes/QUASR_finiteBeta_001252.h5,4,unstable,0.4096832871437073,0.53600484,0.09564783445513181,0.12632155418395996,unanimous_success,0.796875,4.141841411590576,0.865709125995636,1.5063406229019165,0.016498983,0.30072770592554837,0.9228580553308734,2.0,0.9784729958212054,-0.005868177230213948,-64098.762756562675,7.999426364898682,0.44949312879982806,17.796548717569053
89868,20241122-01-QUASR/20241122-01-031_QUASR_finite_beta_equilibria_with_maxF_below_threshold_and_enough_iota_flux_tubes/QUASR_finiteBeta_001254.h5,4,unstable,-0.5101731419563293,-0.5139699,0.10081477874112284,0.0037967562675476074,unanimous_success,0.75,2.7444236278533936,0.35929229855537415,0.6003916263580322,0.005505562,0.30436828012902173,0.8805741095665973,2.0,0.977586195487308,0.001994590523109814,-87891.3300003791,7.999426364898682,0.3355064208371503,23.842841352897626
89937,20241122-01-QUASR/20241122-01-031_QUASR_finite_beta_equilibria_with_maxF_below_threshold_and_enough_iota_flux_tubes/QUASR_finiteBeta_001271.h5,4,unstable,5.258717060089111,5.2591114,0.11112699632712833,0.0003943443298339844,unanimous_success,0.8125,5.084955215454102,0.8234360218048096,192.2346649169922,0.013534546,0.1493086034385452,0.9055234545534316,2.0,0.9478446619763858,0.11500414570150355,-16499.561844536463,7.998861789703369,0.9238418939739527,8.658258346886457
89950,20241122-01-QUASR/20241122-01-031_QUASR_finite_beta_equilibria_with_maxF_below_threshold_and_enough_iota_flux_tubes/QUASR_finiteBeta_001274.h5,4,unstable,2.2662882804870605,2.4889567,0.1170639956744197,0.22266840934753418,unanimous_success,0.859375,8.266369819641113,0.24734066426753998,9.643540382385254,0.029750586,0.2950984786764042,0.8521043153463139,2.0,0.9611129557132044,0.07139769041570042,-34467.535497673445,7.998861789703369,0.8532071807746713,9.375052120917204
90002,20241122-01-QUASR/20241122-01-031_QUASR_finite_beta_equilibria_with_maxF_below_threshold_and_enough_iota_flux_tubes/QUASR_finiteBeta_001288.h5,4,unstable,1.2210808992385864,1.2781503,0.07655030931152965,0.05706942081451416,unanimous_success,0.8125,4.830542087554932,1.0728343725204468,3.390850782394409,0.0056397915,0.2803738295298528,0.8285245376897603,2.0,0.9752715588686653,0.02689387801911206,-21963.670125554578,7.998630046844482,0.7017775334530779,11.397671862602145
90197,20241122-01-QUASR/20241122-01-031_QUASR_finite_beta_equilibria_with_maxF_below_threshold_and_enough_iota_flux_tubes/QUASR_finiteBeta_001336.h5,4,stable_or_near_floor,-2.0,-1.9984109,0.020174673139196807,0.001589059829711914,unanimous_success,0.8125,2.2269747257232666,4.948693752288818,2.6729156843430246e-07,0.00013315678,0.08518384744590911,0.7402504367060995,2.0,1.1020193044477327,0.38600398464096747,-6594.266502879184,7.999671459197998,0.8632482345402388,9.266942159990142
90322,20241122-01-QUASR/20241122-01-031_QUASR_finite_beta_equilibria_with_maxF_below_threshold_and_enough_iota_flux_tubes/QUASR_finiteBeta_001368.h5,4,unstable,-1.2368254661560059,-1.8417444,0.08393359061312873,0.6049189567565918,common_mode_failure,0.484375,4.122657775878906,3.956599712371826,0.2903043329715729,0.010351419,0.3187771860019316,0.7036317253733799,3.0,0.9914510629729818,0.07306677479119522,-11293.030300729126,5.999989986419678,0.8943064763932252,6.709098217221778
90353,20241122-01-QUASR/20241122-01-031_QUASR_finite_beta_equilibria_with_maxF_below_threshold_and_enough_iota_flux_tubes/QUASR_finiteBeta_001375.h5,4,stable_or_near_floor,-2.0,-1.9470391,0.04693684811838932,0.052960872650146484,unanimous_success,0.359375,3.1216373443603516,3.088632106781006,0.11435927450656891,0.006209016,0.3178967963432922,0.8449350653988815,3.0,0.9896712262466947,-0.011351581027783433,-7852.634558084176,6.002080917358398,0.4695119111845327,12.783660593861685
90454,20241122-01-QUASR/20241122-01-031_QUASR_finite_beta_equilibria_with_maxF_below_threshold_and_enough_iota_flux_tubes/QUASR_finiteBeta_001401.h5,4,stable_or_near_floor,-2.0,-1.9996167,0.014948480277493577,0.0003832578659057617,unanimous_success,0.609375,0.4866020381450653,0.29804155230522156,1.364747390653065e-07,0.0017318726,0.21239840746307506,0.6492997081651805,3.0,1.1190543373263717,0.0008856199658137565,-67768.48570439243,5.999998569488525,0.09901720281767112,60.59551672588487
90585,20241122-01-QUASR/20241122-01-031_QUASR_finite_beta_equilibria_with_maxF_below_threshold_and_enough_iota_flux_tubes/QUASR_finiteBeta_001433.h5,4,unstable,-1.7405486106872559,-1.8762164,0.08898651517451533,0.1356678009033203,unanimous_success,0.34375,1.4052046537399292,1.0136163234710693,0.17542412877082825,0.03791344,0.1476762830958644,0.5464921696421975,3.0,1.5666316722808422,0.011332285302845566,-81407.48047039303,6.000020503997803,0.2881996671195328,20.818970972333748
90755,20241122-01-QUASR/20241122-01-031_QUASR_finite_beta_equilibria_with_maxF_below_threshold_and_enough_iota_flux_tubes/QUASR_finiteBeta_001476.h5,4,unstable,1.9421786069869995,1.9381986,0.08179401003693224,0.003980040550231934,unanimous_success,0.859375,1.3487367630004883,0.42587295174598694,6.973927974700928,0.022967339,0.10379479734549225,0.8162908554535324,3.0,1.680130379296607,0.0011213677539616735,-18076.072801958366,5.999977111816406,0.289642788435729,20.71509235296492
90775,20241122-01-QUASR/20241122-01-031_QUASR_finite_beta_equilibria_with_maxF_below_threshold_and_enough_iota_flux_tubes/QUASR_finiteBeta_001481.h5,4,unstable,2.968249797821045,2.8977919,0.08666210118444859,0.07045793533325195,unanimous_success,0.625,3.775601387023926,-0.3342365324497223,19.457834243774414,0.005403042,0.10792259284380573,0.3543680683143627,3.0,1.7147780309147416,0.03633643408492583,-22680.59828510821,5.999977111816406,0.8670461044221563,6.920020839970323
90804,20241122-01-QUASR/20241122-01-031_QUASR_finite_beta_equilibria_with_maxF_below_threshold_and_enough_iota_flux_tubes/QUASR_finiteBeta_001488.h5,4,unstable,-0.006843805778771639,0.2992304,0.1215631292106733,0.30607420252636075,unanimous_success,0.734375,2.8280622959136963,1.9691290855407715,0.9931795597076416,0.0017248839,0.10438986970028014,0.6282696816277089,3.0,1.8781229171205505,0.03335291456516438,-29657.179097367167,5.999939441680908,0.5205137395550838,11.5269568999455
90814,20241122-01-QUASR/20241122-01-031_QUASR_finite_beta_equilibria_with_maxF_below_threshold_and_enough_iota_flux_tubes/QUASR_finiteBeta_001491.h5,4,stable_or_near_floor,-2.0,-1.9962162,0.027732659085267057,0.0037838220596313477,unanimous_success,0.859375,0.5469508171081543,0.2051079124212265,1.8068520546421496e-07,0.0014152527,0.08903616382911056,0.6577361243346223,3.0,1.919471367967584,0.0014188735879933569,-66693.75190833,5.999939441680908,0.16580164189303026,36.18745492008982
90868,20241122-01-QUASR/20241122-01-031_QUASR_finite_beta_equilibria_with_maxF_below_threshold_and_enough_iota_flux_tubes/QUASR_finiteBeta_001504.h5,4,unstable,2.4283604621887207,2.4551888,0.129987303663823,0.026828289031982422,unanimous_success,0.671875,2.0043365955352783,-0.11557316035032272,11.3402738571167,0.020404577,0.12687755554929703,0.6788584493280735,3.0,1.9364770039911374,0.0216721277427735,-83926.48093682494,5.999933242797852,0.39778931732792455,15.083193493232253
90961,20241122-01-QUASR/20241122-01-031_QUASR_finite_beta_equilibria_with_maxF_below_threshold_and_enough_iota_flux_tubes/QUASR_finiteBeta_001527.h5,4,unstable,1.0212675333023071,1.06161,0.06890254712888577,0.04034245014190674,unanimous_success,0.546875,2.5379292964935303,0.3984065055847168,2.77671217918396,0.010958314,0.15146100459335354,0.5709098482571018,3.0,1.4295658307310106,0.029436270891665263,-22582.725436534325,6.666667461395264,0.5078243702865085,13.12789982417348
90973,20241122-01-QUASR/20241122-01-031_QUASR_finite_beta_equilibria_with_maxF_below_threshold_and_enough_iota_flux_tubes/QUASR_finiteBeta_001530.h5,4,unstable,1.5763535499572754,1.5018779,0.06567214027243093,0.07447564601898193,unanimous_success,0.546875,3.6838738918304443,0.7795417308807373,4.837284564971924,0.06624091,0.2176895311886048,0.7158973065339885,3.0,1.4418884031495887,0.034524225847339114,-46602.937734111736,6.666667461395264,0.4798831362890025,13.89227284157025
91018,20241122-01-QUASR/20241122-01-031_QUASR_finite_beta_equilibria_with_maxF_below_threshold_and_enough_iota_flux_tubes/QUASR_finiteBeta_001542.h5,4,unstable,2.855846405029297,2.8223646,0.07200618407929898,0.03348183631896973,unanimous_success,0.4375,4.409740924835205,0.17850670218467712,17.389150619506836,0.0,0.14582128179125753,0.34057097130193276,3.0,1.5279380590950915,0.059843996114521035,-46540.82091013814,6.666670322418213,0.6744333076207546,9.884847392749167
91023,20241122-01-QUASR/20241122-01-031_QUASR_finite_beta_equilibria_with_maxF_below_threshold_and_enough_iota_flux_tubes/QUASR_finiteBeta_001543.h5,4,unstable,2.2229413986206055,2.215911,0.05017030564132157,0.007030487060546875,unanimous_success,0.53125,2.7363033294677734,0.9122917056083679,9.234453201293945,0.009786129,0.11016630322508555,0.28742296980617643,3.0,1.512018956661791,0.10776730295284104,-35871.018104310475,6.666670322418213,0.8160171119390895,8.169767796383953
91132,20241122-01-QUASR/20241122-01-031_QUASR_finite_beta_equilibria_with_maxF_below_threshold_and_enough_iota_flux_tubes/QUASR_finiteBeta_001570.h5,4,stable_or_near_floor,-2.0,-1.9996324,0.02241793165488224,0.0003676414489746094,unanimous_success,0.5625,1.071367621421814,1.3774237632751465,1.4986846963438438e-07,0.0033035278,0.3347704043549322,0.9257472866582979,3.0,0.8026373574801264,-0.004230754744514518,-52208.97139058022,5.999990940093994,0.3502280751520186,17.13166752119933
91290,20241122-01-QUASR/20241122-01-031_QUASR_finite_beta_equilibria_with_maxF_below_threshold_and_enough_iota_flux_tubes/QUASR_finiteBeta_001610.h5,4,unstable,2.356872320175171,2.4414341,0.06962179166067053,0.08456182479858398,unanimous_success,0.453125,3.414794921875,-0.009272134862840176,10.557878494262695,0.011685371,0.14976057732000705,0.4375064098418008,3.0,0.9930965455416076,-0.01396639773708278,-34880.58188021104,6.003862380981445,0.7422981116191111,8.088209153443401
91464,20241122-01-QUASR/20241122-01-031_QUASR_finite_beta_equilibria_with_maxF_below_threshold_and_enough_iota_flux_tubes/QUASR_finiteBeta_001653.h5,4,unstable,0.37723997235298157,0.6119139,0.08165704874035438,0.23467394709587097,unanimous_success,0.59375,2.489910840988159,0.8370145559310913,1.4582542181015015,0.027513623,0.2252587437437777,0.6414952174628858,3.0,1.4515882010681052,0.044468727520985074,-73795.72689790488,5.999990463256836,0.5243417302469803,11.442900912026714
91484,20241122-01-QUASR/20241122-01-031_QUASR_finite_beta_equilibria_with_maxF_below_threshold_and_enough_iota_flux_tubes/QUASR_finiteBeta_001658.h5,4,unstable,2.026092052459717,1.9894965,0.08547787217047705,0.03659558296203613,unanimous_success,0.671875,1.4190796613693237,0.24510164558887482,7.584389686584473,0.013653517,0.06544173192566755,0.7473960509428426,3.0,1.5330174889190284,0.008767622283769151,-44894.06001000568,6.000000476837158,0.30118948505955057,19.92101575408866
91523,20241122-01-QUASR/20241122-01-031_QUASR_finite_beta_equilibria_with_maxF_below_threshold_and_enough_iota_flux_tubes/QUASR_finiteBeta_001668.h5,4,stable_or_near_floor,-2.0,-1.7372158,0.19667104952733597,0.2627842426300049,high_spread_low_error,0.6875,0.551362156867981,0.12033510208129883,3.1445668469132215e-07,0.01670146,0.0722495906004944,0.8211159477588665,3.0,1.5401412012903828,0.001001587565932793,-48392.142600825006,6.000003337860107,0.10062339867445436,59.62831127650383
91577,20241122-01-QUASR/20241122-01-031_QUASR_finite_beta_equilibria_with_maxF_below_threshold_and_enough_iota_flux_tubes/QUASR_finiteBeta_001681.h5,4,unstable,2.3886749744415283,2.438624,0.06865656790854738,0.049948930740356445,unanimous_success,0.265625,3.5733985900878906,0.5933200120925903,10.899042129516602,0.00024175644,0.08434726924261003,0.3433510376206184,3.0,1.6325592500434265,0.04351632239578593,-51378.585877685866,5.999999523162842,0.6206460114390825,9.667345656907926
91680,20241122-01-QUASR/20241122-01-031_QUASR_finite_beta_equilibria_with_maxF_below_threshold_and_enough_iota_flux_tubes/QUASR_finiteBeta_001707.h5,4,unstable,2.5787036418914795,2.5862305,0.06092073511613068,0.007526874542236328,unanimous_success,0.734375,4.351332187652588,1.5429834127426147,13.180041313171387,0.009635448,0.15276290831717157,0.5112831589564246,3.0,1.7051486811460388,-0.01217887576317311,-4637.633412828455,5.999989032745361,0.9957136863640099,6.025817576792757
91710,20241122-01-QUASR/20241122-01-031_QUASR_finite_beta_equilibria_with_maxF_below_threshold_and_enough_iota_flux_tubes/QUASR_finiteBeta_001715.h5,4,stable_or_near_floor,-2.0,-2.0004668,0.011990626250017945,0.0004668235778808594,unanimous_success,0.578125,1.173256516456604,2.6877048015594482,1.5931706798255618e-07,0.0016727448,0.09676918124128088,0.524254913044289,3.0,1.8304913319060516,0.06302199503625086,-10071.318904126887,5.999940872192383,0.7381962290133525,8.127840046286469
91802,20241122-01-QUASR/20241122-01-031_QUASR_finite_beta_equilibria_with_maxF_below_threshold_and_enough_iota_flux_tubes/QUASR_finiteBeta_001738.h5,4,unstable,-0.6921852827072144,-0.035881434,0.30911458849724316,0.6563038490712643,high_spread_high_error,0.859375,1.198887825012207,0.021162906661629677,0.5004811882972717,0.03929741,0.24616928870922677,0.7912324519639745,3.0,0.5910688879812915,0.002505593053108997,-44493.70636311106,7.999989986419678,0.31613065622548076,25.30596077564104
91816,20241122-01-QUASR/20241122-01-031_QUASR_finite_beta_equilibria_with_maxF_below_threshold_and_enough_iota_flux_tubes/QUASR_finiteBeta_001741.h5,4,unstable,4.531627655029297,3.3279715,0.1372761460523123,1.2036561965942383,common_mode_failure,0.765625,5.607977390289307,1.3606833219528198,92.90966033935547,0.016647577,0.29455041118132314,0.7445217007879039,3.0,0.5989337598559482,-0.053037671984448545,-39018.31561251135,7.999989986419678,0.750450922430732,10.660244057675992
91892,20241122-01-QUASR/20241122-01-031_QUASR_finite_beta_equilibria_with_maxF_below_threshold_and_enough_iota_flux_tubes/QUASR_finiteBeta_001760.h5,4,stable_or_near_floor,-2.0,-2.0120316,0.051242451329688805,0.01203155517578125,unanimous_success,0.453125,2.4408516883850098,2.290175676345825,1.4375979162650765e-07,0.0026993752,0.12338242999270918,0.829293207623443,3.0,0.8006153947856709,-0.007686481960392011,-26507.94414082973,7.999995708465576,0.8299314977987307,9.63934460818076
92051,20241122-01-QUASR/20241122-01-031_QUASR_finite_beta_equilibria_with_maxF_below_threshold_and_enough_iota_flux_tubes/QUASR_finiteBeta_001800.h5,4,unstable,0.7516273260116577,0.81514525,0.16308069382197413,0.06351792812347412,high_spread_low_error,0.34375,1.326467752456665,0.3852808475494385,2.120447874069214,0.021312475,0.21060992920618754,1.1098330929481786,3.0,1.0165508044897458,0.0029820219461393306,-66138.06863589457,7.999998569488525,0.19140137671198398,41.796975063176916
92099,20241122-01-QUASR/20241122-01-031_QUASR_finite_beta_equilibria_with_maxF_below_threshold_and_enough_iota_flux_tubes/QUASR_finiteBeta_001812.h5,4,stable_or_near_floor,-2.0,-1.973492,0.02912769058342941,0.026507973670959473,unanimous_success,0.609375,0.5462011694908142,0.1860937774181366,0.07712163031101227,0.0080782175,0.188052957718383,0.4993886402651851,3.0,1.0960323366864062,-0.0001371085300300805,-87019.3494045627,7.999999046325684,0.10598246091454011,75.48417896029564
92133,20241122-01-QUASR/20241122-01-031_QUASR_finite_beta_equilibria_with_maxF_below_threshold_and_enough_iota_flux_tubes/QUASR_finiteBeta_001820.h5,4,unstable,1.8229880332946777,1.8445076,0.06070909140669709,0.02151954174041748,unanimous_success,0.65625,3.0963268280029297,0.4893087148666382,6.1903276443481445,0.0,0.13099675697355653,0.41586641283081116,3.0,1.1001096600537796,-0.0020524173223324844,-51665.64383936882,7.999998569488525,0.5242062119741601,15.26116704981526
92230,20241122-01-QUASR/20241122-01-031_QUASR_finite_beta_equilibria_with_maxF_below_threshold_and_enough_iota_flux_tubes/QUASR_finiteBeta_001845.h5,4,unstable,1.7718383073806763,1.8076477,0.0699285776110158,0.03580939769744873,unanimous_success,0.484375,3.4283926486968994,1.7304519414901733,5.881655693054199,0.0025455952,0.10726066133871509,0.44532234862189246,3.0,1.4207550672709266,0.03426817667546976,-13408.341478098897,8.000001907348633,0.5939149515701608,13.469945294690177
92350,20241122-01-QUASR/20241122-01-031_QUASR_finite_beta_equilibria_with_maxF_below_threshold_and_enough_iota_flux_tubes/QUASR_finiteBeta_001875.h5,4,unstable,0.21649642288684845,0.22652973,0.0932864515238906,0.01003330945968628,unanimous_success,0.6875,3.409825086593628,2.2726950645446777,1.2417186498641968,0.009925872,0.11527708637988754,0.4651726098586985,3.0,1.4965176954854698,0.006291517087674565,-7688.119467840674,7.999997615814209,0.825951636814964,9.685794251421079
92531,20241122-01-QUASR/20241122-01-031_QUASR_finite_beta_equilibria_with_maxF_below_threshold_and_enough_iota_flux_tubes/QUASR_finiteBeta_001920.h5,4,unstable,2.485781669616699,2.4163709,0.06603333907158764,0.06941080093383789,unanimous_success,0.5625,3.0255160331726074,0.761268675327301,12.010503768920898,0.013399839,0.0760458033458249,0.4451667047788852,3.0,1.7299749870348,0.01897958398014488,-40691.609557820375,7.9999895095825195,0.6748188191016901,11.855018388835095
92535,20241122-01-QUASR/20241122-01-031_QUASR_finite_beta_equilibria_with_maxF_below_threshold_and_enough_iota_flux_tubes/QUASR_finiteBeta_001921.h5,4,unstable,-1.8114036321640015,-1.3089087,0.26682307657291926,0.5024949312210083,high_spread_high_error,0.890625,1.2004880905151367,0.7004053592681885,0.16342458128929138,0.05016923,0.11171388570382594,0.43120431974056944,3.0,1.7269375632059965,-0.014635817106252755,-62146.43173840329,7.9999895095825195,0.47974537147012686,16.675490760999804
92635,20241122-01-QUASR/20241122-01-031_QUASR_finite_beta_equilibria_with_maxF_below_threshold_and_enough_iota_flux_tubes/QUASR_finiteBeta_001946.h5,4,unstable,-0.6573329567909241,-0.3930126,0.27164443881232364,0.26432034373283386,high_spread_low_error,0.875,1.164987325668335,0.6320730447769165,0.5182316303253174,0.12159523,0.11523459704742421,0.41151576860892775,3.0,1.9130778999712739,0.003593454230316162,-28375.81862280074,7.999963760375977,0.1882731552568312,42.49126089942507
92661,20241122-01-QUASR/20241122-01-031_QUASR_finite_beta_equilibria_with_maxF_below_threshold_and_enough_iota_flux_tubes/QUASR_finiteBeta_001952.h5,4,stable_or_near_floor,-2.0,-1.4000243,0.34925920517109177,0.5999757051467896,high_spread_high_error,0.671875,0.5251269340515137,0.19214171171188354,2.0281818535750062e-07,0.01798582,0.11683011831571466,0.6709550237621246,3.0,1.9241051524898212,-0.002224089220805581,-85937.73324630588,7.999963760375977,0.1583539549413402,50.51950715938507
92671,20241122-01-QUASR/20241122-01-031_QUASR_finite_beta_equilibria_with_maxF_below_threshold_and_enough_iota_flux_tubes/QUASR_finiteBeta_001955.h5,4,stable_or_near_floor,-2.0,-2.0055382,0.021776103252606926,0.005538225173950195,unanimous_success,0.875,0.5481452941894531,0.5961107611656189,1.46598821970656e-07,0.0002014637,0.09146586760089992,0.3645164011917904,3.0,1.921497864196252,0.004729242360601308,-18572.700251069506,7.999988079071045,0.23513667771343638,34.02271460525064
92730,20241122-01-QUASR/20241122-01-031_QUASR_finite_beta_equilibria_with_maxF_below_threshold_and_enough_iota_flux_tubes/QUASR_finiteBeta_001970.h5,4,stable_or_near_floor,-2.0,-1.9940817,0.015870946713822325,0.005918264389038086,unanimous_success,0.921875,1.1962206363677979,0.9695601463317871,1.8811715563060716e-07,0.0003093481,0.22552350344096622,0.6295695403865,3.0,2.1031194613940505,-0.0018053364565355887,-50227.5416467405,7.9999918937683105,0.5463126458605728,14.643614703749744
92753,20241122-01-QUASR/20241122-01-031_QUASR_finite_beta_equilibria_with_maxF_below_threshold_and_enough_iota_flux_tubes/QUASR_finiteBeta_001975.h5,4,stable_or_near_floor,-2.0,-1.9953902,0.0307946960198814,0.004609823226928711,unanimous_success,0.859375,4.357825756072998,4.843371868133545,1.227294319505745e-07,0.00375247,0.11306948964170199,0.5728887993876662,3.0,2.0957068577036693,0.15590818059659053,-11662.258890852667,7.999977111816406,0.6732771400238187,11.882145755807764
92789,20241122-01-QUASR/20241122-01-031_QUASR_finite_beta_equilibria_with_maxF_below_threshold_and_enough_iota_flux_tubes/QUASR_finiteBeta_001984.h5,4,unstable,5.766868591308594,5.719059,0.19156856908765715,0.047809600830078125,high_spread_low_error,0.9375,9.340755462646484,-0.1554168462753296,319.53558349609375,0.02940464,0.08796592429386312,0.5433825934741049,3.0,2.1484978581094065,0.2935337668305516,-2036.902046862948,8.000076293945312,0.9435919287313914,8.478322090674286
92837,20241122-01-QUASR/20241122-01-031_QUASR_finite_beta_equilibria_with_maxF_below_threshold_and_enough_iota_flux_tubes/QUASR_finiteBeta_001996.h5,4,unstable,2.2681961059570312,2.0666952,0.14517916064939812,0.20150089263916016,unanimous_success,0.9375,1.8556894063949585,-0.012046164833009243,9.661955833435059,0.018040895,0.1927021956453813,0.756497068409697,3.0,2.3178577479118916,0.048778624821969915,-23167.841598392533,8.000103950500488,0.48519969422530707,16.48827080007508
92868,20241122-01-QUASR/20241122-01-031_QUASR_finite_beta_equilibria_with_maxF_below_threshold_and_enough_iota_flux_tubes/QUASR_finiteBeta_002004.h5,4,unstable,3.1695101261138916,3.233528,0.08234041370637014,0.06401777267456055,unanimous_success,0.796875,2.2846739292144775,0.7177482843399048,23.795825958251953,0.003383875,0.10325894093709764,0.9641373573955282,3.0,2.2126421804462644,0.0075766890354541224,-9152.315182760136,8.035163879394531,0.2659491948433692,30.213153621791715
92921,20241122-01-QUASR/20241122-01-031_QUASR_finite_beta_equilibria_with_maxF_below_threshold_and_enough_iota_flux_tubes/QUASR_finiteBeta_002017.h5,4,unstable,1.0973405838012695,1.0482361,0.215355902366613,0.04910445213317871,high_spread_low_error,0.9375,1.4055402278900146,0.16117924451828003,2.996187448501587,0.06632018,0.18402108283435942,0.7534728756778644,3.0,2.47408424528545,0.012229856994108765,-36875.7373004894,8.007667541503906,0.2511075465448237,31.889394212509284
93018,20241122-01-QUASR/20241122-01-031_QUASR_finite_beta_equilibria_with_maxF_below_threshold_and_enough_iota_flux_tubes/QUASR_finiteBeta_002042.h5,4,unstable,1.7825430631637573,2.445262,0.14008209240902778,0.6627188920974731,common_mode_failure,0.53125,4.700630187988281,0.3072371184825897,5.944955348968506,0.0027534962,0.3774916668959943,0.8872446912628075,3.0,0.8013459063375715,0.004888778118650081,-47784.40360270698,7.999998092651367,0.7165218341100327,11.165044401735353
93059,20241122-01-QUASR/20241122-01-031_QUASR_finite_beta_equilibria_with_maxF_below_threshold_and_enough_iota_flux_tubes/QUASR_finiteBeta_002052.h5,4,unstable,-1.5770114660263062,-1.3354166,0.1725369151721393,0.24159491062164307,high_spread_low_error,0.46875,3.164884328842163,2.579148054122925,0.20659159123897552,0.008312583,0.1557416956831484,0.6334465182898433,3.0,0.9018314908224123,0.005747713695596904,-36657.790904458714,7.999995231628418,0.8098234116346608,9.878690979654577
93143,20241122-01-QUASR/20241122-01-031_QUASR_finite_beta_equilibria_with_maxF_below_threshold_and_enough_iota_flux_tubes/QUASR_finiteBeta_002073.h5,4,unstable,2.6769235134124756,2.5650744,0.06841295052131026,0.11184906959533691,unanimous_success,0.359375,4.450242042541504,2.0659420490264893,14.540291786193848,0.01737094,0.09243848373818611,0.5107570969795922,3.0,0.9980912050929271,0.020098378332118267,-26142.490093796827,8.000651359558105,0.9076674127364097,8.814518674233298
93190,20241122-01-QUASR/20241122-01-031_QUASR_finite_beta_equilibria_with_maxF_below_threshold_and_enough_iota_flux_tubes/QUASR_finiteBeta_002085.h5,4,stable_or_near_floor,-1.9401220083236694,-1.7576326,0.11666541446561868,0.18248939514160156,unanimous_success,0.578125,1.1466838121414185,0.7462291717529297,0.1436864137649536,0.009534478,0.09911725277463665,0.3631547200136674,3.0,1.1052293839699334,0.003772786871835723,-17356.83447527195,7.999997615814209,0.35400296426608746,22.598674088505614
93362,20241122-01-QUASR/20241122-01-031_QUASR_finite_beta_equilibria_with_maxF_below_threshold_and_enough_iota_flux_tubes/QUASR_finiteBeta_002128.h5,4,unstable,2.8222248554229736,2.7210977,0.057773125126949966,0.10112714767456055,unanimous_success,0.625,2.859401226043701,0.6426951289176941,16.814218521118164,0.004828453,0.10839972414012349,0.49319174343732974,3.0,1.3293610863890983,0.054238656113620165,-32410.571300750977,7.999995708465576,0.6150723858334731,13.006592220239137
93522,20241122-01-QUASR/20241122-01-031_QUASR_finite_beta_equilibria_with_maxF_below_threshold_and_enough_iota_flux_tubes/QUASR_finiteBeta_002168.h5,4,unstable,3.2451462745666504,3.2369127,0.06365243411866807,0.00823354721069336,unanimous_success,0.359375,3.54561185836792,0.1595352292060852,25.665464401245117,0.014337063,0.07830191110557931,0.42806153993673385,3.0,1.5126602163283405,0.0483261234260818,-26595.077190784483,7.999992370605469,0.7157467471730692,11.17712710843945
93600,20241122-01-QUASR/20241122-01-031_QUASR_finite_beta_equilibria_with_maxF_below_threshold_and_enough_iota_flux_tubes/QUASR_finiteBeta_002187.h5,4,stable_or_near_floor,-2.0,-2.0045795,0.012577680920111734,0.0045795440673828125,unanimous_success,0.453125,0.618521511554718,1.0557103157043457,2.1576585140792304e-07,0.0017223358,0.10857644956291909,0.6059575792586309,3.0,1.6334588908535617,0.005190175839299984,-35795.33693022568,7.999989032745361,0.30686853383025436,26.069760013812918
93659,20241122-01-QUASR/20241122-01-031_QUASR_finite_beta_equilibria_with_maxF_below_threshold_and_enough_iota_flux_tubes/QUASR_finiteBeta_002202.h5,4,unstable,1.8574600219726562,1.7962286,0.10113930168132963,0.061231374740600586,unanimous_success,0.59375,3.005913496017456,-0.09647835046052933,6.407441139221191,0.02019155,0.12061792708065369,0.502380688202024,3.0,1.7610732621732745,-0.014236229734968867,-76982.7661179522,7.9999847412109375,0.373753028562386,21.40446800386421
93730,20241122-01-QUASR/20241122-01-031_QUASR_finite_beta_equilibria_with_maxF_below_threshold_and_enough_iota_flux_tubes/QUASR_finiteBeta_002220.h5,4,unstable,1.9784150123596191,1.9529151,0.09832248657377687,0.025499939918518066,unanimous_success,0.515625,2.047921657562256,0.4552936851978302,7.2312726974487305,0.022953272,0.09189973131274916,0.5462494603081535,3.0,1.8897896588973693,0.05633962182775291,-47638.110905530964,7.999988079071045,0.5840111982516498,13.698347057420392
93763,20241122-01-QUASR/20241122-01-031_QUASR_finite_beta_equilibria_with_maxF_below_threshold_and_enough_iota_flux_tubes/QUASR_finiteBeta_002228.h5,4,unstable,1.8595123291015625,1.8138379,0.0801506225948741,0.04567444324493408,unanimous_success,0.265625,1.354628324508667,0.12070314586162567,6.420604705810547,0.00082087517,0.0982192696793103,0.6675161277075086,3.0,1.8410313696834857,0.005143326353060522,-37482.98247908539,7.9999775886535645,0.5113258015490281,15.645558202653094
93846,20241122-01-QUASR/20241122-01-031_QUASR_finite_beta_equilibria_with_maxF_below_threshold_and_enough_iota_flux_tubes/QUASR_finiteBeta_002249.h5,4,unstable,3.0024070739746094,2.4758973,0.26061861227481603,0.5265097618103027,high_spread_high_error,0.71875,1.9149556159973145,-0.23752959072589874,20.133941650390625,0.008929729,0.08559923621311044,0.7254454061954207,3.0,1.94249171609187,0.05242118332574092,-42912.02973411393,8.03675365447998,0.5487696886856276,14.645039294588257
93850,20241122-01-QUASR/20241122-01-031_QUASR_finite_beta_equilibria_with_maxF_below_threshold_and_enough_iota_flux_tubes/QUASR_finiteBeta_002250.h5,4,unstable,2.65969181060791,2.7224789,0.0954207966309672,0.06278705596923828,unanimous_success,0.8125,2.9139668941497803,0.8252497911453247,14.29188346862793,0.005022049,0.21294588631856634,0.8287371787191273,3.0,1.989860148704006,0.03422010825038542,-54546.738547547895,8.03675365447998,0.4768448059868795,16.854023685645668
93939,20241122-01-QUASR/20241122-01-031_QUASR_finite_beta_equilibria_with_maxF_below_threshold_and_enough_iota_flux_tubes/QUASR_finiteBeta_002272.h5,4,unstable,0.7691779732704163,1.074927,0.16259117358222117,0.30574899911880493,high_spread_low_error,0.8125,2.016282081604004,1.195773959159851,2.157991647720337,0.024311423,0.09581634323693164,0.9815360857131262,3.0,2.154993979140706,0.02220038940283675,-47967.16927113244,8.000190734863281,0.7148876178308037,11.190836902642689
93948,20241122-01-QUASR/20241122-01-031_QUASR_finite_beta_equilibria_with_maxF_below_threshold_and_enough_iota_flux_tubes/QUASR_finiteBeta_002274.h5,4,unstable,2.567925214767456,2.640017,0.09991057010389466,0.07209181785583496,unanimous_success,0.84375,2.8221793174743652,1.3884506225585938,13.03874397277832,0.052985907,0.08058620928652717,0.9199050881040267,3.0,2.346215513437694,0.055226962098500136,-8380.302415597482,8.000422477722168,0.3995728481834371,20.022437745943414
94051,20241122-01-QUASR/20241122-01-031_QUASR_finite_beta_equilibria_with_maxF_below_threshold_and_enough_iota_flux_tubes/QUASR_finiteBeta_002300.h5,4,unstable,3.1847283840179443,3.2636719,0.09796871580975837,0.07894349098205566,unanimous_success,0.8125,2.4579617977142334,0.7898023724555969,24.16072654724121,0.014144182,0.12546625971831243,1.054293621794825,3.0,2.443196216705354,0.021911390535592382,-62229.90085200006,7.999789237976074,0.3177218055202531,25.178596806967125
94115,20241122-01-QUASR/20241122-01-031_QUASR_finite_beta_equilibria_with_maxF_below_threshold_and_enough_iota_flux_tubes/QUASR_finiteBeta_002316.h5,4,stable_or_near_floor,-2.0,-1.2202374,0.12317233317691306,0.7797626256942749,common_mode_failure,0.640625,3.308234214782715,2.808828592300415,0.11851966381072998,0.034711838,0.1372312604817235,0.6859835671185093,3.0,1.101644224882637,0.047095543434368656,-12920.449058372194,9.999994277954102,0.7930260844003677,12.609918481452493
94259,20241122-01-QUASR/20241122-01-031_QUASR_finite_beta_equilibria_with_maxF_below_threshold_and_enough_iota_flux_tubes/QUASR_finiteBeta_002352.h5,4,stable_or_near_floor,-2.0,-1.9971101,0.017107384697257224,0.002889871597290039,unanimous_success,0.828125,1.6318435668945312,1.8933912515640259,1.2724504472316767e-07,0.0011428595,0.25701136501888716,0.4732896471486172,3.0,1.361857708657134,0.046419155064537615,-69377.94136140122,10.000173568725586,0.48685325904335464,20.540426469313342
94285,20241122-01-QUASR/20241122-01-031_QUASR_finite_beta_equilibria_with_maxF_below_threshold_and_enough_iota_flux_tubes/QUASR_finiteBeta_002359.h5,4,unstable,-1.6703468561172485,-1.6126318,0.21398433940142406,0.05771505832672119,high_spread_low_error,0.875,1.5527106523513794,0.7625054717063904,0.1881817728281021,0.0070101023,0.18428798872674676,0.7476258557844412,3.0,1.3323813795156916,0.009689101443038263,-53422.436785328704,10.000091552734375,0.3152187200419653,31.724294646596675
94326,20241122-01-QUASR/20241122-01-031_QUASR_finite_beta_equilibria_with_maxF_below_threshold_and_enough_iota_flux_tubes/QUASR_finiteBeta_002369.h5,4,unstable,-1.3820245265960693,-1.73838,0.14650749958679546,0.3563554286956787,unanimous_success,0.609375,1.409341812133789,0.710063099861145,0.2510697543621063,0.09047723,0.256860848860505,0.8056013195750321,3.0,1.4590760872379973,0.004834232589614867,-55151.62094699396,10.000004768371582,0.25722536568734156,38.876433285069666
94355,20241122-01-QUASR/20241122-01-031_QUASR_finite_beta_equilibria_with_maxF_below_threshold_and_enough_iota_flux_tubes/QUASR_finiteBeta_002376.h5,4,stable_or_near_floor,-2.0,-1.992207,0.019106030246553246,0.007792949676513672,unanimous_success,0.75,1.3160107135772705,1.1568584442138672,6.261427074605308e-07,0.0003476143,0.20334015100992908,0.7908083508721396,3.0,1.4262443407186147,0.019996709629796508,-23118.191075997365,9.999999046325684,0.48716032933507325,20.527121040366147
94395,20241122-01-QUASR/20241122-01-031_QUASR_finite_beta_equilibria_with_maxF_below_threshold_and_enough_iota_flux_tubes/QUASR_finiteBeta_002386.h5,4,unstable,1.7230974435806274,1.6797128,0.06682993117382316,0.043384671211242676,unanimous_success,0.546875,1.822913646697998,0.3558511734008789,5.601852893829346,0.0012969971,0.0832956836450725,0.38383333607140147,3.0,1.4987582882425654,0.029227725605525758,-13791.139932220196,9.999998092651367,0.7716594073725844,12.959082721093575
94443,20241122-01-QUASR/20241122-01-031_QUASR_finite_beta_equilibria_with_maxF_below_threshold_and_enough_iota_flux_tubes/QUASR_finiteBeta_002398.h5,4,unstable,0.3047909736633301,0.17318738,0.08178492872578731,0.13160359859466553,unanimous_success,0.828125,3.1139118671417236,1.5816439390182495,1.3563414812088013,1.4901161e-08,0.20938982157634156,0.7248912931196088,3.0,1.5383074844083888,0.013373888201714156,-38454.610096884666,9.999998092651367,0.48894721796203533,20.452101423814266
94623,20241122-01-QUASR/20241122-01-031_QUASR_finite_beta_equilibria_with_maxF_below_threshold_and_enough_iota_flux_tubes/QUASR_finiteBeta_002443.h5,4,unstable,2.4586453437805176,2.3748178,0.1603425199868482,0.08382749557495117,high_spread_low_error,0.734375,3.7036795616149902,0.0494854561984539,11.688966751098633,0.002161026,0.20316277644710726,0.6215786980408627,3.0,1.9028838429604669,-0.022883968810155798,-68852.65753008758,10.000017166137695,0.5760853423065881,17.35856900315954
94634,20241122-01-QUASR/20241122-01-031_QUASR_finite_beta_equilibria_with_maxF_below_threshold_and_enough_iota_flux_tubes/QUASR_finiteBeta_002446.h5,4,unstable,-1.0327032804489136,-0.97199327,0.1765115813824964,0.060710012912750244,high_spread_low_error,0.71875,3.4034061431884766,2.8915865421295166,0.3560431897640228,0.08374417,0.09531690001482643,0.5358274409898337,3.0,1.7688687601209552,0.15363006984430794,-5241.287582416082,9.999943733215332,0.9611186212455383,10.404484433207784
94643,20241122-01-QUASR/20241122-01-031_QUASR_finite_beta_equilibria_with_maxF_below_threshold_and_enough_iota_flux_tubes/QUASR_finiteBeta_002448.h5,4,unstable,2.0618274211883545,1.9428099,0.09893470056611184,0.11901748180389404,unanimous_success,0.59375,1.448964238166809,0.553070068359375,7.860320568084717,0.007386565,0.11395081515221149,0.7927501160729149,3.0,1.8224315723568325,-0.010958855013584885,-44667.242577331206,9.999943733215332,0.3097428036851233,32.28466848702326
94660,20241122-01-QUASR/20241122-01-031_QUASR_finite_beta_equilibria_with_maxF_below_threshold_and_enough_iota_flux_tubes/QUASR_finiteBeta_002452.h5,4,unstable,0.612491250038147,0.027947044,0.2392833018146399,0.5845442060381174,high_spread_high_error,0.71875,1.0851176977157593,0.14232151210308075,1.8450220823287964,0.006938603,0.17840895930230533,0.7103073763898984,3.0,1.7589917082233002,-0.004398169930719191,-86887.35150098913,9.999943733215332,0.11367380483655987,87.97052009997594
94674,20241122-01-QUASR/20241122-01-031_QUASR_finite_beta_equilibria_with_maxF_below_threshold_and_enough_iota_flux_tubes/QUASR_finiteBeta_002456.h5,4,stable_or_near_floor,-2.0,-1.9890234,0.04430746073027906,0.010976552963256836,unanimous_success,0.578125,0.6359935998916626,0.48557668924331665,3.2758492807261064e-07,0.0057868958,0.08273053820222362,0.3255595322329746,3.0,1.7661554561093533,-0.0007964332536306228,-28731.79757680794,10.000003814697266,0.1475742876974625,67.76250775607987
95041,20241122-01-QUASR/20241122-01-031_QUASR_finite_beta_equilibria_with_maxF_below_threshold_and_enough_iota_flux_tubes/QUASR_finiteBeta_002548.h5,4,unstable,3.76550030708313,3.7613146,0.055275917876765696,0.004185676574707031,unanimous_success,0.21875,6.366616725921631,1.76609468460083,43.185302734375,0.014190912,0.13614875633786785,0.45429486908159933,4.0,1.698331428555652,-0.02480284206456198,-25652.448715605176,5.999997615814209,0.7307598833956078,8.210628076536079
95052,20241122-01-QUASR/20241122-01-031_QUASR_finite_beta_equilibria_with_maxF_below_threshold_and_enough_iota_flux_tubes/QUASR_finiteBeta_002550.h5,4,unstable,2.600517988204956,2.6536324,0.05778545506629816,0.05311441421508789,unanimous_success,0.4375,3.0259482860565186,0.29292482137680054,13.47071361541748,0.00076675415,0.14576319219203732,0.5675174742324023,4.0,1.7000794713946474,0.010869529546170877,-36821.90989786191,5.999997615814209,0.7204582342801485,8.328029759850207
95106,20241122-01-QUASR/20241122-01-031_QUASR_finite_beta_equilibria_with_maxF_below_threshold_and_enough_iota_flux_tubes/QUASR_finiteBeta_002564.h5,4,unstable,0.27930986881256104,0.7218567,0.3161771220191606,0.4425468444824219,high_spread_low_error,0.875,1.9912711381912231,-0.3683260977268219,1.3222169876098633,0.094504535,0.1875416690581661,0.7158520837143431,4.0,1.8317259370206123,-0.20050325409153874,-3898.8446432795845,6.000001907348633,0.8221224591460169,7.298185131180043
95181,20241122-01-QUASR/20241122-01-031_QUASR_finite_beta_equilibria_with_maxF_below_threshold_and_enough_iota_flux_tubes/QUASR_finiteBeta_002583.h5,4,unstable,2.853949785232544,2.8160539,0.07295159322418913,0.037895917892456055,unanimous_success,0.21875,5.701442241668701,2.150773048400879,17.356199264526367,0.01647091,0.10743599960162213,0.4904577439014777,4.0,1.9074739358608512,0.020842478259707704,-64729.54250751649,6.0000104904174805,0.6159295391119637,9.741391034870952
95218,20241122-01-QUASR/20241122-01-031_QUASR_finite_beta_equilibria_with_maxF_below_threshold_and_enough_iota_flux_tubes/QUASR_finiteBeta_002592.h5,4,unstable,2.292127847671509,2.3099525,0.06276396136764946,0.017824649810791016,unanimous_success,0.3125,2.6302502155303955,1.2137367725372314,9.895973205566406,0.013163328,0.09351556424279563,0.5481144178149934,4.0,1.9169836948232333,0.031567421600751294,-59344.18683015526,5.999999046325684,0.6045237255142407,9.925167190455195
95267,20241122-01-QUASR/20241122-01-031_QUASR_finite_beta_equilibria_with_maxF_below_threshold_and_enough_iota_flux_tubes/QUASR_finiteBeta_002604.h5,4,unstable,2.7960245609283447,2.8964267,0.06781983403510862,0.1004021167755127,unanimous_success,0.84375,2.806257486343384,0.38856276869773865,16.3794002532959,0.007217169,0.11116902077560484,0.7602908118671717,4.0,2.051832311293558,-0.014442537285575782,-8337.276442237158,5.99999475479126,0.4057273682432674,14.788242609243364
95282,20241122-01-QUASR/20241122-01-031_QUASR_finite_beta_equilibria_with_maxF_below_threshold_and_enough_iota_flux_tubes/QUASR_finiteBeta_002608.h5,4,unstable,-0.44581422209739685,-0.4384913,0.17647623221017042,0.007322907447814941,high_spread_low_error,0.59375,2.1196470260620117,1.8266372680664062,0.6403027176856995,0.023981512,0.11023485985624942,0.641663257956285,4.0,2.1219610052341085,-0.025318849298611553,-31427.619767657674,5.99999475479126,0.6332137217970044,9.475465468063147
95506,20241122-01-QUASR/20241122-01-031_QUASR_finite_beta_equilibria_with_maxF_below_threshold_and_enough_iota_flux_tubes/QUASR_finiteBeta_002664.h5,4,stable_or_near_floor,-2.0,-2.0121284,0.02684978117831663,0.012128353118896484,unanimous_success,0.890625,0.3917255699634552,0.7533794641494751,1.628554002763849e-07,0.002292633,0.2171426269373528,0.5125512318228065,4.0,2.3130892600354516,-0.00612916722927528,-9516.286529125226,6.000000953674316,0.16971294861293063,35.35381950942764
95566,20241122-01-QUASR/20241122-01-031_QUASR_finite_beta_equilibria_with_maxF_below_threshold_and_enough_iota_flux_tubes/QUASR_finiteBeta_002679.h5,4,unstable,1.5942130088806152,1.2416186,0.19934701920965003,0.35259437561035156,high_spread_low_error,0.890625,1.2505123615264893,0.09260281920433044,4.924452304840088,0.024342299,0.10334891201803098,0.5489634196735452,4.0,2.366901857712925,-0.004242255500815284,-54120.15151527222,6.000057697296143,0.29320245608232487,20.463872565963285
95578,20241122-01-QUASR/20241122-01-031_QUASR_finite_beta_equilibria_with_maxF_below_threshold_and_enough_iota_flux_tubes/QUASR_finiteBeta_002682.h5,4,unstable,0.3549879193305969,0.43771213,0.3373257349051151,0.08272421360015869,high_spread_low_error,0.890625,1.4119069576263428,0.6511309742927551,1.4261634349822998,0.021232754,0.16325298582052933,0.6451487528638052,4.0,2.524396384051491,0.01540720469282736,-80884.8663572546,6.000057697296143,0.29957975330786013,20.028248341369864
95640,20241122-01-QUASR/20241122-01-031_QUASR_finite_beta_equilibria_with_maxF_below_threshold_and_enough_iota_flux_tubes/QUASR_finiteBeta_002697.h5,4,unstable,0.5674155950546265,0.5933667,0.07895212724858786,0.025951087474822998,unanimous_success,0.265625,1.5314042568206787,0.3533952534198761,1.7637029886245728,0.012777805,0.11011152138648465,0.4616886368422418,4.0,1.51609948031751,0.0033492442030526796,-37749.919220818774,6.666660785675049,0.1946287950064216,34.253208963530234
95671,20241122-01-QUASR/20241122-01-031_QUASR_finite_beta_equilibria_with_maxF_below_threshold_and_enough_iota_flux_tubes/QUASR_finiteBeta_002705.h5,4,unstable,-0.9120690226554871,-0.5026149,0.1775654386286395,0.4094541072845459,high_spread_low_error,0.28125,0.8534682989120483,0.2360583245754242,0.4016922414302826,0.01010108,0.08176139543359665,0.38488474102359665,4.0,1.6798106832964517,0.0024205175559295793,-18336.718445617575,6.666670799255371,0.26245158314878425,25.40152632829052
95686,20241122-01-QUASR/20241122-01-031_QUASR_finite_beta_equilibria_with_maxF_below_threshold_and_enough_iota_flux_tubes/QUASR_finiteBeta_002709.h5,4,unstable,-0.5214653611183167,-0.55579984,0.24306636091583927,0.03433448076248169,high_spread_low_error,0.453125,0.8363777995109558,0.3185311257839203,0.5936499834060669,0.08065212,0.09051161392988218,0.5360918741945556,4.0,1.7585308129775894,0.003797362376524296,-57710.78522831986,6.666670799255371,0.13050847342916672,51.08228319652898
95778,20241122-01-QUASR/20241122-01-031_QUASR_finite_beta_equilibria_with_maxF_below_threshold_and_enough_iota_flux_tubes/QUASR_finiteBeta_002732.h5,4,stable_or_near_floor,-2.0,-1.7403526,0.12352876833839414,0.2596473693847656,unanimous_success,0.515625,3.9656498432159424,3.7627954483032227,0.1184542179107666,0.021506667,0.1555623076566782,0.5190795936171647,4.0,1.296681837429448,0.06511408552777022,-42456.521873793805,5.9999895095825195,0.7626241076481965,7.867558144844739
95865,20241122-01-QUASR/20241122-01-031_QUASR_finite_beta_equilibria_with_maxF_below_threshold_and_enough_iota_flux_tubes/QUASR_finiteBeta_002754.h5,4,stable_or_near_floor,-2.0,-1.9901989,0.026056253226753617,0.009801149368286133,unanimous_success,0.34375,0.4733719229698181,-0.004896088968962431,1.5480470239026545e-08,3.528595e-05,0.1251645927504977,0.44413302669528104,4.0,1.4710885352364846,-0.004582834627539028,-9437.009959348192,5.999998092651367,0.194767785331717,30.80590603026329
96012,20241122-01-QUASR/20241122-01-031_QUASR_finite_beta_equilibria_with_maxF_below_threshold_and_enough_iota_flux_tubes/QUASR_finiteBeta_002790.h5,4,unstable,-0.14080090820789337,0.31087172,0.1533962657795667,0.45167262852191925,high_spread_low_error,0.296875,1.4452359676361084,0.07935818284749985,0.8686622381210327,0.069348946,0.15326277353638912,0.5388197728607316,4.0,1.618460947801696,0.0032114618076963105,-66620.00881054821,6.000000953674316,0.16942165751302185,35.41460425868607
96087,20241122-01-QUASR/20241122-01-031_QUASR_finite_beta_equilibria_with_maxF_below_threshold_and_enough_iota_flux_tubes/QUASR_finiteBeta_002809.h5,4,unstable,0.5552375316619873,0.72670573,0.10832086609604662,0.17146819829940796,unanimous_success,0.3125,1.5457687377929688,-0.12453115731477737,1.7423547506332397,0.012393594,0.12570516211135724,0.438672150888614,4.0,1.705967015191897,0.024521764412057646,-42833.94512480716,6.000001430511475,0.5501338819789479,10.906438645313393
96367,20241122-01-QUASR/20241122-01-031_QUASR_finite_beta_equilibria_with_maxF_below_threshold_and_enough_iota_flux_tubes/QUASR_finiteBeta_002879.h5,4,unstable,0.7558914422988892,0.7402374,0.10373480027647053,0.015654027462005615,unanimous_success,0.625,2.570439100265503,1.9130189418792725,2.1295089721679688,0.0003566742,0.10920139775838565,0.640160565795281,4.0,2.092293359438807,-0.023857166758844053,-38802.275021055815,5.9999895095825195,0.6164817901402389,9.732630558670072
96408,20241122-01-QUASR/20241122-01-031_QUASR_finite_beta_equilibria_with_maxF_below_threshold_and_enough_iota_flux_tubes/QUASR_finiteBeta_002889.h5,4,unstable,0.07944802194833755,-0.40470064,0.27841632223664015,0.48414865881204605,high_spread_low_error,0.578125,0.9705065488815308,-0.006968965753912926,1.0826892852783203,0.09902975,0.10359829187010519,0.7609426099063897,4.0,2.160347689928859,0.0016777768508823303,-58104.19720047702,5.999996185302734,0.09736269295116196,61.62520780225737
97075,20241122-01-QUASR/20241122-01-031_QUASR_finite_beta_equilibria_with_maxF_below_threshold_and_enough_iota_flux_tubes/QUASR_finiteBeta_003056.h5,4,unstable,2.6479904651641846,2.66727,0.04145462359044846,0.01927947998046875,unanimous_success,0.734375,3.410745143890381,0.642386794090271,14.125625610351562,0.025035858,0.06608271472180098,0.3043161757310262,4.0,1.4959341522149807,0.0024462955457638822,-23389.71458633428,8.00000286102295,0.4763396184634311,16.79474591433153
97102,20241122-01-QUASR/20241122-01-031_QUASR_finite_beta_equilibria_with_maxF_below_threshold_and_enough_iota_flux_tubes/QUASR_finiteBeta_003063.h5,4,unstable,2.4321601390838623,2.33723,0.07137379704660034,0.09493017196655273,unanimous_success,0.59375,2.7842066287994385,-0.08787620812654495,11.383445739746094,0.015090466,0.07066879729809572,0.3284992259899523,4.0,1.5178311563855327,0.05146844949162758,-61957.64209626354,8.00000286102295,0.6413261243073854,12.474157153137543
97117,20241122-01-QUASR/20241122-01-031_QUASR_finite_beta_equilibria_with_maxF_below_threshold_and_enough_iota_flux_tubes/QUASR_finiteBeta_003067.h5,4,stable_or_near_floor,-2.0,-1.9975803,0.012000565510447782,0.002419710159301758,unanimous_success,0.453125,1.5386452674865723,3.238870859146118,8.076322188799168e-08,0.00024795532,0.11533602993222221,0.46118504173053104,4.0,1.6014394064161903,-0.054671997713687075,-10511.978743425103,8.0,0.9067947639243982,8.822282966630562
97249,20241122-01-QUASR/20241122-01-031_QUASR_finite_beta_equilibria_with_maxF_below_threshold_and_enough_iota_flux_tubes/QUASR_finiteBeta_003100.h5,4,stable_or_near_floor,-2.0,-1.9553211,0.05426546768713046,0.04467892646789551,unanimous_success,0.484375,0.981679379940033,0.9048258662223816,0.08048585057258606,0.008455515,0.1093574218652497,0.5541392694823948,4.0,1.8847052857301236,0.014936551111604935,-64217.8788049002,7.999999523162842,0.2612145803589184,30.626159964618164
97262,20241122-01-QUASR/20241122-01-031_QUASR_finite_beta_equilibria_with_maxF_below_threshold_and_enough_iota_flux_tubes/QUASR_finiteBeta_003103.h5,4,unstable,1.3229167461395264,1.2934594,0.0904071877894536,0.02945733070373535,unanimous_success,0.65625,2.5885250568389893,0.18686345219612122,3.7543559074401855,0.015208602,0.14049998445305287,0.5797100341176779,4.0,1.9467528826237035,0.028023897028920906,-88476.52049660005,7.999999523162842,0.32530546847293884,24.592268801126338
97500,20241122-01-QUASR/20241122-01-031_QUASR_finite_beta_equilibria_with_maxF_below_threshold_and_enough_iota_flux_tubes/QUASR_finiteBeta_003162.h5,4,unstable,5.38620662689209,5.2245665,0.0818808520082648,0.16164016723632812,unanimous_success,0.59375,8.35301685333252,-0.08804116398096085,218.3734130859375,0.0145664215,0.08200859113620677,0.5308841264924434,4.0,2.12615714893937,0.018764734645856613,-38073.75797436708,7.999997615814209,0.7985554962204834,10.018085973583215
97597,20241122-01-QUASR/20241122-01-031_QUASR_finite_beta_equilibria_with_maxF_below_threshold_and_enough_iota_flux_tubes/QUASR_finiteBeta_003187.h5,4,unstable,-1.7134478092193604,-0.62145436,0.2863497807277596,1.0919934511184692,high_spread_high_error,0.5625,0.7762367129325867,0.15669387578964233,0.18024326860904694,0.039846122,0.09120755868375441,0.41452644347095297,4.0,2.198220161113728,0.007126153778799006,-37714.809661117804,7.999997615814209,0.1972091544074953,40.56605607305496
97611,20241122-01-QUASR/20241122-01-031_QUASR_finite_beta_equilibria_with_maxF_below_threshold_and_enough_iota_flux_tubes/QUASR_finiteBeta_003190.h5,4,unstable,0.5325308442115784,0.7844871,0.09569118972471848,0.2519562840461731,unanimous_success,0.71875,2.0617096424102783,0.9041946530342102,1.703237533569336,0.027759314,0.15620117281629597,0.5593762657509029,4.0,2.314041682206788,0.04540785869191101,-59570.57389468002,7.999997615814209,0.3804062667759932,21.030141494816917
97622,20241122-01-QUASR/20241122-01-031_QUASR_finite_beta_equilibria_with_maxF_below_threshold_and_enough_iota_flux_tubes/QUASR_finiteBeta_003193.h5,4,stable_or_near_floor,-2.0,-1.8208461,0.29622785931607065,0.1791539192199707,high_spread_low_error,0.8125,0.8541327118873596,0.06340889632701874,2.0999243133701384e-05,0.0827539,0.16308336325825595,0.6264925133285498,4.0,2.4494563737159014,0.054839892918096635,-82515.21806688362,7.999997615814209,0.41772349972863076,19.151418632208422
97799,20241122-01-QUASR/20241122-01-031_QUASR_finite_beta_equilibria_with_maxF_below_threshold_and_enough_iota_flux_tubes/QUASR_finiteBeta_003237.h5,4,unstable,0.7577857971191406,0.67290705,0.2231939860764115,0.08487874269485474,high_spread_low_error,0.8125,1.6808682680130005,-0.3066473603248596,2.133546829223633,0.07924992,0.07366276164641336,0.8035784941664033,4.0,2.5042780078778644,-0.022763979789029245,-21778.793379120183,8.000020980834961,0.7055606101223443,11.338531185078141
97812,20241122-01-QUASR/20241122-01-031_QUASR_finite_beta_equilibria_with_maxF_below_threshold_and_enough_iota_flux_tubes/QUASR_finiteBeta_003240.h5,4,unstable,2.953900098800659,2.8566923,0.06901821517746363,0.09720778465270996,unanimous_success,0.84375,3.3182599544525146,0.7024756073951721,19.180614471435547,0.012811184,0.09933373830119953,0.7530380100379375,4.0,2.532450500291345,0.04394060586357127,-10292.42503547916,8.000020980834961,0.9775624018899159,8.183642256871341
97829,20241122-01-QUASR/20241122-01-031_QUASR_finite_beta_equilibria_with_maxF_below_threshold_and_enough_iota_flux_tubes/QUASR_finiteBeta_003245.h5,4,unstable,2.385204792022705,2.2176626,0.11695976184759163,0.1675422191619873,unanimous_success,0.9375,3.071324586868286,0.516544759273529,10.861286163330078,0.018095016,0.18619611695459404,0.5991897313263418,4.0,2.574478328377008,-0.3861015851054566,-3194.2573336554206,8.006329536437988,0.9700639075476332,8.253404207850968
97850,20241122-01-QUASR/20241122-01-031_QUASR_finite_beta_equilibria_with_maxF_below_threshold_and_enough_iota_flux_tubes/QUASR_finiteBeta_003250.h5,4,stable_or_near_floor,-2.0,-1.482497,0.24743185242942953,0.517503023147583,high_spread_high_error,0.765625,0.9921957850456238,0.5125885605812073,3.4465249427739764e-06,0.009478211,0.1088667112876927,0.7304892417143383,4.0,2.6181501547390122,0.00463965605565156,-66804.79416454044,8.006329536437988,0.160196371239394,49.97822032106771
97856,20241122-01-QUASR/20241122-01-031_QUASR_finite_beta_equilibria_with_maxF_below_threshold_and_enough_iota_flux_tubes/QUASR_finiteBeta_003251.h5,4,unstable,3.1317718029022217,3.0732818,0.06649540214705182,0.05849003791809082,unanimous_success,0.578125,2.7283663749694824,0.6824766397476196,22.9145450592041,0.03873396,0.10164138709377481,0.922443998435579,4.0,2.654350791238747,0.02727740256577209,-69006.79718432909,8.006329536437988,0.36245475625660617,22.089183265592926
97857,20241122-01-QUASR/20241122-01-031_QUASR_finite_beta_equilibria_with_maxF_below_threshold_and_enough_iota_flux_tubes/QUASR_finiteBeta_003252.h5,4,unstable,-1.4496792554855347,-0.18170539,0.5281808038375186,1.2679738700389862,high_spread_high_error,0.8125,1.1633893251419067,0.10577278584241867,0.2346455454826355,2.9802322e-08,0.1355405135504695,0.7392940304709625,4.0,2.745879678616107,0.023663543391272437,-78712.6127956238,8.006329536437988,0.34285693559967034,23.351808597468217
98192,20241122-01-QUASR/20241122-01-031_QUASR_finite_beta_equilibria_with_maxF_below_threshold_and_enough_iota_flux_tubes/QUASR_finiteBeta_003335.h5,4,unstable,1.040921688079834,1.0818292,0.06990640751659274,0.04090750217437744,unanimous_success,0.703125,2.720010280609131,1.4014289379119873,2.8318259716033936,0.0059432983,0.09859572061780263,0.38183316769016196,4.0,1.486987319727417,-0.002234473295220643,-17061.831807305527,8.000000953674316,0.3772386945296383,21.206734806590166
98230,20241122-01-QUASR/20241122-01-031_QUASR_finite_beta_equilibria_with_maxF_below_threshold_and_enough_iota_flux_tubes/QUASR_finiteBeta_003345.h5,4,stable_or_near_floor,-2.0,-1.9983966,0.014174115240109725,0.0016033649444580078,unanimous_success,0.59375,1.3416122198104858,3.577465295791626,4.8352763570846946e-08,0.0018491745,0.11042662493848501,0.35717881982293515,4.0,1.4959092802352998,-0.017388184749066313,-10095.382213844736,8.00000286102295,0.7372568923945151,10.851038414900367
98274,20241122-01-QUASR/20241122-01-031_QUASR_finite_beta_equilibria_with_maxF_below_threshold_and_enough_iota_flux_tubes/QUASR_finiteBeta_003356.h5,4,unstable,3.358901023864746,3.3417017,0.05686242892681076,0.017199277877807617,unanimous_success,0.984375,6.037694454193115,1.8743243217468262,28.757572174072266,0.017168999,0.09449556008320383,0.39069891908696264,4.0,1.5920953777372049,-0.00639794176573312,-18140.12417818131,8.000000953674316,0.654575613382486,12.221660553980495
98290,20241122-01-QUASR/20241122-01-031_QUASR_finite_beta_equilibria_with_maxF_below_threshold_and_enough_iota_flux_tubes/QUASR_finiteBeta_003360.h5,4,unstable,1.4540443420410156,1.4417416,0.05664113483112088,0.012302756309509277,unanimous_success,0.96875,1.953679084777832,0.5239795446395874,4.280390739440918,0.0154310465,0.09910380885979442,0.3577464726064102,4.0,1.625501370075959,0.015805826583827884,-59751.2118960251,8.000000953674316,0.37647889157542647,21.24953385884993
98434,20241122-01-QUASR/20241122-01-031_QUASR_finite_beta_equilibria_with_maxF_below_threshold_and_enough_iota_flux_tubes/QUASR_finiteBeta_003396.h5,4,unstable,0.16584044694900513,-0.18421595,0.19765969734515243,0.35005639493465424,high_spread_low_error,0.46875,1.2098743915557861,-0.17593394219875336,1.1803847551345825,0.040795222,0.12027849111867739,0.47791190119136967,4.0,1.7848579652743326,0.0012771049824725127,-23254.690183710005,7.999998092651367,0.481750969892786,16.606086116301483
98549,20241122-01-QUASR/20241122-01-031_QUASR_finite_beta_equilibria_with_maxF_below_threshold_and_enough_iota_flux_tubes/QUASR_finiteBeta_003425.h5,4,unstable,4.033928394317627,3.950639,0.05367946656332116,0.08328938484191895,unanimous_success,0.171875,5.009332180023193,0.8202930688858032,56.48237228393555,0.016319752,0.1159815521600267,0.5569863273838106,4.0,1.852943869122902,-0.02504038003496354,-14467.926265433882,8.000000953674316,0.5400993121300327,14.812092468927752
98632,20241122-01-QUASR/20241122-01-031_QUASR_finite_beta_equilibria_with_maxF_below_threshold_and_enough_iota_flux_tubes/QUASR_finiteBeta_003445.h5,4,unstable,2.683227777481079,2.7714126,0.06443087270993798,0.08818483352661133,unanimous_success,0.53125,5.219982624053955,2.6101796627044678,14.632246971130371,0.004005909,0.1010663861914945,0.5154573658532529,4.0,1.974797876438327,-0.0400881937144128,-12063.839601371348,7.999996662139893,0.6558755360200587,12.197431102073043
98642,20241122-01-QUASR/20241122-01-031_QUASR_finite_beta_equilibria_with_maxF_below_threshold_and_enough_iota_flux_tubes/QUASR_finiteBeta_003448.h5,4,stable_or_near_floor,-2.0,-2.0135946,0.024116760614567384,0.013594627380371094,unanimous_success,0.328125,0.14251531660556793,-0.01197278592735529,2.10221884344719e-07,0.00051116943,0.09902448346779842,0.8108312275425398,4.0,2.04402985142592,8.821104619327558e-05,-48798.15621163228,7.999996662139893,0.027770240509021105,288.0780474170222
98833,20241122-01-QUASR/20241122-01-031_QUASR_finite_beta_equilibria_with_maxF_below_threshold_and_enough_iota_flux_tubes/QUASR_finiteBeta_003496.h5,4,unstable,-1.8667889833450317,-1.7665367,0.12465141225661193,0.10025227069854736,unanimous_success,0.640625,0.9093821048736572,0.8572355508804321,0.15461935102939606,0.023716569,0.08492979817487084,0.6587392013924387,4.0,2.2054743409665227,-0.006439467619440523,-25658.88069986706,8.000017166137695,0.37385787161383754,21.39855215995295
98956,20241122-01-QUASR/20241122-01-031_QUASR_finite_beta_equilibria_with_maxF_below_threshold_and_enough_iota_flux_tubes/QUASR_finiteBeta_003526.h5,4,unstable,2.9251065254211426,2.9180176,0.06633266569465625,0.007088899612426758,unanimous_success,0.640625,4.485884666442871,0.18118812143802643,18.636211395263672,0.009656668,0.160731262103336,0.6136785416779492,4.0,2.4231828458104494,-0.05183464731050697,-21459.02953975485,8.000032424926758,0.548664210695642,14.580926309707086
98957,20241122-01-QUASR/20241122-01-031_QUASR_finite_beta_equilibria_with_maxF_below_threshold_and_enough_iota_flux_tubes/QUASR_finiteBeta_003527.h5,4,unstable,1.139654517173767,0.8331007,0.13457162598669975,0.30655384063720703,unanimous_success,0.75,1.2544341087341309,0.5148051381111145,3.125688314437866,0.04243064,0.09236336749773666,0.620910192339263,4.0,2.3996020920322687,-0.005562713956168538,-37537.29006507707,8.000032424926758,0.20977046493046192,38.137077245734936
99030,20241122-01-QUASR/20241122-01-031_QUASR_finite_beta_equilibria_with_maxF_below_threshold_and_enough_iota_flux_tubes/QUASR_finiteBeta_003545.h5,4,unstable,-1.0901381969451904,-1.228014,0.11542546389219621,0.13787579536437988,unanimous_success,0.4375,3.094834804534912,2.6153624057769775,0.3361700475215912,0.012685418,0.15313737937179112,0.47416448870003763,4.0,1.0958933744672024,0.0038789504646539116,-7351.2411614415,10.000000953674316,0.8376150093754687,11.938660174117919
99229,20241122-01-QUASR/20241122-01-031_QUASR_finite_beta_equilibria_with_maxF_below_threshold_and_enough_iota_flux_tubes/QUASR_finiteBeta_003595.h5,4,stable_or_near_floor,-2.0,-1.9806081,0.023540120001363074,0.019391894340515137,unanimous_success,0.890625,1.199830174446106,0.9119425415992737,0.09563711285591125,0.009442568,0.11560949708787864,0.30486961494952874,4.0,1.3004328718787572,-0.0011782654505063759,-18868.72600094247,9.999999046325684,0.1955489656764643,51.138082023254874
99242,20241122-01-QUASR/20241122-01-031_QUASR_finite_beta_equilibria_with_maxF_below_threshold_and_enough_iota_flux_tubes/QUASR_finiteBeta_003598.h5,4,unstable,1.6971122026443481,1.5884956,0.09363255320097069,0.10861659049987793,unanimous_success,0.5,2.1021945476531982,0.5008082985877991,5.458162307739258,0.006051421,0.1289717230050162,0.4039742651096299,4.0,1.3000285458827836,-0.0013097833628857246,-45743.22108166505,9.999999046325684,0.2667430209281918,37.48926218023796
99451,20241122-01-QUASR/20241122-01-031_QUASR_finite_beta_equilibria_with_maxF_below_threshold_and_enough_iota_flux_tubes/QUASR_finiteBeta_003650.h5,4,unstable,3.929710626602173,3.8301895,0.0988860135090898,0.09952116012573242,unanimous_success,0.59375,6.231725692749023,0.037295326590538025,50.892250061035156,0.017494202,0.16992759381240602,0.3268006149335616,4.0,1.5686956318599463,0.12645762298952726,-11342.299504594943,10.00007152557373,0.9686854782208892,10.323342044871055
99614,20241122-01-QUASR/20241122-01-031_QUASR_finite_beta_equilibria_with_maxF_below_threshold_and_enough_iota_flux_tubes/QUASR_finiteBeta_003691.h5,4,unstable,2.235229015350342,2.1595576,0.07003356013720466,0.07567143440246582,unanimous_success,0.484375,3.5832624435424805,0.01932603307068348,9.348623275756836,0.0,0.12384968759332576,0.4452044053537186,4.0,1.8182118052281058,0.11895759000703285,-34724.45125072077,9.999998092651367,0.7905718154458257,12.649069821711374
99735,20241122-01-QUASR/20241122-01-031_QUASR_finite_beta_equilibria_with_maxF_below_threshold_and_enough_iota_flux_tubes/QUASR_finiteBeta_003721.h5,4,unstable,0.43228843808174133,0.50862974,0.0939828277927865,0.07634130120277405,unanimous_success,0.59375,1.9716986417770386,0.33512285351753235,1.5407794713974,0.011246264,0.18058624412731056,0.8588664402569981,4.0,2.030067621341716,0.012892912518237135,-72181.37475804766,10.00000286102295,0.29268210521917504,34.166772353692224
100032,20241122-01-QUASR/20241122-01-031_QUASR_finite_beta_equilibria_with_maxF_below_threshold_and_enough_iota_flux_tubes/QUASR_finiteBeta_003795.h5,4,stable_or_near_floor,-2.0,-1.9965563,0.015869004095492557,0.0034437179565429688,unanimous_success,0.640625,1.18692147731781,1.1366808414459229,2.396502623014385e-07,0.00041604042,0.0727771481197046,0.4010454567067458,5.0,2.3375607984287696,0.02381850989117833,-14497.104665282324,8.000094413757324,0.5385412814024731,14.855118242604206
100092,20241122-01-QUASR/20241122-01-031_QUASR_finite_beta_equilibria_with_maxF_below_threshold_and_enough_iota_flux_tubes/QUASR_finiteBeta_003810.h5,4,unstable,-1.814344882965088,-1.643721,0.2025632690015622,0.17062389850616455,high_spread_low_error,0.546875,1.3277772665023804,0.914040744304657,0.16294461488723755,0.0051016808,0.1257402098700865,0.5813017202657476,5.0,2.451663747350567,0.02905879173915409,-60786.4595896944,8.000007629394531,0.35312938079850476,22.654607813444237
100411,20241122-01-QUASR/20241122-01-031_QUASR_finite_beta_equilibria_with_maxF_below_threshold_and_enough_iota_flux_tubes/QUASR_finiteBeta_003890.h5,4,unstable,2.0311038494110107,2.3457093,0.08170502774600175,0.3146054744720459,unanimous_success,0.9375,2.7688965797424316,0.9941530227661133,7.622496128082275,0.014978409,0.25271648655991286,0.8330882219690801,5.0,2.267070547367299,-0.3671618129482849,-11707.749344538692,8.000001907348633,0.965576370469779,8.285208868001208
100413,20241122-01-QUASR/20241122-01-031_QUASR_finite_beta_equilibria_with_maxF_below_threshold_and_enough_iota_flux_tubes/QUASR_finiteBeta_003891.h5,4,unstable,2.9185802936553955,2.9455154,0.062240967808361206,0.026935100555419922,unanimous_success,0.296875,4.0046563148498535,-0.11965017765760422,18.514982223510742,0.0,0.17917388520228128,0.5211363010552769,5.0,2.18713947668121,0.044210905238011626,-54525.72084991,8.000001907348633,0.5829974107942905,13.72219114395247
100493,20241122-01-QUASR/20241122-01-031_QUASR_finite_beta_equilibria_with_maxF_below_threshold_and_enough_iota_flux_tubes/QUASR_finiteBeta_003911.h5,4,unstable,-1.0487958192825317,-0.77823275,0.23209930503258358,0.2705630660057068,high_spread_low_error,0.484375,1.4785741567611694,0.9419471621513367,0.35035938024520874,0.075190246,0.12566853427735997,0.5041758181195538,5.0,2.4333812694451242,0.06617735785311561,-55500.38595600244,8.0,0.5708343112853115,14.014574530369252
100511,20241122-01-QUASR/20241122-01-031_QUASR_finite_beta_equilibria_with_maxF_below_threshold_and_enough_iota_flux_tubes/QUASR_finiteBeta_003915.h5,4,unstable,1.9794009923934937,2.0142717,0.05107838002135849,0.03487074375152588,unanimous_success,0.703125,2.5192577838897705,0.5851766467094421,7.238406181335449,0.003553629,0.1260486439702323,0.5662615721894133,5.0,2.27695537407523,-0.0400714775935008,-17052.866835837103,8.000016212463379,0.3779224496374385,21.16840695793073
100550,20241122-01-QUASR/20241122-01-031_QUASR_finite_beta_equilibria_with_maxF_below_threshold_and_enough_iota_flux_tubes/QUASR_finiteBeta_003925.h5,4,stable_or_near_floor,-2.0,-1.9992431,0.019356898164097632,0.0007568597793579102,unanimous_success,0.546875,1.7102413177490234,3.9101996421813965,1.1546834599585054e-07,0.0010434389,0.1401204619709402,0.6267142772862726,5.0,2.5659966833564765,-0.1297867934042291,-3356.142180768275,8.000600814819336,0.9652461276122917,8.288663985226492
100559,20241122-01-QUASR/20241122-01-031_QUASR_finite_beta_equilibria_with_maxF_below_threshold_and_enough_iota_flux_tubes/QUASR_finiteBeta_003927.h5,4,unstable,2.4522228240966797,2.3720036,0.061173692014542404,0.08021926879882812,unanimous_success,0.5625,2.7462193965911865,1.3148468732833862,11.614133834838867,0.00016355515,0.09933087839832916,0.6568780799677612,5.0,2.434425318768335,0.003085816743737222,-31815.752384928637,8.000600814819336,0.4569158619039472,17.510008913853863
100596,20241122-01-QUASR/20241122-01-031_QUASR_finite_beta_equilibria_with_maxF_below_threshold_and_enough_iota_flux_tubes/QUASR_finiteBeta_003936.h5,4,unstable,0.9622353315353394,0.9646392,0.09130292444205242,0.002403855323791504,unanimous_success,0.4375,1.3130576610565186,0.6291033029556274,2.6175410747528076,0.033838272,0.11300411290493392,0.6665643870846694,5.0,2.4598878661483385,-0.007271411237473642,-26051.964742332435,7.999983310699463,0.3530954041723826,22.65671888154579
