member_id,filter_index,channel_index,channel_name,kernel_position,signed_weight
2864601_0.437,0,0,bmag,0,-0.06669865548610687
2864601_0.437,0,0,bmag,1,-0.1485985368490219
2864601_0.437,0,0,bmag,2,-0.14022111892700195
2864601_0.437,0,0,bmag,3,-0.26328423619270325
2864601_0.437,0,0,bmag,4,-0.2163783460855484
2864601_0.437,0,0,bmag,5,-0.42429599165916443
2864601_0.437,0,0,bmag,6,-0.3554038107395172
2864601_0.437,0,0,bmag,7,-0.177130326628685
2864601_0.437,0,0,bmag,8,-0.05792772024869919
2864601_0.437,0,0,bmag,9,0.1872091442346573
2864601_0.437,0,0,bmag,10,0.3437420129776001
2864601_0.437,0,0,bmag,11,0.43275386095046997
2864601_0.437,0,0,bmag,12,0.2238425761461258
2864601_0.437,0,1,gbdrift,0,0.5383248925209045
2864601_0.437,0,1,gbdrift,1,0.3902796506881714
2864601_0.437,0,1,gbdrift,2,0.22081267833709717
2864601_0.437,0,1,gbdrift,3,0.32080012559890747
2864601_0.437,0,1,gbdrift,4,0.33956313133239746
2864601_0.437,0,1,gbdrift,5,0.4206772744655609
2864601_0.437,0,1,gbdrift,6,0.6039090156555176
2864601_0.437,0,1,gbdrift,7,0.7180163264274597
2864601_0.437,0,1,gbdrift,8,0.7077032327651978
2864601_0.437,0,1,gbdrift,9,0.5922559499740601
2864601_0.437,0,1,gbdrift,10,0.4651845395565033
2864601_0.437,0,1,gbdrift,11,0.5008872151374817
2864601_0.437,0,1,gbdrift,12,0.6695649027824402
2864601_0.437,0,2,cvdrift,0,0.4263443052768707
2864601_0.437,0,2,cvdrift,1,0.03139965608716011
2864601_0.437,0,2,cvdrift,2,-0.00046036476851440966
2864601_0.437,0,2,cvdrift,3,0.1355724185705185
2864601_0.437,0,2,cvdrift,4,0.1059354916214943
2864601_0.437,0,2,cvdrift,5,0.33013296127319336
2864601_0.437,0,2,cvdrift,6,0.46376800537109375
2864601_0.437,0,2,cvdrift,7,0.5637251138687134
2864601_0.437,0,2,cvdrift,8,0.1289830058813095
2864601_0.437,0,2,cvdrift,9,0.06610929220914841
2864601_0.437,0,2,cvdrift,10,-0.088363416492939
2864601_0.437,0,2,cvdrift,11,0.049919333308935165
2864601_0.437,0,2,cvdrift,12,0.24942292273044586
2864601_0.437,0,3,gbdrift0_over_shat,0,-0.5428026914596558
2864601_0.437,0,3,gbdrift0_over_shat,1,-0.365283340215683
2864601_0.437,0,3,gbdrift0_over_shat,2,-0.14586354792118073
2864601_0.437,0,3,gbdrift0_over_shat,3,-0.08778856694698334
2864601_0.437,0,3,gbdrift0_over_shat,4,-0.05742902308702469
2864601_0.437,0,3,gbdrift0_over_shat,5,-0.40699827671051025
2864601_0.437,0,3,gbdrift0_over_shat,6,-0.13496166467666626
2864601_0.437,0,3,gbdrift0_over_shat,7,-0.11361110210418701
2864601_0.437,0,3,gbdrift0_over_shat,8,-0.027383146807551384
2864601_0.437,0,3,gbdrift0_over_shat,9,-0.13895170390605927
2864601_0.437,0,3,gbdrift0_over_shat,10,-0.18685109913349152
2864601_0.437,0,3,gbdrift0_over_shat,11,-0.24000178277492523
2864601_0.437,0,3,gbdrift0_over_shat,12,-0.09596423804759979
2864601_0.437,0,4,gds2,0,0.0035406160168349743
2864601_0.437,0,4,gds2,1,0.054180435836315155
2864601_0.437,0,4,gds2,2,0.003536176634952426
2864601_0.437,0,4,gds2,3,-0.0454021617770195
2864601_0.437,0,4,gds2,4,0.03801737725734711
2864601_0.437,0,4,gds2,5,-0.04936911538243294
2864601_0.437,0,4,gds2,6,-0.027626236900687218
2864601_0.437,0,4,gds2,7,-0.10792891681194305
2864601_0.437,0,4,gds2,8,0.012763197533786297
2864601_0.437,0,4,gds2,9,-0.039109960198402405
2864601_0.437,0,4,gds2,10,0.007434886880218983
2864601_0.437,0,4,gds2,11,-0.07891906797885895
2864601_0.437,0,4,gds2,12,0.006402202881872654
2864601_0.437,0,5,gds21_over_shat,0,-0.020542334765195847
2864601_0.437,0,5,gds21_over_shat,1,-0.04389504715800285
2864601_0.437,0,5,gds21_over_shat,2,0.05308828502893448
2864601_0.437,0,5,gds21_over_shat,3,0.034517835825681686
2864601_0.437,0,5,gds21_over_shat,4,-0.01184170413762331
2864601_0.437,0,5,gds21_over_shat,5,0.27556565403938293
2864601_0.437,0,5,gds21_over_shat,6,0.23856361210346222
2864601_0.437,0,5,gds21_over_shat,7,0.10265395790338516
2864601_0.437,0,5,gds21_over_shat,8,0.10541243106126785
2864601_0.437,0,5,gds21_over_shat,9,0.0359199158847332
2864601_0.437,0,5,gds21_over_shat,10,-0.027959469705820084
2864601_0.437,0,5,gds21_over_shat,11,-0.13825498521327972
2864601_0.437,0,5,gds21_over_shat,12,-0.23221608996391296
2864601_0.437,0,6,gds22_over_shat_squared,0,-0.0072039212100207806
2864601_0.437,0,6,gds22_over_shat_squared,1,0.04785449057817459
2864601_0.437,0,6,gds22_over_shat_squared,2,0.04147589951753616
2864601_0.437,0,6,gds22_over_shat_squared,3,-0.03586191684007645
2864601_0.437,0,6,gds22_over_shat_squared,4,-0.032150693237781525
2864601_0.437,0,6,gds22_over_shat_squared,5,-0.03617945685982704
2864601_0.437,0,6,gds22_over_shat_squared,6,-0.14195483922958374
2864601_0.437,0,6,gds22_over_shat_squared,7,-0.14511726796627045
2864601_0.437,0,6,gds22_over_shat_squared,8,0.05566313862800598
2864601_0.437,0,6,gds22_over_shat_squared,9,0.15486052632331848
2864601_0.437,0,6,gds22_over_shat_squared,10,0.17074353992938995
2864601_0.437,0,6,gds22_over_shat_squared,11,0.010329263284802437
2864601_0.437,0,6,gds22_over_shat_squared,12,0.027627337723970413
2864601_0.437,1,0,bmag,0,-0.1591343730688095
2864601_0.437,1,0,bmag,1,-0.1506635993719101
2864601_0.437,1,0,bmag,2,-0.2359115183353424
2864601_0.437,1,0,bmag,3,-0.18623510003089905
2864601_0.437,1,0,bmag,4,-0.23156586289405823
2864601_0.437,1,0,bmag,5,-0.2637941241264343
2864601_0.437,1,0,bmag,6,-0.07970023155212402
2864601_0.437,1,0,bmag,7,0.23593761026859283
2864601_0.437,1,0,bmag,8,0.27686649560928345
2864601_0.437,1,0,bmag,9,0.40579521656036377
2864601_0.437,1,0,bmag,10,0.323581725358963
2864601_0.437,1,0,bmag,11,0.17793008685112
2864601_0.437,1,0,bmag,12,0.13062842190265656
2864601_0.437,1,1,gbdrift,0,0.20904581248760223
2864601_0.437,1,1,gbdrift,1,-0.16691896319389343
2864601_0.437,1,1,gbdrift,2,-0.2488834410905838
2864601_0.437,1,1,gbdrift,3,-0.4057996869087219
2864601_0.437,1,1,gbdrift,4,-0.7858272194862366
2864601_0.437,1,1,gbdrift,5,-0.8634341955184937
2864601_0.437,1,1,gbdrift,6,-0.9152941703796387
2864601_0.437,1,1,gbdrift,7,-0.7380738854408264
2864601_0.437,1,1,gbdrift,8,-0.36859649419784546
2864601_0.437,1,1,gbdrift,9,-0.07690223306417465
2864601_0.437,1,1,gbdrift,10,-0.288882315158844
2864601_0.437,1,1,gbdrift,11,-0.27279818058013916
2864601_0.437,1,1,gbdrift,12,-0.3143559992313385
2864601_0.437,1,2,cvdrift,0,0.6343199014663696
2864601_0.437,1,2,cvdrift,1,0.18408212065696716
2864601_0.437,1,2,cvdrift,2,0.2390778809785843
2864601_0.437,1,2,cvdrift,3,0.06581603735685349
2864601_0.437,1,2,cvdrift,4,-0.056296415627002716
2864601_0.437,1,2,cvdrift,5,-0.20677198469638824
2864601_0.437,1,2,cvdrift,6,-0.36823269724845886
2864601_0.437,1,2,cvdrift,7,-0.4446973502635956
2864601_0.437,1,2,cvdrift,8,-0.20324887335300446
2864601_0.437,1,2,cvdrift,9,-0.010082121007144451
2864601_0.437,1,2,cvdrift,10,-0.07076668739318848
2864601_0.437,1,2,cvdrift,11,0.015312169678509235
2864601_0.437,1,2,cvdrift,12,-0.08601821213960648
2864601_0.437,1,3,gbdrift0_over_shat,0,-0.11312174797058105
2864601_0.437,1,3,gbdrift0_over_shat,1,-0.3064514696598053
2864601_0.437,1,3,gbdrift0_over_shat,2,-0.394112229347229
2864601_0.437,1,3,gbdrift0_over_shat,3,-0.424091100692749
2864601_0.437,1,3,gbdrift0_over_shat,4,-0.29738298058509827
2864601_0.437,1,3,gbdrift0_over_shat,5,-0.45607444643974304
2864601_0.437,1,3,gbdrift0_over_shat,6,-0.3506705164909363
2864601_0.437,1,3,gbdrift0_over_shat,7,-0.18953266739845276
2864601_0.437,1,3,gbdrift0_over_shat,8,-0.2289741486310959
2864601_0.437,1,3,gbdrift0_over_shat,9,-0.1679048240184784
2864601_0.437,1,3,gbdrift0_over_shat,10,-0.18365618586540222
2864601_0.437,1,3,gbdrift0_over_shat,11,0.05571502447128296
2864601_0.437,1,3,gbdrift0_over_shat,12,-0.1179945096373558
2864601_0.437,1,4,gds2,0,-0.010427878238260746
2864601_0.437,1,4,gds2,1,-0.07972501218318939
2864601_0.437,1,4,gds2,2,-0.04422128200531006
2864601_0.437,1,4,gds2,3,0.025167856365442276
2864601_0.437,1,4,gds2,4,0.0655992329120636
2864601_0.437,1,4,gds2,5,-0.027862824499607086
2864601_0.437,1,4,gds2,6,0.057933829724788666
2864601_0.437,1,4,gds2,7,-0.02933517098426819
2864601_0.437,1,4,gds2,8,0.032494984567165375
2864601_0.437,1,4,gds2,9,0.06505569070577621
2864601_0.437,1,4,gds2,10,0.036612413823604584
2864601_0.437,1,4,gds2,11,0.02441566064953804
2864601_0.437,1,4,gds2,12,0.09314342588186264
2864601_0.437,1,5,gds21_over_shat,0,0.03939534351229668
2864601_0.437,1,5,gds21_over_shat,1,-0.03069831058382988
2864601_0.437,1,5,gds21_over_shat,2,0.02137499302625656
2864601_0.437,1,5,gds21_over_shat,3,0.11599935591220856
2864601_0.437,1,5,gds21_over_shat,4,0.13124239444732666
2864601_0.437,1,5,gds21_over_shat,5,-0.007686436176300049
2864601_0.437,1,5,gds21_over_shat,6,-0.05464133992791176
2864601_0.437,1,5,gds21_over_shat,7,0.071558378636837
2864601_0.437,1,5,gds21_over_shat,8,0.07053881138563156
2864601_0.437,1,5,gds21_over_shat,9,-0.03897792473435402
2864601_0.437,1,5,gds21_over_shat,10,-0.10084909945726395
2864601_0.437,1,5,gds21_over_shat,11,0.08641999214887619
2864601_0.437,1,5,gds21_over_shat,12,-0.053545352071523666
2864601_0.437,1,6,gds22_over_shat_squared,0,0.12931230664253235
2864601_0.437,1,6,gds22_over_shat_squared,1,0.059287186712026596
2864601_0.437,1,6,gds22_over_shat_squared,2,0.01072618830949068
2864601_0.437,1,6,gds22_over_shat_squared,3,-0.0031403687316924334
2864601_0.437,1,6,gds22_over_shat_squared,4,0.021266410127282143
2864601_0.437,1,6,gds22_over_shat_squared,5,0.01981225423514843
2864601_0.437,1,6,gds22_over_shat_squared,6,0.05124823749065399
2864601_0.437,1,6,gds22_over_shat_squared,7,-0.05246653035283089
2864601_0.437,1,6,gds22_over_shat_squared,8,-0.0018270782893523574
2864601_0.437,1,6,gds22_over_shat_squared,9,0.06443383544683456
2864601_0.437,1,6,gds22_over_shat_squared,10,0.06406411528587341
2864601_0.437,1,6,gds22_over_shat_squared,11,-0.030624469742178917
2864601_0.437,1,6,gds22_over_shat_squared,12,-0.05568656697869301
2864601_0.437,2,0,bmag,0,-0.05734001472592354
2864601_0.437,2,0,bmag,1,-0.2723444700241089
2864601_0.437,2,0,bmag,2,-0.437629371881485
2864601_0.437,2,0,bmag,3,-0.5115451216697693
2864601_0.437,2,0,bmag,4,-0.43545353412628174
2864601_0.437,2,0,bmag,5,-0.35861849784851074
2864601_0.437,2,0,bmag,6,-0.23477105796337128
2864601_0.437,2,0,bmag,7,0.0880289152264595
2864601_0.437,2,0,bmag,8,0.21611683070659637
2864601_0.437,2,0,bmag,9,0.24203722178936005
2864601_0.437,2,0,bmag,10,0.4375436007976532
2864601_0.437,2,0,bmag,11,0.334865003824234
2864601_0.437,2,0,bmag,12,0.3130533993244171
2864601_0.437,2,1,gbdrift,0,0.5144994854927063
2864601_0.437,2,1,gbdrift,1,0.47464215755462646
2864601_0.437,2,1,gbdrift,2,0.6350530385971069
2864601_0.437,2,1,gbdrift,3,0.4448370039463043
2864601_0.437,2,1,gbdrift,4,0.3593757152557373
2864601_0.437,2,1,gbdrift,5,0.29107770323753357
2864601_0.437,2,1,gbdrift,6,0.18605688214302063
2864601_0.437,2,1,gbdrift,7,0.4019579589366913
2864601_0.437,2,1,gbdrift,8,0.3343355059623718
2864601_0.437,2,1,gbdrift,9,0.40521302819252014
2864601_0.437,2,1,gbdrift,10,0.17521196603775024
2864601_0.437,2,1,gbdrift,11,0.15560853481292725
2864601_0.437,2,1,gbdrift,12,0.11065492033958435
2864601_0.437,2,2,cvdrift,0,0.40232139825820923
2864601_0.437,2,2,cvdrift,1,0.3736574649810791
2864601_0.437,2,2,cvdrift,2,0.4422396123409271
2864601_0.437,2,2,cvdrift,3,0.6206583380699158
2864601_0.437,2,2,cvdrift,4,0.448192298412323
2864601_0.437,2,2,cvdrift,5,0.24525941908359528
2864601_0.437,2,2,cvdrift,6,0.19221319258213043
2864601_0.437,2,2,cvdrift,7,0.2284310758113861
2864601_0.437,2,2,cvdrift,8,0.14086799323558807
2864601_0.437,2,2,cvdrift,9,0.05820642039179802
2864601_0.437,2,2,cvdrift,10,-0.17604519426822662
2864601_0.437,2,2,cvdrift,11,-0.15193194150924683
2864601_0.437,2,2,cvdrift,12,-0.04738258570432663
2864601_0.437,2,3,gbdrift0_over_shat,0,0.21831408143043518
2864601_0.437,2,3,gbdrift0_over_shat,1,0.15966418385505676
2864601_0.437,2,3,gbdrift0_over_shat,2,0.13715046644210815
2864601_0.437,2,3,gbdrift0_over_shat,3,0.19339117407798767
2864601_0.437,2,3,gbdrift0_over_shat,4,0.2527170181274414
2864601_0.437,2,3,gbdrift0_over_shat,5,0.24847306311130524
2864601_0.437,2,3,gbdrift0_over_shat,6,0.07635985314846039
2864601_0.437,2,3,gbdrift0_over_shat,7,0.044614676386117935
2864601_0.437,2,3,gbdrift0_over_shat,8,-0.0935908779501915
2864601_0.437,2,3,gbdrift0_over_shat,9,0.14214488863945007
2864601_0.437,2,3,gbdrift0_over_shat,10,0.019698230549693108
2864601_0.437,2,3,gbdrift0_over_shat,11,-0.186212956905365
2864601_0.437,2,3,gbdrift0_over_shat,12,0.07416493445634842
2864601_0.437,2,4,gds2,0,-0.18524907529354095
2864601_0.437,2,4,gds2,1,-0.12131659686565399
2864601_0.437,2,4,gds2,2,-0.22212377190589905
2864601_0.437,2,4,gds2,3,-0.14281019568443298
2864601_0.437,2,4,gds2,4,-0.17390252649784088
2864601_0.437,2,4,gds2,5,-0.0705336481332779
2864601_0.437,2,4,gds2,6,-0.151895672082901
2864601_0.437,2,4,gds2,7,-0.1344527006149292
2864601_0.437,2,4,gds2,8,-0.16844360530376434
2864601_0.437,2,4,gds2,9,-0.0459822379052639
2864601_0.437,2,4,gds2,10,-0.06836619228124619
2864601_0.437,2,4,gds2,11,0.056756243109703064
2864601_0.437,2,4,gds2,12,0.12761199474334717
2864601_0.437,2,5,gds21_over_shat,0,-0.29762405157089233
2864601_0.437,2,5,gds21_over_shat,1,-0.06552679091691971
2864601_0.437,2,5,gds21_over_shat,2,-0.06614384800195694
2864601_0.437,2,5,gds21_over_shat,3,-0.09951929748058319
2864601_0.437,2,5,gds21_over_shat,4,-0.18835411965847015
2864601_0.437,2,5,gds21_over_shat,5,-0.1646200269460678
2864601_0.437,2,5,gds21_over_shat,6,-0.17806649208068848
2864601_0.437,2,5,gds21_over_shat,7,-0.19744142889976501
2864601_0.437,2,5,gds21_over_shat,8,-0.1376904398202896
2864601_0.437,2,5,gds21_over_shat,9,-0.0825490951538086
2864601_0.437,2,5,gds21_over_shat,10,-0.23419839143753052
2864601_0.437,2,5,gds21_over_shat,11,0.034757621586322784
2864601_0.437,2,5,gds21_over_shat,12,0.09775687754154205
2864601_0.437,2,6,gds22_over_shat_squared,0,0.057134076952934265
2864601_0.437,2,6,gds22_over_shat_squared,1,0.050686080008745193
2864601_0.437,2,6,gds22_over_shat_squared,2,-0.04867338016629219
2864601_0.437,2,6,gds22_over_shat_squared,3,0.025864388793706894
2864601_0.437,2,6,gds22_over_shat_squared,4,0.07792258262634277
2864601_0.437,2,6,gds22_over_shat_squared,5,-0.03438559174537659
2864601_0.437,2,6,gds22_over_shat_squared,6,-0.07629653066396713
2864601_0.437,2,6,gds22_over_shat_squared,7,-0.022966044023633003
2864601_0.437,2,6,gds22_over_shat_squared,8,-0.017809195443987846
2864601_0.437,2,6,gds22_over_shat_squared,9,0.10781898349523544
2864601_0.437,2,6,gds22_over_shat_squared,10,-0.033929333090782166
2864601_0.437,2,6,gds22_over_shat_squared,11,0.048204611986875534
2864601_0.437,2,6,gds22_over_shat_squared,12,0.053596824407577515
2864601_0.437,3,0,bmag,0,-0.02410830557346344
2864601_0.437,3,0,bmag,1,-0.0834764614701271
2864601_0.437,3,0,bmag,2,-0.11010786890983582
2864601_0.437,3,0,bmag,3,0.06520640105009079
2864601_0.437,3,0,bmag,4,0.22883130609989166
2864601_0.437,3,0,bmag,5,0.12694087624549866
2864601_0.437,3,0,bmag,6,0.1428208202123642
2864601_0.437,3,0,bmag,7,0.06295846402645111
2864601_0.437,3,0,bmag,8,-0.11073669791221619
2864601_0.437,3,0,bmag,9,-0.37121638655662537
2864601_0.437,3,0,bmag,10,-0.348697692155838
2864601_0.437,3,0,bmag,11,-0.36174991726875305
2864601_0.437,3,0,bmag,12,-0.38660871982574463
2864601_0.437,3,1,gbdrift,0,-0.26508957147598267
2864601_0.437,3,1,gbdrift,1,-0.14036980271339417
2864601_0.437,3,1,gbdrift,2,-0.07647399604320526
2864601_0.437,3,1,gbdrift,3,-0.14982640743255615
2864601_0.437,3,1,gbdrift,4,-0.09497876465320587
2864601_0.437,3,1,gbdrift,5,-0.15596668422222137
2864601_0.437,3,1,gbdrift,6,-0.14015278220176697
2864601_0.437,3,1,gbdrift,7,0.10665954649448395
2864601_0.437,3,1,gbdrift,8,0.11419342458248138
2864601_0.437,3,1,gbdrift,9,0.19322969019412994
2864601_0.437,3,1,gbdrift,10,-0.0014095298247411847
2864601_0.437,3,1,gbdrift,11,-0.11834201961755753
2864601_0.437,3,1,gbdrift,12,0.04132029786705971
2864601_0.437,3,2,cvdrift,0,-0.11591676622629166
2864601_0.437,3,2,cvdrift,1,0.14005984365940094
2864601_0.437,3,2,cvdrift,2,0.2712445855140686
2864601_0.437,3,2,cvdrift,3,0.14495670795440674
2864601_0.437,3,2,cvdrift,4,0.046536605805158615
2864601_0.437,3,2,cvdrift,5,-0.21684427559375763
2864601_0.437,3,2,cvdrift,6,-0.08033362776041031
2864601_0.437,3,2,cvdrift,7,0.2943878173828125
2864601_0.437,3,2,cvdrift,8,0.49177801609039307
2864601_0.437,3,2,cvdrift,9,0.5528679490089417
2864601_0.437,3,2,cvdrift,10,0.307467520236969
2864601_0.437,3,2,cvdrift,11,0.2045377492904663
2864601_0.437,3,2,cvdrift,12,0.35335254669189453
2864601_0.437,3,3,gbdrift0_over_shat,0,0.4884457290172577
2864601_0.437,3,3,gbdrift0_over_shat,1,0.06292569637298584
2864601_0.437,3,3,gbdrift0_over_shat,2,-0.29766902327537537
2864601_0.437,3,3,gbdrift0_over_shat,3,-0.42026886343955994
2864601_0.437,3,3,gbdrift0_over_shat,4,-0.2100721150636673
2864601_0.437,3,3,gbdrift0_over_shat,5,0.08220226317644119
2864601_0.437,3,3,gbdrift0_over_shat,6,0.1852123737335205
2864601_0.437,3,3,gbdrift0_over_shat,7,0.08591324090957642
2864601_0.437,3,3,gbdrift0_over_shat,8,-0.023202955722808838
2864601_0.437,3,3,gbdrift0_over_shat,9,-0.11088903248310089
2864601_0.437,3,3,gbdrift0_over_shat,10,0.09632427245378494
2864601_0.437,3,3,gbdrift0_over_shat,11,-0.2714492678642273
2864601_0.437,3,3,gbdrift0_over_shat,12,-0.6305047869682312
2864601_0.437,3,4,gds2,0,0.09865782409906387
2864601_0.437,3,4,gds2,1,-0.03476705774664879
2864601_0.437,3,4,gds2,2,0.023489832878112793
2864601_0.437,3,4,gds2,3,0.050264954566955566
2864601_0.437,3,4,gds2,4,-0.08850675076246262
2864601_0.437,3,4,gds2,5,0.09869515895843506
2864601_0.437,3,4,gds2,6,-0.03733031824231148
2864601_0.437,3,4,gds2,7,-0.044489677995443344
2864601_0.437,3,4,gds2,8,-0.020056620240211487
2864601_0.437,3,4,gds2,9,-0.12694025039672852
2864601_0.437,3,4,gds2,10,0.0681675598025322
2864601_0.437,3,4,gds2,11,-0.07610750943422318
2864601_0.437,3,4,gds2,12,-0.06377863883972168
2864601_0.437,3,5,gds21_over_shat,0,-0.00787863228470087
2864601_0.437,3,5,gds21_over_shat,1,-0.11683989316225052
2864601_0.437,3,5,gds21_over_shat,2,0.08209791779518127
2864601_0.437,3,5,gds21_over_shat,3,-0.07977025955915451
2864601_0.437,3,5,gds21_over_shat,4,0.0544622540473938
2864601_0.437,3,5,gds21_over_shat,5,-0.002890972653403878
2864601_0.437,3,5,gds21_over_shat,6,0.023541199043393135
2864601_0.437,3,5,gds21_over_shat,7,0.032466743141412735
2864601_0.437,3,5,gds21_over_shat,8,0.058022212237119675
2864601_0.437,3,5,gds21_over_shat,9,0.034139636904001236
2864601_0.437,3,5,gds21_over_shat,10,0.005569759290665388
2864601_0.437,3,5,gds21_over_shat,11,0.0017652566311880946
2864601_0.437,3,5,gds21_over_shat,12,-0.07794247567653656
2864601_0.437,3,6,gds22_over_shat_squared,0,-0.04371660202741623
2864601_0.437,3,6,gds22_over_shat_squared,1,-0.10972636193037033
2864601_0.437,3,6,gds22_over_shat_squared,2,-0.10608846694231033
2864601_0.437,3,6,gds22_over_shat_squared,3,0.0529157929122448
2864601_0.437,3,6,gds22_over_shat_squared,4,-0.0575772225856781
2864601_0.437,3,6,gds22_over_shat_squared,5,0.03061847761273384
2864601_0.437,3,6,gds22_over_shat_squared,6,0.019595779478549957
2864601_0.437,3,6,gds22_over_shat_squared,7,0.09031736850738525
2864601_0.437,3,6,gds22_over_shat_squared,8,-0.01110377348959446
2864601_0.437,3,6,gds22_over_shat_squared,9,0.12665843963623047
2864601_0.437,3,6,gds22_over_shat_squared,10,-0.034680984914302826
2864601_0.437,3,6,gds22_over_shat_squared,11,0.1217460110783577
2864601_0.437,3,6,gds22_over_shat_squared,12,0.11456544697284698
2864601_0.437,4,0,bmag,0,-0.48267537355422974
2864601_0.437,4,0,bmag,1,-0.5226448178291321
2864601_0.437,4,0,bmag,2,-0.3629423677921295
2864601_0.437,4,0,bmag,3,-0.3778218924999237
2864601_0.437,4,0,bmag,4,-0.1997418850660324
2864601_0.437,4,0,bmag,5,-0.13426926732063293
2864601_0.437,4,0,bmag,6,-0.1984734684228897
2864601_0.437,4,0,bmag,7,-0.16180691123008728
2864601_0.437,4,0,bmag,8,0.011331749148666859
2864601_0.437,4,0,bmag,9,-0.0036380854435265064
2864601_0.437,4,0,bmag,10,0.05036448687314987
2864601_0.437,4,0,bmag,11,-0.08736702054738998
2864601_0.437,4,0,bmag,12,-0.038659967482089996
2864601_0.437,4,1,gbdrift,0,-0.2071392834186554
2864601_0.437,4,1,gbdrift,1,0.0028274382930248976
2864601_0.437,4,1,gbdrift,2,-0.04202141612768173
2864601_0.437,4,1,gbdrift,3,-0.050848692655563354
2864601_0.437,4,1,gbdrift,4,-0.14697779715061188
2864601_0.437,4,1,gbdrift,5,-0.2916056215763092
2864601_0.437,4,1,gbdrift,6,-0.44137534499168396
2864601_0.437,4,1,gbdrift,7,-0.20810262858867645
2864601_0.437,4,1,gbdrift,8,-0.21419435739517212
2864601_0.437,4,1,gbdrift,9,-0.23421046137809753
2864601_0.437,4,1,gbdrift,10,-0.16092875599861145
2864601_0.437,4,1,gbdrift,11,0.08302689343690872
2864601_0.437,4,1,gbdrift,12,0.0746266320347786
2864601_0.437,4,2,cvdrift,0,-0.02421688474714756
2864601_0.437,4,2,cvdrift,1,-0.07147852331399918
2864601_0.437,4,2,cvdrift,2,-0.09095175564289093
2864601_0.437,4,2,cvdrift,3,0.028533002361655235
2864601_0.437,4,2,cvdrift,4,-0.04432172700762749
2864601_0.437,4,2,cvdrift,5,-0.27571600675582886
2864601_0.437,4,2,cvdrift,6,-0.398772656917572
2864601_0.437,4,2,cvdrift,7,-0.3249763250350952
2864601_0.437,4,2,cvdrift,8,-0.43789756298065186
2864601_0.437,4,2,cvdrift,9,-0.620964765548706
2864601_0.437,4,2,cvdrift,10,-0.4104807376861572
2864601_0.437,4,2,cvdrift,11,-0.12767398357391357
2864601_0.437,4,2,cvdrift,12,-0.1839122176170349
2864601_0.437,4,3,gbdrift0_over_shat,0,0.2751319408416748
2864601_0.437,4,3,gbdrift0_over_shat,1,0.4332214593887329
2864601_0.437,4,3,gbdrift0_over_shat,2,0.5096141695976257
2864601_0.437,4,3,gbdrift0_over_shat,3,0.48819735646247864
2864601_0.437,4,3,gbdrift0_over_shat,4,0.6119940876960754
2864601_0.437,4,3,gbdrift0_over_shat,5,0.5103694200515747
2864601_0.437,4,3,gbdrift0_over_shat,6,0.3068540096282959
2864601_0.437,4,3,gbdrift0_over_shat,7,0.18528664112091064
2864601_0.437,4,3,gbdrift0_over_shat,8,0.16428154706954956
2864601_0.437,4,3,gbdrift0_over_shat,9,0.39051690697669983
2864601_0.437,4,3,gbdrift0_over_shat,10,0.38526466488838196
2864601_0.437,4,3,gbdrift0_over_shat,11,0.27942007780075073
2864601_0.437,4,3,gbdrift0_over_shat,12,0.7303394675254822
2864601_0.437,4,4,gds2,0,0.07316381484270096
2864601_0.437,4,4,gds2,1,0.07330804318189621
2864601_0.437,4,4,gds2,2,0.04015958309173584
2864601_0.437,4,4,gds2,3,0.1269322633743286
2864601_0.437,4,4,gds2,4,0.023616192862391472
2864601_0.437,4,4,gds2,5,0.0066052707843482494
2864601_0.437,4,4,gds2,6,0.05366383120417595
2864601_0.437,4,4,gds2,7,-0.03434660658240318
2864601_0.437,4,4,gds2,8,-0.09926920384168625
2864601_0.437,4,4,gds2,9,0.0270786602050066
2864601_0.437,4,4,gds2,10,-0.0873054713010788
2864601_0.437,4,4,gds2,11,-0.034121353179216385
2864601_0.437,4,4,gds2,12,-0.07682593166828156
2864601_0.437,4,5,gds21_over_shat,0,0.0844070166349411
2864601_0.437,4,5,gds21_over_shat,1,0.20836658775806427
2864601_0.437,4,5,gds21_over_shat,2,0.27737271785736084
2864601_0.437,4,5,gds21_over_shat,3,0.10437139868736267
2864601_0.437,4,5,gds21_over_shat,4,0.024759918451309204
2864601_0.437,4,5,gds21_over_shat,5,0.002187174977734685
2864601_0.437,4,5,gds21_over_shat,6,0.0706239715218544
2864601_0.437,4,5,gds21_over_shat,7,0.10068468749523163
2864601_0.437,4,5,gds21_over_shat,8,0.16120898723602295
2864601_0.437,4,5,gds21_over_shat,9,-0.15672551095485687
2864601_0.437,4,5,gds21_over_shat,10,-0.21632251143455505
2864601_0.437,4,5,gds21_over_shat,11,-0.27311208844184875
2864601_0.437,4,5,gds21_over_shat,12,-0.4055713713169098
2864601_0.437,4,6,gds22_over_shat_squared,0,-0.11728601902723312
2864601_0.437,4,6,gds22_over_shat_squared,1,0.015776587650179863
2864601_0.437,4,6,gds22_over_shat_squared,2,0.038059912621974945
2864601_0.437,4,6,gds22_over_shat_squared,3,0.021369967609643936
2864601_0.437,4,6,gds22_over_shat_squared,4,0.012268624268472195
2864601_0.437,4,6,gds22_over_shat_squared,5,0.05076232925057411
2864601_0.437,4,6,gds22_over_shat_squared,6,-0.0462779626250267
2864601_0.437,4,6,gds22_over_shat_squared,7,0.154203861951828
2864601_0.437,4,6,gds22_over_shat_squared,8,0.04903456196188927
2864601_0.437,4,6,gds22_over_shat_squared,9,0.11260703951120377
2864601_0.437,4,6,gds22_over_shat_squared,10,-0.006325601600110531
2864601_0.437,4,6,gds22_over_shat_squared,11,-0.019595369696617126
2864601_0.437,4,6,gds22_over_shat_squared,12,-0.05547286942601204
2864601_0.437,5,0,bmag,0,-0.022849244996905327
2864601_0.437,5,0,bmag,1,0.047220151871442795
2864601_0.437,5,0,bmag,2,0.14735300838947296
2864601_0.437,5,0,bmag,3,0.19337181746959686
2864601_0.437,5,0,bmag,4,-0.013430164195597172
2864601_0.437,5,0,bmag,5,0.004574051592499018
2864601_0.437,5,0,bmag,6,-0.12172414362430573
2864601_0.437,5,0,bmag,7,-0.08390819281339645
2864601_0.437,5,0,bmag,8,-0.24380040168762207
2864601_0.437,5,0,bmag,9,-0.10990093648433685
2864601_0.437,5,0,bmag,10,-0.0701521784067154
2864601_0.437,5,0,bmag,11,-0.054890427738428116
2864601_0.437,5,0,bmag,12,0.013987715356051922
2864601_0.437,5,1,gbdrift,0,0.31396031379699707
2864601_0.437,5,1,gbdrift,1,0.40013012290000916
2864601_0.437,5,1,gbdrift,2,0.4716351628303528
2864601_0.437,5,1,gbdrift,3,0.38235458731651306
2864601_0.437,5,1,gbdrift,4,0.5025045871734619
2864601_0.437,5,1,gbdrift,5,0.6511132121086121
2864601_0.437,5,1,gbdrift,6,0.812595546245575
2864601_0.437,5,1,gbdrift,7,1.0125218629837036
2864601_0.437,5,1,gbdrift,8,0.8650252819061279
2864601_0.437,5,1,gbdrift,9,0.827761173248291
2864601_0.437,5,1,gbdrift,10,0.809628427028656
2864601_0.437,5,1,gbdrift,11,0.41246020793914795
2864601_0.437,5,1,gbdrift,12,0.20270176231861115
2864601_0.437,5,2,cvdrift,0,0.3502213656902313
2864601_0.437,5,2,cvdrift,1,0.3132769465446472
2864601_0.437,5,2,cvdrift,2,0.1154741495847702
2864601_0.437,5,2,cvdrift,3,0.1021742969751358
2864601_0.437,5,2,cvdrift,4,0.09305611252784729
2864601_0.437,5,2,cvdrift,5,0.19748814404010773
2864601_0.437,5,2,cvdrift,6,0.3953601121902466
2864601_0.437,5,2,cvdrift,7,0.4631735682487488
2864601_0.437,5,2,cvdrift,8,0.5395984053611755
2864601_0.437,5,2,cvdrift,9,0.6674748063087463
2864601_0.437,5,2,cvdrift,10,0.581016480922699
2864601_0.437,5,2,cvdrift,11,0.35722294449806213
2864601_0.437,5,2,cvdrift,12,0.2808581590652466
2864601_0.437,5,3,gbdrift0_over_shat,0,0.5825576782226562
2864601_0.437,5,3,gbdrift0_over_shat,1,0.20656102895736694
2864601_0.437,5,3,gbdrift0_over_shat,2,-0.11148402094841003
2864601_0.437,5,3,gbdrift0_over_shat,3,-0.3108464479446411
2864601_0.437,5,3,gbdrift0_over_shat,4,-0.24033766984939575
2864601_0.437,5,3,gbdrift0_over_shat,5,-0.27032408118247986
2864601_0.437,5,3,gbdrift0_over_shat,6,-0.3022015690803528
2864601_0.437,5,3,gbdrift0_over_shat,7,-0.7219805717468262
2864601_0.437,5,3,gbdrift0_over_shat,8,-0.7559328675270081
2864601_0.437,5,3,gbdrift0_over_shat,9,-0.5627791881561279
2864601_0.437,5,3,gbdrift0_over_shat,10,-0.16835066676139832
2864601_0.437,5,3,gbdrift0_over_shat,11,-0.196304589509964
2864601_0.437,5,3,gbdrift0_over_shat,12,-0.2654321491718292
2864601_0.437,5,4,gds2,0,-0.05410953611135483
2864601_0.437,5,4,gds2,1,-0.07781706005334854
2864601_0.437,5,4,gds2,2,-0.050714269280433655
2864601_0.437,5,4,gds2,3,0.035859979689121246
2864601_0.437,5,4,gds2,4,-0.02745889313519001
2864601_0.437,5,4,gds2,5,-0.2153797298669815
2864601_0.437,5,4,gds2,6,-0.16090014576911926
2864601_0.437,5,4,gds2,7,-0.3519189655780792
2864601_0.437,5,4,gds2,8,-0.19864584505558014
2864601_0.437,5,4,gds2,9,-0.31182053685188293
2864601_0.437,5,4,gds2,10,-0.17309518158435822
2864601_0.437,5,4,gds2,11,-0.07970166206359863
2864601_0.437,5,4,gds2,12,-0.06300517916679382
2864601_0.437,5,5,gds21_over_shat,0,0.08912530541419983
2864601_0.437,5,5,gds21_over_shat,1,-0.003056103363633156
2864601_0.437,5,5,gds21_over_shat,2,0.03163987398147583
2864601_0.437,5,5,gds21_over_shat,3,0.06563939899206161
2864601_0.437,5,5,gds21_over_shat,4,0.20419694483280182
2864601_0.437,5,5,gds21_over_shat,5,0.11259046196937561
2864601_0.437,5,5,gds21_over_shat,6,0.08155638724565506
2864601_0.437,5,5,gds21_over_shat,7,0.06770513206720352
2864601_0.437,5,5,gds21_over_shat,8,0.14658983051776886
2864601_0.437,5,5,gds21_over_shat,9,0.09780800342559814
2864601_0.437,5,5,gds21_over_shat,10,0.11842794716358185
2864601_0.437,5,5,gds21_over_shat,11,-0.014696442522108555
2864601_0.437,5,5,gds21_over_shat,12,-0.06318637728691101
2864601_0.437,5,6,gds22_over_shat_squared,0,-0.049776434898376465
2864601_0.437,5,6,gds22_over_shat_squared,1,0.11096391081809998
2864601_0.437,5,6,gds22_over_shat_squared,2,-0.052815839648246765
2864601_0.437,5,6,gds22_over_shat_squared,3,0.09597157686948776
2864601_0.437,5,6,gds22_over_shat_squared,4,-0.05895388871431351
2864601_0.437,5,6,gds22_over_shat_squared,5,-0.06623698025941849
2864601_0.437,5,6,gds22_over_shat_squared,6,0.10343819111585617
2864601_0.437,5,6,gds22_over_shat_squared,7,0.13276055455207825
2864601_0.437,5,6,gds22_over_shat_squared,8,0.03704199194908142
2864601_0.437,5,6,gds22_over_shat_squared,9,-0.007951540872454643
2864601_0.437,5,6,gds22_over_shat_squared,10,-0.0450134240090847
2864601_0.437,5,6,gds22_over_shat_squared,11,0.08724957704544067
2864601_0.437,5,6,gds22_over_shat_squared,12,0.01942351460456848
2864601_0.437,6,0,bmag,0,-0.0012346472358331084
2864601_0.437,6,0,bmag,1,0.04550677910447121
2864601_0.437,6,0,bmag,2,0.14699730277061462
2864601_0.437,6,0,bmag,3,0.25138059258461
2864601_0.437,6,0,bmag,4,0.44945982098579407
2864601_0.437,6,0,bmag,5,0.37212705612182617
2864601_0.437,6,0,bmag,6,0.16422224044799805
2864601_0.437,6,0,bmag,7,0.039767734706401825
2864601_0.437,6,0,bmag,8,-0.1643950641155243
2864601_0.437,6,0,bmag,9,-0.15792851150035858
2864601_0.437,6,0,bmag,10,-0.1345190554857254
2864601_0.437,6,0,bmag,11,-0.22237856686115265
2864601_0.437,6,0,bmag,12,-0.21599961817264557
2864601_0.437,6,1,gbdrift,0,-0.20254816114902496
2864601_0.437,6,1,gbdrift,1,-0.20415449142456055
2864601_0.437,6,1,gbdrift,2,-0.26012203097343445
2864601_0.437,6,1,gbdrift,3,-0.31082409620285034
2864601_0.437,6,1,gbdrift,4,-0.4690478444099426
2864601_0.437,6,1,gbdrift,5,-0.3006962835788727
2864601_0.437,6,1,gbdrift,6,-0.21739351749420166
2864601_0.437,6,1,gbdrift,7,-0.14212100207805634
2864601_0.437,6,1,gbdrift,8,-0.31856921315193176
2864601_0.437,6,1,gbdrift,9,-0.20524382591247559
2864601_0.437,6,1,gbdrift,10,-0.18786516785621643
2864601_0.437,6,1,gbdrift,11,-0.3308646082878113
2864601_0.437,6,1,gbdrift,12,-0.2380969077348709
2864601_0.437,6,2,cvdrift,0,0.1525682657957077
2864601_0.437,6,2,cvdrift,1,0.11838405579328537
2864601_0.437,6,2,cvdrift,2,-0.05537716671824455
2864601_0.437,6,2,cvdrift,3,-0.17692966759204865
2864601_0.437,6,2,cvdrift,4,-0.08340943604707718
2864601_0.437,6,2,cvdrift,5,-0.11538821458816528
2864601_0.437,6,2,cvdrift,6,0.027641450986266136
2864601_0.437,6,2,cvdrift,7,0.1576576679944992
2864601_0.437,6,2,cvdrift,8,0.187162384390831
2864601_0.437,6,2,cvdrift,9,0.0628291442990303
2864601_0.437,6,2,cvdrift,10,0.06734392791986465
2864601_0.437,6,2,cvdrift,11,0.1386486291885376
2864601_0.437,6,2,cvdrift,12,0.3008551299571991
2864601_0.437,6,3,gbdrift0_over_shat,0,-0.12933731079101562
2864601_0.437,6,3,gbdrift0_over_shat,1,-0.19642110168933868
2864601_0.437,6,3,gbdrift0_over_shat,2,-0.1781940907239914
2864601_0.437,6,3,gbdrift0_over_shat,3,-0.13526542484760284
2864601_0.437,6,3,gbdrift0_over_shat,4,-0.2426217794418335
2864601_0.437,6,3,gbdrift0_over_shat,5,-0.5121073126792908
2864601_0.437,6,3,gbdrift0_over_shat,6,-0.43451622128486633
2864601_0.437,6,3,gbdrift0_over_shat,7,-0.2064313292503357
2864601_0.437,6,3,gbdrift0_over_shat,8,-0.4210248291492462
2864601_0.437,6,3,gbdrift0_over_shat,9,-0.5151368975639343
2864601_0.437,6,3,gbdrift0_over_shat,10,-0.6541768312454224
2864601_0.437,6,3,gbdrift0_over_shat,11,-0.4218898117542267
2864601_0.437,6,3,gbdrift0_over_shat,12,-0.4886762499809265
2864601_0.437,6,4,gds2,0,0.0863490030169487
2864601_0.437,6,4,gds2,1,-0.07334885001182556
2864601_0.437,6,4,gds2,2,0.0024124626070261
2864601_0.437,6,4,gds2,3,0.07570911198854446
2864601_0.437,6,4,gds2,4,0.0182026494294405
2864601_0.437,6,4,gds2,5,0.07717610150575638
2864601_0.437,6,4,gds2,6,-0.06322959065437317
2864601_0.437,6,4,gds2,7,-0.028691379353404045
2864601_0.437,6,4,gds2,8,-0.0600242018699646
2864601_0.437,6,4,gds2,9,-0.01092749834060669
2864601_0.437,6,4,gds2,10,0.0434049591422081
2864601_0.437,6,4,gds2,11,-0.06123210862278938
2864601_0.437,6,4,gds2,12,0.1712806671857834
2864601_0.437,6,5,gds21_over_shat,0,-0.08022942394018173
2864601_0.437,6,5,gds21_over_shat,1,-0.07317740470170975
2864601_0.437,6,5,gds21_over_shat,2,-0.05961407721042633
2864601_0.437,6,5,gds21_over_shat,3,-0.05373060330748558
2864601_0.437,6,5,gds21_over_shat,4,-0.04114515334367752
2864601_0.437,6,5,gds21_over_shat,5,0.00631211930885911
2864601_0.437,6,5,gds21_over_shat,6,0.07378562539815903
2864601_0.437,6,5,gds21_over_shat,7,0.08243495970964432
2864601_0.437,6,5,gds21_over_shat,8,-0.08461210131645203
2864601_0.437,6,5,gds21_over_shat,9,-0.07945728302001953
2864601_0.437,6,5,gds21_over_shat,10,0.047744154930114746
2864601_0.437,6,5,gds21_over_shat,11,0.07559293508529663
2864601_0.437,6,5,gds21_over_shat,12,0.20609229803085327
2864601_0.437,6,6,gds22_over_shat_squared,0,-0.08568296581506729
2864601_0.437,6,6,gds22_over_shat_squared,1,-0.027464646846055984
2864601_0.437,6,6,gds22_over_shat_squared,2,0.08731748163700104
2864601_0.437,6,6,gds22_over_shat_squared,3,0.202658548951149
2864601_0.437,6,6,gds22_over_shat_squared,4,0.07267125695943832
2864601_0.437,6,6,gds22_over_shat_squared,5,-0.109781913459301
2864601_0.437,6,6,gds22_over_shat_squared,6,-0.15717938542366028
2864601_0.437,6,6,gds22_over_shat_squared,7,-0.2724706828594208
2864601_0.437,6,6,gds22_over_shat_squared,8,-0.20864275097846985
2864601_0.437,6,6,gds22_over_shat_squared,9,-0.15727272629737854
2864601_0.437,6,6,gds22_over_shat_squared,10,-0.0814645066857338
2864601_0.437,6,6,gds22_over_shat_squared,11,-0.061928510665893555
2864601_0.437,6,6,gds22_over_shat_squared,12,-0.051155947148799896
2864601_0.437,7,0,bmag,0,0.18360628187656403
2864601_0.437,7,0,bmag,1,0.01379616279155016
2864601_0.437,7,0,bmag,2,-0.18333293497562408
2864601_0.437,7,0,bmag,3,-0.06444109231233597
2864601_0.437,7,0,bmag,4,-0.1906440556049347
2864601_0.437,7,0,bmag,5,0.05552714318037033
2864601_0.437,7,0,bmag,6,0.051722828298807144
2864601_0.437,7,0,bmag,7,0.12224873900413513
2864601_0.437,7,0,bmag,8,0.23127029836177826
2864601_0.437,7,0,bmag,9,0.16563060879707336
2864601_0.437,7,0,bmag,10,0.4123016893863678
2864601_0.437,7,0,bmag,11,0.42143481969833374
2864601_0.437,7,0,bmag,12,0.43722549080848694
2864601_0.437,7,1,gbdrift,0,0.09224619716405869
2864601_0.437,7,1,gbdrift,1,0.2414686679840088
2864601_0.437,7,1,gbdrift,2,0.33411601185798645
2864601_0.437,7,1,gbdrift,3,0.26982584595680237
2864601_0.437,7,1,gbdrift,4,0.3765760362148285
2864601_0.437,7,1,gbdrift,5,0.5064178109169006
2864601_0.437,7,1,gbdrift,6,0.4123997986316681
2864601_0.437,7,1,gbdrift,7,0.0936729684472084
2864601_0.437,7,1,gbdrift,8,-0.0571296326816082
2864601_0.437,7,1,gbdrift,9,-0.11830966919660568
2864601_0.437,7,1,gbdrift,10,-0.00567219965159893
2864601_0.437,7,1,gbdrift,11,0.07833263278007507
2864601_0.437,7,1,gbdrift,12,-0.03297702595591545
2864601_0.437,7,2,cvdrift,0,-0.10905139148235321
2864601_0.437,7,2,cvdrift,1,-0.11640698462724686
2864601_0.437,7,2,cvdrift,2,0.00819555763155222
2864601_0.437,7,2,cvdrift,3,0.040986090898513794
2864601_0.437,7,2,cvdrift,4,-0.02694026753306389
2864601_0.437,7,2,cvdrift,5,0.15023574233055115
2864601_0.437,7,2,cvdrift,6,-0.009037976153194904
2864601_0.437,7,2,cvdrift,7,-0.14129528403282166
2864601_0.437,7,2,cvdrift,8,-0.34324365854263306
2864601_0.437,7,2,cvdrift,9,-0.39322832226753235
2864601_0.437,7,2,cvdrift,10,-0.250454306602478
2864601_0.437,7,2,cvdrift,11,-0.14226442575454712
2864601_0.437,7,2,cvdrift,12,-0.38500359654426575
2864601_0.437,7,3,gbdrift0_over_shat,0,-0.39238440990448
2864601_0.437,7,3,gbdrift0_over_shat,1,-0.6238064169883728
2864601_0.437,7,3,gbdrift0_over_shat,2,-0.6672918200492859
2864601_0.437,7,3,gbdrift0_over_shat,3,-0.7619631886482239
2864601_0.437,7,3,gbdrift0_over_shat,4,-0.8542394638061523
2864601_0.437,7,3,gbdrift0_over_shat,5,-1.1004356145858765
2864601_0.437,7,3,gbdrift0_over_shat,6,-0.9310029149055481
2864601_0.437,7,3,gbdrift0_over_shat,7,-0.7047430276870728
2864601_0.437,7,3,gbdrift0_over_shat,8,-0.47181037068367004
2864601_0.437,7,3,gbdrift0_over_shat,9,-0.502333402633667
2864601_0.437,7,3,gbdrift0_over_shat,10,-0.38411909341812134
2864601_0.437,7,3,gbdrift0_over_shat,11,-0.14616328477859497
2864601_0.437,7,3,gbdrift0_over_shat,12,-0.03702159225940704
2864601_0.437,7,4,gds2,0,0.0933016687631607
2864601_0.437,7,4,gds2,1,-0.06776072084903717
2864601_0.437,7,4,gds2,2,-0.016359029337763786
2864601_0.437,7,4,gds2,3,-0.06607025116682053
2864601_0.437,7,4,gds2,4,0.0811866745352745
2864601_0.437,7,4,gds2,5,0.014980805106461048
2864601_0.437,7,4,gds2,6,0.0373888798058033
2864601_0.437,7,4,gds2,7,-0.11212513595819473
2864601_0.437,7,4,gds2,8,-0.02941102162003517
2864601_0.437,7,4,gds2,9,0.05727618932723999
2864601_0.437,7,4,gds2,10,0.07181453704833984
2864601_0.437,7,4,gds2,11,-0.035030853003263474
2864601_0.437,7,4,gds2,12,0.028367197141051292
2864601_0.437,7,5,gds21_over_shat,0,0.1505008339881897
2864601_0.437,7,5,gds21_over_shat,1,0.07351640611886978
2864601_0.437,7,5,gds21_over_shat,2,-0.04198763146996498
2864601_0.437,7,5,gds21_over_shat,3,0.06561741977930069
2864601_0.437,7,5,gds21_over_shat,4,-0.025927182286977768
2864601_0.437,7,5,gds21_over_shat,5,0.2399931102991104
2864601_0.437,7,5,gds21_over_shat,6,0.07007356733083725
2864601_0.437,7,5,gds21_over_shat,7,0.014614787884056568
2864601_0.437,7,5,gds21_over_shat,8,-0.06442844867706299
2864601_0.437,7,5,gds21_over_shat,9,0.04665346443653107
2864601_0.437,7,5,gds21_over_shat,10,0.026529556140303612
2864601_0.437,7,5,gds21_over_shat,11,0.017890634015202522
2864601_0.437,7,5,gds21_over_shat,12,0.0036836343351751566
2864601_0.437,7,6,gds22_over_shat_squared,0,0.0029016968328505754
2864601_0.437,7,6,gds22_over_shat_squared,1,-0.1899901181459427
2864601_0.437,7,6,gds22_over_shat_squared,2,-0.2612919509410858
2864601_0.437,7,6,gds22_over_shat_squared,3,-0.45874735713005066
2864601_0.437,7,6,gds22_over_shat_squared,4,-0.43619686365127563
2864601_0.437,7,6,gds22_over_shat_squared,5,-0.4020331799983978
2864601_0.437,7,6,gds22_over_shat_squared,6,-0.35334154963493347
2864601_0.437,7,6,gds22_over_shat_squared,7,-0.12274882942438126
2864601_0.437,7,6,gds22_over_shat_squared,8,-0.2347860485315323
2864601_0.437,7,6,gds22_over_shat_squared,9,-0.047820013016462326
2864601_0.437,7,6,gds22_over_shat_squared,10,0.020235177129507065
2864601_0.437,7,6,gds22_over_shat_squared,11,0.025850148871541023
2864601_0.437,7,6,gds22_over_shat_squared,12,0.17844870686531067
2864601_0.437,8,0,bmag,0,0.06750728189945221
2864601_0.437,8,0,bmag,1,0.0479668453335762
2864601_0.437,8,0,bmag,2,0.03933136165142059
2864601_0.437,8,0,bmag,3,0.022680949419736862
2864601_0.437,8,0,bmag,4,0.14427848160266876
2864601_0.437,8,0,bmag,5,0.07322415709495544
2864601_0.437,8,0,bmag,6,-0.13033369183540344
2864601_0.437,8,0,bmag,7,-0.0273476280272007
2864601_0.437,8,0,bmag,8,-0.13253465294837952
2864601_0.437,8,0,bmag,9,-0.05754747986793518
2864601_0.437,8,0,bmag,10,-0.015342090278863907
2864601_0.437,8,0,bmag,11,0.16138136386871338
2864601_0.437,8,0,bmag,12,0.06297367811203003
2864601_0.437,8,1,gbdrift,0,-0.28871726989746094
2864601_0.437,8,1,gbdrift,1,-0.31715187430381775
2864601_0.437,8,1,gbdrift,2,-0.29197511076927185
2864601_0.437,8,1,gbdrift,3,-0.12467788904905319
2864601_0.437,8,1,gbdrift,4,-0.29142677783966064
2864601_0.437,8,1,gbdrift,5,-0.1728331744670868
2864601_0.437,8,1,gbdrift,6,-0.2835729718208313
2864601_0.437,8,1,gbdrift,7,-0.4883464574813843
2864601_0.437,8,1,gbdrift,8,-0.4455690085887909
2864601_0.437,8,1,gbdrift,9,-0.2526945471763611
2864601_0.437,8,1,gbdrift,10,-0.37583765387535095
2864601_0.437,8,1,gbdrift,11,-0.2533334195613861
2864601_0.437,8,1,gbdrift,12,-0.5187428593635559
2864601_0.437,8,2,cvdrift,0,-0.029108591377735138
2864601_0.437,8,2,cvdrift,1,-0.08133585005998611
2864601_0.437,8,2,cvdrift,2,-0.037476275116205215
2864601_0.437,8,2,cvdrift,3,-0.048390667885541916
2864601_0.437,8,2,cvdrift,4,0.05063565447926521
2864601_0.437,8,2,cvdrift,5,0.0976497158408165
2864601_0.437,8,2,cvdrift,6,0.004577553365379572
2864601_0.437,8,2,cvdrift,7,-0.11707641184329987
2864601_0.437,8,2,cvdrift,8,-0.21209004521369934
2864601_0.437,8,2,cvdrift,9,-0.13217440247535706
2864601_0.437,8,2,cvdrift,10,-0.0892135426402092
2864601_0.437,8,2,cvdrift,11,-0.17823366820812225
2864601_0.437,8,2,cvdrift,12,-0.356442391872406
2864601_0.437,8,3,gbdrift0_over_shat,0,-0.19439446926116943
2864601_0.437,8,3,gbdrift0_over_shat,1,-0.04000488668680191
2864601_0.437,8,3,gbdrift0_over_shat,2,-0.29910773038864136
2864601_0.437,8,3,gbdrift0_over_shat,3,-0.6067565679550171
2864601_0.437,8,3,gbdrift0_over_shat,4,-0.22235555946826935
2864601_0.437,8,3,gbdrift0_over_shat,5,-0.4396524429321289
2864601_0.437,8,3,gbdrift0_over_shat,6,-0.5463005900382996
2864601_0.437,8,3,gbdrift0_over_shat,7,-0.5411962866783142
2864601_0.437,8,3,gbdrift0_over_shat,8,-0.6800572872161865
2864601_0.437,8,3,gbdrift0_over_shat,9,-0.4198279082775116
2864601_0.437,8,3,gbdrift0_over_shat,10,-0.3298308551311493
2864601_0.437,8,3,gbdrift0_over_shat,11,-0.4858587086200714
2864601_0.437,8,3,gbdrift0_over_shat,12,-0.31859299540519714
2864601_0.437,8,4,gds2,0,0.04465422034263611
2864601_0.437,8,4,gds2,1,0.13889458775520325
2864601_0.437,8,4,gds2,2,0.04574662819504738
2864601_0.437,8,4,gds2,3,0.09153168648481369
2864601_0.437,8,4,gds2,4,0.07347236573696136
2864601_0.437,8,4,gds2,5,0.12658393383026123
2864601_0.437,8,4,gds2,6,0.004606285598129034
2864601_0.437,8,4,gds2,7,-0.04215328022837639
2864601_0.437,8,4,gds2,8,0.09576737135648727
2864601_0.437,8,4,gds2,9,0.022827327251434326
2864601_0.437,8,4,gds2,10,-0.10393453389406204
2864601_0.437,8,4,gds2,11,-0.09538179636001587
2864601_0.437,8,4,gds2,12,-0.04762204363942146
2864601_0.437,8,5,gds21_over_shat,0,-0.012773171067237854
2864601_0.437,8,5,gds21_over_shat,1,0.08736059814691544
2864601_0.437,8,5,gds21_over_shat,2,0.05538222938776016
2864601_0.437,8,5,gds21_over_shat,3,-0.002961838385090232
2864601_0.437,8,5,gds21_over_shat,4,0.19764292240142822
2864601_0.437,8,5,gds21_over_shat,5,0.08286619931459427
2864601_0.437,8,5,gds21_over_shat,6,-0.019458748400211334
2864601_0.437,8,5,gds21_over_shat,7,0.05839161574840546
2864601_0.437,8,5,gds21_over_shat,8,-0.07686175405979156
2864601_0.437,8,5,gds21_over_shat,9,-0.025103921070694923
2864601_0.437,8,5,gds21_over_shat,10,-0.15538720786571503
2864601_0.437,8,5,gds21_over_shat,11,-0.18489669263362885
2864601_0.437,8,5,gds21_over_shat,12,-0.10608910024166107
2864601_0.437,8,6,gds22_over_shat_squared,0,0.07842934131622314
2864601_0.437,8,6,gds22_over_shat_squared,1,-0.0836159884929657
2864601_0.437,8,6,gds22_over_shat_squared,2,0.02351967804133892
2864601_0.437,8,6,gds22_over_shat_squared,3,-0.02954685129225254
2864601_0.437,8,6,gds22_over_shat_squared,4,0.05680382624268532
2864601_0.437,8,6,gds22_over_shat_squared,5,-0.0742650106549263
2864601_0.437,8,6,gds22_over_shat_squared,6,-0.00036813959013670683
2864601_0.437,8,6,gds22_over_shat_squared,7,-0.1007855162024498
2864601_0.437,8,6,gds22_over_shat_squared,8,-0.10172418504953384
2864601_0.437,8,6,gds22_over_shat_squared,9,0.040216535329818726
2864601_0.437,8,6,gds22_over_shat_squared,10,0.03310505300760269
2864601_0.437,8,6,gds22_over_shat_squared,11,0.04478542134165764
2864601_0.437,8,6,gds22_over_shat_squared,12,0.04837009683251381
2864601_0.437,9,0,bmag,0,0.01869851164519787
2864601_0.437,9,0,bmag,1,-0.1053929477930069
2864601_0.437,9,0,bmag,2,-0.04982421547174454
2864601_0.437,9,0,bmag,3,-0.15383251011371613
2864601_0.437,9,0,bmag,4,-0.1462506800889969
2864601_0.437,9,0,bmag,5,-0.22669489681720734
2864601_0.437,9,0,bmag,6,0.08775012940168381
2864601_0.437,9,0,bmag,7,0.09520881623029709
2864601_0.437,9,0,bmag,8,0.200430229306221
2864601_0.437,9,0,bmag,9,0.21265709400177002
2864601_0.437,9,0,bmag,10,0.04404084011912346
2864601_0.437,9,0,bmag,11,0.040480975061655045
2864601_0.437,9,0,bmag,12,0.0776098296046257
2864601_0.437,9,1,gbdrift,0,-0.1385153830051422
2864601_0.437,9,1,gbdrift,1,0.048621438443660736
2864601_0.437,9,1,gbdrift,2,0.20940016210079193
2864601_0.437,9,1,gbdrift,3,-0.09560742974281311
2864601_0.437,9,1,gbdrift,4,-0.11604241281747818
2864601_0.437,9,1,gbdrift,5,-0.3445999026298523
2864601_0.437,9,1,gbdrift,6,-0.3470037579536438
2864601_0.437,9,1,gbdrift,7,-0.09971608966588974
2864601_0.437,9,1,gbdrift,8,0.06155146285891533
2864601_0.437,9,1,gbdrift,9,-0.11136338859796524
2864601_0.437,9,1,gbdrift,10,-0.0013664658181369305
2864601_0.437,9,1,gbdrift,11,0.16971291601657867
2864601_0.437,9,1,gbdrift,12,0.26485753059387207
2864601_0.437,9,2,cvdrift,0,-0.09760375320911407
2864601_0.437,9,2,cvdrift,1,0.08385777473449707
2864601_0.437,9,2,cvdrift,2,0.33373668789863586
2864601_0.437,9,2,cvdrift,3,-0.005765330977737904
2864601_0.437,9,2,cvdrift,4,-0.21363134682178497
2864601_0.437,9,2,cvdrift,5,-0.3882472813129425
2864601_0.437,9,2,cvdrift,6,-0.36969614028930664
2864601_0.437,9,2,cvdrift,7,-0.14769907295703888
2864601_0.437,9,2,cvdrift,8,-0.17667081952095032
2864601_0.437,9,2,cvdrift,9,-0.1555374413728714
2864601_0.437,9,2,cvdrift,10,-0.10006716847419739
2864601_0.437,9,2,cvdrift,11,0.0005003502010367811
2864601_0.437,9,2,cvdrift,12,0.08903051167726517
2864601_0.437,9,3,gbdrift0_over_shat,0,-1.171879768371582
2864601_0.437,9,3,gbdrift0_over_shat,1,-0.9697538614273071
2864601_0.437,9,3,gbdrift0_over_shat,2,-0.9803535342216492
2864601_0.437,9,3,gbdrift0_over_shat,3,-1.197538137435913
2864601_0.437,9,3,gbdrift0_over_shat,4,-1.2401926517486572
2864601_0.437,9,3,gbdrift0_over_shat,5,-1.127540946006775
2864601_0.437,9,3,gbdrift0_over_shat,6,-0.7793602347373962
2864601_0.437,9,3,gbdrift0_over_shat,7,-0.2705928087234497
2864601_0.437,9,3,gbdrift0_over_shat,8,-0.030806399881839752
2864601_0.437,9,3,gbdrift0_over_shat,9,0.023782076314091682
2864601_0.437,9,3,gbdrift0_over_shat,10,-0.11567642539739609
2864601_0.437,9,3,gbdrift0_over_shat,11,0.17748263478279114
2864601_0.437,9,3,gbdrift0_over_shat,12,0.40041470527648926
2864601_0.437,9,4,gds2,0,0.038532596081495285
2864601_0.437,9,4,gds2,1,0.03610414266586304
2864601_0.437,9,4,gds2,2,0.05735468119382858
2864601_0.437,9,4,gds2,3,-0.02687254175543785
2864601_0.437,9,4,gds2,4,-0.09594801068305969
2864601_0.437,9,4,gds2,5,0.016148297116160393
2864601_0.437,9,4,gds2,6,-0.03965899348258972
2864601_0.437,9,4,gds2,7,0.04569027200341225
2864601_0.437,9,4,gds2,8,0.1099124476313591
2864601_0.437,9,4,gds2,9,-0.01645728573203087
2864601_0.437,9,4,gds2,10,-0.08171907812356949
2864601_0.437,9,4,gds2,11,-0.003737084800377488
2864601_0.437,9,4,gds2,12,-0.14294567704200745
2864601_0.437,9,5,gds21_over_shat,0,-0.03822118788957596
2864601_0.437,9,5,gds21_over_shat,1,-0.03362944722175598
2864601_0.437,9,5,gds21_over_shat,2,0.012432132847607136
2864601_0.437,9,5,gds21_over_shat,3,0.009103071875870228
2864601_0.437,9,5,gds21_over_shat,4,0.0312652662396431
2864601_0.437,9,5,gds21_over_shat,5,-0.2825135886669159
2864601_0.437,9,5,gds21_over_shat,6,-0.16418419778347015
2864601_0.437,9,5,gds21_over_shat,7,0.09191560000181198
2864601_0.437,9,5,gds21_over_shat,8,0.08570343255996704
2864601_0.437,9,5,gds21_over_shat,9,-0.1216052919626236
2864601_0.437,9,5,gds21_over_shat,10,-0.08854788541793823
2864601_0.437,9,5,gds21_over_shat,11,-0.021799728274345398
2864601_0.437,9,5,gds21_over_shat,12,0.22639039158821106
2864601_0.437,9,6,gds22_over_shat_squared,0,0.0015416742535308003
2864601_0.437,9,6,gds22_over_shat_squared,1,-0.05323487147688866
2864601_0.437,9,6,gds22_over_shat_squared,2,-0.033635854721069336
2864601_0.437,9,6,gds22_over_shat_squared,3,0.03964788094162941
2864601_0.437,9,6,gds22_over_shat_squared,4,-0.04195138067007065
2864601_0.437,9,6,gds22_over_shat_squared,5,-0.04423322156071663
2864601_0.437,9,6,gds22_over_shat_squared,6,-0.032980822026729584
2864601_0.437,9,6,gds22_over_shat_squared,7,0.021887805312871933
2864601_0.437,9,6,gds22_over_shat_squared,8,0.1249365285038948
2864601_0.437,9,6,gds22_over_shat_squared,9,-0.023298699408769608
2864601_0.437,9,6,gds22_over_shat_squared,10,0.0020058590453118086
2864601_0.437,9,6,gds22_over_shat_squared,11,0.039161838591098785
2864601_0.437,9,6,gds22_over_shat_squared,12,0.04270762577652931
2864601_0.437,10,0,bmag,0,-0.06658551841974258
2864601_0.437,10,0,bmag,1,0.025956759229302406
2864601_0.437,10,0,bmag,2,0.1563679724931717
2864601_0.437,10,0,bmag,3,0.48387789726257324
2864601_0.437,10,0,bmag,4,0.6703115701675415
2864601_0.437,10,0,bmag,5,0.6205173134803772
2864601_0.437,10,0,bmag,6,0.6436019539833069
2864601_0.437,10,0,bmag,7,0.09213490784168243
2864601_0.437,10,0,bmag,8,-0.30775347352027893
2864601_0.437,10,0,bmag,9,-0.505691409111023
2864601_0.437,10,0,bmag,10,-0.663501501083374
2864601_0.437,10,0,bmag,11,-0.523956835269928
2864601_0.437,10,0,bmag,12,-0.37478771805763245
2864601_0.437,10,1,gbdrift,0,0.25844788551330566
2864601_0.437,10,1,gbdrift,1,0.2836974859237671
2864601_0.437,10,1,gbdrift,2,0.3353831171989441
2864601_0.437,10,1,gbdrift,3,0.4321947991847992
2864601_0.437,10,1,gbdrift,4,0.633244514465332
2864601_0.437,10,1,gbdrift,5,0.5017508864402771
2864601_0.437,10,1,gbdrift,6,0.1940286010503769
2864601_0.437,10,1,gbdrift,7,-0.28464481234550476
2864601_0.437,10,1,gbdrift,8,-0.3668830394744873
2864601_0.437,10,1,gbdrift,9,-0.5026050806045532
2864601_0.437,10,1,gbdrift,10,-0.3700200617313385
2864601_0.437,10,1,gbdrift,11,-0.23528200387954712
2864601_0.437,10,1,gbdrift,12,-0.0633106529712677
2864601_0.437,10,2,cvdrift,0,0.09883525222539902
2864601_0.437,10,2,cvdrift,1,-0.08764313906431198
2864601_0.437,10,2,cvdrift,2,-0.07387876510620117
2864601_0.437,10,2,cvdrift,3,0.048895951360464096
2864601_0.437,10,2,cvdrift,4,-0.007238373160362244
2864601_0.437,10,2,cvdrift,5,-0.015562618151307106
2864601_0.437,10,2,cvdrift,6,-0.4555189907550812
2864601_0.437,10,2,cvdrift,7,-0.44793060421943665
2864601_0.437,10,2,cvdrift,8,-0.49881675839424133
2864601_0.437,10,2,cvdrift,9,-0.3444705605506897
2864601_0.437,10,2,cvdrift,10,-0.16034924983978271
2864601_0.437,10,2,cvdrift,11,-0.041130200028419495
2864601_0.437,10,2,cvdrift,12,-0.1950361579656601
2864601_0.437,10,3,gbdrift0_over_shat,0,-0.06490781903266907
2864601_0.437,10,3,gbdrift0_over_shat,1,0.0823448970913887
2864601_0.437,10,3,gbdrift0_over_shat,2,0.10586560517549515
2864601_0.437,10,3,gbdrift0_over_shat,3,-0.045779962092638016
2864601_0.437,10,3,gbdrift0_over_shat,4,0.25198742747306824
2864601_0.437,10,3,gbdrift0_over_shat,5,0.16569095849990845
2864601_0.437,10,3,gbdrift0_over_shat,6,0.1880348175764084
2864601_0.437,10,3,gbdrift0_over_shat,7,0.06977316737174988
2864601_0.437,10,3,gbdrift0_over_shat,8,-0.20629428327083588
2864601_0.437,10,3,gbdrift0_over_shat,9,-0.18486198782920837
2864601_0.437,10,3,gbdrift0_over_shat,10,-0.3334123492240906
2864601_0.437,10,3,gbdrift0_over_shat,11,-0.24076536297798157
2864601_0.437,10,3,gbdrift0_over_shat,12,-0.33145439624786377
2864601_0.437,10,4,gds2,0,0.05296887084841728
2864601_0.437,10,4,gds2,1,0.03198358044028282
2864601_0.437,10,4,gds2,2,-0.10398980230093002
2864601_0.437,10,4,gds2,3,-0.05471411719918251
2864601_0.437,10,4,gds2,4,-0.009926407597959042
2864601_0.437,10,4,gds2,5,0.06428361684083939
2864601_0.437,10,4,gds2,6,0.056302838027477264
2864601_0.437,10,4,gds2,7,-0.022120803594589233
2864601_0.437,10,4,gds2,8,-0.11752674728631973
2864601_0.437,10,4,gds2,9,-0.1559353470802307
2864601_0.437,10,4,gds2,10,0.0492032915353775
2864601_0.437,10,4,gds2,11,-0.00977884978055954
2864601_0.437,10,4,gds2,12,-0.005011901259422302
2864601_0.437,10,5,gds21_over_shat,0,-0.026459332555532455
2864601_0.437,10,5,gds21_over_shat,1,0.01920706406235695
2864601_0.437,10,5,gds21_over_shat,2,-0.020066585391759872
2864601_0.437,10,5,gds21_over_shat,3,-0.031710185110569
2864601_0.437,10,5,gds21_over_shat,4,0.0002276420418638736
2864601_0.437,10,5,gds21_over_shat,5,-0.03813083842396736
2864601_0.437,10,5,gds21_over_shat,6,-0.028117800131440163
2864601_0.437,10,5,gds21_over_shat,7,-0.03423433005809784
2864601_0.437,10,5,gds21_over_shat,8,-0.07226178050041199
2864601_0.437,10,5,gds21_over_shat,9,0.025818128138780594
2864601_0.437,10,5,gds21_over_shat,10,0.001109694829210639
2864601_0.437,10,5,gds21_over_shat,11,-0.03741845861077309
2864601_0.437,10,5,gds21_over_shat,12,0.08276890218257904
2864601_0.437,10,6,gds22_over_shat_squared,0,-0.01155283022671938
2864601_0.437,10,6,gds22_over_shat_squared,1,0.09935985505580902
2864601_0.437,10,6,gds22_over_shat_squared,2,-0.07142994552850723
2864601_0.437,10,6,gds22_over_shat_squared,3,0.0469474233686924
2864601_0.437,10,6,gds22_over_shat_squared,4,-0.09208067506551743
2864601_0.437,10,6,gds22_over_shat_squared,5,-0.046642549335956573
2864601_0.437,10,6,gds22_over_shat_squared,6,0.12058389186859131
2864601_0.437,10,6,gds22_over_shat_squared,7,-0.035285480320453644
2864601_0.437,10,6,gds22_over_shat_squared,8,-0.07566940784454346
2864601_0.437,10,6,gds22_over_shat_squared,9,0.018942369148135185
2864601_0.437,10,6,gds22_over_shat_squared,10,0.016073109582066536
2864601_0.437,10,6,gds22_over_shat_squared,11,0.030508825555443764
2864601_0.437,10,6,gds22_over_shat_squared,12,0.07521137595176697
2864601_0.437,11,0,bmag,0,0.10756151378154755
2864601_0.437,11,0,bmag,1,-0.05567382276058197
2864601_0.437,11,0,bmag,2,-0.15467947721481323
2864601_0.437,11,0,bmag,3,0.04789397865533829
2864601_0.437,11,0,bmag,4,0.0955522209405899
2864601_0.437,11,0,bmag,5,-0.050563666969537735
2864601_0.437,11,0,bmag,6,0.012763483449816704
2864601_0.437,11,0,bmag,7,-0.06368917971849442
2864601_0.437,11,0,bmag,8,-0.15230396389961243
2864601_0.437,11,0,bmag,9,-0.08217661082744598
2864601_0.437,11,0,bmag,10,-0.09661954641342163
2864601_0.437,11,0,bmag,11,-0.17396487295627594
2864601_0.437,11,0,bmag,12,-0.0007684626034460962
2864601_0.437,11,1,gbdrift,0,0.1277380734682083
2864601_0.437,11,1,gbdrift,1,0.09487200528383255
2864601_0.437,11,1,gbdrift,2,0.08934585005044937
2864601_0.437,11,1,gbdrift,3,-0.018944479525089264
2864601_0.437,11,1,gbdrift,4,0.17228110134601593
2864601_0.437,11,1,gbdrift,5,0.12136486172676086
2864601_0.437,11,1,gbdrift,6,-0.04472065344452858
2864601_0.437,11,1,gbdrift,7,0.07339675724506378
2864601_0.437,11,1,gbdrift,8,0.3522501587867737
2864601_0.437,11,1,gbdrift,9,0.23965157568454742
2864601_0.437,11,1,gbdrift,10,-0.05096594989299774
2864601_0.437,11,1,gbdrift,11,0.0891883447766304
2864601_0.437,11,1,gbdrift,12,0.05510377138853073
2864601_0.437,11,2,cvdrift,0,0.0929446816444397
2864601_0.437,11,2,cvdrift,1,0.15488839149475098
2864601_0.437,11,2,cvdrift,2,0.004029165022075176
2864601_0.437,11,2,cvdrift,3,0.06310254335403442
2864601_0.437,11,2,cvdrift,4,0.07138293236494064
2864601_0.437,11,2,cvdrift,5,-0.05768889561295509
2864601_0.437,11,2,cvdrift,6,-0.19848434627056122
2864601_0.437,11,2,cvdrift,7,-0.038428302854299545
2864601_0.437,11,2,cvdrift,8,0.2800540030002594
2864601_0.437,11,2,cvdrift,9,0.21118411421775818
2864601_0.437,11,2,cvdrift,10,0.05348540470004082
2864601_0.437,11,2,cvdrift,11,0.008259455673396587
2864601_0.437,11,2,cvdrift,12,-0.017010953277349472
2864601_0.437,11,3,gbdrift0_over_shat,0,0.33678993582725525
2864601_0.437,11,3,gbdrift0_over_shat,1,0.48122358322143555
2864601_0.437,11,3,gbdrift0_over_shat,2,0.0670425072312355
2864601_0.437,11,3,gbdrift0_over_shat,3,-0.04158232361078262
2864601_0.437,11,3,gbdrift0_over_shat,4,-0.0955556258559227
2864601_0.437,11,3,gbdrift0_over_shat,5,0.2272421270608902
2864601_0.437,11,3,gbdrift0_over_shat,6,0.44392746686935425
2864601_0.437,11,3,gbdrift0_over_shat,7,0.7062533497810364
2864601_0.437,11,3,gbdrift0_over_shat,8,0.522369384765625
2864601_0.437,11,3,gbdrift0_over_shat,9,0.3717913031578064
2864601_0.437,11,3,gbdrift0_over_shat,10,0.34504806995391846
2864601_0.437,11,3,gbdrift0_over_shat,11,0.42884907126426697
2864601_0.437,11,3,gbdrift0_over_shat,12,0.5609519481658936
2864601_0.437,11,4,gds2,0,0.07769118249416351
2864601_0.437,11,4,gds2,1,-0.015135839581489563
2864601_0.437,11,4,gds2,2,-0.03544653579592705
2864601_0.437,11,4,gds2,3,-0.034434426575899124
2864601_0.437,11,4,gds2,4,0.04695180431008339
2864601_0.437,11,4,gds2,5,-0.019891636446118355
2864601_0.437,11,4,gds2,6,-0.028849096968770027
2864601_0.437,11,4,gds2,7,0.029503654688596725
2864601_0.437,11,4,gds2,8,-0.09864035248756409
2864601_0.437,11,4,gds2,9,-0.09496457874774933
2864601_0.437,11,4,gds2,10,0.07778026163578033
2864601_0.437,11,4,gds2,11,-0.031219536438584328
2864601_0.437,11,4,gds2,12,-0.1122787818312645
2864601_0.437,11,5,gds21_over_shat,0,0.09677677601575851
2864601_0.437,11,5,gds21_over_shat,1,-0.13347691297531128
2864601_0.437,11,5,gds21_over_shat,2,0.06225580349564552
2864601_0.437,11,5,gds21_over_shat,3,-0.00849606841802597
2864601_0.437,11,5,gds21_over_shat,4,-0.02332943119108677
2864601_0.437,11,5,gds21_over_shat,5,-0.08938297629356384
2864601_0.437,11,5,gds21_over_shat,6,-0.09240158647298813
2864601_0.437,11,5,gds21_over_shat,7,-0.08203769475221634
2864601_0.437,11,5,gds21_over_shat,8,-0.13753217458724976
2864601_0.437,11,5,gds21_over_shat,9,-0.1016044169664383
2864601_0.437,11,5,gds21_over_shat,10,-0.04924682155251503
2864601_0.437,11,5,gds21_over_shat,11,-0.03361206501722336
2864601_0.437,11,5,gds21_over_shat,12,-0.1439693719148636
2864601_0.437,11,6,gds22_over_shat_squared,0,0.016187794506549835
2864601_0.437,11,6,gds22_over_shat_squared,1,0.032022636383771896
2864601_0.437,11,6,gds22_over_shat_squared,2,0.019902730360627174
2864601_0.437,11,6,gds22_over_shat_squared,3,0.08369037508964539
2864601_0.437,11,6,gds22_over_shat_squared,4,-0.04801660031080246
2864601_0.437,11,6,gds22_over_shat_squared,5,0.008956334553658962
2864601_0.437,11,6,gds22_over_shat_squared,6,-0.02524930238723755
2864601_0.437,11,6,gds22_over_shat_squared,7,0.05269995704293251
2864601_0.437,11,6,gds22_over_shat_squared,8,-0.06840633600950241
2864601_0.437,11,6,gds22_over_shat_squared,9,0.07159949094057083
2864601_0.437,11,6,gds22_over_shat_squared,10,0.09450317174196243
2864601_0.437,11,6,gds22_over_shat_squared,11,0.07012887299060822
2864601_0.437,11,6,gds22_over_shat_squared,12,0.13539956510066986
2864601_0.437,12,0,bmag,0,0.22950762510299683
2864601_0.437,12,0,bmag,1,0.29750797152519226
2864601_0.437,12,0,bmag,2,0.26636552810668945
2864601_0.437,12,0,bmag,3,0.30729246139526367
2864601_0.437,12,0,bmag,4,0.18694759905338287
2864601_0.437,12,0,bmag,5,0.19743110239505768
2864601_0.437,12,0,bmag,6,0.22325949370861053
2864601_0.437,12,0,bmag,7,0.07914542406797409
2864601_0.437,12,0,bmag,8,-0.038246896117925644
2864601_0.437,12,0,bmag,9,0.029443442821502686
2864601_0.437,12,0,bmag,10,-0.13562822341918945
2864601_0.437,12,0,bmag,11,0.0652184784412384
2864601_0.437,12,0,bmag,12,-0.06471657007932663
2864601_0.437,12,1,gbdrift,0,0.0993264764547348
2864601_0.437,12,1,gbdrift,1,0.11261125653982162
2864601_0.437,12,1,gbdrift,2,0.31121328473091125
2864601_0.437,12,1,gbdrift,3,0.2643906772136688
2864601_0.437,12,1,gbdrift,4,0.3530236482620239
2864601_0.437,12,1,gbdrift,5,0.3057577908039093
2864601_0.437,12,1,gbdrift,6,0.20985758304595947
2864601_0.437,12,1,gbdrift,7,0.152698814868927
2864601_0.437,12,1,gbdrift,8,0.08349797129631042
2864601_0.437,12,1,gbdrift,9,0.2448807954788208
2864601_0.437,12,1,gbdrift,10,0.1559799462556839
2864601_0.437,12,1,gbdrift,11,0.023321419954299927
2864601_0.437,12,1,gbdrift,12,0.17181742191314697
2864601_0.437,12,2,cvdrift,0,-0.0008895727805793285
2864601_0.437,12,2,cvdrift,1,0.2945372462272644
2864601_0.437,12,2,cvdrift,2,0.3474617898464203
2864601_0.437,12,2,cvdrift,3,0.3224341869354248
2864601_0.437,12,2,cvdrift,4,0.2570716142654419
2864601_0.437,12,2,cvdrift,5,0.37322863936424255
2864601_0.437,12,2,cvdrift,6,0.15085026621818542
2864601_0.437,12,2,cvdrift,7,0.22113798558712006
2864601_0.437,12,2,cvdrift,8,0.23315030336380005
2864601_0.437,12,2,cvdrift,9,0.09400538355112076
2864601_0.437,12,2,cvdrift,10,0.1550598293542862
2864601_0.437,12,2,cvdrift,11,0.18460828065872192
2864601_0.437,12,2,cvdrift,12,0.175283282995224
2864601_0.437,12,3,gbdrift0_over_shat,0,-0.34567126631736755
2864601_0.437,12,3,gbdrift0_over_shat,1,-0.12590138614177704
2864601_0.437,12,3,gbdrift0_over_shat,2,0.13487373292446136
2864601_0.437,12,3,gbdrift0_over_shat,3,0.040485598146915436
2864601_0.437,12,3,gbdrift0_over_shat,4,0.002578251762315631
2864601_0.437,12,3,gbdrift0_over_shat,5,0.13181179761886597
2864601_0.437,12,3,gbdrift0_over_shat,6,0.30102741718292236
2864601_0.437,12,3,gbdrift0_over_shat,7,0.4524996280670166
2864601_0.437,12,3,gbdrift0_over_shat,8,0.4279390275478363
2864601_0.437,12,3,gbdrift0_over_shat,9,0.4222531318664551
2864601_0.437,12,3,gbdrift0_over_shat,10,0.32727137207984924
2864601_0.437,12,3,gbdrift0_over_shat,11,0.09639276564121246
2864601_0.437,12,3,gbdrift0_over_shat,12,0.28876230120658875
2864601_0.437,12,4,gds2,0,0.075052410364151
2864601_0.437,12,4,gds2,1,-0.0069589996710419655
2864601_0.437,12,4,gds2,2,-0.10782568901777267
2864601_0.437,12,4,gds2,3,-0.07890674471855164
2864601_0.437,12,4,gds2,4,-0.07004038244485855
2864601_0.437,12,4,gds2,5,0.06423390656709671
2864601_0.437,12,4,gds2,6,0.05097717419266701
2864601_0.437,12,4,gds2,7,0.11589031666517258
2864601_0.437,12,4,gds2,8,-0.07432139664888382
2864601_0.437,12,4,gds2,9,-7.4241885158699e-05
2864601_0.437,12,4,gds2,10,-0.10961470752954483
2864601_0.437,12,4,gds2,11,-0.08663176745176315
2864601_0.437,12,4,gds2,12,0.11084219068288803
2864601_0.437,12,5,gds21_over_shat,0,0.1550208032131195
2864601_0.437,12,5,gds21_over_shat,1,0.1514221429824829
2864601_0.437,12,5,gds21_over_shat,2,0.15915915369987488
2864601_0.437,12,5,gds21_over_shat,3,0.13225619494915009
2864601_0.437,12,5,gds21_over_shat,4,-0.1213119700551033
2864601_0.437,12,5,gds21_over_shat,5,-0.07719361037015915
2864601_0.437,12,5,gds21_over_shat,6,-0.1860680878162384
2864601_0.437,12,5,gds21_over_shat,7,-0.08410116285085678
2864601_0.437,12,5,gds21_over_shat,8,0.16172070801258087
2864601_0.437,12,5,gds21_over_shat,9,-0.04675334692001343
2864601_0.437,12,5,gds21_over_shat,10,-0.011261827312409878
2864601_0.437,12,5,gds21_over_shat,11,0.07830897718667984
2864601_0.437,12,5,gds21_over_shat,12,-0.21193687617778778
2864601_0.437,12,6,gds22_over_shat_squared,0,-0.2787925601005554
2864601_0.437,12,6,gds22_over_shat_squared,1,-0.03507937863469124
2864601_0.437,12,6,gds22_over_shat_squared,2,-0.0034137703478336334
2864601_0.437,12,6,gds22_over_shat_squared,3,0.013675232417881489
2864601_0.437,12,6,gds22_over_shat_squared,4,0.020596856251358986
2864601_0.437,12,6,gds22_over_shat_squared,5,-0.09504077583551407
2864601_0.437,12,6,gds22_over_shat_squared,6,-0.05878206714987755
2864601_0.437,12,6,gds22_over_shat_squared,7,-0.1161014512181282
2864601_0.437,12,6,gds22_over_shat_squared,8,-0.21741391718387604
2864601_0.437,12,6,gds22_over_shat_squared,9,-0.24005970358848572
2864601_0.437,12,6,gds22_over_shat_squared,10,-0.2500053346157074
2864601_0.437,12,6,gds22_over_shat_squared,11,-0.44000086188316345
2864601_0.437,12,6,gds22_over_shat_squared,12,-0.4835564196109772
2864601_0.437,13,0,bmag,0,-0.1059059128165245
2864601_0.437,13,0,bmag,1,-0.31045717000961304
2864601_0.437,13,0,bmag,2,-0.4198191463947296
2864601_0.437,13,0,bmag,3,-0.28810232877731323
2864601_0.437,13,0,bmag,4,-0.0031322184950113297
2864601_0.437,13,0,bmag,5,0.38752809166908264
2864601_0.437,13,0,bmag,6,0.5210772752761841
2864601_0.437,13,0,bmag,7,0.47191157937049866
2864601_0.437,13,0,bmag,8,0.08610987663269043
2864601_0.437,13,0,bmag,9,-0.09012401103973389
2864601_0.437,13,0,bmag,10,-0.03545336425304413
2864601_0.437,13,0,bmag,11,-0.09639929234981537
2864601_0.437,13,0,bmag,12,0.10620307177305222
2864601_0.437,13,1,gbdrift,0,0.1528702974319458
2864601_0.437,13,1,gbdrift,1,-0.37834432721138
2864601_0.437,13,1,gbdrift,2,-0.16551657021045685
2864601_0.437,13,1,gbdrift,3,0.09314649552106857
2864601_0.437,13,1,gbdrift,4,0.12273479998111725
2864601_0.437,13,1,gbdrift,5,-0.19538749754428864
2864601_0.437,13,1,gbdrift,6,-0.040795620530843735
2864601_0.437,13,1,gbdrift,7,0.016418756917119026
2864601_0.437,13,1,gbdrift,8,0.02694767154753208
2864601_0.437,13,1,gbdrift,9,0.13801363110542297
2864601_0.437,13,1,gbdrift,10,0.3208255171775818
2864601_0.437,13,1,gbdrift,11,0.23355720937252045
2864601_0.437,13,1,gbdrift,12,0.015647565945982933
2864601_0.437,13,2,cvdrift,0,0.47318851947784424
2864601_0.437,13,2,cvdrift,1,0.06715840101242065
2864601_0.437,13,2,cvdrift,2,0.15566125512123108
2864601_0.437,13,2,cvdrift,3,0.26937952637672424
2864601_0.437,13,2,cvdrift,4,0.09214814007282257
2864601_0.437,13,2,cvdrift,5,-0.10249795764684677
2864601_0.437,13,2,cvdrift,6,-0.35354083776474
2864601_0.437,13,2,cvdrift,7,-0.12848545610904694
2864601_0.437,13,2,cvdrift,8,0.06717536598443985
2864601_0.437,13,2,cvdrift,9,0.29871219396591187
2864601_0.437,13,2,cvdrift,10,0.5345037579536438
2864601_0.437,13,2,cvdrift,11,0.4560118615627289
2864601_0.437,13,2,cvdrift,12,0.26472970843315125
2864601_0.437,13,3,gbdrift0_over_shat,0,-0.3785513937473297
2864601_0.437,13,3,gbdrift0_over_shat,1,0.08942155539989471
2864601_0.437,13,3,gbdrift0_over_shat,2,0.49871769547462463
2864601_0.437,13,3,gbdrift0_over_shat,3,0.5552831292152405
2864601_0.437,13,3,gbdrift0_over_shat,4,0.3527697026729584
2864601_0.437,13,3,gbdrift0_over_shat,5,-0.1617819219827652
2864601_0.437,13,3,gbdrift0_over_shat,6,-0.21907708048820496
2864601_0.437,13,3,gbdrift0_over_shat,7,-0.12177066504955292
2864601_0.437,13,3,gbdrift0_over_shat,8,-0.17399945855140686
2864601_0.437,13,3,gbdrift0_over_shat,9,-0.15090800821781158
2864601_0.437,13,3,gbdrift0_over_shat,10,-0.08424661308526993
2864601_0.437,13,3,gbdrift0_over_shat,11,-0.3965720534324646
2864601_0.437,13,3,gbdrift0_over_shat,12,-0.5221937894821167
2864601_0.437,13,4,gds2,0,0.07773493230342865
2864601_0.437,13,4,gds2,1,-0.08480090647935867
2864601_0.437,13,4,gds2,2,-0.04436856508255005
2864601_0.437,13,4,gds2,3,-0.14489400386810303
2864601_0.437,13,4,gds2,4,-0.12143564224243164
2864601_0.437,13,4,gds2,5,-0.049047041684389114
2864601_0.437,13,4,gds2,6,0.1547183096408844
2864601_0.437,13,4,gds2,7,0.11438892781734467
2864601_0.437,13,4,gds2,8,-0.06418174505233765
2864601_0.437,13,4,gds2,9,-0.2516310513019562
2864601_0.437,13,4,gds2,10,-0.12138525396585464
2864601_0.437,13,4,gds2,11,0.14562399685382843
2864601_0.437,13,4,gds2,12,0.05043152719736099
2864601_0.437,13,5,gds21_over_shat,0,-0.14983057975769043
2864601_0.437,13,5,gds21_over_shat,1,-0.0014905068092048168
2864601_0.437,13,5,gds21_over_shat,2,0.006019695661962032
2864601_0.437,13,5,gds21_over_shat,3,0.024527497589588165
2864601_0.437,13,5,gds21_over_shat,4,-0.0360596738755703
2864601_0.437,13,5,gds21_over_shat,5,-0.11753173172473907
2864601_0.437,13,5,gds21_over_shat,6,0.044186562299728394
2864601_0.437,13,5,gds21_over_shat,7,0.044829800724983215
2864601_0.437,13,5,gds21_over_shat,8,0.050018105655908585
2864601_0.437,13,5,gds21_over_shat,9,0.029376329854130745
2864601_0.437,13,5,gds21_over_shat,10,-0.018328487873077393
2864601_0.437,13,5,gds21_over_shat,11,-0.12229252606630325
2864601_0.437,13,5,gds21_over_shat,12,0.011375467292964458
2864601_0.437,13,6,gds22_over_shat_squared,0,0.09589464962482452
2864601_0.437,13,6,gds22_over_shat_squared,1,-0.008740789256989956
2864601_0.437,13,6,gds22_over_shat_squared,2,-0.17226217687129974
2864601_0.437,13,6,gds22_over_shat_squared,3,-0.12388692051172256
2864601_0.437,13,6,gds22_over_shat_squared,4,0.05639684945344925
2864601_0.437,13,6,gds22_over_shat_squared,5,0.18098744750022888
2864601_0.437,13,6,gds22_over_shat_squared,6,0.03889856114983559
2864601_0.437,13,6,gds22_over_shat_squared,7,0.06848930567502975
2864601_0.437,13,6,gds22_over_shat_squared,8,-0.1474359929561615
2864601_0.437,13,6,gds22_over_shat_squared,9,-0.20563238859176636
2864601_0.437,13,6,gds22_over_shat_squared,10,-0.0003267359861638397
2864601_0.437,13,6,gds22_over_shat_squared,11,-0.023985126987099648
2864601_0.437,13,6,gds22_over_shat_squared,12,0.17947456240653992
2864601_0.437,14,0,bmag,0,0.048926942050457
2864601_0.437,14,0,bmag,1,0.02612871304154396
2864601_0.437,14,0,bmag,2,-0.02843545563519001
2864601_0.437,14,0,bmag,3,0.025929614901542664
2864601_0.437,14,0,bmag,4,-0.30153194069862366
2864601_0.437,14,0,bmag,5,-0.2848012447357178
2864601_0.437,14,0,bmag,6,-0.5029029846191406
2864601_0.437,14,0,bmag,7,-0.44739770889282227
2864601_0.437,14,0,bmag,8,-0.27038270235061646
2864601_0.437,14,0,bmag,9,-0.04740116745233536
2864601_0.437,14,0,bmag,10,0.18041811883449554
2864601_0.437,14,0,bmag,11,0.2652575373649597
2864601_0.437,14,0,bmag,12,0.1630098819732666
2864601_0.437,14,1,gbdrift,0,0.10250239819288254
2864601_0.437,14,1,gbdrift,1,-0.1643787920475006
2864601_0.437,14,1,gbdrift,2,-0.23083248734474182
2864601_0.437,14,1,gbdrift,3,-0.11520980298519135
2864601_0.437,14,1,gbdrift,4,-0.13718439638614655
2864601_0.437,14,1,gbdrift,5,-0.11812342703342438
2864601_0.437,14,1,gbdrift,6,0.007720874156802893
2864601_0.437,14,1,gbdrift,7,0.06875813752412796
2864601_0.437,14,1,gbdrift,8,0.027342671528458595
2864601_0.437,14,1,gbdrift,9,-0.15559445321559906
2864601_0.437,14,1,gbdrift,10,0.08765935897827148
2864601_0.437,14,1,gbdrift,11,0.1427997499704361
2864601_0.437,14,1,gbdrift,12,0.3002183139324188
2864601_0.437,14,2,cvdrift,0,0.1768788993358612
2864601_0.437,14,2,cvdrift,1,-0.06874650716781616
2864601_0.437,14,2,cvdrift,2,-0.07440771162509918
2864601_0.437,14,2,cvdrift,3,-0.048557695001363754
2864601_0.437,14,2,cvdrift,4,0.07654747366905212
2864601_0.437,14,2,cvdrift,5,0.14312228560447693
2864601_0.437,14,2,cvdrift,6,0.20759217441082
2864601_0.437,14,2,cvdrift,7,0.20766140520572662
2864601_0.437,14,2,cvdrift,8,0.04622972011566162
2864601_0.437,14,2,cvdrift,9,0.029083194211125374
2864601_0.437,14,2,cvdrift,10,0.01002340205013752
2864601_0.437,14,2,cvdrift,11,0.24146325886249542
2864601_0.437,14,2,cvdrift,12,0.17605304718017578
2864601_0.437,14,3,gbdrift0_over_shat,0,0.06628435850143433
2864601_0.437,14,3,gbdrift0_over_shat,1,0.029934994876384735
2864601_0.437,14,3,gbdrift0_over_shat,2,0.12320269644260406
2864601_0.437,14,3,gbdrift0_over_shat,3,0.29628586769104004
2864601_0.437,14,3,gbdrift0_over_shat,4,0.6511840224266052
2864601_0.437,14,3,gbdrift0_over_shat,5,0.8297199606895447
2864601_0.437,14,3,gbdrift0_over_shat,6,1.350141167640686
2864601_0.437,14,3,gbdrift0_over_shat,7,1.565531849861145
2864601_0.437,14,3,gbdrift0_over_shat,8,1.496098518371582
2864601_0.437,14,3,gbdrift0_over_shat,9,0.6573886275291443
2864601_0.437,14,3,gbdrift0_over_shat,10,0.06287474930286407
2864601_0.437,14,3,gbdrift0_over_shat,11,0.045674119144678116
2864601_0.437,14,3,gbdrift0_over_shat,12,0.2983401119709015
2864601_0.437,14,4,gds2,0,-0.007977548986673355
2864601_0.437,14,4,gds2,1,0.010171380825340748
2864601_0.437,14,4,gds2,2,0.12923596799373627
2864601_0.437,14,4,gds2,3,-0.010291168466210365
2864601_0.437,14,4,gds2,4,-0.011654871515929699
2864601_0.437,14,4,gds2,5,0.061141375452280045
2864601_0.437,14,4,gds2,6,-0.09467763453722
2864601_0.437,14,4,gds2,7,0.02095429040491581
2864601_0.437,14,4,gds2,8,-0.09757320582866669
2864601_0.437,14,4,gds2,9,0.0018149320967495441
2864601_0.437,14,4,gds2,10,0.009502689354121685
2864601_0.437,14,4,gds2,11,-0.023888204246759415
2864601_0.437,14,4,gds2,12,0.08442490547895432
2864601_0.437,14,5,gds21_over_shat,0,-0.14559437334537506
2864601_0.437,14,5,gds21_over_shat,1,-0.10436538606882095
2864601_0.437,14,5,gds21_over_shat,2,-0.09305531531572342
2864601_0.437,14,5,gds21_over_shat,3,0.010358466766774654
2864601_0.437,14,5,gds21_over_shat,4,0.09292088449001312
2864601_0.437,14,5,gds21_over_shat,5,0.10176702588796616
2864601_0.437,14,5,gds21_over_shat,6,0.05132665857672691
2864601_0.437,14,5,gds21_over_shat,7,0.029874416068196297
2864601_0.437,14,5,gds21_over_shat,8,-0.002044047461822629
2864601_0.437,14,5,gds21_over_shat,9,0.1700534075498581
2864601_0.437,14,5,gds21_over_shat,10,0.006227878388017416
2864601_0.437,14,5,gds21_over_shat,11,0.033952999860048294
2864601_0.437,14,5,gds21_over_shat,12,-0.09957390278577805
2864601_0.437,14,6,gds22_over_shat_squared,0,-0.040065377950668335
2864601_0.437,14,6,gds22_over_shat_squared,1,0.12739911675453186
2864601_0.437,14,6,gds22_over_shat_squared,2,-0.03679541125893593
2864601_0.437,14,6,gds22_over_shat_squared,3,-0.01572304591536522
2864601_0.437,14,6,gds22_over_shat_squared,4,0.007947488687932491
2864601_0.437,14,6,gds22_over_shat_squared,5,-0.025826068595051765
2864601_0.437,14,6,gds22_over_shat_squared,6,-0.06566569209098816
2864601_0.437,14,6,gds22_over_shat_squared,7,-0.04224986955523491
2864601_0.437,14,6,gds22_over_shat_squared,8,0.015628408640623093
2864601_0.437,14,6,gds22_over_shat_squared,9,0.09778634458780289
2864601_0.437,14,6,gds22_over_shat_squared,10,-0.0484844408929348
2864601_0.437,14,6,gds22_over_shat_squared,11,0.07572587579488754
2864601_0.437,14,6,gds22_over_shat_squared,12,0.10718376934528351
2864601_0.437,15,0,bmag,0,0.08320359885692596
2864601_0.437,15,0,bmag,1,0.09507368505001068
2864601_0.437,15,0,bmag,2,-0.03485822305083275
2864601_0.437,15,0,bmag,3,0.028728732839226723
2864601_0.437,15,0,bmag,4,0.21995192766189575
2864601_0.437,15,0,bmag,5,0.262693852186203
2864601_0.437,15,0,bmag,6,0.15979130566120148
2864601_0.437,15,0,bmag,7,0.22203469276428223
2864601_0.437,15,0,bmag,8,0.28683337569236755
2864601_0.437,15,0,bmag,9,0.2718803882598877
2864601_0.437,15,0,bmag,10,0.2473089098930359
2864601_0.437,15,0,bmag,11,0.16435430943965912
2864601_0.437,15,0,bmag,12,-0.0038773769047111273
2864601_0.437,15,1,gbdrift,0,0.1830393671989441
2864601_0.437,15,1,gbdrift,1,0.14938503503799438
2864601_0.437,15,1,gbdrift,2,0.05168430507183075
2864601_0.437,15,1,gbdrift,3,0.013256030157208443
2864601_0.437,15,1,gbdrift,4,0.014979103580117226
2864601_0.437,15,1,gbdrift,5,0.017984073609113693
2864601_0.437,15,1,gbdrift,6,-0.02455752156674862
2864601_0.437,15,1,gbdrift,7,0.21169984340667725
2864601_0.437,15,1,gbdrift,8,0.2248135358095169
2864601_0.437,15,1,gbdrift,9,0.31927740573883057
2864601_0.437,15,1,gbdrift,10,0.14770005643367767
2864601_0.437,15,1,gbdrift,11,-0.09000211954116821
2864601_0.437,15,1,gbdrift,12,-0.16628296673297882
2864601_0.437,15,2,cvdrift,0,0.12904660403728485
2864601_0.437,15,2,cvdrift,1,0.1267746537923813
2864601_0.437,15,2,cvdrift,2,0.14741648733615875
2864601_0.437,15,2,cvdrift,3,0.25915226340293884
2864601_0.437,15,2,cvdrift,4,0.20557820796966553
2864601_0.437,15,2,cvdrift,5,-0.015031708404421806
2864601_0.437,15,2,cvdrift,6,-0.05361076071858406
2864601_0.437,15,2,cvdrift,7,0.009748228825628757
2864601_0.437,15,2,cvdrift,8,0.13141532242298126
2864601_0.437,15,2,cvdrift,9,0.05447306111454964
2864601_0.437,15,2,cvdrift,10,-0.08603402972221375
2864601_0.437,15,2,cvdrift,11,-0.13582824170589447
2864601_0.437,15,2,cvdrift,12,-0.266186386346817
2864601_0.437,15,3,gbdrift0_over_shat,0,0.22467318177223206
2864601_0.437,15,3,gbdrift0_over_shat,1,0.12553320825099945
2864601_0.437,15,3,gbdrift0_over_shat,2,0.05988616496324539
2864601_0.437,15,3,gbdrift0_over_shat,3,0.3084636628627777
2864601_0.437,15,3,gbdrift0_over_shat,4,0.33613336086273193
2864601_0.437,15,3,gbdrift0_over_shat,5,0.2780499756336212
2864601_0.437,15,3,gbdrift0_over_shat,6,0.31985974311828613
2864601_0.437,15,3,gbdrift0_over_shat,7,0.26105645298957825
2864601_0.437,15,3,gbdrift0_over_shat,8,0.1624082773923874
2864601_0.437,15,3,gbdrift0_over_shat,9,0.22798298299312592
2864601_0.437,15,3,gbdrift0_over_shat,10,0.07121652364730835
2864601_0.437,15,3,gbdrift0_over_shat,11,0.1960405856370926
2864601_0.437,15,3,gbdrift0_over_shat,12,0.09786134958267212
2864601_0.437,15,4,gds2,0,0.03968939930200577
2864601_0.437,15,4,gds2,1,0.0811898410320282
2864601_0.437,15,4,gds2,2,0.07126453518867493
2864601_0.437,15,4,gds2,3,0.0875515267252922
2864601_0.437,15,4,gds2,4,0.046435438096523285
2864601_0.437,15,4,gds2,5,-0.1315997838973999
2864601_0.437,15,4,gds2,6,-0.13798457384109497
2864601_0.437,15,4,gds2,7,-0.0015254865866154432
2864601_0.437,15,4,gds2,8,-0.09203138947486877
2864601_0.437,15,4,gds2,9,-0.12243162095546722
2864601_0.437,15,4,gds2,10,-0.1175309494137764
2864601_0.437,15,4,gds2,11,0.029385769739747047
2864601_0.437,15,4,gds2,12,-0.035450346767902374
2864601_0.437,15,5,gds21_over_shat,0,0.13212308287620544
2864601_0.437,15,5,gds21_over_shat,1,0.010265798307955265
2864601_0.437,15,5,gds21_over_shat,2,0.10523378103971481
2864601_0.437,15,5,gds21_over_shat,3,0.0018259234493598342
2864601_0.437,15,5,gds21_over_shat,4,-0.044069547206163406
2864601_0.437,15,5,gds21_over_shat,5,-0.018443258479237556
2864601_0.437,15,5,gds21_over_shat,6,0.29257091879844666
2864601_0.437,15,5,gds21_over_shat,7,0.2547030746936798
2864601_0.437,15,5,gds21_over_shat,8,-0.13970109820365906
2864601_0.437,15,5,gds21_over_shat,9,-0.12291833758354187
2864601_0.437,15,5,gds21_over_shat,10,-0.153081014752388
2864601_0.437,15,5,gds21_over_shat,11,-0.15808647871017456
2864601_0.437,15,5,gds21_over_shat,12,-0.14379137754440308
2864601_0.437,15,6,gds22_over_shat_squared,0,-0.046778928488492966
2864601_0.437,15,6,gds22_over_shat_squared,1,0.038705382496118546
2864601_0.437,15,6,gds22_over_shat_squared,2,-0.017196742817759514
2864601_0.437,15,6,gds22_over_shat_squared,3,-0.0670882984995842
2864601_0.437,15,6,gds22_over_shat_squared,4,-0.060832537710666656
2864601_0.437,15,6,gds22_over_shat_squared,5,-0.05833595246076584
2864601_0.437,15,6,gds22_over_shat_squared,6,0.06789503991603851
2864601_0.437,15,6,gds22_over_shat_squared,7,-0.022396793588995934
2864601_0.437,15,6,gds22_over_shat_squared,8,0.012721880339086056
2864601_0.437,15,6,gds22_over_shat_squared,9,0.06209620088338852
2864601_0.437,15,6,gds22_over_shat_squared,10,-0.04468834400177002
2864601_0.437,15,6,gds22_over_shat_squared,11,0.006206116639077663
2864601_0.437,15,6,gds22_over_shat_squared,12,-0.10733607411384583
2864601_0.437,16,0,bmag,0,0.05519850179553032
2864601_0.437,16,0,bmag,1,0.19341367483139038
2864601_0.437,16,0,bmag,2,0.16166061162948608
2864601_0.437,16,0,bmag,3,0.1302083283662796
2864601_0.437,16,0,bmag,4,0.1813601702451706
2864601_0.437,16,0,bmag,5,0.10435040295124054
2864601_0.437,16,0,bmag,6,0.060750655829906464
2864601_0.437,16,0,bmag,7,0.1846814751625061
2864601_0.437,16,0,bmag,8,0.20910349488258362
2864601_0.437,16,0,bmag,9,0.264695405960083
2864601_0.437,16,0,bmag,10,0.3431013226509094
2864601_0.437,16,0,bmag,11,0.30664220452308655
2864601_0.437,16,0,bmag,12,0.2596726417541504
2864601_0.437,16,1,gbdrift,0,0.1728498935699463
2864601_0.437,16,1,gbdrift,1,0.21187147498130798
2864601_0.437,16,1,gbdrift,2,0.23097601532936096
2864601_0.437,16,1,gbdrift,3,0.34818416833877563
2864601_0.437,16,1,gbdrift,4,0.4554821252822876
2864601_0.437,16,1,gbdrift,5,0.3599601089954376
2864601_0.437,16,1,gbdrift,6,0.2380293756723404
2864601_0.437,16,1,gbdrift,7,0.2691490948200226
2864601_0.437,16,1,gbdrift,8,0.3043493330478668
2864601_0.437,16,1,gbdrift,9,0.35357409715652466
2864601_0.437,16,1,gbdrift,10,0.4603639245033264
2864601_0.437,16,1,gbdrift,11,0.4196600019931793
2864601_0.437,16,1,gbdrift,12,0.21407955884933472
2864601_0.437,16,2,cvdrift,0,-0.049260180443525314
2864601_0.437,16,2,cvdrift,1,-0.035003650933504105
2864601_0.437,16,2,cvdrift,2,-0.011461476795375347
2864601_0.437,16,2,cvdrift,3,-0.007490981370210648
2864601_0.437,16,2,cvdrift,4,0.00046134123113006353
2864601_0.437,16,2,cvdrift,5,-0.0049342205747962
2864601_0.437,16,2,cvdrift,6,0.015905989333987236
2864601_0.437,16,2,cvdrift,7,0.022897472605109215
2864601_0.437,16,2,cvdrift,8,0.19460588693618774
2864601_0.437,16,2,cvdrift,9,0.180009126663208
2864601_0.437,16,2,cvdrift,10,0.2379465401172638
2864601_0.437,16,2,cvdrift,11,0.0015165233053267002
2864601_0.437,16,2,cvdrift,12,-0.060465652495622635
2864601_0.437,16,3,gbdrift0_over_shat,0,0.09605305641889572
2864601_0.437,16,3,gbdrift0_over_shat,1,0.1182098388671875
2864601_0.437,16,3,gbdrift0_over_shat,2,0.12002493441104889
2864601_0.437,16,3,gbdrift0_over_shat,3,0.2576889991760254
2864601_0.437,16,3,gbdrift0_over_shat,4,0.3300732672214508
2864601_0.437,16,3,gbdrift0_over_shat,5,0.41990727186203003
2864601_0.437,16,3,gbdrift0_over_shat,6,0.5895487070083618
2864601_0.437,16,3,gbdrift0_over_shat,7,0.774817943572998
2864601_0.437,16,3,gbdrift0_over_shat,8,0.8119715452194214
2864601_0.437,16,3,gbdrift0_over_shat,9,0.8396457433700562
2864601_0.437,16,3,gbdrift0_over_shat,10,0.6493533849716187
2864601_0.437,16,3,gbdrift0_over_shat,11,0.635486900806427
2864601_0.437,16,3,gbdrift0_over_shat,12,0.6231364011764526
2864601_0.437,16,4,gds2,0,-0.10321256518363953
2864601_0.437,16,4,gds2,1,0.01491541974246502
2864601_0.437,16,4,gds2,2,0.028140967711806297
2864601_0.437,16,4,gds2,3,0.10651339590549469
2864601_0.437,16,4,gds2,4,-0.06768623739480972
2864601_0.437,16,4,gds2,5,0.06228701025247574
2864601_0.437,16,4,gds2,6,-0.09082750231027603
2864601_0.437,16,4,gds2,7,-0.06148397549986839
2864601_0.437,16,4,gds2,8,0.0894157662987709
2864601_0.437,16,4,gds2,9,-0.03994208574295044
2864601_0.437,16,4,gds2,10,0.03641786426305771
2864601_0.437,16,4,gds2,11,0.032309986650943756
2864601_0.437,16,4,gds2,12,-0.056445080786943436
2864601_0.437,16,5,gds21_over_shat,0,0.003654999891296029
2864601_0.437,16,5,gds21_over_shat,1,-0.041449882090091705
2864601_0.437,16,5,gds21_over_shat,2,-0.02637387067079544
2864601_0.437,16,5,gds21_over_shat,3,0.031551167368888855
2864601_0.437,16,5,gds21_over_shat,4,-0.05948955938220024
2864601_0.437,16,5,gds21_over_shat,5,-0.07485582679510117
2864601_0.437,16,5,gds21_over_shat,6,-0.18347078561782837
2864601_0.437,16,5,gds21_over_shat,7,-0.10253746062517166
2864601_0.437,16,5,gds21_over_shat,8,-0.07378463447093964
2864601_0.437,16,5,gds21_over_shat,9,0.08030378073453903
2864601_0.437,16,5,gds21_over_shat,10,0.07768741250038147
2864601_0.437,16,5,gds21_over_shat,11,0.1360749751329422
2864601_0.437,16,5,gds21_over_shat,12,0.08548074960708618
2864601_0.437,16,6,gds22_over_shat_squared,0,-0.026306236162781715
2864601_0.437,16,6,gds22_over_shat_squared,1,-0.11824841052293777
2864601_0.437,16,6,gds22_over_shat_squared,2,-0.046683263033628464
2864601_0.437,16,6,gds22_over_shat_squared,3,-0.07486281543970108
2864601_0.437,16,6,gds22_over_shat_squared,4,-0.10432135313749313
2864601_0.437,16,6,gds22_over_shat_squared,5,-0.04311305657029152
2864601_0.437,16,6,gds22_over_shat_squared,6,0.0672183558344841
2864601_0.437,16,6,gds22_over_shat_squared,7,-0.05536533519625664
2864601_0.437,16,6,gds22_over_shat_squared,8,-0.28729572892189026
2864601_0.437,16,6,gds22_over_shat_squared,9,-0.2211996465921402
2864601_0.437,16,6,gds22_over_shat_squared,10,-0.04547745734453201
2864601_0.437,16,6,gds22_over_shat_squared,11,0.10067617893218994
2864601_0.437,16,6,gds22_over_shat_squared,12,0.14588087797164917
2864601_0.437,17,0,bmag,0,-0.0034071682021021843
2864601_0.437,17,0,bmag,1,0.0538693368434906
2864601_0.437,17,0,bmag,2,0.117462158203125
2864601_0.437,17,0,bmag,3,0.08007202297449112
2864601_0.437,17,0,bmag,4,0.06838076561689377
2864601_0.437,17,0,bmag,5,-0.19852958619594574
2864601_0.437,17,0,bmag,6,-0.20403118431568146
2864601_0.437,17,0,bmag,7,-0.25916197896003723
2864601_0.437,17,0,bmag,8,-0.3487320840358734
2864601_0.437,17,0,bmag,9,-0.4725476801395416
2864601_0.437,17,0,bmag,10,-0.3546859920024872
2864601_0.437,17,0,bmag,11,-0.2923045754432678
2864601_0.437,17,0,bmag,12,-0.271344393491745
2864601_0.437,17,1,gbdrift,0,0.45128333568573
2864601_0.437,17,1,gbdrift,1,0.08535128831863403
2864601_0.437,17,1,gbdrift,2,0.16287684440612793
2864601_0.437,17,1,gbdrift,3,0.2543269693851471
2864601_0.437,17,1,gbdrift,4,0.5285088419914246
2864601_0.437,17,1,gbdrift,5,0.428419291973114
2864601_0.437,17,1,gbdrift,6,0.41813844442367554
2864601_0.437,17,1,gbdrift,7,0.4090069532394409
2864601_0.437,17,1,gbdrift,8,0.4316119849681854
2864601_0.437,17,1,gbdrift,9,0.4271811842918396
2864601_0.437,17,1,gbdrift,10,0.35455384850502014
2864601_0.437,17,1,gbdrift,11,0.29489895701408386
2864601_0.437,17,1,gbdrift,12,0.1313808411359787
2864601_0.437,17,2,cvdrift,0,-0.04615964740514755
2864601_0.437,17,2,cvdrift,1,-0.4676460325717926
2864601_0.437,17,2,cvdrift,2,-0.43071216344833374
2864601_0.437,17,2,cvdrift,3,-0.2392660230398178
2864601_0.437,17,2,cvdrift,4,-0.1714165359735489
2864601_0.437,17,2,cvdrift,5,0.0055370996706187725
2864601_0.437,17,2,cvdrift,6,0.06325121223926544
2864601_0.437,17,2,cvdrift,7,0.1033577099442482
2864601_0.437,17,2,cvdrift,8,0.1497351974248886
2864601_0.437,17,2,cvdrift,9,0.2303306758403778
2864601_0.437,17,2,cvdrift,10,0.1101834774017334
2864601_0.437,17,2,cvdrift,11,0.05957193672657013
2864601_0.437,17,2,cvdrift,12,-0.16583016514778137
2864601_0.437,17,3,gbdrift0_over_shat,0,0.6338826417922974
2864601_0.437,17,3,gbdrift0_over_shat,1,0.2598886787891388
2864601_0.437,17,3,gbdrift0_over_shat,2,0.20181885361671448
2864601_0.437,17,3,gbdrift0_over_shat,3,0.33472776412963867
2864601_0.437,17,3,gbdrift0_over_shat,4,0.544041097164154
2864601_0.437,17,3,gbdrift0_over_shat,5,0.8265637159347534
2864601_0.437,17,3,gbdrift0_over_shat,6,0.939208984375
2864601_0.437,17,3,gbdrift0_over_shat,7,0.8399459719657898
2864601_0.437,17,3,gbdrift0_over_shat,8,0.918289840221405
2864601_0.437,17,3,gbdrift0_over_shat,9,0.45844584703445435
2864601_0.437,17,3,gbdrift0_over_shat,10,0.4099704921245575
2864601_0.437,17,3,gbdrift0_over_shat,11,0.6357870697975159
2864601_0.437,17,3,gbdrift0_over_shat,12,1.0041404962539673
2864601_0.437,17,4,gds2,0,-0.07656249403953552
2864601_0.437,17,4,gds2,1,0.04892541840672493
2864601_0.437,17,4,gds2,2,-0.09600101411342621
2864601_0.437,17,4,gds2,3,0.11104832589626312
2864601_0.437,17,4,gds2,4,-0.09738727658987045
2864601_0.437,17,4,gds2,5,-0.09398568421602249
2864601_0.437,17,4,gds2,6,0.00611315481364727
2864601_0.437,17,4,gds2,7,-0.04988140985369682
2864601_0.437,17,4,gds2,8,0.047511883080005646
2864601_0.437,17,4,gds2,9,0.04850989952683449
2864601_0.437,17,4,gds2,10,0.01422933116555214
2864601_0.437,17,4,gds2,11,-0.07327517122030258
2864601_0.437,17,4,gds2,12,-0.020495394244790077
2864601_0.437,17,5,gds21_over_shat,0,-0.07565432041883469
2864601_0.437,17,5,gds21_over_shat,1,-0.026170959696173668
2864601_0.437,17,5,gds21_over_shat,2,0.14485421776771545
2864601_0.437,17,5,gds21_over_shat,3,-0.07651719450950623
2864601_0.437,17,5,gds21_over_shat,4,0.11756297945976257
2864601_0.437,17,5,gds21_over_shat,5,-0.10920249670743942
2864601_0.437,17,5,gds21_over_shat,6,-0.07081293314695358
2864601_0.437,17,5,gds21_over_shat,7,-0.0333145372569561
2864601_0.437,17,5,gds21_over_shat,8,-0.0955490693449974
2864601_0.437,17,5,gds21_over_shat,9,-0.20906585454940796
2864601_0.437,17,5,gds21_over_shat,10,-0.05378885194659233
2864601_0.437,17,5,gds21_over_shat,11,-0.12159978598356247
2864601_0.437,17,5,gds21_over_shat,12,-0.1860557347536087
2864601_0.437,17,6,gds22_over_shat_squared,0,0.04837273433804512
2864601_0.437,17,6,gds22_over_shat_squared,1,-0.06793279945850372
2864601_0.437,17,6,gds22_over_shat_squared,2,0.0381358340382576
2864601_0.437,17,6,gds22_over_shat_squared,3,0.0283301193267107
2864601_0.437,17,6,gds22_over_shat_squared,4,0.016353987157344818
2864601_0.437,17,6,gds22_over_shat_squared,5,-0.06512252986431122
2864601_0.437,17,6,gds22_over_shat_squared,6,0.049959003925323486
2864601_0.437,17,6,gds22_over_shat_squared,7,0.0668802410364151
2864601_0.437,17,6,gds22_over_shat_squared,8,0.07907058298587799
2864601_0.437,17,6,gds22_over_shat_squared,9,0.0673317238688469
2864601_0.437,17,6,gds22_over_shat_squared,10,-0.05578583478927612
2864601_0.437,17,6,gds22_over_shat_squared,11,0.029081780463457108
2864601_0.437,17,6,gds22_over_shat_squared,12,-0.05754435434937477
2864601_0.437,18,0,bmag,0,0.29779186844825745
2864601_0.437,18,0,bmag,1,0.10821694880723953
2864601_0.437,18,0,bmag,2,0.08021651953458786
2864601_0.437,18,0,bmag,3,-0.2269277125597
2864601_0.437,18,0,bmag,4,-0.2658965289592743
2864601_0.437,18,0,bmag,5,-0.11361626535654068
2864601_0.437,18,0,bmag,6,0.1248525008559227
2864601_0.437,18,0,bmag,7,0.2744457721710205
2864601_0.437,18,0,bmag,8,0.2502979040145874
2864601_0.437,18,0,bmag,9,0.056011490523815155
2864601_0.437,18,0,bmag,10,0.028912540525197983
2864601_0.437,18,0,bmag,11,0.04810564965009689
2864601_0.437,18,0,bmag,12,0.04162103682756424
2864601_0.437,18,1,gbdrift,0,0.5549497008323669
2864601_0.437,18,1,gbdrift,1,0.6049720644950867
2864601_0.437,18,1,gbdrift,2,0.40899261832237244
2864601_0.437,18,1,gbdrift,3,0.37385985255241394
2864601_0.437,18,1,gbdrift,4,0.10107403993606567
2864601_0.437,18,1,gbdrift,5,0.1166260689496994
2864601_0.437,18,1,gbdrift,6,0.16889029741287231
2864601_0.437,18,1,gbdrift,7,0.09007807075977325
2864601_0.437,18,1,gbdrift,8,0.07448673248291016
2864601_0.437,18,1,gbdrift,9,0.06413924694061279
2864601_0.437,18,1,gbdrift,10,-0.09032347053289413
2864601_0.437,18,1,gbdrift,11,-0.20079617202281952
2864601_0.437,18,1,gbdrift,12,-0.030272945761680603
2864601_0.437,18,2,cvdrift,0,0.36032477021217346
2864601_0.437,18,2,cvdrift,1,0.4462369978427887
2864601_0.437,18,2,cvdrift,2,0.5602426528930664
2864601_0.437,18,2,cvdrift,3,0.5030126571655273
2864601_0.437,18,2,cvdrift,4,0.48080065846443176
2864601_0.437,18,2,cvdrift,5,0.3769060969352722
2864601_0.437,18,2,cvdrift,6,0.2866511344909668
2864601_0.437,18,2,cvdrift,7,0.17696413397789001
2864601_0.437,18,2,cvdrift,8,0.20190319418907166
2864601_0.437,18,2,cvdrift,9,0.18097291886806488
2864601_0.437,18,2,cvdrift,10,0.06805063039064407
2864601_0.437,18,2,cvdrift,11,0.0019037806196138263
2864601_0.437,18,2,cvdrift,12,-0.08903423696756363
2864601_0.437,18,3,gbdrift0_over_shat,0,-0.22251246869564056
2864601_0.437,18,3,gbdrift0_over_shat,1,0.060950975865125656
2864601_0.437,18,3,gbdrift0_over_shat,2,0.2531950771808624
2864601_0.437,18,3,gbdrift0_over_shat,3,0.4777131974697113
2864601_0.437,18,3,gbdrift0_over_shat,4,0.385949045419693
2864601_0.437,18,3,gbdrift0_over_shat,5,0.14006313681602478
2864601_0.437,18,3,gbdrift0_over_shat,6,-0.10622327029705048
2864601_0.437,18,3,gbdrift0_over_shat,7,-0.011470296420156956
2864601_0.437,18,3,gbdrift0_over_shat,8,-0.11455345153808594
2864601_0.437,18,3,gbdrift0_over_shat,9,-0.13644403219223022
2864601_0.437,18,3,gbdrift0_over_shat,10,-0.4355612099170685
2864601_0.437,18,3,gbdrift0_over_shat,11,-0.3143760561943054
2864601_0.437,18,3,gbdrift0_over_shat,12,-0.08154705166816711
2864601_0.437,18,4,gds2,0,-0.17717218399047852
2864601_0.437,18,4,gds2,1,-0.1469922661781311
2864601_0.437,18,4,gds2,2,-0.13047616183757782
2864601_0.437,18,4,gds2,3,-0.1364157497882843
2864601_0.437,18,4,gds2,4,-0.15192052721977234
2864601_0.437,18,4,gds2,5,0.03689306974411011
2864601_0.437,18,4,gds2,6,0.052673231810331345
2864601_0.437,18,4,gds2,7,0.02792622521519661
2864601_0.437,18,4,gds2,8,0.03315189853310585
2864601_0.437,18,4,gds2,9,0.0758456364274025
2864601_0.437,18,4,gds2,10,-0.06072404608130455
2864601_0.437,18,4,gds2,11,-0.05645759031176567
2864601_0.437,18,4,gds2,12,0.07748141884803772
2864601_0.437,18,5,gds21_over_shat,0,-0.18168702721595764
2864601_0.437,18,5,gds21_over_shat,1,-0.10722707957029343
2864601_0.437,18,5,gds21_over_shat,2,-0.030081868171691895
2864601_0.437,18,5,gds21_over_shat,3,-0.07047761231660843
2864601_0.437,18,5,gds21_over_shat,4,-0.15695138275623322
2864601_0.437,18,5,gds21_over_shat,5,-0.08180902898311615
2864601_0.437,18,5,gds21_over_shat,6,-0.045542266219854355
2864601_0.437,18,5,gds21_over_shat,7,0.051117006689310074
2864601_0.437,18,5,gds21_over_shat,8,0.17176216840744019
2864601_0.437,18,5,gds21_over_shat,9,0.02127610146999359
2864601_0.437,18,5,gds21_over_shat,10,-0.026003336533904076
2864601_0.437,18,5,gds21_over_shat,11,-0.009901214390993118
2864601_0.437,18,5,gds21_over_shat,12,0.10227701812982559
2864601_0.437,18,6,gds22_over_shat_squared,0,0.20224134624004364
2864601_0.437,18,6,gds22_over_shat_squared,1,0.14702841639518738
2864601_0.437,18,6,gds22_over_shat_squared,2,-0.06859096139669418
2864601_0.437,18,6,gds22_over_shat_squared,3,-0.07480469346046448
2864601_0.437,18,6,gds22_over_shat_squared,4,-0.20746442675590515
2864601_0.437,18,6,gds22_over_shat_squared,5,-0.1354411393404007
2864601_0.437,18,6,gds22_over_shat_squared,6,-0.1569327563047409
2864601_0.437,18,6,gds22_over_shat_squared,7,0.058538515120744705
2864601_0.437,18,6,gds22_over_shat_squared,8,0.06624217331409454
2864601_0.437,18,6,gds22_over_shat_squared,9,-0.051378123462200165
2864601_0.437,18,6,gds22_over_shat_squared,10,-0.005415025167167187
2864601_0.437,18,6,gds22_over_shat_squared,11,0.019306648522615433
2864601_0.437,18,6,gds22_over_shat_squared,12,0.042367395013570786
2864601_0.437,19,0,bmag,0,-0.00956982746720314
2864601_0.437,19,0,bmag,1,-0.10678455978631973
2864601_0.437,19,0,bmag,2,-0.1713278442621231
2864601_0.437,19,0,bmag,3,-0.1769285947084427
2864601_0.437,19,0,bmag,4,-0.4076175093650818
2864601_0.437,19,0,bmag,5,-0.36571183800697327
2864601_0.437,19,0,bmag,6,-0.2794026732444763
2864601_0.437,19,0,bmag,7,-0.014822544530034065
2864601_0.437,19,0,bmag,8,0.10170850157737732
2864601_0.437,19,0,bmag,9,0.3918059468269348
2864601_0.437,19,0,bmag,10,0.4817058742046356
2864601_0.437,19,0,bmag,11,0.3156530261039734
2864601_0.437,19,0,bmag,12,0.08518993854522705
2864601_0.437,19,1,gbdrift,0,-0.08148782700300217
2864601_0.437,19,1,gbdrift,1,0.11010324209928513
2864601_0.437,19,1,gbdrift,2,0.1592225581407547
2864601_0.437,19,1,gbdrift,3,0.22568883001804352
2864601_0.437,19,1,gbdrift,4,0.24547633528709412
2864601_0.437,19,1,gbdrift,5,0.6726073622703552
2864601_0.437,19,1,gbdrift,6,0.9466440677642822
2864601_0.437,19,1,gbdrift,7,1.0861707925796509
2864601_0.437,19,1,gbdrift,8,0.9469162225723267
2864601_0.437,19,1,gbdrift,9,0.4607824683189392
2864601_0.437,19,1,gbdrift,10,-0.06175954267382622
2864601_0.437,19,1,gbdrift,11,-0.20312625169754028
2864601_0.437,19,1,gbdrift,12,-0.00914760585874319
2864601_0.437,19,2,cvdrift,0,-0.23830699920654297
2864601_0.437,19,2,cvdrift,1,-0.17154397070407867
2864601_0.437,19,2,cvdrift,2,0.017533892765641212
2864601_0.437,19,2,cvdrift,3,-0.09694647043943405
2864601_0.437,19,2,cvdrift,4,0.15027941763401031
2864601_0.437,19,2,cvdrift,5,0.4360519349575043
2864601_0.437,19,2,cvdrift,6,0.8662889003753662
2864601_0.437,19,2,cvdrift,7,0.8356678485870361
2864601_0.437,19,2,cvdrift,8,0.412565678358078
2864601_0.437,19,2,cvdrift,9,-0.18843433260917664
2864601_0.437,19,2,cvdrift,10,-0.5100124478340149
2864601_0.437,19,2,cvdrift,11,-0.42610540986061096
2864601_0.437,19,2,cvdrift,12,-0.11693958193063736
2864601_0.437,19,3,gbdrift0_over_shat,0,0.11761941015720367
2864601_0.437,19,3,gbdrift0_over_shat,1,0.21816983819007874
2864601_0.437,19,3,gbdrift0_over_shat,2,0.33765512704849243
2864601_0.437,19,3,gbdrift0_over_shat,3,0.24135369062423706
2864601_0.437,19,3,gbdrift0_over_shat,4,0.27356067299842834
2864601_0.437,19,3,gbdrift0_over_shat,5,0.36207911372184753
2864601_0.437,19,3,gbdrift0_over_shat,6,0.36249393224716187
2864601_0.437,19,3,gbdrift0_over_shat,7,0.3181920051574707
2864601_0.437,19,3,gbdrift0_over_shat,8,0.319352924823761
2864601_0.437,19,3,gbdrift0_over_shat,9,0.2028123140335083
2864601_0.437,19,3,gbdrift0_over_shat,10,-0.1809285581111908
2864601_0.437,19,3,gbdrift0_over_shat,11,-0.1023092195391655
2864601_0.437,19,3,gbdrift0_over_shat,12,0.13810467720031738
2864601_0.437,19,4,gds2,0,0.008539983071386814
2864601_0.437,19,4,gds2,1,0.08499418944120407
2864601_0.437,19,4,gds2,2,0.014644505456089973
2864601_0.437,19,4,gds2,3,-0.04114850237965584
2864601_0.437,19,4,gds2,4,-0.1128406897187233
2864601_0.437,19,4,gds2,5,-0.06896141171455383
2864601_0.437,19,4,gds2,6,-0.10883922129869461
2864601_0.437,19,4,gds2,7,-0.11404534429311752
2864601_0.437,19,4,gds2,8,-0.12444332987070084
2864601_0.437,19,4,gds2,9,0.07870648801326752
2864601_0.437,19,4,gds2,10,-0.03244146332144737
2864601_0.437,19,4,gds2,11,0.0683981403708458
2864601_0.437,19,4,gds2,12,-0.022668907418847084
2864601_0.437,19,5,gds21_over_shat,0,0.06858460605144501
2864601_0.437,19,5,gds21_over_shat,1,-0.012052188627421856
2864601_0.437,19,5,gds21_over_shat,2,-0.14256758987903595
2864601_0.437,19,5,gds21_over_shat,3,-0.12954536080360413
2864601_0.437,19,5,gds21_over_shat,4,-0.05404546484351158
2864601_0.437,19,5,gds21_over_shat,5,0.003439693944528699
2864601_0.437,19,5,gds21_over_shat,6,0.011667751707136631
2864601_0.437,19,5,gds21_over_shat,7,-0.1706303358078003
2864601_0.437,19,5,gds21_over_shat,8,-0.20040883123874664
2864601_0.437,19,5,gds21_over_shat,9,-0.1172715276479721
2864601_0.437,19,5,gds21_over_shat,10,0.0687350407242775
2864601_0.437,19,5,gds21_over_shat,11,0.12656736373901367
2864601_0.437,19,5,gds21_over_shat,12,0.021722203120589256
2864601_0.437,19,6,gds22_over_shat_squared,0,-0.09588012844324112
2864601_0.437,19,6,gds22_over_shat_squared,1,-0.14018967747688293
2864601_0.437,19,6,gds22_over_shat_squared,2,0.039324525743722916
2864601_0.437,19,6,gds22_over_shat_squared,3,0.06368768960237503
2864601_0.437,19,6,gds22_over_shat_squared,4,0.07735368609428406
2864601_0.437,19,6,gds22_over_shat_squared,5,-0.11444679647684097
2864601_0.437,19,6,gds22_over_shat_squared,6,-0.022712342441082
2864601_0.437,19,6,gds22_over_shat_squared,7,0.08333270996809006
2864601_0.437,19,6,gds22_over_shat_squared,8,0.08862367272377014
2864601_0.437,19,6,gds22_over_shat_squared,9,0.11038921773433685
2864601_0.437,19,6,gds22_over_shat_squared,10,0.09028548747301102
2864601_0.437,19,6,gds22_over_shat_squared,11,-0.12543199956417084
2864601_0.437,19,6,gds22_over_shat_squared,12,-0.172406867146492
2864601_0.437,20,0,bmag,0,0.12168672680854797
2864601_0.437,20,0,bmag,1,-0.08026480674743652
2864601_0.437,20,0,bmag,2,0.006422809790819883
2864601_0.437,20,0,bmag,3,-0.02811116725206375
2864601_0.437,20,0,bmag,4,0.012182595208287239
2864601_0.437,20,0,bmag,5,0.23813483119010925
2864601_0.437,20,0,bmag,6,0.21369029581546783
2864601_0.437,20,0,bmag,7,0.26444780826568604
2864601_0.437,20,0,bmag,8,0.35310882329940796
2864601_0.437,20,0,bmag,9,0.2193090319633484
2864601_0.437,20,0,bmag,10,0.12016791850328445
2864601_0.437,20,0,bmag,11,-0.05664456635713577
2864601_0.437,20,0,bmag,12,-0.06591010838747025
2864601_0.437,20,1,gbdrift,0,0.7214640974998474
2864601_0.437,20,1,gbdrift,1,0.47178083658218384
2864601_0.437,20,1,gbdrift,2,0.39520731568336487
2864601_0.437,20,1,gbdrift,3,0.5811467170715332
2864601_0.437,20,1,gbdrift,4,0.7631577253341675
2864601_0.437,20,1,gbdrift,5,0.8340212106704712
2864601_0.437,20,1,gbdrift,6,1.0992984771728516
2864601_0.437,20,1,gbdrift,7,0.9072099328041077
2864601_0.437,20,1,gbdrift,8,0.5957043170928955
2864601_0.437,20,1,gbdrift,9,0.462150514125824
2864601_0.437,20,1,gbdrift,10,0.19642822444438934
2864601_0.437,20,1,gbdrift,11,0.35610824823379517
2864601_0.437,20,1,gbdrift,12,0.4493953287601471
2864601_0.437,20,2,cvdrift,0,0.285109281539917
2864601_0.437,20,2,cvdrift,1,-0.051981281489133835
2864601_0.437,20,2,cvdrift,2,0.06435602903366089
2864601_0.437,20,2,cvdrift,3,0.16913342475891113
2864601_0.437,20,2,cvdrift,4,0.16704939305782318
2864601_0.437,20,2,cvdrift,5,0.22532851994037628
2864601_0.437,20,2,cvdrift,6,0.26094239950180054
2864601_0.437,20,2,cvdrift,7,0.3914814889431
2864601_0.437,20,2,cvdrift,8,0.07827091962099075
2864601_0.437,20,2,cvdrift,9,-0.0027562605682760477
2864601_0.437,20,2,cvdrift,10,0.025163326412439346
2864601_0.437,20,2,cvdrift,11,0.1245354488492012
2864601_0.437,20,2,cvdrift,12,0.2244105041027069
2864601_0.437,20,3,gbdrift0_over_shat,0,-0.383654922246933
2864601_0.437,20,3,gbdrift0_over_shat,1,-0.41979700326919556
2864601_0.437,20,3,gbdrift0_over_shat,2,-0.5470478534698486
2864601_0.437,20,3,gbdrift0_over_shat,3,-0.6999927163124084
2864601_0.437,20,3,gbdrift0_over_shat,4,-0.7092334032058716
2864601_0.437,20,3,gbdrift0_over_shat,5,-0.5281850099563599
2864601_0.437,20,3,gbdrift0_over_shat,6,-0.4308558404445648
2864601_0.437,20,3,gbdrift0_over_shat,7,-0.36042410135269165
2864601_0.437,20,3,gbdrift0_over_shat,8,-0.472453236579895
2864601_0.437,20,3,gbdrift0_over_shat,9,-0.5438448190689087
2864601_0.437,20,3,gbdrift0_over_shat,10,-0.371756374835968
2864601_0.437,20,3,gbdrift0_over_shat,11,-0.2125190645456314
2864601_0.437,20,3,gbdrift0_over_shat,12,-0.5369131565093994
2864601_0.437,20,4,gds2,0,0.07822661101818085
2864601_0.437,20,4,gds2,1,-0.05758671835064888
2864601_0.437,20,4,gds2,2,-0.05867665633559227
2864601_0.437,20,4,gds2,3,0.03363995626568794
2864601_0.437,20,4,gds2,4,-0.02642524056136608
2864601_0.437,20,4,gds2,5,0.013241098262369633
2864601_0.437,20,4,gds2,6,-0.0287408959120512
2864601_0.437,20,4,gds2,7,0.04794330894947052
2864601_0.437,20,4,gds2,8,-0.02810787409543991
2864601_0.437,20,4,gds2,9,-0.018706925213336945
2864601_0.437,20,4,gds2,10,-0.03410986065864563
2864601_0.437,20,4,gds2,11,0.005838016513735056
2864601_0.437,20,4,gds2,12,0.0029702503234148026
2864601_0.437,20,5,gds21_over_shat,0,-0.05186019092798233
2864601_0.437,20,5,gds21_over_shat,1,-0.07510776817798615
2864601_0.437,20,5,gds21_over_shat,2,-0.04878070205450058
2864601_0.437,20,5,gds21_over_shat,3,-0.011272452771663666
2864601_0.437,20,5,gds21_over_shat,4,0.1066759005188942
2864601_0.437,20,5,gds21_over_shat,5,0.0826752632856369
2864601_0.437,20,5,gds21_over_shat,6,0.009478569030761719
2864601_0.437,20,5,gds21_over_shat,7,-0.11654315143823624
2864601_0.437,20,5,gds21_over_shat,8,-0.14731097221374512
2864601_0.437,20,5,gds21_over_shat,9,-0.009318585507571697
2864601_0.437,20,5,gds21_over_shat,10,0.0677332878112793
2864601_0.437,20,5,gds21_over_shat,11,-0.06178319454193115
2864601_0.437,20,5,gds21_over_shat,12,-0.09579363465309143
2864601_0.437,20,6,gds22_over_shat_squared,0,-0.08246199041604996
2864601_0.437,20,6,gds22_over_shat_squared,1,0.02595815248787403
2864601_0.437,20,6,gds22_over_shat_squared,2,-0.06327324360609055
2864601_0.437,20,6,gds22_over_shat_squared,3,0.05658215656876564
2864601_0.437,20,6,gds22_over_shat_squared,4,-0.0772712230682373
2864601_0.437,20,6,gds22_over_shat_squared,5,0.09328148514032364
2864601_0.437,20,6,gds22_over_shat_squared,6,-0.003845878643915057
2864601_0.437,20,6,gds22_over_shat_squared,7,-0.07526162266731262
2864601_0.437,20,6,gds22_over_shat_squared,8,0.07667341828346252
2864601_0.437,20,6,gds22_over_shat_squared,9,0.004274483770132065
2864601_0.437,20,6,gds22_over_shat_squared,10,-0.13263213634490967
2864601_0.437,20,6,gds22_over_shat_squared,11,-0.11934679746627808
2864601_0.437,20,6,gds22_over_shat_squared,12,0.06251612305641174
2864601_0.437,21,0,bmag,0,0.3799487352371216
2864601_0.437,21,0,bmag,1,0.5176571011543274
2864601_0.437,21,0,bmag,2,0.4725131094455719
2864601_0.437,21,0,bmag,3,0.6319809556007385
2864601_0.437,21,0,bmag,4,0.3336177468299866
2864601_0.437,21,0,bmag,5,0.18368278443813324
2864601_0.437,21,0,bmag,6,-0.012580577284097672
2864601_0.437,21,0,bmag,7,-0.1506282538175583
2864601_0.437,21,0,bmag,8,-0.39864620566368103
2864601_0.437,21,0,bmag,9,-0.4530344009399414
2864601_0.437,21,0,bmag,10,-0.3201247751712799
2864601_0.437,21,0,bmag,11,-0.20589329302310944
2864601_0.437,21,0,bmag,12,-0.18797825276851654
2864601_0.437,21,1,gbdrift,0,0.4093707203865051
2864601_0.437,21,1,gbdrift,1,0.42717355489730835
2864601_0.437,21,1,gbdrift,2,0.5458108186721802
2864601_0.437,21,1,gbdrift,3,0.8443111181259155
2864601_0.437,21,1,gbdrift,4,1.0673846006393433
2864601_0.437,21,1,gbdrift,5,0.9512088894844055
2864601_0.437,21,1,gbdrift,6,0.7105785012245178
2864601_0.437,21,1,gbdrift,7,0.30940911173820496
2864601_0.437,21,1,gbdrift,8,0.21815624833106995
2864601_0.437,21,1,gbdrift,9,0.17434951663017273
2864601_0.437,21,1,gbdrift,10,0.1926068216562271
2864601_0.437,21,1,gbdrift,11,0.13663268089294434
2864601_0.437,21,1,gbdrift,12,0.32886457443237305
2864601_0.437,21,2,cvdrift,0,-0.3100559711456299
2864601_0.437,21,2,cvdrift,1,-0.39273902773857117
2864601_0.437,21,2,cvdrift,2,-0.36039942502975464
2864601_0.437,21,2,cvdrift,3,0.011070345528423786
2864601_0.437,21,2,cvdrift,4,0.12924574315547943
2864601_0.437,21,2,cvdrift,5,0.261275976896286
2864601_0.437,21,2,cvdrift,6,0.12907035648822784
2864601_0.437,21,2,cvdrift,7,0.10025346279144287
2864601_0.437,21,2,cvdrift,8,-0.0869804248213768
2864601_0.437,21,2,cvdrift,9,-0.11814609915018082
2864601_0.437,21,2,cvdrift,10,-0.2597154974937439
2864601_0.437,21,2,cvdrift,11,-0.40680229663848877
2864601_0.437,21,2,cvdrift,12,-0.13871294260025024
2864601_0.437,21,3,gbdrift0_over_shat,0,0.16068542003631592
2864601_0.437,21,3,gbdrift0_over_shat,1,-0.03922060504555702
2864601_0.437,21,3,gbdrift0_over_shat,2,-0.011539132334291935
2864601_0.437,21,3,gbdrift0_over_shat,3,0.0838981419801712
2864601_0.437,21,3,gbdrift0_over_shat,4,0.12206611782312393
2864601_0.437,21,3,gbdrift0_over_shat,5,0.2749680280685425
2864601_0.437,21,3,gbdrift0_over_shat,6,0.40082114934921265
2864601_0.437,21,3,gbdrift0_over_shat,7,0.1931840181350708
2864601_0.437,21,3,gbdrift0_over_shat,8,-0.10381925851106644
2864601_0.437,21,3,gbdrift0_over_shat,9,0.04628324136137962
2864601_0.437,21,3,gbdrift0_over_shat,10,0.020821990445256233
2864601_0.437,21,3,gbdrift0_over_shat,11,0.12270428985357285
2864601_0.437,21,3,gbdrift0_over_shat,12,0.009150323458015919
2864601_0.437,21,4,gds2,0,0.01655576191842556
2864601_0.437,21,4,gds2,1,0.07175520062446594
2864601_0.437,21,4,gds2,2,0.0322265699505806
2864601_0.437,21,4,gds2,3,-0.0894540548324585
2864601_0.437,21,4,gds2,4,-0.022349072620272636
2864601_0.437,21,4,gds2,5,-0.03111269138753414
2864601_0.437,21,4,gds2,6,-0.012781131081283092
2864601_0.437,21,4,gds2,7,-0.11886654794216156
2864601_0.437,21,4,gds2,8,-0.0308842733502388
2864601_0.437,21,4,gds2,9,-0.06933613121509552
2864601_0.437,21,4,gds2,10,-0.04215028136968613
2864601_0.437,21,4,gds2,11,0.05897250026464462
2864601_0.437,21,4,gds2,12,-0.18706613779067993
2864601_0.437,21,5,gds21_over_shat,0,-0.11415357142686844
2864601_0.437,21,5,gds21_over_shat,1,0.14798659086227417
2864601_0.437,21,5,gds21_over_shat,2,0.28400948643684387
2864601_0.437,21,5,gds21_over_shat,3,-0.18303559720516205
2864601_0.437,21,5,gds21_over_shat,4,-0.006205365061759949
2864601_0.437,21,5,gds21_over_shat,5,-0.15794499218463898
2864601_0.437,21,5,gds21_over_shat,6,-0.04518985375761986
2864601_0.437,21,5,gds21_over_shat,7,-0.10312346369028091
2864601_0.437,21,5,gds21_over_shat,8,0.028342144563794136
2864601_0.437,21,5,gds21_over_shat,9,0.0045454916544258595
2864601_0.437,21,5,gds21_over_shat,10,0.002624162705615163
2864601_0.437,21,5,gds21_over_shat,11,0.02360190637409687
2864601_0.437,21,5,gds21_over_shat,12,0.006490658037364483
2864601_0.437,21,6,gds22_over_shat_squared,0,0.055929068475961685
2864601_0.437,21,6,gds22_over_shat_squared,1,0.03906762972474098
2864601_0.437,21,6,gds22_over_shat_squared,2,-0.021540900692343712
2864601_0.437,21,6,gds22_over_shat_squared,3,-0.0026069008745253086
2864601_0.437,21,6,gds22_over_shat_squared,4,0.033714037388563156
2864601_0.437,21,6,gds22_over_shat_squared,5,-0.02615649439394474
2864601_0.437,21,6,gds22_over_shat_squared,6,-0.07827775925397873
2864601_0.437,21,6,gds22_over_shat_squared,7,-0.06814819574356079
2864601_0.437,21,6,gds22_over_shat_squared,8,-0.05426464602351189
2864601_0.437,21,6,gds22_over_shat_squared,9,0.08904068917036057
2864601_0.437,21,6,gds22_over_shat_squared,10,0.0512922927737236
2864601_0.437,21,6,gds22_over_shat_squared,11,0.0076750400476157665
2864601_0.437,21,6,gds22_over_shat_squared,12,-0.019858211278915405
2864601_0.437,22,0,bmag,0,0.2665536105632782
2864601_0.437,22,0,bmag,1,0.21901029348373413
2864601_0.437,22,0,bmag,2,0.1708497256040573
2864601_0.437,22,0,bmag,3,-0.10156543552875519
2864601_0.437,22,0,bmag,4,-0.2058744728565216
2864601_0.437,22,0,bmag,5,-0.35781267285346985
2864601_0.437,22,0,bmag,6,-0.45291778445243835
2864601_0.437,22,0,bmag,7,-0.4799620807170868
2864601_0.437,22,0,bmag,8,-0.31183740496635437
2864601_0.437,22,0,bmag,9,-0.2686346769332886
2864601_0.437,22,0,bmag,10,-0.07240373641252518
2864601_0.437,22,0,bmag,11,0.12737642228603363
2864601_0.437,22,0,bmag,12,0.40236324071884155
2864601_0.437,22,1,gbdrift,0,0.02424159087240696
2864601_0.437,22,1,gbdrift,1,-0.07031749188899994
2864601_0.437,22,1,gbdrift,2,-0.17021740972995758
2864601_0.437,22,1,gbdrift,3,-0.10430609434843063
2864601_0.437,22,1,gbdrift,4,-0.06723294407129288
2864601_0.437,22,1,gbdrift,5,-0.28439363837242126
2864601_0.437,22,1,gbdrift,6,-0.2230256050825119
2864601_0.437,22,1,gbdrift,7,-0.2453925758600235
2864601_0.437,22,1,gbdrift,8,-0.4176364243030548
2864601_0.437,22,1,gbdrift,9,-0.3337165415287018
2864601_0.437,22,1,gbdrift,10,0.013983885757625103
2864601_0.437,22,1,gbdrift,11,-0.06337740272283554
2864601_0.437,22,1,gbdrift,12,-0.18551625311374664
2864601_0.437,22,2,cvdrift,0,0.08469615876674652
2864601_0.437,22,2,cvdrift,1,0.04671753570437431
2864601_0.437,22,2,cvdrift,2,-0.253051221370697
2864601_0.437,22,2,cvdrift,3,-0.06284893304109573
2864601_0.437,22,2,cvdrift,4,0.09210046380758286
2864601_0.437,22,2,cvdrift,5,-0.08716077357530594
2864601_0.437,22,2,cvdrift,6,0.14215752482414246
2864601_0.437,22,2,cvdrift,7,0.018477095291018486
2864601_0.437,22,2,cvdrift,8,-0.16623608767986298
2864601_0.437,22,2,cvdrift,9,-0.12787199020385742
2864601_0.437,22,2,cvdrift,10,0.13879528641700745
2864601_0.437,22,2,cvdrift,11,-0.03321118280291557
2864601_0.437,22,2,cvdrift,12,-0.25898438692092896
2864601_0.437,22,3,gbdrift0_over_shat,0,-0.546681821346283
2864601_0.437,22,3,gbdrift0_over_shat,1,-0.19303402304649353
2864601_0.437,22,3,gbdrift0_over_shat,2,0.33085623383522034
2864601_0.437,22,3,gbdrift0_over_shat,3,0.5466234087944031
2864601_0.437,22,3,gbdrift0_over_shat,4,0.6620432138442993
2864601_0.437,22,3,gbdrift0_over_shat,5,0.7420487999916077
2864601_0.437,22,3,gbdrift0_over_shat,6,0.6725171804428101
2864601_0.437,22,3,gbdrift0_over_shat,7,0.7140304446220398
2864601_0.437,22,3,gbdrift0_over_shat,8,0.6839703917503357
2864601_0.437,22,3,gbdrift0_over_shat,9,0.6236988306045532
2864601_0.437,22,3,gbdrift0_over_shat,10,0.45699378848075867
2864601_0.437,22,3,gbdrift0_over_shat,11,0.23362129926681519
2864601_0.437,22,3,gbdrift0_over_shat,12,0.6627537608146667
2864601_0.437,22,4,gds2,0,-0.0871935710310936
2864601_0.437,22,4,gds2,1,0.09727530926465988
2864601_0.437,22,4,gds2,2,-0.027096914127469063
2864601_0.437,22,4,gds2,3,0.03370151296257973
2864601_0.437,22,4,gds2,4,0.06226883456110954
2864601_0.437,22,4,gds2,5,0.015645790845155716
2864601_0.437,22,4,gds2,6,0.005516223143786192
2864601_0.437,22,4,gds2,7,-0.15197691321372986
2864601_0.437,22,4,gds2,8,-0.15708476305007935
2864601_0.437,22,4,gds2,9,-0.02931063063442707
2864601_0.437,22,4,gds2,10,0.03856980800628662
2864601_0.437,22,4,gds2,11,0.07126272469758987
2864601_0.437,22,4,gds2,12,-0.043195128440856934
2864601_0.437,22,5,gds21_over_shat,0,0.022537589073181152
2864601_0.437,22,5,gds21_over_shat,1,-0.1420486867427826
2864601_0.437,22,5,gds21_over_shat,2,-0.0867530107498169
2864601_0.437,22,5,gds21_over_shat,3,-0.17865301668643951
2864601_0.437,22,5,gds21_over_shat,4,-0.02871297113597393
2864601_0.437,22,5,gds21_over_shat,5,-0.1057092696428299
2864601_0.437,22,5,gds21_over_shat,6,-0.13939915597438812
2864601_0.437,22,5,gds21_over_shat,7,-0.15561163425445557
2864601_0.437,22,5,gds21_over_shat,8,-0.19655820727348328
2864601_0.437,22,5,gds21_over_shat,9,-0.1345522105693817
2864601_0.437,22,5,gds21_over_shat,10,-0.2338642179965973
2864601_0.437,22,5,gds21_over_shat,11,-0.17214052379131317
2864601_0.437,22,5,gds21_over_shat,12,-0.010930859483778477
2864601_0.437,22,6,gds22_over_shat_squared,0,-0.10352001339197159
2864601_0.437,22,6,gds22_over_shat_squared,1,-0.02208186313509941
2864601_0.437,22,6,gds22_over_shat_squared,2,0.0464964359998703
2864601_0.437,22,6,gds22_over_shat_squared,3,0.033187687397003174
2864601_0.437,22,6,gds22_over_shat_squared,4,-0.08277930319309235
2864601_0.437,22,6,gds22_over_shat_squared,5,-0.014478793367743492
2864601_0.437,22,6,gds22_over_shat_squared,6,-0.15755264461040497
2864601_0.437,22,6,gds22_over_shat_squared,7,-0.09659154713153839
2864601_0.437,22,6,gds22_over_shat_squared,8,-0.022652707993984222
2864601_0.437,22,6,gds22_over_shat_squared,9,-0.07172063738107681
2864601_0.437,22,6,gds22_over_shat_squared,10,-0.100758858025074
2864601_0.437,22,6,gds22_over_shat_squared,11,-0.08181251585483551
2864601_0.437,22,6,gds22_over_shat_squared,12,-0.04327331483364105
2864601_0.437,23,0,bmag,0,-0.08488529175519943
2864601_0.437,23,0,bmag,1,-0.1419302374124527
2864601_0.437,23,0,bmag,2,-0.2276981770992279
2864601_0.437,23,0,bmag,3,-0.4148704409599304
2864601_0.437,23,0,bmag,4,-0.2534555196762085
2864601_0.437,23,0,bmag,5,-0.11474116146564484
2864601_0.437,23,0,bmag,6,0.3183068633079529
2864601_0.437,23,0,bmag,7,0.5191932916641235
2864601_0.437,23,0,bmag,8,0.6130425930023193
2864601_0.437,23,0,bmag,9,0.5026562809944153
2864601_0.437,23,0,bmag,10,0.23444567620754242
2864601_0.437,23,0,bmag,11,0.2106090486049652
2864601_0.437,23,0,bmag,12,-0.04215448349714279
2864601_0.437,23,1,gbdrift,0,-0.5382400155067444
2864601_0.437,23,1,gbdrift,1,-0.34949907660484314
2864601_0.437,23,1,gbdrift,2,-0.23549436032772064
2864601_0.437,23,1,gbdrift,3,-0.17355677485466003
2864601_0.437,23,1,gbdrift,4,0.21091791987419128
2864601_0.437,23,1,gbdrift,5,0.1586841344833374
2864601_0.437,23,1,gbdrift,6,-0.26642706990242004
2864601_0.437,23,1,gbdrift,7,-0.10555724054574966
2864601_0.437,23,1,gbdrift,8,0.060329362750053406
2864601_0.437,23,1,gbdrift,9,0.11722132563591003
2864601_0.437,23,1,gbdrift,10,0.17502504587173462
2864601_0.437,23,1,gbdrift,11,-0.03281291946768761
2864601_0.437,23,1,gbdrift,12,0.0072504812851548195
2864601_0.437,23,2,cvdrift,0,-0.4264252483844757
2864601_0.437,23,2,cvdrift,1,-0.03418021649122238
2864601_0.437,23,2,cvdrift,2,-0.12397021800279617
2864601_0.437,23,2,cvdrift,3,0.01940017007291317
2864601_0.437,23,2,cvdrift,4,0.41085055470466614
2864601_0.437,23,2,cvdrift,5,0.346762090921402
2864601_0.437,23,2,cvdrift,6,-0.26989030838012695
2864601_0.437,23,2,cvdrift,7,-0.07606323063373566
2864601_0.437,23,2,cvdrift,8,0.1557685285806656
2864601_0.437,23,2,cvdrift,9,0.2306012362241745
2864601_0.437,23,2,cvdrift,10,0.1413774937391281
2864601_0.437,23,2,cvdrift,11,0.20326295495033264
2864601_0.437,23,2,cvdrift,12,0.40171515941619873
2864601_0.437,23,3,gbdrift0_over_shat,0,0.1960609406232834
2864601_0.437,23,3,gbdrift0_over_shat,1,-0.47541481256484985
2864601_0.437,23,3,gbdrift0_over_shat,2,-0.6514440178871155
2864601_0.437,23,3,gbdrift0_over_shat,3,-0.41942277550697327
2864601_0.437,23,3,gbdrift0_over_shat,4,-0.1902620494365692
2864601_0.437,23,3,gbdrift0_over_shat,5,-0.26215702295303345
2864601_0.437,23,3,gbdrift0_over_shat,6,-0.2025737464427948
2864601_0.437,23,3,gbdrift0_over_shat,7,-0.14544762670993805
2864601_0.437,23,3,gbdrift0_over_shat,8,0.1681348979473114
2864601_0.437,23,3,gbdrift0_over_shat,9,0.5390670895576477
2864601_0.437,23,3,gbdrift0_over_shat,10,0.5731926560401917
2864601_0.437,23,3,gbdrift0_over_shat,11,0.2859625518321991
2864601_0.437,23,3,gbdrift0_over_shat,12,0.02913106419146061
2864601_0.437,23,4,gds2,0,-0.042336415499448776
2864601_0.437,23,4,gds2,1,-0.006854609586298466
2864601_0.437,23,4,gds2,2,0.1076655387878418
2864601_0.437,23,4,gds2,3,-0.05366675183176994
2864601_0.437,23,4,gds2,4,-0.07414141297340393
2864601_0.437,23,4,gds2,5,-0.07575014233589172
2864601_0.437,23,4,gds2,6,-0.09204301238059998
2864601_0.437,23,4,gds2,7,0.0011346135288476944
2864601_0.437,23,4,gds2,8,0.11227742582559586
2864601_0.437,23,4,gds2,9,-0.07206343859434128
2864601_0.437,23,4,gds2,10,-0.01959109678864479
2864601_0.437,23,4,gds2,11,0.0666954442858696
2864601_0.437,23,4,gds2,12,0.00822362583130598
2864601_0.437,23,5,gds21_over_shat,0,-0.17088140547275543
2864601_0.437,23,5,gds21_over_shat,1,-0.12982557713985443
2864601_0.437,23,5,gds21_over_shat,2,0.06342267990112305
2864601_0.437,23,5,gds21_over_shat,3,0.012637167237699032
2864601_0.437,23,5,gds21_over_shat,4,0.035112183541059494
2864601_0.437,23,5,gds21_over_shat,5,0.008316661231219769
2864601_0.437,23,5,gds21_over_shat,6,-0.09860250353813171
2864601_0.437,23,5,gds21_over_shat,7,0.2257232964038849
2864601_0.437,23,5,gds21_over_shat,8,0.18795910477638245
2864601_0.437,23,5,gds21_over_shat,9,-0.022554531693458557
2864601_0.437,23,5,gds21_over_shat,10,-0.17613177001476288
2864601_0.437,23,5,gds21_over_shat,11,0.11063270270824432
2864601_0.437,23,5,gds21_over_shat,12,-0.0705965980887413
2864601_0.437,23,6,gds22_over_shat_squared,0,-0.019758133217692375
2864601_0.437,23,6,gds22_over_shat_squared,1,-0.1278371959924698
2864601_0.437,23,6,gds22_over_shat_squared,2,-0.1385781615972519
2864601_0.437,23,6,gds22_over_shat_squared,3,-0.2621930241584778
2864601_0.437,23,6,gds22_over_shat_squared,4,-0.31913915276527405
2864601_0.437,23,6,gds22_over_shat_squared,5,-0.16930781304836273
2864601_0.437,23,6,gds22_over_shat_squared,6,-0.29688239097595215
2864601_0.437,23,6,gds22_over_shat_squared,7,-0.04512652009725571
2864601_0.437,23,6,gds22_over_shat_squared,8,-0.018581736832857132
2864601_0.437,23,6,gds22_over_shat_squared,9,0.09792736917734146
2864601_0.437,23,6,gds22_over_shat_squared,10,0.19549208879470825
2864601_0.437,23,6,gds22_over_shat_squared,11,0.0214175283908844
2864601_0.437,23,6,gds22_over_shat_squared,12,0.05752965807914734
2864601_0.437,24,0,bmag,0,0.05454627797007561
2864601_0.437,24,0,bmag,1,0.17233458161354065
2864601_0.437,24,0,bmag,2,0.2003563642501831
2864601_0.437,24,0,bmag,3,0.1552712321281433
2864601_0.437,24,0,bmag,4,0.18037985265254974
2864601_0.437,24,0,bmag,5,0.056125037372112274
2864601_0.437,24,0,bmag,6,-0.05461684986948967
2864601_0.437,24,0,bmag,7,-0.13468323647975922
2864601_0.437,24,0,bmag,8,-0.19305884838104248
2864601_0.437,24,0,bmag,9,-0.13744305074214935
2864601_0.437,24,0,bmag,10,-0.1543758660554886
2864601_0.437,24,0,bmag,11,-0.055145375430583954
2864601_0.437,24,0,bmag,12,0.13090522587299347
2864601_0.437,24,1,gbdrift,0,-0.13183827698230743
2864601_0.437,24,1,gbdrift,1,-0.19101880490779877
2864601_0.437,24,1,gbdrift,2,0.1654600203037262
2864601_0.437,24,1,gbdrift,3,0.34590983390808105
2864601_0.437,24,1,gbdrift,4,0.45057588815689087
2864601_0.437,24,1,gbdrift,5,0.5148789286613464
2864601_0.437,24,1,gbdrift,6,0.24124813079833984
2864601_0.437,24,1,gbdrift,7,0.030203722417354584
2864601_0.437,24,1,gbdrift,8,0.04043760523200035
2864601_0.437,24,1,gbdrift,9,-0.06640151143074036
2864601_0.437,24,1,gbdrift,10,-0.04576699063181877
2864601_0.437,24,1,gbdrift,11,0.16417235136032104
2864601_0.437,24,1,gbdrift,12,0.21683695912361145
2864601_0.437,24,2,cvdrift,0,-0.1654910147190094
2864601_0.437,24,2,cvdrift,1,-0.020091097801923752
2864601_0.437,24,2,cvdrift,2,-0.009387730620801449
2864601_0.437,24,2,cvdrift,3,0.37625718116760254
2864601_0.437,24,2,cvdrift,4,0.4403756856918335
2864601_0.437,24,2,cvdrift,5,0.4628105163574219
2864601_0.437,24,2,cvdrift,6,0.34349846839904785
2864601_0.437,24,2,cvdrift,7,0.028886858373880386
2864601_0.437,24,2,cvdrift,8,0.15490438044071198
2864601_0.437,24,2,cvdrift,9,0.11868362128734589
2864601_0.437,24,2,cvdrift,10,0.1887267380952835
2864601_0.437,24,2,cvdrift,11,0.07908566296100616
2864601_0.437,24,2,cvdrift,12,0.15857891738414764
2864601_0.437,24,3,gbdrift0_over_shat,0,0.3979147970676422
2864601_0.437,24,3,gbdrift0_over_shat,1,0.20492875576019287
2864601_0.437,24,3,gbdrift0_over_shat,2,0.20387259125709534
2864601_0.437,24,3,gbdrift0_over_shat,3,0.22270755469799042
2864601_0.437,24,3,gbdrift0_over_shat,4,-0.06355345994234085
2864601_0.437,24,3,gbdrift0_over_shat,5,-0.17356036603450775
2864601_0.437,24,3,gbdrift0_over_shat,6,-0.10547199100255966
2864601_0.437,24,3,gbdrift0_over_shat,7,-0.06879337877035141
2864601_0.437,24,3,gbdrift0_over_shat,8,0.31727033853530884
2864601_0.437,24,3,gbdrift0_over_shat,9,0.33880212903022766
2864601_0.437,24,3,gbdrift0_over_shat,10,0.01236538216471672
2864601_0.437,24,3,gbdrift0_over_shat,11,-0.09462828189134598
2864601_0.437,24,3,gbdrift0_over_shat,12,-0.3697635531425476
2864601_0.437,24,4,gds2,0,-0.21478141844272614
2864601_0.437,24,4,gds2,1,-0.04162849113345146
2864601_0.437,24,4,gds2,2,0.09331457316875458
2864601_0.437,24,4,gds2,3,0.04249674081802368
2864601_0.437,24,4,gds2,4,0.06169396638870239
2864601_0.437,24,4,gds2,5,-0.06355667114257812
2864601_0.437,24,4,gds2,6,-0.04663323238492012
2864601_0.437,24,4,gds2,7,-0.16573704779148102
2864601_0.437,24,4,gds2,8,-0.044407449662685394
2864601_0.437,24,4,gds2,9,-0.09757079929113388
2864601_0.437,24,4,gds2,10,0.07407182455062866
2864601_0.437,24,4,gds2,11,0.054949790239334106
2864601_0.437,24,4,gds2,12,-0.13977698981761932
2864601_0.437,24,5,gds21_over_shat,0,-0.1887725442647934
2864601_0.437,24,5,gds21_over_shat,1,-0.3397071957588196
2864601_0.437,24,5,gds21_over_shat,2,0.08325140923261642
2864601_0.437,24,5,gds21_over_shat,3,0.3131709694862366
2864601_0.437,24,5,gds21_over_shat,4,0.2808743119239807
2864601_0.437,24,5,gds21_over_shat,5,0.3498297333717346
2864601_0.437,24,5,gds21_over_shat,6,0.23449696600437164
2864601_0.437,24,5,gds21_over_shat,7,0.33070385456085205
2864601_0.437,24,5,gds21_over_shat,8,0.17757779359817505
2864601_0.437,24,5,gds21_over_shat,9,-0.10872962325811386
2864601_0.437,24,5,gds21_over_shat,10,-0.38019534945487976
2864601_0.437,24,5,gds21_over_shat,11,-0.23448678851127625
2864601_0.437,24,5,gds21_over_shat,12,-0.14555659890174866
2864601_0.437,24,6,gds22_over_shat_squared,0,0.03376847878098488
2864601_0.437,24,6,gds22_over_shat_squared,1,-0.03680836409330368
2864601_0.437,24,6,gds22_over_shat_squared,2,0.06068042293190956
2864601_0.437,24,6,gds22_over_shat_squared,3,0.016466040164232254
2864601_0.437,24,6,gds22_over_shat_squared,4,-0.07770320773124695
2864601_0.437,24,6,gds22_over_shat_squared,5,-0.10173910856246948
2864601_0.437,24,6,gds22_over_shat_squared,6,0.05643656477332115
2864601_0.437,24,6,gds22_over_shat_squared,7,-0.032999955117702484
2864601_0.437,24,6,gds22_over_shat_squared,8,0.013921133242547512
2864601_0.437,24,6,gds22_over_shat_squared,9,-0.0534549318253994
2864601_0.437,24,6,gds22_over_shat_squared,10,-0.04628550261259079
2864601_0.437,24,6,gds22_over_shat_squared,11,-0.04237600415945053
2864601_0.437,24,6,gds22_over_shat_squared,12,-0.09292875230312347
2864601_0.437,25,0,bmag,0,0.042480383068323135
2864601_0.437,25,0,bmag,1,0.09080637246370316
2864601_0.437,25,0,bmag,2,0.0448092520236969
2864601_0.437,25,0,bmag,3,0.04405541345477104
2864601_0.437,25,0,bmag,4,-0.025448713451623917
2864601_0.437,25,0,bmag,5,-0.14302673935890198
2864601_0.437,25,0,bmag,6,-0.21093164384365082
2864601_0.437,25,0,bmag,7,-0.1475471407175064
2864601_0.437,25,0,bmag,8,-0.12793193757534027
2864601_0.437,25,0,bmag,9,-0.22324392199516296
2864601_0.437,25,0,bmag,10,-0.13250009715557098
2864601_0.437,25,0,bmag,11,-0.11210107058286667
2864601_0.437,25,0,bmag,12,-0.06557518243789673
2864601_0.437,25,1,gbdrift,0,0.21734507381916046
2864601_0.437,25,1,gbdrift,1,0.09409518539905548
2864601_0.437,25,1,gbdrift,2,-0.2727617621421814
2864601_0.437,25,1,gbdrift,3,-0.5364481210708618
2864601_0.437,25,1,gbdrift,4,-0.22199471294879913
2864601_0.437,25,1,gbdrift,5,0.267680287361145
2864601_0.437,25,1,gbdrift,6,0.38630372285842896
2864601_0.437,25,1,gbdrift,7,0.351528525352478
2864601_0.437,25,1,gbdrift,8,0.2806858420372009
2864601_0.437,25,1,gbdrift,9,0.05659729614853859
2864601_0.437,25,1,gbdrift,10,-0.055138375610113144
2864601_0.437,25,1,gbdrift,11,0.018190134316682816
2864601_0.437,25,1,gbdrift,12,0.15460708737373352
2864601_0.437,25,2,cvdrift,0,0.2547541856765747
2864601_0.437,25,2,cvdrift,1,0.045065589249134064
2864601_0.437,25,2,cvdrift,2,-0.383088082075119
2864601_0.437,25,2,cvdrift,3,-0.492632120847702
2864601_0.437,25,2,cvdrift,4,-0.11075723171234131
2864601_0.437,25,2,cvdrift,5,0.36925214529037476
2864601_0.437,25,2,cvdrift,6,0.436686247587204
2864601_0.437,25,2,cvdrift,7,0.33420658111572266
2864601_0.437,25,2,cvdrift,8,0.3880819082260132
2864601_0.437,25,2,cvdrift,9,0.09800147265195847
2864601_0.437,25,2,cvdrift,10,-0.05721503123641014
2864601_0.437,25,2,cvdrift,11,-0.07276317477226257
2864601_0.437,25,2,cvdrift,12,0.08426492661237717
2864601_0.437,25,3,gbdrift0_over_shat,0,-0.2773692011833191
2864601_0.437,25,3,gbdrift0_over_shat,1,-0.1671895533800125
2864601_0.437,25,3,gbdrift0_over_shat,2,-0.45411795377731323
2864601_0.437,25,3,gbdrift0_over_shat,3,-0.859067440032959
2864601_0.437,25,3,gbdrift0_over_shat,4,-0.5798340439796448
2864601_0.437,25,3,gbdrift0_over_shat,5,-0.2971113920211792
2864601_0.437,25,3,gbdrift0_over_shat,6,0.056476086378097534
2864601_0.437,25,3,gbdrift0_over_shat,7,-0.043077584356069565
2864601_0.437,25,3,gbdrift0_over_shat,8,-0.24127601087093353
2864601_0.437,25,3,gbdrift0_over_shat,9,-0.26718807220458984
2864601_0.437,25,3,gbdrift0_over_shat,10,-0.279707670211792
2864601_0.437,25,3,gbdrift0_over_shat,11,-0.6513487696647644
2864601_0.437,25,3,gbdrift0_over_shat,12,-0.8963610529899597
2864601_0.437,25,4,gds2,0,-0.11822045594453812
2864601_0.437,25,4,gds2,1,0.01857336051762104
2864601_0.437,25,4,gds2,2,-0.047099463641643524
2864601_0.437,25,4,gds2,3,-0.0857982337474823
2864601_0.437,25,4,gds2,4,0.037090692669153214
2864601_0.437,25,4,gds2,5,-0.11815725266933441
2864601_0.437,25,4,gds2,6,0.03432662412524223
2864601_0.437,25,4,gds2,7,0.04319807142019272
2864601_0.437,25,4,gds2,8,-0.08778306841850281
2864601_0.437,25,4,gds2,9,-0.00300739542581141
2864601_0.437,25,4,gds2,10,0.01655767112970352
2864601_0.437,25,4,gds2,11,-0.04134682938456535
2864601_0.437,25,4,gds2,12,-0.021127717569470406
2864601_0.437,25,5,gds21_over_shat,0,0.26981809735298157
2864601_0.437,25,5,gds21_over_shat,1,0.07065676152706146
2864601_0.437,25,5,gds21_over_shat,2,0.14936918020248413
2864601_0.437,25,5,gds21_over_shat,3,0.010174275375902653
2864601_0.437,25,5,gds21_over_shat,4,0.05576680600643158
2864601_0.437,25,5,gds21_over_shat,5,0.23034146428108215
2864601_0.437,25,5,gds21_over_shat,6,0.19650079309940338
2864601_0.437,25,5,gds21_over_shat,7,0.1401536762714386
2864601_0.437,25,5,gds21_over_shat,8,0.17176511883735657
2864601_0.437,25,5,gds21_over_shat,9,0.07500407099723816
2864601_0.437,25,5,gds21_over_shat,10,0.15677490830421448
2864601_0.437,25,5,gds21_over_shat,11,0.2652551531791687
2864601_0.437,25,5,gds21_over_shat,12,0.24594157934188843
2864601_0.437,25,6,gds22_over_shat_squared,0,-0.06826190650463104
2864601_0.437,25,6,gds22_over_shat_squared,1,-0.023260369896888733
2864601_0.437,25,6,gds22_over_shat_squared,2,0.0906720981001854
2864601_0.437,25,6,gds22_over_shat_squared,3,-0.09694729000329971
2864601_0.437,25,6,gds22_over_shat_squared,4,0.0650998055934906
2864601_0.437,25,6,gds22_over_shat_squared,5,-0.06300770491361618
2864601_0.437,25,6,gds22_over_shat_squared,6,0.05645768344402313
2864601_0.437,25,6,gds22_over_shat_squared,7,-0.021651312708854675
2864601_0.437,25,6,gds22_over_shat_squared,8,0.07210958003997803
2864601_0.437,25,6,gds22_over_shat_squared,9,-0.07371671497821808
2864601_0.437,25,6,gds22_over_shat_squared,10,-0.08416713029146194
2864601_0.437,25,6,gds22_over_shat_squared,11,-0.04591305926442146
2864601_0.437,25,6,gds22_over_shat_squared,12,0.05446034297347069
2864601_0.437,26,0,bmag,0,-0.14310094714164734
2864601_0.437,26,0,bmag,1,-0.07933066785335541
2864601_0.437,26,0,bmag,2,0.03839842602610588
2864601_0.437,26,0,bmag,3,0.10704724490642548
2864601_0.437,26,0,bmag,4,-0.02560678869485855
2864601_0.437,26,0,bmag,5,-0.003177432809025049
2864601_0.437,26,0,bmag,6,-0.01210681814700365
2864601_0.437,26,0,bmag,7,-0.0782867968082428
2864601_0.437,26,0,bmag,8,-0.04667670279741287
2864601_0.437,26,0,bmag,9,-0.0813378170132637
2864601_0.437,26,0,bmag,10,0.051353923976421356
2864601_0.437,26,0,bmag,11,0.05311298370361328
2864601_0.437,26,0,bmag,12,0.1689184457063675
2864601_0.437,26,1,gbdrift,0,0.3281526565551758
2864601_0.437,26,1,gbdrift,1,0.16192208230495453
2864601_0.437,26,1,gbdrift,2,0.3553908169269562
2864601_0.437,26,1,gbdrift,3,0.1356315165758133
2864601_0.437,26,1,gbdrift,4,-0.31229928135871887
2864601_0.437,26,1,gbdrift,5,-0.23976796865463257
2864601_0.437,26,1,gbdrift,6,-0.17326870560646057
2864601_0.437,26,1,gbdrift,7,-0.17926868796348572
2864601_0.437,26,1,gbdrift,8,0.06075092777609825
2864601_0.437,26,1,gbdrift,9,-0.006521913222968578
2864601_0.437,26,1,gbdrift,10,-0.14211323857307434
2864601_0.437,26,1,gbdrift,11,0.2991214990615845
2864601_0.437,26,1,gbdrift,12,0.6826900839805603
2864601_0.437,26,2,cvdrift,0,0.045301344245672226
2864601_0.437,26,2,cvdrift,1,-0.3152844309806824
2864601_0.437,26,2,cvdrift,2,-0.14221078157424927
2864601_0.437,26,2,cvdrift,3,-0.3205500841140747
2864601_0.437,26,2,cvdrift,4,-0.8033739328384399
2864601_0.437,26,2,cvdrift,5,-0.679048478603363
2864601_0.437,26,2,cvdrift,6,-0.7093770503997803
2864601_0.437,26,2,cvdrift,7,-0.6070113182067871
2864601_0.437,26,2,cvdrift,8,-0.42854753136634827
2864601_0.437,26,2,cvdrift,9,-0.6536813974380493
2864601_0.437,26,2,cvdrift,10,-0.644824206829071
2864601_0.437,26,2,cvdrift,11,-0.24965664744377136
2864601_0.437,26,2,cvdrift,12,0.13584882020950317
2864601_0.437,26,3,gbdrift0_over_shat,0,-0.5607211589813232
2864601_0.437,26,3,gbdrift0_over_shat,1,-0.5040256977081299
2864601_0.437,26,3,gbdrift0_over_shat,2,-0.4993012547492981
2864601_0.437,26,3,gbdrift0_over_shat,3,-0.36445415019989014
2864601_0.437,26,3,gbdrift0_over_shat,4,-0.005753052420914173
2864601_0.437,26,3,gbdrift0_over_shat,5,-0.15251317620277405
2864601_0.437,26,3,gbdrift0_over_shat,6,-0.3121868073940277
2864601_0.437,26,3,gbdrift0_over_shat,7,-0.4492298662662506
2864601_0.437,26,3,gbdrift0_over_shat,8,-0.5318256616592407
2864601_0.437,26,3,gbdrift0_over_shat,9,-0.591128408908844
2864601_0.437,26,3,gbdrift0_over_shat,10,-0.2944202721118927
2864601_0.437,26,3,gbdrift0_over_shat,11,0.132340669631958
2864601_0.437,26,3,gbdrift0_over_shat,12,0.2507098317146301
2864601_0.437,26,4,gds2,0,0.033981457352638245
2864601_0.437,26,4,gds2,1,-0.1555517464876175
2864601_0.437,26,4,gds2,2,0.020671874284744263
2864601_0.437,26,4,gds2,3,0.023826681077480316
2864601_0.437,26,4,gds2,4,0.053457703441381454
2864601_0.437,26,4,gds2,5,0.007310028187930584
2864601_0.437,26,4,gds2,6,-0.037672415375709534
2864601_0.437,26,4,gds2,7,-0.08025391399860382
2864601_0.437,26,4,gds2,8,-0.021927015855908394
2864601_0.437,26,4,gds2,9,0.06293725967407227
2864601_0.437,26,4,gds2,10,0.03080620802938938
2864601_0.437,26,4,gds2,11,0.034996215254068375
2864601_0.437,26,4,gds2,12,-0.21927186846733093
2864601_0.437,26,5,gds21_over_shat,0,0.07288872450590134
2864601_0.437,26,5,gds21_over_shat,1,-0.2047448754310608
2864601_0.437,26,5,gds21_over_shat,2,-0.21808338165283203
2864601_0.437,26,5,gds21_over_shat,3,0.006041794549673796
2864601_0.437,26,5,gds21_over_shat,4,-0.0015810701297596097
2864601_0.437,26,5,gds21_over_shat,5,-0.19475628435611725
2864601_0.437,26,5,gds21_over_shat,6,-0.22150135040283203
2864601_0.437,26,5,gds21_over_shat,7,0.14240364730358124
2864601_0.437,26,5,gds21_over_shat,8,0.20368064939975739
2864601_0.437,26,5,gds21_over_shat,9,0.07374072074890137
2864601_0.437,26,5,gds21_over_shat,10,-0.07897486537694931
2864601_0.437,26,5,gds21_over_shat,11,0.017282025888562202
2864601_0.437,26,5,gds21_over_shat,12,0.16594044864177704
2864601_0.437,26,6,gds22_over_shat_squared,0,-0.15467973053455353
2864601_0.437,26,6,gds22_over_shat_squared,1,-0.13475051522254944
2864601_0.437,26,6,gds22_over_shat_squared,2,-0.040094755589962006
2864601_0.437,26,6,gds22_over_shat_squared,3,0.16592414677143097
2864601_0.437,26,6,gds22_over_shat_squared,4,0.13501398265361786
2864601_0.437,26,6,gds22_over_shat_squared,5,-0.04726561903953552
2864601_0.437,26,6,gds22_over_shat_squared,6,0.052727144211530685
2864601_0.437,26,6,gds22_over_shat_squared,7,0.07273562252521515
2864601_0.437,26,6,gds22_over_shat_squared,8,0.01923285983502865
2864601_0.437,26,6,gds22_over_shat_squared,9,-0.09404799342155457
2864601_0.437,26,6,gds22_over_shat_squared,10,0.12653769552707672
2864601_0.437,26,6,gds22_over_shat_squared,11,-0.014600933529436588
2864601_0.437,26,6,gds22_over_shat_squared,12,0.12945802509784698
2864601_0.437,27,0,bmag,0,0.05933432653546333
2864601_0.437,27,0,bmag,1,-0.06508157402276993
2864601_0.437,27,0,bmag,2,-0.10105729103088379
2864601_0.437,27,0,bmag,3,-0.10420938581228256
2864601_0.437,27,0,bmag,4,0.006859145127236843
2864601_0.437,27,0,bmag,5,-0.09898355603218079
2864601_0.437,27,0,bmag,6,-0.09046656638383865
2864601_0.437,27,0,bmag,7,-0.1419612616300583
2864601_0.437,27,0,bmag,8,-0.13307031989097595
2864601_0.437,27,0,bmag,9,-0.0077081359922885895
2864601_0.437,27,0,bmag,10,0.05385323613882065
2864601_0.437,27,0,bmag,11,-0.10411135107278824
2864601_0.437,27,0,bmag,12,0.025643350556492805
2864601_0.437,27,1,gbdrift,0,0.025782397016882896
2864601_0.437,27,1,gbdrift,1,0.017852604389190674
2864601_0.437,27,1,gbdrift,2,0.07838557660579681
2864601_0.437,27,1,gbdrift,3,-0.05380919203162193
2864601_0.437,27,1,gbdrift,4,0.0854547917842865
2864601_0.437,27,1,gbdrift,5,-0.03483341634273529
2864601_0.437,27,1,gbdrift,6,0.03713437169790268
2864601_0.437,27,1,gbdrift,7,-0.08698424696922302
2864601_0.437,27,1,gbdrift,8,-0.08006203174591064
2864601_0.437,27,1,gbdrift,9,0.013384456746280193
2864601_0.437,27,1,gbdrift,10,-0.034703824669122696
2864601_0.437,27,1,gbdrift,11,0.11114101856946945
2864601_0.437,27,1,gbdrift,12,0.09916777908802032
2864601_0.437,27,2,cvdrift,0,-0.03210863471031189
2864601_0.437,27,2,cvdrift,1,-0.09101574122905731
2864601_0.437,27,2,cvdrift,2,-0.00746181420981884
2864601_0.437,27,2,cvdrift,3,-0.05524391308426857
2864601_0.437,27,2,cvdrift,4,0.023183153942227364
2864601_0.437,27,2,cvdrift,5,0.052470363676548004
2864601_0.437,27,2,cvdrift,6,-0.08265271037817001
2864601_0.437,27,2,cvdrift,7,0.05451837182044983
2864601_0.437,27,2,cvdrift,8,0.04986505210399628
2864601_0.437,27,2,cvdrift,9,0.00020424106332939118
2864601_0.437,27,2,cvdrift,10,-0.09530482441186905
2864601_0.437,27,2,cvdrift,11,-0.0257190503180027
2864601_0.437,27,2,cvdrift,12,-0.015622523613274097
2864601_0.437,27,3,gbdrift0_over_shat,0,-0.04029875248670578
2864601_0.437,27,3,gbdrift0_over_shat,1,0.1370464414358139
2864601_0.437,27,3,gbdrift0_over_shat,2,0.024589525535702705
2864601_0.437,27,3,gbdrift0_over_shat,3,0.10203336924314499
2864601_0.437,27,3,gbdrift0_over_shat,4,-0.1262398213148117
2864601_0.437,27,3,gbdrift0_over_shat,5,0.002927084220573306
2864601_0.437,27,3,gbdrift0_over_shat,6,0.060079000890254974
2864601_0.437,27,3,gbdrift0_over_shat,7,-0.05194472521543503
2864601_0.437,27,3,gbdrift0_over_shat,8,0.09410969167947769
2864601_0.437,27,3,gbdrift0_over_shat,9,0.03772502765059471
2864601_0.437,27,3,gbdrift0_over_shat,10,0.0036642609629780054
2864601_0.437,27,3,gbdrift0_over_shat,11,0.09328410029411316
2864601_0.437,27,3,gbdrift0_over_shat,12,0.004944548010826111
2864601_0.437,27,4,gds2,0,-0.09946185350418091
2864601_0.437,27,4,gds2,1,-0.10780374705791473
2864601_0.437,27,4,gds2,2,-0.1129382997751236
2864601_0.437,27,4,gds2,3,-0.030753538012504578
2864601_0.437,27,4,gds2,4,0.022937839850783348
2864601_0.437,27,4,gds2,5,0.0003543086932040751
2864601_0.437,27,4,gds2,6,-0.05784992128610611
2864601_0.437,27,4,gds2,7,-0.13065920770168304
2864601_0.437,27,4,gds2,8,0.07788386195898056
2864601_0.437,27,4,gds2,9,-0.09860002994537354
2864601_0.437,27,4,gds2,10,0.05934738367795944
2864601_0.437,27,4,gds2,11,-0.06974616646766663
2864601_0.437,27,4,gds2,12,-0.013310512527823448
2864601_0.437,27,5,gds21_over_shat,0,0.05407708138227463
2864601_0.437,27,5,gds21_over_shat,1,0.07542635500431061
2864601_0.437,27,5,gds21_over_shat,2,-0.03540918976068497
2864601_0.437,27,5,gds21_over_shat,3,0.03624872490763664
2864601_0.437,27,5,gds21_over_shat,4,-0.019289372488856316
2864601_0.437,27,5,gds21_over_shat,5,-0.014141887426376343
2864601_0.437,27,5,gds21_over_shat,6,-0.004496376030147076
2864601_0.437,27,5,gds21_over_shat,7,-0.0141277015209198
2864601_0.437,27,5,gds21_over_shat,8,0.03842489793896675
2864601_0.437,27,5,gds21_over_shat,9,-0.08531871438026428
2864601_0.437,27,5,gds21_over_shat,10,-0.005155842751264572
2864601_0.437,27,5,gds21_over_shat,11,-0.01971060037612915
2864601_0.437,27,5,gds21_over_shat,12,-0.02041526511311531
2864601_0.437,27,6,gds22_over_shat_squared,0,-0.11413067579269409
2864601_0.437,27,6,gds22_over_shat_squared,1,0.014487217180430889
2864601_0.437,27,6,gds22_over_shat_squared,2,-0.127650186419487
2864601_0.437,27,6,gds22_over_shat_squared,3,0.056068167090415955
2864601_0.437,27,6,gds22_over_shat_squared,4,0.07269838452339172
2864601_0.437,27,6,gds22_over_shat_squared,5,-0.024225886911153793
2864601_0.437,27,6,gds22_over_shat_squared,6,-0.0750795230269432
2864601_0.437,27,6,gds22_over_shat_squared,7,-0.018164973706007004
2864601_0.437,27,6,gds22_over_shat_squared,8,-0.039315465837717056
2864601_0.437,27,6,gds22_over_shat_squared,9,-0.10881585627794266
2864601_0.437,27,6,gds22_over_shat_squared,10,-0.11132324486970901
2864601_0.437,27,6,gds22_over_shat_squared,11,-0.09917468577623367
2864601_0.437,27,6,gds22_over_shat_squared,12,-0.00920199602842331
2864601_0.437,28,0,bmag,0,-0.1854170709848404
2864601_0.437,28,0,bmag,1,-0.05315881967544556
2864601_0.437,28,0,bmag,2,-0.03876299411058426
2864601_0.437,28,0,bmag,3,-0.030089912936091423
2864601_0.437,28,0,bmag,4,0.07536058872938156
2864601_0.437,28,0,bmag,5,0.007226166315376759
2864601_0.437,28,0,bmag,6,-0.048460982739925385
2864601_0.437,28,0,bmag,7,-0.11494787037372589
2864601_0.437,28,0,bmag,8,-0.1776445060968399
2864601_0.437,28,0,bmag,9,-0.04707527905702591
2864601_0.437,28,0,bmag,10,-0.08373421430587769
2864601_0.437,28,0,bmag,11,0.01685691438615322
2864601_0.437,28,0,bmag,12,-0.07791993021965027
2864601_0.437,28,1,gbdrift,0,-0.4068622291088104
2864601_0.437,28,1,gbdrift,1,-0.43584078550338745
2864601_0.437,28,1,gbdrift,2,-0.3881179988384247
2864601_0.437,28,1,gbdrift,3,-0.4295279085636139
2864601_0.437,28,1,gbdrift,4,-0.635615348815918
2864601_0.437,28,1,gbdrift,5,-0.818644106388092
2864601_0.437,28,1,gbdrift,6,-0.945162296295166
2864601_0.437,28,1,gbdrift,7,-1.051282286643982
2864601_0.437,28,1,gbdrift,8,-1.115190029144287
2864601_0.437,28,1,gbdrift,9,-0.9742167592048645
2864601_0.437,28,1,gbdrift,10,-0.716624915599823
2864601_0.437,28,1,gbdrift,11,-0.4361554682254791
2864601_0.437,28,1,gbdrift,12,-0.30829837918281555
2864601_0.437,28,2,cvdrift,0,-0.09135746955871582
2864601_0.437,28,2,cvdrift,1,-0.22043871879577637
2864601_0.437,28,2,cvdrift,2,-0.10459790378808975
2864601_0.437,28,2,cvdrift,3,-0.277218759059906
2864601_0.437,28,2,cvdrift,4,-0.2742187976837158
2864601_0.437,28,2,cvdrift,5,-0.44977861642837524
2864601_0.437,28,2,cvdrift,6,-0.5276742577552795
2864601_0.437,28,2,cvdrift,7,-0.5050256252288818
2864601_0.437,28,2,cvdrift,8,-0.6905607581138611
2864601_0.437,28,2,cvdrift,9,-0.629909098148346
2864601_0.437,28,2,cvdrift,10,-0.5716947913169861
2864601_0.437,28,2,cvdrift,11,-0.35372358560562134
2864601_0.437,28,2,cvdrift,12,-0.3325878381729126
2864601_0.437,28,3,gbdrift0_over_shat,0,0.011222726665437222
2864601_0.437,28,3,gbdrift0_over_shat,1,-0.1810561716556549
2864601_0.437,28,3,gbdrift0_over_shat,2,-0.031945664435625076
2864601_0.437,28,3,gbdrift0_over_shat,3,-0.18913902342319489
2864601_0.437,28,3,gbdrift0_over_shat,4,-0.09816139936447144
2864601_0.437,28,3,gbdrift0_over_shat,5,-0.2902453541755676
2864601_0.437,28,3,gbdrift0_over_shat,6,-0.38842135667800903
2864601_0.437,28,3,gbdrift0_over_shat,7,-0.7435397505760193
2864601_0.437,28,3,gbdrift0_over_shat,8,-0.9213690161705017
2864601_0.437,28,3,gbdrift0_over_shat,9,-0.6277686953544617
2864601_0.437,28,3,gbdrift0_over_shat,10,-0.4149828255176544
2864601_0.437,28,3,gbdrift0_over_shat,11,-0.39024287462234497
2864601_0.437,28,3,gbdrift0_over_shat,12,-0.2502886950969696
2864601_0.437,28,4,gds2,0,-0.06077681854367256
2864601_0.437,28,4,gds2,1,-0.12246742099523544
2864601_0.437,28,4,gds2,2,0.08170365542173386
2864601_0.437,28,4,gds2,3,0.006753329187631607
2864601_0.437,28,4,gds2,4,-0.08675345033407211
2864601_0.437,28,4,gds2,5,0.01506721694022417
2864601_0.437,28,4,gds2,6,-0.0635872334241867
2864601_0.437,28,4,gds2,7,-0.07054608315229416
2864601_0.437,28,4,gds2,8,-0.043726902455091476
2864601_0.437,28,4,gds2,9,0.055347319692373276
2864601_0.437,28,4,gds2,10,-0.028971731662750244
2864601_0.437,28,4,gds2,11,-0.040576010942459106
2864601_0.437,28,4,gds2,12,-0.055450789630413055
2864601_0.437,28,5,gds21_over_shat,0,0.17158499360084534
2864601_0.437,28,5,gds21_over_shat,1,-0.23659825325012207
2864601_0.437,28,5,gds21_over_shat,2,-0.11506157368421555
2864601_0.437,28,5,gds21_over_shat,3,0.005914569832384586
2864601_0.437,28,5,gds21_over_shat,4,0.05228270962834358
2864601_0.437,28,5,gds21_over_shat,5,0.04538426175713539
2864601_0.437,28,5,gds21_over_shat,6,0.12179722636938095
2864601_0.437,28,5,gds21_over_shat,7,0.03482762724161148
2864601_0.437,28,5,gds21_over_shat,8,-0.016731763258576393
2864601_0.437,28,5,gds21_over_shat,9,-0.14595623314380646
2864601_0.437,28,5,gds21_over_shat,10,-0.1867588758468628
2864601_0.437,28,5,gds21_over_shat,11,-0.16221469640731812
2864601_0.437,28,5,gds21_over_shat,12,-0.17689846456050873
2864601_0.437,28,6,gds22_over_shat_squared,0,-0.04789068177342415
2864601_0.437,28,6,gds22_over_shat_squared,1,-0.0695413127541542
2864601_0.437,28,6,gds22_over_shat_squared,2,-0.011245784349739552
2864601_0.437,28,6,gds22_over_shat_squared,3,0.027070237323641777
2864601_0.437,28,6,gds22_over_shat_squared,4,0.07310854643583298
2864601_0.437,28,6,gds22_over_shat_squared,5,0.13633905351161957
2864601_0.437,28,6,gds22_over_shat_squared,6,0.0422184020280838
2864601_0.437,28,6,gds22_over_shat_squared,7,0.07086672633886337
2864601_0.437,28,6,gds22_over_shat_squared,8,0.06378652900457382
2864601_0.437,28,6,gds22_over_shat_squared,9,-0.09026644378900528
2864601_0.437,28,6,gds22_over_shat_squared,10,0.056796714663505554
2864601_0.437,28,6,gds22_over_shat_squared,11,-0.042180098593235016
2864601_0.437,28,6,gds22_over_shat_squared,12,0.04672223702073097
2864601_0.437,29,0,bmag,0,0.11321117728948593
2864601_0.437,29,0,bmag,1,0.009396368637681007
2864601_0.437,29,0,bmag,2,0.09733409434556961
2864601_0.437,29,0,bmag,3,0.11223378032445908
2864601_0.437,29,0,bmag,4,0.08260345458984375
2864601_0.437,29,0,bmag,5,0.008120858110487461
2864601_0.437,29,0,bmag,6,0.03970510885119438
2864601_0.437,29,0,bmag,7,-0.07229933887720108
2864601_0.437,29,0,bmag,8,-0.12894275784492493
2864601_0.437,29,0,bmag,9,-0.1927105039358139
2864601_0.437,29,0,bmag,10,-0.08405742794275284
2864601_0.437,29,0,bmag,11,-0.10624110698699951
2864601_0.437,29,0,bmag,12,0.016728563234210014
2864601_0.437,29,1,gbdrift,0,0.24626676738262177
2864601_0.437,29,1,gbdrift,1,0.29569754004478455
2864601_0.437,29,1,gbdrift,2,0.23448345065116882
2864601_0.437,29,1,gbdrift,3,0.24150271713733673
2864601_0.437,29,1,gbdrift,4,0.31874996423721313
2864601_0.437,29,1,gbdrift,5,0.3325045108795166
2864601_0.437,29,1,gbdrift,6,0.29147061705589294
2864601_0.437,29,1,gbdrift,7,0.2295389473438263
2864601_0.437,29,1,gbdrift,8,0.18461088836193085
2864601_0.437,29,1,gbdrift,9,0.1494103968143463
2864601_0.437,29,1,gbdrift,10,0.23247960209846497
2864601_0.437,29,1,gbdrift,11,0.2939685583114624
2864601_0.437,29,1,gbdrift,12,0.39810290932655334
2864601_0.437,29,2,cvdrift,0,-0.22381223738193512
2864601_0.437,29,2,cvdrift,1,-0.1125912144780159
2864601_0.437,29,2,cvdrift,2,-0.1203073188662529
2864601_0.437,29,2,cvdrift,3,-0.15417759120464325
2864601_0.437,29,2,cvdrift,4,-0.14773119986057281
2864601_0.437,29,2,cvdrift,5,-0.09023360908031464
2864601_0.437,29,2,cvdrift,6,-0.08084113150835037
2864601_0.437,29,2,cvdrift,7,0.03426263853907585
2864601_0.437,29,2,cvdrift,8,-0.1428455263376236
2864601_0.437,29,2,cvdrift,9,-0.07572368532419205
2864601_0.437,29,2,cvdrift,10,-0.031767744570970535
2864601_0.437,29,2,cvdrift,11,0.04528877139091492
2864601_0.437,29,2,cvdrift,12,0.12968195974826813
2864601_0.437,29,3,gbdrift0_over_shat,0,0.4179932773113251
2864601_0.437,29,3,gbdrift0_over_shat,1,0.4228568375110626
2864601_0.437,29,3,gbdrift0_over_shat,2,0.13867038488388062
2864601_0.437,29,3,gbdrift0_over_shat,3,0.21178720891475677
2864601_0.437,29,3,gbdrift0_over_shat,4,0.6212199926376343
2864601_0.437,29,3,gbdrift0_over_shat,5,0.7400826811790466
2864601_0.437,29,3,gbdrift0_over_shat,6,0.895214319229126
2864601_0.437,29,3,gbdrift0_over_shat,7,1.0993634462356567
2864601_0.437,29,3,gbdrift0_over_shat,8,1.065609335899353
2864601_0.437,29,3,gbdrift0_over_shat,9,1.0191469192504883
2864601_0.437,29,3,gbdrift0_over_shat,10,0.7669467926025391
2864601_0.437,29,3,gbdrift0_over_shat,11,0.6016154885292053
2864601_0.437,29,3,gbdrift0_over_shat,12,0.6656164526939392
2864601_0.437,29,4,gds2,0,0.028695199638605118
2864601_0.437,29,4,gds2,1,-0.03752252086997032
2864601_0.437,29,4,gds2,2,-0.09551377594470978
2864601_0.437,29,4,gds2,3,0.10629865527153015
2864601_0.437,29,4,gds2,4,0.10514848679304123
2864601_0.437,29,4,gds2,5,0.03514622524380684
2864601_0.437,29,4,gds2,6,-0.0660291463136673
2864601_0.437,29,4,gds2,7,0.03433696925640106
2864601_0.437,29,4,gds2,8,-0.018946869298815727
2864601_0.437,29,4,gds2,9,0.090462826192379
2864601_0.437,29,4,gds2,10,-0.016266927123069763
2864601_0.437,29,4,gds2,11,0.07706735283136368
2864601_0.437,29,4,gds2,12,-0.054551735520362854
2864601_0.437,29,5,gds21_over_shat,0,-0.0688169077038765
2864601_0.437,29,5,gds21_over_shat,1,0.11003457009792328
2864601_0.437,29,5,gds21_over_shat,2,0.025123193860054016
2864601_0.437,29,5,gds21_over_shat,3,-0.08359859883785248
2864601_0.437,29,5,gds21_over_shat,4,-0.13479596376419067
2864601_0.437,29,5,gds21_over_shat,5,0.029318898916244507
2864601_0.437,29,5,gds21_over_shat,6,0.05813521519303322
2864601_0.437,29,5,gds21_over_shat,7,-0.026315705850720406
2864601_0.437,29,5,gds21_over_shat,8,-0.1552102416753769
2864601_0.437,29,5,gds21_over_shat,9,-0.07684028893709183
2864601_0.437,29,5,gds21_over_shat,10,-0.15368330478668213
2864601_0.437,29,5,gds21_over_shat,11,-0.04528368264436722
2864601_0.437,29,5,gds21_over_shat,12,-0.16804295778274536
2864601_0.437,29,6,gds22_over_shat_squared,0,-0.019246384501457214
2864601_0.437,29,6,gds22_over_shat_squared,1,-0.10968687385320663
2864601_0.437,29,6,gds22_over_shat_squared,2,-0.03481931984424591
2864601_0.437,29,6,gds22_over_shat_squared,3,-0.0722469761967659
2864601_0.437,29,6,gds22_over_shat_squared,4,-0.007223968859761953
2864601_0.437,29,6,gds22_over_shat_squared,5,-0.12750686705112457
2864601_0.437,29,6,gds22_over_shat_squared,6,-0.07509128004312515
2864601_0.437,29,6,gds22_over_shat_squared,7,-0.0505216158926487
2864601_0.437,29,6,gds22_over_shat_squared,8,-0.03152432665228844
2864601_0.437,29,6,gds22_over_shat_squared,9,-0.049342840909957886
2864601_0.437,29,6,gds22_over_shat_squared,10,0.014241243712604046
2864601_0.437,29,6,gds22_over_shat_squared,11,-0.10011669248342514
2864601_0.437,29,6,gds22_over_shat_squared,12,0.004234525375068188
2864601_0.371,0,0,bmag,0,-0.36039572954177856
2864601_0.371,0,0,bmag,1,-0.5449212789535522
2864601_0.371,0,0,bmag,2,-0.3229525089263916
2864601_0.371,0,1,gbdrift,0,-0.27832308411598206
2864601_0.371,0,1,gbdrift,1,0.23470009863376617
2864601_0.371,0,1,gbdrift,2,-0.01291143149137497
2864601_0.371,0,2,cvdrift,0,-0.37973108887672424
2864601_0.371,0,2,cvdrift,1,-0.045858219265937805
2864601_0.371,0,2,cvdrift,2,-0.28383687138557434
2864601_0.371,0,3,gbdrift0_over_shat,0,-1.2181779146194458
2864601_0.371,0,3,gbdrift0_over_shat,1,-1.0875000953674316
2864601_0.371,0,3,gbdrift0_over_shat,2,-1.045082449913025
2864601_0.371,0,4,gds2,0,-0.12357889115810394
2864601_0.371,0,4,gds2,1,-0.13079191744327545
2864601_0.371,0,4,gds2,2,0.10027199983596802
2864601_0.371,0,5,gds21_over_shat,0,0.23510921001434326
2864601_0.371,0,5,gds21_over_shat,1,0.34745123982429504
2864601_0.371,0,5,gds21_over_shat,2,0.40187421441078186
2864601_0.371,0,6,gds22_over_shat_squared,0,-0.034471623599529266
2864601_0.371,0,6,gds22_over_shat_squared,1,-0.249953031539917
2864601_0.371,0,6,gds22_over_shat_squared,2,-0.11339279264211655
2864601_0.371,1,0,bmag,0,0.5355997681617737
2864601_0.371,1,0,bmag,1,0.8127140402793884
2864601_0.371,1,0,bmag,2,0.549411416053772
2864601_0.371,1,1,gbdrift,0,0.9589577913284302
2864601_0.371,1,1,gbdrift,1,0.7014123797416687
2864601_0.371,1,1,gbdrift,2,0.956274151802063
2864601_0.371,1,2,cvdrift,0,-0.582774817943573
2864601_0.371,1,2,cvdrift,1,-0.8913931250572205
2864601_0.371,1,2,cvdrift,2,-0.41758430004119873
2864601_0.371,1,3,gbdrift0_over_shat,0,-0.13769063353538513
2864601_0.371,1,3,gbdrift0_over_shat,1,0.10446581989526749
2864601_0.371,1,3,gbdrift0_over_shat,2,-0.0595833882689476
2864601_0.371,1,4,gds2,0,0.1527615189552307
2864601_0.371,1,4,gds2,1,-0.21220152080059052
2864601_0.371,1,4,gds2,2,0.05073343962430954
2864601_0.371,1,5,gds21_over_shat,0,-0.09857141971588135
2864601_0.371,1,5,gds21_over_shat,1,0.13425025343894958
2864601_0.371,1,5,gds21_over_shat,2,-0.03922269865870476
2864601_0.371,1,6,gds22_over_shat_squared,0,-0.13410204648971558
2864601_0.371,1,6,gds22_over_shat_squared,1,0.11619383841753006
2864601_0.371,1,6,gds22_over_shat_squared,2,-0.0043590618297457695
2864601_0.371,2,0,bmag,0,-0.1178988590836525
2864601_0.371,2,0,bmag,1,0.08584420382976532
2864601_0.371,2,0,bmag,2,-0.15247686207294464
2864601_0.371,2,1,gbdrift,0,0.37090566754341125
2864601_0.371,2,1,gbdrift,1,-0.07315214723348618
2864601_0.371,2,1,gbdrift,2,0.5351191759109497
2864601_0.371,2,2,cvdrift,0,0.3743510842323303
2864601_0.371,2,2,cvdrift,1,0.4435814321041107
2864601_0.371,2,2,cvdrift,2,0.5776160359382629
2864601_0.371,2,3,gbdrift0_over_shat,0,0.13158096373081207
2864601_0.371,2,3,gbdrift0_over_shat,1,0.4790021479129791
2864601_0.371,2,3,gbdrift0_over_shat,2,0.236387699842453
2864601_0.371,2,4,gds2,0,-0.24195243418216705
2864601_0.371,2,4,gds2,1,-0.5021575093269348
2864601_0.371,2,4,gds2,2,-0.1909930258989334
2864601_0.371,2,5,gds21_over_shat,0,-0.3346623182296753
2864601_0.371,2,5,gds21_over_shat,1,-0.16918380558490753
2864601_0.371,2,5,gds21_over_shat,2,-0.2752709686756134
2864601_0.371,2,6,gds22_over_shat_squared,0,0.12755969166755676
2864601_0.371,2,6,gds22_over_shat_squared,1,-0.07482164353132248
2864601_0.371,2,6,gds22_over_shat_squared,2,0.03652361407876015
2864601_0.371,3,0,bmag,0,-0.003286567749455571
2864601_0.371,3,0,bmag,1,-0.04283466935157776
2864601_0.371,3,0,bmag,2,-0.13964398205280304
2864601_0.371,3,1,gbdrift,0,0.16789314150810242
2864601_0.371,3,1,gbdrift,1,0.4062928557395935
2864601_0.371,3,1,gbdrift,2,0.4814559519290924
2864601_0.371,3,2,cvdrift,0,-0.038987401872873306
2864601_0.371,3,2,cvdrift,1,0.42989200353622437
2864601_0.371,3,2,cvdrift,2,0.5769779086112976
2864601_0.371,3,3,gbdrift0_over_shat,0,0.3779093027114868
2864601_0.371,3,3,gbdrift0_over_shat,1,0.37142103910446167
2864601_0.371,3,3,gbdrift0_over_shat,2,0.5374502539634705
2864601_0.371,3,4,gds2,0,0.07236888259649277
2864601_0.371,3,4,gds2,1,-0.20761525630950928
2864601_0.371,3,4,gds2,2,-0.01501564309000969
2864601_0.371,3,5,gds21_over_shat,0,0.285530686378479
2864601_0.371,3,5,gds21_over_shat,1,0.2936645746231079
2864601_0.371,3,5,gds21_over_shat,2,0.23553644120693207
2864601_0.371,3,6,gds22_over_shat_squared,0,-0.21673409640789032
2864601_0.371,3,6,gds22_over_shat_squared,1,-0.14698843657970428
2864601_0.371,3,6,gds22_over_shat_squared,2,0.04461348056793213
2864601_0.371,4,0,bmag,0,-0.45331820845603943
2864601_0.371,4,0,bmag,1,-0.5548374652862549
2864601_0.371,4,0,bmag,2,-0.13044868409633636
2864601_0.371,4,1,gbdrift,0,1.194803237915039
2864601_0.371,4,1,gbdrift,1,0.867835521697998
2864601_0.371,4,1,gbdrift,2,1.124049425125122
2864601_0.371,4,2,cvdrift,0,0.4778288006782532
2864601_0.371,4,2,cvdrift,1,0.07153451442718506
2864601_0.371,4,2,cvdrift,2,0.4053049683570862
2864601_0.371,4,3,gbdrift0_over_shat,0,-0.25392287969589233
2864601_0.371,4,3,gbdrift0_over_shat,1,0.23446156084537506
2864601_0.371,4,3,gbdrift0_over_shat,2,-0.6095041036605835
2864601_0.371,4,4,gds2,0,-0.4617077112197876
2864601_0.371,4,4,gds2,1,-0.3867180645465851
2864601_0.371,4,4,gds2,2,-0.00014965352602303028
2864601_0.371,4,5,gds21_over_shat,0,0.19470036029815674
2864601_0.371,4,5,gds21_over_shat,1,0.34814760088920593
2864601_0.371,4,5,gds21_over_shat,2,0.3198697566986084
2864601_0.371,4,6,gds22_over_shat_squared,0,0.04032282903790474
2864601_0.371,4,6,gds22_over_shat_squared,1,0.03828251734375954
2864601_0.371,4,6,gds22_over_shat_squared,2,-0.01944718137383461
2864601_0.371,5,0,bmag,0,-4.943617386743426e-05
2864601_0.371,5,0,bmag,1,0.18432463705539703
2864601_0.371,5,0,bmag,2,0.23168356716632843
2864601_0.371,5,1,gbdrift,0,-0.258160263299942
2864601_0.371,5,1,gbdrift,1,-0.07169103622436523
2864601_0.371,5,1,gbdrift,2,-0.09642209112644196
2864601_0.371,5,2,cvdrift,0,-0.30524346232414246
2864601_0.371,5,2,cvdrift,1,-0.060643911361694336
2864601_0.371,5,2,cvdrift,2,-0.029051579535007477
2864601_0.371,5,3,gbdrift0_over_shat,0,-0.4802945852279663
2864601_0.371,5,3,gbdrift0_over_shat,1,-0.4047371745109558
2864601_0.371,5,3,gbdrift0_over_shat,2,-0.1788824051618576
2864601_0.371,5,4,gds2,0,0.15105263888835907
2864601_0.371,5,4,gds2,1,-0.18578335642814636
2864601_0.371,5,4,gds2,2,0.14751958847045898
2864601_0.371,5,5,gds21_over_shat,0,-0.27945321798324585
2864601_0.371,5,5,gds21_over_shat,1,0.08818154782056808
2864601_0.371,5,5,gds21_over_shat,2,-0.08055346459150314
2864601_0.371,5,6,gds22_over_shat_squared,0,-0.32714155316352844
2864601_0.371,5,6,gds22_over_shat_squared,1,-0.46576690673828125
2864601_0.371,5,6,gds22_over_shat_squared,2,-0.2528431713581085
2864601_0.371,6,0,bmag,0,0.2729833126068115
2864601_0.371,6,0,bmag,1,0.0598454475402832
2864601_0.371,6,0,bmag,2,0.14143532514572144
2864601_0.371,6,1,gbdrift,0,-0.231707364320755
2864601_0.371,6,1,gbdrift,1,-0.4485200047492981
2864601_0.371,6,1,gbdrift,2,-0.17457817494869232
2864601_0.371,6,2,cvdrift,0,0.15145011246204376
2864601_0.371,6,2,cvdrift,1,-0.18047985434532166
2864601_0.371,6,2,cvdrift,2,0.357416033744812
2864601_0.371,6,3,gbdrift0_over_shat,0,0.895799458026886
2864601_0.371,6,3,gbdrift0_over_shat,1,1.191068410873413
2864601_0.371,6,3,gbdrift0_over_shat,2,1.3265795707702637
2864601_0.371,6,4,gds2,0,0.02403119020164013
2864601_0.371,6,4,gds2,1,0.04761729761958122
2864601_0.371,6,4,gds2,2,-0.07143741101026535
2864601_0.371,6,5,gds21_over_shat,0,0.046635959297418594
2864601_0.371,6,5,gds21_over_shat,1,0.008738568052649498
2864601_0.371,6,5,gds21_over_shat,2,-0.1352284699678421
2864601_0.371,6,6,gds22_over_shat_squared,0,-0.5537263751029968
2864601_0.371,6,6,gds22_over_shat_squared,1,-0.4396384060382843
2864601_0.371,6,6,gds22_over_shat_squared,2,-0.22959798574447632
2864601_0.371,7,0,bmag,0,-0.142055481672287
2864601_0.371,7,0,bmag,1,-0.33914655447006226
2864601_0.371,7,0,bmag,2,-0.05743730440735817
2864601_0.371,7,1,gbdrift,0,0.6622818112373352
2864601_0.371,7,1,gbdrift,1,0.520878791809082
2864601_0.371,7,1,gbdrift,2,0.3004342019557953
2864601_0.371,7,2,cvdrift,0,0.7304472923278809
2864601_0.371,7,2,cvdrift,1,0.530543327331543
2864601_0.371,7,2,cvdrift,2,0.1703880876302719
2864601_0.371,7,3,gbdrift0_over_shat,0,-0.15403178334236145
2864601_0.371,7,3,gbdrift0_over_shat,1,-0.44808661937713623
2864601_0.371,7,3,gbdrift0_over_shat,2,-0.5094841718673706
2864601_0.371,7,4,gds2,0,0.04009969159960747
2864601_0.371,7,4,gds2,1,-0.055763643234968185
2864601_0.371,7,4,gds2,2,-0.09072339534759521
2864601_0.371,7,5,gds21_over_shat,0,-0.17730580270290375
2864601_0.371,7,5,gds21_over_shat,1,-0.01741235889494419
2864601_0.371,7,5,gds21_over_shat,2,-0.19275768101215363
2864601_0.371,7,6,gds22_over_shat_squared,0,-0.22005906701087952
2864601_0.371,7,6,gds22_over_shat_squared,1,-0.6124857664108276
2864601_0.371,7,6,gds22_over_shat_squared,2,-0.4285845160484314
2864601_0.371,8,0,bmag,0,0.03216544911265373
2864601_0.371,8,0,bmag,1,0.2506461441516876
2864601_0.371,8,0,bmag,2,0.02903559058904648
2864601_0.371,8,1,gbdrift,0,-0.5976118445396423
2864601_0.371,8,1,gbdrift,1,-0.498687744140625
2864601_0.371,8,1,gbdrift,2,-0.6946476101875305
2864601_0.371,8,2,cvdrift,0,-0.35320374369621277
2864601_0.371,8,2,cvdrift,1,0.05497889965772629
2864601_0.371,8,2,cvdrift,2,-0.6040001511573792
2864601_0.371,8,3,gbdrift0_over_shat,0,0.04447737708687782
2864601_0.371,8,3,gbdrift0_over_shat,1,0.2400130331516266
2864601_0.371,8,3,gbdrift0_over_shat,2,0.28870099782943726
2864601_0.371,8,4,gds2,0,0.004532337188720703
2864601_0.371,8,4,gds2,1,-0.1331489235162735
2864601_0.371,8,4,gds2,2,0.11147336661815643
2864601_0.371,8,5,gds21_over_shat,0,-0.039580486714839935
2864601_0.371,8,5,gds21_over_shat,1,-0.17786546051502228
2864601_0.371,8,5,gds21_over_shat,2,-0.06663604080677032
2864601_0.371,8,6,gds22_over_shat_squared,0,0.08658496290445328
2864601_0.371,8,6,gds22_over_shat_squared,1,-0.08695603162050247
2864601_0.371,8,6,gds22_over_shat_squared,2,-0.11040085554122925
2864601_0.371,9,0,bmag,0,0.2551257908344269
2864601_0.371,9,0,bmag,1,0.1515028178691864
2864601_0.371,9,0,bmag,2,-0.03753137215971947
2864601_0.371,9,1,gbdrift,0,2.4967575073242188
2864601_0.371,9,1,gbdrift,1,1.856147050857544
2864601_0.371,9,1,gbdrift,2,2.1723968982696533
2864601_0.371,9,2,cvdrift,0,0.5154593586921692
2864601_0.371,9,2,cvdrift,1,0.5552610754966736
2864601_0.371,9,2,cvdrift,2,0.7744508981704712
2864601_0.371,9,3,gbdrift0_over_shat,0,-0.0033371257595717907
2864601_0.371,9,3,gbdrift0_over_shat,1,-0.25360190868377686
2864601_0.371,9,3,gbdrift0_over_shat,2,0.05326014384627342
2864601_0.371,9,4,gds2,0,-0.6999119520187378
2864601_0.371,9,4,gds2,1,-0.6824103593826294
2864601_0.371,9,4,gds2,2,-0.6775522232055664
2864601_0.371,9,5,gds21_over_shat,0,0.19644662737846375
2864601_0.371,9,5,gds21_over_shat,1,0.07066944986581802
2864601_0.371,9,5,gds21_over_shat,2,0.2158380001783371
2864601_0.371,9,6,gds22_over_shat_squared,0,-0.062143515795469284
2864601_0.371,9,6,gds22_over_shat_squared,1,0.04133860021829605
2864601_0.371,9,6,gds22_over_shat_squared,2,0.05224943906068802
2864601_0.371,10,0,bmag,0,-0.009033961221575737
2864601_0.371,10,0,bmag,1,0.19977693259716034
2864601_0.371,10,0,bmag,2,0.24035771191120148
2864601_0.371,10,1,gbdrift,0,0.725071907043457
2864601_0.371,10,1,gbdrift,1,0.7646387815475464
2864601_0.371,10,1,gbdrift,2,1.052459955215454
2864601_0.371,10,2,cvdrift,0,0.3571518659591675
2864601_0.371,10,2,cvdrift,1,0.20216989517211914
2864601_0.371,10,2,cvdrift,2,-0.08896490931510925
2864601_0.371,10,3,gbdrift0_over_shat,0,-0.3779972195625305
2864601_0.371,10,3,gbdrift0_over_shat,1,-0.056163717061281204
2864601_0.371,10,3,gbdrift0_over_shat,2,-0.02379455231130123
2864601_0.371,10,4,gds2,0,-0.08602248877286911
2864601_0.371,10,4,gds2,1,-0.27203673124313354
2864601_0.371,10,4,gds2,2,-0.126779705286026
2864601_0.371,10,5,gds21_over_shat,0,0.07720839232206345
2864601_0.371,10,5,gds21_over_shat,1,0.10768827050924301
2864601_0.371,10,5,gds21_over_shat,2,0.11975796520709991
2864601_0.371,10,6,gds22_over_shat_squared,0,0.013995499350130558
2864601_0.371,10,6,gds22_over_shat_squared,1,-0.22776766121387482
2864601_0.371,10,6,gds22_over_shat_squared,2,0.11409133672714233
2864601_0.371,11,0,bmag,0,-0.09012505412101746
2864601_0.371,11,0,bmag,1,-0.4309065639972687
2864601_0.371,11,0,bmag,2,-0.23989230394363403
2864601_0.371,11,1,gbdrift,0,-1.1544957160949707
2864601_0.371,11,1,gbdrift,1,-0.6490476131439209
2864601_0.371,11,1,gbdrift,2,-1.0658185482025146
2864601_0.371,11,2,cvdrift,0,-0.47039979696273804
2864601_0.371,11,2,cvdrift,1,-0.31277886033058167
2864601_0.371,11,2,cvdrift,2,-0.5431976914405823
2864601_0.371,11,3,gbdrift0_over_shat,0,0.7928296327590942
2864601_0.371,11,3,gbdrift0_over_shat,1,0.7126938700675964
2864601_0.371,11,3,gbdrift0_over_shat,2,0.6572509407997131
2864601_0.371,11,4,gds2,0,-0.0018997590523213148
2864601_0.371,11,4,gds2,1,-0.23995177447795868
2864601_0.371,11,4,gds2,2,-0.04409312084317207
2864601_0.371,11,5,gds21_over_shat,0,0.275861531496048
2864601_0.371,11,5,gds21_over_shat,1,0.04666503518819809
2864601_0.371,11,5,gds21_over_shat,2,0.403734028339386
2864601_0.371,11,6,gds22_over_shat_squared,0,0.052554212510585785
2864601_0.371,11,6,gds22_over_shat_squared,1,-0.06043413281440735
2864601_0.371,11,6,gds22_over_shat_squared,2,-0.12249509990215302
2864601_0.371,12,0,bmag,0,-0.14759214222431183
2864601_0.371,12,0,bmag,1,-0.1629694551229477
2864601_0.371,12,0,bmag,2,-0.06001985818147659
2864601_0.371,12,1,gbdrift,0,0.024603519588708878
2864601_0.371,12,1,gbdrift,1,-0.40283551812171936
2864601_0.371,12,1,gbdrift,2,-0.10670885443687439
2864601_0.371,12,2,cvdrift,0,0.5050089359283447
2864601_0.371,12,2,cvdrift,1,0.4213062822818756
2864601_0.371,12,2,cvdrift,2,0.3632795214653015
2864601_0.371,12,3,gbdrift0_over_shat,0,0.8996774554252625
2864601_0.371,12,3,gbdrift0_over_shat,1,0.6348518133163452
2864601_0.371,12,3,gbdrift0_over_shat,2,1.271167278289795
2864601_0.371,12,4,gds2,0,-0.049164704978466034
2864601_0.371,12,4,gds2,1,-0.34806743264198303
2864601_0.371,12,4,gds2,2,-0.15429531037807465
2864601_0.371,12,5,gds21_over_shat,0,0.11869357526302338
2864601_0.371,12,5,gds21_over_shat,1,0.07984627038240433
2864601_0.371,12,5,gds21_over_shat,2,0.06500841677188873
2864601_0.371,12,6,gds22_over_shat_squared,0,-0.029208552092313766
2864601_0.371,12,6,gds22_over_shat_squared,1,-0.018150510266423225
2864601_0.371,12,6,gds22_over_shat_squared,2,0.02108103781938553
2864601_0.371,13,0,bmag,0,0.28061598539352417
2864601_0.371,13,0,bmag,1,0.12039557099342346
2864601_0.371,13,0,bmag,2,-0.06078881770372391
2864601_0.371,13,1,gbdrift,0,0.6778326034545898
2864601_0.371,13,1,gbdrift,1,0.4445200562477112
2864601_0.371,13,1,gbdrift,2,0.16451199352741241
2864601_0.371,13,2,cvdrift,0,0.45988601446151733
2864601_0.371,13,2,cvdrift,1,0.240773543715477
2864601_0.371,13,2,cvdrift,2,0.19422167539596558
2864601_0.371,13,3,gbdrift0_over_shat,0,-1.420480728149414
2864601_0.371,13,3,gbdrift0_over_shat,1,-0.8789089918136597
2864601_0.371,13,3,gbdrift0_over_shat,2,-1.5659894943237305
2864601_0.371,13,4,gds2,0,-0.11633669584989548
2864601_0.371,13,4,gds2,1,0.21394690871238708
2864601_0.371,13,4,gds2,2,-0.08862492442131042
2864601_0.371,13,5,gds21_over_shat,0,0.008017638698220253
2864601_0.371,13,5,gds21_over_shat,1,0.055806953459978104
2864601_0.371,13,5,gds21_over_shat,2,0.018205851316452026
2864601_0.371,13,6,gds22_over_shat_squared,0,0.08159390091896057
2864601_0.371,13,6,gds22_over_shat_squared,1,-0.17035236954689026
2864601_0.371,13,6,gds22_over_shat_squared,2,-0.04139294475317001
2864601_0.371,14,0,bmag,0,-0.17611798644065857
2864601_0.371,14,0,bmag,1,0.22810722887516022
2864601_0.371,14,0,bmag,2,0.27457356452941895
2864601_0.371,14,1,gbdrift,0,0.7799118757247925
2864601_0.371,14,1,gbdrift,1,0.5919504165649414
2864601_0.371,14,1,gbdrift,2,0.6544278264045715
2864601_0.371,14,2,cvdrift,0,0.0789506807923317
2864601_0.371,14,2,cvdrift,1,0.19786162674427032
2864601_0.371,14,2,cvdrift,2,0.26484155654907227
2864601_0.371,14,3,gbdrift0_over_shat,0,-0.5404509902000427
2864601_0.371,14,3,gbdrift0_over_shat,1,-0.08228830248117447
2864601_0.371,14,3,gbdrift0_over_shat,2,-0.8571784496307373
2864601_0.371,14,4,gds2,0,-0.09452298283576965
2864601_0.371,14,4,gds2,1,-0.04719255864620209
2864601_0.371,14,4,gds2,2,0.09240004420280457
2864601_0.371,14,5,gds21_over_shat,0,-0.18633556365966797
2864601_0.371,14,5,gds21_over_shat,1,-0.08008167892694473
2864601_0.371,14,5,gds21_over_shat,2,-0.03671248257160187
2864601_0.371,14,6,gds22_over_shat_squared,0,0.06835664808750153
2864601_0.371,14,6,gds22_over_shat_squared,1,-0.03263462707400322
2864601_0.371,14,6,gds22_over_shat_squared,2,-0.03384437784552574
2864601_0.371,15,0,bmag,0,-0.48908400535583496
2864601_0.371,15,0,bmag,1,-0.499163955450058
2864601_0.371,15,0,bmag,2,-0.44225484132766724
2864601_0.371,15,1,gbdrift,0,1.0397340059280396
2864601_0.371,15,1,gbdrift,1,0.6528605222702026
2864601_0.371,15,1,gbdrift,2,0.717322587966919
2864601_0.371,15,2,cvdrift,0,0.4843065142631531
2864601_0.371,15,2,cvdrift,1,0.5245519280433655
2864601_0.371,15,2,cvdrift,2,0.41726672649383545
2864601_0.371,15,3,gbdrift0_over_shat,0,-0.736425518989563
2864601_0.371,15,3,gbdrift0_over_shat,1,-0.7633705139160156
2864601_0.371,15,3,gbdrift0_over_shat,2,-1.1057971715927124
2864601_0.371,15,4,gds2,0,0.04505409300327301
2864601_0.371,15,4,gds2,1,-0.060143500566482544
2864601_0.371,15,4,gds2,2,-0.2659609913825989
2864601_0.371,15,5,gds21_over_shat,0,0.31631189584732056
2864601_0.371,15,5,gds21_over_shat,1,0.0892246663570404
2864601_0.371,15,5,gds21_over_shat,2,0.19291172921657562
2864601_0.371,15,6,gds22_over_shat_squared,0,0.05139097571372986
2864601_0.371,15,6,gds22_over_shat_squared,1,-0.1969790756702423
2864601_0.371,15,6,gds22_over_shat_squared,2,0.16080635786056519
2864601_0.371,16,0,bmag,0,-0.6531959772109985
2864601_0.371,16,0,bmag,1,-0.613422155380249
2864601_0.371,16,0,bmag,2,-0.6577551364898682
2864601_0.371,16,1,gbdrift,0,-0.3181617856025696
2864601_0.371,16,1,gbdrift,1,0.06012960150837898
2864601_0.371,16,1,gbdrift,2,-0.08835802227258682
2864601_0.371,16,2,cvdrift,0,-0.5299517512321472
2864601_0.371,16,2,cvdrift,1,-0.4242195785045624
2864601_0.371,16,2,cvdrift,2,0.03450154885649681
2864601_0.371,16,3,gbdrift0_over_shat,0,0.8705984354019165
2864601_0.371,16,3,gbdrift0_over_shat,1,0.7952592968940735
2864601_0.371,16,3,gbdrift0_over_shat,2,0.6832119226455688
2864601_0.371,16,4,gds2,0,0.06668779253959656
2864601_0.371,16,4,gds2,1,-0.15610474348068237
2864601_0.371,16,4,gds2,2,0.0159536711871624
2864601_0.371,16,5,gds21_over_shat,0,0.1821320801973343
2864601_0.371,16,5,gds21_over_shat,1,-0.4277900159358978
2864601_0.371,16,5,gds21_over_shat,2,-0.47992366552352905
2864601_0.371,16,6,gds22_over_shat_squared,0,0.06291273981332779
2864601_0.371,16,6,gds22_over_shat_squared,1,-0.02497066557407379
2864601_0.371,16,6,gds22_over_shat_squared,2,0.05460602790117264
2864601_0.371,17,0,bmag,0,0.22486424446105957
2864601_0.371,17,0,bmag,1,0.18318183720111847
2864601_0.371,17,0,bmag,2,-0.1992662400007248
2864601_0.371,17,1,gbdrift,0,0.37810301780700684
2864601_0.371,17,1,gbdrift,1,-0.09175348281860352
2864601_0.371,17,1,gbdrift,2,0.5126170516014099
2864601_0.371,17,2,cvdrift,0,0.263257771730423
2864601_0.371,17,2,cvdrift,1,0.25797489285469055
2864601_0.371,17,2,cvdrift,2,0.49540969729423523
2864601_0.371,17,3,gbdrift0_over_shat,0,0.1720471829175949
2864601_0.371,17,3,gbdrift0_over_shat,1,-0.011804064735770226
2864601_0.371,17,3,gbdrift0_over_shat,2,0.5327337384223938
2864601_0.371,17,4,gds2,0,0.2099391520023346
2864601_0.371,17,4,gds2,1,-0.11323348432779312
2864601_0.371,17,4,gds2,2,-0.1746809482574463
2864601_0.371,17,5,gds21_over_shat,0,0.17018063366413116
2864601_0.371,17,5,gds21_over_shat,1,-0.1882050633430481
2864601_0.371,17,5,gds21_over_shat,2,-0.038876891136169434
2864601_0.371,17,6,gds22_over_shat_squared,0,-0.18182824552059174
2864601_0.371,17,6,gds22_over_shat_squared,1,0.004077732563018799
2864601_0.371,17,6,gds22_over_shat_squared,2,-0.13864783942699432
2864601_0.371,18,0,bmag,0,-0.2135225534439087
2864601_0.371,18,0,bmag,1,-0.38320109248161316
2864601_0.371,18,0,bmag,2,-0.29227498173713684
2864601_0.371,18,1,gbdrift,0,-1.5789952278137207
2864601_0.371,18,1,gbdrift,1,-1.1265658140182495
2864601_0.371,18,1,gbdrift,2,-1.6944365501403809
2864601_0.371,18,2,cvdrift,0,-0.13633720576763153
2864601_0.371,18,2,cvdrift,1,0.09640087932348251
2864601_0.371,18,2,cvdrift,2,-0.4220938980579376
2864601_0.371,18,3,gbdrift0_over_shat,0,0.17741644382476807
2864601_0.371,18,3,gbdrift0_over_shat,1,0.3894389271736145
2864601_0.371,18,3,gbdrift0_over_shat,2,0.15399792790412903
2864601_0.371,18,4,gds2,0,0.018546348437666893
2864601_0.371,18,4,gds2,1,-0.4018697440624237
2864601_0.371,18,4,gds2,2,-0.3824891149997711
2864601_0.371,18,5,gds21_over_shat,0,0.27597904205322266
2864601_0.371,18,5,gds21_over_shat,1,0.182892307639122
2864601_0.371,18,5,gds21_over_shat,2,0.1716827005147934
2864601_0.371,18,6,gds22_over_shat_squared,0,0.05864884704351425
2864601_0.371,18,6,gds22_over_shat_squared,1,0.06171896681189537
2864601_0.371,18,6,gds22_over_shat_squared,2,0.04551557078957558
2864601_0.371,19,0,bmag,0,-0.440816193819046
2864601_0.371,19,0,bmag,1,-0.7330575585365295
2864601_0.371,19,0,bmag,2,-0.6571409702301025
2864601_0.371,19,1,gbdrift,0,0.06123404949903488
2864601_0.371,19,1,gbdrift,1,0.37965959310531616
2864601_0.371,19,1,gbdrift,2,0.5678930878639221
2864601_0.371,19,2,cvdrift,0,0.1371527761220932
2864601_0.371,19,2,cvdrift,1,0.06678000837564468
2864601_0.371,19,2,cvdrift,2,0.5702947378158569
2864601_0.371,19,3,gbdrift0_over_shat,0,1.3254314661026
2864601_0.371,19,3,gbdrift0_over_shat,1,0.9222421646118164
2864601_0.371,19,3,gbdrift0_over_shat,2,0.7462201118469238
2864601_0.371,19,4,gds2,0,-0.1576438993215561
2864601_0.371,19,4,gds2,1,0.07380552589893341
2864601_0.371,19,4,gds2,2,0.03226005658507347
2864601_0.371,19,5,gds21_over_shat,0,0.21458792686462402
2864601_0.371,19,5,gds21_over_shat,1,0.053760383278131485
2864601_0.371,19,5,gds21_over_shat,2,-0.0778091549873352
2864601_0.371,19,6,gds22_over_shat_squared,0,-0.03633102774620056
2864601_0.371,19,6,gds22_over_shat_squared,1,-0.17067435383796692
2864601_0.371,19,6,gds22_over_shat_squared,2,0.10772132873535156
2864601_0.371,20,0,bmag,0,-0.1881486028432846
2864601_0.371,20,0,bmag,1,-0.1723102331161499
2864601_0.371,20,0,bmag,2,0.12958186864852905
2864601_0.371,20,1,gbdrift,0,-1.1671608686447144
2864601_0.371,20,1,gbdrift,1,-0.8086076378822327
2864601_0.371,20,1,gbdrift,2,-0.622888445854187
2864601_0.371,20,2,cvdrift,0,-0.34921786189079285
2864601_0.371,20,2,cvdrift,1,0.27759331464767456
2864601_0.371,20,2,cvdrift,2,0.07316476106643677
2864601_0.371,20,3,gbdrift0_over_shat,0,1.8095134496688843
2864601_0.371,20,3,gbdrift0_over_shat,1,1.0791168212890625
2864601_0.371,20,3,gbdrift0_over_shat,2,1.7480909824371338
2864601_0.371,20,4,gds2,0,0.028794828802347183
2864601_0.371,20,4,gds2,1,0.07756078988313675
2864601_0.371,20,4,gds2,2,-0.061199549585580826
2864601_0.371,20,5,gds21_over_shat,0,-0.11769379675388336
2864601_0.371,20,5,gds21_over_shat,1,0.040383391082286835
2864601_0.371,20,5,gds21_over_shat,2,0.2045869529247284
2864601_0.371,20,6,gds22_over_shat_squared,0,-0.017805185168981552
2864601_0.371,20,6,gds22_over_shat_squared,1,-0.05747963488101959
2864601_0.371,20,6,gds22_over_shat_squared,2,0.18303881585597992
2864601_0.371,21,0,bmag,0,0.24694059789180756
2864601_0.371,21,0,bmag,1,-0.08855387568473816
2864601_0.371,21,0,bmag,2,0.07197254151105881
2864601_0.371,21,1,gbdrift,0,-0.48275527358055115
2864601_0.371,21,1,gbdrift,1,0.13822199404239655
2864601_0.371,21,1,gbdrift,2,0.7624707221984863
2864601_0.371,21,2,cvdrift,0,-0.6133103966712952
2864601_0.371,21,2,cvdrift,1,-0.13513679802417755
2864601_0.371,21,2,cvdrift,2,0.8684163093566895
2864601_0.371,21,3,gbdrift0_over_shat,0,-0.5921841263771057
2864601_0.371,21,3,gbdrift0_over_shat,1,0.9931888580322266
2864601_0.371,21,3,gbdrift0_over_shat,2,1.1808063983917236
2864601_0.371,21,4,gds2,0,0.0028646127320826054
2864601_0.371,21,4,gds2,1,-0.03656380623579025
2864601_0.371,21,4,gds2,2,-0.20831261575222015
2864601_0.371,21,5,gds21_over_shat,0,-0.19961649179458618
2864601_0.371,21,5,gds21_over_shat,1,0.18926359713077545
2864601_0.371,21,5,gds21_over_shat,2,0.1344337910413742
2864601_0.371,21,6,gds22_over_shat_squared,0,0.17192764580249786
2864601_0.371,21,6,gds22_over_shat_squared,1,-0.03511596843600273
2864601_0.371,21,6,gds22_over_shat_squared,2,-0.42584317922592163
2864601_0.371,22,0,bmag,0,-0.19094736874103546
2864601_0.371,22,0,bmag,1,-0.16368237137794495
2864601_0.371,22,0,bmag,2,0.44343453645706177
2864601_0.371,22,1,gbdrift,0,0.7139043211936951
2864601_0.371,22,1,gbdrift,1,0.6813900470733643
2864601_0.371,22,1,gbdrift,2,0.8582162857055664
2864601_0.371,22,2,cvdrift,0,0.1869327425956726
2864601_0.371,22,2,cvdrift,1,0.253463476896286
2864601_0.371,22,2,cvdrift,2,0.18126609921455383
2864601_0.371,22,3,gbdrift0_over_shat,0,-1.015601634979248
2864601_0.371,22,3,gbdrift0_over_shat,1,-0.8298943042755127
2864601_0.371,22,3,gbdrift0_over_shat,2,-0.6131927371025085
2864601_0.371,22,4,gds2,0,-0.10463357716798782
2864601_0.371,22,4,gds2,1,0.014855521731078625
2864601_0.371,22,4,gds2,2,-0.10650229454040527
2864601_0.371,22,5,gds21_over_shat,0,0.004601979162544012
2864601_0.371,22,5,gds21_over_shat,1,0.32859179377555847
2864601_0.371,22,5,gds21_over_shat,2,0.19440840184688568
2864601_0.371,22,6,gds22_over_shat_squared,0,-0.4775558412075043
2864601_0.371,22,6,gds22_over_shat_squared,1,0.029931271448731422
2864601_0.371,22,6,gds22_over_shat_squared,2,0.15636317431926727
2864601_0.371,23,0,bmag,0,0.0017983524594455957
2864601_0.371,23,0,bmag,1,-0.01462474837899208
2864601_0.371,23,0,bmag,2,-0.13425837457180023
2864601_0.371,23,1,gbdrift,0,-0.21796807646751404
2864601_0.371,23,1,gbdrift,1,0.24234171211719513
2864601_0.371,23,1,gbdrift,2,0.06348103284835815
2864601_0.371,23,2,cvdrift,0,-0.4103128910064697
2864601_0.371,23,2,cvdrift,1,0.3323245644569397
2864601_0.371,23,2,cvdrift,2,0.37314093112945557
2864601_0.371,23,3,gbdrift0_over_shat,0,0.5020188093185425
2864601_0.371,23,3,gbdrift0_over_shat,1,0.4910236895084381
2864601_0.371,23,3,gbdrift0_over_shat,2,0.6435086131095886
2864601_0.371,23,4,gds2,0,-0.060090191662311554
2864601_0.371,23,4,gds2,1,-0.0562140978872776
2864601_0.371,23,4,gds2,2,0.125362828373909
2864601_0.371,23,5,gds21_over_shat,0,0.19637341797351837
2864601_0.371,23,5,gds21_over_shat,1,-0.32389044761657715
2864601_0.371,23,5,gds21_over_shat,2,-0.38351747393608093
2864601_0.371,23,6,gds22_over_shat_squared,0,-0.43181562423706055
2864601_0.371,23,6,gds22_over_shat_squared,1,-0.233789324760437
2864601_0.371,23,6,gds22_over_shat_squared,2,-0.18291522562503815
2864601_0.371,24,0,bmag,0,-0.015775030478835106
2864601_0.371,24,0,bmag,1,-0.2059461921453476
2864601_0.371,24,0,bmag,2,-0.045713871717453
2864601_0.371,24,1,gbdrift,0,-0.8423721194267273
2864601_0.371,24,1,gbdrift,1,-0.9260194897651672
2864601_0.371,24,1,gbdrift,2,-0.5278546810150146
2864601_0.371,24,2,cvdrift,0,0.5347585678100586
2864601_0.371,24,2,cvdrift,1,0.472194641828537
2864601_0.371,24,2,cvdrift,2,0.586463212966919
2864601_0.371,24,3,gbdrift0_over_shat,0,0.17150259017944336
2864601_0.371,24,3,gbdrift0_over_shat,1,0.08312606811523438
2864601_0.371,24,3,gbdrift0_over_shat,2,0.4275292754173279
2864601_0.371,24,4,gds2,0,-0.350559800863266
2864601_0.371,24,4,gds2,1,-0.19931353628635406
2864601_0.371,24,4,gds2,2,-0.19492164254188538
2864601_0.371,24,5,gds21_over_shat,0,-0.3298477232456207
2864601_0.371,24,5,gds21_over_shat,1,-0.45936888456344604
2864601_0.371,24,5,gds21_over_shat,2,-0.5449879765510559
2864601_0.371,24,6,gds22_over_shat_squared,0,0.043981317430734634
2864601_0.371,24,6,gds22_over_shat_squared,1,-0.11076237261295319
2864601_0.371,24,6,gds22_over_shat_squared,2,0.07213392853736877
2864601_0.371,25,0,bmag,0,-0.26745185256004333
2864601_0.371,25,0,bmag,1,0.13642047345638275
2864601_0.371,25,0,bmag,2,-0.016455208882689476
2864601_0.371,25,1,gbdrift,0,0.16760846972465515
2864601_0.371,25,1,gbdrift,1,-0.014814450405538082
2864601_0.371,25,1,gbdrift,2,0.34501370787620544
2864601_0.371,25,2,cvdrift,0,0.12931248545646667
2864601_0.371,25,2,cvdrift,1,-0.06288543343544006
2864601_0.371,25,2,cvdrift,2,0.06253504008054733
2864601_0.371,25,3,gbdrift0_over_shat,0,-0.44718480110168457
2864601_0.371,25,3,gbdrift0_over_shat,1,-0.4742480218410492
2864601_0.371,25,3,gbdrift0_over_shat,2,-0.3500060439109802
2864601_0.371,25,4,gds2,0,-0.1680983006954193
2864601_0.371,25,4,gds2,1,-0.20429585874080658
2864601_0.371,25,4,gds2,2,0.11728343367576599
2864601_0.371,25,5,gds21_over_shat,0,0.17063507437705994
2864601_0.371,25,5,gds21_over_shat,1,0.08606293797492981
2864601_0.371,25,5,gds21_over_shat,2,0.10387101024389267
2864601_0.371,25,6,gds22_over_shat_squared,0,-0.04716593772172928
2864601_0.371,25,6,gds22_over_shat_squared,1,0.1705382615327835
2864601_0.371,25,6,gds22_over_shat_squared,2,0.05999359115958214
2864601_0.371,26,0,bmag,0,-0.36184269189834595
2864601_0.371,26,0,bmag,1,-0.09408992528915405
2864601_0.371,26,0,bmag,2,0.2120959311723709
2864601_0.371,26,1,gbdrift,0,-0.2749961018562317
2864601_0.371,26,1,gbdrift,1,0.13250862061977386
2864601_0.371,26,1,gbdrift,2,-0.09953547269105911
2864601_0.371,26,2,cvdrift,0,0.2867721617221832
2864601_0.371,26,2,cvdrift,1,0.20123913884162903
2864601_0.371,26,2,cvdrift,2,-0.39448416233062744
2864601_0.371,26,3,gbdrift0_over_shat,0,-0.6186736226081848
2864601_0.371,26,3,gbdrift0_over_shat,1,-0.15126293897628784
2864601_0.371,26,3,gbdrift0_over_shat,2,-0.8091728091239929
2864601_0.371,26,4,gds2,0,-0.218065083026886
2864601_0.371,26,4,gds2,1,0.03917888179421425
2864601_0.371,26,4,gds2,2,0.07638026773929596
2864601_0.371,26,5,gds21_over_shat,0,0.1465887576341629
2864601_0.371,26,5,gds21_over_shat,1,-0.04823708161711693
2864601_0.371,26,5,gds21_over_shat,2,-0.2053443193435669
2864601_0.371,26,6,gds22_over_shat_squared,0,-0.2532202899456024
2864601_0.371,26,6,gds22_over_shat_squared,1,-0.04631601646542549
2864601_0.371,26,6,gds22_over_shat_squared,2,0.19369636476039886
2864601_0.371,27,0,bmag,0,0.08967608958482742
2864601_0.371,27,0,bmag,1,0.170867919921875
2864601_0.371,27,0,bmag,2,0.0895400121808052
2864601_0.371,27,1,gbdrift,0,-0.7487282156944275
2864601_0.371,27,1,gbdrift,1,-0.7858874797821045
2864601_0.371,27,1,gbdrift,2,-1.3024399280548096
2864601_0.371,27,2,cvdrift,0,0.036860402673482895
2864601_0.371,27,2,cvdrift,1,0.03819989785552025
2864601_0.371,27,2,cvdrift,2,-0.34037142992019653
2864601_0.371,27,3,gbdrift0_over_shat,0,0.20002691447734833
2864601_0.371,27,3,gbdrift0_over_shat,1,0.10939895361661911
2864601_0.371,27,3,gbdrift0_over_shat,2,0.22575917840003967
2864601_0.371,27,4,gds2,0,0.155230313539505
2864601_0.371,27,4,gds2,1,0.015247256495058537
2864601_0.371,27,4,gds2,2,-0.34105464816093445
2864601_0.371,27,5,gds21_over_shat,0,-0.05323634669184685
2864601_0.371,27,5,gds21_over_shat,1,0.032460663467645645
2864601_0.371,27,5,gds21_over_shat,2,0.22325466573238373
2864601_0.371,27,6,gds22_over_shat_squared,0,0.12871062755584717
2864601_0.371,27,6,gds22_over_shat_squared,1,-0.01500007975846529
2864601_0.371,27,6,gds22_over_shat_squared,2,-0.12056021392345428
2864601_0.371,28,0,bmag,0,-0.00794494803994894
2864601_0.371,28,0,bmag,1,0.3159472644329071
2864601_0.371,28,0,bmag,2,0.006307395175099373
2864601_0.371,28,1,gbdrift,0,-0.8237709999084473
2864601_0.371,28,1,gbdrift,1,-0.012969138100743294
2864601_0.371,28,1,gbdrift,2,-0.859969973564148
2864601_0.371,28,2,cvdrift,0,-0.6412689089775085
2864601_0.371,28,2,cvdrift,1,-0.16089366376399994
2864601_0.371,28,2,cvdrift,2,-0.6497706174850464
2864601_0.371,28,3,gbdrift0_over_shat,0,-0.7404710650444031
2864601_0.371,28,3,gbdrift0_over_shat,1,-0.14542703330516815
2864601_0.371,28,3,gbdrift0_over_shat,2,-0.38654932379722595
2864601_0.371,28,4,gds2,0,-0.20775866508483887
2864601_0.371,28,4,gds2,1,0.015480679459869862
2864601_0.371,28,4,gds2,2,0.00010342113819206133
2864601_0.371,28,5,gds21_over_shat,0,0.08363013714551926
2864601_0.371,28,5,gds21_over_shat,1,-0.35089683532714844
2864601_0.371,28,5,gds21_over_shat,2,-0.004965652246028185
2864601_0.371,28,6,gds22_over_shat_squared,0,0.047580134123563766
2864601_0.371,28,6,gds22_over_shat_squared,1,0.014934183098375797
2864601_0.371,28,6,gds22_over_shat_squared,2,0.049920231103897095
2864601_0.371,29,0,bmag,0,0.21864402294158936
2864601_0.371,29,0,bmag,1,0.5193158388137817
2864601_0.371,29,0,bmag,2,0.1856478899717331
2864601_0.371,29,1,gbdrift,0,-0.2745931148529053
2864601_0.371,29,1,gbdrift,1,-0.19077467918395996
2864601_0.371,29,1,gbdrift,2,-0.23526796698570251
2864601_0.371,29,2,cvdrift,0,0.25680074095726013
2864601_0.371,29,2,cvdrift,1,0.21778792142868042
2864601_0.371,29,2,cvdrift,2,0.3900914788246155
2864601_0.371,29,3,gbdrift0_over_shat,0,0.24414251744747162
2864601_0.371,29,3,gbdrift0_over_shat,1,0.11057327687740326
2864601_0.371,29,3,gbdrift0_over_shat,2,-0.10389024019241333
2864601_0.371,29,4,gds2,0,-0.43305161595344543
2864601_0.371,29,4,gds2,1,-0.10629255324602127
2864601_0.371,29,4,gds2,2,0.15670263767242432
2864601_0.371,29,5,gds21_over_shat,0,0.09393100440502167
2864601_0.371,29,5,gds21_over_shat,1,-0.21250812709331512
2864601_0.371,29,5,gds21_over_shat,2,0.41723376512527466
2864601_0.371,29,6,gds22_over_shat_squared,0,0.32642850279808044
2864601_0.371,29,6,gds22_over_shat_squared,1,-0.07936256378889084
2864601_0.371,29,6,gds22_over_shat_squared,2,-0.6176575422286987
2864601_0.371,30,0,bmag,0,0.1148872897028923
2864601_0.371,30,0,bmag,1,-0.18707275390625
2864601_0.371,30,0,bmag,2,-0.19565893709659576
2864601_0.371,30,1,gbdrift,0,-0.03003564476966858
2864601_0.371,30,1,gbdrift,1,0.07040522247552872
2864601_0.371,30,1,gbdrift,2,0.13488662242889404
2864601_0.371,30,2,cvdrift,0,-0.47835773229599
2864601_0.371,30,2,cvdrift,1,-0.12185490876436234
2864601_0.371,30,2,cvdrift,2,-0.25101789832115173
2864601_0.371,30,3,gbdrift0_over_shat,0,-1.4394654035568237
2864601_0.371,30,3,gbdrift0_over_shat,1,-0.9967470765113831
2864601_0.371,30,3,gbdrift0_over_shat,2,-1.376387596130371
2864601_0.371,30,4,gds2,0,0.07997804880142212
2864601_0.371,30,4,gds2,1,-0.06512917578220367
2864601_0.371,30,4,gds2,2,-0.034422364085912704
2864601_0.371,30,5,gds21_over_shat,0,0.2573205232620239
2864601_0.371,30,5,gds21_over_shat,1,-0.07405459880828857
2864601_0.371,30,5,gds21_over_shat,2,0.22839650511741638
2864601_0.371,30,6,gds22_over_shat_squared,0,-0.1081608459353447
2864601_0.371,30,6,gds22_over_shat_squared,1,-0.2870467007160187
2864601_0.371,30,6,gds22_over_shat_squared,2,-0.13892275094985962
2864601_0.371,31,0,bmag,0,0.1564500331878662
2864601_0.371,31,0,bmag,1,0.05337929353117943
2864601_0.371,31,0,bmag,2,-0.22518961131572723
2864601_0.371,31,1,gbdrift,0,0.21074379980564117
2864601_0.371,31,1,gbdrift,1,0.3267921805381775
2864601_0.371,31,1,gbdrift,2,0.08203587681055069
2864601_0.371,31,2,cvdrift,0,-0.20909151434898376
2864601_0.371,31,2,cvdrift,1,-0.11644919961690903
2864601_0.371,31,2,cvdrift,2,-0.3507525324821472
2864601_0.371,31,3,gbdrift0_over_shat,0,-0.9088770747184753
2864601_0.371,31,3,gbdrift0_over_shat,1,-0.9222673177719116
2864601_0.371,31,3,gbdrift0_over_shat,2,-1.120424747467041
2864601_0.371,31,4,gds2,0,0.10749892145395279
2864601_0.371,31,4,gds2,1,-0.24256107211112976
2864601_0.371,31,4,gds2,2,-0.011499186046421528
2864601_0.371,31,5,gds21_over_shat,0,-0.11558406054973602
2864601_0.371,31,5,gds21_over_shat,1,-0.1615256369113922
2864601_0.371,31,5,gds21_over_shat,2,0.04589586332440376
2864601_0.371,31,6,gds22_over_shat_squared,0,0.04817528277635574
2864601_0.371,31,6,gds22_over_shat_squared,1,-0.018062906339764595
2864601_0.371,31,6,gds22_over_shat_squared,2,-0.07344227284193039
