member_id,unit_id,exemplar_rank,row_id,equilibrium_file,activation_center_position,activation,cluster,alignment_operation,receptive_field_offsets,validity_tag
2864601_0.437,2864601_0.437:u000,1,67179,20241115-01-random_heliotrons/20241115-01-023_heliotrons_finiteBeta_randomAspect_randomNfpUpTo8_withTorsion_flux_tubes/heliotron_randomAspect_finiteBeta_maxm1_maxn1_LMN8_000827.h5,36,5.630600452423096,0,joint_circular_roll_to_activation_center,-70:109,observed-comparison
2864601_0.437,2864601_0.437:u000,2,64714,20241115-01-random_heliotrons/20241115-01-023_heliotrons_finiteBeta_randomAspect_randomNfpUpTo8_withTorsion_flux_tubes/heliotron_randomAspect_finiteBeta_maxm1_maxn1_LMN8_000211.h5,18,5.625473976135254,0,joint_circular_roll_to_activation_center,-70:109,observed-comparison
2864601_0.437,2864601_0.437:u000,3,100411,20241122-01-QUASR/20241122-01-031_QUASR_finite_beta_equilibria_with_maxF_below_threshold_and_enough_iota_flux_tubes/QUASR_finiteBeta_003890.h5,6,5.296078205108643,0,joint_circular_roll_to_activation_center,-70:109,observed-comparison
2864601_0.437,2864601_0.437:u000,4,81193,20241122-01-QUASR/20241122-01-030_QUASR_vacuum_equilibria_with_maxF_below_threshold_and_enough_iota_flux_tubes/QUASR_vacuum_000227.h5,0,5.191321849822998,0,joint_circular_roll_to_activation_center,-70:109,observed-comparison
2864601_0.437,2864601_0.437:u000,5,81328,20241122-01-QUASR/20241122-01-030_QUASR_vacuum_equilibria_with_maxF_below_threshold_and_enough_iota_flux_tubes/QUASR_vacuum_000233.h5,69,5.119292259216309,0,joint_circular_roll_to_activation_center,-70:109,observed-comparison
2864601_0.437,2864601_0.437:u000,6,84754,20241122-01-QUASR/20241122-01-030_QUASR_vacuum_equilibria_with_maxF_below_threshold_and_enough_iota_flux_tubes/QUASR_vacuum_000405.h5,10,5.108613014221191,0,joint_circular_roll_to_activation_center,-70:109,observed-comparison
2864601_0.437,2864601_0.437:u000,7,67637,20241115-01-random_heliotrons/20241115-01-023_heliotrons_finiteBeta_randomAspect_randomNfpUpTo8_withTorsion_flux_tubes/heliotron_randomAspect_finiteBeta_maxm1_maxn1_LMN8_000942.h5,13,5.024445056915283,0,joint_circular_roll_to_activation_center,-70:109,observed-comparison
2864601_0.437,2864601_0.437:u000,8,69892,20241115-01-random_heliotrons/20241115-01-023_heliotrons_finiteBeta_randomAspect_randomNfpUpTo8_withTorsion_flux_tubes/heliotron_randomAspect_finiteBeta_maxm1_maxn1_LMN8_001506.h5,6,5.010987758636475,0,joint_circular_roll_to_activation_center,-70:109,observed-comparison
2864601_0.437,2864601_0.437:u000,9,68283,20241115-01-random_heliotrons/20241115-01-023_heliotrons_finiteBeta_randomAspect_randomNfpUpTo8_withTorsion_flux_tubes/heliotron_randomAspect_finiteBeta_maxm1_maxn1_LMN8_001103.h5,22,4.801514148712158,1,joint_circular_roll_to_activation_center,-70:109,observed-comparison
2864601_0.437,2864601_0.437:u000,10,84448,20241122-01-QUASR/20241122-01-030_QUASR_vacuum_equilibria_with_maxF_below_threshold_and_enough_iota_flux_tubes/QUASR_vacuum_000390.h5,20,4.643762588500977,0,joint_circular_roll_to_activation_center,-70:109,observed-comparison
2864601_0.437,2864601_0.437:u000,11,95106,20241122-01-QUASR/20241122-01-031_QUASR_finite_beta_equilibria_with_maxF_below_threshold_and_enough_iota_flux_tubes/QUASR_finiteBeta_002564.h5,68,4.537826061248779,0,joint_circular_roll_to_activation_center,-70:109,observed-comparison
2864601_0.437,2864601_0.437:u000,12,97799,20241122-01-QUASR/20241122-01-031_QUASR_finite_beta_equilibria_with_maxF_below_threshold_and_enough_iota_flux_tubes/QUASR_finiteBeta_003237.h5,27,4.454023361206055,0,joint_circular_roll_to_activation_center,-70:109,observed-comparison
2864601_0.437,2864601_0.437:u000,13,97812,20241122-01-QUASR/20241122-01-031_QUASR_finite_beta_equilibria_with_maxF_below_threshold_and_enough_iota_flux_tubes/QUASR_finiteBeta_003240.h5,68,4.437502384185791,0,joint_circular_roll_to_activation_center,-70:109,observed-comparison
2864601_0.437,2864601_0.437:u000,14,14550,20241103-01-random_equilibria_and_flux_tubes_random_aspect_ratio/20241103-01-063_generate_flux_tubes_nfp3/nfp3_randomAspect_finiteBeta_maxm4_maxn4_LMN8_000458.h5,0,4.407200336456299,0,joint_circular_roll_to_activation_center,-70:109,observed-comparison
2864601_0.437,2864601_0.437:u000,15,95267,20241122-01-QUASR/20241122-01-031_QUASR_finite_beta_equilibria_with_maxF_below_threshold_and_enough_iota_flux_tubes/QUASR_finiteBeta_002604.h5,7,4.181230545043945,0,joint_circular_roll_to_activation_center,-70:109,observed-comparison
2864601_0.437,2864601_0.437:u000,16,97850,20241122-01-QUASR/20241122-01-031_QUASR_finite_beta_equilibria_with_maxF_below_threshold_and_enough_iota_flux_tubes/QUASR_finiteBeta_003250.h5,24,4.1711015701293945,0,joint_circular_roll_to_activation_center,-70:109,observed-comparison
2864601_0.437,2864601_0.437:u001,1,14550,20241103-01-random_equilibria_and_flux_tubes_random_aspect_ratio/20241103-01-063_generate_flux_tubes_nfp3/nfp3_randomAspect_finiteBeta_maxm4_maxn4_LMN8_000458.h5,24,12.729996681213379,0,joint_circular_roll_to_activation_center,-70:109,observed-comparison
2864601_0.437,2864601_0.437:u001,2,77636,20241122-01-QUASR/20241122-01-030_QUASR_vacuum_equilibria_with_maxF_below_threshold_and_enough_iota_flux_tubes/QUASR_vacuum_000049.h5,51,11.170982360839844,0,joint_circular_roll_to_activation_center,-70:109,observed-comparison
2864601_0.437,2864601_0.437:u001,3,78056,20241122-01-QUASR/20241122-01-030_QUASR_vacuum_equilibria_with_maxF_below_threshold_and_enough_iota_flux_tubes/QUASR_vacuum_000070.h5,42,9.032210350036621,0,joint_circular_roll_to_activation_center,-70:109,observed-comparison
2864601_0.437,2864601_0.437:u001,4,87885,20241122-01-QUASR/20241122-01-031_QUASR_finite_beta_equilibria_with_maxF_below_threshold_and_enough_iota_flux_tubes/QUASR_finiteBeta_000752.h5,15,9.011486053466797,0,joint_circular_roll_to_activation_center,-70:109,observed-comparison
2864601_0.437,2864601_0.437:u001,5,8376,20241103-01-random_equilibria_and_flux_tubes_random_aspect_ratio/20241103-01-062_generate_flux_tubes_nfp2/nfp2_randomAspect_finiteBeta_maxm4_maxn4_LMN8_002106.h5,17,8.81112289428711,0,joint_circular_roll_to_activation_center,-70:109,observed-comparison
2864601_0.437,2864601_0.437:u001,6,2545,20241103-01-random_equilibria_and_flux_tubes_random_aspect_ratio/20241103-01-062_generate_flux_tubes_nfp2/nfp2_randomAspect_finiteBeta_maxm4_maxn4_LMN8_000641.h5,21,8.459746360778809,0,joint_circular_roll_to_activation_center,-70:109,observed-comparison
2864601_0.437,2864601_0.437:u001,7,21287,20241103-01-random_equilibria_and_flux_tubes_random_aspect_ratio/20241103-01-063_generate_flux_tubes_nfp3/nfp3_randomAspect_finiteBeta_maxm4_maxn4_LMN8_002148.h5,22,8.363640785217285,0,joint_circular_roll_to_activation_center,-70:109,observed-comparison
2864601_0.437,2864601_0.437:u001,8,86724,20241122-01-QUASR/20241122-01-031_QUASR_finite_beta_equilibria_with_maxF_below_threshold_and_enough_iota_flux_tubes/QUASR_finiteBeta_000458.h5,26,7.438623905181885,0,joint_circular_roll_to_activation_center,-70:109,observed-comparison
2864601_0.437,2864601_0.437:u001,9,86844,20241122-01-QUASR/20241122-01-031_QUASR_finite_beta_equilibria_with_maxF_below_threshold_and_enough_iota_flux_tubes/QUASR_finiteBeta_000488.h5,20,7.4331278800964355,0,joint_circular_roll_to_activation_center,-70:109,observed-comparison
2864601_0.437,2864601_0.437:u001,10,79336,20241122-01-QUASR/20241122-01-030_QUASR_vacuum_equilibria_with_maxF_below_threshold_and_enough_iota_flux_tubes/QUASR_vacuum_000134.h5,8,7.136610984802246,0,joint_circular_roll_to_activation_center,-70:109,observed-comparison
2864601_0.437,2864601_0.437:u001,11,13625,20241103-01-random_equilibria_and_flux_tubes_random_aspect_ratio/20241103-01-063_generate_flux_tubes_nfp3/nfp3_randomAspect_finiteBeta_maxm4_maxn4_LMN8_000226.h5,20,7.062864780426025,0,joint_circular_roll_to_activation_center,-70:109,observed-comparison
2864601_0.437,2864601_0.437:u001,12,86286,20241122-01-QUASR/20241122-01-031_QUASR_finite_beta_equilibria_with_maxF_below_threshold_and_enough_iota_flux_tubes/QUASR_finiteBeta_000348.h5,10,6.921664714813232,0,joint_circular_roll_to_activation_center,-70:109,observed-comparison
2864601_0.437,2864601_0.437:u001,13,23144,20241103-01-random_equilibria_and_flux_tubes_random_aspect_ratio/20241103-01-063_generate_flux_tubes_nfp3/nfp3_randomAspect_finiteBeta_maxm4_maxn4_LMN8_002612.h5,69,6.847466945648193,0,joint_circular_roll_to_activation_center,-70:109,observed-comparison
2864601_0.437,2864601_0.437:u001,14,85525,20241122-01-QUASR/20241122-01-031_QUASR_finite_beta_equilibria_with_maxF_below_threshold_and_enough_iota_flux_tubes/QUASR_finiteBeta_000157.h5,7,6.724938869476318,1,joint_circular_roll_to_activation_center,-70:109,observed-comparison
2864601_0.437,2864601_0.437:u001,15,85553,20241122-01-QUASR/20241122-01-031_QUASR_finite_beta_equilibria_with_maxF_below_threshold_and_enough_iota_flux_tubes/QUASR_finiteBeta_000164.h5,69,6.645362854003906,0,joint_circular_roll_to_activation_center,-70:109,observed-comparison
2864601_0.437,2864601_0.437:u001,16,87710,20241122-01-QUASR/20241122-01-031_QUASR_finite_beta_equilibria_with_maxF_below_threshold_and_enough_iota_flux_tubes/QUASR_finiteBeta_000707.h5,19,6.586155414581299,0,joint_circular_roll_to_activation_center,-70:109,observed-comparison
2864601_0.437,2864601_0.437:u002,1,68283,20241115-01-random_heliotrons/20241115-01-023_heliotrons_finiteBeta_randomAspect_randomNfpUpTo8_withTorsion_flux_tubes/heliotron_randomAspect_finiteBeta_maxm1_maxn1_LMN8_001103.h5,79,9.481535911560059,1,joint_circular_roll_to_activation_center,-70:109,observed-comparison
2864601_0.437,2864601_0.437:u002,2,67274,20241115-01-random_heliotrons/20241115-01-023_heliotrons_finiteBeta_randomAspect_randomNfpUpTo8_withTorsion_flux_tubes/heliotron_randomAspect_finiteBeta_maxm1_maxn1_LMN8_000851.h5,0,7.6975297927856445,0,joint_circular_roll_to_activation_center,-70:109,observed-comparison
2864601_0.437,2864601_0.437:u002,3,68139,20241115-01-random_heliotrons/20241115-01-023_heliotrons_finiteBeta_randomAspect_randomNfpUpTo8_withTorsion_flux_tubes/heliotron_randomAspect_finiteBeta_maxm1_maxn1_LMN8_001067.h5,64,7.413115978240967,0,joint_circular_roll_to_activation_center,-70:109,observed-comparison
2864601_0.437,2864601_0.437:u002,4,67075,20241115-01-random_heliotrons/20241115-01-023_heliotrons_finiteBeta_randomAspect_randomNfpUpTo8_withTorsion_flux_tubes/heliotron_randomAspect_finiteBeta_maxm1_maxn1_LMN8_000801.h5,18,6.83289098739624,0,joint_circular_roll_to_activation_center,-70:109,observed-comparison
2864601_0.437,2864601_0.437:u002,5,55225,20241115-01-random_heliotrons/20241115-01-022_heliotrons_finiteBeta_randomAspect_randomNfpUpTo8_noTorsion_flux_tubes/heliotron_randomAspect_finiteBeta_maxm1_maxn1_LMN8_001037.h5,42,6.7384490966796875,0,joint_circular_roll_to_activation_center,-70:109,observed-comparison
2864601_0.437,2864601_0.437:u002,6,56786,20241115-01-random_heliotrons/20241115-01-022_heliotrons_finiteBeta_randomAspect_randomNfpUpTo8_noTorsion_flux_tubes/heliotron_randomAspect_finiteBeta_maxm1_maxn1_LMN8_001428.h5,5,6.574473857879639,1,joint_circular_roll_to_activation_center,-70:109,observed-comparison
2864601_0.437,2864601_0.437:u002,7,14550,20241103-01-random_equilibria_and_flux_tubes_random_aspect_ratio/20241103-01-063_generate_flux_tubes_nfp3/nfp3_randomAspect_finiteBeta_maxm4_maxn4_LMN8_000458.h5,24,5.550422191619873,0,joint_circular_roll_to_activation_center,-70:109,observed-comparison
2864601_0.437,2864601_0.437:u002,8,51461,20241115-01-random_heliotrons/20241115-01-022_heliotrons_finiteBeta_randomAspect_randomNfpUpTo8_noTorsion_flux_tubes/heliotron_randomAspect_finiteBeta_maxm1_maxn1_LMN8_000096.h5,43,5.0457963943481445,0,joint_circular_roll_to_activation_center,-70:109,observed-comparison
2864601_0.437,2864601_0.437:u002,9,62098,20241115-01-random_heliotrons/20241115-01-022_heliotrons_finiteBeta_randomAspect_randomNfpUpTo8_noTorsion_flux_tubes/heliotron_randomAspect_finiteBeta_maxm1_maxn1_LMN8_002756.h5,73,4.920250415802002,0,joint_circular_roll_to_activation_center,-70:109,observed-comparison
2864601_0.437,2864601_0.437:u002,10,51253,20241115-01-random_heliotrons/20241115-01-022_heliotrons_finiteBeta_randomAspect_randomNfpUpTo8_noTorsion_flux_tubes/heliotron_randomAspect_finiteBeta_maxm1_maxn1_LMN8_000044.h5,45,4.810983657836914,0,joint_circular_roll_to_activation_center,-70:109,observed-comparison
2864601_0.437,2864601_0.437:u002,11,66113,20241115-01-random_heliotrons/20241115-01-023_heliotrons_finiteBeta_randomAspect_randomNfpUpTo8_withTorsion_flux_tubes/heliotron_randomAspect_finiteBeta_maxm1_maxn1_LMN8_000560.h5,51,4.566484451293945,0,joint_circular_roll_to_activation_center,-70:109,observed-comparison
2864601_0.437,2864601_0.437:u002,12,59571,20241115-01-random_heliotrons/20241115-01-022_heliotrons_finiteBeta_randomAspect_randomNfpUpTo8_noTorsion_flux_tubes/heliotron_randomAspect_finiteBeta_maxm1_maxn1_LMN8_002124.h5,54,4.311529159545898,0,joint_circular_roll_to_activation_center,-70:109,observed-comparison
2864601_0.437,2864601_0.437:u002,13,84848,20241122-01-QUASR/20241122-01-030_QUASR_vacuum_equilibria_with_maxF_below_threshold_and_enough_iota_flux_tubes/QUASR_vacuum_000410.h5,54,4.274936199188232,0,joint_circular_roll_to_activation_center,-70:109,observed-comparison
2864601_0.437,2864601_0.437:u002,14,2023,20241103-01-random_equilibria_and_flux_tubes_random_aspect_ratio/20241103-01-062_generate_flux_tubes_nfp2/nfp2_randomAspect_finiteBeta_maxm4_maxn4_LMN8_000509.h5,11,3.8035058975219727,0,joint_circular_roll_to_activation_center,-70:109,observed-comparison
2864601_0.437,2864601_0.437:u002,15,54031,20241115-01-random_heliotrons/20241115-01-022_heliotrons_finiteBeta_randomAspect_randomNfpUpTo8_noTorsion_flux_tubes/heliotron_randomAspect_finiteBeta_maxm1_maxn1_LMN8_000739.h5,45,3.7124016284942627,0,joint_circular_roll_to_activation_center,-70:109,observed-comparison
2864601_0.437,2864601_0.437:u002,16,82011,20241122-01-QUASR/20241122-01-030_QUASR_vacuum_equilibria_with_maxF_below_threshold_and_enough_iota_flux_tubes/QUASR_vacuum_000268.h5,22,3.703364610671997,0,joint_circular_roll_to_activation_center,-70:109,observed-comparison
2864601_0.437,2864601_0.437:u003,1,52349,20241115-01-random_heliotrons/20241115-01-022_heliotrons_finiteBeta_randomAspect_randomNfpUpTo8_noTorsion_flux_tubes/heliotron_randomAspect_finiteBeta_maxm1_maxn1_LMN8_000318.h5,2,3.0557258129119873,1,joint_circular_roll_to_activation_center,-70:109,observed-comparison
2864601_0.437,2864601_0.437:u003,2,53785,20241115-01-random_heliotrons/20241115-01-022_heliotrons_finiteBeta_randomAspect_randomNfpUpTo8_noTorsion_flux_tubes/heliotron_randomAspect_finiteBeta_maxm1_maxn1_LMN8_000677.h5,2,2.9735469818115234,1,joint_circular_roll_to_activation_center,-70:109,observed-comparison
2864601_0.437,2864601_0.437:u003,3,86819,20241122-01-QUASR/20241122-01-031_QUASR_finite_beta_equilibria_with_maxF_below_threshold_and_enough_iota_flux_tubes/QUASR_finiteBeta_000482.h5,67,2.967578649520874,1,joint_circular_roll_to_activation_center,-70:109,observed-comparison
2864601_0.437,2864601_0.437:u003,4,58144,20241115-01-random_heliotrons/20241115-01-022_heliotrons_finiteBeta_randomAspect_randomNfpUpTo8_noTorsion_flux_tubes/heliotron_randomAspect_finiteBeta_maxm1_maxn1_LMN8_001767.h5,3,2.941962718963623,1,joint_circular_roll_to_activation_center,-70:109,observed-comparison
2864601_0.437,2864601_0.437:u003,5,23080,20241103-01-random_equilibria_and_flux_tubes_random_aspect_ratio/20241103-01-063_generate_flux_tubes_nfp3/nfp3_randomAspect_finiteBeta_maxm4_maxn4_LMN8_002596.h5,9,2.9209542274475098,1,joint_circular_roll_to_activation_center,-70:109,observed-comparison
2864601_0.437,2864601_0.437:u003,6,76264,20241115-01-random_heliotrons/20241115-01-023_heliotrons_finiteBeta_randomAspect_randomNfpUpTo8_withTorsion_flux_tubes/heliotron_randomAspect_finiteBeta_maxm1_maxn1_LMN8_003100.h5,66,2.877763509750366,1,joint_circular_roll_to_activation_center,-70:109,observed-comparison
2864601_0.437,2864601_0.437:u003,7,2004,20241103-01-random_equilibria_and_flux_tubes_random_aspect_ratio/20241103-01-062_generate_flux_tubes_nfp2/nfp2_randomAspect_finiteBeta_maxm4_maxn4_LMN8_000504.h5,35,2.8300466537475586,1,joint_circular_roll_to_activation_center,-70:109,observed-comparison
2864601_0.437,2864601_0.437:u003,8,62521,20241115-01-random_heliotrons/20241115-01-022_heliotrons_finiteBeta_randomAspect_randomNfpUpTo8_noTorsion_flux_tubes/heliotron_randomAspect_finiteBeta_maxm1_maxn1_LMN8_002862.h5,5,2.8255515098571777,1,joint_circular_roll_to_activation_center,-70:109,observed-comparison
2864601_0.437,2864601_0.437:u003,9,52065,20241115-01-random_heliotrons/20241115-01-022_heliotrons_finiteBeta_randomAspect_randomNfpUpTo8_noTorsion_flux_tubes/heliotron_randomAspect_finiteBeta_maxm1_maxn1_LMN8_000247.h5,9,2.8246524333953857,1,joint_circular_roll_to_activation_center,-70:109,observed-comparison
2864601_0.437,2864601_0.437:u003,10,63228,20241115-01-random_heliotrons/20241115-01-022_heliotrons_finiteBeta_randomAspect_randomNfpUpTo8_noTorsion_flux_tubes/heliotron_randomAspect_finiteBeta_maxm1_maxn1_LMN8_003039.h5,38,2.7924892902374268,1,joint_circular_roll_to_activation_center,-70:109,observed-comparison
2864601_0.437,2864601_0.437:u003,11,55161,20241115-01-random_heliotrons/20241115-01-022_heliotrons_finiteBeta_randomAspect_randomNfpUpTo8_noTorsion_flux_tubes/heliotron_randomAspect_finiteBeta_maxm1_maxn1_LMN8_001021.h5,5,2.7445321083068848,1,joint_circular_roll_to_activation_center,-70:109,observed-comparison
2864601_0.437,2864601_0.437:u003,12,62677,20241115-01-random_heliotrons/20241115-01-022_heliotrons_finiteBeta_randomAspect_randomNfpUpTo8_noTorsion_flux_tubes/heliotron_randomAspect_finiteBeta_maxm1_maxn1_LMN8_002901.h5,6,2.6804916858673096,1,joint_circular_roll_to_activation_center,-70:109,observed-comparison
2864601_0.437,2864601_0.437:u003,13,138,20241103-01-random_equilibria_and_flux_tubes_random_aspect_ratio/20241103-01-062_generate_flux_tubes_nfp2/nfp2_randomAspect_finiteBeta_maxm4_maxn4_LMN8_000034.h5,4,2.6729841232299805,1,joint_circular_roll_to_activation_center,-70:109,observed-comparison
2864601_0.437,2864601_0.437:u003,14,63005,20241115-01-random_heliotrons/20241115-01-022_heliotrons_finiteBeta_randomAspect_randomNfpUpTo8_noTorsion_flux_tubes/heliotron_randomAspect_finiteBeta_maxm1_maxn1_LMN8_002983.h5,2,2.591848611831665,1,joint_circular_roll_to_activation_center,-70:109,observed-comparison
2864601_0.437,2864601_0.437:u003,15,58799,20241115-01-random_heliotrons/20241115-01-022_heliotrons_finiteBeta_randomAspect_randomNfpUpTo8_noTorsion_flux_tubes/heliotron_randomAspect_finiteBeta_maxm1_maxn1_LMN8_001931.h5,29,2.555251359939575,0,joint_circular_roll_to_activation_center,-70:109,observed-comparison
2864601_0.437,2864601_0.437:u003,16,11016,20241103-01-random_equilibria_and_flux_tubes_random_aspect_ratio/20241103-01-062_generate_flux_tubes_nfp2/nfp2_randomAspect_finiteBeta_maxm4_maxn4_LMN8_002771.h5,13,2.548992395401001,1,joint_circular_roll_to_activation_center,-70:109,observed-comparison
2864601_0.437,2864601_0.437:u005,1,14550,20241103-01-random_equilibria_and_flux_tubes_random_aspect_ratio/20241103-01-063_generate_flux_tubes_nfp3/nfp3_randomAspect_finiteBeta_maxm4_maxn4_LMN8_000458.h5,56,10.397564888000488,0,joint_circular_roll_to_activation_center,-70:109,observed-comparison
2864601_0.437,2864601_0.437:u005,2,2545,20241103-01-random_equilibria_and_flux_tubes_random_aspect_ratio/20241103-01-062_generate_flux_tubes_nfp2/nfp2_randomAspect_finiteBeta_maxm4_maxn4_LMN8_000641.h5,53,5.297797203063965,0,joint_circular_roll_to_activation_center,-70:109,observed-comparison
2864601_0.437,2864601_0.437:u005,3,21287,20241103-01-random_equilibria_and_flux_tubes_random_aspect_ratio/20241103-01-063_generate_flux_tubes_nfp3/nfp3_randomAspect_finiteBeta_maxm4_maxn4_LMN8_002148.h5,54,4.958851337432861,0,joint_circular_roll_to_activation_center,-70:109,observed-comparison
2864601_0.437,2864601_0.437:u005,4,86844,20241122-01-QUASR/20241122-01-031_QUASR_finite_beta_equilibria_with_maxF_below_threshold_and_enough_iota_flux_tubes/QUASR_finiteBeta_000488.h5,52,4.956559658050537,0,joint_circular_roll_to_activation_center,-70:109,observed-comparison
2864601_0.437,2864601_0.437:u005,5,13625,20241103-01-random_equilibria_and_flux_tubes_random_aspect_ratio/20241103-01-063_generate_flux_tubes_nfp3/nfp3_randomAspect_finiteBeta_maxm4_maxn4_LMN8_000226.h5,52,4.9052019119262695,0,joint_circular_roll_to_activation_center,-70:109,observed-comparison
2864601_0.437,2864601_0.437:u005,6,23144,20241103-01-random_equilibria_and_flux_tubes_random_aspect_ratio/20241103-01-063_generate_flux_tubes_nfp3/nfp3_randomAspect_finiteBeta_maxm4_maxn4_LMN8_002612.h5,5,4.7140679359436035,0,joint_circular_roll_to_activation_center,-70:109,observed-comparison
2864601_0.437,2864601_0.437:u005,7,85525,20241122-01-QUASR/20241122-01-031_QUASR_finite_beta_equilibria_with_maxF_below_threshold_and_enough_iota_flux_tubes/QUASR_finiteBeta_000157.h5,78,4.645477771759033,0,joint_circular_roll_to_activation_center,-70:109,observed-comparison
2864601_0.437,2864601_0.437:u005,8,49036,20241103-01-random_equilibria_and_flux_tubes_random_aspect_ratio/20241103-01-065_generate_flux_tubes_nfp5/nfp5_randomAspect_finiteBeta_maxm4_maxn4_LMN8_002690.h5,52,4.533846855163574,0,joint_circular_roll_to_activation_center,-70:109,observed-comparison
2864601_0.437,2864601_0.437:u005,9,87461,20241122-01-QUASR/20241122-01-031_QUASR_finite_beta_equilibria_with_maxF_below_threshold_and_enough_iota_flux_tubes/QUASR_finiteBeta_000644.h5,68,4.395102024078369,0,joint_circular_roll_to_activation_center,-70:109,observed-comparison
2864601_0.437,2864601_0.437:u005,10,87885,20241122-01-QUASR/20241122-01-031_QUASR_finite_beta_equilibria_with_maxF_below_threshold_and_enough_iota_flux_tubes/QUASR_finiteBeta_000752.h5,12,4.303586483001709,0,joint_circular_roll_to_activation_center,-70:109,observed-comparison
2864601_0.437,2864601_0.437:u005,11,77636,20241122-01-QUASR/20241122-01-030_QUASR_vacuum_equilibria_with_maxF_below_threshold_and_enough_iota_flux_tubes/QUASR_vacuum_000049.h5,3,4.195186138153076,0,joint_circular_roll_to_activation_center,-70:109,observed-comparison
2864601_0.437,2864601_0.437:u005,12,56786,20241115-01-random_heliotrons/20241115-01-022_heliotrons_finiteBeta_randomAspect_randomNfpUpTo8_noTorsion_flux_tubes/heliotron_randomAspect_finiteBeta_maxm1_maxn1_LMN8_001428.h5,25,4.161418437957764,1,joint_circular_roll_to_activation_center,-70:109,observed-comparison
2864601_0.437,2864601_0.437:u005,13,58253,20241115-01-random_heliotrons/20241115-01-022_heliotrons_finiteBeta_randomAspect_randomNfpUpTo8_noTorsion_flux_tubes/heliotron_randomAspect_finiteBeta_maxm1_maxn1_LMN8_001795.h5,56,4.0963897705078125,0,joint_circular_roll_to_activation_center,-70:109,observed-comparison
2864601_0.437,2864601_0.437:u005,14,86237,20241122-01-QUASR/20241122-01-031_QUASR_finite_beta_equilibria_with_maxF_below_threshold_and_enough_iota_flux_tubes/QUASR_finiteBeta_000335.h5,54,3.849665880203247,0,joint_circular_roll_to_activation_center,-70:109,observed-comparison
2864601_0.437,2864601_0.437:u005,15,21159,20241103-01-random_equilibria_and_flux_tubes_random_aspect_ratio/20241103-01-063_generate_flux_tubes_nfp3/nfp3_randomAspect_finiteBeta_maxm4_maxn4_LMN8_002116.h5,52,3.7671422958374023,0,joint_circular_roll_to_activation_center,-70:109,observed-comparison
2864601_0.437,2864601_0.437:u005,16,78056,20241122-01-QUASR/20241122-01-030_QUASR_vacuum_equilibria_with_maxF_below_threshold_and_enough_iota_flux_tubes/QUASR_vacuum_000070.h5,6,3.749986171722412,0,joint_circular_roll_to_activation_center,-70:109,observed-comparison
2864601_0.437,2864601_0.437:u006,1,14550,20241103-01-random_equilibria_and_flux_tubes_random_aspect_ratio/20241103-01-063_generate_flux_tubes_nfp3/nfp3_randomAspect_finiteBeta_maxm4_maxn4_LMN8_000458.h5,78,3.313223361968994,0,joint_circular_roll_to_activation_center,-70:109,observed-comparison
2864601_0.437,2864601_0.437:u006,2,52603,20241115-01-random_heliotrons/20241115-01-022_heliotrons_finiteBeta_randomAspect_randomNfpUpTo8_noTorsion_flux_tubes/heliotron_randomAspect_finiteBeta_maxm1_maxn1_LMN8_000382.h5,74,2.8148176670074463,0,joint_circular_roll_to_activation_center,-70:109,observed-comparison
2864601_0.437,2864601_0.437:u006,3,85974,20241122-01-QUASR/20241122-01-031_QUASR_finite_beta_equilibria_with_maxF_below_threshold_and_enough_iota_flux_tubes/QUASR_finiteBeta_000269.h5,75,2.674417018890381,0,joint_circular_roll_to_activation_center,-70:109,observed-comparison
2864601_0.437,2864601_0.437:u006,4,87710,20241122-01-QUASR/20241122-01-031_QUASR_finite_beta_equilibria_with_maxF_below_threshold_and_enough_iota_flux_tubes/QUASR_finiteBeta_000707.h5,75,2.5072896480560303,0,joint_circular_roll_to_activation_center,-70:109,observed-comparison
2864601_0.437,2864601_0.437:u006,5,59606,20241115-01-random_heliotrons/20241115-01-022_heliotrons_finiteBeta_randomAspect_randomNfpUpTo8_noTorsion_flux_tubes/heliotron_randomAspect_finiteBeta_maxm1_maxn1_LMN8_002133.h5,12,2.4467735290527344,1,joint_circular_roll_to_activation_center,-70:109,observed-comparison
2864601_0.437,2864601_0.437:u006,6,86819,20241122-01-QUASR/20241122-01-031_QUASR_finite_beta_equilibria_with_maxF_below_threshold_and_enough_iota_flux_tubes/QUASR_finiteBeta_000482.h5,36,2.1976094245910645,0,joint_circular_roll_to_activation_center,-70:109,observed-comparison
2864601_0.437,2864601_0.437:u006,7,37817,20241103-01-random_equilibria_and_flux_tubes_random_aspect_ratio/20241103-01-064_generate_flux_tubes_nfp4/nfp4_randomAspect_finiteBeta_maxm4_maxn4_LMN8_003084.h5,0,1.9984444379806519,0,joint_circular_roll_to_activation_center,-70:109,observed-comparison
2864601_0.437,2864601_0.437:u006,8,52065,20241115-01-random_heliotrons/20241115-01-022_heliotrons_finiteBeta_randomAspect_randomNfpUpTo8_noTorsion_flux_tubes/heliotron_randomAspect_finiteBeta_maxm1_maxn1_LMN8_000247.h5,39,1.9956101179122925,0,joint_circular_roll_to_activation_center,-70:109,observed-comparison
2864601_0.437,2864601_0.437:u006,9,58799,20241115-01-random_heliotrons/20241115-01-022_heliotrons_finiteBeta_randomAspect_randomNfpUpTo8_noTorsion_flux_tubes/heliotron_randomAspect_finiteBeta_maxm1_maxn1_LMN8_001931.h5,33,1.9943740367889404,0,joint_circular_roll_to_activation_center,-70:109,observed-comparison
2864601_0.437,2864601_0.437:u006,10,68768,20241115-01-random_heliotrons/20241115-01-023_heliotrons_finiteBeta_randomAspect_randomNfpUpTo8_withTorsion_flux_tubes/heliotron_randomAspect_finiteBeta_maxm1_maxn1_LMN8_001225.h5,75,1.9899787902832031,0,joint_circular_roll_to_activation_center,-70:109,observed-comparison
2864601_0.437,2864601_0.437:u006,11,53785,20241115-01-random_heliotrons/20241115-01-022_heliotrons_finiteBeta_randomAspect_randomNfpUpTo8_noTorsion_flux_tubes/heliotron_randomAspect_finiteBeta_maxm1_maxn1_LMN8_000677.h5,34,1.9834023714065552,0,joint_circular_roll_to_activation_center,-70:109,observed-comparison
2864601_0.437,2864601_0.437:u006,12,76264,20241115-01-random_heliotrons/20241115-01-023_heliotrons_finiteBeta_randomAspect_randomNfpUpTo8_withTorsion_flux_tubes/heliotron_randomAspect_finiteBeta_maxm1_maxn1_LMN8_003100.h5,34,1.9530309438705444,0,joint_circular_roll_to_activation_center,-70:109,observed-comparison
2864601_0.437,2864601_0.437:u006,13,58144,20241115-01-random_heliotrons/20241115-01-022_heliotrons_finiteBeta_randomAspect_randomNfpUpTo8_noTorsion_flux_tubes/heliotron_randomAspect_finiteBeta_maxm1_maxn1_LMN8_001767.h5,44,1.9520238637924194,0,joint_circular_roll_to_activation_center,-70:109,observed-comparison
2864601_0.437,2864601_0.437:u006,14,87837,20241122-01-QUASR/20241122-01-031_QUASR_finite_beta_equilibria_with_maxF_below_threshold_and_enough_iota_flux_tubes/QUASR_finiteBeta_000740.h5,48,1.9424006938934326,0,joint_circular_roll_to_activation_center,-70:109,observed-comparison
2864601_0.437,2864601_0.437:u006,15,57782,20241115-01-random_heliotrons/20241115-01-022_heliotrons_finiteBeta_randomAspect_randomNfpUpTo8_noTorsion_flux_tubes/heliotron_randomAspect_finiteBeta_maxm1_maxn1_LMN8_001677.h5,74,1.932523250579834,0,joint_circular_roll_to_activation_center,-70:109,observed-comparison
2864601_0.437,2864601_0.437:u006,16,3497,20241103-01-random_equilibria_and_flux_tubes_random_aspect_ratio/20241103-01-062_generate_flux_tubes_nfp2/nfp2_randomAspect_finiteBeta_maxm4_maxn4_LMN8_000880.h5,47,1.9170604944229126,0,joint_circular_roll_to_activation_center,-70:109,observed-comparison
2864601_0.437,2864601_0.437:u007,1,68283,20241115-01-random_heliotrons/20241115-01-023_heliotrons_finiteBeta_randomAspect_randomNfpUpTo8_withTorsion_flux_tubes/heliotron_randomAspect_finiteBeta_maxm1_maxn1_LMN8_001103.h5,39,7.521586894989014,0,joint_circular_roll_to_activation_center,-70:109,observed-comparison
2864601_0.437,2864601_0.437:u007,2,67075,20241115-01-random_heliotrons/20241115-01-023_heliotrons_finiteBeta_randomAspect_randomNfpUpTo8_withTorsion_flux_tubes/heliotron_randomAspect_finiteBeta_maxm1_maxn1_LMN8_000801.h5,40,6.2150678634643555,0,joint_circular_roll_to_activation_center,-70:109,observed-comparison
2864601_0.437,2864601_0.437:u007,3,56786,20241115-01-random_heliotrons/20241115-01-022_heliotrons_finiteBeta_randomAspect_randomNfpUpTo8_noTorsion_flux_tubes/heliotron_randomAspect_finiteBeta_maxm1_maxn1_LMN8_001428.h5,5,5.718720436096191,1,joint_circular_roll_to_activation_center,-70:109,observed-comparison
2864601_0.437,2864601_0.437:u007,4,55225,20241115-01-random_heliotrons/20241115-01-022_heliotrons_finiteBeta_randomAspect_randomNfpUpTo8_noTorsion_flux_tubes/heliotron_randomAspect_finiteBeta_maxm1_maxn1_LMN8_001037.h5,14,5.29625129699707,0,joint_circular_roll_to_activation_center,-70:109,observed-comparison
2864601_0.437,2864601_0.437:u007,5,68139,20241115-01-random_heliotrons/20241115-01-023_heliotrons_finiteBeta_randomAspect_randomNfpUpTo8_withTorsion_flux_tubes/heliotron_randomAspect_finiteBeta_maxm1_maxn1_LMN8_001067.h5,68,4.905147552490234,0,joint_circular_roll_to_activation_center,-70:109,observed-comparison
2864601_0.437,2864601_0.437:u007,6,67274,20241115-01-random_heliotrons/20241115-01-023_heliotrons_finiteBeta_randomAspect_randomNfpUpTo8_withTorsion_flux_tubes/heliotron_randomAspect_finiteBeta_maxm1_maxn1_LMN8_000851.h5,75,4.863393306732178,0,joint_circular_roll_to_activation_center,-70:109,observed-comparison
2864601_0.437,2864601_0.437:u007,7,59571,20241115-01-random_heliotrons/20241115-01-022_heliotrons_finiteBeta_randomAspect_randomNfpUpTo8_noTorsion_flux_tubes/heliotron_randomAspect_finiteBeta_maxm1_maxn1_LMN8_002124.h5,45,4.739330291748047,0,joint_circular_roll_to_activation_center,-70:109,observed-comparison
2864601_0.437,2864601_0.437:u007,8,51461,20241115-01-random_heliotrons/20241115-01-022_heliotrons_finiteBeta_randomAspect_randomNfpUpTo8_noTorsion_flux_tubes/heliotron_randomAspect_finiteBeta_maxm1_maxn1_LMN8_000096.h5,3,4.696394443511963,0,joint_circular_roll_to_activation_center,-70:109,observed-comparison
2864601_0.437,2864601_0.437:u007,9,66113,20241115-01-random_heliotrons/20241115-01-023_heliotrons_finiteBeta_randomAspect_randomNfpUpTo8_withTorsion_flux_tubes/heliotron_randomAspect_finiteBeta_maxm1_maxn1_LMN8_000560.h5,67,4.438272476196289,0,joint_circular_roll_to_activation_center,-70:109,observed-comparison
2864601_0.437,2864601_0.437:u007,10,74436,20241115-01-random_heliotrons/20241115-01-023_heliotrons_finiteBeta_randomAspect_randomNfpUpTo8_withTorsion_flux_tubes/heliotron_randomAspect_finiteBeta_maxm1_maxn1_LMN8_002643.h5,31,4.206778526306152,0,joint_circular_roll_to_activation_center,-70:109,observed-comparison
2864601_0.437,2864601_0.437:u007,11,51253,20241115-01-random_heliotrons/20241115-01-022_heliotrons_finiteBeta_randomAspect_randomNfpUpTo8_noTorsion_flux_tubes/heliotron_randomAspect_finiteBeta_maxm1_maxn1_LMN8_000044.h5,27,3.9987497329711914,0,joint_circular_roll_to_activation_center,-70:109,observed-comparison
2864601_0.437,2864601_0.437:u007,12,54031,20241115-01-random_heliotrons/20241115-01-022_heliotrons_finiteBeta_randomAspect_randomNfpUpTo8_noTorsion_flux_tubes/heliotron_randomAspect_finiteBeta_maxm1_maxn1_LMN8_000739.h5,20,3.9470043182373047,0,joint_circular_roll_to_activation_center,-70:109,observed-comparison
2864601_0.437,2864601_0.437:u007,13,63016,20241115-01-random_heliotrons/20241115-01-022_heliotrons_finiteBeta_randomAspect_randomNfpUpTo8_noTorsion_flux_tubes/heliotron_randomAspect_finiteBeta_maxm1_maxn1_LMN8_002986.h5,12,3.883347988128662,0,joint_circular_roll_to_activation_center,-70:109,observed-comparison
2864601_0.437,2864601_0.437:u007,14,62098,20241115-01-random_heliotrons/20241115-01-022_heliotrons_finiteBeta_randomAspect_randomNfpUpTo8_noTorsion_flux_tubes/heliotron_randomAspect_finiteBeta_maxm1_maxn1_LMN8_002756.h5,54,3.8047451972961426,0,joint_circular_roll_to_activation_center,-70:109,observed-comparison
2864601_0.437,2864601_0.437:u007,15,84848,20241122-01-QUASR/20241122-01-030_QUASR_vacuum_equilibria_with_maxF_below_threshold_and_enough_iota_flux_tubes/QUASR_vacuum_000410.h5,62,3.5661449432373047,0,joint_circular_roll_to_activation_center,-70:109,observed-comparison
2864601_0.437,2864601_0.437:u007,16,64714,20241115-01-random_heliotrons/20241115-01-023_heliotrons_finiteBeta_randomAspect_randomNfpUpTo8_withTorsion_flux_tubes/heliotron_randomAspect_finiteBeta_maxm1_maxn1_LMN8_000211.h5,40,3.502568483352661,0,joint_circular_roll_to_activation_center,-70:109,observed-comparison
2864601_0.437,2864601_0.437:u008,1,67075,20241115-01-random_heliotrons/20241115-01-023_heliotrons_finiteBeta_randomAspect_randomNfpUpTo8_withTorsion_flux_tubes/heliotron_randomAspect_finiteBeta_maxm1_maxn1_LMN8_000801.h5,28,6.0819525718688965,0,joint_circular_roll_to_activation_center,-70:109,observed-comparison
2864601_0.437,2864601_0.437:u008,2,67274,20241115-01-random_heliotrons/20241115-01-023_heliotrons_finiteBeta_randomAspect_randomNfpUpTo8_withTorsion_flux_tubes/heliotron_randomAspect_finiteBeta_maxm1_maxn1_LMN8_000851.h5,41,6.058414936065674,0,joint_circular_roll_to_activation_center,-70:109,observed-comparison
2864601_0.437,2864601_0.437:u008,3,55225,20241115-01-random_heliotrons/20241115-01-022_heliotrons_finiteBeta_randomAspect_randomNfpUpTo8_noTorsion_flux_tubes/heliotron_randomAspect_finiteBeta_maxm1_maxn1_LMN8_001037.h5,35,5.644268035888672,0,joint_circular_roll_to_activation_center,-70:109,observed-comparison
2864601_0.437,2864601_0.437:u008,4,68283,20241115-01-random_heliotrons/20241115-01-023_heliotrons_finiteBeta_randomAspect_randomNfpUpTo8_withTorsion_flux_tubes/heliotron_randomAspect_finiteBeta_maxm1_maxn1_LMN8_001103.h5,33,5.1169586181640625,1,joint_circular_roll_to_activation_center,-70:109,observed-comparison
2864601_0.437,2864601_0.437:u008,5,68139,20241115-01-random_heliotrons/20241115-01-023_heliotrons_finiteBeta_randomAspect_randomNfpUpTo8_withTorsion_flux_tubes/heliotron_randomAspect_finiteBeta_maxm1_maxn1_LMN8_001067.h5,40,4.130331516265869,0,joint_circular_roll_to_activation_center,-70:109,observed-comparison
2864601_0.437,2864601_0.437:u008,6,62098,20241115-01-random_heliotrons/20241115-01-022_heliotrons_finiteBeta_randomAspect_randomNfpUpTo8_noTorsion_flux_tubes/heliotron_randomAspect_finiteBeta_maxm1_maxn1_LMN8_002756.h5,28,4.12349271774292,0,joint_circular_roll_to_activation_center,-70:109,observed-comparison
2864601_0.437,2864601_0.437:u008,7,51461,20241115-01-random_heliotrons/20241115-01-022_heliotrons_finiteBeta_randomAspect_randomNfpUpTo8_noTorsion_flux_tubes/heliotron_randomAspect_finiteBeta_maxm1_maxn1_LMN8_000096.h5,28,3.6784260272979736,0,joint_circular_roll_to_activation_center,-70:109,observed-comparison
2864601_0.437,2864601_0.437:u008,8,59571,20241115-01-random_heliotrons/20241115-01-022_heliotrons_finiteBeta_randomAspect_randomNfpUpTo8_noTorsion_flux_tubes/heliotron_randomAspect_finiteBeta_maxm1_maxn1_LMN8_002124.h5,30,3.527538776397705,0,joint_circular_roll_to_activation_center,-70:109,observed-comparison
2864601_0.437,2864601_0.437:u008,9,51253,20241115-01-random_heliotrons/20241115-01-022_heliotrons_finiteBeta_randomAspect_randomNfpUpTo8_noTorsion_flux_tubes/heliotron_randomAspect_finiteBeta_maxm1_maxn1_LMN8_000044.h5,35,3.3914754390716553,0,joint_circular_roll_to_activation_center,-70:109,observed-comparison
2864601_0.437,2864601_0.437:u008,10,67179,20241115-01-random_heliotrons/20241115-01-023_heliotrons_finiteBeta_randomAspect_randomNfpUpTo8_withTorsion_flux_tubes/heliotron_randomAspect_finiteBeta_maxm1_maxn1_LMN8_000827.h5,36,3.2221639156341553,0,joint_circular_roll_to_activation_center,-70:109,observed-comparison
2864601_0.437,2864601_0.437:u008,11,74436,20241115-01-random_heliotrons/20241115-01-023_heliotrons_finiteBeta_randomAspect_randomNfpUpTo8_withTorsion_flux_tubes/heliotron_randomAspect_finiteBeta_maxm1_maxn1_LMN8_002643.h5,32,3.2212414741516113,0,joint_circular_roll_to_activation_center,-70:109,observed-comparison
2864601_0.437,2864601_0.437:u008,12,58253,20241115-01-random_heliotrons/20241115-01-022_heliotrons_finiteBeta_randomAspect_randomNfpUpTo8_noTorsion_flux_tubes/heliotron_randomAspect_finiteBeta_maxm1_maxn1_LMN8_001795.h5,32,3.200361967086792,0,joint_circular_roll_to_activation_center,-70:109,observed-comparison
2864601_0.437,2864601_0.437:u008,13,89666,20241122-01-QUASR/20241122-01-031_QUASR_finite_beta_equilibria_with_maxF_below_threshold_and_enough_iota_flux_tubes/QUASR_finiteBeta_001203.h5,13,3.1821868419647217,0,joint_circular_roll_to_activation_center,-70:109,observed-comparison
2864601_0.437,2864601_0.437:u008,14,51725,20241115-01-random_heliotrons/20241115-01-022_heliotrons_finiteBeta_randomAspect_randomNfpUpTo8_noTorsion_flux_tubes/heliotron_randomAspect_finiteBeta_maxm1_maxn1_LMN8_000162.h5,23,3.0093421936035156,0,joint_circular_roll_to_activation_center,-70:109,observed-comparison
2864601_0.437,2864601_0.437:u008,15,67637,20241115-01-random_heliotrons/20241115-01-023_heliotrons_finiteBeta_randomAspect_randomNfpUpTo8_withTorsion_flux_tubes/heliotron_randomAspect_finiteBeta_maxm1_maxn1_LMN8_000942.h5,25,2.993715524673462,0,joint_circular_roll_to_activation_center,-70:109,observed-comparison
2864601_0.437,2864601_0.437:u008,16,53088,20241115-01-random_heliotrons/20241115-01-022_heliotrons_finiteBeta_randomAspect_randomNfpUpTo8_noTorsion_flux_tubes/heliotron_randomAspect_finiteBeta_maxm1_maxn1_LMN8_000503.h5,26,2.9780445098876953,0,joint_circular_roll_to_activation_center,-70:109,observed-comparison
2864601_0.437,2864601_0.437:u009,1,52065,20241115-01-random_heliotrons/20241115-01-022_heliotrons_finiteBeta_randomAspect_randomNfpUpTo8_noTorsion_flux_tubes/heliotron_randomAspect_finiteBeta_maxm1_maxn1_LMN8_000247.h5,68,2.364319086074829,0,joint_circular_roll_to_activation_center,-70:109,observed-comparison
2864601_0.437,2864601_0.437:u009,2,56786,20241115-01-random_heliotrons/20241115-01-022_heliotrons_finiteBeta_randomAspect_randomNfpUpTo8_noTorsion_flux_tubes/heliotron_randomAspect_finiteBeta_maxm1_maxn1_LMN8_001428.h5,2,2.1450607776641846,1,joint_circular_roll_to_activation_center,-70:109,observed-comparison
2864601_0.437,2864601_0.437:u009,3,51173,20241115-01-random_heliotrons/20241115-01-022_heliotrons_finiteBeta_randomAspect_randomNfpUpTo8_noTorsion_flux_tubes/heliotron_randomAspect_finiteBeta_maxm1_maxn1_LMN8_000024.h5,71,2.040254592895508,0,joint_circular_roll_to_activation_center,-70:109,observed-comparison
2864601_0.437,2864601_0.437:u009,4,63005,20241115-01-random_heliotrons/20241115-01-022_heliotrons_finiteBeta_randomAspect_randomNfpUpTo8_noTorsion_flux_tubes/heliotron_randomAspect_finiteBeta_maxm1_maxn1_LMN8_002983.h5,67,2.010850191116333,0,joint_circular_roll_to_activation_center,-70:109,observed-comparison
2864601_0.437,2864601_0.437:u009,5,58144,20241115-01-random_heliotrons/20241115-01-022_heliotrons_finiteBeta_randomAspect_randomNfpUpTo8_noTorsion_flux_tubes/heliotron_randomAspect_finiteBeta_maxm1_maxn1_LMN8_001767.h5,49,1.9312818050384521,0,joint_circular_roll_to_activation_center,-70:109,observed-comparison
2864601_0.437,2864601_0.437:u009,6,55161,20241115-01-random_heliotrons/20241115-01-022_heliotrons_finiteBeta_randomAspect_randomNfpUpTo8_noTorsion_flux_tubes/heliotron_randomAspect_finiteBeta_maxm1_maxn1_LMN8_001021.h5,9,1.9147922992706299,0,joint_circular_roll_to_activation_center,-70:109,observed-comparison
2864601_0.437,2864601_0.437:u009,7,56933,20241115-01-random_heliotrons/20241115-01-022_heliotrons_finiteBeta_randomAspect_randomNfpUpTo8_noTorsion_flux_tubes/heliotron_randomAspect_finiteBeta_maxm1_maxn1_LMN8_001464.h5,75,1.8709713220596313,0,joint_circular_roll_to_activation_center,-70:109,observed-comparison
2864601_0.437,2864601_0.437:u009,8,76264,20241115-01-random_heliotrons/20241115-01-023_heliotrons_finiteBeta_randomAspect_randomNfpUpTo8_withTorsion_flux_tubes/heliotron_randomAspect_finiteBeta_maxm1_maxn1_LMN8_003100.h5,51,1.8443948030471802,0,joint_circular_roll_to_activation_center,-70:109,observed-comparison
2864601_0.437,2864601_0.437:u009,9,23080,20241103-01-random_equilibria_and_flux_tubes_random_aspect_ratio/20241103-01-063_generate_flux_tubes_nfp3/nfp3_randomAspect_finiteBeta_maxm4_maxn4_LMN8_002596.h5,20,1.8112819194793701,0,joint_circular_roll_to_activation_center,-70:109,observed-comparison
2864601_0.437,2864601_0.437:u009,10,86819,20241122-01-QUASR/20241122-01-031_QUASR_finite_beta_equilibria_with_maxF_below_threshold_and_enough_iota_flux_tubes/QUASR_finiteBeta_000482.h5,30,1.7936965227127075,0,joint_circular_roll_to_activation_center,-70:109,observed-comparison
2864601_0.437,2864601_0.437:u009,11,52349,20241115-01-random_heliotrons/20241115-01-022_heliotrons_finiteBeta_randomAspect_randomNfpUpTo8_noTorsion_flux_tubes/heliotron_randomAspect_finiteBeta_maxm1_maxn1_LMN8_000318.h5,68,1.7658053636550903,0,joint_circular_roll_to_activation_center,-70:109,observed-comparison
2864601_0.437,2864601_0.437:u009,12,87891,20241122-01-QUASR/20241122-01-031_QUASR_finite_beta_equilibria_with_maxF_below_threshold_and_enough_iota_flux_tubes/QUASR_finiteBeta_000754.h5,76,1.746282696723938,0,joint_circular_roll_to_activation_center,-70:109,observed-comparison
2864601_0.437,2864601_0.437:u009,13,62677,20241115-01-random_heliotrons/20241115-01-022_heliotrons_finiteBeta_randomAspect_randomNfpUpTo8_noTorsion_flux_tubes/heliotron_randomAspect_finiteBeta_maxm1_maxn1_LMN8_002901.h5,10,1.6753045320510864,0,joint_circular_roll_to_activation_center,-70:109,observed-comparison
2864601_0.437,2864601_0.437:u009,14,63228,20241115-01-random_heliotrons/20241115-01-022_heliotrons_finiteBeta_randomAspect_randomNfpUpTo8_noTorsion_flux_tubes/heliotron_randomAspect_finiteBeta_maxm1_maxn1_LMN8_003039.h5,12,1.6429582834243774,0,joint_circular_roll_to_activation_center,-70:109,observed-comparison
2864601_0.437,2864601_0.437:u009,15,138,20241103-01-random_equilibria_and_flux_tubes_random_aspect_ratio/20241103-01-062_generate_flux_tubes_nfp2/nfp2_randomAspect_finiteBeta_maxm4_maxn4_LMN8_000034.h5,27,1.5937529802322388,0,joint_circular_roll_to_activation_center,-70:109,observed-comparison
2864601_0.437,2864601_0.437:u009,16,68283,20241115-01-random_heliotrons/20241115-01-023_heliotrons_finiteBeta_randomAspect_randomNfpUpTo8_withTorsion_flux_tubes/heliotron_randomAspect_finiteBeta_maxm1_maxn1_LMN8_001103.h5,62,1.5006330013275146,0,joint_circular_roll_to_activation_center,-70:109,observed-comparison
2864601_0.371,2864601_0.371:u000,1,67637,20241115-01-random_heliotrons/20241115-01-023_heliotrons_finiteBeta_randomAspect_randomNfpUpTo8_withTorsion_flux_tubes/heliotron_randomAspect_finiteBeta_maxm1_maxn1_LMN8_000942.h5,74,16.40224838256836,0,joint_circular_roll_to_activation_center,-135:194,observed-comparison
2864601_0.371,2864601_0.371:u000,2,67179,20241115-01-random_heliotrons/20241115-01-023_heliotrons_finiteBeta_randomAspect_randomNfpUpTo8_withTorsion_flux_tubes/heliotron_randomAspect_finiteBeta_maxm1_maxn1_LMN8_000827.h5,11,15.3577241897583,0,joint_circular_roll_to_activation_center,-135:194,observed-comparison
2864601_0.371,2864601_0.371:u000,3,64714,20241115-01-random_heliotrons/20241115-01-023_heliotrons_finiteBeta_randomAspect_randomNfpUpTo8_withTorsion_flux_tubes/heliotron_randomAspect_finiteBeta_maxm1_maxn1_LMN8_000211.h5,77,13.399088859558105,0,joint_circular_roll_to_activation_center,-135:194,observed-comparison
2864601_0.371,2864601_0.371:u000,4,82011,20241122-01-QUASR/20241122-01-030_QUASR_vacuum_equilibria_with_maxF_below_threshold_and_enough_iota_flux_tubes/QUASR_vacuum_000268.h5,62,12.288347244262695,0,joint_circular_roll_to_activation_center,-135:194,observed-comparison
2864601_0.371,2864601_0.371:u000,5,70787,20241115-01-random_heliotrons/20241115-01-023_heliotrons_finiteBeta_randomAspect_randomNfpUpTo8_withTorsion_flux_tubes/heliotron_randomAspect_finiteBeta_maxm1_maxn1_LMN8_001730.h5,7,12.195880889892578,0,joint_circular_roll_to_activation_center,-135:194,observed-comparison
2864601_0.371,2864601_0.371:u000,6,69892,20241115-01-random_heliotrons/20241115-01-023_heliotrons_finiteBeta_randomAspect_randomNfpUpTo8_withTorsion_flux_tubes/heliotron_randomAspect_finiteBeta_maxm1_maxn1_LMN8_001506.h5,2,11.580038070678711,0,joint_circular_roll_to_activation_center,-135:194,observed-comparison
2864601_0.371,2864601_0.371:u000,7,100411,20241122-01-QUASR/20241122-01-031_QUASR_finite_beta_equilibria_with_maxF_below_threshold_and_enough_iota_flux_tubes/QUASR_finiteBeta_003890.h5,75,11.498568534851074,0,joint_circular_roll_to_activation_center,-135:194,observed-comparison
2864601_0.371,2864601_0.371:u000,8,78578,20241122-01-QUASR/20241122-01-030_QUASR_vacuum_equilibria_with_maxF_below_threshold_and_enough_iota_flux_tubes/QUASR_vacuum_000096.h5,31,11.452836990356445,0,joint_circular_roll_to_activation_center,-135:194,observed-comparison
2864601_0.371,2864601_0.371:u000,9,81328,20241122-01-QUASR/20241122-01-030_QUASR_vacuum_equilibria_with_maxF_below_threshold_and_enough_iota_flux_tubes/QUASR_vacuum_000233.h5,26,11.434990882873535,0,joint_circular_roll_to_activation_center,-135:194,observed-comparison
2864601_0.371,2864601_0.371:u000,10,84754,20241122-01-QUASR/20241122-01-030_QUASR_vacuum_equilibria_with_maxF_below_threshold_and_enough_iota_flux_tubes/QUASR_vacuum_000405.h5,10,11.419844627380371,0,joint_circular_roll_to_activation_center,-135:194,observed-comparison
2864601_0.371,2864601_0.371:u000,11,14550,20241103-01-random_equilibria_and_flux_tubes_random_aspect_ratio/20241103-01-063_generate_flux_tubes_nfp3/nfp3_randomAspect_finiteBeta_maxm4_maxn4_LMN8_000458.h5,3,11.311227798461914,0,joint_circular_roll_to_activation_center,-135:194,observed-comparison
2864601_0.371,2864601_0.371:u000,12,81193,20241122-01-QUASR/20241122-01-030_QUASR_vacuum_equilibria_with_maxF_below_threshold_and_enough_iota_flux_tubes/QUASR_vacuum_000227.h5,29,11.002836227416992,0,joint_circular_roll_to_activation_center,-135:194,observed-comparison
2864601_0.371,2864601_0.371:u000,13,84848,20241122-01-QUASR/20241122-01-030_QUASR_vacuum_equilibria_with_maxF_below_threshold_and_enough_iota_flux_tubes/QUASR_vacuum_000410.h5,4,10.667649269104004,0,joint_circular_roll_to_activation_center,-135:194,observed-comparison
2864601_0.371,2864601_0.371:u000,14,84448,20241122-01-QUASR/20241122-01-030_QUASR_vacuum_equilibria_with_maxF_below_threshold_and_enough_iota_flux_tubes/QUASR_vacuum_000390.h5,71,10.404947280883789,0,joint_circular_roll_to_activation_center,-135:194,observed-comparison
2864601_0.371,2864601_0.371:u000,15,2557,20241103-01-random_equilibria_and_flux_tubes_random_aspect_ratio/20241103-01-062_generate_flux_tubes_nfp2/nfp2_randomAspect_finiteBeta_maxm4_maxn4_LMN8_000644.h5,11,10.130427360534668,0,joint_circular_roll_to_activation_center,-135:194,observed-comparison
2864601_0.371,2864601_0.371:u000,16,56786,20241115-01-random_heliotrons/20241115-01-022_heliotrons_finiteBeta_randomAspect_randomNfpUpTo8_noTorsion_flux_tubes/heliotron_randomAspect_finiteBeta_maxm1_maxn1_LMN8_001428.h5,2,9.816832542419434,1,joint_circular_roll_to_activation_center,-135:194,observed-comparison
2864601_0.371,2864601_0.371:u001,1,55459,20241115-01-random_heliotrons/20241115-01-022_heliotrons_finiteBeta_randomAspect_randomNfpUpTo8_noTorsion_flux_tubes/heliotron_randomAspect_finiteBeta_maxm1_maxn1_LMN8_001096.h5,10,2.349059581756592,0,joint_circular_roll_to_activation_center,-135:194,observed-comparison
2864601_0.371,2864601_0.371:u001,2,94660,20241122-01-QUASR/20241122-01-031_QUASR_finite_beta_equilibria_with_maxF_below_threshold_and_enough_iota_flux_tubes/QUASR_finiteBeta_002452.h5,19,2.22922682762146,0,joint_circular_roll_to_activation_center,-135:194,observed-comparison
2864601_0.371,2864601_0.371:u001,3,79428,20241122-01-QUASR/20241122-01-030_QUASR_vacuum_equilibria_with_maxF_below_threshold_and_enough_iota_flux_tubes/QUASR_vacuum_000138.h5,21,1.770331859588623,0,joint_circular_roll_to_activation_center,-135:194,observed-comparison
2864601_0.371,2864601_0.371:u001,4,94623,20241122-01-QUASR/20241122-01-031_QUASR_finite_beta_equilibria_with_maxF_below_threshold_and_enough_iota_flux_tubes/QUASR_finiteBeta_002443.h5,69,1.522141933441162,0,joint_circular_roll_to_activation_center,-135:194,observed-comparison
2864601_0.371,2864601_0.371:u001,5,68098,20241115-01-random_heliotrons/20241115-01-023_heliotrons_finiteBeta_randomAspect_randomNfpUpTo8_withTorsion_flux_tubes/heliotron_randomAspect_finiteBeta_maxm1_maxn1_LMN8_001057.h5,29,1.3116183280944824,0,joint_circular_roll_to_activation_center,-135:194,observed-comparison
2864601_0.371,2864601_0.371:u001,6,72989,20241115-01-random_heliotrons/20241115-01-023_heliotrons_finiteBeta_randomAspect_randomNfpUpTo8_withTorsion_flux_tubes/heliotron_randomAspect_finiteBeta_maxm1_maxn1_LMN8_002281.h5,4,1.3092787265777588,0,joint_circular_roll_to_activation_center,-135:194,observed-comparison
2864601_0.371,2864601_0.371:u001,7,68127,20241115-01-random_heliotrons/20241115-01-023_heliotrons_finiteBeta_randomAspect_randomNfpUpTo8_withTorsion_flux_tubes/heliotron_randomAspect_finiteBeta_maxm1_maxn1_LMN8_001064.h5,26,1.184118628501892,0,joint_circular_roll_to_activation_center,-135:194,observed-comparison
2864601_0.371,2864601_0.371:u001,8,81335,20241122-01-QUASR/20241122-01-030_QUASR_vacuum_equilibria_with_maxF_below_threshold_and_enough_iota_flux_tubes/QUASR_vacuum_000234.h5,65,1.1231310367584229,0,joint_circular_roll_to_activation_center,-135:194,observed-comparison
2864601_0.371,2864601_0.371:u001,9,79003,20241122-01-QUASR/20241122-01-030_QUASR_vacuum_equilibria_with_maxF_below_threshold_and_enough_iota_flux_tubes/QUASR_vacuum_000117.h5,67,1.1012197732925415,0,joint_circular_roll_to_activation_center,-135:194,observed-comparison
2864601_0.371,2864601_0.371:u001,10,67361,20241115-01-random_heliotrons/20241115-01-023_heliotrons_finiteBeta_randomAspect_randomNfpUpTo8_withTorsion_flux_tubes/heliotron_randomAspect_finiteBeta_maxm1_maxn1_LMN8_000872.h5,26,1.0709563493728638,0,joint_circular_roll_to_activation_center,-135:194,observed-comparison
2864601_0.371,2864601_0.371:u001,11,57200,20241115-01-random_heliotrons/20241115-01-022_heliotrons_finiteBeta_randomAspect_randomNfpUpTo8_noTorsion_flux_tubes/heliotron_randomAspect_finiteBeta_maxm1_maxn1_LMN8_001531.h5,41,1.0688939094543457,1,joint_circular_roll_to_activation_center,-135:194,observed-comparison
2864601_0.371,2864601_0.371:u001,12,73773,20241115-01-random_heliotrons/20241115-01-023_heliotrons_finiteBeta_randomAspect_randomNfpUpTo8_withTorsion_flux_tubes/heliotron_randomAspect_finiteBeta_maxm1_maxn1_LMN8_002477.h5,9,1.0648175477981567,0,joint_circular_roll_to_activation_center,-135:194,observed-comparison
2864601_0.371,2864601_0.371:u001,13,94443,20241122-01-QUASR/20241122-01-031_QUASR_finite_beta_equilibria_with_maxF_below_threshold_and_enough_iota_flux_tubes/QUASR_finiteBeta_002398.h5,66,1.0404423475265503,0,joint_circular_roll_to_activation_center,-135:194,observed-comparison
2864601_0.371,2864601_0.371:u001,14,73016,20241115-01-random_heliotrons/20241115-01-023_heliotrons_finiteBeta_randomAspect_randomNfpUpTo8_withTorsion_flux_tubes/heliotron_randomAspect_finiteBeta_maxm1_maxn1_LMN8_002288.h5,4,1.0363028049468994,0,joint_circular_roll_to_activation_center,-135:194,observed-comparison
2864601_0.371,2864601_0.371:u001,15,91464,20241122-01-QUASR/20241122-01-031_QUASR_finite_beta_equilibria_with_maxF_below_threshold_and_enough_iota_flux_tubes/QUASR_finiteBeta_001653.h5,74,0.964826762676239,0,joint_circular_roll_to_activation_center,-135:194,observed-comparison
2864601_0.371,2864601_0.371:u001,16,337,20241103-01-random_equilibria_and_flux_tubes_random_aspect_ratio/20241103-01-062_generate_flux_tubes_nfp2/nfp2_randomAspect_finiteBeta_maxm4_maxn4_LMN8_000085.h5,3,0.9599377512931824,0,joint_circular_roll_to_activation_center,-135:194,observed-comparison
2864601_0.371,2864601_0.371:u002,1,40915,20241103-01-random_equilibria_and_flux_tubes_random_aspect_ratio/20241103-01-065_generate_flux_tubes_nfp5/nfp5_randomAspect_finiteBeta_maxm4_maxn4_LMN8_000658.h5,31,4.706269264221191,0,joint_circular_roll_to_activation_center,-135:194,observed-comparison
2864601_0.371,2864601_0.371:u002,2,43112,20241103-01-random_equilibria_and_flux_tubes_random_aspect_ratio/20241103-01-065_generate_flux_tubes_nfp5/nfp5_randomAspect_finiteBeta_maxm4_maxn4_LMN8_001208.h5,4,3.8095147609710693,0,joint_circular_roll_to_activation_center,-135:194,observed-comparison
2864601_0.371,2864601_0.371:u002,3,65373,20241115-01-random_heliotrons/20241115-01-023_heliotrons_finiteBeta_randomAspect_randomNfpUpTo8_withTorsion_flux_tubes/heliotron_randomAspect_finiteBeta_maxm1_maxn1_LMN8_000375.h5,33,3.7973392009735107,0,joint_circular_roll_to_activation_center,-135:194,observed-comparison
2864601_0.371,2864601_0.371:u002,4,65084,20241115-01-random_heliotrons/20241115-01-023_heliotrons_finiteBeta_randomAspect_randomNfpUpTo8_withTorsion_flux_tubes/heliotron_randomAspect_finiteBeta_maxm1_maxn1_LMN8_000303.h5,21,3.6045820713043213,0,joint_circular_roll_to_activation_center,-135:194,observed-comparison
2864601_0.371,2864601_0.371:u002,5,89256,20241122-01-QUASR/20241122-01-031_QUASR_finite_beta_equilibria_with_maxF_below_threshold_and_enough_iota_flux_tubes/QUASR_finiteBeta_001097.h5,64,3.405916452407837,0,joint_circular_roll_to_activation_center,-135:194,observed-comparison
2864601_0.371,2864601_0.371:u002,6,75989,20241115-01-random_heliotrons/20241115-01-023_heliotrons_finiteBeta_randomAspect_randomNfpUpTo8_withTorsion_flux_tubes/heliotron_randomAspect_finiteBeta_maxm1_maxn1_LMN8_003031.h5,11,3.366429328918457,0,joint_circular_roll_to_activation_center,-135:194,observed-comparison
2864601_0.371,2864601_0.371:u002,7,83955,20241122-01-QUASR/20241122-01-030_QUASR_vacuum_equilibria_with_maxF_below_threshold_and_enough_iota_flux_tubes/QUASR_vacuum_000365.h5,68,3.2682621479034424,0,joint_circular_roll_to_activation_center,-135:194,observed-comparison
2864601_0.371,2864601_0.371:u002,8,90002,20241122-01-QUASR/20241122-01-031_QUASR_finite_beta_equilibria_with_maxF_below_threshold_and_enough_iota_flux_tubes/QUASR_finiteBeta_001288.h5,65,3.2206404209136963,0,joint_circular_roll_to_activation_center,-135:194,observed-comparison
2864601_0.371,2864601_0.371:u002,9,89950,20241122-01-QUASR/20241122-01-031_QUASR_finite_beta_equilibria_with_maxF_below_threshold_and_enough_iota_flux_tubes/QUASR_finiteBeta_001274.h5,65,3.161494255065918,0,joint_circular_roll_to_activation_center,-135:194,observed-comparison
2864601_0.371,2864601_0.371:u002,10,89124,20241122-01-QUASR/20241122-01-031_QUASR_finite_beta_equilibria_with_maxF_below_threshold_and_enough_iota_flux_tubes/QUASR_finiteBeta_001064.h5,66,3.129521369934082,0,joint_circular_roll_to_activation_center,-135:194,observed-comparison
2864601_0.371,2864601_0.371:u002,11,79910,20241122-01-QUASR/20241122-01-030_QUASR_vacuum_equilibria_with_maxF_below_threshold_and_enough_iota_flux_tubes/QUASR_vacuum_000163.h5,31,3.109618663787842,0,joint_circular_roll_to_activation_center,-135:194,observed-comparison
2864601_0.371,2864601_0.371:u002,12,89374,20241122-01-QUASR/20241122-01-031_QUASR_finite_beta_equilibria_with_maxF_below_threshold_and_enough_iota_flux_tubes/QUASR_finiteBeta_001127.h5,21,3.068704605102539,0,joint_circular_roll_to_activation_center,-135:194,observed-comparison
2864601_0.371,2864601_0.371:u002,13,49487,20241103-01-random_equilibria_and_flux_tubes_random_aspect_ratio/20241103-01-065_generate_flux_tubes_nfp5/nfp5_randomAspect_finiteBeta_maxm4_maxn4_LMN8_002802.h5,8,2.993739604949951,0,joint_circular_roll_to_activation_center,-135:194,observed-comparison
2864601_0.371,2864601_0.371:u002,14,63901,20241115-01-random_heliotrons/20241115-01-023_heliotrons_finiteBeta_randomAspect_randomNfpUpTo8_withTorsion_flux_tubes/heliotron_randomAspect_finiteBeta_maxm1_maxn1_LMN8_000007.h5,9,2.9606435298919678,0,joint_circular_roll_to_activation_center,-135:194,observed-comparison
2864601_0.371,2864601_0.371:u002,15,30584,20241103-01-random_equilibria_and_flux_tubes_random_aspect_ratio/20241103-01-064_generate_flux_tubes_nfp4/nfp4_randomAspect_finiteBeta_maxm4_maxn4_LMN8_001275.h5,62,2.940335988998413,0,joint_circular_roll_to_activation_center,-135:194,observed-comparison
2864601_0.371,2864601_0.371:u002,16,69892,20241115-01-random_heliotrons/20241115-01-023_heliotrons_finiteBeta_randomAspect_randomNfpUpTo8_withTorsion_flux_tubes/heliotron_randomAspect_finiteBeta_maxm1_maxn1_LMN8_001506.h5,51,2.9360063076019287,1,joint_circular_roll_to_activation_center,-135:194,observed-comparison
2864601_0.371,2864601_0.371:u003,1,87710,20241122-01-QUASR/20241122-01-031_QUASR_finite_beta_equilibria_with_maxF_below_threshold_and_enough_iota_flux_tubes/QUASR_finiteBeta_000707.h5,69,17.591428756713867,0,joint_circular_roll_to_activation_center,-135:194,observed-comparison
2864601_0.371,2864601_0.371:u003,2,85974,20241122-01-QUASR/20241122-01-031_QUASR_finite_beta_equilibria_with_maxF_below_threshold_and_enough_iota_flux_tubes/QUASR_finiteBeta_000269.h5,0,14.858195304870605,0,joint_circular_roll_to_activation_center,-135:194,observed-comparison
2864601_0.371,2864601_0.371:u003,3,83025,20241122-01-QUASR/20241122-01-030_QUASR_vacuum_equilibria_with_maxF_below_threshold_and_enough_iota_flux_tubes/QUASR_vacuum_000319.h5,13,13.563372611999512,0,joint_circular_roll_to_activation_center,-135:194,observed-comparison
2864601_0.371,2864601_0.371:u003,4,68768,20241115-01-random_heliotrons/20241115-01-023_heliotrons_finiteBeta_randomAspect_randomNfpUpTo8_withTorsion_flux_tubes/heliotron_randomAspect_finiteBeta_maxm1_maxn1_LMN8_001225.h5,73,11.989152908325195,0,joint_circular_roll_to_activation_center,-135:194,observed-comparison
2864601_0.371,2864601_0.371:u003,5,77636,20241122-01-QUASR/20241122-01-030_QUASR_vacuum_equilibria_with_maxF_below_threshold_and_enough_iota_flux_tubes/QUASR_vacuum_000049.h5,25,11.352300643920898,1,joint_circular_roll_to_activation_center,-135:194,observed-comparison
2864601_0.371,2864601_0.371:u003,6,93018,20241122-01-QUASR/20241122-01-031_QUASR_finite_beta_equilibria_with_maxF_below_threshold_and_enough_iota_flux_tubes/QUASR_finiteBeta_002042.h5,11,9.829658508300781,0,joint_circular_roll_to_activation_center,-135:194,observed-comparison
2864601_0.371,2864601_0.371:u003,7,8376,20241103-01-random_equilibria_and_flux_tubes_random_aspect_ratio/20241103-01-062_generate_flux_tubes_nfp2/nfp2_randomAspect_finiteBeta_maxm4_maxn4_LMN8_002106.h5,68,9.626269340515137,0,joint_circular_roll_to_activation_center,-135:194,observed-comparison
2864601_0.371,2864601_0.371:u003,8,56446,20241115-01-random_heliotrons/20241115-01-022_heliotrons_finiteBeta_randomAspect_randomNfpUpTo8_noTorsion_flux_tubes/heliotron_randomAspect_finiteBeta_maxm1_maxn1_LMN8_001343.h5,1,9.435368537902832,0,joint_circular_roll_to_activation_center,-135:194,observed-comparison
2864601_0.371,2864601_0.371:u003,9,91816,20241122-01-QUASR/20241122-01-031_QUASR_finite_beta_equilibria_with_maxF_below_threshold_and_enough_iota_flux_tubes/QUASR_finiteBeta_001741.h5,1,9.189018249511719,0,joint_circular_roll_to_activation_center,-135:194,observed-comparison
2864601_0.371,2864601_0.371:u003,10,78056,20241122-01-QUASR/20241122-01-030_QUASR_vacuum_equilibria_with_maxF_below_threshold_and_enough_iota_flux_tubes/QUASR_vacuum_000070.h5,19,8.77686882019043,1,joint_circular_roll_to_activation_center,-135:194,observed-comparison
2864601_0.371,2864601_0.371:u003,11,87702,20241122-01-QUASR/20241122-01-031_QUASR_finite_beta_equilibria_with_maxF_below_threshold_and_enough_iota_flux_tubes/QUASR_finiteBeta_000705.h5,66,8.325583457946777,0,joint_circular_roll_to_activation_center,-135:194,observed-comparison
2864601_0.371,2864601_0.371:u003,12,21287,20241103-01-random_equilibria_and_flux_tubes_random_aspect_ratio/20241103-01-063_generate_flux_tubes_nfp3/nfp3_randomAspect_finiteBeta_maxm4_maxn4_LMN8_002148.h5,71,8.290243148803711,0,joint_circular_roll_to_activation_center,-135:194,observed-comparison
2864601_0.371,2864601_0.371:u003,13,61878,20241115-01-random_heliotrons/20241115-01-022_heliotrons_finiteBeta_randomAspect_randomNfpUpTo8_noTorsion_flux_tubes/heliotron_randomAspect_finiteBeta_maxm1_maxn1_LMN8_002701.h5,30,7.964141845703125,0,joint_circular_roll_to_activation_center,-135:194,observed-comparison
2864601_0.371,2864601_0.371:u003,14,53811,20241115-01-random_heliotrons/20241115-01-022_heliotrons_finiteBeta_randomAspect_randomNfpUpTo8_noTorsion_flux_tubes/heliotron_randomAspect_finiteBeta_maxm1_maxn1_LMN8_000684.h5,1,7.293410778045654,0,joint_circular_roll_to_activation_center,-135:194,observed-comparison
2864601_0.371,2864601_0.371:u003,15,67498,20241115-01-random_heliotrons/20241115-01-023_heliotrons_finiteBeta_randomAspect_randomNfpUpTo8_withTorsion_flux_tubes/heliotron_randomAspect_finiteBeta_maxm1_maxn1_LMN8_000907.h5,74,6.623158931732178,0,joint_circular_roll_to_activation_center,-135:194,observed-comparison
2864601_0.371,2864601_0.371:u003,16,87885,20241122-01-QUASR/20241122-01-031_QUASR_finite_beta_equilibria_with_maxF_below_threshold_and_enough_iota_flux_tubes/QUASR_finiteBeta_000752.h5,64,6.259941577911377,1,joint_circular_roll_to_activation_center,-135:194,observed-comparison
2864601_0.371,2864601_0.371:u004,1,86819,20241122-01-QUASR/20241122-01-031_QUASR_finite_beta_equilibria_with_maxF_below_threshold_and_enough_iota_flux_tubes/QUASR_finiteBeta_000482.h5,45,10.888999938964844,0,joint_circular_roll_to_activation_center,-135:194,observed-comparison
2864601_0.371,2864601_0.371:u004,2,76264,20241115-01-random_heliotrons/20241115-01-023_heliotrons_finiteBeta_randomAspect_randomNfpUpTo8_withTorsion_flux_tubes/heliotron_randomAspect_finiteBeta_maxm1_maxn1_LMN8_003100.h5,53,10.326804161071777,0,joint_circular_roll_to_activation_center,-135:194,observed-comparison
2864601_0.371,2864601_0.371:u004,3,23080,20241103-01-random_equilibria_and_flux_tubes_random_aspect_ratio/20241103-01-063_generate_flux_tubes_nfp3/nfp3_randomAspect_finiteBeta_maxm4_maxn4_LMN8_002596.h5,63,10.30541706085205,0,joint_circular_roll_to_activation_center,-135:194,observed-comparison
2864601_0.371,2864601_0.371:u004,4,53785,20241115-01-random_heliotrons/20241115-01-022_heliotrons_finiteBeta_randomAspect_randomNfpUpTo8_noTorsion_flux_tubes/heliotron_randomAspect_finiteBeta_maxm1_maxn1_LMN8_000677.h5,50,10.27805233001709,0,joint_circular_roll_to_activation_center,-135:194,observed-comparison
2864601_0.371,2864601_0.371:u004,5,52065,20241115-01-random_heliotrons/20241115-01-022_heliotrons_finiteBeta_randomAspect_randomNfpUpTo8_noTorsion_flux_tubes/heliotron_randomAspect_finiteBeta_maxm1_maxn1_LMN8_000247.h5,39,10.033287048339844,0,joint_circular_roll_to_activation_center,-135:194,observed-comparison
2864601_0.371,2864601_0.371:u004,6,52349,20241115-01-random_heliotrons/20241115-01-022_heliotrons_finiteBeta_randomAspect_randomNfpUpTo8_noTorsion_flux_tubes/heliotron_randomAspect_finiteBeta_maxm1_maxn1_LMN8_000318.h5,56,9.903020858764648,0,joint_circular_roll_to_activation_center,-135:194,observed-comparison
2864601_0.371,2864601_0.371:u004,7,55161,20241115-01-random_heliotrons/20241115-01-022_heliotrons_finiteBeta_randomAspect_randomNfpUpTo8_noTorsion_flux_tubes/heliotron_randomAspect_finiteBeta_maxm1_maxn1_LMN8_001021.h5,60,9.74509048461914,0,joint_circular_roll_to_activation_center,-135:194,observed-comparison
2864601_0.371,2864601_0.371:u004,8,58144,20241115-01-random_heliotrons/20241115-01-022_heliotrons_finiteBeta_randomAspect_randomNfpUpTo8_noTorsion_flux_tubes/heliotron_randomAspect_finiteBeta_maxm1_maxn1_LMN8_001767.h5,42,9.555682182312012,0,joint_circular_roll_to_activation_center,-135:194,observed-comparison
2864601_0.371,2864601_0.371:u004,9,63228,20241115-01-random_heliotrons/20241115-01-022_heliotrons_finiteBeta_randomAspect_randomNfpUpTo8_noTorsion_flux_tubes/heliotron_randomAspect_finiteBeta_maxm1_maxn1_LMN8_003039.h5,54,9.519262313842773,0,joint_circular_roll_to_activation_center,-135:194,observed-comparison
2864601_0.371,2864601_0.371:u004,10,2004,20241103-01-random_equilibria_and_flux_tubes_random_aspect_ratio/20241103-01-062_generate_flux_tubes_nfp2/nfp2_randomAspect_finiteBeta_maxm4_maxn4_LMN8_000504.h5,54,9.5087308883667,0,joint_circular_roll_to_activation_center,-135:194,observed-comparison
2864601_0.371,2864601_0.371:u004,11,62677,20241115-01-random_heliotrons/20241115-01-022_heliotrons_finiteBeta_randomAspect_randomNfpUpTo8_noTorsion_flux_tubes/heliotron_randomAspect_finiteBeta_maxm1_maxn1_LMN8_002901.h5,63,9.285797119140625,0,joint_circular_roll_to_activation_center,-135:194,observed-comparison
2864601_0.371,2864601_0.371:u004,12,51173,20241115-01-random_heliotrons/20241115-01-022_heliotrons_finiteBeta_randomAspect_randomNfpUpTo8_noTorsion_flux_tubes/heliotron_randomAspect_finiteBeta_maxm1_maxn1_LMN8_000024.h5,57,9.037732124328613,0,joint_circular_roll_to_activation_center,-135:194,observed-comparison
2864601_0.371,2864601_0.371:u004,13,138,20241103-01-random_equilibria_and_flux_tubes_random_aspect_ratio/20241103-01-062_generate_flux_tubes_nfp2/nfp2_randomAspect_finiteBeta_maxm4_maxn4_LMN8_000034.h5,33,8.871725082397461,0,joint_circular_roll_to_activation_center,-135:194,observed-comparison
2864601_0.371,2864601_0.371:u004,14,63005,20241115-01-random_heliotrons/20241115-01-022_heliotrons_finiteBeta_randomAspect_randomNfpUpTo8_noTorsion_flux_tubes/heliotron_randomAspect_finiteBeta_maxm1_maxn1_LMN8_002983.h5,55,8.755020141601562,0,joint_circular_roll_to_activation_center,-135:194,observed-comparison
2864601_0.371,2864601_0.371:u004,15,62521,20241115-01-random_heliotrons/20241115-01-022_heliotrons_finiteBeta_randomAspect_randomNfpUpTo8_noTorsion_flux_tubes/heliotron_randomAspect_finiteBeta_maxm1_maxn1_LMN8_002862.h5,71,8.53177547454834,1,joint_circular_roll_to_activation_center,-135:194,observed-comparison
2864601_0.371,2864601_0.371:u004,16,56933,20241115-01-random_heliotrons/20241115-01-022_heliotrons_finiteBeta_randomAspect_randomNfpUpTo8_noTorsion_flux_tubes/heliotron_randomAspect_finiteBeta_maxm1_maxn1_LMN8_001464.h5,44,8.39981746673584,0,joint_circular_roll_to_activation_center,-135:194,observed-comparison
2864601_0.371,2864601_0.371:u005,1,58253,20241115-01-random_heliotrons/20241115-01-022_heliotrons_finiteBeta_randomAspect_randomNfpUpTo8_noTorsion_flux_tubes/heliotron_randomAspect_finiteBeta_maxm1_maxn1_LMN8_001795.h5,13,13.5494384765625,0,joint_circular_roll_to_activation_center,-135:194,observed-comparison
2864601_0.371,2864601_0.371:u005,2,61728,20241115-01-random_heliotrons/20241115-01-022_heliotrons_finiteBeta_randomAspect_randomNfpUpTo8_noTorsion_flux_tubes/heliotron_randomAspect_finiteBeta_maxm1_maxn1_LMN8_002664.h5,0,10.005890846252441,0,joint_circular_roll_to_activation_center,-135:194,observed-comparison
2864601_0.371,2864601_0.371:u005,3,84448,20241122-01-QUASR/20241122-01-030_QUASR_vacuum_equilibria_with_maxF_below_threshold_and_enough_iota_flux_tubes/QUASR_vacuum_000390.h5,27,9.805242538452148,0,joint_circular_roll_to_activation_center,-135:194,observed-comparison
2864601_0.371,2864601_0.371:u005,4,57550,20241115-01-random_heliotrons/20241115-01-022_heliotrons_finiteBeta_randomAspect_randomNfpUpTo8_noTorsion_flux_tubes/heliotron_randomAspect_finiteBeta_maxm1_maxn1_LMN8_001619.h5,6,8.459381103515625,0,joint_circular_roll_to_activation_center,-135:194,observed-comparison
2864601_0.371,2864601_0.371:u005,5,97850,20241122-01-QUASR/20241122-01-031_QUASR_finite_beta_equilibria_with_maxF_below_threshold_and_enough_iota_flux_tubes/QUASR_finiteBeta_003250.h5,37,8.234108924865723,0,joint_circular_roll_to_activation_center,-135:194,observed-comparison
2864601_0.371,2864601_0.371:u005,6,69892,20241115-01-random_heliotrons/20241115-01-023_heliotrons_finiteBeta_randomAspect_randomNfpUpTo8_withTorsion_flux_tubes/heliotron_randomAspect_finiteBeta_maxm1_maxn1_LMN8_001506.h5,17,8.104693412780762,0,joint_circular_roll_to_activation_center,-135:194,observed-comparison
2864601_0.371,2864601_0.371:u005,7,84142,20241122-01-QUASR/20241122-01-030_QUASR_vacuum_equilibria_with_maxF_below_threshold_and_enough_iota_flux_tubes/QUASR_vacuum_000375.h5,37,8.04500961303711,0,joint_circular_roll_to_activation_center,-135:194,observed-comparison
2864601_0.371,2864601_0.371:u005,8,81328,20241122-01-QUASR/20241122-01-030_QUASR_vacuum_equilibria_with_maxF_below_threshold_and_enough_iota_flux_tubes/QUASR_vacuum_000233.h5,63,7.950539588928223,0,joint_circular_roll_to_activation_center,-135:194,observed-comparison
2864601_0.371,2864601_0.371:u005,9,67637,20241115-01-random_heliotrons/20241115-01-023_heliotrons_finiteBeta_randomAspect_randomNfpUpTo8_withTorsion_flux_tubes/heliotron_randomAspect_finiteBeta_maxm1_maxn1_LMN8_000942.h5,22,7.828586101531982,0,joint_circular_roll_to_activation_center,-135:194,observed-comparison
2864601_0.371,2864601_0.371:u005,10,97829,20241122-01-QUASR/20241122-01-031_QUASR_finite_beta_equilibria_with_maxF_below_threshold_and_enough_iota_flux_tubes/QUASR_finiteBeta_003245.h5,0,7.699946403503418,0,joint_circular_roll_to_activation_center,-135:194,observed-comparison
2864601_0.371,2864601_0.371:u005,11,68283,20241115-01-random_heliotrons/20241115-01-023_heliotrons_finiteBeta_randomAspect_randomNfpUpTo8_withTorsion_flux_tubes/heliotron_randomAspect_finiteBeta_maxm1_maxn1_LMN8_001103.h5,10,7.54072904586792,1,joint_circular_roll_to_activation_center,-135:194,observed-comparison
2864601_0.371,2864601_0.371:u005,12,81193,20241122-01-QUASR/20241122-01-030_QUASR_vacuum_equilibria_with_maxF_below_threshold_and_enough_iota_flux_tubes/QUASR_vacuum_000227.h5,4,7.237224102020264,0,joint_circular_roll_to_activation_center,-135:194,observed-comparison
2864601_0.371,2864601_0.371:u005,13,90814,20241122-01-QUASR/20241122-01-031_QUASR_finite_beta_equilibria_with_maxF_below_threshold_and_enough_iota_flux_tubes/QUASR_finiteBeta_001491.h5,10,7.172937393188477,0,joint_circular_roll_to_activation_center,-135:194,observed-comparison
2864601_0.371,2864601_0.371:u005,14,68139,20241115-01-random_heliotrons/20241115-01-023_heliotrons_finiteBeta_randomAspect_randomNfpUpTo8_withTorsion_flux_tubes/heliotron_randomAspect_finiteBeta_maxm1_maxn1_LMN8_001067.h5,19,7.02493953704834,0,joint_circular_roll_to_activation_center,-135:194,observed-comparison
2864601_0.371,2864601_0.371:u005,15,67179,20241115-01-random_heliotrons/20241115-01-023_heliotrons_finiteBeta_randomAspect_randomNfpUpTo8_withTorsion_flux_tubes/heliotron_randomAspect_finiteBeta_maxm1_maxn1_LMN8_000827.h5,24,6.992036819458008,0,joint_circular_roll_to_activation_center,-135:194,observed-comparison
2864601_0.371,2864601_0.371:u005,16,30783,20241103-01-random_equilibria_and_flux_tubes_random_aspect_ratio/20241103-01-064_generate_flux_tubes_nfp4/nfp4_randomAspect_finiteBeta_maxm4_maxn4_LMN8_001325.h5,11,6.917168140411377,0,joint_circular_roll_to_activation_center,-135:194,observed-comparison
2864601_0.371,2864601_0.371:u008,1,56786,20241115-01-random_heliotrons/20241115-01-022_heliotrons_finiteBeta_randomAspect_randomNfpUpTo8_noTorsion_flux_tubes/heliotron_randomAspect_finiteBeta_maxm1_maxn1_LMN8_001428.h5,33,9.464521408081055,1,joint_circular_roll_to_activation_center,-135:194,observed-comparison
2864601_0.371,2864601_0.371:u008,2,23144,20241103-01-random_equilibria_and_flux_tubes_random_aspect_ratio/20241103-01-063_generate_flux_tubes_nfp3/nfp3_randomAspect_finiteBeta_maxm4_maxn4_LMN8_002612.h5,11,6.904529094696045,0,joint_circular_roll_to_activation_center,-135:194,observed-comparison
2864601_0.371,2864601_0.371:u008,3,13625,20241103-01-random_equilibria_and_flux_tubes_random_aspect_ratio/20241103-01-063_generate_flux_tubes_nfp3/nfp3_randomAspect_finiteBeta_maxm4_maxn4_LMN8_000226.h5,44,5.360878944396973,0,joint_circular_roll_to_activation_center,-135:194,observed-comparison
2864601_0.371,2864601_0.371:u008,4,67274,20241115-01-random_heliotrons/20241115-01-023_heliotrons_finiteBeta_randomAspect_randomNfpUpTo8_withTorsion_flux_tubes/heliotron_randomAspect_finiteBeta_maxm1_maxn1_LMN8_000851.h5,36,3.9672553539276123,0,joint_circular_roll_to_activation_center,-135:194,observed-comparison
2864601_0.371,2864601_0.371:u008,5,77750,20241122-01-QUASR/20241122-01-030_QUASR_vacuum_equilibria_with_maxF_below_threshold_and_enough_iota_flux_tubes/QUASR_vacuum_000054.h5,1,3.4873275756835938,0,joint_circular_roll_to_activation_center,-135:194,observed-comparison
2864601_0.371,2864601_0.371:u008,6,17316,20241103-01-random_equilibria_and_flux_tubes_random_aspect_ratio/20241103-01-063_generate_flux_tubes_nfp3/nfp3_randomAspect_finiteBeta_maxm4_maxn4_LMN8_001151.h5,0,2.7801554203033447,0,joint_circular_roll_to_activation_center,-135:194,observed-comparison
2864601_0.371,2864601_0.371:u008,7,32975,20241103-01-random_equilibria_and_flux_tubes_random_aspect_ratio/20241103-01-064_generate_flux_tubes_nfp4/nfp4_randomAspect_finiteBeta_maxm4_maxn4_LMN8_001873.h5,48,2.6529572010040283,0,joint_circular_roll_to_activation_center,-135:194,observed-comparison
2864601_0.371,2864601_0.371:u008,8,79054,20241122-01-QUASR/20241122-01-030_QUASR_vacuum_equilibria_with_maxF_below_threshold_and_enough_iota_flux_tubes/QUASR_vacuum_000120.h5,78,2.4533607959747314,0,joint_circular_roll_to_activation_center,-135:194,observed-comparison
2864601_0.371,2864601_0.371:u008,9,2545,20241103-01-random_equilibria_and_flux_tubes_random_aspect_ratio/20241103-01-062_generate_flux_tubes_nfp2/nfp2_randomAspect_finiteBeta_maxm4_maxn4_LMN8_000641.h5,43,2.367295265197754,0,joint_circular_roll_to_activation_center,-135:194,observed-comparison
2864601_0.371,2864601_0.371:u008,10,77086,20241122-01-QUASR/20241122-01-030_QUASR_vacuum_equilibria_with_maxF_below_threshold_and_enough_iota_flux_tubes/QUASR_vacuum_000021.h5,53,2.287240743637085,0,joint_circular_roll_to_activation_center,-135:194,observed-comparison
2864601_0.371,2864601_0.371:u008,11,82913,20241122-01-QUASR/20241122-01-030_QUASR_vacuum_equilibria_with_maxF_below_threshold_and_enough_iota_flux_tubes/QUASR_vacuum_000313.h5,63,2.2711362838745117,0,joint_circular_roll_to_activation_center,-135:194,observed-comparison
2864601_0.371,2864601_0.371:u008,12,93143,20241122-01-QUASR/20241122-01-031_QUASR_finite_beta_equilibria_with_maxF_below_threshold_and_enough_iota_flux_tubes/QUASR_finiteBeta_002073.h5,43,2.013362169265747,0,joint_circular_roll_to_activation_center,-135:194,observed-comparison
2864601_0.371,2864601_0.371:u008,13,89666,20241122-01-QUASR/20241122-01-031_QUASR_finite_beta_equilibria_with_maxF_below_threshold_and_enough_iota_flux_tubes/QUASR_finiteBeta_001203.h5,71,1.896918535232544,0,joint_circular_roll_to_activation_center,-135:194,observed-comparison
2864601_0.371,2864601_0.371:u008,14,1267,20241103-01-random_equilibria_and_flux_tubes_random_aspect_ratio/20241103-01-062_generate_flux_tubes_nfp2/nfp2_randomAspect_finiteBeta_maxm4_maxn4_LMN8_000319.h5,75,1.882619023323059,0,joint_circular_roll_to_activation_center,-135:194,observed-comparison
2864601_0.371,2864601_0.371:u008,15,83681,20241122-01-QUASR/20241122-01-030_QUASR_vacuum_equilibria_with_maxF_below_threshold_and_enough_iota_flux_tubes/QUASR_vacuum_000351.h5,61,1.7484395503997803,0,joint_circular_roll_to_activation_center,-135:194,observed-comparison
2864601_0.371,2864601_0.371:u008,16,6232,20241103-01-random_equilibria_and_flux_tubes_random_aspect_ratio/20241103-01-062_generate_flux_tubes_nfp2/nfp2_randomAspect_finiteBeta_maxm4_maxn4_LMN8_001568.h5,4,1.704196572303772,0,joint_circular_roll_to_activation_center,-135:194,observed-comparison
2864601_0.371,2864601_0.371:u009,1,85459,20241122-01-QUASR/20241122-01-031_QUASR_finite_beta_equilibria_with_maxF_below_threshold_and_enough_iota_flux_tubes/QUASR_finiteBeta_000140.h5,32,11.357818603515625,0,joint_circular_roll_to_activation_center,-135:194,observed-comparison
2864601_0.371,2864601_0.371:u009,2,86263,20241122-01-QUASR/20241122-01-031_QUASR_finite_beta_equilibria_with_maxF_below_threshold_and_enough_iota_flux_tubes/QUASR_finiteBeta_000342.h5,63,11.173789978027344,0,joint_circular_roll_to_activation_center,-135:194,observed-comparison
2864601_0.371,2864601_0.371:u009,3,85553,20241122-01-QUASR/20241122-01-031_QUASR_finite_beta_equilibria_with_maxF_below_threshold_and_enough_iota_flux_tubes/QUASR_finiteBeta_000164.h5,0,10.665903091430664,0,joint_circular_roll_to_activation_center,-135:194,observed-comparison
2864601_0.371,2864601_0.371:u009,4,2023,20241103-01-random_equilibria_and_flux_tubes_random_aspect_ratio/20241103-01-062_generate_flux_tubes_nfp2/nfp2_randomAspect_finiteBeta_maxm4_maxn4_LMN8_000509.h5,72,10.564645767211914,1,joint_circular_roll_to_activation_center,-135:194,observed-comparison
2864601_0.371,2864601_0.371:u009,5,21159,20241103-01-random_equilibria_and_flux_tubes_random_aspect_ratio/20241103-01-063_generate_flux_tubes_nfp3/nfp3_randomAspect_finiteBeta_maxm4_maxn4_LMN8_002116.h5,33,10.061497688293457,0,joint_circular_roll_to_activation_center,-135:194,observed-comparison
2864601_0.371,2864601_0.371:u009,6,37048,20241103-01-random_equilibria_and_flux_tubes_random_aspect_ratio/20241103-01-064_generate_flux_tubes_nfp4/nfp4_randomAspect_finiteBeta_maxm4_maxn4_LMN8_002891.h5,1,9.797207832336426,0,joint_circular_roll_to_activation_center,-135:194,observed-comparison
2864601_0.371,2864601_0.371:u009,7,77437,20241122-01-QUASR/20241122-01-030_QUASR_vacuum_equilibria_with_maxF_below_threshold_and_enough_iota_flux_tubes/QUASR_vacuum_000038.h5,32,9.5047607421875,0,joint_circular_roll_to_activation_center,-135:194,observed-comparison
2864601_0.371,2864601_0.371:u009,8,1392,20241103-01-random_equilibria_and_flux_tubes_random_aspect_ratio/20241103-01-062_generate_flux_tubes_nfp2/nfp2_randomAspect_finiteBeta_maxm4_maxn4_LMN8_000350.h5,3,9.449370384216309,0,joint_circular_roll_to_activation_center,-135:194,observed-comparison
2864601_0.371,2864601_0.371:u009,9,77604,20241122-01-QUASR/20241122-01-030_QUASR_vacuum_equilibria_with_maxF_below_threshold_and_enough_iota_flux_tubes/QUASR_vacuum_000047.h5,10,9.338984489440918,0,joint_circular_roll_to_activation_center,-135:194,observed-comparison
2864601_0.371,2864601_0.371:u009,10,91132,20241122-01-QUASR/20241122-01-031_QUASR_finite_beta_equilibria_with_maxF_below_threshold_and_enough_iota_flux_tubes/QUASR_finiteBeta_001570.h5,27,9.163433074951172,0,joint_circular_roll_to_activation_center,-135:194,observed-comparison
2864601_0.371,2864601_0.371:u009,11,28887,20241103-01-random_equilibria_and_flux_tubes_random_aspect_ratio/20241103-01-064_generate_flux_tubes_nfp4/nfp4_randomAspect_finiteBeta_maxm4_maxn4_LMN8_000850.h5,72,9.076202392578125,0,joint_circular_roll_to_activation_center,-135:194,observed-comparison
2864601_0.371,2864601_0.371:u009,12,87461,20241122-01-QUASR/20241122-01-031_QUASR_finite_beta_equilibria_with_maxF_below_threshold_and_enough_iota_flux_tubes/QUASR_finiteBeta_000644.h5,68,8.711427688598633,0,joint_circular_roll_to_activation_center,-135:194,observed-comparison
2864601_0.371,2864601_0.371:u009,13,86237,20241122-01-QUASR/20241122-01-031_QUASR_finite_beta_equilibria_with_maxF_below_threshold_and_enough_iota_flux_tubes/QUASR_finiteBeta_000335.h5,33,8.693016052246094,0,joint_circular_roll_to_activation_center,-135:194,observed-comparison
2864601_0.371,2864601_0.371:u009,14,77333,20241122-01-QUASR/20241122-01-030_QUASR_vacuum_equilibria_with_maxF_below_threshold_and_enough_iota_flux_tubes/QUASR_vacuum_000033.h5,26,8.566834449768066,0,joint_circular_roll_to_activation_center,-135:194,observed-comparison
2864601_0.371,2864601_0.371:u009,15,5384,20241103-01-random_equilibria_and_flux_tubes_random_aspect_ratio/20241103-01-062_generate_flux_tubes_nfp2/nfp2_randomAspect_finiteBeta_maxm4_maxn4_LMN8_001355.h5,34,8.349394798278809,0,joint_circular_roll_to_activation_center,-135:194,observed-comparison
2864601_0.371,2864601_0.371:u009,16,77539,20241122-01-QUASR/20241122-01-030_QUASR_vacuum_equilibria_with_maxF_below_threshold_and_enough_iota_flux_tubes/QUASR_vacuum_000043.h5,27,8.323301315307617,0,joint_circular_roll_to_activation_center,-135:194,observed-comparison
2864601_0.371,2864601_0.371:u010,1,86819,20241122-01-QUASR/20241122-01-031_QUASR_finite_beta_equilibria_with_maxF_below_threshold_and_enough_iota_flux_tubes/QUASR_finiteBeta_000482.h5,59,5.7648186683654785,0,joint_circular_roll_to_activation_center,-135:194,observed-comparison
2864601_0.371,2864601_0.371:u010,2,76264,20241115-01-random_heliotrons/20241115-01-023_heliotrons_finiteBeta_randomAspect_randomNfpUpTo8_withTorsion_flux_tubes/heliotron_randomAspect_finiteBeta_maxm1_maxn1_LMN8_003100.h5,65,5.761966228485107,0,joint_circular_roll_to_activation_center,-135:194,observed-comparison
2864601_0.371,2864601_0.371:u010,3,52065,20241115-01-random_heliotrons/20241115-01-022_heliotrons_finiteBeta_randomAspect_randomNfpUpTo8_noTorsion_flux_tubes/heliotron_randomAspect_finiteBeta_maxm1_maxn1_LMN8_000247.h5,53,5.747198104858398,0,joint_circular_roll_to_activation_center,-135:194,observed-comparison
2864601_0.371,2864601_0.371:u010,4,87891,20241122-01-QUASR/20241122-01-031_QUASR_finite_beta_equilibria_with_maxF_below_threshold_and_enough_iota_flux_tubes/QUASR_finiteBeta_000754.h5,26,5.675578594207764,1,joint_circular_roll_to_activation_center,-135:194,observed-comparison
2864601_0.371,2864601_0.371:u010,5,52349,20241115-01-random_heliotrons/20241115-01-022_heliotrons_finiteBeta_randomAspect_randomNfpUpTo8_noTorsion_flux_tubes/heliotron_randomAspect_finiteBeta_maxm1_maxn1_LMN8_000318.h5,45,5.191522121429443,0,joint_circular_roll_to_activation_center,-135:194,observed-comparison
2864601_0.371,2864601_0.371:u010,6,23080,20241103-01-random_equilibria_and_flux_tubes_random_aspect_ratio/20241103-01-063_generate_flux_tubes_nfp3/nfp3_randomAspect_finiteBeta_maxm4_maxn4_LMN8_002596.h5,63,5.178589344024658,0,joint_circular_roll_to_activation_center,-135:194,observed-comparison
2864601_0.371,2864601_0.371:u010,7,53785,20241115-01-random_heliotrons/20241115-01-022_heliotrons_finiteBeta_randomAspect_randomNfpUpTo8_noTorsion_flux_tubes/heliotron_randomAspect_finiteBeta_maxm1_maxn1_LMN8_000677.h5,56,4.857186317443848,0,joint_circular_roll_to_activation_center,-135:194,observed-comparison
2864601_0.371,2864601_0.371:u010,8,63228,20241115-01-random_heliotrons/20241115-01-022_heliotrons_finiteBeta_randomAspect_randomNfpUpTo8_noTorsion_flux_tubes/heliotron_randomAspect_finiteBeta_maxm1_maxn1_LMN8_003039.h5,62,4.819951057434082,0,joint_circular_roll_to_activation_center,-135:194,observed-comparison
2864601_0.371,2864601_0.371:u010,9,63005,20241115-01-random_heliotrons/20241115-01-022_heliotrons_finiteBeta_randomAspect_randomNfpUpTo8_noTorsion_flux_tubes/heliotron_randomAspect_finiteBeta_maxm1_maxn1_LMN8_002983.h5,62,4.6799421310424805,0,joint_circular_roll_to_activation_center,-135:194,observed-comparison
2864601_0.371,2864601_0.371:u010,10,55161,20241115-01-random_heliotrons/20241115-01-022_heliotrons_finiteBeta_randomAspect_randomNfpUpTo8_noTorsion_flux_tubes/heliotron_randomAspect_finiteBeta_maxm1_maxn1_LMN8_001021.h5,61,4.620070934295654,0,joint_circular_roll_to_activation_center,-135:194,observed-comparison
2864601_0.371,2864601_0.371:u010,11,58144,20241115-01-random_heliotrons/20241115-01-022_heliotrons_finiteBeta_randomAspect_randomNfpUpTo8_noTorsion_flux_tubes/heliotron_randomAspect_finiteBeta_maxm1_maxn1_LMN8_001767.h5,63,4.531335353851318,0,joint_circular_roll_to_activation_center,-135:194,observed-comparison
2864601_0.371,2864601_0.371:u010,12,62677,20241115-01-random_heliotrons/20241115-01-022_heliotrons_finiteBeta_randomAspect_randomNfpUpTo8_noTorsion_flux_tubes/heliotron_randomAspect_finiteBeta_maxm1_maxn1_LMN8_002901.h5,9,4.493503570556641,0,joint_circular_roll_to_activation_center,-135:194,observed-comparison
2864601_0.371,2864601_0.371:u010,13,51173,20241115-01-random_heliotrons/20241115-01-022_heliotrons_finiteBeta_randomAspect_randomNfpUpTo8_noTorsion_flux_tubes/heliotron_randomAspect_finiteBeta_maxm1_maxn1_LMN8_000024.h5,54,4.289582252502441,0,joint_circular_roll_to_activation_center,-135:194,observed-comparison
2864601_0.371,2864601_0.371:u010,14,56933,20241115-01-random_heliotrons/20241115-01-022_heliotrons_finiteBeta_randomAspect_randomNfpUpTo8_noTorsion_flux_tubes/heliotron_randomAspect_finiteBeta_maxm1_maxn1_LMN8_001464.h5,61,3.9649124145507812,0,joint_circular_roll_to_activation_center,-135:194,observed-comparison
2864601_0.371,2864601_0.371:u010,15,87496,20241122-01-QUASR/20241122-01-031_QUASR_finite_beta_equilibria_with_maxF_below_threshold_and_enough_iota_flux_tubes/QUASR_finiteBeta_000653.h5,25,3.8874926567077637,1,joint_circular_roll_to_activation_center,-135:194,observed-comparison
2864601_0.371,2864601_0.371:u010,16,138,20241103-01-random_equilibria_and_flux_tubes_random_aspect_ratio/20241103-01-062_generate_flux_tubes_nfp2/nfp2_randomAspect_finiteBeta_maxm4_maxn4_LMN8_000034.h5,75,3.8614447116851807,0,joint_circular_roll_to_activation_center,-135:194,observed-comparison
2864601_0.371,2864601_0.371:u011,1,77636,20241122-01-QUASR/20241122-01-030_QUASR_vacuum_equilibria_with_maxF_below_threshold_and_enough_iota_flux_tubes/QUASR_vacuum_000049.h5,12,10.736674308776855,0,joint_circular_roll_to_activation_center,-135:194,observed-comparison
2864601_0.371,2864601_0.371:u011,2,78056,20241122-01-QUASR/20241122-01-030_QUASR_vacuum_equilibria_with_maxF_below_threshold_and_enough_iota_flux_tubes/QUASR_vacuum_000070.h5,13,9.73307991027832,0,joint_circular_roll_to_activation_center,-135:194,observed-comparison
2864601_0.371,2864601_0.371:u011,3,87885,20241122-01-QUASR/20241122-01-031_QUASR_finite_beta_equilibria_with_maxF_below_threshold_and_enough_iota_flux_tubes/QUASR_finiteBeta_000752.h5,46,9.17638874053955,0,joint_circular_roll_to_activation_center,-135:194,observed-comparison
2864601_0.371,2864601_0.371:u011,4,79336,20241122-01-QUASR/20241122-01-030_QUASR_vacuum_equilibria_with_maxF_below_threshold_and_enough_iota_flux_tubes/QUASR_vacuum_000134.h5,40,8.068586349487305,0,joint_circular_roll_to_activation_center,-135:194,observed-comparison
2864601_0.371,2864601_0.371:u011,5,8376,20241103-01-random_equilibria_and_flux_tubes_random_aspect_ratio/20241103-01-062_generate_flux_tubes_nfp2/nfp2_randomAspect_finiteBeta_maxm4_maxn4_LMN8_002106.h5,43,7.383866786956787,0,joint_circular_roll_to_activation_center,-135:194,observed-comparison
2864601_0.371,2864601_0.371:u011,6,86188,20241122-01-QUASR/20241122-01-031_QUASR_finite_beta_equilibria_with_maxF_below_threshold_and_enough_iota_flux_tubes/QUASR_finiteBeta_000323.h5,75,7.136227130889893,1,joint_circular_roll_to_activation_center,-135:194,observed-comparison
2864601_0.371,2864601_0.371:u011,7,86246,20241122-01-QUASR/20241122-01-031_QUASR_finite_beta_equilibria_with_maxF_below_threshold_and_enough_iota_flux_tubes/QUASR_finiteBeta_000338.h5,8,7.103715419769287,0,joint_circular_roll_to_activation_center,-135:194,observed-comparison
2864601_0.371,2864601_0.371:u011,8,86263,20241122-01-QUASR/20241122-01-031_QUASR_finite_beta_equilibria_with_maxF_below_threshold_and_enough_iota_flux_tubes/QUASR_finiteBeta_000342.h5,77,6.77603006362915,1,joint_circular_roll_to_activation_center,-135:194,observed-comparison
2864601_0.371,2864601_0.371:u011,9,87710,20241122-01-QUASR/20241122-01-031_QUASR_finite_beta_equilibria_with_maxF_below_threshold_and_enough_iota_flux_tubes/QUASR_finiteBeta_000707.h5,38,6.767622947692871,0,joint_circular_roll_to_activation_center,-135:194,observed-comparison
2864601_0.371,2864601_0.371:u011,10,78351,20241122-01-QUASR/20241122-01-030_QUASR_vacuum_equilibria_with_maxF_below_threshold_and_enough_iota_flux_tubes/QUASR_vacuum_000085.h5,9,6.615002155303955,1,joint_circular_roll_to_activation_center,-135:194,observed-comparison
2864601_0.371,2864601_0.371:u011,11,86286,20241122-01-QUASR/20241122-01-031_QUASR_finite_beta_equilibria_with_maxF_below_threshold_and_enough_iota_flux_tubes/QUASR_finiteBeta_000348.h5,55,6.55753755569458,0,joint_circular_roll_to_activation_center,-135:194,observed-comparison
2864601_0.371,2864601_0.371:u011,12,82954,20241122-01-QUASR/20241122-01-030_QUASR_vacuum_equilibria_with_maxF_below_threshold_and_enough_iota_flux_tubes/QUASR_vacuum_000315.h5,54,6.482341289520264,0,joint_circular_roll_to_activation_center,-135:194,observed-comparison
2864601_0.371,2864601_0.371:u011,13,86630,20241122-01-QUASR/20241122-01-031_QUASR_finite_beta_equilibria_with_maxF_below_threshold_and_enough_iota_flux_tubes/QUASR_finiteBeta_000435.h5,4,6.454334735870361,0,joint_circular_roll_to_activation_center,-135:194,observed-comparison
2864601_0.371,2864601_0.371:u011,14,42053,20241103-01-random_equilibria_and_flux_tubes_random_aspect_ratio/20241103-01-065_generate_flux_tubes_nfp5/nfp5_randomAspect_finiteBeta_maxm4_maxn4_LMN8_000943.h5,8,6.202635288238525,0,joint_circular_roll_to_activation_center,-135:194,observed-comparison
2864601_0.371,2864601_0.371:u011,15,83853,20241122-01-QUASR/20241122-01-030_QUASR_vacuum_equilibria_with_maxF_below_threshold_and_enough_iota_flux_tubes/QUASR_vacuum_000360.h5,5,6.027315616607666,0,joint_circular_roll_to_activation_center,-135:194,observed-comparison
2864601_0.371,2864601_0.371:u011,16,89732,20241122-01-QUASR/20241122-01-031_QUASR_finite_beta_equilibria_with_maxF_below_threshold_and_enough_iota_flux_tubes/QUASR_finiteBeta_001220.h5,41,5.875321865081787,0,joint_circular_roll_to_activation_center,-135:194,observed-comparison
2864601_0.371,2864601_0.371:u012,1,91132,20241122-01-QUASR/20241122-01-031_QUASR_finite_beta_equilibria_with_maxF_below_threshold_and_enough_iota_flux_tubes/QUASR_finiteBeta_001570.h5,71,7.41379451751709,0,joint_circular_roll_to_activation_center,-135:194,observed-comparison
2864601_0.371,2864601_0.371:u012,2,42053,20241103-01-random_equilibria_and_flux_tubes_random_aspect_ratio/20241103-01-065_generate_flux_tubes_nfp5/nfp5_randomAspect_finiteBeta_maxm4_maxn4_LMN8_000943.h5,21,6.5039286613464355,0,joint_circular_roll_to_activation_center,-135:194,observed-comparison
2864601_0.371,2864601_0.371:u012,3,25816,20241103-01-random_equilibria_and_flux_tubes_random_aspect_ratio/20241103-01-064_generate_flux_tubes_nfp4/nfp4_randomAspect_finiteBeta_maxm4_maxn4_LMN8_000082.h5,72,5.862965106964111,0,joint_circular_roll_to_activation_center,-135:194,observed-comparison
2864601_0.371,2864601_0.371:u012,4,83364,20241122-01-QUASR/20241122-01-030_QUASR_vacuum_equilibria_with_maxF_below_threshold_and_enough_iota_flux_tubes/QUASR_vacuum_000336.h5,16,4.970247745513916,0,joint_circular_roll_to_activation_center,-135:194,observed-comparison
2864601_0.371,2864601_0.371:u012,5,46299,20241103-01-random_equilibria_and_flux_tubes_random_aspect_ratio/20241103-01-065_generate_flux_tubes_nfp5/nfp5_randomAspect_finiteBeta_maxm4_maxn4_LMN8_002005.h5,77,4.95745849609375,0,joint_circular_roll_to_activation_center,-135:194,observed-comparison
2864601_0.371,2864601_0.371:u012,6,25760,20241103-01-random_equilibria_and_flux_tubes_random_aspect_ratio/20241103-01-064_generate_flux_tubes_nfp4/nfp4_randomAspect_finiteBeta_maxm4_maxn4_LMN8_000068.h5,71,4.392841815948486,0,joint_circular_roll_to_activation_center,-135:194,observed-comparison
2864601_0.371,2864601_0.371:u012,7,17991,20241103-01-random_equilibria_and_flux_tubes_random_aspect_ratio/20241103-01-063_generate_flux_tubes_nfp3/nfp3_randomAspect_finiteBeta_maxm4_maxn4_LMN8_001321.h5,2,4.319528579711914,0,joint_circular_roll_to_activation_center,-135:194,observed-comparison
2864601_0.371,2864601_0.371:u012,8,13756,20241103-01-random_equilibria_and_flux_tubes_random_aspect_ratio/20241103-01-063_generate_flux_tubes_nfp3/nfp3_randomAspect_finiteBeta_maxm4_maxn4_LMN8_000259.h5,73,3.6902968883514404,1,joint_circular_roll_to_activation_center,-135:194,observed-comparison
2864601_0.371,2864601_0.371:u012,9,72098,20241115-01-random_heliotrons/20241115-01-023_heliotrons_finiteBeta_randomAspect_randomNfpUpTo8_withTorsion_flux_tubes/heliotron_randomAspect_finiteBeta_maxm1_maxn1_LMN8_002058.h5,58,3.3655073642730713,0,joint_circular_roll_to_activation_center,-135:194,observed-comparison
2864601_0.371,2864601_0.371:u012,10,31355,20241103-01-random_equilibria_and_flux_tubes_random_aspect_ratio/20241103-01-064_generate_flux_tubes_nfp4/nfp4_randomAspect_finiteBeta_maxm4_maxn4_LMN8_001468.h5,63,3.36148738861084,0,joint_circular_roll_to_activation_center,-135:194,observed-comparison
2864601_0.371,2864601_0.371:u012,11,83098,20241122-01-QUASR/20241122-01-030_QUASR_vacuum_equilibria_with_maxF_below_threshold_and_enough_iota_flux_tubes/QUASR_vacuum_000322.h5,6,3.3499867916107178,0,joint_circular_roll_to_activation_center,-135:194,observed-comparison
2864601_0.371,2864601_0.371:u012,12,45034,20241103-01-random_equilibria_and_flux_tubes_random_aspect_ratio/20241103-01-065_generate_flux_tubes_nfp5/nfp5_randomAspect_finiteBeta_maxm4_maxn4_LMN8_001689.h5,71,3.3357596397399902,0,joint_circular_roll_to_activation_center,-135:194,observed-comparison
2864601_0.371,2864601_0.371:u012,13,83359,20241122-01-QUASR/20241122-01-030_QUASR_vacuum_equilibria_with_maxF_below_threshold_and_enough_iota_flux_tubes/QUASR_vacuum_000335.h5,0,3.2365379333496094,0,joint_circular_roll_to_activation_center,-135:194,observed-comparison
2864601_0.371,2864601_0.371:u012,14,77411,20241122-01-QUASR/20241122-01-030_QUASR_vacuum_equilibria_with_maxF_below_threshold_and_enough_iota_flux_tubes/QUASR_vacuum_000037.h5,9,3.228721857070923,1,joint_circular_roll_to_activation_center,-135:194,observed-comparison
2864601_0.371,2864601_0.371:u012,15,38750,20241103-01-random_equilibria_and_flux_tubes_random_aspect_ratio/20241103-01-065_generate_flux_tubes_nfp5/nfp5_randomAspect_finiteBeta_maxm4_maxn4_LMN8_000117.h5,69,3.0757882595062256,1,joint_circular_roll_to_activation_center,-135:194,observed-comparison
2864601_0.371,2864601_0.371:u012,16,17316,20241103-01-random_equilibria_and_flux_tubes_random_aspect_ratio/20241103-01-063_generate_flux_tubes_nfp3/nfp3_randomAspect_finiteBeta_maxm4_maxn4_LMN8_001151.h5,24,3.0731444358825684,0,joint_circular_roll_to_activation_center,-135:194,observed-comparison
2864601_0.371,2864601_0.371:u013,1,14550,20241103-01-random_equilibria_and_flux_tubes_random_aspect_ratio/20241103-01-063_generate_flux_tubes_nfp3/nfp3_randomAspect_finiteBeta_maxm4_maxn4_LMN8_000458.h5,53,19.091930389404297,0,joint_circular_roll_to_activation_center,-135:194,observed-comparison
2864601_0.371,2864601_0.371:u013,2,21287,20241103-01-random_equilibria_and_flux_tubes_random_aspect_ratio/20241103-01-063_generate_flux_tubes_nfp3/nfp3_randomAspect_finiteBeta_maxm4_maxn4_LMN8_002148.h5,53,12.825593948364258,0,joint_circular_roll_to_activation_center,-135:194,observed-comparison
2864601_0.371,2864601_0.371:u013,3,2545,20241103-01-random_equilibria_and_flux_tubes_random_aspect_ratio/20241103-01-062_generate_flux_tubes_nfp2/nfp2_randomAspect_finiteBeta_maxm4_maxn4_LMN8_000641.h5,50,12.704012870788574,0,joint_circular_roll_to_activation_center,-135:194,observed-comparison
2864601_0.371,2864601_0.371:u013,4,86844,20241122-01-QUASR/20241122-01-031_QUASR_finite_beta_equilibria_with_maxF_below_threshold_and_enough_iota_flux_tubes/QUASR_finiteBeta_000488.h5,50,12.690374374389648,0,joint_circular_roll_to_activation_center,-135:194,observed-comparison
2864601_0.371,2864601_0.371:u013,5,86724,20241122-01-QUASR/20241122-01-031_QUASR_finite_beta_equilibria_with_maxF_below_threshold_and_enough_iota_flux_tubes/QUASR_finiteBeta_000458.h5,51,11.182562828063965,0,joint_circular_roll_to_activation_center,-135:194,observed-comparison
2864601_0.371,2864601_0.371:u013,6,23144,20241103-01-random_equilibria_and_flux_tubes_random_aspect_ratio/20241103-01-063_generate_flux_tubes_nfp3/nfp3_randomAspect_finiteBeta_maxm4_maxn4_LMN8_002612.h5,5,10.885213851928711,0,joint_circular_roll_to_activation_center,-135:194,observed-comparison
2864601_0.371,2864601_0.371:u013,7,85525,20241122-01-QUASR/20241122-01-031_QUASR_finite_beta_equilibria_with_maxF_below_threshold_and_enough_iota_flux_tubes/QUASR_finiteBeta_000157.h5,1,9.992562294006348,1,joint_circular_roll_to_activation_center,-135:194,observed-comparison
2864601_0.371,2864601_0.371:u013,8,86286,20241122-01-QUASR/20241122-01-031_QUASR_finite_beta_equilibria_with_maxF_below_threshold_and_enough_iota_flux_tubes/QUASR_finiteBeta_000348.h5,50,9.700783729553223,0,joint_circular_roll_to_activation_center,-135:194,observed-comparison
2864601_0.371,2864601_0.371:u013,9,2023,20241103-01-random_equilibria_and_flux_tubes_random_aspect_ratio/20241103-01-062_generate_flux_tubes_nfp2/nfp2_randomAspect_finiteBeta_maxm4_maxn4_LMN8_000509.h5,9,9.569243431091309,1,joint_circular_roll_to_activation_center,-135:194,observed-comparison
2864601_0.371,2864601_0.371:u013,10,13676,20241103-01-random_equilibria_and_flux_tubes_random_aspect_ratio/20241103-01-063_generate_flux_tubes_nfp3/nfp3_randomAspect_finiteBeta_maxm4_maxn4_LMN8_000239.h5,49,9.180818557739258,0,joint_circular_roll_to_activation_center,-135:194,observed-comparison
2864601_0.371,2864601_0.371:u013,11,70619,20241115-01-random_heliotrons/20241115-01-023_heliotrons_finiteBeta_randomAspect_randomNfpUpTo8_withTorsion_flux_tubes/heliotron_randomAspect_finiteBeta_maxm1_maxn1_LMN8_001688.h5,43,8.628069877624512,0,joint_circular_roll_to_activation_center,-135:194,observed-comparison
2864601_0.371,2864601_0.371:u013,12,64462,20241115-01-random_heliotrons/20241115-01-023_heliotrons_finiteBeta_randomAspect_randomNfpUpTo8_withTorsion_flux_tubes/heliotron_randomAspect_finiteBeta_maxm1_maxn1_LMN8_000148.h5,51,8.145357131958008,0,joint_circular_roll_to_activation_center,-135:194,observed-comparison
2864601_0.371,2864601_0.371:u013,13,82011,20241122-01-QUASR/20241122-01-030_QUASR_vacuum_equilibria_with_maxF_below_threshold_and_enough_iota_flux_tubes/QUASR_vacuum_000268.h5,50,7.8594465255737305,0,joint_circular_roll_to_activation_center,-135:194,observed-comparison
2864601_0.371,2864601_0.371:u013,14,13625,20241103-01-random_equilibria_and_flux_tubes_random_aspect_ratio/20241103-01-063_generate_flux_tubes_nfp3/nfp3_randomAspect_finiteBeta_maxm4_maxn4_LMN8_000226.h5,54,7.776330947875977,0,joint_circular_roll_to_activation_center,-135:194,observed-comparison
2864601_0.371,2864601_0.371:u013,15,87461,20241122-01-QUASR/20241122-01-031_QUASR_finite_beta_equilibria_with_maxF_below_threshold_and_enough_iota_flux_tubes/QUASR_finiteBeta_000644.h5,2,7.465980052947998,1,joint_circular_roll_to_activation_center,-135:194,observed-comparison
2864601_0.371,2864601_0.371:u013,16,87360,20241122-01-QUASR/20241122-01-031_QUASR_finite_beta_equilibria_with_maxF_below_threshold_and_enough_iota_flux_tubes/QUASR_finiteBeta_000618.h5,53,7.349553108215332,0,joint_circular_roll_to_activation_center,-135:194,observed-comparison
2864601_0.371,2864601_0.371:u014,1,56786,20241115-01-random_heliotrons/20241115-01-022_heliotrons_finiteBeta_randomAspect_randomNfpUpTo8_noTorsion_flux_tubes/heliotron_randomAspect_finiteBeta_maxm1_maxn1_LMN8_001428.h5,25,7.587844371795654,1,joint_circular_roll_to_activation_center,-135:194,observed-comparison
2864601_0.371,2864601_0.371:u014,2,67075,20241115-01-random_heliotrons/20241115-01-023_heliotrons_finiteBeta_randomAspect_randomNfpUpTo8_withTorsion_flux_tubes/heliotron_randomAspect_finiteBeta_maxm1_maxn1_LMN8_000801.h5,70,7.514089107513428,0,joint_circular_roll_to_activation_center,-135:194,observed-comparison
2864601_0.371,2864601_0.371:u014,3,82011,20241122-01-QUASR/20241122-01-030_QUASR_vacuum_equilibria_with_maxF_below_threshold_and_enough_iota_flux_tubes/QUASR_vacuum_000268.h5,6,5.608028411865234,0,joint_circular_roll_to_activation_center,-135:194,observed-comparison
2864601_0.371,2864601_0.371:u014,4,68283,20241115-01-random_heliotrons/20241115-01-023_heliotrons_finiteBeta_randomAspect_randomNfpUpTo8_withTorsion_flux_tubes/heliotron_randomAspect_finiteBeta_maxm1_maxn1_LMN8_001103.h5,34,5.599047660827637,0,joint_circular_roll_to_activation_center,-135:194,observed-comparison
2864601_0.371,2864601_0.371:u014,5,59606,20241115-01-random_heliotrons/20241115-01-022_heliotrons_finiteBeta_randomAspect_randomNfpUpTo8_noTorsion_flux_tubes/heliotron_randomAspect_finiteBeta_maxm1_maxn1_LMN8_002133.h5,16,5.391882419586182,0,joint_circular_roll_to_activation_center,-135:194,observed-comparison
2864601_0.371,2864601_0.371:u014,6,63893,20241115-01-random_heliotrons/20241115-01-023_heliotrons_finiteBeta_randomAspect_randomNfpUpTo8_withTorsion_flux_tubes/heliotron_randomAspect_finiteBeta_maxm1_maxn1_LMN8_000005.h5,45,5.244733810424805,0,joint_circular_roll_to_activation_center,-135:194,observed-comparison
2864601_0.371,2864601_0.371:u014,7,94326,20241122-01-QUASR/20241122-01-031_QUASR_finite_beta_equilibria_with_maxF_below_threshold_and_enough_iota_flux_tubes/QUASR_finiteBeta_002369.h5,55,4.376054286956787,0,joint_circular_roll_to_activation_center,-135:194,observed-comparison
2864601_0.371,2864601_0.371:u014,8,89124,20241122-01-QUASR/20241122-01-031_QUASR_finite_beta_equilibria_with_maxF_below_threshold_and_enough_iota_flux_tubes/QUASR_finiteBeta_001064.h5,63,4.363517761230469,0,joint_circular_roll_to_activation_center,-135:194,observed-comparison
2864601_0.371,2864601_0.371:u014,9,83833,20241122-01-QUASR/20241122-01-030_QUASR_vacuum_equilibria_with_maxF_below_threshold_and_enough_iota_flux_tubes/QUASR_vacuum_000359.h5,45,4.31910514831543,0,joint_circular_roll_to_activation_center,-135:194,observed-comparison
2864601_0.371,2864601_0.371:u014,10,89666,20241122-01-QUASR/20241122-01-031_QUASR_finite_beta_equilibria_with_maxF_below_threshold_and_enough_iota_flux_tubes/QUASR_finiteBeta_001203.h5,55,4.286906719207764,0,joint_circular_roll_to_activation_center,-135:194,observed-comparison
2864601_0.371,2864601_0.371:u014,11,83681,20241122-01-QUASR/20241122-01-030_QUASR_vacuum_equilibria_with_maxF_below_threshold_and_enough_iota_flux_tubes/QUASR_vacuum_000351.h5,46,4.225178241729736,0,joint_circular_roll_to_activation_center,-135:194,observed-comparison
2864601_0.371,2864601_0.371:u014,12,89770,20241122-01-QUASR/20241122-01-031_QUASR_finite_beta_equilibria_with_maxF_below_threshold_and_enough_iota_flux_tubes/QUASR_finiteBeta_001229.h5,60,4.129660606384277,0,joint_circular_roll_to_activation_center,-135:194,observed-comparison
2864601_0.371,2864601_0.371:u014,13,89950,20241122-01-QUASR/20241122-01-031_QUASR_finite_beta_equilibria_with_maxF_below_threshold_and_enough_iota_flux_tubes/QUASR_finiteBeta_001274.h5,61,3.975769519805908,0,joint_circular_roll_to_activation_center,-135:194,observed-comparison
2864601_0.371,2864601_0.371:u014,14,89019,20241122-01-QUASR/20241122-01-031_QUASR_finite_beta_equilibria_with_maxF_below_threshold_and_enough_iota_flux_tubes/QUASR_finiteBeta_001038.h5,38,3.956022262573242,0,joint_circular_roll_to_activation_center,-135:194,observed-comparison
2864601_0.371,2864601_0.371:u014,15,89868,20241122-01-QUASR/20241122-01-031_QUASR_finite_beta_equilibria_with_maxF_below_threshold_and_enough_iota_flux_tubes/QUASR_finiteBeta_001254.h5,41,3.8259475231170654,0,joint_circular_roll_to_activation_center,-135:194,observed-comparison
2864601_0.371,2864601_0.371:u014,16,86819,20241122-01-QUASR/20241122-01-031_QUASR_finite_beta_equilibria_with_maxF_below_threshold_and_enough_iota_flux_tubes/QUASR_finiteBeta_000482.h5,11,3.766981363296509,0,joint_circular_roll_to_activation_center,-135:194,observed-comparison
2864601_0.371,2864601_0.371:u015,1,68283,20241115-01-random_heliotrons/20241115-01-023_heliotrons_finiteBeta_randomAspect_randomNfpUpTo8_withTorsion_flux_tubes/heliotron_randomAspect_finiteBeta_maxm1_maxn1_LMN8_001103.h5,35,23.688535690307617,1,joint_circular_roll_to_activation_center,-135:194,observed-comparison
2864601_0.371,2864601_0.371:u015,2,67075,20241115-01-random_heliotrons/20241115-01-023_heliotrons_finiteBeta_randomAspect_randomNfpUpTo8_withTorsion_flux_tubes/heliotron_randomAspect_finiteBeta_maxm1_maxn1_LMN8_000801.h5,35,21.390766143798828,0,joint_circular_roll_to_activation_center,-135:194,observed-comparison
2864601_0.371,2864601_0.371:u015,3,67274,20241115-01-random_heliotrons/20241115-01-023_heliotrons_finiteBeta_randomAspect_randomNfpUpTo8_withTorsion_flux_tubes/heliotron_randomAspect_finiteBeta_maxm1_maxn1_LMN8_000851.h5,37,20.687774658203125,0,joint_circular_roll_to_activation_center,-135:194,observed-comparison
2864601_0.371,2864601_0.371:u015,4,59571,20241115-01-random_heliotrons/20241115-01-022_heliotrons_finiteBeta_randomAspect_randomNfpUpTo8_noTorsion_flux_tubes/heliotron_randomAspect_finiteBeta_maxm1_maxn1_LMN8_002124.h5,15,18.52244758605957,0,joint_circular_roll_to_activation_center,-135:194,observed-comparison
2864601_0.371,2864601_0.371:u015,5,14550,20241103-01-random_equilibria_and_flux_tubes_random_aspect_ratio/20241103-01-063_generate_flux_tubes_nfp3/nfp3_randomAspect_finiteBeta_maxm4_maxn4_LMN8_000458.h5,11,17.254304885864258,0,joint_circular_roll_to_activation_center,-135:194,observed-comparison
2864601_0.371,2864601_0.371:u015,6,56786,20241115-01-random_heliotrons/20241115-01-022_heliotrons_finiteBeta_randomAspect_randomNfpUpTo8_noTorsion_flux_tubes/heliotron_randomAspect_finiteBeta_maxm1_maxn1_LMN8_001428.h5,27,16.9080810546875,0,joint_circular_roll_to_activation_center,-135:194,observed-comparison
2864601_0.371,2864601_0.371:u015,7,67179,20241115-01-random_heliotrons/20241115-01-023_heliotrons_finiteBeta_randomAspect_randomNfpUpTo8_withTorsion_flux_tubes/heliotron_randomAspect_finiteBeta_maxm1_maxn1_LMN8_000827.h5,49,15.6414155960083,0,joint_circular_roll_to_activation_center,-135:194,observed-comparison
2864601_0.371,2864601_0.371:u015,8,55225,20241115-01-random_heliotrons/20241115-01-022_heliotrons_finiteBeta_randomAspect_randomNfpUpTo8_noTorsion_flux_tubes/heliotron_randomAspect_finiteBeta_maxm1_maxn1_LMN8_001037.h5,49,15.57132339477539,0,joint_circular_roll_to_activation_center,-135:194,observed-comparison
2864601_0.371,2864601_0.371:u015,9,61728,20241115-01-random_heliotrons/20241115-01-022_heliotrons_finiteBeta_randomAspect_randomNfpUpTo8_noTorsion_flux_tubes/heliotron_randomAspect_finiteBeta_maxm1_maxn1_LMN8_002664.h5,36,14.729527473449707,0,joint_circular_roll_to_activation_center,-135:194,observed-comparison
2864601_0.371,2864601_0.371:u015,10,62098,20241115-01-random_heliotrons/20241115-01-022_heliotrons_finiteBeta_randomAspect_randomNfpUpTo8_noTorsion_flux_tubes/heliotron_randomAspect_finiteBeta_maxm1_maxn1_LMN8_002756.h5,24,14.331539154052734,0,joint_circular_roll_to_activation_center,-135:194,observed-comparison
2864601_0.371,2864601_0.371:u015,11,82011,20241122-01-QUASR/20241122-01-030_QUASR_vacuum_equilibria_with_maxF_below_threshold_and_enough_iota_flux_tubes/QUASR_vacuum_000268.h5,2,14.098901748657227,0,joint_circular_roll_to_activation_center,-135:194,observed-comparison
2864601_0.371,2864601_0.371:u015,12,67637,20241115-01-random_heliotrons/20241115-01-023_heliotrons_finiteBeta_randomAspect_randomNfpUpTo8_withTorsion_flux_tubes/heliotron_randomAspect_finiteBeta_maxm1_maxn1_LMN8_000942.h5,49,13.880971908569336,0,joint_circular_roll_to_activation_center,-135:194,observed-comparison
2864601_0.371,2864601_0.371:u015,13,63016,20241115-01-random_heliotrons/20241115-01-022_heliotrons_finiteBeta_randomAspect_randomNfpUpTo8_noTorsion_flux_tubes/heliotron_randomAspect_finiteBeta_maxm1_maxn1_LMN8_002986.h5,0,13.687180519104004,0,joint_circular_roll_to_activation_center,-135:194,observed-comparison
2864601_0.371,2864601_0.371:u015,14,64714,20241115-01-random_heliotrons/20241115-01-023_heliotrons_finiteBeta_randomAspect_randomNfpUpTo8_withTorsion_flux_tubes/heliotron_randomAspect_finiteBeta_maxm1_maxn1_LMN8_000211.h5,49,13.464035034179688,0,joint_circular_roll_to_activation_center,-135:194,observed-comparison
2864601_0.371,2864601_0.371:u015,15,74436,20241115-01-random_heliotrons/20241115-01-023_heliotrons_finiteBeta_randomAspect_randomNfpUpTo8_withTorsion_flux_tubes/heliotron_randomAspect_finiteBeta_maxm1_maxn1_LMN8_002643.h5,9,13.452618598937988,0,joint_circular_roll_to_activation_center,-135:194,observed-comparison
2864601_0.371,2864601_0.371:u015,16,83025,20241122-01-QUASR/20241122-01-030_QUASR_vacuum_equilibria_with_maxF_below_threshold_and_enough_iota_flux_tubes/QUASR_vacuum_000319.h5,5,13.256600379943848,0,joint_circular_roll_to_activation_center,-135:194,observed-comparison
2864601_0.371,2864601_0.371:u016,1,73016,20241115-01-random_heliotrons/20241115-01-023_heliotrons_finiteBeta_randomAspect_randomNfpUpTo8_withTorsion_flux_tubes/heliotron_randomAspect_finiteBeta_maxm1_maxn1_LMN8_002288.h5,30,8.303481101989746,0,joint_circular_roll_to_activation_center,-135:194,observed-comparison
2864601_0.371,2864601_0.371:u016,2,64462,20241115-01-random_heliotrons/20241115-01-023_heliotrons_finiteBeta_randomAspect_randomNfpUpTo8_withTorsion_flux_tubes/heliotron_randomAspect_finiteBeta_maxm1_maxn1_LMN8_000148.h5,36,8.05035400390625,0,joint_circular_roll_to_activation_center,-135:194,observed-comparison
2864601_0.371,2864601_0.371:u016,3,11257,20241103-01-random_equilibria_and_flux_tubes_random_aspect_ratio/20241103-01-062_generate_flux_tubes_nfp2/nfp2_randomAspect_finiteBeta_maxm4_maxn4_LMN8_002832.h5,30,7.502740383148193,0,joint_circular_roll_to_activation_center,-135:194,observed-comparison
2864601_0.371,2864601_0.371:u016,4,2557,20241103-01-random_equilibria_and_flux_tubes_random_aspect_ratio/20241103-01-062_generate_flux_tubes_nfp2/nfp2_randomAspect_finiteBeta_maxm4_maxn4_LMN8_000644.h5,39,7.104516983032227,0,joint_circular_roll_to_activation_center,-135:194,observed-comparison
2864601_0.371,2864601_0.371:u016,5,70619,20241115-01-random_heliotrons/20241115-01-023_heliotrons_finiteBeta_randomAspect_randomNfpUpTo8_withTorsion_flux_tubes/heliotron_randomAspect_finiteBeta_maxm1_maxn1_LMN8_001688.h5,34,6.847921371459961,0,joint_circular_roll_to_activation_center,-135:194,observed-comparison
2864601_0.371,2864601_0.371:u016,6,30783,20241103-01-random_equilibria_and_flux_tubes_random_aspect_ratio/20241103-01-064_generate_flux_tubes_nfp4/nfp4_randomAspect_finiteBeta_maxm4_maxn4_LMN8_001325.h5,42,6.443441867828369,1,joint_circular_roll_to_activation_center,-135:194,observed-comparison
2864601_0.371,2864601_0.371:u016,7,65090,20241115-01-random_heliotrons/20241115-01-023_heliotrons_finiteBeta_randomAspect_randomNfpUpTo8_withTorsion_flux_tubes/heliotron_randomAspect_finiteBeta_maxm1_maxn1_LMN8_000305.h5,44,5.688058853149414,0,joint_circular_roll_to_activation_center,-135:194,observed-comparison
2864601_0.371,2864601_0.371:u016,8,77750,20241122-01-QUASR/20241122-01-030_QUASR_vacuum_equilibria_with_maxF_below_threshold_and_enough_iota_flux_tubes/QUASR_vacuum_000054.h5,42,5.3555169105529785,0,joint_circular_roll_to_activation_center,-135:194,observed-comparison
2864601_0.371,2864601_0.371:u016,9,10580,20241103-01-random_equilibria_and_flux_tubes_random_aspect_ratio/20241103-01-062_generate_flux_tubes_nfp2/nfp2_randomAspect_finiteBeta_maxm4_maxn4_LMN8_002661.h5,37,5.283584117889404,0,joint_circular_roll_to_activation_center,-135:194,observed-comparison
2864601_0.371,2864601_0.371:u016,10,87262,20241122-01-QUASR/20241122-01-031_QUASR_finite_beta_equilibria_with_maxF_below_threshold_and_enough_iota_flux_tubes/QUASR_finiteBeta_000594.h5,74,5.218854904174805,0,joint_circular_roll_to_activation_center,-135:194,observed-comparison
2864601_0.371,2864601_0.371:u016,11,58944,20241115-01-random_heliotrons/20241115-01-022_heliotrons_finiteBeta_randomAspect_randomNfpUpTo8_noTorsion_flux_tubes/heliotron_randomAspect_finiteBeta_maxm1_maxn1_LMN8_001968.h5,29,5.128588676452637,0,joint_circular_roll_to_activation_center,-135:194,observed-comparison
2864601_0.371,2864601_0.371:u016,12,8384,20241103-01-random_equilibria_and_flux_tubes_random_aspect_ratio/20241103-01-062_generate_flux_tubes_nfp2/nfp2_randomAspect_finiteBeta_maxm4_maxn4_LMN8_002108.h5,30,5.110075950622559,0,joint_circular_roll_to_activation_center,-135:194,observed-comparison
2864601_0.371,2864601_0.371:u016,13,79054,20241122-01-QUASR/20241122-01-030_QUASR_vacuum_equilibria_with_maxF_below_threshold_and_enough_iota_flux_tubes/QUASR_vacuum_000120.h5,43,4.737191677093506,0,joint_circular_roll_to_activation_center,-135:194,observed-comparison
2864601_0.371,2864601_0.371:u016,14,20961,20241103-01-random_equilibria_and_flux_tubes_random_aspect_ratio/20241103-01-063_generate_flux_tubes_nfp3/nfp3_randomAspect_finiteBeta_maxm4_maxn4_LMN8_002066.h5,49,4.423929214477539,0,joint_circular_roll_to_activation_center,-135:194,observed-comparison
2864601_0.371,2864601_0.371:u016,15,8376,20241103-01-random_equilibria_and_flux_tubes_random_aspect_ratio/20241103-01-062_generate_flux_tubes_nfp2/nfp2_randomAspect_finiteBeta_maxm4_maxn4_LMN8_002106.h5,40,4.00584602355957,0,joint_circular_roll_to_activation_center,-135:194,observed-comparison
2864601_0.371,2864601_0.371:u016,16,6232,20241103-01-random_equilibria_and_flux_tubes_random_aspect_ratio/20241103-01-062_generate_flux_tubes_nfp2/nfp2_randomAspect_finiteBeta_maxm4_maxn4_LMN8_001568.h5,28,3.9104955196380615,0,joint_circular_roll_to_activation_center,-135:194,observed-comparison
2864601_0.371,2864601_0.371:u017,1,14550,20241103-01-random_equilibria_and_flux_tubes_random_aspect_ratio/20241103-01-063_generate_flux_tubes_nfp3/nfp3_randomAspect_finiteBeta_maxm4_maxn4_LMN8_000458.h5,75,24.621646881103516,0,joint_circular_roll_to_activation_center,-135:194,observed-comparison
2864601_0.371,2864601_0.371:u017,2,77636,20241122-01-QUASR/20241122-01-030_QUASR_vacuum_equilibria_with_maxF_below_threshold_and_enough_iota_flux_tubes/QUASR_vacuum_000049.h5,33,21.083032608032227,0,joint_circular_roll_to_activation_center,-135:194,observed-comparison
2864601_0.371,2864601_0.371:u017,3,78056,20241122-01-QUASR/20241122-01-030_QUASR_vacuum_equilibria_with_maxF_below_threshold_and_enough_iota_flux_tubes/QUASR_vacuum_000070.h5,1,20.055438995361328,0,joint_circular_roll_to_activation_center,-135:194,observed-comparison
2864601_0.371,2864601_0.371:u017,4,87885,20241122-01-QUASR/20241122-01-031_QUASR_finite_beta_equilibria_with_maxF_below_threshold_and_enough_iota_flux_tubes/QUASR_finiteBeta_000752.h5,28,18.343856811523438,0,joint_circular_roll_to_activation_center,-135:194,observed-comparison
2864601_0.371,2864601_0.371:u017,5,79336,20241122-01-QUASR/20241122-01-030_QUASR_vacuum_equilibria_with_maxF_below_threshold_and_enough_iota_flux_tubes/QUASR_vacuum_000134.h5,54,14.979657173156738,0,joint_circular_roll_to_activation_center,-135:194,observed-comparison
2864601_0.371,2864601_0.371:u017,6,8376,20241103-01-random_equilibria_and_flux_tubes_random_aspect_ratio/20241103-01-062_generate_flux_tubes_nfp2/nfp2_randomAspect_finiteBeta_maxm4_maxn4_LMN8_002106.h5,78,14.497586250305176,0,joint_circular_roll_to_activation_center,-135:194,observed-comparison
2864601_0.371,2864601_0.371:u017,7,77604,20241122-01-QUASR/20241122-01-030_QUASR_vacuum_equilibria_with_maxF_below_threshold_and_enough_iota_flux_tubes/QUASR_vacuum_000047.h5,47,13.781998634338379,1,joint_circular_roll_to_activation_center,-135:194,observed-comparison
2864601_0.371,2864601_0.371:u017,8,86286,20241122-01-QUASR/20241122-01-031_QUASR_finite_beta_equilibria_with_maxF_below_threshold_and_enough_iota_flux_tubes/QUASR_finiteBeta_000348.h5,24,12.999654769897461,0,joint_circular_roll_to_activation_center,-135:194,observed-comparison
2864601_0.371,2864601_0.371:u017,9,87710,20241122-01-QUASR/20241122-01-031_QUASR_finite_beta_equilibria_with_maxF_below_threshold_and_enough_iota_flux_tubes/QUASR_finiteBeta_000707.h5,69,12.633819580078125,0,joint_circular_roll_to_activation_center,-135:194,observed-comparison
2864601_0.371,2864601_0.371:u017,10,85525,20241122-01-QUASR/20241122-01-031_QUASR_finite_beta_equilibria_with_maxF_below_threshold_and_enough_iota_flux_tubes/QUASR_finiteBeta_000157.h5,13,12.517060279846191,1,joint_circular_roll_to_activation_center,-135:194,observed-comparison
2864601_0.371,2864601_0.371:u017,11,6627,20241103-01-random_equilibria_and_flux_tubes_random_aspect_ratio/20241103-01-062_generate_flux_tubes_nfp2/nfp2_randomAspect_finiteBeta_maxm4_maxn4_LMN8_001667.h5,33,12.515267372131348,0,joint_circular_roll_to_activation_center,-135:194,observed-comparison
2864601_0.371,2864601_0.371:u017,12,86724,20241122-01-QUASR/20241122-01-031_QUASR_finite_beta_equilibria_with_maxF_below_threshold_and_enough_iota_flux_tubes/QUASR_finiteBeta_000458.h5,23,12.337693214416504,0,joint_circular_roll_to_activation_center,-135:194,observed-comparison
2864601_0.371,2864601_0.371:u017,13,83853,20241122-01-QUASR/20241122-01-030_QUASR_vacuum_equilibria_with_maxF_below_threshold_and_enough_iota_flux_tubes/QUASR_vacuum_000360.h5,61,11.585325241088867,0,joint_circular_roll_to_activation_center,-135:194,observed-comparison
2864601_0.371,2864601_0.371:u017,14,89732,20241122-01-QUASR/20241122-01-031_QUASR_finite_beta_equilibria_with_maxF_below_threshold_and_enough_iota_flux_tubes/QUASR_finiteBeta_001220.h5,23,11.458740234375,0,joint_circular_roll_to_activation_center,-135:194,observed-comparison
2864601_0.371,2864601_0.371:u017,15,2545,20241103-01-random_equilibria_and_flux_tubes_random_aspect_ratio/20241103-01-062_generate_flux_tubes_nfp2/nfp2_randomAspect_finiteBeta_maxm4_maxn4_LMN8_000641.h5,26,11.338447570800781,0,joint_circular_roll_to_activation_center,-135:194,observed-comparison
2864601_0.371,2864601_0.371:u017,16,21287,20241103-01-random_equilibria_and_flux_tubes_random_aspect_ratio/20241103-01-063_generate_flux_tubes_nfp3/nfp3_randomAspect_finiteBeta_maxm4_maxn4_LMN8_002148.h5,32,11.33647632598877,0,joint_circular_roll_to_activation_center,-135:194,observed-comparison
2864601_0.371,2864601_0.371:u018,1,87710,20241122-01-QUASR/20241122-01-031_QUASR_finite_beta_equilibria_with_maxF_below_threshold_and_enough_iota_flux_tubes/QUASR_finiteBeta_000707.h5,53,13.233746528625488,0,joint_circular_roll_to_activation_center,-135:194,observed-comparison
2864601_0.371,2864601_0.371:u018,2,14550,20241103-01-random_equilibria_and_flux_tubes_random_aspect_ratio/20241103-01-063_generate_flux_tubes_nfp3/nfp3_randomAspect_finiteBeta_maxm4_maxn4_LMN8_000458.h5,65,11.299629211425781,0,joint_circular_roll_to_activation_center,-135:194,observed-comparison
2864601_0.371,2864601_0.371:u018,3,68768,20241115-01-random_heliotrons/20241115-01-023_heliotrons_finiteBeta_randomAspect_randomNfpUpTo8_withTorsion_flux_tubes/heliotron_randomAspect_finiteBeta_maxm1_maxn1_LMN8_001225.h5,65,10.301093101501465,0,joint_circular_roll_to_activation_center,-135:194,observed-comparison
2864601_0.371,2864601_0.371:u018,4,77636,20241122-01-QUASR/20241122-01-030_QUASR_vacuum_equilibria_with_maxF_below_threshold_and_enough_iota_flux_tubes/QUASR_vacuum_000049.h5,25,10.021833419799805,1,joint_circular_roll_to_activation_center,-135:194,observed-comparison
2864601_0.371,2864601_0.371:u018,5,21287,20241103-01-random_equilibria_and_flux_tubes_random_aspect_ratio/20241103-01-063_generate_flux_tubes_nfp3/nfp3_randomAspect_finiteBeta_maxm4_maxn4_LMN8_002148.h5,55,8.501983642578125,0,joint_circular_roll_to_activation_center,-135:194,observed-comparison
2864601_0.371,2864601_0.371:u018,6,86263,20241122-01-QUASR/20241122-01-031_QUASR_finite_beta_equilibria_with_maxF_below_threshold_and_enough_iota_flux_tubes/QUASR_finiteBeta_000342.h5,4,8.275747299194336,0,joint_circular_roll_to_activation_center,-135:194,observed-comparison
2864601_0.371,2864601_0.371:u018,7,85974,20241122-01-QUASR/20241122-01-031_QUASR_finite_beta_equilibria_with_maxF_below_threshold_and_enough_iota_flux_tubes/QUASR_finiteBeta_000269.h5,57,8.170755386352539,0,joint_circular_roll_to_activation_center,-135:194,observed-comparison
2864601_0.371,2864601_0.371:u018,8,42053,20241103-01-random_equilibria_and_flux_tubes_random_aspect_ratio/20241103-01-065_generate_flux_tubes_nfp5/nfp5_randomAspect_finiteBeta_maxm4_maxn4_LMN8_000943.h5,4,7.820179462432861,0,joint_circular_roll_to_activation_center,-135:194,observed-comparison
2864601_0.371,2864601_0.371:u018,9,56446,20241115-01-random_heliotrons/20241115-01-022_heliotrons_finiteBeta_randomAspect_randomNfpUpTo8_noTorsion_flux_tubes/heliotron_randomAspect_finiteBeta_maxm1_maxn1_LMN8_001343.h5,57,7.43364953994751,0,joint_circular_roll_to_activation_center,-135:194,observed-comparison
2864601_0.371,2864601_0.371:u018,10,67498,20241115-01-random_heliotrons/20241115-01-023_heliotrons_finiteBeta_randomAspect_randomNfpUpTo8_withTorsion_flux_tubes/heliotron_randomAspect_finiteBeta_maxm1_maxn1_LMN8_000907.h5,58,7.396047115325928,0,joint_circular_roll_to_activation_center,-135:194,observed-comparison
2864601_0.371,2864601_0.371:u018,11,57782,20241115-01-random_heliotrons/20241115-01-022_heliotrons_finiteBeta_randomAspect_randomNfpUpTo8_noTorsion_flux_tubes/heliotron_randomAspect_finiteBeta_maxm1_maxn1_LMN8_001677.h5,58,7.319247722625732,0,joint_circular_roll_to_activation_center,-135:194,observed-comparison
2864601_0.371,2864601_0.371:u018,12,91816,20241122-01-QUASR/20241122-01-031_QUASR_finite_beta_equilibria_with_maxF_below_threshold_and_enough_iota_flux_tubes/QUASR_finiteBeta_001741.h5,67,7.174811840057373,0,joint_circular_roll_to_activation_center,-135:194,observed-comparison
2864601_0.371,2864601_0.371:u018,13,86286,20241122-01-QUASR/20241122-01-031_QUASR_finite_beta_equilibria_with_maxF_below_threshold_and_enough_iota_flux_tubes/QUASR_finiteBeta_000348.h5,48,6.8009934425354,0,joint_circular_roll_to_activation_center,-135:194,observed-comparison
2864601_0.371,2864601_0.371:u018,14,53811,20241115-01-random_heliotrons/20241115-01-022_heliotrons_finiteBeta_randomAspect_randomNfpUpTo8_noTorsion_flux_tubes/heliotron_randomAspect_finiteBeta_maxm1_maxn1_LMN8_000684.h5,58,6.7983574867248535,0,joint_circular_roll_to_activation_center,-135:194,observed-comparison
2864601_0.371,2864601_0.371:u018,15,91802,20241122-01-QUASR/20241122-01-031_QUASR_finite_beta_equilibria_with_maxF_below_threshold_and_enough_iota_flux_tubes/QUASR_finiteBeta_001738.h5,65,6.694332122802734,0,joint_circular_roll_to_activation_center,-135:194,observed-comparison
2864601_0.371,2864601_0.371:u018,16,25816,20241103-01-random_equilibria_and_flux_tubes_random_aspect_ratio/20241103-01-064_generate_flux_tubes_nfp4/nfp4_randomAspect_finiteBeta_maxm4_maxn4_LMN8_000082.h5,48,6.673766136169434,0,joint_circular_roll_to_activation_center,-135:194,observed-comparison
2864601_0.371,2864601_0.371:u019,1,86819,20241122-01-QUASR/20241122-01-031_QUASR_finite_beta_equilibria_with_maxF_below_threshold_and_enough_iota_flux_tubes/QUASR_finiteBeta_000482.h5,5,8.04776668548584,0,joint_circular_roll_to_activation_center,-135:194,observed-comparison
2864601_0.371,2864601_0.371:u019,2,76264,20241115-01-random_heliotrons/20241115-01-023_heliotrons_finiteBeta_randomAspect_randomNfpUpTo8_withTorsion_flux_tubes/heliotron_randomAspect_finiteBeta_maxm1_maxn1_LMN8_003100.h5,13,7.738170623779297,0,joint_circular_roll_to_activation_center,-135:194,observed-comparison
2864601_0.371,2864601_0.371:u019,3,53785,20241115-01-random_heliotrons/20241115-01-022_heliotrons_finiteBeta_randomAspect_randomNfpUpTo8_noTorsion_flux_tubes/heliotron_randomAspect_finiteBeta_maxm1_maxn1_LMN8_000677.h5,10,7.707403182983398,0,joint_circular_roll_to_activation_center,-135:194,observed-comparison
2864601_0.371,2864601_0.371:u019,4,23080,20241103-01-random_equilibria_and_flux_tubes_random_aspect_ratio/20241103-01-063_generate_flux_tubes_nfp3/nfp3_randomAspect_finiteBeta_maxm4_maxn4_LMN8_002596.h5,15,7.68924617767334,0,joint_circular_roll_to_activation_center,-135:194,observed-comparison
2864601_0.371,2864601_0.371:u019,5,52349,20241115-01-random_heliotrons/20241115-01-022_heliotrons_finiteBeta_randomAspect_randomNfpUpTo8_noTorsion_flux_tubes/heliotron_randomAspect_finiteBeta_maxm1_maxn1_LMN8_000318.h5,2,7.569888591766357,0,joint_circular_roll_to_activation_center,-135:194,observed-comparison
2864601_0.371,2864601_0.371:u019,6,52065,20241115-01-random_heliotrons/20241115-01-022_heliotrons_finiteBeta_randomAspect_randomNfpUpTo8_noTorsion_flux_tubes/heliotron_randomAspect_finiteBeta_maxm1_maxn1_LMN8_000247.h5,1,7.554692268371582,0,joint_circular_roll_to_activation_center,-135:194,observed-comparison
2864601_0.371,2864601_0.371:u019,7,55161,20241115-01-random_heliotrons/20241115-01-022_heliotrons_finiteBeta_randomAspect_randomNfpUpTo8_noTorsion_flux_tubes/heliotron_randomAspect_finiteBeta_maxm1_maxn1_LMN8_001021.h5,9,7.3302507400512695,0,joint_circular_roll_to_activation_center,-135:194,observed-comparison
2864601_0.371,2864601_0.371:u019,8,58144,20241115-01-random_heliotrons/20241115-01-022_heliotrons_finiteBeta_randomAspect_randomNfpUpTo8_noTorsion_flux_tubes/heliotron_randomAspect_finiteBeta_maxm1_maxn1_LMN8_001767.h5,5,7.303225040435791,0,joint_circular_roll_to_activation_center,-135:194,observed-comparison
2864601_0.371,2864601_0.371:u019,9,63228,20241115-01-random_heliotrons/20241115-01-022_heliotrons_finiteBeta_randomAspect_randomNfpUpTo8_noTorsion_flux_tubes/heliotron_randomAspect_finiteBeta_maxm1_maxn1_LMN8_003039.h5,14,7.251439094543457,0,joint_circular_roll_to_activation_center,-135:194,observed-comparison
2864601_0.371,2864601_0.371:u019,10,2004,20241103-01-random_equilibria_and_flux_tubes_random_aspect_ratio/20241103-01-062_generate_flux_tubes_nfp2/nfp2_randomAspect_finiteBeta_maxm4_maxn4_LMN8_000504.h5,13,7.2510271072387695,0,joint_circular_roll_to_activation_center,-135:194,observed-comparison
2864601_0.371,2864601_0.371:u019,11,56786,20241115-01-random_heliotrons/20241115-01-022_heliotrons_finiteBeta_randomAspect_randomNfpUpTo8_noTorsion_flux_tubes/heliotron_randomAspect_finiteBeta_maxm1_maxn1_LMN8_001428.h5,3,7.166084289550781,1,joint_circular_roll_to_activation_center,-135:194,observed-comparison
2864601_0.371,2864601_0.371:u019,12,62677,20241115-01-random_heliotrons/20241115-01-022_heliotrons_finiteBeta_randomAspect_randomNfpUpTo8_noTorsion_flux_tubes/heliotron_randomAspect_finiteBeta_maxm1_maxn1_LMN8_002901.h5,6,7.084434509277344,0,joint_circular_roll_to_activation_center,-135:194,observed-comparison
2864601_0.371,2864601_0.371:u019,13,51173,20241115-01-random_heliotrons/20241115-01-022_heliotrons_finiteBeta_randomAspect_randomNfpUpTo8_noTorsion_flux_tubes/heliotron_randomAspect_finiteBeta_maxm1_maxn1_LMN8_000024.h5,1,7.022487640380859,0,joint_circular_roll_to_activation_center,-135:194,observed-comparison
2864601_0.371,2864601_0.371:u019,14,138,20241103-01-random_equilibria_and_flux_tubes_random_aspect_ratio/20241103-01-062_generate_flux_tubes_nfp2/nfp2_randomAspect_finiteBeta_maxm4_maxn4_LMN8_000034.h5,73,6.992534160614014,0,joint_circular_roll_to_activation_center,-135:194,observed-comparison
2864601_0.371,2864601_0.371:u019,15,63005,20241115-01-random_heliotrons/20241115-01-022_heliotrons_finiteBeta_randomAspect_randomNfpUpTo8_noTorsion_flux_tubes/heliotron_randomAspect_finiteBeta_maxm1_maxn1_LMN8_002983.h5,15,6.840433120727539,0,joint_circular_roll_to_activation_center,-135:194,observed-comparison
2864601_0.371,2864601_0.371:u019,16,87891,20241122-01-QUASR/20241122-01-031_QUASR_finite_beta_equilibria_with_maxF_below_threshold_and_enough_iota_flux_tubes/QUASR_finiteBeta_000754.h5,52,6.705525875091553,0,joint_circular_roll_to_activation_center,-135:194,observed-comparison
2864601_0.371,2864601_0.371:u020,1,67179,20241115-01-random_heliotrons/20241115-01-023_heliotrons_finiteBeta_randomAspect_randomNfpUpTo8_withTorsion_flux_tubes/heliotron_randomAspect_finiteBeta_maxm1_maxn1_LMN8_000827.h5,68,16.63348388671875,1,joint_circular_roll_to_activation_center,-135:194,observed-comparison
2864601_0.371,2864601_0.371:u020,2,69892,20241115-01-random_heliotrons/20241115-01-023_heliotrons_finiteBeta_randomAspect_randomNfpUpTo8_withTorsion_flux_tubes/heliotron_randomAspect_finiteBeta_maxm1_maxn1_LMN8_001506.h5,51,9.060416221618652,1,joint_circular_roll_to_activation_center,-135:194,observed-comparison
2864601_0.371,2864601_0.371:u020,3,60782,20241115-01-random_heliotrons/20241115-01-022_heliotrons_finiteBeta_randomAspect_randomNfpUpTo8_noTorsion_flux_tubes/heliotron_randomAspect_finiteBeta_maxm1_maxn1_LMN8_002427.h5,11,8.624014854431152,1,joint_circular_roll_to_activation_center,-135:194,observed-comparison
2864601_0.371,2864601_0.371:u020,4,44506,20241103-01-random_equilibria_and_flux_tubes_random_aspect_ratio/20241103-01-065_generate_flux_tubes_nfp5/nfp5_randomAspect_finiteBeta_maxm4_maxn4_LMN8_001557.h5,45,7.260702133178711,1,joint_circular_roll_to_activation_center,-135:194,observed-comparison
2864601_0.371,2864601_0.371:u020,5,68630,20241115-01-random_heliotrons/20241115-01-023_heliotrons_finiteBeta_randomAspect_randomNfpUpTo8_withTorsion_flux_tubes/heliotron_randomAspect_finiteBeta_maxm1_maxn1_LMN8_001190.h5,50,7.165651321411133,1,joint_circular_roll_to_activation_center,-135:194,observed-comparison
2864601_0.371,2864601_0.371:u020,6,57666,20241115-01-random_heliotrons/20241115-01-022_heliotrons_finiteBeta_randomAspect_randomNfpUpTo8_noTorsion_flux_tubes/heliotron_randomAspect_finiteBeta_maxm1_maxn1_LMN8_001648.h5,51,6.941272735595703,1,joint_circular_roll_to_activation_center,-135:194,observed-comparison
2864601_0.371,2864601_0.371:u020,7,40915,20241103-01-random_equilibria_and_flux_tubes_random_aspect_ratio/20241103-01-065_generate_flux_tubes_nfp5/nfp5_randomAspect_finiteBeta_maxm4_maxn4_LMN8_000658.h5,11,6.9215803146362305,1,joint_circular_roll_to_activation_center,-135:194,observed-comparison
2864601_0.371,2864601_0.371:u020,8,57616,20241115-01-random_heliotrons/20241115-01-022_heliotrons_finiteBeta_randomAspect_randomNfpUpTo8_noTorsion_flux_tubes/heliotron_randomAspect_finiteBeta_maxm1_maxn1_LMN8_001635.h5,11,6.866162300109863,1,joint_circular_roll_to_activation_center,-135:194,observed-comparison
2864601_0.371,2864601_0.371:u020,9,77030,20241122-01-QUASR/20241122-01-030_QUASR_vacuum_equilibria_with_maxF_below_threshold_and_enough_iota_flux_tubes/QUASR_vacuum_000018.h5,23,6.753920078277588,1,joint_circular_roll_to_activation_center,-135:194,observed-comparison
2864601_0.371,2864601_0.371:u020,10,53943,20241115-01-random_heliotrons/20241115-01-022_heliotrons_finiteBeta_randomAspect_randomNfpUpTo8_noTorsion_flux_tubes/heliotron_randomAspect_finiteBeta_maxm1_maxn1_LMN8_000717.h5,43,6.735235691070557,1,joint_circular_roll_to_activation_center,-135:194,observed-comparison
2864601_0.371,2864601_0.371:u020,11,63766,20241115-01-random_heliotrons/20241115-01-022_heliotrons_finiteBeta_randomAspect_randomNfpUpTo8_noTorsion_flux_tubes/heliotron_randomAspect_finiteBeta_maxm1_maxn1_LMN8_003174.h5,4,6.72504186630249,1,joint_circular_roll_to_activation_center,-135:194,observed-comparison
2864601_0.371,2864601_0.371:u020,12,70787,20241115-01-random_heliotrons/20241115-01-023_heliotrons_finiteBeta_randomAspect_randomNfpUpTo8_withTorsion_flux_tubes/heliotron_randomAspect_finiteBeta_maxm1_maxn1_LMN8_001730.h5,52,6.505588054656982,1,joint_circular_roll_to_activation_center,-135:194,observed-comparison
2864601_0.371,2864601_0.371:u020,13,73725,20241115-01-random_heliotrons/20241115-01-023_heliotrons_finiteBeta_randomAspect_randomNfpUpTo8_withTorsion_flux_tubes/heliotron_randomAspect_finiteBeta_maxm1_maxn1_LMN8_002465.h5,64,6.466489791870117,1,joint_circular_roll_to_activation_center,-135:194,observed-comparison
2864601_0.371,2864601_0.371:u020,14,56786,20241115-01-random_heliotrons/20241115-01-022_heliotrons_finiteBeta_randomAspect_randomNfpUpTo8_noTorsion_flux_tubes/heliotron_randomAspect_finiteBeta_maxm1_maxn1_LMN8_001428.h5,8,6.294850826263428,0,joint_circular_roll_to_activation_center,-135:194,observed-comparison
2864601_0.371,2864601_0.371:u020,15,64988,20241115-01-random_heliotrons/20241115-01-023_heliotrons_finiteBeta_randomAspect_randomNfpUpTo8_withTorsion_flux_tubes/heliotron_randomAspect_finiteBeta_maxm1_maxn1_LMN8_000279.h5,13,6.18625020980835,1,joint_circular_roll_to_activation_center,-135:194,observed-comparison
2864601_0.371,2864601_0.371:u020,16,62599,20241115-01-random_heliotrons/20241115-01-022_heliotrons_finiteBeta_randomAspect_randomNfpUpTo8_noTorsion_flux_tubes/heliotron_randomAspect_finiteBeta_maxm1_maxn1_LMN8_002882.h5,46,6.160423278808594,1,joint_circular_roll_to_activation_center,-135:194,observed-comparison
2864601_0.371,2864601_0.371:u021,1,56786,20241115-01-random_heliotrons/20241115-01-022_heliotrons_finiteBeta_randomAspect_randomNfpUpTo8_noTorsion_flux_tubes/heliotron_randomAspect_finiteBeta_maxm1_maxn1_LMN8_001428.h5,43,10.610289573669434,1,joint_circular_roll_to_activation_center,-135:194,observed-comparison
2864601_0.371,2864601_0.371:u021,2,63599,20241115-01-random_heliotrons/20241115-01-022_heliotrons_finiteBeta_randomAspect_randomNfpUpTo8_noTorsion_flux_tubes/heliotron_randomAspect_finiteBeta_maxm1_maxn1_LMN8_003132.h5,18,8.990793228149414,0,joint_circular_roll_to_activation_center,-135:194,observed-comparison
2864601_0.371,2864601_0.371:u021,3,84448,20241122-01-QUASR/20241122-01-030_QUASR_vacuum_equilibria_with_maxF_below_threshold_and_enough_iota_flux_tubes/QUASR_vacuum_000390.h5,14,8.228455543518066,0,joint_circular_roll_to_activation_center,-135:194,observed-comparison
2864601_0.371,2864601_0.371:u021,4,67274,20241115-01-random_heliotrons/20241115-01-023_heliotrons_finiteBeta_randomAspect_randomNfpUpTo8_withTorsion_flux_tubes/heliotron_randomAspect_finiteBeta_maxm1_maxn1_LMN8_000851.h5,21,7.749058723449707,0,joint_circular_roll_to_activation_center,-135:194,observed-comparison
2864601_0.371,2864601_0.371:u021,5,68139,20241115-01-random_heliotrons/20241115-01-023_heliotrons_finiteBeta_randomAspect_randomNfpUpTo8_withTorsion_flux_tubes/heliotron_randomAspect_finiteBeta_maxm1_maxn1_LMN8_001067.h5,47,7.538548946380615,0,joint_circular_roll_to_activation_center,-135:194,observed-comparison
2864601_0.371,2864601_0.371:u021,6,1570,20241103-01-random_equilibria_and_flux_tubes_random_aspect_ratio/20241103-01-062_generate_flux_tubes_nfp2/nfp2_randomAspect_finiteBeta_maxm4_maxn4_LMN8_000395.h5,62,7.167945384979248,0,joint_circular_roll_to_activation_center,-135:194,observed-comparison
2864601_0.371,2864601_0.371:u021,7,97857,20241122-01-QUASR/20241122-01-031_QUASR_finite_beta_equilibria_with_maxF_below_threshold_and_enough_iota_flux_tubes/QUASR_finiteBeta_003252.h5,42,6.998110294342041,0,joint_circular_roll_to_activation_center,-135:194,observed-comparison
2864601_0.371,2864601_0.371:u021,8,97856,20241122-01-QUASR/20241122-01-031_QUASR_finite_beta_equilibria_with_maxF_below_threshold_and_enough_iota_flux_tubes/QUASR_finiteBeta_003251.h5,45,6.952611923217773,0,joint_circular_roll_to_activation_center,-135:194,observed-comparison
2864601_0.371,2864601_0.371:u021,9,67179,20241115-01-random_heliotrons/20241115-01-023_heliotrons_finiteBeta_randomAspect_randomNfpUpTo8_withTorsion_flux_tubes/heliotron_randomAspect_finiteBeta_maxm1_maxn1_LMN8_000827.h5,77,6.823225975036621,0,joint_circular_roll_to_activation_center,-135:194,observed-comparison
2864601_0.371,2864601_0.371:u021,10,97850,20241122-01-QUASR/20241122-01-031_QUASR_finite_beta_equilibria_with_maxF_below_threshold_and_enough_iota_flux_tubes/QUASR_finiteBeta_003250.h5,11,6.663157939910889,0,joint_circular_roll_to_activation_center,-135:194,observed-comparison
2864601_0.371,2864601_0.371:u021,11,57189,20241115-01-random_heliotrons/20241115-01-022_heliotrons_finiteBeta_randomAspect_randomNfpUpTo8_noTorsion_flux_tubes/heliotron_randomAspect_finiteBeta_maxm1_maxn1_LMN8_001528.h5,76,6.229004859924316,0,joint_circular_roll_to_activation_center,-135:194,observed-comparison
2864601_0.371,2864601_0.371:u021,12,55225,20241115-01-random_heliotrons/20241115-01-022_heliotrons_finiteBeta_randomAspect_randomNfpUpTo8_noTorsion_flux_tubes/heliotron_randomAspect_finiteBeta_maxm1_maxn1_LMN8_001037.h5,43,6.142369270324707,0,joint_circular_roll_to_activation_center,-135:194,observed-comparison
2864601_0.371,2864601_0.371:u021,13,93846,20241122-01-QUASR/20241122-01-031_QUASR_finite_beta_equilibria_with_maxF_below_threshold_and_enough_iota_flux_tubes/QUASR_finiteBeta_002249.h5,44,6.004737854003906,0,joint_circular_roll_to_activation_center,-135:194,observed-comparison
2864601_0.371,2864601_0.371:u021,14,58841,20241115-01-random_heliotrons/20241115-01-022_heliotrons_finiteBeta_randomAspect_randomNfpUpTo8_noTorsion_flux_tubes/heliotron_randomAspect_finiteBeta_maxm1_maxn1_LMN8_001942.h5,28,5.975045680999756,0,joint_circular_roll_to_activation_center,-135:194,observed-comparison
2864601_0.371,2864601_0.371:u021,15,1766,20241103-01-random_equilibria_and_flux_tubes_random_aspect_ratio/20241103-01-062_generate_flux_tubes_nfp2/nfp2_randomAspect_finiteBeta_maxm4_maxn4_LMN8_000444.h5,76,5.933506965637207,0,joint_circular_roll_to_activation_center,-135:194,observed-comparison
2864601_0.371,2864601_0.371:u021,16,80981,20241122-01-QUASR/20241122-01-030_QUASR_vacuum_equilibria_with_maxF_below_threshold_and_enough_iota_flux_tubes/QUASR_vacuum_000216.h5,3,5.798531532287598,0,joint_circular_roll_to_activation_center,-135:194,observed-comparison
