target_kind,target_id,term_name,term_kind,x,y,signed_effect_native_units,estimand
member_output,2864601_0.437,a_over_LT,main_effect,0.020469365641474724,,-2.8389012722652742,"native max(log Q, -2)"
member_output,2864601_0.437,a_over_LT,main_effect,0.5173529982566833,,-2.6227702309258163,"native max(log Q, -2)"
member_output,2864601_0.437,a_over_LT,main_effect,0.6471039950847626,,-2.4581901732688802,"native max(log Q, -2)"
member_output,2864601_0.437,a_over_LT,main_effect,0.7936340272426605,,-2.19052357733988,"native max(log Q, -2)"
member_output,2864601_0.437,a_over_LT,main_effect,0.8944170773029327,,-2.041873280380782,"native max(log Q, -2)"
member_output,2864601_0.437,a_over_LT,main_effect,0.990492582321167,,-1.8489955628872818,"native max(log Q, -2)"
member_output,2864601_0.437,a_over_LT,main_effect,1.0797016620635986,,-1.5920282684264542,"native max(log Q, -2)"
member_output,2864601_0.437,a_over_LT,main_effect,1.163442611694336,,-1.4038828657491353,"native max(log Q, -2)"
member_output,2864601_0.437,a_over_LT,main_effect,1.2117691040039062,,-1.1852957748385375,"native max(log Q, -2)"
member_output,2864601_0.437,a_over_LT,main_effect,1.292796790599823,,-1.043518502629713,"native max(log Q, -2)"
member_output,2864601_0.437,a_over_LT,main_effect,1.3473480939865112,,-0.9016182213127839,"native max(log Q, -2)"
member_output,2864601_0.437,a_over_LT,main_effect,1.4156787991523743,,-0.7705449441391099,"native max(log Q, -2)"
member_output,2864601_0.437,a_over_LT,main_effect,1.487691044807434,,-0.5970338239589537,"native max(log Q, -2)"
member_output,2864601_0.437,a_over_LT,main_effect,1.57245671749115,,-0.46191688507696377,"native max(log Q, -2)"
member_output,2864601_0.437,a_over_LT,main_effect,1.7315163016319275,,-0.24847931707684387,"native max(log Q, -2)"
member_output,2864601_0.437,a_over_LT,main_effect,1.8556526899337769,,-0.12252110458745011,"native max(log Q, -2)"
member_output,2864601_0.437,a_over_LT,main_effect,2.0046072006225586,,0.016067139676523658,"native max(log Q, -2)"
member_output,2864601_0.437,a_over_LT,main_effect,2.1780269145965576,,0.21134356119443926,"native max(log Q, -2)"
member_output,2864601_0.437,a_over_LT,main_effect,2.4254539012908936,,0.42771860133089246,"native max(log Q, -2)"
member_output,2864601_0.437,a_over_LT,main_effect,2.59530246257782,,0.5204733819278574,"native max(log Q, -2)"
member_output,2864601_0.437,a_over_LT,main_effect,2.74598491191864,,0.7392657483154879,"native max(log Q, -2)"
member_output,2864601_0.437,a_over_LT,main_effect,2.9400722980499268,,0.8640828941538585,"native max(log Q, -2)"
member_output,2864601_0.437,a_over_LT,main_effect,3.0814322233200073,,0.9782932554506134,"native max(log Q, -2)"
member_output,2864601_0.437,a_over_LT,main_effect,3.208429455757141,,1.073845493041195,"native max(log Q, -2)"
member_output,2864601_0.437,a_over_LT,main_effect,3.4102851152420044,,1.2006615344073999,"native max(log Q, -2)"
member_output,2864601_0.437,a_over_LT,main_effect,3.6218799352645874,,1.451339916493388,"native max(log Q, -2)"
member_output,2864601_0.437,a_over_LT,main_effect,3.8923829793930054,,1.6273592722951689,"native max(log Q, -2)"
member_output,2864601_0.437,a_over_LT,main_effect,4.133238077163696,,1.9324491760731106,"native max(log Q, -2)"
member_output,2864601_0.437,a_over_LT,main_effect,4.537076473236084,,2.2163184547359416,"native max(log Q, -2)"
member_output,2864601_0.437,a_over_LT,main_effect,4.991245985031128,,2.5543462846724485,"native max(log Q, -2)"
member_output,2864601_0.437,a_over_LT,main_effect,5.80909276008606,,2.931425410440894,"native max(log Q, -2)"
member_output,2864601_0.437,a_over_LT,main_effect,8.467645168304443,,3.4660893113136177,"native max(log Q, -2)"
member_output,2864601_0.437,a_over_Ln,main_effect,-0.45778006315231323,,0.8459761835950758,"native max(log Q, -2)"
member_output,2864601_0.437,a_over_Ln,main_effect,-0.22008811682462692,,0.8514826141825709,"native max(log Q, -2)"
member_output,2864601_0.437,a_over_Ln,main_effect,-0.11980550736188889,,0.8711830331489994,"native max(log Q, -2)"
member_output,2864601_0.437,a_over_Ln,main_effect,-0.06511018052697182,,0.8217305392141132,"native max(log Q, -2)"
member_output,2864601_0.437,a_over_Ln,main_effect,-0.019159678369760513,,0.7677490999120617,"native max(log Q, -2)"
member_output,2864601_0.437,a_over_Ln,main_effect,0.01622213004156947,,0.748351304935273,"native max(log Q, -2)"
member_output,2864601_0.437,a_over_Ln,main_effect,0.06245490536093712,,0.738335107143318,"native max(log Q, -2)"
member_output,2864601_0.437,a_over_Ln,main_effect,0.10564186424016953,,0.7226509064053409,"native max(log Q, -2)"
member_output,2864601_0.437,a_over_Ln,main_effect,0.1388273984193802,,0.7054421846102198,"native max(log Q, -2)"
member_output,2864601_0.437,a_over_Ln,main_effect,0.16528575867414474,,0.6872514752031933,"native max(log Q, -2)"
member_output,2864601_0.437,a_over_Ln,main_effect,0.20057935267686844,,0.6662173505186932,"native max(log Q, -2)"
member_output,2864601_0.437,a_over_Ln,main_effect,0.23153618723154068,,0.6329890558792457,"native max(log Q, -2)"
member_output,2864601_0.437,a_over_Ln,main_effect,0.2785583734512329,,0.5960106440021107,"native max(log Q, -2)"
member_output,2864601_0.437,a_over_Ln,main_effect,0.3292854577302933,,0.5623910636384201,"native max(log Q, -2)"
member_output,2864601_0.437,a_over_Ln,main_effect,0.38840390741825104,,0.5059533640286504,"native max(log Q, -2)"
member_output,2864601_0.437,a_over_Ln,main_effect,0.45676763355731964,,0.44281394280232317,"native max(log Q, -2)"
member_output,2864601_0.437,a_over_Ln,main_effect,0.49654966592788696,,0.35539671182919613,"native max(log Q, -2)"
member_output,2864601_0.437,a_over_Ln,main_effect,0.5963999032974243,,0.292340845373218,"native max(log Q, -2)"
member_output,2864601_0.437,a_over_Ln,main_effect,0.6561970114707947,,0.17155575149865343,"native max(log Q, -2)"
member_output,2864601_0.437,a_over_Ln,main_effect,0.7184001505374908,,0.06378831492615405,"native max(log Q, -2)"
member_output,2864601_0.437,a_over_Ln,main_effect,0.805496335029602,,-0.06652036038683486,"native max(log Q, -2)"
member_output,2864601_0.437,a_over_Ln,main_effect,0.9045102596282959,,-0.1990747600699897,"native max(log Q, -2)"
member_output,2864601_0.437,a_over_Ln,main_effect,1.0199359059333801,,-0.32794526033475274,"native max(log Q, -2)"
member_output,2864601_0.437,a_over_Ln,main_effect,1.1334763169288635,,-0.5117934686356573,"native max(log Q, -2)"
member_output,2864601_0.437,a_over_Ln,main_effect,1.2668083310127258,,-0.6456271131600446,"native max(log Q, -2)"
member_output,2864601_0.437,a_over_Ln,main_effect,1.3939211964607239,,-0.8266101874296021,"native max(log Q, -2)"
member_output,2864601_0.437,a_over_Ln,main_effect,1.5864251255989075,,-0.9654715354291388,"native max(log Q, -2)"
member_output,2864601_0.437,a_over_Ln,main_effect,1.8844746947288513,,-1.1329451514776014,"native max(log Q, -2)"
member_output,2864601_0.437,a_over_Ln,main_effect,2.1286710500717163,,-1.3877412001944502,"native max(log Q, -2)"
member_output,2864601_0.437,a_over_Ln,main_effect,2.4023386240005493,,-1.7066444000867922,"native max(log Q, -2)"
member_output,2864601_0.437,a_over_Ln,main_effect,3.1051031351089478,,-2.0693353243354835,"native max(log Q, -2)"
member_output,2864601_0.437,a_over_Ln,main_effect,4.751394510269165,,-2.6560917409376916,"native max(log Q, -2)"
member_output,2864601_0.437,log_f_Q,main_effect,-3.1372791971964853,,-0.33913024569595124,"native max(log Q, -2)"
member_output,2864601_0.437,log_f_Q,main_effect,-1.713842963419904,,-0.21347154039801813,"native max(log Q, -2)"
member_output,2864601_0.437,log_f_Q,main_effect,-1.239035925619988,,-0.1813071841802728,"native max(log Q, -2)"
member_output,2864601_0.437,log_f_Q,main_effect,-0.9241619599183961,,-0.13876767729139095,"native max(log Q, -2)"
member_output,2864601_0.437,log_f_Q,main_effect,-0.6320958364916082,,-0.08370925717238598,"native max(log Q, -2)"
member_output,2864601_0.437,log_f_Q,main_effect,-0.31358797589899445,,-0.05122057892804515,"native max(log Q, -2)"
member_output,2864601_0.437,log_f_Q,main_effect,-0.14149194608289545,,-0.017586177104211866,"native max(log Q, -2)"
member_output,2864601_0.437,log_f_Q,main_effect,-0.012740694314960572,,-0.0009143763727435736,"native max(log Q, -2)"
member_output,2864601_0.437,log_f_Q,main_effect,0.0848988732243062,,0.014029516161003636,"native max(log Q, -2)"
member_output,2864601_0.437,log_f_Q,main_effect,0.16610084800653785,,0.01115242589132801,"native max(log Q, -2)"
member_output,2864601_0.437,log_f_Q,main_effect,0.2503924468625113,,0.014005650293265164,"native max(log Q, -2)"
member_output,2864601_0.437,log_f_Q,main_effect,0.31471372324333946,,0.01141852263775939,"native max(log Q, -2)"
member_output,2864601_0.437,log_f_Q,main_effect,0.36844858500678246,,0.009342377004584132,"native max(log Q, -2)"
member_output,2864601_0.437,log_f_Q,main_effect,0.4174092761625019,,0.0065126695718080154,"native max(log Q, -2)"
member_output,2864601_0.437,log_f_Q,main_effect,0.4658609989877608,,0.007406548097296587,"native max(log Q, -2)"
member_output,2864601_0.437,log_f_Q,main_effect,0.5149254087337809,,0.009432407952140332,"native max(log Q, -2)"
member_output,2864601_0.437,log_f_Q,main_effect,0.5700553200041469,,-0.0006378656741266604,"native max(log Q, -2)"
member_output,2864601_0.437,log_f_Q,main_effect,0.602907078079554,,-0.005025003697302409,"native max(log Q, -2)"
member_output,2864601_0.437,log_f_Q,main_effect,0.6599486250252856,,-0.009104661802473199,"native max(log Q, -2)"
member_output,2864601_0.437,log_f_Q,main_effect,0.7311003974152812,,-0.00554499135473871,"native max(log Q, -2)"
member_output,2864601_0.437,log_f_Q,main_effect,0.7967068772538184,,0.018949688482142728,"native max(log Q, -2)"
member_output,2864601_0.437,log_f_Q,main_effect,0.8688247503273983,,0.032013697353479455,"native max(log Q, -2)"
member_output,2864601_0.437,log_f_Q,main_effect,0.948952261537259,,0.04710757124703399,"native max(log Q, -2)"
member_output,2864601_0.437,log_f_Q,main_effect,1.0351680252199196,,0.04615984960502848,"native max(log Q, -2)"
member_output,2864601_0.437,log_f_Q,main_effect,1.1057418285295362,,0.047678313741596964,"native max(log Q, -2)"
member_output,2864601_0.437,log_f_Q,main_effect,1.194304989817042,,0.04877498789395504,"native max(log Q, -2)"
member_output,2864601_0.437,log_f_Q,main_effect,1.3297957512510112,,0.037307718505953345,"native max(log Q, -2)"
member_output,2864601_0.437,log_f_Q,main_effect,1.4535490594271807,,0.05333497490155467,"native max(log Q, -2)"
member_output,2864601_0.437,log_f_Q,main_effect,1.6531331997459353,,0.06526168294458734,"native max(log Q, -2)"
member_output,2864601_0.437,log_f_Q,main_effect,1.9020767964854028,,0.10286926053371122,"native max(log Q, -2)"
member_output,2864601_0.437,log_f_Q,main_effect,2.294791892109213,,0.14148589982828796,"native max(log Q, -2)"
member_output,2864601_0.437,log_f_Q,main_effect,2.931347453866759,,0.2218773215908896,"native max(log Q, -2)"
member_output,2864601_0.437,f_stab,main_effect,0.22482376588165742,,-0.6396888011808367,"native max(log Q, -2)"
member_output,2864601_0.437,f_stab,main_effect,0.36834354165616,,-0.5112725627875387,"native max(log Q, -2)"
member_output,2864601_0.437,f_stab,main_effect,0.42861262315356774,,-0.41438250911719426,"native max(log Q, -2)"
member_output,2864601_0.437,f_stab,main_effect,0.49388179907982765,,-0.3173825688019007,"native max(log Q, -2)"
member_output,2864601_0.437,f_stab,main_effect,0.563733632957149,,-0.25884917555389036,"native max(log Q, -2)"
member_output,2864601_0.437,f_stab,main_effect,0.63438202937865,,-0.18834136106039637,"native max(log Q, -2)"
member_output,2864601_0.437,f_stab,main_effect,0.7135654582844959,,-0.12985058116605885,"native max(log Q, -2)"
member_output,2864601_0.437,f_stab,main_effect,0.7707057312871084,,-0.07605329182868314,"native max(log Q, -2)"
member_output,2864601_0.437,f_stab,main_effect,0.8141218176936164,,-0.04423463519287148,"native max(log Q, -2)"
member_output,2864601_0.437,f_stab,main_effect,0.8541090091455557,,-0.006640738742869286,"native max(log Q, -2)"
member_output,2864601_0.437,f_stab,main_effect,0.8911566779371366,,0.011335148174449139,"native max(log Q, -2)"
member_output,2864601_0.437,f_stab,main_effect,0.9200264066099024,,0.02426653035992364,"native max(log Q, -2)"
member_output,2864601_0.437,f_stab,main_effect,0.9524163559541904,,0.03323497053026722,"native max(log Q, -2)"
member_output,2864601_0.437,f_stab,main_effect,0.975559061177456,,0.044539974738806956,"native max(log Q, -2)"
member_output,2864601_0.437,f_stab,main_effect,0.9965410308341154,,0.058580097735079176,"native max(log Q, -2)"
member_output,2864601_0.437,f_stab,main_effect,1.0182314794268241,,0.06814128514794035,"native max(log Q, -2)"
member_output,2864601_0.437,f_stab,main_effect,1.037396763088498,,0.07319506705887859,"native max(log Q, -2)"
member_output,2864601_0.437,f_stab,main_effect,1.0627687320344714,,0.09431664198768318,"native max(log Q, -2)"
member_output,2864601_0.437,f_stab,main_effect,1.0781288585021191,,0.102809463306465,"native max(log Q, -2)"
member_output,2864601_0.437,f_stab,main_effect,1.0986447402654456,,0.1197281677273502,"native max(log Q, -2)"
member_output,2864601_0.437,f_stab,main_effect,1.1311975741627518,,0.12389671824118575,"native max(log Q, -2)"
member_output,2864601_0.437,f_stab,main_effect,1.1549475487879404,,0.12450700122849692,"native max(log Q, -2)"
member_output,2864601_0.437,f_stab,main_effect,1.184713431111009,,0.13131362264829985,"native max(log Q, -2)"
member_output,2864601_0.437,f_stab,main_effect,1.2133495356502695,,0.1378760359393779,"native max(log Q, -2)"
member_output,2864601_0.437,f_stab,main_effect,1.2458931811530742,,0.14492955281078318,"native max(log Q, -2)"
member_output,2864601_0.437,f_stab,main_effect,1.2806858622785189,,0.16504940419235262,"native max(log Q, -2)"
member_output,2864601_0.437,f_stab,main_effect,1.328652905452731,,0.153596741706933,"native max(log Q, -2)"
member_output,2864601_0.437,f_stab,main_effect,1.380138244462375,,0.13535854328341435,"native max(log Q, -2)"
member_output,2864601_0.437,f_stab,main_effect,1.4524246833481782,,0.12270055750978018,"native max(log Q, -2)"
member_output,2864601_0.437,f_stab,main_effect,1.5530888120197042,,0.13481058865535997,"native max(log Q, -2)"
member_output,2864601_0.437,f_stab,main_effect,1.715459614542501,,0.1671222301587299,"native max(log Q, -2)"
member_output,2864601_0.437,f_stab,main_effect,2.3549027514098744,,0.28213270624792797,"native max(log Q, -2)"
member_output,2864601_0.437,log_FSA_grad_x,main_effect,-0.5277567385884786,,-0.337020558425567,"native max(log Q, -2)"
member_output,2864601_0.437,log_FSA_grad_x,main_effect,-0.18442542351046268,,-0.2522112808783833,"native max(log Q, -2)"
member_output,2864601_0.437,log_FSA_grad_x,main_effect,-0.057602778652505654,,-0.20575509185582522,"native max(log Q, -2)"
member_output,2864601_0.437,log_FSA_grad_x,main_effect,0.008146500471370258,,-0.15897532811043852,"native max(log Q, -2)"
member_output,2864601_0.437,log_FSA_grad_x,main_effect,0.06282052462238175,,-0.10846595009769519,"native max(log Q, -2)"
member_output,2864601_0.437,log_FSA_grad_x,main_effect,0.08943585451559652,,-0.09146611060379865,"native max(log Q, -2)"
member_output,2864601_0.437,log_FSA_grad_x,main_effect,0.11228066230182684,,-0.0536039758678095,"native max(log Q, -2)"
member_output,2864601_0.437,log_FSA_grad_x,main_effect,0.12658252582883844,,-0.027982757571574778,"native max(log Q, -2)"
member_output,2864601_0.437,log_FSA_grad_x,main_effect,0.13675800741887217,,-0.005454333337629756,"native max(log Q, -2)"
member_output,2864601_0.437,log_FSA_grad_x,main_effect,0.1504694048623852,,0.014893740427318667,"native max(log Q, -2)"
member_output,2864601_0.437,log_FSA_grad_x,main_effect,0.16482356531994913,,0.029019620129073945,"native max(log Q, -2)"
member_output,2864601_0.437,log_FSA_grad_x,main_effect,0.17627255098303435,,0.03826274339131177,"native max(log Q, -2)"
member_output,2864601_0.437,log_FSA_grad_x,main_effect,0.1915501566172924,,0.04648482367293188,"native max(log Q, -2)"
member_output,2864601_0.437,log_FSA_grad_x,main_effect,0.20351389526141817,,0.058521441894382804,"native max(log Q, -2)"
member_output,2864601_0.437,log_FSA_grad_x,main_effect,0.21606898863431379,,0.06769513616828807,"native max(log Q, -2)"
member_output,2864601_0.437,log_FSA_grad_x,main_effect,0.22902898515738035,,0.07276766648154508,"native max(log Q, -2)"
member_output,2864601_0.437,log_FSA_grad_x,main_effect,0.2391751561851091,,0.07943021382519294,"native max(log Q, -2)"
member_output,2864601_0.437,log_FSA_grad_x,main_effect,0.2514205588199237,,0.08787945352518658,"native max(log Q, -2)"
member_output,2864601_0.437,log_FSA_grad_x,main_effect,0.26416223277953044,,0.09555623484191784,"native max(log Q, -2)"
member_output,2864601_0.437,log_FSA_grad_x,main_effect,0.2757308028624021,,0.10644733582262708,"native max(log Q, -2)"
member_output,2864601_0.437,log_FSA_grad_x,main_effect,0.293127019469046,,0.09473484550319586,"native max(log Q, -2)"
member_output,2864601_0.437,log_FSA_grad_x,main_effect,0.3068156491800449,,0.09376062339228496,"native max(log Q, -2)"
member_output,2864601_0.437,log_FSA_grad_x,main_effect,0.3291982036882788,,0.0801510434601304,"native max(log Q, -2)"
member_output,2864601_0.437,log_FSA_grad_x,main_effect,0.356844764649959,,0.06208449441068831,"native max(log Q, -2)"
member_output,2864601_0.437,log_FSA_grad_x,main_effect,0.38018704219412924,,0.03761599488372747,"native max(log Q, -2)"
member_output,2864601_0.437,log_FSA_grad_x,main_effect,0.4274491131350573,,0.01853548305968988,"native max(log Q, -2)"
member_output,2864601_0.437,log_FSA_grad_x,main_effect,0.493794546309002,,0.0051449417926382884,"native max(log Q, -2)"
member_output,2864601_0.437,log_FSA_grad_x,main_effect,0.5659831095227608,,-0.0015052252203570822,"native max(log Q, -2)"
member_output,2864601_0.437,log_FSA_grad_x,main_effect,0.6527215220947906,,-0.025862188647204454,"native max(log Q, -2)"
member_output,2864601_0.437,log_FSA_grad_x,main_effect,0.7270764642439417,,-0.04355940861591753,"native max(log Q, -2)"
member_output,2864601_0.437,log_FSA_grad_x,main_effect,0.8606266955615611,,0.027815544211937666,"native max(log Q, -2)"
member_output,2864601_0.437,log_FSA_grad_x,main_effect,1.2175818574136108,,0.0728891163537703,"native max(log Q, -2)"
member_output,2864601_0.437,bad_curvature_compression,main_effect,0.0,,-0.19974615759396358,"native max(log Q, -2)"
member_output,2864601_0.437,bad_curvature_compression,main_effect,0.040043095928454654,,-0.1625136215868027,"native max(log Q, -2)"
member_output,2864601_0.437,bad_curvature_compression,main_effect,0.11637153586374345,,-0.12619075587214068,"native max(log Q, -2)"
member_output,2864601_0.437,bad_curvature_compression,main_effect,0.20184149018891462,,-0.09572187132322318,"native max(log Q, -2)"
member_output,2864601_0.437,bad_curvature_compression,main_effect,0.27625888580533053,,-0.06669222230428062,"native max(log Q, -2)"
member_output,2864601_0.437,bad_curvature_compression,main_effect,0.37772818002514164,,-0.05665216583538668,"native max(log Q, -2)"
member_output,2864601_0.437,bad_curvature_compression,main_effect,0.4376769524342149,,-0.06433684334923263,"native max(log Q, -2)"
member_output,2864601_0.437,bad_curvature_compression,main_effect,0.5120203653261879,,-0.055305286250594984,"native max(log Q, -2)"
member_output,2864601_0.437,bad_curvature_compression,main_effect,0.5765436094946987,,-0.047003485692766106,"native max(log Q, -2)"
member_output,2864601_0.437,bad_curvature_compression,main_effect,0.6247337831757989,,-0.051002219824263194,"native max(log Q, -2)"
member_output,2864601_0.437,bad_curvature_compression,main_effect,0.6765515944701086,,-0.051008005935902996,"native max(log Q, -2)"
member_output,2864601_0.437,bad_curvature_compression,main_effect,0.7340826184720184,,-0.0561572414350508,"native max(log Q, -2)"
member_output,2864601_0.437,bad_curvature_compression,main_effect,0.792270317941693,,-0.05330704345770606,"native max(log Q, -2)"
member_output,2864601_0.437,bad_curvature_compression,main_effect,0.8766376604703936,,-0.054581946350836075,"native max(log Q, -2)"
member_output,2864601_0.437,bad_curvature_compression,main_effect,0.9812264984681589,,-0.056260540640659135,"native max(log Q, -2)"
member_output,2864601_0.437,bad_curvature_compression,main_effect,1.0375658948203959,,-0.05418435630321207,"native max(log Q, -2)"
member_output,2864601_0.437,bad_curvature_compression,main_effect,1.1239995989276748,,-0.0555098129602503,"native max(log Q, -2)"
member_output,2864601_0.437,bad_curvature_compression,main_effect,1.209367276379852,,-0.052308063883645575,"native max(log Q, -2)"
member_output,2864601_0.437,bad_curvature_compression,main_effect,1.2994978605065142,,-0.05126357439086022,"native max(log Q, -2)"
member_output,2864601_0.437,bad_curvature_compression,main_effect,1.3937281352561286,,-0.0520131361802535,"native max(log Q, -2)"
member_output,2864601_0.437,bad_curvature_compression,main_effect,1.4974580572156206,,-0.018140622137800648,"native max(log Q, -2)"
member_output,2864601_0.437,bad_curvature_compression,main_effect,1.6541450196423055,,-0.004209891839726252,"native max(log Q, -2)"
member_output,2864601_0.437,bad_curvature_compression,main_effect,1.8395270826576673,,0.02536017376243456,"native max(log Q, -2)"
member_output,2864601_0.437,bad_curvature_compression,main_effect,2.0211606685317203,,0.03858327607083324,"native max(log Q, -2)"
member_output,2864601_0.437,bad_curvature_compression,main_effect,2.312416462104111,,0.050505894622356384,"native max(log Q, -2)"
member_output,2864601_0.437,bad_curvature_compression,main_effect,2.6753986027397696,,0.06959865888002374,"native max(log Q, -2)"
member_output,2864601_0.437,bad_curvature_compression,main_effect,3.230306248971198,,0.11318040284243691,"native max(log Q, -2)"
member_output,2864601_0.437,bad_curvature_compression,main_effect,3.8666002731277995,,0.14976851731067353,"native max(log Q, -2)"
member_output,2864601_0.437,bad_curvature_compression,main_effect,5.067713841143107,,0.22315467505616796,"native max(log Q, -2)"
member_output,2864601_0.437,bad_curvature_compression,main_effect,6.824399899444618,,0.264048578560782,"native max(log Q, -2)"
member_output,2864601_0.437,bad_curvature_compression,main_effect,9.980143448393118,,0.3243042534165597,"native max(log Q, -2)"
member_output,2864601_0.437,bad_curvature_compression,main_effect,31.662612284827745,,0.48273997197082874,"native max(log Q, -2)"
member_output,2864601_0.437,paper_bad_curvature_feature_mean_square,main_effect,0.0,,-0.23101792107262706,"native max(log Q, -2)"
member_output,2864601_0.437,paper_bad_curvature_feature_mean_square,main_effect,0.05522149116426257,,-0.16098443391307535,"native max(log Q, -2)"
member_output,2864601_0.437,paper_bad_curvature_feature_mean_square,main_effect,0.15818497170032206,,-0.1274731040494322,"native max(log Q, -2)"
member_output,2864601_0.437,paper_bad_curvature_feature_mean_square,main_effect,0.2958359615324661,,-0.09840394550403847,"native max(log Q, -2)"
member_output,2864601_0.437,paper_bad_curvature_feature_mean_square,main_effect,0.4767309188327896,,-0.07650312063235856,"native max(log Q, -2)"
member_output,2864601_0.437,paper_bad_curvature_feature_mean_square,main_effect,0.6264598543191415,,-0.06860035861787936,"native max(log Q, -2)"
member_output,2864601_0.437,paper_bad_curvature_feature_mean_square,main_effect,0.7622547112262752,,-0.057441637350656986,"native max(log Q, -2)"
member_output,2864601_0.437,paper_bad_curvature_feature_mean_square,main_effect,0.867126909634012,,-0.0601063473944092,"native max(log Q, -2)"
member_output,2864601_0.437,paper_bad_curvature_feature_mean_square,main_effect,0.9953895306012508,,-0.050489780625502294,"native max(log Q, -2)"
member_output,2864601_0.437,paper_bad_curvature_feature_mean_square,main_effect,1.0814018808873147,,-0.056586272995665834,"native max(log Q, -2)"
member_output,2864601_0.437,paper_bad_curvature_feature_mean_square,main_effect,1.1913536712234647,,-0.04698909310508656,"native max(log Q, -2)"
member_output,2864601_0.437,paper_bad_curvature_feature_mean_square,main_effect,1.319183039104659,,-0.042637428333764216,"native max(log Q, -2)"
member_output,2864601_0.437,paper_bad_curvature_feature_mean_square,main_effect,1.4164782776845888,,-0.04386727882829691,"native max(log Q, -2)"
member_output,2864601_0.437,paper_bad_curvature_feature_mean_square,main_effect,1.5309193847074678,,-0.04718312728380326,"native max(log Q, -2)"
member_output,2864601_0.437,paper_bad_curvature_feature_mean_square,main_effect,1.6452523782048454,,-0.05011525451433986,"native max(log Q, -2)"
member_output,2864601_0.437,paper_bad_curvature_feature_mean_square,main_effect,1.7142609892228498,,-0.049263959426851196,"native max(log Q, -2)"
member_output,2864601_0.437,paper_bad_curvature_feature_mean_square,main_effect,1.8635799793762935,,-0.05377450413036243,"native max(log Q, -2)"
member_output,2864601_0.437,paper_bad_curvature_feature_mean_square,main_effect,2.023535711938306,,-0.048475390695575674,"native max(log Q, -2)"
member_output,2864601_0.437,paper_bad_curvature_feature_mean_square,main_effect,2.2307553396892725,,-0.03428182626689515,"native max(log Q, -2)"
member_output,2864601_0.437,paper_bad_curvature_feature_mean_square,main_effect,2.3962872217239912,,-0.022113154811555263,"native max(log Q, -2)"
member_output,2864601_0.437,paper_bad_curvature_feature_mean_square,main_effect,2.6045413942489986,,-0.00558672015570006,"native max(log Q, -2)"
member_output,2864601_0.437,paper_bad_curvature_feature_mean_square,main_effect,2.829847601809911,,0.015987588922805857,"native max(log Q, -2)"
member_output,2864601_0.437,paper_bad_curvature_feature_mean_square,main_effect,3.2260454406382966,,0.015414340557019322,"native max(log Q, -2)"
member_output,2864601_0.437,paper_bad_curvature_feature_mean_square,main_effect,3.487969533884253,,0.03794949314775881,"native max(log Q, -2)"
member_output,2864601_0.437,paper_bad_curvature_feature_mean_square,main_effect,3.8191498353614888,,0.06338065440318463,"native max(log Q, -2)"
member_output,2864601_0.437,paper_bad_curvature_feature_mean_square,main_effect,4.298526882792114,,0.08965414338088606,"native max(log Q, -2)"
member_output,2864601_0.437,paper_bad_curvature_feature_mean_square,main_effect,5.015802791682851,,0.10528599645307887,"native max(log Q, -2)"
member_output,2864601_0.437,paper_bad_curvature_feature_mean_square,main_effect,5.837657706703807,,0.150082539682624,"native max(log Q, -2)"
member_output,2864601_0.437,paper_bad_curvature_feature_mean_square,main_effect,7.639949314411392,,0.19417863076596906,"native max(log Q, -2)"
member_output,2864601_0.437,paper_bad_curvature_feature_mean_square,main_effect,11.062144118935603,,0.27562814582343964,"native max(log Q, -2)"
member_output,2864601_0.437,paper_bad_curvature_feature_mean_square,main_effect,16.54279308935454,,0.3411512466906812,"native max(log Q, -2)"
member_output,2864601_0.437,paper_bad_curvature_feature_mean_square,main_effect,44.919345793114886,,0.473256096626482,"native max(log Q, -2)"
member_output,2864601_0.437,geodesic_curvature_abs_mean,main_effect,0.009350968778259508,,-0.12143135026236467,"native max(log Q, -2)"
member_output,2864601_0.437,geodesic_curvature_abs_mean,main_effect,0.07233486718905624,,-0.09081036161411556,"native max(log Q, -2)"
member_output,2864601_0.437,geodesic_curvature_abs_mean,main_effect,0.08798888969370941,,-0.06742125738664162,"native max(log Q, -2)"
member_output,2864601_0.437,geodesic_curvature_abs_mean,main_effect,0.10163026482526527,,-0.033716180144242686,"native max(log Q, -2)"
member_output,2864601_0.437,geodesic_curvature_abs_mean,main_effect,0.11076486595266036,,-0.028861732509388536,"native max(log Q, -2)"
member_output,2864601_0.437,geodesic_curvature_abs_mean,main_effect,0.12065368408426973,,-0.036672337025477564,"native max(log Q, -2)"
member_output,2864601_0.437,geodesic_curvature_abs_mean,main_effect,0.12592411872659193,,-0.05016691500956771,"native max(log Q, -2)"
member_output,2864601_0.437,geodesic_curvature_abs_mean,main_effect,0.1302139296652361,,-0.05994853794698264,"native max(log Q, -2)"
member_output,2864601_0.437,geodesic_curvature_abs_mean,main_effect,0.13756822630966783,,-0.05546037742032485,"native max(log Q, -2)"
member_output,2864601_0.437,geodesic_curvature_abs_mean,main_effect,0.14549016238500675,,-0.04022230695766202,"native max(log Q, -2)"
member_output,2864601_0.437,geodesic_curvature_abs_mean,main_effect,0.1551818007398348,,-0.027278834985761793,"native max(log Q, -2)"
member_output,2864601_0.437,geodesic_curvature_abs_mean,main_effect,0.16292069995931047,,-0.025456252890668878,"native max(log Q, -2)"
member_output,2864601_0.437,geodesic_curvature_abs_mean,main_effect,0.16944914392661303,,-0.027170213012272043,"native max(log Q, -2)"
member_output,2864601_0.437,geodesic_curvature_abs_mean,main_effect,0.17510772383805792,,-0.024816043010846434,"native max(log Q, -2)"
member_output,2864601_0.437,geodesic_curvature_abs_mean,main_effect,0.1825145659677219,,-0.0313700101041157,"native max(log Q, -2)"
member_output,2864601_0.437,geodesic_curvature_abs_mean,main_effect,0.19050201606781533,,-0.02894575977344045,"native max(log Q, -2)"
member_output,2864601_0.437,geodesic_curvature_abs_mean,main_effect,0.19800123561678146,,-0.019988577086516333,"native max(log Q, -2)"
member_output,2864601_0.437,geodesic_curvature_abs_mean,main_effect,0.20647144741784967,,-0.016165550591607677,"native max(log Q, -2)"
member_output,2864601_0.437,geodesic_curvature_abs_mean,main_effect,0.21586432764706842,,-0.013970526684478651,"native max(log Q, -2)"
member_output,2864601_0.437,geodesic_curvature_abs_mean,main_effect,0.22356330310988903,,-0.011817391186793248,"native max(log Q, -2)"
member_output,2864601_0.437,geodesic_curvature_abs_mean,main_effect,0.23076531484124035,,-0.0037588115631401837,"native max(log Q, -2)"
member_output,2864601_0.437,geodesic_curvature_abs_mean,main_effect,0.2378539251052037,,-0.004489886486212781,"native max(log Q, -2)"
member_output,2864601_0.437,geodesic_curvature_abs_mean,main_effect,0.24891835000744322,,0.003933625449316951,"native max(log Q, -2)"
member_output,2864601_0.437,geodesic_curvature_abs_mean,main_effect,0.2570020028263874,,0.01756758167837493,"native max(log Q, -2)"
member_output,2864601_0.437,geodesic_curvature_abs_mean,main_effect,0.26593551815070293,,0.047115718865667004,"native max(log Q, -2)"
member_output,2864601_0.437,geodesic_curvature_abs_mean,main_effect,0.2769781767759317,,0.06264800167830162,"native max(log Q, -2)"
member_output,2864601_0.437,geodesic_curvature_abs_mean,main_effect,0.2913857640038865,,0.07270720445079734,"native max(log Q, -2)"
member_output,2864601_0.437,geodesic_curvature_abs_mean,main_effect,0.3086644678696758,,0.07384596603023,"native max(log Q, -2)"
member_output,2864601_0.437,geodesic_curvature_abs_mean,main_effect,0.32752573008959496,,0.07863994091806509,"native max(log Q, -2)"
member_output,2864601_0.437,geodesic_curvature_abs_mean,main_effect,0.3528389563046707,,0.10943237945684155,"native max(log Q, -2)"
member_output,2864601_0.437,geodesic_curvature_abs_mean,main_effect,0.38088501673579833,,0.12163223001059764,"native max(log Q, -2)"
member_output,2864601_0.437,geodesic_curvature_abs_mean,main_effect,0.5259077142691241,,0.20923991538560693,"native max(log Q, -2)"
member_output,2864601_0.437,geodesic_curvature_compression,main_effect,0.007889698173984593,,-0.3253331341076927,"native max(log Q, -2)"
member_output,2864601_0.437,geodesic_curvature_compression,main_effect,0.06112253759421008,,-0.2656636631928932,"native max(log Q, -2)"
member_output,2864601_0.437,geodesic_curvature_compression,main_effect,0.08472354472861182,,-0.23399605649790534,"native max(log Q, -2)"
member_output,2864601_0.437,geodesic_curvature_compression,main_effect,0.10747155202098062,,-0.17532564962150654,"native max(log Q, -2)"
member_output,2864601_0.437,geodesic_curvature_compression,main_effect,0.12387289272906463,,-0.14434344862529,"native max(log Q, -2)"
member_output,2864601_0.437,geodesic_curvature_compression,main_effect,0.1328591549518529,,-0.12715363370321917,"native max(log Q, -2)"
member_output,2864601_0.437,geodesic_curvature_compression,main_effect,0.14368524331994942,,-0.10372167929664484,"native max(log Q, -2)"
member_output,2864601_0.437,geodesic_curvature_compression,main_effect,0.15561149293698617,,-0.10019844990870147,"native max(log Q, -2)"
member_output,2864601_0.437,geodesic_curvature_compression,main_effect,0.16382137142401326,,-0.089486045038,"native max(log Q, -2)"
member_output,2864601_0.437,geodesic_curvature_compression,main_effect,0.1726624695944159,,-0.07686044493072738,"native max(log Q, -2)"
member_output,2864601_0.437,geodesic_curvature_compression,main_effect,0.18351264481514726,,-0.05633469303008134,"native max(log Q, -2)"
member_output,2864601_0.437,geodesic_curvature_compression,main_effect,0.19458147299331868,,-0.04561268519488394,"native max(log Q, -2)"
member_output,2864601_0.437,geodesic_curvature_compression,main_effect,0.2027830657635095,,-0.025790844155774647,"native max(log Q, -2)"
member_output,2864601_0.437,geodesic_curvature_compression,main_effect,0.2115110303305454,,-0.014051932150079266,"native max(log Q, -2)"
member_output,2864601_0.437,geodesic_curvature_compression,main_effect,0.22159419202635466,,0.0159323176369262,"native max(log Q, -2)"
member_output,2864601_0.437,geodesic_curvature_compression,main_effect,0.23068011147729056,,0.03556572297719153,"native max(log Q, -2)"
member_output,2864601_0.437,geodesic_curvature_compression,main_effect,0.24064712718541206,,0.05515368230209877,"native max(log Q, -2)"
member_output,2864601_0.437,geodesic_curvature_compression,main_effect,0.2511457826759343,,0.07353135818062395,"native max(log Q, -2)"
member_output,2864601_0.437,geodesic_curvature_compression,main_effect,0.26145423436101833,,0.09091258933873408,"native max(log Q, -2)"
member_output,2864601_0.437,geodesic_curvature_compression,main_effect,0.2703036766359932,,0.10112696781075518,"native max(log Q, -2)"
member_output,2864601_0.437,geodesic_curvature_compression,main_effect,0.2780013666140342,,0.10812674994492803,"native max(log Q, -2)"
member_output,2864601_0.437,geodesic_curvature_compression,main_effect,0.2906341978805378,,0.10342357024199685,"native max(log Q, -2)"
member_output,2864601_0.437,geodesic_curvature_compression,main_effect,0.29962640199149576,,0.09553019030621052,"native max(log Q, -2)"
member_output,2864601_0.437,geodesic_curvature_compression,main_effect,0.31218959854131,,0.09092357535402519,"native max(log Q, -2)"
member_output,2864601_0.437,geodesic_curvature_compression,main_effect,0.3291850964793466,,0.07891253398386605,"native max(log Q, -2)"
member_output,2864601_0.437,geodesic_curvature_compression,main_effect,0.3392562852423112,,0.07173177752836167,"native max(log Q, -2)"
member_output,2864601_0.437,geodesic_curvature_compression,main_effect,0.35692183850756576,,0.08970861991350433,"native max(log Q, -2)"
member_output,2864601_0.437,geodesic_curvature_compression,main_effect,0.38038553842740697,,0.10565404965768703,"native max(log Q, -2)"
member_output,2864601_0.437,geodesic_curvature_compression,main_effect,0.4070419599273801,,0.12384044617892376,"native max(log Q, -2)"
member_output,2864601_0.437,geodesic_curvature_compression,main_effect,0.43901535719898166,,0.137772509716149,"native max(log Q, -2)"
member_output,2864601_0.437,geodesic_curvature_compression,main_effect,0.5051609310213148,,0.11067533352432982,"native max(log Q, -2)"
member_output,2864601_0.437,geodesic_curvature_compression,main_effect,0.7778913563250064,,0.16690630826020228,"native max(log Q, -2)"
member_output,2864601_0.437,parallel_roughness_iqr_scaled,main_effect,3.3164699841034717,,0.13877198505811125,"native max(log Q, -2)"
member_output,2864601_0.437,parallel_roughness_iqr_scaled,main_effect,6.525813301660298,,0.17548720964581552,"native max(log Q, -2)"
member_output,2864601_0.437,parallel_roughness_iqr_scaled,main_effect,7.6687505211598594,,0.15626326337088928,"native max(log Q, -2)"
member_output,2864601_0.437,parallel_roughness_iqr_scaled,main_effect,8.284621645266194,,0.12431177791718671,"native max(log Q, -2)"
member_output,2864601_0.437,parallel_roughness_iqr_scaled,main_effect,8.944785169885812,,0.0933445177232311,"native max(log Q, -2)"
member_output,2864601_0.437,parallel_roughness_iqr_scaled,main_effect,9.89562892450568,,0.0672931575588072,"native max(log Q, -2)"
member_output,2864601_0.437,parallel_roughness_iqr_scaled,main_effect,10.593465022932463,,0.039322074400098606,"native max(log Q, -2)"
member_output,2864601_0.437,parallel_roughness_iqr_scaled,main_effect,11.245235411203764,,0.01372382231748941,"native max(log Q, -2)"
member_output,2864601_0.437,parallel_roughness_iqr_scaled,main_effect,11.668083050132887,,0.0018168141685180666,"native max(log Q, -2)"
member_output,2864601_0.437,parallel_roughness_iqr_scaled,main_effect,12.287269857238183,,-0.0076005788024524745,"native max(log Q, -2)"
member_output,2864601_0.437,parallel_roughness_iqr_scaled,main_effect,12.880994209398656,,-0.01925944327295223,"native max(log Q, -2)"
member_output,2864601_0.437,parallel_roughness_iqr_scaled,main_effect,13.351647753432646,,-0.028265397393833054,"native max(log Q, -2)"
member_output,2864601_0.437,parallel_roughness_iqr_scaled,main_effect,14.07435204019393,,-0.036133738895690146,"native max(log Q, -2)"
member_output,2864601_0.437,parallel_roughness_iqr_scaled,main_effect,14.625570324590136,,-0.042938411939141316,"native max(log Q, -2)"
member_output,2864601_0.437,parallel_roughness_iqr_scaled,main_effect,15.255447701752,,-0.05221718668504348,"native max(log Q, -2)"
member_output,2864601_0.437,parallel_roughness_iqr_scaled,main_effect,15.93932120232245,,-0.0500292019036567,"native max(log Q, -2)"
member_output,2864601_0.437,parallel_roughness_iqr_scaled,main_effect,16.613483808120804,,-0.05414679081209117,"native max(log Q, -2)"
member_output,2864601_0.437,parallel_roughness_iqr_scaled,main_effect,17.35888171787531,,-0.04774174636666102,"native max(log Q, -2)"
member_output,2864601_0.437,parallel_roughness_iqr_scaled,main_effect,18.107217451123557,,-0.04895794499874471,"native max(log Q, -2)"
member_output,2864601_0.437,parallel_roughness_iqr_scaled,main_effect,18.904381959467166,,-0.05022807726483344,"native max(log Q, -2)"
member_output,2864601_0.437,parallel_roughness_iqr_scaled,main_effect,19.90534510812168,,-0.0528741741006797,"native max(log Q, -2)"
member_output,2864601_0.437,parallel_roughness_iqr_scaled,main_effect,21.092881795919993,,-0.05046698187798652,"native max(log Q, -2)"
member_output,2864601_0.437,parallel_roughness_iqr_scaled,main_effect,22.55867686838366,,-0.04732039316485952,"native max(log Q, -2)"
member_output,2864601_0.437,parallel_roughness_iqr_scaled,main_effect,24.035461763031563,,-0.04011659740292686,"native max(log Q, -2)"
member_output,2864601_0.437,parallel_roughness_iqr_scaled,main_effect,25.636945118533642,,-0.057186801850972836,"native max(log Q, -2)"
member_output,2864601_0.437,parallel_roughness_iqr_scaled,main_effect,27.347476113970245,,-0.05498870661600572,"native max(log Q, -2)"
member_output,2864601_0.437,parallel_roughness_iqr_scaled,main_effect,30.261320569888955,,-0.05787754839042038,"native max(log Q, -2)"
member_output,2864601_0.437,parallel_roughness_iqr_scaled,main_effect,34.214643244738454,,-0.058197291993953564,"native max(log Q, -2)"
member_output,2864601_0.437,parallel_roughness_iqr_scaled,main_effect,37.95203884143847,,-0.02996290593815227,"native max(log Q, -2)"
member_output,2864601_0.437,parallel_roughness_iqr_scaled,main_effect,44.543667036070104,,0.0012713719834256555,"native max(log Q, -2)"
member_output,2864601_0.437,parallel_roughness_iqr_scaled,main_effect,59.68846348273276,,0.03641182543231673,"native max(log Q, -2)"
member_output,2864601_0.437,parallel_roughness_iqr_scaled,main_effect,449.69559950372195,,0.06711250963997076,"native max(log Q, -2)"
member_output,2864601_0.437,cross_channel_colocation,main_effect,0.0,,-0.2506833253506844,"native max(log Q, -2)"
member_output,2864601_0.437,cross_channel_colocation,main_effect,0.06664988101110539,,-0.15636029763745263,"native max(log Q, -2)"
member_output,2864601_0.437,cross_channel_colocation,main_effect,0.1926796733484037,,-0.12930367027777376,"native max(log Q, -2)"
member_output,2864601_0.437,cross_channel_colocation,main_effect,0.3305028210567863,,-0.0911264809697797,"native max(log Q, -2)"
member_output,2864601_0.437,cross_channel_colocation,main_effect,0.45111669541486166,,-0.07489717976603338,"native max(log Q, -2)"
member_output,2864601_0.437,cross_channel_colocation,main_effect,0.5617308727389484,,-0.040991385196927785,"native max(log Q, -2)"
member_output,2864601_0.437,cross_channel_colocation,main_effect,0.6567534571462993,,-0.023541815109197256,"native max(log Q, -2)"
member_output,2864601_0.437,cross_channel_colocation,main_effect,0.7267349366544291,,-0.014003741590439251,"native max(log Q, -2)"
member_output,2864601_0.437,cross_channel_colocation,main_effect,0.8150854597232531,,-0.008188679315683735,"native max(log Q, -2)"
member_output,2864601_0.437,cross_channel_colocation,main_effect,0.8854121070690294,,-0.010199036393378125,"native max(log Q, -2)"
member_output,2864601_0.437,cross_channel_colocation,main_effect,0.9542575783251417,,-0.015075776400966948,"native max(log Q, -2)"
member_output,2864601_0.437,cross_channel_colocation,main_effect,1.009773509643411,,-0.020617926337691245,"native max(log Q, -2)"
member_output,2864601_0.437,cross_channel_colocation,main_effect,1.0643819947004438,,-0.02747120401101104,"native max(log Q, -2)"
member_output,2864601_0.437,cross_channel_colocation,main_effect,1.1369166085538387,,-0.036063700669136486,"native max(log Q, -2)"
member_output,2864601_0.437,cross_channel_colocation,main_effect,1.1984577121565068,,-0.0386436574579527,"native max(log Q, -2)"
member_output,2864601_0.437,cross_channel_colocation,main_effect,1.2516359984541956,,-0.041960611420502086,"native max(log Q, -2)"
member_output,2864601_0.437,cross_channel_colocation,main_effect,1.2932546777852325,,-0.0344779811618427,"native max(log Q, -2)"
member_output,2864601_0.437,cross_channel_colocation,main_effect,1.3647141761828019,,-0.024861982422889964,"native max(log Q, -2)"
member_output,2864601_0.437,cross_channel_colocation,main_effect,1.4572393572986235,,-0.016047217292870137,"native max(log Q, -2)"
member_output,2864601_0.437,cross_channel_colocation,main_effect,1.5680668576232026,,0.00043716600092996456,"native max(log Q, -2)"
member_output,2864601_0.437,cross_channel_colocation,main_effect,1.680477562352136,,0.011452248382943654,"native max(log Q, -2)"
member_output,2864601_0.437,cross_channel_colocation,main_effect,1.8140210382447508,,0.030735080655957803,"native max(log Q, -2)"
member_output,2864601_0.437,cross_channel_colocation,main_effect,1.9386721770633941,,0.050733232222877345,"native max(log Q, -2)"
member_output,2864601_0.437,cross_channel_colocation,main_effect,2.070102749170708,,0.07926574466141702,"native max(log Q, -2)"
member_output,2864601_0.437,cross_channel_colocation,main_effect,2.247422337258988,,0.10069940553048329,"native max(log Q, -2)"
member_output,2864601_0.437,cross_channel_colocation,main_effect,2.4532535421668156,,0.11299809217528146,"native max(log Q, -2)"
member_output,2864601_0.437,cross_channel_colocation,main_effect,2.7130128792327013,,0.1124639372793506,"native max(log Q, -2)"
member_output,2864601_0.437,cross_channel_colocation,main_effect,3.1406404247815276,,0.12461852666021256,"native max(log Q, -2)"
member_output,2864601_0.437,cross_channel_colocation,main_effect,3.9318583034380103,,0.13780993287692583,"native max(log Q, -2)"
member_output,2864601_0.437,cross_channel_colocation,main_effect,5.216106685002086,,0.15335059556909086,"native max(log Q, -2)"
member_output,2864601_0.437,cross_channel_colocation,main_effect,7.19108340562524,,0.18213656596320094,"native max(log Q, -2)"
member_output,2864601_0.437,cross_channel_colocation,main_effect,14.93604350531389,,0.2859459540875446,"native max(log Q, -2)"
member_output,2864601_0.437,bmag_parallel_expected_k,main_effect,1.1920382450865792,,0.1122971797648307,"native max(log Q, -2)"
member_output,2864601_0.437,bmag_parallel_expected_k,main_effect,2.00042730481691,,0.09858614829358636,"native max(log Q, -2)"
member_output,2864601_0.437,bmag_parallel_expected_k,main_effect,2.3455112082238543,,0.10773376983658686,"native max(log Q, -2)"
member_output,2864601_0.437,bmag_parallel_expected_k,main_effect,2.6627631116073656,,0.10661252097746071,"native max(log Q, -2)"
member_output,2864601_0.437,bmag_parallel_expected_k,main_effect,2.8332773894828973,,0.09117678338539194,"native max(log Q, -2)"
member_output,2864601_0.437,bmag_parallel_expected_k,main_effect,2.9620874125625853,,0.08332332759130848,"native max(log Q, -2)"
member_output,2864601_0.437,bmag_parallel_expected_k,main_effect,3.1156600516160484,,0.0833719600935427,"native max(log Q, -2)"
member_output,2864601_0.437,bmag_parallel_expected_k,main_effect,3.273627454307598,,0.07058339565034429,"native max(log Q, -2)"
member_output,2864601_0.437,bmag_parallel_expected_k,main_effect,3.45856801513495,,0.0515646693638437,"native max(log Q, -2)"
member_output,2864601_0.437,bmag_parallel_expected_k,main_effect,3.6371529639693625,,0.038584182431214586,"native max(log Q, -2)"
member_output,2864601_0.437,bmag_parallel_expected_k,main_effect,3.8636753503005057,,0.025265002515194812,"native max(log Q, -2)"
member_output,2864601_0.437,bmag_parallel_expected_k,main_effect,4.051665817403245,,0.015979450305327755,"native max(log Q, -2)"
member_output,2864601_0.437,bmag_parallel_expected_k,main_effect,4.236051649196192,,0.007378934584231989,"native max(log Q, -2)"
member_output,2864601_0.437,bmag_parallel_expected_k,main_effect,4.437667386859554,,0.0013631438040329854,"native max(log Q, -2)"
member_output,2864601_0.437,bmag_parallel_expected_k,main_effect,4.652912773913863,,-0.0025381792013273374,"native max(log Q, -2)"
member_output,2864601_0.437,bmag_parallel_expected_k,main_effect,5.024813672111133,,-0.0030004243734827758,"native max(log Q, -2)"
member_output,2864601_0.437,bmag_parallel_expected_k,main_effect,5.224414936052387,,-0.006479557467408411,"native max(log Q, -2)"
member_output,2864601_0.437,bmag_parallel_expected_k,main_effect,5.512503979079229,,-0.007901304054938217,"native max(log Q, -2)"
member_output,2864601_0.437,bmag_parallel_expected_k,main_effect,5.880919542075251,,-0.013778084234099802,"native max(log Q, -2)"
member_output,2864601_0.437,bmag_parallel_expected_k,main_effect,6.431980430154384,,-0.02190318043826707,"native max(log Q, -2)"
member_output,2864601_0.437,bmag_parallel_expected_k,main_effect,6.834912480126297,,-0.03186252819331173,"native max(log Q, -2)"
member_output,2864601_0.437,bmag_parallel_expected_k,main_effect,7.104912911640481,,-0.04721680508973981,"native max(log Q, -2)"
member_output,2864601_0.437,bmag_parallel_expected_k,main_effect,7.413947347348882,,-0.06035353088190324,"native max(log Q, -2)"
member_output,2864601_0.437,bmag_parallel_expected_k,main_effect,7.95298153803396,,-0.06485548600716629,"native max(log Q, -2)"
member_output,2864601_0.437,bmag_parallel_expected_k,main_effect,8.287180523326139,,-0.07086967808884088,"native max(log Q, -2)"
member_output,2864601_0.437,bmag_parallel_expected_k,main_effect,8.752703360023844,,-0.06576070224412181,"native max(log Q, -2)"
member_output,2864601_0.437,bmag_parallel_expected_k,main_effect,9.250239175533427,,-0.07009489297755436,"native max(log Q, -2)"
member_output,2864601_0.437,bmag_parallel_expected_k,main_effect,9.753528696238556,,-0.07743604981638844,"native max(log Q, -2)"
member_output,2864601_0.437,bmag_parallel_expected_k,main_effect,10.439356679804316,,-0.08094580172174308,"native max(log Q, -2)"
member_output,2864601_0.437,bmag_parallel_expected_k,main_effect,11.188294161731841,,-0.07893462679535111,"native max(log Q, -2)"
member_output,2864601_0.437,bmag_parallel_expected_k,main_effect,12.264105283505046,,-0.0512850000931725,"native max(log Q, -2)"
member_output,2864601_0.437,bmag_parallel_expected_k,main_effect,14.659488456701158,,-0.1276361815268962,"native max(log Q, -2)"
member_output,2864601_0.437,compression_parallel_expected_k,main_effect,1.44452694818908,,-0.14304569684602242,"native max(log Q, -2)"
member_output,2864601_0.437,compression_parallel_expected_k,main_effect,2.4952331855898224,,-0.07981301529996365,"native max(log Q, -2)"
member_output,2864601_0.437,compression_parallel_expected_k,main_effect,2.7038762803044354,,-0.037284526764611164,"native max(log Q, -2)"
member_output,2864601_0.437,compression_parallel_expected_k,main_effect,3.005272484436159,,-0.03504167791271207,"native max(log Q, -2)"
member_output,2864601_0.437,compression_parallel_expected_k,main_effect,3.1758050342748354,,-0.029119638141556263,"native max(log Q, -2)"
member_output,2864601_0.437,compression_parallel_expected_k,main_effect,3.3374138654175662,,-0.020405262071389325,"native max(log Q, -2)"
member_output,2864601_0.437,compression_parallel_expected_k,main_effect,3.5233172030302993,,-0.01304283710495036,"native max(log Q, -2)"
member_output,2864601_0.437,compression_parallel_expected_k,main_effect,3.6883984651721295,,-0.0258835004714751,"native max(log Q, -2)"
member_output,2864601_0.437,compression_parallel_expected_k,main_effect,3.8696664704275143,,-0.03046100541797058,"native max(log Q, -2)"
member_output,2864601_0.437,compression_parallel_expected_k,main_effect,4.011381907409078,,-0.03033453998788702,"native max(log Q, -2)"
member_output,2864601_0.437,compression_parallel_expected_k,main_effect,4.10620781168606,,-0.021025976373013195,"native max(log Q, -2)"
member_output,2864601_0.437,compression_parallel_expected_k,main_effect,4.23390110751035,,-0.015463640699558015,"native max(log Q, -2)"
member_output,2864601_0.437,compression_parallel_expected_k,main_effect,4.3950900852500805,,-0.007840007301019608,"native max(log Q, -2)"
member_output,2864601_0.437,compression_parallel_expected_k,main_effect,4.528698505374109,,-0.004632741812097216,"native max(log Q, -2)"
member_output,2864601_0.437,compression_parallel_expected_k,main_effect,4.65443266396165,,7.473342481123871e-05,"native max(log Q, -2)"
member_output,2864601_0.437,compression_parallel_expected_k,main_effect,4.857853482185325,,0.00900213758001826,"native max(log Q, -2)"
member_output,2864601_0.437,compression_parallel_expected_k,main_effect,5.004471084522239,,0.022193038311200432,"native max(log Q, -2)"
member_output,2864601_0.437,compression_parallel_expected_k,main_effect,5.195847606403694,,0.03105986142722074,"native max(log Q, -2)"
member_output,2864601_0.437,compression_parallel_expected_k,main_effect,5.377000277835615,,0.037339163656906836,"native max(log Q, -2)"
member_output,2864601_0.437,compression_parallel_expected_k,main_effect,5.572812115611185,,0.044813182448411974,"native max(log Q, -2)"
member_output,2864601_0.437,compression_parallel_expected_k,main_effect,5.7820668886567885,,0.0491389247968573,"native max(log Q, -2)"
member_output,2864601_0.437,compression_parallel_expected_k,main_effect,5.9697981751305225,,0.04658464501640393,"native max(log Q, -2)"
member_output,2864601_0.437,compression_parallel_expected_k,main_effect,6.192792574825598,,0.037773544096179425,"native max(log Q, -2)"
member_output,2864601_0.437,compression_parallel_expected_k,main_effect,6.400907974127423,,0.029947465739105648,"native max(log Q, -2)"
member_output,2864601_0.437,compression_parallel_expected_k,main_effect,6.656990441534724,,0.019577599189392912,"native max(log Q, -2)"
member_output,2864601_0.437,compression_parallel_expected_k,main_effect,7.075960341307097,,0.005321983559989909,"native max(log Q, -2)"
member_output,2864601_0.437,compression_parallel_expected_k,main_effect,7.344071793173743,,-0.00283437913637166,"native max(log Q, -2)"
member_output,2864601_0.437,compression_parallel_expected_k,main_effect,7.645014422426994,,0.007500691036292314,"native max(log Q, -2)"
member_output,2864601_0.437,compression_parallel_expected_k,main_effect,8.037848138762609,,0.02283340524945787,"native max(log Q, -2)"
member_output,2864601_0.437,compression_parallel_expected_k,main_effect,8.67012962510806,,0.04738061498975481,"native max(log Q, -2)"
member_output,2864601_0.437,compression_parallel_expected_k,main_effect,9.450497091580068,,0.034850777215467664,"native max(log Q, -2)"
member_output,2864601_0.437,compression_parallel_expected_k,main_effect,10.811615498230733,,-0.05698629538326547,"native max(log Q, -2)"
member_output,2864601_0.437,curvature_parallel_expected_k,main_effect,1.1826984965191376,,-0.010596041896681747,"native max(log Q, -2)"
member_output,2864601_0.437,curvature_parallel_expected_k,main_effect,1.9890588460030774,,-0.020181748369300527,"native max(log Q, -2)"
member_output,2864601_0.437,curvature_parallel_expected_k,main_effect,2.334624574949851,,-0.008440831627676094,"native max(log Q, -2)"
member_output,2864601_0.437,curvature_parallel_expected_k,main_effect,2.5848150502818936,,0.008561129526766683,"native max(log Q, -2)"
member_output,2864601_0.437,curvature_parallel_expected_k,main_effect,2.8503466078697803,,0.018292051317130794,"native max(log Q, -2)"
member_output,2864601_0.437,curvature_parallel_expected_k,main_effect,3.0516126415281457,,0.023630987729053154,"native max(log Q, -2)"
member_output,2864601_0.437,curvature_parallel_expected_k,main_effect,3.1571917505964313,,0.03782029408581697,"native max(log Q, -2)"
member_output,2864601_0.437,curvature_parallel_expected_k,main_effect,3.2815894012348883,,0.045032508005831424,"native max(log Q, -2)"
member_output,2864601_0.437,curvature_parallel_expected_k,main_effect,3.439974913336717,,0.04778325552904498,"native max(log Q, -2)"
member_output,2864601_0.437,curvature_parallel_expected_k,main_effect,3.6395243616197828,,0.039291845548147526,"native max(log Q, -2)"
member_output,2864601_0.437,curvature_parallel_expected_k,main_effect,3.8528826985623024,,0.022187963725284403,"native max(log Q, -2)"
member_output,2864601_0.437,curvature_parallel_expected_k,main_effect,4.123334113467838,,0.006612070861999533,"native max(log Q, -2)"
member_output,2864601_0.437,curvature_parallel_expected_k,main_effect,4.276416644423197,,0.0034472141472299783,"native max(log Q, -2)"
member_output,2864601_0.437,curvature_parallel_expected_k,main_effect,4.513708737765535,,0.0020042542556727386,"native max(log Q, -2)"
member_output,2864601_0.437,curvature_parallel_expected_k,main_effect,4.770862233904506,,-0.00458665015784616,"native max(log Q, -2)"
member_output,2864601_0.437,curvature_parallel_expected_k,main_effect,5.087935141360958,,-0.0020772939258769394,"native max(log Q, -2)"
member_output,2864601_0.437,curvature_parallel_expected_k,main_effect,5.463883755258251,,0.001333273894335303,"native max(log Q, -2)"
member_output,2864601_0.437,curvature_parallel_expected_k,main_effect,5.775931723487524,,0.009176328574039536,"native max(log Q, -2)"
member_output,2864601_0.437,curvature_parallel_expected_k,main_effect,6.110582013012336,,0.007867669582405621,"native max(log Q, -2)"
member_output,2864601_0.437,curvature_parallel_expected_k,main_effect,6.502557643594603,,-0.0012904902113477926,"native max(log Q, -2)"
member_output,2864601_0.437,curvature_parallel_expected_k,main_effect,6.858410180406682,,-0.00807054470634788,"native max(log Q, -2)"
member_output,2864601_0.437,curvature_parallel_expected_k,main_effect,7.156088792217977,,-0.007836284144922667,"native max(log Q, -2)"
member_output,2864601_0.437,curvature_parallel_expected_k,main_effect,7.682416968037046,,0.005855533509524092,"native max(log Q, -2)"
member_output,2864601_0.437,curvature_parallel_expected_k,main_effect,8.104401072560158,,0.013278241906458543,"native max(log Q, -2)"
member_output,2864601_0.437,curvature_parallel_expected_k,main_effect,8.548000890254059,,0.016932255398922125,"native max(log Q, -2)"
member_output,2864601_0.437,curvature_parallel_expected_k,main_effect,8.945427724212628,,0.016663341886411602,"native max(log Q, -2)"
member_output,2864601_0.437,curvature_parallel_expected_k,main_effect,9.533856645288957,,0.006398405732326376,"native max(log Q, -2)"
member_output,2864601_0.437,curvature_parallel_expected_k,main_effect,10.071436380917877,,-0.006993879478116696,"native max(log Q, -2)"
member_output,2864601_0.437,curvature_parallel_expected_k,main_effect,10.649245361321666,,-0.027026490557256963,"native max(log Q, -2)"
member_output,2864601_0.437,curvature_parallel_expected_k,main_effect,11.475592042814288,,-0.05706728290370661,"native max(log Q, -2)"
member_output,2864601_0.437,curvature_parallel_expected_k,main_effect,12.26095551921272,,-0.0802455784717114,"native max(log Q, -2)"
member_output,2864601_0.437,curvature_parallel_expected_k,main_effect,16.584139520150696,,-0.09941109296205443,"native max(log Q, -2)"
member_output,2864601_0.437,local_shear_abs_mean,main_effect,1.06967333635699,,0.021003385463606618,"native max(log Q, -2)"
member_output,2864601_0.437,local_shear_abs_mean,main_effect,4.143729501033851,,-0.0025575388493386366,"native max(log Q, -2)"
member_output,2864601_0.437,local_shear_abs_mean,main_effect,5.8320792295705335,,-0.010392441387179511,"native max(log Q, -2)"
member_output,2864601_0.437,local_shear_abs_mean,main_effect,7.366712637720768,,0.011952036826686403,"native max(log Q, -2)"
member_output,2864601_0.437,local_shear_abs_mean,main_effect,8.612597662158187,,0.026744624960658686,"native max(log Q, -2)"
member_output,2864601_0.437,local_shear_abs_mean,main_effect,9.523035735089902,,0.041237108054774554,"native max(log Q, -2)"
member_output,2864601_0.437,local_shear_abs_mean,main_effect,10.42292723471382,,0.05555173705064271,"native max(log Q, -2)"
member_output,2864601_0.437,local_shear_abs_mean,main_effect,11.436492999864878,,0.06268024798997066,"native max(log Q, -2)"
member_output,2864601_0.437,local_shear_abs_mean,main_effect,12.466414283339699,,0.0673404470551105,"native max(log Q, -2)"
member_output,2864601_0.437,local_shear_abs_mean,main_effect,12.99962769452143,,0.06883183947507664,"native max(log Q, -2)"
member_output,2864601_0.437,local_shear_abs_mean,main_effect,13.653977522450194,,0.06485854481996152,"native max(log Q, -2)"
member_output,2864601_0.437,local_shear_abs_mean,main_effect,14.182628406308563,,0.065141098637637,"native max(log Q, -2)"
member_output,2864601_0.437,local_shear_abs_mean,main_effect,15.15853454743018,,0.059350815280437334,"native max(log Q, -2)"
member_output,2864601_0.437,local_shear_abs_mean,main_effect,15.838994817013766,,0.05408901185381192,"native max(log Q, -2)"
member_output,2864601_0.437,local_shear_abs_mean,main_effect,16.36527338447715,,0.05702395475175642,"native max(log Q, -2)"
member_output,2864601_0.437,local_shear_abs_mean,main_effect,16.946616464123466,,0.06048984153330938,"native max(log Q, -2)"
member_output,2864601_0.437,local_shear_abs_mean,main_effect,17.561595194399608,,0.05999177541989015,"native max(log Q, -2)"
member_output,2864601_0.437,local_shear_abs_mean,main_effect,18.177242489928243,,0.052027383664526416,"native max(log Q, -2)"
member_output,2864601_0.437,local_shear_abs_mean,main_effect,18.95088938110552,,0.032449259881759854,"native max(log Q, -2)"
member_output,2864601_0.437,local_shear_abs_mean,main_effect,19.76287378814549,,0.019415672243835426,"native max(log Q, -2)"
member_output,2864601_0.437,local_shear_abs_mean,main_effect,20.55875394069161,,-0.00034673466715414553,"native max(log Q, -2)"
member_output,2864601_0.437,local_shear_abs_mean,main_effect,21.45108379146928,,-0.026893146703645378,"native max(log Q, -2)"
member_output,2864601_0.437,local_shear_abs_mean,main_effect,22.42247832865519,,-0.042451138770417673,"native max(log Q, -2)"
member_output,2864601_0.437,local_shear_abs_mean,main_effect,23.91016832926787,,-0.04931277943656862,"native max(log Q, -2)"
member_output,2864601_0.437,local_shear_abs_mean,main_effect,25.136738879714194,,-0.06030031186060265,"native max(log Q, -2)"
member_output,2864601_0.437,local_shear_abs_mean,main_effect,26.64614020168073,,-0.06656416059228158,"native max(log Q, -2)"
member_output,2864601_0.437,local_shear_abs_mean,main_effect,28.295350039322724,,-0.0891360269517186,"native max(log Q, -2)"
member_output,2864601_0.437,local_shear_abs_mean,main_effect,30.497750505203822,,-0.10297406459892347,"native max(log Q, -2)"
member_output,2864601_0.437,local_shear_abs_mean,main_effect,32.18654605264399,,-0.10740232233834421,"native max(log Q, -2)"
member_output,2864601_0.437,local_shear_abs_mean,main_effect,35.584511796393144,,-0.09866248368211945,"native max(log Q, -2)"
member_output,2864601_0.437,local_shear_abs_mean,main_effect,41.86626543040869,,-0.11718522691426811,"native max(log Q, -2)"
member_output,2864601_0.437,local_shear_abs_mean,main_effect,67.66948225050064,,-0.146340189188731,"native max(log Q, -2)"
member_output,2864601_0.437,f_Q_integrand_w25_peak,main_effect,0.06457202007711853,,-0.3884697661429287,"native max(log Q, -2)"
member_output,2864601_0.437,f_Q_integrand_w25_peak,main_effect,0.2785588893864086,,-0.24538517665981366,"native max(log Q, -2)"
member_output,2864601_0.437,f_Q_integrand_w25_peak,main_effect,0.48918828200179754,,-0.1997789584778176,"native max(log Q, -2)"
member_output,2864601_0.437,f_Q_integrand_w25_peak,main_effect,0.6730614291980621,,-0.16619469881911214,"native max(log Q, -2)"
member_output,2864601_0.437,f_Q_integrand_w25_peak,main_effect,0.9967779728636241,,-0.14242289554656537,"native max(log Q, -2)"
member_output,2864601_0.437,f_Q_integrand_w25_peak,main_effect,1.3101415298784995,,-0.1184244448348868,"native max(log Q, -2)"
member_output,2864601_0.437,f_Q_integrand_w25_peak,main_effect,1.5749233453565514,,-0.09991807988371845,"native max(log Q, -2)"
member_output,2864601_0.437,f_Q_integrand_w25_peak,main_effect,1.8127396961562914,,-0.09812455092786473,"native max(log Q, -2)"
member_output,2864601_0.437,f_Q_integrand_w25_peak,main_effect,2.0049404049433086,,-0.08800358528627092,"native max(log Q, -2)"
member_output,2864601_0.437,f_Q_integrand_w25_peak,main_effect,2.193608136546242,,-0.08000980277923136,"native max(log Q, -2)"
member_output,2864601_0.437,f_Q_integrand_w25_peak,main_effect,2.3069439886483396,,-0.07547493422237952,"native max(log Q, -2)"
member_output,2864601_0.437,f_Q_integrand_w25_peak,main_effect,2.456877179163439,,-0.07926636377521826,"native max(log Q, -2)"
member_output,2864601_0.437,f_Q_integrand_w25_peak,main_effect,2.619810511870972,,-0.07513738611857212,"native max(log Q, -2)"
member_output,2864601_0.437,f_Q_integrand_w25_peak,main_effect,2.744921959253753,,-0.07764936011044526,"native max(log Q, -2)"
member_output,2864601_0.437,f_Q_integrand_w25_peak,main_effect,2.877505848165714,,-0.06797355568418237,"native max(log Q, -2)"
member_output,2864601_0.437,f_Q_integrand_w25_peak,main_effect,3.0819395450332516,,-0.054449719121040296,"native max(log Q, -2)"
member_output,2864601_0.437,f_Q_integrand_w25_peak,main_effect,3.228382316144308,,-0.029037473469274898,"native max(log Q, -2)"
member_output,2864601_0.437,f_Q_integrand_w25_peak,main_effect,3.5199241732715296,,-0.015892052722095668,"native max(log Q, -2)"
member_output,2864601_0.437,f_Q_integrand_w25_peak,main_effect,3.8323798738493746,,0.015907382643242353,"native max(log Q, -2)"
member_output,2864601_0.437,f_Q_integrand_w25_peak,main_effect,4.14043860980191,,0.03210564931561845,"native max(log Q, -2)"
member_output,2864601_0.437,f_Q_integrand_w25_peak,main_effect,4.389757383059743,,0.055271975141685706,"native max(log Q, -2)"
member_output,2864601_0.437,f_Q_integrand_w25_peak,main_effect,4.7691597865290705,,0.06654832093636176,"native max(log Q, -2)"
member_output,2864601_0.437,f_Q_integrand_w25_peak,main_effect,5.34188375274854,,0.07640861625504322,"native max(log Q, -2)"
member_output,2864601_0.437,f_Q_integrand_w25_peak,main_effect,6.039586918196841,,0.07819505763914344,"native max(log Q, -2)"
member_output,2864601_0.437,f_Q_integrand_w25_peak,main_effect,6.891644234582968,,0.09398200279108564,"native max(log Q, -2)"
member_output,2864601_0.437,f_Q_integrand_w25_peak,main_effect,8.128452561272194,,0.111918209966919,"native max(log Q, -2)"
member_output,2864601_0.437,f_Q_integrand_w25_peak,main_effect,9.258158495607137,,0.14183567603271424,"native max(log Q, -2)"
member_output,2864601_0.437,f_Q_integrand_w25_peak,main_effect,10.720094224526406,,0.17720137440127126,"native max(log Q, -2)"
member_output,2864601_0.437,f_Q_integrand_w25_peak,main_effect,13.581513345474017,,0.2220547599861025,"native max(log Q, -2)"
member_output,2864601_0.437,f_Q_integrand_w25_peak,main_effect,17.40148199139876,,0.26566047288878286,"native max(log Q, -2)"
member_output,2864601_0.437,f_Q_integrand_w25_peak,main_effect,22.2187317186874,,0.30192204694290437,"native max(log Q, -2)"
member_output,2864601_0.437,f_Q_integrand_w25_peak,main_effect,50.50315487162647,,0.41837411382078227,"native max(log Q, -2)"
member_output,2864601_0.437,geodesic_abs_w25_peak,main_effect,0.01633606620132923,,0.030573905820171027,"native max(log Q, -2)"
member_output,2864601_0.437,geodesic_abs_w25_peak,main_effect,0.10186510868370532,,0.02334478226786664,"native max(log Q, -2)"
member_output,2864601_0.437,geodesic_abs_w25_peak,main_effect,0.127582890689373,,0.03859078131318437,"native max(log Q, -2)"
member_output,2864601_0.437,geodesic_abs_w25_peak,main_effect,0.1427201061323285,,0.024923262657616553,"native max(log Q, -2)"
member_output,2864601_0.437,geodesic_abs_w25_peak,main_effect,0.15078622147440912,,-0.00032980304002376906,"native max(log Q, -2)"
member_output,2864601_0.437,geodesic_abs_w25_peak,main_effect,0.15867976054549215,,-0.018088308280568465,"native max(log Q, -2)"
member_output,2864601_0.437,geodesic_abs_w25_peak,main_effect,0.17093788504600527,,-0.04467900016560508,"native max(log Q, -2)"
member_output,2864601_0.437,geodesic_abs_w25_peak,main_effect,0.18222619041800497,,-0.04722332484017232,"native max(log Q, -2)"
member_output,2864601_0.437,geodesic_abs_w25_peak,main_effect,0.19600745797157287,,-0.036016598409841324,"native max(log Q, -2)"
member_output,2864601_0.437,geodesic_abs_w25_peak,main_effect,0.20628694344311954,,-0.02313276851530159,"native max(log Q, -2)"
member_output,2864601_0.437,geodesic_abs_w25_peak,main_effect,0.21651431541889915,,-0.0072644159775190195,"native max(log Q, -2)"
member_output,2864601_0.437,geodesic_abs_w25_peak,main_effect,0.2279817188624293,,0.014807841302197724,"native max(log Q, -2)"
member_output,2864601_0.437,geodesic_abs_w25_peak,main_effect,0.2382492995262146,,0.021520207243253,"native max(log Q, -2)"
member_output,2864601_0.437,geodesic_abs_w25_peak,main_effect,0.24794465162791313,,0.026184123317967885,"native max(log Q, -2)"
member_output,2864601_0.437,geodesic_abs_w25_peak,main_effect,0.25736147094517947,,0.018758013069349697,"native max(log Q, -2)"
member_output,2864601_0.437,geodesic_abs_w25_peak,main_effect,0.26804914981126793,,0.016142268133168335,"native max(log Q, -2)"
member_output,2864601_0.437,geodesic_abs_w25_peak,main_effect,0.2779101672396064,,0.008645612454549156,"native max(log Q, -2)"
member_output,2864601_0.437,geodesic_abs_w25_peak,main_effect,0.28576802879571916,,0.00016203477518167354,"native max(log Q, -2)"
member_output,2864601_0.437,geodesic_abs_w25_peak,main_effect,0.2941832759976387,,-0.0013448033064325073,"native max(log Q, -2)"
member_output,2864601_0.437,geodesic_abs_w25_peak,main_effect,0.30298862347146494,,0.010100314346173875,"native max(log Q, -2)"
member_output,2864601_0.437,geodesic_abs_w25_peak,main_effect,0.31417563110589986,,0.00755211278993673,"native max(log Q, -2)"
member_output,2864601_0.437,geodesic_abs_w25_peak,main_effect,0.32526606231927874,,0.013115243127105979,"native max(log Q, -2)"
member_output,2864601_0.437,geodesic_abs_w25_peak,main_effect,0.3438676693663004,,0.008061414204217118,"native max(log Q, -2)"
member_output,2864601_0.437,geodesic_abs_w25_peak,main_effect,0.3553514140844345,,-0.0014513442543494471,"native max(log Q, -2)"
member_output,2864601_0.437,geodesic_abs_w25_peak,main_effect,0.36950905542820695,,-0.0042791343124601745,"native max(log Q, -2)"
member_output,2864601_0.437,geodesic_abs_w25_peak,main_effect,0.3876465165615082,,-0.00042333301818529314,"native max(log Q, -2)"
member_output,2864601_0.437,geodesic_abs_w25_peak,main_effect,0.4008001436293125,,0.0066102151418187755,"native max(log Q, -2)"
member_output,2864601_0.437,geodesic_abs_w25_peak,main_effect,0.4166489655897021,,0.00756881039500122,"native max(log Q, -2)"
member_output,2864601_0.437,geodesic_abs_w25_peak,main_effect,0.4377885989099741,,-0.012409646851790048,"native max(log Q, -2)"
member_output,2864601_0.437,geodesic_abs_w25_peak,main_effect,0.46789498949423436,,-0.027361637960704514,"native max(log Q, -2)"
member_output,2864601_0.437,geodesic_abs_w25_peak,main_effect,0.5214080489426851,,-0.04222303446323496,"native max(log Q, -2)"
member_output,2864601_0.437,geodesic_abs_w25_peak,main_effect,0.7224011261761188,,0.001597226250402585,"native max(log Q, -2)"
member_output,2864601_0.437,a_over_LT & log_f_Q,pairwise_interaction,0.020469365641474724,-3.1372791971964853,1.0381999181298398,"native max(log Q, -2)"
member_output,2864601_0.437,a_over_LT & log_f_Q,pairwise_interaction,0.020469365641474724,-0.475736696355459,0.10807374573779382,"native max(log Q, -2)"
member_output,2864601_0.437,a_over_LT & log_f_Q,pairwise_interaction,0.020469365641474724,0.15334520664740808,0.015468088050945145,"native max(log Q, -2)"
member_output,2864601_0.437,a_over_LT & log_f_Q,pairwise_interaction,0.020469365641474724,0.4155584048360205,-0.08550024070361473,"native max(log Q, -2)"
member_output,2864601_0.437,a_over_LT & log_f_Q,pairwise_interaction,0.020469365641474724,0.606389675332959,-0.24259079032923053,"native max(log Q, -2)"
member_output,2864601_0.437,a_over_LT & log_f_Q,pairwise_interaction,0.020469365641474724,0.8877572786327694,-0.3008465817164715,"native max(log Q, -2)"
member_output,2864601_0.437,a_over_LT & log_f_Q,pairwise_interaction,0.020469365641474724,1.2191466923148706,-0.44439611768542125,"native max(log Q, -2)"
member_output,2864601_0.437,a_over_LT & log_f_Q,pairwise_interaction,0.020469365641474724,2.3895103701399574,-0.9994376017525474,"native max(log Q, -2)"
member_output,2864601_0.437,a_over_LT & log_f_Q,pairwise_interaction,0.9006037712097168,-3.1372791971964853,0.7397760297035387,"native max(log Q, -2)"
member_output,2864601_0.437,a_over_LT & log_f_Q,pairwise_interaction,0.9006037712097168,-0.475736696355459,-0.04468341413257047,"native max(log Q, -2)"
member_output,2864601_0.437,a_over_LT & log_f_Q,pairwise_interaction,0.9006037712097168,0.15334520664740808,-0.04101396955293683,"native max(log Q, -2)"
member_output,2864601_0.437,a_over_LT & log_f_Q,pairwise_interaction,0.9006037712097168,0.4155584048360205,-0.07700898797181938,"native max(log Q, -2)"
member_output,2864601_0.437,a_over_LT & log_f_Q,pairwise_interaction,0.9006037712097168,0.606389675332959,-0.1030371456192627,"native max(log Q, -2)"
member_output,2864601_0.437,a_over_LT & log_f_Q,pairwise_interaction,0.9006037712097168,0.8877572786327694,-0.04934552633379232,"native max(log Q, -2)"
member_output,2864601_0.437,a_over_LT & log_f_Q,pairwise_interaction,0.9006037712097168,1.2191466923148706,-0.061510658421831246,"native max(log Q, -2)"
member_output,2864601_0.437,a_over_LT & log_f_Q,pairwise_interaction,0.9006037712097168,2.3895103701399574,-0.22585128128188003,"native max(log Q, -2)"
member_output,2864601_0.437,a_over_LT & log_f_Q,pairwise_interaction,1.2197760939598083,-3.1372791971964853,0.4284397863535984,"native max(log Q, -2)"
member_output,2864601_0.437,a_over_LT & log_f_Q,pairwise_interaction,1.2197760939598083,-0.475736696355459,-0.10951490432644535,"native max(log Q, -2)"
member_output,2864601_0.437,a_over_LT & log_f_Q,pairwise_interaction,1.2197760939598083,0.15334520664740808,-0.06110371163320563,"native max(log Q, -2)"
member_output,2864601_0.437,a_over_LT & log_f_Q,pairwise_interaction,1.2197760939598083,0.4155584048360205,-0.0713042787177178,"native max(log Q, -2)"
member_output,2864601_0.437,a_over_LT & log_f_Q,pairwise_interaction,1.2197760939598083,0.606389675332959,-0.0769022050889453,"native max(log Q, -2)"
member_output,2864601_0.437,a_over_LT & log_f_Q,pairwise_interaction,1.2197760939598083,0.8877572786327694,-0.01718366864512371,"native max(log Q, -2)"
member_output,2864601_0.437,a_over_LT & log_f_Q,pairwise_interaction,1.2197760939598083,1.2191466923148706,-0.011183016084398315,"native max(log Q, -2)"
member_output,2864601_0.437,a_over_LT & log_f_Q,pairwise_interaction,1.2197760939598083,2.3895103701399574,-0.14022324585491563,"native max(log Q, -2)"
member_output,2864601_0.437,a_over_LT & log_f_Q,pairwise_interaction,1.5316290259361267,-3.1372791971964853,0.1828657466471456,"native max(log Q, -2)"
member_output,2864601_0.437,a_over_LT & log_f_Q,pairwise_interaction,1.5316290259361267,-0.475736696355459,-0.1552223915618409,"native max(log Q, -2)"
member_output,2864601_0.437,a_over_LT & log_f_Q,pairwise_interaction,1.5316290259361267,0.15334520664740808,-0.08252223764402701,"native max(log Q, -2)"
member_output,2864601_0.437,a_over_LT & log_f_Q,pairwise_interaction,1.5316290259361267,0.4155584048360205,-0.07350507900172559,"native max(log Q, -2)"
member_output,2864601_0.437,a_over_LT & log_f_Q,pairwise_interaction,1.5316290259361267,0.606389675332959,-0.07359902662158918,"native max(log Q, -2)"
member_output,2864601_0.437,a_over_LT & log_f_Q,pairwise_interaction,1.5316290259361267,0.8877572786327694,-0.009957384312785107,"native max(log Q, -2)"
member_output,2864601_0.437,a_over_LT & log_f_Q,pairwise_interaction,1.5316290259361267,1.2191466923148706,0.005975638534473169,"native max(log Q, -2)"
member_output,2864601_0.437,a_over_LT & log_f_Q,pairwise_interaction,1.5316290259361267,2.3895103701399574,-0.11899511352509196,"native max(log Q, -2)"
member_output,2864601_0.437,a_over_LT & log_f_Q,pairwise_interaction,2.071755886077881,-3.1372791971964853,-0.08504461844071208,"native max(log Q, -2)"
member_output,2864601_0.437,a_over_LT & log_f_Q,pairwise_interaction,2.071755886077881,-0.475736696355459,-0.04599290309896862,"native max(log Q, -2)"
member_output,2864601_0.437,a_over_LT & log_f_Q,pairwise_interaction,2.071755886077881,0.15334520664740808,0.014217951318919914,"native max(log Q, -2)"
member_output,2864601_0.437,a_over_LT & log_f_Q,pairwise_interaction,2.071755886077881,0.4155584048360205,0.02625187243273952,"native max(log Q, -2)"
member_output,2864601_0.437,a_over_LT & log_f_Q,pairwise_interaction,2.071755886077881,0.606389675332959,0.030858111269248138,"native max(log Q, -2)"
member_output,2864601_0.437,a_over_LT & log_f_Q,pairwise_interaction,2.071755886077881,0.8877572786327694,0.0947125999679336,"native max(log Q, -2)"
member_output,2864601_0.437,a_over_LT & log_f_Q,pairwise_interaction,2.071755886077881,1.2191466923148706,0.1123270471944666,"native max(log Q, -2)"
member_output,2864601_0.437,a_over_LT & log_f_Q,pairwise_interaction,2.071755886077881,2.3895103701399574,0.3549392589508396,"native max(log Q, -2)"
member_output,2864601_0.437,a_over_LT & log_f_Q,pairwise_interaction,2.8594785928726196,-3.1372791971964853,-0.011666034172758466,"native max(log Q, -2)"
member_output,2864601_0.437,a_over_LT & log_f_Q,pairwise_interaction,2.8594785928726196,-0.475736696355459,0.04465502664612662,"native max(log Q, -2)"
member_output,2864601_0.437,a_over_LT & log_f_Q,pairwise_interaction,2.8594785928726196,0.15334520664740808,0.05705411941591566,"native max(log Q, -2)"
member_output,2864601_0.437,a_over_LT & log_f_Q,pairwise_interaction,2.8594785928726196,0.4155584048360205,0.06917893675280187,"native max(log Q, -2)"
member_output,2864601_0.437,a_over_LT & log_f_Q,pairwise_interaction,2.8594785928726196,0.606389675332959,0.07096775696638827,"native max(log Q, -2)"
member_output,2864601_0.437,a_over_LT & log_f_Q,pairwise_interaction,2.8594785928726196,0.8877572786327694,0.10589303997546672,"native max(log Q, -2)"
member_output,2864601_0.437,a_over_LT & log_f_Q,pairwise_interaction,2.8594785928726196,1.2191466923148706,0.11243915604644991,"native max(log Q, -2)"
member_output,2864601_0.437,a_over_LT & log_f_Q,pairwise_interaction,2.8594785928726196,2.3895103701399574,0.3646042992007784,"native max(log Q, -2)"
member_output,2864601_0.437,a_over_LT & log_f_Q,pairwise_interaction,3.5870211124420166,-3.1372791971964853,-0.021196673958631392,"native max(log Q, -2)"
member_output,2864601_0.437,a_over_LT & log_f_Q,pairwise_interaction,3.5870211124420166,-0.475736696355459,0.05197649344825712,"native max(log Q, -2)"
member_output,2864601_0.437,a_over_LT & log_f_Q,pairwise_interaction,3.5870211124420166,0.15334520664740808,0.06753881410821769,"native max(log Q, -2)"
member_output,2864601_0.437,a_over_LT & log_f_Q,pairwise_interaction,3.5870211124420166,0.4155584048360205,0.08148031944221565,"native max(log Q, -2)"
member_output,2864601_0.437,a_over_LT & log_f_Q,pairwise_interaction,3.5870211124420166,0.606389675332959,0.08275866726356407,"native max(log Q, -2)"
member_output,2864601_0.437,a_over_LT & log_f_Q,pairwise_interaction,3.5870211124420166,0.8877572786327694,0.018373636104858482,"native max(log Q, -2)"
member_output,2864601_0.437,a_over_LT & log_f_Q,pairwise_interaction,3.5870211124420166,1.2191466923148706,0.009333458777240594,"native max(log Q, -2)"
member_output,2864601_0.437,a_over_LT & log_f_Q,pairwise_interaction,3.5870211124420166,2.3895103701399574,0.2939048904332753,"native max(log Q, -2)"
member_output,2864601_0.437,a_over_LT & log_f_Q,pairwise_interaction,6.460826873779297,-3.1372791971964853,0.07816845011450915,"native max(log Q, -2)"
member_output,2864601_0.437,a_over_LT & log_f_Q,pairwise_interaction,6.460826873779297,-0.475736696355459,0.18032593354337778,"native max(log Q, -2)"
member_output,2864601_0.437,a_over_LT & log_f_Q,pairwise_interaction,6.460826873779297,0.15334520664740808,0.21338850537689333,"native max(log Q, -2)"
member_output,2864601_0.437,a_over_LT & log_f_Q,pairwise_interaction,6.460826873779297,0.4155584048360205,0.2364467167422351,"native max(log Q, -2)"
member_output,2864601_0.437,a_over_LT & log_f_Q,pairwise_interaction,6.460826873779297,0.606389675332959,0.24425079420381712,"native max(log Q, -2)"
member_output,2864601_0.437,a_over_LT & log_f_Q,pairwise_interaction,6.460826873779297,0.8877572786327694,0.15535428422614778,"native max(log Q, -2)"
member_output,2864601_0.437,a_over_LT & log_f_Q,pairwise_interaction,6.460826873779297,1.2191466923148706,0.07318927536172842,"native max(log Q, -2)"
member_output,2864601_0.437,a_over_LT & log_f_Q,pairwise_interaction,6.460826873779297,2.3895103701399574,0.3944258554979081,"native max(log Q, -2)"
member_output,2864601_0.437,a_over_LT & bad_curvature_compression,pairwise_interaction,0.020469365641474724,0.0,0.61650342834276,"native max(log Q, -2)"
member_output,2864601_0.437,a_over_LT & bad_curvature_compression,pairwise_interaction,0.020469365641474724,0.22772671739968947,0.21367113983032876,"native max(log Q, -2)"
member_output,2864601_0.437,a_over_LT & bad_curvature_compression,pairwise_interaction,0.020469365641474724,0.5539935289327377,0.06942087381499737,"native max(log Q, -2)"
member_output,2864601_0.437,a_over_LT & bad_curvature_compression,pairwise_interaction,0.020469365641474724,0.7829443711894786,-0.0163482748353165,"native max(log Q, -2)"
member_output,2864601_0.437,a_over_LT & bad_curvature_compression,pairwise_interaction,0.020469365641474724,1.1407287694670685,-0.1331626745158617,"native max(log Q, -2)"
member_output,2864601_0.437,a_over_LT & bad_curvature_compression,pairwise_interaction,0.020469365641474724,1.6050736244804065,-0.28135086739597925,"native max(log Q, -2)"
member_output,2864601_0.437,a_over_LT & bad_curvature_compression,pairwise_interaction,0.020469365641474724,2.8044058575430015,-0.5005635794991633,"native max(log Q, -2)"
member_output,2864601_0.437,a_over_LT & bad_curvature_compression,pairwise_interaction,0.020469365641474724,12.63658030036591,-1.0268335118550205,"native max(log Q, -2)"
member_output,2864601_0.437,a_over_LT & bad_curvature_compression,pairwise_interaction,0.9006037712097168,0.0,0.4132787630511521,"native max(log Q, -2)"
member_output,2864601_0.437,a_over_LT & bad_curvature_compression,pairwise_interaction,0.9006037712097168,0.22772671739968947,0.09177360844269229,"native max(log Q, -2)"
member_output,2864601_0.437,a_over_LT & bad_curvature_compression,pairwise_interaction,0.9006037712097168,0.5539935289327377,0.0032717929093793573,"native max(log Q, -2)"
member_output,2864601_0.437,a_over_LT & bad_curvature_compression,pairwise_interaction,0.9006037712097168,0.7829443711894786,-0.030852142843298527,"native max(log Q, -2)"
member_output,2864601_0.437,a_over_LT & bad_curvature_compression,pairwise_interaction,0.9006037712097168,1.1407287694670685,-0.07756210583016486,"native max(log Q, -2)"
member_output,2864601_0.437,a_over_LT & bad_curvature_compression,pairwise_interaction,0.9006037712097168,1.6050736244804065,-0.09390741866366221,"native max(log Q, -2)"
member_output,2864601_0.437,a_over_LT & bad_curvature_compression,pairwise_interaction,0.9006037712097168,2.8044058575430015,-0.11522550531944527,"native max(log Q, -2)"
member_output,2864601_0.437,a_over_LT & bad_curvature_compression,pairwise_interaction,0.9006037712097168,12.63658030036591,-0.18470284786951816,"native max(log Q, -2)"
member_output,2864601_0.437,a_over_LT & bad_curvature_compression,pairwise_interaction,1.2197760939598083,0.0,0.2544847865830638,"native max(log Q, -2)"
member_output,2864601_0.437,a_over_LT & bad_curvature_compression,pairwise_interaction,1.2197760939598083,0.22772671739968947,-0.0002337773522183579,"native max(log Q, -2)"
member_output,2864601_0.437,a_over_LT & bad_curvature_compression,pairwise_interaction,1.2197760939598083,0.5539935289327377,-0.024899360203946296,"native max(log Q, -2)"
member_output,2864601_0.437,a_over_LT & bad_curvature_compression,pairwise_interaction,1.2197760939598083,0.7829443711894786,-0.040652405196357044,"native max(log Q, -2)"
member_output,2864601_0.437,a_over_LT & bad_curvature_compression,pairwise_interaction,1.2197760939598083,1.1407287694670685,-0.04449985240080709,"native max(log Q, -2)"
member_output,2864601_0.437,a_over_LT & bad_curvature_compression,pairwise_interaction,1.2197760939598083,1.6050736244804065,-0.039930076697706665,"native max(log Q, -2)"
member_output,2864601_0.437,a_over_LT & bad_curvature_compression,pairwise_interaction,1.2197760939598083,2.8044058575430015,-0.042610932138135514,"native max(log Q, -2)"
member_output,2864601_0.437,a_over_LT & bad_curvature_compression,pairwise_interaction,1.2197760939598083,12.63658030036591,-0.06882876645822503,"native max(log Q, -2)"
member_output,2864601_0.437,a_over_LT & bad_curvature_compression,pairwise_interaction,1.5316290259361267,0.0,-0.06917390619455946,"native max(log Q, -2)"
member_output,2864601_0.437,a_over_LT & bad_curvature_compression,pairwise_interaction,1.5316290259361267,0.22772671739968947,-0.05187076137843256,"native max(log Q, -2)"
member_output,2864601_0.437,a_over_LT & bad_curvature_compression,pairwise_interaction,1.5316290259361267,0.5539935289327377,-0.058102431698904444,"native max(log Q, -2)"
member_output,2864601_0.437,a_over_LT & bad_curvature_compression,pairwise_interaction,1.5316290259361267,0.7829443711894786,-0.05279930279210797,"native max(log Q, -2)"
member_output,2864601_0.437,a_over_LT & bad_curvature_compression,pairwise_interaction,1.5316290259361267,1.1407287694670685,-0.0342850435485869,"native max(log Q, -2)"
member_output,2864601_0.437,a_over_LT & bad_curvature_compression,pairwise_interaction,1.5316290259361267,1.6050736244804065,-0.014676717098336596,"native max(log Q, -2)"
member_output,2864601_0.437,a_over_LT & bad_curvature_compression,pairwise_interaction,1.5316290259361267,2.8044058575430015,-0.012778909257411295,"native max(log Q, -2)"
member_output,2864601_0.437,a_over_LT & bad_curvature_compression,pairwise_interaction,1.5316290259361267,12.63658030036591,-0.023356307331876488,"native max(log Q, -2)"
member_output,2864601_0.437,a_over_LT & bad_curvature_compression,pairwise_interaction,2.071755886077881,0.0,-0.10267236124342405,"native max(log Q, -2)"
member_output,2864601_0.437,a_over_LT & bad_curvature_compression,pairwise_interaction,2.071755886077881,0.22772671739968947,-0.03566231215787874,"native max(log Q, -2)"
member_output,2864601_0.437,a_over_LT & bad_curvature_compression,pairwise_interaction,2.071755886077881,0.5539935289327377,-0.012544383409651142,"native max(log Q, -2)"
member_output,2864601_0.437,a_over_LT & bad_curvature_compression,pairwise_interaction,2.071755886077881,0.7829443711894786,0.016881113162605176,"native max(log Q, -2)"
member_output,2864601_0.437,a_over_LT & bad_curvature_compression,pairwise_interaction,2.071755886077881,1.1407287694670685,0.03948435927981361,"native max(log Q, -2)"
member_output,2864601_0.437,a_over_LT & bad_curvature_compression,pairwise_interaction,2.071755886077881,1.6050736244804065,0.06095879064379106,"native max(log Q, -2)"
member_output,2864601_0.437,a_over_LT & bad_curvature_compression,pairwise_interaction,2.071755886077881,2.8044058575430015,0.08062044701984877,"native max(log Q, -2)"
member_output,2864601_0.437,a_over_LT & bad_curvature_compression,pairwise_interaction,2.071755886077881,12.63658030036591,0.1658599908860225,"native max(log Q, -2)"
member_output,2864601_0.437,a_over_LT & bad_curvature_compression,pairwise_interaction,2.8594785928726196,0.0,-0.10673231022556393,"native max(log Q, -2)"
member_output,2864601_0.437,a_over_LT & bad_curvature_compression,pairwise_interaction,2.8594785928726196,0.22772671739968947,-0.022493682655681496,"native max(log Q, -2)"
member_output,2864601_0.437,a_over_LT & bad_curvature_compression,pairwise_interaction,2.8594785928726196,0.5539935289327377,0.0014990951107984691,"native max(log Q, -2)"
member_output,2864601_0.437,a_over_LT & bad_curvature_compression,pairwise_interaction,2.8594785928726196,0.7829443711894786,0.03168230173934204,"native max(log Q, -2)"
member_output,2864601_0.437,a_over_LT & bad_curvature_compression,pairwise_interaction,2.8594785928726196,1.1407287694670685,0.05519694511514007,"native max(log Q, -2)"
member_output,2864601_0.437,a_over_LT & bad_curvature_compression,pairwise_interaction,2.8594785928726196,1.6050736244804065,0.07331765728707375,"native max(log Q, -2)"
member_output,2864601_0.437,a_over_LT & bad_curvature_compression,pairwise_interaction,2.8594785928726196,2.8044058575430015,0.09232551053592576,"native max(log Q, -2)"
member_output,2864601_0.437,a_over_LT & bad_curvature_compression,pairwise_interaction,2.8594785928726196,12.63658030036591,0.19660889000025544,"native max(log Q, -2)"
member_output,2864601_0.437,a_over_LT & bad_curvature_compression,pairwise_interaction,3.5870211124420166,0.0,-0.10492093010272001,"native max(log Q, -2)"
member_output,2864601_0.437,a_over_LT & bad_curvature_compression,pairwise_interaction,3.5870211124420166,0.22772671739968947,-0.033105421394207156,"native max(log Q, -2)"
member_output,2864601_0.437,a_over_LT & bad_curvature_compression,pairwise_interaction,3.5870211124420166,0.5539935289327377,-0.00649239972573057,"native max(log Q, -2)"
member_output,2864601_0.437,a_over_LT & bad_curvature_compression,pairwise_interaction,3.5870211124420166,0.7829443711894786,0.027619898252523013,"native max(log Q, -2)"
member_output,2864601_0.437,a_over_LT & bad_curvature_compression,pairwise_interaction,3.5870211124420166,1.1407287694670685,0.04889725111484022,"native max(log Q, -2)"
member_output,2864601_0.437,a_over_LT & bad_curvature_compression,pairwise_interaction,3.5870211124420166,1.6050736244804065,0.06622587951174944,"native max(log Q, -2)"
member_output,2864601_0.437,a_over_LT & bad_curvature_compression,pairwise_interaction,3.5870211124420166,2.8044058575430015,0.08653555525511283,"native max(log Q, -2)"
member_output,2864601_0.437,a_over_LT & bad_curvature_compression,pairwise_interaction,3.5870211124420166,12.63658030036591,0.3952069380096258,"native max(log Q, -2)"
member_output,2864601_0.437,a_over_LT & bad_curvature_compression,pairwise_interaction,6.460826873779297,0.0,-0.11298480217198814,"native max(log Q, -2)"
member_output,2864601_0.437,a_over_LT & bad_curvature_compression,pairwise_interaction,6.460826873779297,0.22772671739968947,-0.024378283498016642,"native max(log Q, -2)"
member_output,2864601_0.437,a_over_LT & bad_curvature_compression,pairwise_interaction,6.460826873779297,0.5539935289327377,0.021311192427447345,"native max(log Q, -2)"
member_output,2864601_0.437,a_over_LT & bad_curvature_compression,pairwise_interaction,6.460826873779297,0.7829443711894786,0.12140236829930473,"native max(log Q, -2)"
member_output,2864601_0.437,a_over_LT & bad_curvature_compression,pairwise_interaction,6.460826873779297,1.1407287694670685,0.14903754360824778,"native max(log Q, -2)"
member_output,2864601_0.437,a_over_LT & bad_curvature_compression,pairwise_interaction,6.460826873779297,1.6050736244804065,0.16487137902946378,"native max(log Q, -2)"
member_output,2864601_0.437,a_over_LT & bad_curvature_compression,pairwise_interaction,6.460826873779297,2.8044058575430015,0.19911676485257354,"native max(log Q, -2)"
member_output,2864601_0.437,a_over_LT & bad_curvature_compression,pairwise_interaction,6.460826873779297,12.63658030036591,0.8579729353747881,"native max(log Q, -2)"
member_output,2864601_0.437,a_over_LT & geodesic_curvature_abs_mean,pairwise_interaction,0.020469365641474724,0.009350968778259508,0.20733230729475854,"native max(log Q, -2)"
member_output,2864601_0.437,a_over_LT & geodesic_curvature_abs_mean,pairwise_interaction,0.020469365641474724,0.1148180211748695,-0.029753936638791383,"native max(log Q, -2)"
member_output,2864601_0.437,a_over_LT & geodesic_curvature_abs_mean,pairwise_interaction,0.020469365641474724,0.1430467328270879,-0.04095447570408403,"native max(log Q, -2)"
member_output,2864601_0.437,a_over_LT & geodesic_curvature_abs_mean,pairwise_interaction,0.020469365641474724,0.1746409290644806,-0.10898872816908425,"native max(log Q, -2)"
member_output,2864601_0.437,a_over_LT & geodesic_curvature_abs_mean,pairwise_interaction,0.020469365641474724,0.20708050533236624,-0.11581344153514102,"native max(log Q, -2)"
member_output,2864601_0.437,a_over_LT & geodesic_curvature_abs_mean,pairwise_interaction,0.020469365641474724,0.24049656644153097,-0.13035812566569022,"native max(log Q, -2)"
member_output,2864601_0.437,a_over_LT & geodesic_curvature_abs_mean,pairwise_interaction,0.020469365641474724,0.2819617552449927,-0.18143013854167594,"native max(log Q, -2)"
member_output,2864601_0.437,a_over_LT & geodesic_curvature_abs_mean,pairwise_interaction,0.020469365641474724,0.40928977752143214,-0.19235723823977854,"native max(log Q, -2)"
member_output,2864601_0.437,a_over_LT & geodesic_curvature_abs_mean,pairwise_interaction,0.9006037712097168,0.009350968778259508,0.18032870079502572,"native max(log Q, -2)"
member_output,2864601_0.437,a_over_LT & geodesic_curvature_abs_mean,pairwise_interaction,0.9006037712097168,0.1148180211748695,0.00622352969746002,"native max(log Q, -2)"
member_output,2864601_0.437,a_over_LT & geodesic_curvature_abs_mean,pairwise_interaction,0.9006037712097168,0.1430467328270879,0.011388261533903496,"native max(log Q, -2)"
member_output,2864601_0.437,a_over_LT & geodesic_curvature_abs_mean,pairwise_interaction,0.9006037712097168,0.1746409290644806,-0.052372234331233794,"native max(log Q, -2)"
member_output,2864601_0.437,a_over_LT & geodesic_curvature_abs_mean,pairwise_interaction,0.9006037712097168,0.20708050533236624,-0.05699761252452331,"native max(log Q, -2)"
member_output,2864601_0.437,a_over_LT & geodesic_curvature_abs_mean,pairwise_interaction,0.9006037712097168,0.24049656644153097,-0.07050737794747514,"native max(log Q, -2)"
member_output,2864601_0.437,a_over_LT & geodesic_curvature_abs_mean,pairwise_interaction,0.9006037712097168,0.2819617552449927,-0.10625322909942034,"native max(log Q, -2)"
member_output,2864601_0.437,a_over_LT & geodesic_curvature_abs_mean,pairwise_interaction,0.9006037712097168,0.40928977752143214,-0.12139855375862091,"native max(log Q, -2)"
member_output,2864601_0.437,a_over_LT & geodesic_curvature_abs_mean,pairwise_interaction,1.2197760939598083,0.009350968778259508,0.08013363703443602,"native max(log Q, -2)"
member_output,2864601_0.437,a_over_LT & geodesic_curvature_abs_mean,pairwise_interaction,1.2197760939598083,0.1148180211748695,-0.01609471010878291,"native max(log Q, -2)"
member_output,2864601_0.437,a_over_LT & geodesic_curvature_abs_mean,pairwise_interaction,1.2197760939598083,0.1430467328270879,-0.000852752715311482,"native max(log Q, -2)"
member_output,2864601_0.437,a_over_LT & geodesic_curvature_abs_mean,pairwise_interaction,1.2197760939598083,0.1746409290644806,-0.04041185230746284,"native max(log Q, -2)"
member_output,2864601_0.437,a_over_LT & geodesic_curvature_abs_mean,pairwise_interaction,1.2197760939598083,0.20708050533236624,-0.0395125467447722,"native max(log Q, -2)"
member_output,2864601_0.437,a_over_LT & geodesic_curvature_abs_mean,pairwise_interaction,1.2197760939598083,0.24049656644153097,-0.05062465785854034,"native max(log Q, -2)"
member_output,2864601_0.437,a_over_LT & geodesic_curvature_abs_mean,pairwise_interaction,1.2197760939598083,0.2819617552449927,-0.047748480475500434,"native max(log Q, -2)"
member_output,2864601_0.437,a_over_LT & geodesic_curvature_abs_mean,pairwise_interaction,1.2197760939598083,0.40928977752143214,-0.053637656243820914,"native max(log Q, -2)"
member_output,2864601_0.437,a_over_LT & geodesic_curvature_abs_mean,pairwise_interaction,1.5316290259361267,0.009350968778259508,-0.10260143172316628,"native max(log Q, -2)"
member_output,2864601_0.437,a_over_LT & geodesic_curvature_abs_mean,pairwise_interaction,1.5316290259361267,0.1148180211748695,-0.07740292624937256,"native max(log Q, -2)"
member_output,2864601_0.437,a_over_LT & geodesic_curvature_abs_mean,pairwise_interaction,1.5316290259361267,0.1430467328270879,-0.036861754551445636,"native max(log Q, -2)"
member_output,2864601_0.437,a_over_LT & geodesic_curvature_abs_mean,pairwise_interaction,1.5316290259361267,0.1746409290644806,-0.03103937884866989,"native max(log Q, -2)"
member_output,2864601_0.437,a_over_LT & geodesic_curvature_abs_mean,pairwise_interaction,1.5316290259361267,0.20708050533236624,-0.03281290775713822,"native max(log Q, -2)"
member_output,2864601_0.437,a_over_LT & geodesic_curvature_abs_mean,pairwise_interaction,1.5316290259361267,0.24049656644153097,-0.04063089241932839,"native max(log Q, -2)"
member_output,2864601_0.437,a_over_LT & geodesic_curvature_abs_mean,pairwise_interaction,1.5316290259361267,0.2819617552449927,-0.035293216280794744,"native max(log Q, -2)"
member_output,2864601_0.437,a_over_LT & geodesic_curvature_abs_mean,pairwise_interaction,1.5316290259361267,0.40928977752143214,-0.04129341590210226,"native max(log Q, -2)"
member_output,2864601_0.437,a_over_LT & geodesic_curvature_abs_mean,pairwise_interaction,2.071755886077881,0.009350968778259508,-0.10220313183491095,"native max(log Q, -2)"
member_output,2864601_0.437,a_over_LT & geodesic_curvature_abs_mean,pairwise_interaction,2.071755886077881,0.1148180211748695,-0.053827299903456374,"native max(log Q, -2)"
member_output,2864601_0.437,a_over_LT & geodesic_curvature_abs_mean,pairwise_interaction,2.071755886077881,0.1430467328270879,0.009406521518485696,"native max(log Q, -2)"
member_output,2864601_0.437,a_over_LT & geodesic_curvature_abs_mean,pairwise_interaction,2.071755886077881,0.1746409290644806,0.0204866318031999,"native max(log Q, -2)"
member_output,2864601_0.437,a_over_LT & geodesic_curvature_abs_mean,pairwise_interaction,2.071755886077881,0.20708050533236624,0.0195328398078298,"native max(log Q, -2)"
member_output,2864601_0.437,a_over_LT & geodesic_curvature_abs_mean,pairwise_interaction,2.071755886077881,0.24049656644153097,0.01415939420696944,"native max(log Q, -2)"
member_output,2864601_0.437,a_over_LT & geodesic_curvature_abs_mean,pairwise_interaction,2.071755886077881,0.2819617552449927,0.022758974348572283,"native max(log Q, -2)"
member_output,2864601_0.437,a_over_LT & geodesic_curvature_abs_mean,pairwise_interaction,2.071755886077881,0.40928977752143214,0.005566182693576482,"native max(log Q, -2)"
member_output,2864601_0.437,a_over_LT & geodesic_curvature_abs_mean,pairwise_interaction,2.8594785928726196,0.009350968778259508,-0.18212689556715117,"native max(log Q, -2)"
member_output,2864601_0.437,a_over_LT & geodesic_curvature_abs_mean,pairwise_interaction,2.8594785928726196,0.1148180211748695,-0.046404915834467424,"native max(log Q, -2)"
member_output,2864601_0.437,a_over_LT & geodesic_curvature_abs_mean,pairwise_interaction,2.8594785928726196,0.1430467328270879,0.04498457055131588,"native max(log Q, -2)"
member_output,2864601_0.437,a_over_LT & geodesic_curvature_abs_mean,pairwise_interaction,2.8594785928726196,0.1746409290644806,0.07436262046331532,"native max(log Q, -2)"
member_output,2864601_0.437,a_over_LT & geodesic_curvature_abs_mean,pairwise_interaction,2.8594785928726196,0.20708050533236624,0.07738088050644763,"native max(log Q, -2)"
member_output,2864601_0.437,a_over_LT & geodesic_curvature_abs_mean,pairwise_interaction,2.8594785928726196,0.24049656644153097,0.07883955366454558,"native max(log Q, -2)"
member_output,2864601_0.437,a_over_LT & geodesic_curvature_abs_mean,pairwise_interaction,2.8594785928726196,0.2819617552449927,0.09024688172186078,"native max(log Q, -2)"
member_output,2864601_0.437,a_over_LT & geodesic_curvature_abs_mean,pairwise_interaction,2.8594785928726196,0.40928977752143214,0.07673106931918361,"native max(log Q, -2)"
member_output,2864601_0.437,a_over_LT & geodesic_curvature_abs_mean,pairwise_interaction,3.5870211124420166,0.009350968778259508,-0.19297612066452685,"native max(log Q, -2)"
member_output,2864601_0.437,a_over_LT & geodesic_curvature_abs_mean,pairwise_interaction,3.5870211124420166,0.1148180211748695,-0.04416806609882177,"native max(log Q, -2)"
member_output,2864601_0.437,a_over_LT & geodesic_curvature_abs_mean,pairwise_interaction,3.5870211124420166,0.1430467328270879,0.04568527439771297,"native max(log Q, -2)"
member_output,2864601_0.437,a_over_LT & geodesic_curvature_abs_mean,pairwise_interaction,3.5870211124420166,0.1746409290644806,0.07272162944135678,"native max(log Q, -2)"
member_output,2864601_0.437,a_over_LT & geodesic_curvature_abs_mean,pairwise_interaction,3.5870211124420166,0.20708050533236624,0.06691077539165302,"native max(log Q, -2)"
member_output,2864601_0.437,a_over_LT & geodesic_curvature_abs_mean,pairwise_interaction,3.5870211124420166,0.24049656644153097,0.07030736971537227,"native max(log Q, -2)"
member_output,2864601_0.437,a_over_LT & geodesic_curvature_abs_mean,pairwise_interaction,3.5870211124420166,0.2819617552449927,0.08279979851524125,"native max(log Q, -2)"
member_output,2864601_0.437,a_over_LT & geodesic_curvature_abs_mean,pairwise_interaction,3.5870211124420166,0.40928977752143214,0.07655914703429786,"native max(log Q, -2)"
member_output,2864601_0.437,a_over_LT & geodesic_curvature_abs_mean,pairwise_interaction,6.460826873779297,0.009350968778259508,-0.06184298082838548,"native max(log Q, -2)"
member_output,2864601_0.437,a_over_LT & geodesic_curvature_abs_mean,pairwise_interaction,6.460826873779297,0.1148180211748695,0.09242705563198851,"native max(log Q, -2)"
member_output,2864601_0.437,a_over_LT & geodesic_curvature_abs_mean,pairwise_interaction,6.460826873779297,0.1430467328270879,0.09253900668789311,"native max(log Q, -2)"
member_output,2864601_0.437,a_over_LT & geodesic_curvature_abs_mean,pairwise_interaction,6.460826873779297,0.1746409290644806,0.11444977579280094,"native max(log Q, -2)"
member_output,2864601_0.437,a_over_LT & geodesic_curvature_abs_mean,pairwise_interaction,6.460826873779297,0.20708050533236624,0.07260775667551446,"native max(log Q, -2)"
member_output,2864601_0.437,a_over_LT & geodesic_curvature_abs_mean,pairwise_interaction,6.460826873779297,0.24049656644153097,0.09464396263994708,"native max(log Q, -2)"
member_output,2864601_0.437,a_over_LT & geodesic_curvature_abs_mean,pairwise_interaction,6.460826873779297,0.2819617552449927,0.13940660209017602,"native max(log Q, -2)"
member_output,2864601_0.437,a_over_LT & geodesic_curvature_abs_mean,pairwise_interaction,6.460826873779297,0.40928977752143214,0.4203284660845727,"native max(log Q, -2)"
member_output,2864601_0.437,a_over_Ln & bad_curvature_compression,pairwise_interaction,-0.45778006315231323,0.0,-0.5438936820873266,"native max(log Q, -2)"
member_output,2864601_0.437,a_over_Ln & bad_curvature_compression,pairwise_interaction,-0.45778006315231323,0.22772671739968947,-0.4780591076967776,"native max(log Q, -2)"
member_output,2864601_0.437,a_over_Ln & bad_curvature_compression,pairwise_interaction,-0.45778006315231323,0.5539935289327377,-0.5367335430398003,"native max(log Q, -2)"
member_output,2864601_0.437,a_over_Ln & bad_curvature_compression,pairwise_interaction,-0.45778006315231323,0.7829443711894786,-0.4630050118984316,"native max(log Q, -2)"
member_output,2864601_0.437,a_over_Ln & bad_curvature_compression,pairwise_interaction,-0.45778006315231323,1.1407287694670685,-0.4119578845602843,"native max(log Q, -2)"
member_output,2864601_0.437,a_over_Ln & bad_curvature_compression,pairwise_interaction,-0.45778006315231323,1.6050736244804065,-0.3865810801874009,"native max(log Q, -2)"
member_output,2864601_0.437,a_over_Ln & bad_curvature_compression,pairwise_interaction,-0.45778006315231323,2.8044058575430015,-0.22244955495285218,"native max(log Q, -2)"
member_output,2864601_0.437,a_over_Ln & bad_curvature_compression,pairwise_interaction,-0.45778006315231323,12.63658030036591,-0.022750991377857993,"native max(log Q, -2)"
member_output,2864601_0.437,a_over_Ln & bad_curvature_compression,pairwise_interaction,-0.012576837092638016,0.0,-0.19966735506419583,"native max(log Q, -2)"
member_output,2864601_0.437,a_over_Ln & bad_curvature_compression,pairwise_interaction,-0.012576837092638016,0.22772671739968947,-0.10137446186100728,"native max(log Q, -2)"
member_output,2864601_0.437,a_over_Ln & bad_curvature_compression,pairwise_interaction,-0.012576837092638016,0.5539935289327377,-0.016571082808001132,"native max(log Q, -2)"
member_output,2864601_0.437,a_over_Ln & bad_curvature_compression,pairwise_interaction,-0.012576837092638016,0.7829443711894786,0.04839197826533259,"native max(log Q, -2)"
member_output,2864601_0.437,a_over_Ln & bad_curvature_compression,pairwise_interaction,-0.012576837092638016,1.1407287694670685,0.08972650860239623,"native max(log Q, -2)"
member_output,2864601_0.437,a_over_Ln & bad_curvature_compression,pairwise_interaction,-0.012576837092638016,1.6050736244804065,0.13102156699822726,"native max(log Q, -2)"
member_output,2864601_0.437,a_over_Ln & bad_curvature_compression,pairwise_interaction,-0.012576837092638016,2.8044058575430015,0.25438788224309694,"native max(log Q, -2)"
member_output,2864601_0.437,a_over_Ln & bad_curvature_compression,pairwise_interaction,-0.012576837092638016,12.63658030036591,0.6289931480423874,"native max(log Q, -2)"
member_output,2864601_0.437,a_over_Ln & bad_curvature_compression,pairwise_interaction,0.14382341504096985,0.0,-0.10118564689085406,"native max(log Q, -2)"
member_output,2864601_0.437,a_over_Ln & bad_curvature_compression,pairwise_interaction,0.14382341504096985,0.22772671739968947,-0.031569327321373505,"native max(log Q, -2)"
member_output,2864601_0.437,a_over_Ln & bad_curvature_compression,pairwise_interaction,0.14382341504096985,0.5539935289327377,0.03950732720713037,"native max(log Q, -2)"
member_output,2864601_0.437,a_over_Ln & bad_curvature_compression,pairwise_interaction,0.14382341504096985,0.7829443711894786,0.08733613674890166,"native max(log Q, -2)"
member_output,2864601_0.437,a_over_Ln & bad_curvature_compression,pairwise_interaction,0.14382341504096985,1.1407287694670685,0.12246074614253132,"native max(log Q, -2)"
member_output,2864601_0.437,a_over_Ln & bad_curvature_compression,pairwise_interaction,0.14382341504096985,1.6050736244804065,0.1546549294035692,"native max(log Q, -2)"
member_output,2864601_0.437,a_over_Ln & bad_curvature_compression,pairwise_interaction,0.14382341504096985,2.8044058575430015,0.25535513175873703,"native max(log Q, -2)"
member_output,2864601_0.437,a_over_Ln & bad_curvature_compression,pairwise_interaction,0.14382341504096985,12.63658030036591,0.655747004807164,"native max(log Q, -2)"
member_output,2864601_0.437,a_over_Ln & bad_curvature_compression,pairwise_interaction,0.29668861627578735,0.0,0.004327029441695822,"native max(log Q, -2)"
member_output,2864601_0.437,a_over_Ln & bad_curvature_compression,pairwise_interaction,0.29668861627578735,0.22772671739968947,0.05267849092273461,"native max(log Q, -2)"
member_output,2864601_0.437,a_over_Ln & bad_curvature_compression,pairwise_interaction,0.29668861627578735,0.5539935289327377,0.10932922368071196,"native max(log Q, -2)"
member_output,2864601_0.437,a_over_Ln & bad_curvature_compression,pairwise_interaction,0.29668861627578735,0.7829443711894786,0.14488195269540494,"native max(log Q, -2)"
member_output,2864601_0.437,a_over_Ln & bad_curvature_compression,pairwise_interaction,0.29668861627578735,1.1407287694670685,0.16701529836642492,"native max(log Q, -2)"
member_output,2864601_0.437,a_over_Ln & bad_curvature_compression,pairwise_interaction,0.29668861627578735,1.6050736244804065,0.18250436518394056,"native max(log Q, -2)"
member_output,2864601_0.437,a_over_Ln & bad_curvature_compression,pairwise_interaction,0.29668861627578735,2.8044058575430015,0.25495963876216443,"native max(log Q, -2)"
member_output,2864601_0.437,a_over_Ln & bad_curvature_compression,pairwise_interaction,0.29668861627578735,12.63658030036591,0.5816030162714098,"native max(log Q, -2)"
member_output,2864601_0.437,a_over_Ln & bad_curvature_compression,pairwise_interaction,0.5392754673957825,0.0,0.13193152510193257,"native max(log Q, -2)"
member_output,2864601_0.437,a_over_Ln & bad_curvature_compression,pairwise_interaction,0.5392754673957825,0.22772671739968947,0.08944934987040837,"native max(log Q, -2)"
member_output,2864601_0.437,a_over_Ln & bad_curvature_compression,pairwise_interaction,0.5392754673957825,0.5539935289327377,0.10673303638813103,"native max(log Q, -2)"
member_output,2864601_0.437,a_over_Ln & bad_curvature_compression,pairwise_interaction,0.5392754673957825,0.7829443711894786,0.13305542499487605,"native max(log Q, -2)"
member_output,2864601_0.437,a_over_Ln & bad_curvature_compression,pairwise_interaction,0.5392754673957825,1.1407287694670685,0.14538776733360437,"native max(log Q, -2)"
member_output,2864601_0.437,a_over_Ln & bad_curvature_compression,pairwise_interaction,0.5392754673957825,1.6050736244804065,0.15124661789043883,"native max(log Q, -2)"
member_output,2864601_0.437,a_over_Ln & bad_curvature_compression,pairwise_interaction,0.5392754673957825,2.8044058575430015,0.19661652897600176,"native max(log Q, -2)"
member_output,2864601_0.437,a_over_Ln & bad_curvature_compression,pairwise_interaction,0.5392754673957825,12.63658030036591,0.20576917835679748,"native max(log Q, -2)"
member_output,2864601_0.437,a_over_Ln & bad_curvature_compression,pairwise_interaction,0.8656566441059113,0.0,0.2716189751440735,"native max(log Q, -2)"
member_output,2864601_0.437,a_over_Ln & bad_curvature_compression,pairwise_interaction,0.8656566441059113,0.22772671739968947,0.18233873389581975,"native max(log Q, -2)"
member_output,2864601_0.437,a_over_Ln & bad_curvature_compression,pairwise_interaction,0.8656566441059113,0.5539935289327377,0.1592322971141825,"native max(log Q, -2)"
member_output,2864601_0.437,a_over_Ln & bad_curvature_compression,pairwise_interaction,0.8656566441059113,0.7829443711894786,0.12304897404672359,"native max(log Q, -2)"
member_output,2864601_0.437,a_over_Ln & bad_curvature_compression,pairwise_interaction,0.8656566441059113,1.1407287694670685,0.10859978062201248,"native max(log Q, -2)"
member_output,2864601_0.437,a_over_Ln & bad_curvature_compression,pairwise_interaction,0.8656566441059113,1.6050736244804065,0.1039633938275645,"native max(log Q, -2)"
member_output,2864601_0.437,a_over_Ln & bad_curvature_compression,pairwise_interaction,0.8656566441059113,2.8044058575430015,0.025221386359959824,"native max(log Q, -2)"
member_output,2864601_0.437,a_over_Ln & bad_curvature_compression,pairwise_interaction,0.8656566441059113,12.63658030036591,-0.14679231772876253,"native max(log Q, -2)"
member_output,2864601_0.437,a_over_Ln & bad_curvature_compression,pairwise_interaction,1.3822518587112427,0.0,0.29651868374563034,"native max(log Q, -2)"
member_output,2864601_0.437,a_over_Ln & bad_curvature_compression,pairwise_interaction,1.3822518587112427,0.22772671739968947,0.16898113000409828,"native max(log Q, -2)"
member_output,2864601_0.437,a_over_Ln & bad_curvature_compression,pairwise_interaction,1.3822518587112427,0.5539935289327377,0.12483786099475261,"native max(log Q, -2)"
member_output,2864601_0.437,a_over_Ln & bad_curvature_compression,pairwise_interaction,1.3822518587112427,0.7829443711894786,0.07025099957458555,"native max(log Q, -2)"
member_output,2864601_0.437,a_over_Ln & bad_curvature_compression,pairwise_interaction,1.3822518587112427,1.1407287694670685,0.04760437212003984,"native max(log Q, -2)"
member_output,2864601_0.437,a_over_Ln & bad_curvature_compression,pairwise_interaction,1.3822518587112427,1.6050736244804065,0.02041481874150057,"native max(log Q, -2)"
member_output,2864601_0.437,a_over_Ln & bad_curvature_compression,pairwise_interaction,1.3822518587112427,2.8044058575430015,-0.1529529320146831,"native max(log Q, -2)"
member_output,2864601_0.437,a_over_Ln & bad_curvature_compression,pairwise_interaction,1.3822518587112427,12.63658030036591,-0.47608501118714597,"native max(log Q, -2)"
member_output,2864601_0.437,a_over_Ln & bad_curvature_compression,pairwise_interaction,3.537547469139099,0.0,0.9901497630359264,"native max(log Q, -2)"
member_output,2864601_0.437,a_over_Ln & bad_curvature_compression,pairwise_interaction,3.537547469139099,0.22772671739968947,0.38873472628257366,"native max(log Q, -2)"
member_output,2864601_0.437,a_over_Ln & bad_curvature_compression,pairwise_interaction,3.537547469139099,0.5539935289327377,0.01911822515850392,"native max(log Q, -2)"
member_output,2864601_0.437,a_over_Ln & bad_curvature_compression,pairwise_interaction,3.537547469139099,0.7829443711894786,-0.9487302402100014,"native max(log Q, -2)"
member_output,2864601_0.437,a_over_Ln & bad_curvature_compression,pairwise_interaction,3.537547469139099,1.1407287694670685,-0.9852303638095736,"native max(log Q, -2)"
member_output,2864601_0.437,a_over_Ln & bad_curvature_compression,pairwise_interaction,3.537547469139099,1.6050736244804065,-1.040195554999365,"native max(log Q, -2)"
member_output,2864601_0.437,a_over_Ln & bad_curvature_compression,pairwise_interaction,3.537547469139099,2.8044058575430015,-1.3937085888706329,"native max(log Q, -2)"
member_output,2864601_0.437,a_over_Ln & bad_curvature_compression,pairwise_interaction,3.537547469139099,12.63658030036591,-2.4495167819001056,"native max(log Q, -2)"
member_output,2864601_0.437,log_f_Q & geodesic_curvature_abs_mean,pairwise_interaction,-3.1372791971964853,0.009350968778259508,-0.1966321751210341,"native max(log Q, -2)"
member_output,2864601_0.437,log_f_Q & geodesic_curvature_abs_mean,pairwise_interaction,-3.1372791971964853,0.1148180211748695,-0.06742679217457079,"native max(log Q, -2)"
member_output,2864601_0.437,log_f_Q & geodesic_curvature_abs_mean,pairwise_interaction,-3.1372791971964853,0.1430467328270879,-0.022806770251317242,"native max(log Q, -2)"
member_output,2864601_0.437,log_f_Q & geodesic_curvature_abs_mean,pairwise_interaction,-3.1372791971964853,0.1746409290644806,-0.0006653871832255718,"native max(log Q, -2)"
member_output,2864601_0.437,log_f_Q & geodesic_curvature_abs_mean,pairwise_interaction,-3.1372791971964853,0.20708050533236624,0.050941103185112496,"native max(log Q, -2)"
member_output,2864601_0.437,log_f_Q & geodesic_curvature_abs_mean,pairwise_interaction,-3.1372791971964853,0.24049656644153097,0.04731224453042567,"native max(log Q, -2)"
member_output,2864601_0.437,log_f_Q & geodesic_curvature_abs_mean,pairwise_interaction,-3.1372791971964853,0.2819617552449927,0.1270466606027047,"native max(log Q, -2)"
member_output,2864601_0.437,log_f_Q & geodesic_curvature_abs_mean,pairwise_interaction,-3.1372791971964853,0.40928977752143214,0.17759675524063517,"native max(log Q, -2)"
member_output,2864601_0.437,log_f_Q & geodesic_curvature_abs_mean,pairwise_interaction,-0.475736696355459,0.009350968778259508,-0.20746417014632865,"native max(log Q, -2)"
member_output,2864601_0.437,log_f_Q & geodesic_curvature_abs_mean,pairwise_interaction,-0.475736696355459,0.1148180211748695,-0.0759134252016251,"native max(log Q, -2)"
member_output,2864601_0.437,log_f_Q & geodesic_curvature_abs_mean,pairwise_interaction,-0.475736696355459,0.1430467328270879,-0.032208855796933396,"native max(log Q, -2)"
member_output,2864601_0.437,log_f_Q & geodesic_curvature_abs_mean,pairwise_interaction,-0.475736696355459,0.1746409290644806,-0.013978968210053724,"native max(log Q, -2)"
member_output,2864601_0.437,log_f_Q & geodesic_curvature_abs_mean,pairwise_interaction,-0.475736696355459,0.20708050533236624,0.044879197508443464,"native max(log Q, -2)"
member_output,2864601_0.437,log_f_Q & geodesic_curvature_abs_mean,pairwise_interaction,-0.475736696355459,0.24049656644153097,0.06114006847555159,"native max(log Q, -2)"
member_output,2864601_0.437,log_f_Q & geodesic_curvature_abs_mean,pairwise_interaction,-0.475736696355459,0.2819617552449927,0.09229059089550277,"native max(log Q, -2)"
member_output,2864601_0.437,log_f_Q & geodesic_curvature_abs_mean,pairwise_interaction,-0.475736696355459,0.40928977752143214,0.14883742781395443,"native max(log Q, -2)"
member_output,2864601_0.437,log_f_Q & geodesic_curvature_abs_mean,pairwise_interaction,0.15334520664740808,0.009350968778259508,-0.16879547821752197,"native max(log Q, -2)"
member_output,2864601_0.437,log_f_Q & geodesic_curvature_abs_mean,pairwise_interaction,0.15334520664740808,0.1148180211748695,-0.04571974683321251,"native max(log Q, -2)"
member_output,2864601_0.437,log_f_Q & geodesic_curvature_abs_mean,pairwise_interaction,0.15334520664740808,0.1430467328270879,-0.008560436680482156,"native max(log Q, -2)"
member_output,2864601_0.437,log_f_Q & geodesic_curvature_abs_mean,pairwise_interaction,0.15334520664740808,0.1746409290644806,-0.0010712535099084274,"native max(log Q, -2)"
member_output,2864601_0.437,log_f_Q & geodesic_curvature_abs_mean,pairwise_interaction,0.15334520664740808,0.20708050533236624,0.044471170109470104,"native max(log Q, -2)"
member_output,2864601_0.437,log_f_Q & geodesic_curvature_abs_mean,pairwise_interaction,0.15334520664740808,0.24049656644153097,0.05634073431252054,"native max(log Q, -2)"
member_output,2864601_0.437,log_f_Q & geodesic_curvature_abs_mean,pairwise_interaction,0.15334520664740808,0.2819617552449927,0.048424142653634566,"native max(log Q, -2)"
member_output,2864601_0.437,log_f_Q & geodesic_curvature_abs_mean,pairwise_interaction,0.15334520664740808,0.40928977752143214,0.08367599447317771,"native max(log Q, -2)"
member_output,2864601_0.437,log_f_Q & geodesic_curvature_abs_mean,pairwise_interaction,0.4155584048360205,0.009350968778259508,-0.08191153827261449,"native max(log Q, -2)"
member_output,2864601_0.437,log_f_Q & geodesic_curvature_abs_mean,pairwise_interaction,0.4155584048360205,0.1148180211748695,-0.01614499807295551,"native max(log Q, -2)"
member_output,2864601_0.437,log_f_Q & geodesic_curvature_abs_mean,pairwise_interaction,0.4155584048360205,0.1430467328270879,0.012228089634124233,"native max(log Q, -2)"
member_output,2864601_0.437,log_f_Q & geodesic_curvature_abs_mean,pairwise_interaction,0.4155584048360205,0.1746409290644806,0.010801506791169512,"native max(log Q, -2)"
member_output,2864601_0.437,log_f_Q & geodesic_curvature_abs_mean,pairwise_interaction,0.4155584048360205,0.20708050533236624,0.0265452322925202,"native max(log Q, -2)"
member_output,2864601_0.437,log_f_Q & geodesic_curvature_abs_mean,pairwise_interaction,0.4155584048360205,0.24049656644153097,0.0320136562058564,"native max(log Q, -2)"
member_output,2864601_0.437,log_f_Q & geodesic_curvature_abs_mean,pairwise_interaction,0.4155584048360205,0.2819617552449927,0.020357458607432183,"native max(log Q, -2)"
member_output,2864601_0.437,log_f_Q & geodesic_curvature_abs_mean,pairwise_interaction,0.4155584048360205,0.40928977752143214,0.05164358629909163,"native max(log Q, -2)"
member_output,2864601_0.437,log_f_Q & geodesic_curvature_abs_mean,pairwise_interaction,0.606389675332959,0.009350968778259508,-0.033968013065734895,"native max(log Q, -2)"
member_output,2864601_0.437,log_f_Q & geodesic_curvature_abs_mean,pairwise_interaction,0.606389675332959,0.1148180211748695,0.01051629332064557,"native max(log Q, -2)"
member_output,2864601_0.437,log_f_Q & geodesic_curvature_abs_mean,pairwise_interaction,0.606389675332959,0.1430467328270879,0.008514412308398809,"native max(log Q, -2)"
member_output,2864601_0.437,log_f_Q & geodesic_curvature_abs_mean,pairwise_interaction,0.606389675332959,0.1746409290644806,0.004774583466233296,"native max(log Q, -2)"
member_output,2864601_0.437,log_f_Q & geodesic_curvature_abs_mean,pairwise_interaction,0.606389675332959,0.20708050533236624,0.014975916755440478,"native max(log Q, -2)"
member_output,2864601_0.437,log_f_Q & geodesic_curvature_abs_mean,pairwise_interaction,0.606389675332959,0.24049656644153097,0.015186766034136875,"native max(log Q, -2)"
member_output,2864601_0.437,log_f_Q & geodesic_curvature_abs_mean,pairwise_interaction,0.606389675332959,0.2819617552449927,0.001168792979746154,"native max(log Q, -2)"
member_output,2864601_0.437,log_f_Q & geodesic_curvature_abs_mean,pairwise_interaction,0.606389675332959,0.40928977752143214,0.01832006995383016,"native max(log Q, -2)"
member_output,2864601_0.437,log_f_Q & geodesic_curvature_abs_mean,pairwise_interaction,0.8877572786327694,0.009350968778259508,0.0014304169493938174,"native max(log Q, -2)"
member_output,2864601_0.437,log_f_Q & geodesic_curvature_abs_mean,pairwise_interaction,0.8877572786327694,0.1148180211748695,0.0323158537978074,"native max(log Q, -2)"
member_output,2864601_0.437,log_f_Q & geodesic_curvature_abs_mean,pairwise_interaction,0.8877572786327694,0.1430467328270879,0.015489996391352172,"native max(log Q, -2)"
member_output,2864601_0.437,log_f_Q & geodesic_curvature_abs_mean,pairwise_interaction,0.8877572786327694,0.1746409290644806,0.007297414089947022,"native max(log Q, -2)"
member_output,2864601_0.437,log_f_Q & geodesic_curvature_abs_mean,pairwise_interaction,0.8877572786327694,0.20708050533236624,0.009924378704833195,"native max(log Q, -2)"
member_output,2864601_0.437,log_f_Q & geodesic_curvature_abs_mean,pairwise_interaction,0.8877572786327694,0.24049656644153097,-6.650353533869946e-05,"native max(log Q, -2)"
member_output,2864601_0.437,log_f_Q & geodesic_curvature_abs_mean,pairwise_interaction,0.8877572786327694,0.2819617552449927,0.020927650803638353,"native max(log Q, -2)"
member_output,2864601_0.437,log_f_Q & geodesic_curvature_abs_mean,pairwise_interaction,0.8877572786327694,0.40928977752143214,0.04268925460079617,"native max(log Q, -2)"
member_output,2864601_0.437,log_f_Q & geodesic_curvature_abs_mean,pairwise_interaction,1.2191466923148706,0.009350968778259508,0.07141139207749428,"native max(log Q, -2)"
member_output,2864601_0.437,log_f_Q & geodesic_curvature_abs_mean,pairwise_interaction,1.2191466923148706,0.1148180211748695,0.07161782232234158,"native max(log Q, -2)"
member_output,2864601_0.437,log_f_Q & geodesic_curvature_abs_mean,pairwise_interaction,1.2191466923148706,0.1430467328270879,0.03673972189354298,"native max(log Q, -2)"
member_output,2864601_0.437,log_f_Q & geodesic_curvature_abs_mean,pairwise_interaction,1.2191466923148706,0.1746409290644806,0.012423049091829865,"native max(log Q, -2)"
member_output,2864601_0.437,log_f_Q & geodesic_curvature_abs_mean,pairwise_interaction,1.2191466923148706,0.20708050533236624,-0.039093430581986575,"native max(log Q, -2)"
member_output,2864601_0.437,log_f_Q & geodesic_curvature_abs_mean,pairwise_interaction,1.2191466923148706,0.24049656644153097,-0.10874189270240625,"native max(log Q, -2)"
member_output,2864601_0.437,log_f_Q & geodesic_curvature_abs_mean,pairwise_interaction,1.2191466923148706,0.2819617552449927,-0.07175495366055785,"native max(log Q, -2)"
member_output,2864601_0.437,log_f_Q & geodesic_curvature_abs_mean,pairwise_interaction,1.2191466923148706,0.40928977752143214,-0.04559853279672808,"native max(log Q, -2)"
member_output,2864601_0.437,log_f_Q & geodesic_curvature_abs_mean,pairwise_interaction,2.3895103701399574,0.009350968778259508,0.5131781485071698,"native max(log Q, -2)"
member_output,2864601_0.437,log_f_Q & geodesic_curvature_abs_mean,pairwise_interaction,2.3895103701399574,0.1148180211748695,0.032881052980777405,"native max(log Q, -2)"
member_output,2864601_0.437,log_f_Q & geodesic_curvature_abs_mean,pairwise_interaction,2.3895103701399574,0.1430467328270879,0.007185591126330276,"native max(log Q, -2)"
member_output,2864601_0.437,log_f_Q & geodesic_curvature_abs_mean,pairwise_interaction,2.3895103701399574,0.1746409290644806,-0.018638738979741103,"native max(log Q, -2)"
member_output,2864601_0.437,log_f_Q & geodesic_curvature_abs_mean,pairwise_interaction,2.3895103701399574,0.20708050533236624,-0.08030949269361096,"native max(log Q, -2)"
member_output,2864601_0.437,log_f_Q & geodesic_curvature_abs_mean,pairwise_interaction,2.3895103701399574,0.24049656644153097,-0.15694706514469903,"native max(log Q, -2)"
member_output,2864601_0.437,log_f_Q & geodesic_curvature_abs_mean,pairwise_interaction,2.3895103701399574,0.2819617552449927,-0.11356742914170681,"native max(log Q, -2)"
member_output,2864601_0.437,log_f_Q & geodesic_curvature_abs_mean,pairwise_interaction,2.3895103701399574,0.40928977752143214,0.35593924707110275,"native max(log Q, -2)"
member_output,2864601_0.371,a_over_LT,main_effect,0.020469365641474724,,-2.743713668790992,"native max(log Q, -2)"
member_output,2864601_0.371,a_over_LT,main_effect,0.5173529982566833,,-2.5442425989886313,"native max(log Q, -2)"
member_output,2864601_0.371,a_over_LT,main_effect,0.6471039950847626,,-2.290454834180585,"native max(log Q, -2)"
member_output,2864601_0.371,a_over_LT,main_effect,0.7936340272426605,,-2.1267540059734893,"native max(log Q, -2)"
member_output,2864601_0.371,a_over_LT,main_effect,0.8944170773029327,,-1.9408844119716224,"native max(log Q, -2)"
member_output,2864601_0.371,a_over_LT,main_effect,0.990492582321167,,-1.771803300398338,"native max(log Q, -2)"
member_output,2864601_0.371,a_over_LT,main_effect,1.0797016620635986,,-1.6121968925040022,"native max(log Q, -2)"
member_output,2864601_0.371,a_over_LT,main_effect,1.163442611694336,,-1.4339349983480782,"native max(log Q, -2)"
member_output,2864601_0.371,a_over_LT,main_effect,1.2117691040039062,,-1.2904980278271645,"native max(log Q, -2)"
member_output,2864601_0.371,a_over_LT,main_effect,1.292796790599823,,-1.1254325710381203,"native max(log Q, -2)"
member_output,2864601_0.371,a_over_LT,main_effect,1.3473480939865112,,-0.9906619195205622,"native max(log Q, -2)"
member_output,2864601_0.371,a_over_LT,main_effect,1.4156787991523743,,-0.838820592835556,"native max(log Q, -2)"
member_output,2864601_0.371,a_over_LT,main_effect,1.487691044807434,,-0.7093037082794421,"native max(log Q, -2)"
member_output,2864601_0.371,a_over_LT,main_effect,1.57245671749115,,-0.5435864837887852,"native max(log Q, -2)"
member_output,2864601_0.371,a_over_LT,main_effect,1.7315163016319275,,-0.3729497637829702,"native max(log Q, -2)"
member_output,2864601_0.371,a_over_LT,main_effect,1.8556526899337769,,-0.13964824812709542,"native max(log Q, -2)"
member_output,2864601_0.371,a_over_LT,main_effect,2.0046072006225586,,0.007549022492456939,"native max(log Q, -2)"
member_output,2864601_0.371,a_over_LT,main_effect,2.1780269145965576,,0.17608613235875534,"native max(log Q, -2)"
member_output,2864601_0.371,a_over_LT,main_effect,2.4254539012908936,,0.3598185452638708,"native max(log Q, -2)"
member_output,2864601_0.371,a_over_LT,main_effect,2.59530246257782,,0.5350107453928381,"native max(log Q, -2)"
member_output,2864601_0.371,a_over_LT,main_effect,2.74598491191864,,0.7033593074353995,"native max(log Q, -2)"
member_output,2864601_0.371,a_over_LT,main_effect,2.9400722980499268,,0.8711905168552482,"native max(log Q, -2)"
member_output,2864601_0.371,a_over_LT,main_effect,3.0814322233200073,,1.0328130034059995,"native max(log Q, -2)"
member_output,2864601_0.371,a_over_LT,main_effect,3.208429455757141,,1.2090460092314534,"native max(log Q, -2)"
member_output,2864601_0.371,a_over_LT,main_effect,3.4102851152420044,,1.372741222325375,"native max(log Q, -2)"
member_output,2864601_0.371,a_over_LT,main_effect,3.6218799352645874,,1.5291275951281875,"native max(log Q, -2)"
member_output,2864601_0.371,a_over_LT,main_effect,3.8923829793930054,,1.7609035261650727,"native max(log Q, -2)"
member_output,2864601_0.371,a_over_LT,main_effect,4.133238077163696,,1.9822950527516237,"native max(log Q, -2)"
member_output,2864601_0.371,a_over_LT,main_effect,4.537076473236084,,2.212245930904485,"native max(log Q, -2)"
member_output,2864601_0.371,a_over_LT,main_effect,4.991245985031128,,2.526334239354887,"native max(log Q, -2)"
member_output,2864601_0.371,a_over_LT,main_effect,5.80909276008606,,2.815583526052159,"native max(log Q, -2)"
member_output,2864601_0.371,a_over_LT,main_effect,8.467645168304443,,3.439769545504301,"native max(log Q, -2)"
member_output,2864601_0.371,a_over_Ln,main_effect,-0.45778006315231323,,0.8305512111602982,"native max(log Q, -2)"
member_output,2864601_0.371,a_over_Ln,main_effect,-0.22008811682462692,,0.8532131200502938,"native max(log Q, -2)"
member_output,2864601_0.371,a_over_Ln,main_effect,-0.11980550736188889,,0.8597773751450406,"native max(log Q, -2)"
member_output,2864601_0.371,a_over_Ln,main_effect,-0.06511018052697182,,0.8433280252001092,"native max(log Q, -2)"
member_output,2864601_0.371,a_over_Ln,main_effect,-0.019159678369760513,,0.7657582951405456,"native max(log Q, -2)"
member_output,2864601_0.371,a_over_Ln,main_effect,0.01622213004156947,,0.7465569207622472,"native max(log Q, -2)"
member_output,2864601_0.371,a_over_Ln,main_effect,0.06245490536093712,,0.7250455356975078,"native max(log Q, -2)"
member_output,2864601_0.371,a_over_Ln,main_effect,0.10564186424016953,,0.6939781251155925,"native max(log Q, -2)"
member_output,2864601_0.371,a_over_Ln,main_effect,0.1388273984193802,,0.6927753705188563,"native max(log Q, -2)"
member_output,2864601_0.371,a_over_Ln,main_effect,0.16528575867414474,,0.6874004229515237,"native max(log Q, -2)"
member_output,2864601_0.371,a_over_Ln,main_effect,0.20057935267686844,,0.6753998783317512,"native max(log Q, -2)"
member_output,2864601_0.371,a_over_Ln,main_effect,0.23153618723154068,,0.645601324199287,"native max(log Q, -2)"
member_output,2864601_0.371,a_over_Ln,main_effect,0.2785583734512329,,0.6057874734534894,"native max(log Q, -2)"
member_output,2864601_0.371,a_over_Ln,main_effect,0.3292854577302933,,0.556283711774614,"native max(log Q, -2)"
member_output,2864601_0.371,a_over_Ln,main_effect,0.38840390741825104,,0.46517553103074105,"native max(log Q, -2)"
member_output,2864601_0.371,a_over_Ln,main_effect,0.45676763355731964,,0.3803926454106639,"native max(log Q, -2)"
member_output,2864601_0.371,a_over_Ln,main_effect,0.49654966592788696,,0.3172339525323584,"native max(log Q, -2)"
member_output,2864601_0.371,a_over_Ln,main_effect,0.5963999032974243,,0.2416915914893188,"native max(log Q, -2)"
member_output,2864601_0.371,a_over_Ln,main_effect,0.6561970114707947,,0.14045841786034527,"native max(log Q, -2)"
member_output,2864601_0.371,a_over_Ln,main_effect,0.7184001505374908,,0.06680591102410137,"native max(log Q, -2)"
member_output,2864601_0.371,a_over_Ln,main_effect,0.805496335029602,,-0.08030203282445675,"native max(log Q, -2)"
member_output,2864601_0.371,a_over_Ln,main_effect,0.9045102596282959,,-0.18513918413458103,"native max(log Q, -2)"
member_output,2864601_0.371,a_over_Ln,main_effect,1.0199359059333801,,-0.32000426004065685,"native max(log Q, -2)"
member_output,2864601_0.371,a_over_Ln,main_effect,1.1334763169288635,,-0.44090940384783417,"native max(log Q, -2)"
member_output,2864601_0.371,a_over_Ln,main_effect,1.2668083310127258,,-0.5920080140839907,"native max(log Q, -2)"
member_output,2864601_0.371,a_over_Ln,main_effect,1.3939211964607239,,-0.8162344263869906,"native max(log Q, -2)"
member_output,2864601_0.371,a_over_Ln,main_effect,1.5864251255989075,,-0.9661194004753975,"native max(log Q, -2)"
member_output,2864601_0.371,a_over_Ln,main_effect,1.8844746947288513,,-1.1732687870268643,"native max(log Q, -2)"
member_output,2864601_0.371,a_over_Ln,main_effect,2.1286710500717163,,-1.3965424724999889,"native max(log Q, -2)"
member_output,2864601_0.371,a_over_Ln,main_effect,2.4023386240005493,,-1.7350091907411154,"native max(log Q, -2)"
member_output,2864601_0.371,a_over_Ln,main_effect,3.1051031351089478,,-2.0371977910728054,"native max(log Q, -2)"
member_output,2864601_0.371,a_over_Ln,main_effect,4.751394510269165,,-2.4569758500076033,"native max(log Q, -2)"
member_output,2864601_0.371,log_f_Q,main_effect,-3.1372791971964853,,-0.30802386661055975,"native max(log Q, -2)"
member_output,2864601_0.371,log_f_Q,main_effect,-1.713842963419904,,-0.20160051551642333,"native max(log Q, -2)"
member_output,2864601_0.371,log_f_Q,main_effect,-1.239035925619988,,-0.16845596187040401,"native max(log Q, -2)"
member_output,2864601_0.371,log_f_Q,main_effect,-0.9241619599183961,,-0.12022397702702323,"native max(log Q, -2)"
member_output,2864601_0.371,log_f_Q,main_effect,-0.6320958364916082,,-0.07790142084386918,"native max(log Q, -2)"
member_output,2864601_0.371,log_f_Q,main_effect,-0.31358797589899445,,-0.042488817544526866,"native max(log Q, -2)"
member_output,2864601_0.371,log_f_Q,main_effect,-0.14149194608289545,,-0.018199478295079313,"native max(log Q, -2)"
member_output,2864601_0.371,log_f_Q,main_effect,-0.012740694314960572,,-0.006143028291840855,"native max(log Q, -2)"
member_output,2864601_0.371,log_f_Q,main_effect,0.0848988732243062,,0.0071216796430174645,"native max(log Q, -2)"
member_output,2864601_0.371,log_f_Q,main_effect,0.16610084800653785,,0.003531673415857379,"native max(log Q, -2)"
member_output,2864601_0.371,log_f_Q,main_effect,0.2503924468625113,,0.004765362754623161,"native max(log Q, -2)"
member_output,2864601_0.371,log_f_Q,main_effect,0.31471372324333946,,0.0002764525173325847,"native max(log Q, -2)"
member_output,2864601_0.371,log_f_Q,main_effect,0.36844858500678246,,-0.0073149153674725,"native max(log Q, -2)"
member_output,2864601_0.371,log_f_Q,main_effect,0.4174092761625019,,-0.016059189320046685,"native max(log Q, -2)"
member_output,2864601_0.371,log_f_Q,main_effect,0.4658609989877608,,-0.007623680041257696,"native max(log Q, -2)"
member_output,2864601_0.371,log_f_Q,main_effect,0.5149254087337809,,-0.017736053447980654,"native max(log Q, -2)"
member_output,2864601_0.371,log_f_Q,main_effect,0.5700553200041469,,-0.02406997419882371,"native max(log Q, -2)"
member_output,2864601_0.371,log_f_Q,main_effect,0.602907078079554,,-0.03315198741211998,"native max(log Q, -2)"
member_output,2864601_0.371,log_f_Q,main_effect,0.6599486250252856,,-0.03337884316220561,"native max(log Q, -2)"
member_output,2864601_0.371,log_f_Q,main_effect,0.7311003974152812,,-0.020367571782602466,"native max(log Q, -2)"
member_output,2864601_0.371,log_f_Q,main_effect,0.7967068772538184,,0.005020677844557661,"native max(log Q, -2)"
member_output,2864601_0.371,log_f_Q,main_effect,0.8688247503273983,,0.019015204571024503,"native max(log Q, -2)"
member_output,2864601_0.371,log_f_Q,main_effect,0.948952261537259,,0.04487118295791041,"native max(log Q, -2)"
member_output,2864601_0.371,log_f_Q,main_effect,1.0351680252199196,,0.057831731674730866,"native max(log Q, -2)"
member_output,2864601_0.371,log_f_Q,main_effect,1.1057418285295362,,0.0696889034699974,"native max(log Q, -2)"
member_output,2864601_0.371,log_f_Q,main_effect,1.194304989817042,,0.06911988781536665,"native max(log Q, -2)"
member_output,2864601_0.371,log_f_Q,main_effect,1.3297957512510112,,0.06332654663489105,"native max(log Q, -2)"
member_output,2864601_0.371,log_f_Q,main_effect,1.4535490594271807,,0.05974423240969744,"native max(log Q, -2)"
member_output,2864601_0.371,log_f_Q,main_effect,1.6531331997459353,,0.06931905708076819,"native max(log Q, -2)"
member_output,2864601_0.371,log_f_Q,main_effect,1.9020767964854028,,0.10423779450012105,"native max(log Q, -2)"
member_output,2864601_0.371,log_f_Q,main_effect,2.294791892109213,,0.15620741504007696,"native max(log Q, -2)"
member_output,2864601_0.371,log_f_Q,main_effect,2.931347453866759,,0.2647664775170793,"native max(log Q, -2)"
member_output,2864601_0.371,f_stab,main_effect,0.22482376588165742,,-0.6072379161177976,"native max(log Q, -2)"
member_output,2864601_0.371,f_stab,main_effect,0.36834354165616,,-0.5053048256175221,"native max(log Q, -2)"
member_output,2864601_0.371,f_stab,main_effect,0.42861262315356774,,-0.41642052291745313,"native max(log Q, -2)"
member_output,2864601_0.371,f_stab,main_effect,0.49388179907982765,,-0.33242367575694676,"native max(log Q, -2)"
member_output,2864601_0.371,f_stab,main_effect,0.563733632957149,,-0.2912017416339236,"native max(log Q, -2)"
member_output,2864601_0.371,f_stab,main_effect,0.63438202937865,,-0.21455762271038048,"native max(log Q, -2)"
member_output,2864601_0.371,f_stab,main_effect,0.7135654582844959,,-0.1285583886813208,"native max(log Q, -2)"
member_output,2864601_0.371,f_stab,main_effect,0.7707057312871084,,-0.07396622778958334,"native max(log Q, -2)"
member_output,2864601_0.371,f_stab,main_effect,0.8141218176936164,,-0.011106601307422352,"native max(log Q, -2)"
member_output,2864601_0.371,f_stab,main_effect,0.8541090091455557,,0.022921244900834165,"native max(log Q, -2)"
member_output,2864601_0.371,f_stab,main_effect,0.8911566779371366,,0.047463021220464224,"native max(log Q, -2)"
member_output,2864601_0.371,f_stab,main_effect,0.9200264066099024,,0.05348829168691449,"native max(log Q, -2)"
member_output,2864601_0.371,f_stab,main_effect,0.9524163559541904,,0.06882517561615568,"native max(log Q, -2)"
member_output,2864601_0.371,f_stab,main_effect,0.975559061177456,,0.0733675534305943,"native max(log Q, -2)"
member_output,2864601_0.371,f_stab,main_effect,0.9965410308341154,,0.08125507790877991,"native max(log Q, -2)"
member_output,2864601_0.371,f_stab,main_effect,1.0182314794268241,,0.09590165054206821,"native max(log Q, -2)"
member_output,2864601_0.371,f_stab,main_effect,1.037396763088498,,0.093009738537592,"native max(log Q, -2)"
member_output,2864601_0.371,f_stab,main_effect,1.0627687320344714,,0.08933158673593547,"native max(log Q, -2)"
member_output,2864601_0.371,f_stab,main_effect,1.0781288585021191,,0.09491214091870817,"native max(log Q, -2)"
member_output,2864601_0.371,f_stab,main_effect,1.0986447402654456,,0.09482663278468625,"native max(log Q, -2)"
member_output,2864601_0.371,f_stab,main_effect,1.1311975741627518,,0.10208817176276586,"native max(log Q, -2)"
member_output,2864601_0.371,f_stab,main_effect,1.1549475487879404,,0.10731488491860935,"native max(log Q, -2)"
member_output,2864601_0.371,f_stab,main_effect,1.184713431111009,,0.10494727102945095,"native max(log Q, -2)"
member_output,2864601_0.371,f_stab,main_effect,1.2133495356502695,,0.1073715087774548,"native max(log Q, -2)"
member_output,2864601_0.371,f_stab,main_effect,1.2458931811530742,,0.1332743517524231,"native max(log Q, -2)"
member_output,2864601_0.371,f_stab,main_effect,1.2806858622785189,,0.13954328965156473,"native max(log Q, -2)"
member_output,2864601_0.371,f_stab,main_effect,1.328652905452731,,0.13393830183820515,"native max(log Q, -2)"
member_output,2864601_0.371,f_stab,main_effect,1.380138244462375,,0.12237691850358111,"native max(log Q, -2)"
member_output,2864601_0.371,f_stab,main_effect,1.4524246833481782,,0.10602811022867159,"native max(log Q, -2)"
member_output,2864601_0.371,f_stab,main_effect,1.5530888120197042,,0.12887229840097297,"native max(log Q, -2)"
member_output,2864601_0.371,f_stab,main_effect,1.715459614542501,,0.1674848270794439,"native max(log Q, -2)"
member_output,2864601_0.371,f_stab,main_effect,2.3549027514098744,,0.2768383767768274,"native max(log Q, -2)"
member_output,2864601_0.371,log_FSA_grad_x,main_effect,-0.5277567385884786,,-0.3804388387958582,"native max(log Q, -2)"
member_output,2864601_0.371,log_FSA_grad_x,main_effect,-0.18442542351046268,,-0.3081891365164384,"native max(log Q, -2)"
member_output,2864601_0.371,log_FSA_grad_x,main_effect,-0.057602778652505654,,-0.2664859525521456,"native max(log Q, -2)"
member_output,2864601_0.371,log_FSA_grad_x,main_effect,0.008146500471370258,,-0.20244090522655017,"native max(log Q, -2)"
member_output,2864601_0.371,log_FSA_grad_x,main_effect,0.06282052462238175,,-0.14067594331357827,"native max(log Q, -2)"
member_output,2864601_0.371,log_FSA_grad_x,main_effect,0.08943585451559652,,-0.1076873723314915,"native max(log Q, -2)"
member_output,2864601_0.371,log_FSA_grad_x,main_effect,0.11228066230182684,,-0.08369227888053139,"native max(log Q, -2)"
member_output,2864601_0.371,log_FSA_grad_x,main_effect,0.12658252582883844,,-0.060114853042052815,"native max(log Q, -2)"
member_output,2864601_0.371,log_FSA_grad_x,main_effect,0.13675800741887217,,-0.030821720495539964,"native max(log Q, -2)"
member_output,2864601_0.371,log_FSA_grad_x,main_effect,0.1504694048623852,,-0.003624844314872115,"native max(log Q, -2)"
member_output,2864601_0.371,log_FSA_grad_x,main_effect,0.16482356531994913,,0.011269276236525613,"native max(log Q, -2)"
member_output,2864601_0.371,log_FSA_grad_x,main_effect,0.17627255098303435,,0.035751784451804124,"native max(log Q, -2)"
member_output,2864601_0.371,log_FSA_grad_x,main_effect,0.1915501566172924,,0.05123052236729053,"native max(log Q, -2)"
member_output,2864601_0.371,log_FSA_grad_x,main_effect,0.20351389526141817,,0.0586732138123172,"native max(log Q, -2)"
member_output,2864601_0.371,log_FSA_grad_x,main_effect,0.21606898863431379,,0.06497164078580675,"native max(log Q, -2)"
member_output,2864601_0.371,log_FSA_grad_x,main_effect,0.22902898515738035,,0.07354598875731838,"native max(log Q, -2)"
member_output,2864601_0.371,log_FSA_grad_x,main_effect,0.2391751561851091,,0.07634122194135814,"native max(log Q, -2)"
member_output,2864601_0.371,log_FSA_grad_x,main_effect,0.2514205588199237,,0.09749366674345845,"native max(log Q, -2)"
member_output,2864601_0.371,log_FSA_grad_x,main_effect,0.26416223277953044,,0.10567831978071913,"native max(log Q, -2)"
member_output,2864601_0.371,log_FSA_grad_x,main_effect,0.2757308028624021,,0.11312994556704511,"native max(log Q, -2)"
member_output,2864601_0.371,log_FSA_grad_x,main_effect,0.293127019469046,,0.11189116232389325,"native max(log Q, -2)"
member_output,2864601_0.371,log_FSA_grad_x,main_effect,0.3068156491800449,,0.11656915139368815,"native max(log Q, -2)"
member_output,2864601_0.371,log_FSA_grad_x,main_effect,0.3291982036882788,,0.10929459384804341,"native max(log Q, -2)"
member_output,2864601_0.371,log_FSA_grad_x,main_effect,0.356844764649959,,0.09635915445868798,"native max(log Q, -2)"
member_output,2864601_0.371,log_FSA_grad_x,main_effect,0.38018704219412924,,0.07525954763029157,"native max(log Q, -2)"
member_output,2864601_0.371,log_FSA_grad_x,main_effect,0.4274491131350573,,0.05235474815348315,"native max(log Q, -2)"
member_output,2864601_0.371,log_FSA_grad_x,main_effect,0.493794546309002,,0.03061646927566968,"native max(log Q, -2)"
member_output,2864601_0.371,log_FSA_grad_x,main_effect,0.5659831095227608,,0.03001583070381044,"native max(log Q, -2)"
member_output,2864601_0.371,log_FSA_grad_x,main_effect,0.6527215220947906,,0.00849671140732395,"native max(log Q, -2)"
member_output,2864601_0.371,log_FSA_grad_x,main_effect,0.7270764642439417,,-0.008396534432670914,"native max(log Q, -2)"
member_output,2864601_0.371,log_FSA_grad_x,main_effect,0.8606266955615611,,0.0442188463685164,"native max(log Q, -2)"
member_output,2864601_0.371,log_FSA_grad_x,main_effect,1.2175818574136108,,0.0708491202497902,"native max(log Q, -2)"
member_output,2864601_0.371,bad_curvature_compression,main_effect,0.0,,-0.24572473033931236,"native max(log Q, -2)"
member_output,2864601_0.371,bad_curvature_compression,main_effect,0.040043095928454654,,-0.1400165038097728,"native max(log Q, -2)"
member_output,2864601_0.371,bad_curvature_compression,main_effect,0.11637153586374345,,-0.12019090694835836,"native max(log Q, -2)"
member_output,2864601_0.371,bad_curvature_compression,main_effect,0.20184149018891462,,-0.08556054327353128,"native max(log Q, -2)"
member_output,2864601_0.371,bad_curvature_compression,main_effect,0.27625888580533053,,-0.08081315247148088,"native max(log Q, -2)"
member_output,2864601_0.371,bad_curvature_compression,main_effect,0.37772818002514164,,-0.07272947921351494,"native max(log Q, -2)"
member_output,2864601_0.371,bad_curvature_compression,main_effect,0.4376769524342149,,-0.07263235219161937,"native max(log Q, -2)"
member_output,2864601_0.371,bad_curvature_compression,main_effect,0.5120203653261879,,-0.06827607592664185,"native max(log Q, -2)"
member_output,2864601_0.371,bad_curvature_compression,main_effect,0.5765436094946987,,-0.05981441349146748,"native max(log Q, -2)"
member_output,2864601_0.371,bad_curvature_compression,main_effect,0.6247337831757989,,-0.05411097518440071,"native max(log Q, -2)"
member_output,2864601_0.371,bad_curvature_compression,main_effect,0.6765515944701086,,-0.043997458494126215,"native max(log Q, -2)"
member_output,2864601_0.371,bad_curvature_compression,main_effect,0.7340826184720184,,-0.04324577836512787,"native max(log Q, -2)"
member_output,2864601_0.371,bad_curvature_compression,main_effect,0.792270317941693,,-0.041347286481597384,"native max(log Q, -2)"
member_output,2864601_0.371,bad_curvature_compression,main_effect,0.8766376604703936,,-0.043787125460156215,"native max(log Q, -2)"
member_output,2864601_0.371,bad_curvature_compression,main_effect,0.9812264984681589,,-0.04335352834036461,"native max(log Q, -2)"
member_output,2864601_0.371,bad_curvature_compression,main_effect,1.0375658948203959,,-0.044554492339626287,"native max(log Q, -2)"
member_output,2864601_0.371,bad_curvature_compression,main_effect,1.1239995989276748,,-0.03702706056844834,"native max(log Q, -2)"
member_output,2864601_0.371,bad_curvature_compression,main_effect,1.209367276379852,,-0.024494395475736265,"native max(log Q, -2)"
member_output,2864601_0.371,bad_curvature_compression,main_effect,1.2994978605065142,,-0.019306631191168624,"native max(log Q, -2)"
member_output,2864601_0.371,bad_curvature_compression,main_effect,1.3937281352561286,,-0.010370599337755082,"native max(log Q, -2)"
member_output,2864601_0.371,bad_curvature_compression,main_effect,1.4974580572156206,,0.007656457942059982,"native max(log Q, -2)"
member_output,2864601_0.371,bad_curvature_compression,main_effect,1.6541450196423055,,0.016948960853301345,"native max(log Q, -2)"
member_output,2864601_0.371,bad_curvature_compression,main_effect,1.8395270826576673,,0.04135273460998427,"native max(log Q, -2)"
member_output,2864601_0.371,bad_curvature_compression,main_effect,2.0211606685317203,,0.055110167208153385,"native max(log Q, -2)"
member_output,2864601_0.371,bad_curvature_compression,main_effect,2.312416462104111,,0.07842278417085549,"native max(log Q, -2)"
member_output,2864601_0.371,bad_curvature_compression,main_effect,2.6753986027397696,,0.10270596306558538,"native max(log Q, -2)"
member_output,2864601_0.371,bad_curvature_compression,main_effect,3.230306248971198,,0.12164806173795575,"native max(log Q, -2)"
member_output,2864601_0.371,bad_curvature_compression,main_effect,3.8666002731277995,,0.14828283883654506,"native max(log Q, -2)"
member_output,2864601_0.371,bad_curvature_compression,main_effect,5.067713841143107,,0.17367959974137925,"native max(log Q, -2)"
member_output,2864601_0.371,bad_curvature_compression,main_effect,6.824399899444618,,0.23098388269163705,"native max(log Q, -2)"
member_output,2864601_0.371,bad_curvature_compression,main_effect,9.980143448393118,,0.26583468254303544,"native max(log Q, -2)"
member_output,2864601_0.371,bad_curvature_compression,main_effect,31.662612284827745,,0.4442237253919226,"native max(log Q, -2)"
member_output,2864601_0.371,paper_bad_curvature_feature_mean_square,main_effect,0.0,,-0.187136616093803,"native max(log Q, -2)"
member_output,2864601_0.371,paper_bad_curvature_feature_mean_square,main_effect,0.05522149116426257,,-0.14524397665001393,"native max(log Q, -2)"
member_output,2864601_0.371,paper_bad_curvature_feature_mean_square,main_effect,0.15818497170032206,,-0.11833099618225237,"native max(log Q, -2)"
member_output,2864601_0.371,paper_bad_curvature_feature_mean_square,main_effect,0.2958359615324661,,-0.10595278001229257,"native max(log Q, -2)"
member_output,2864601_0.371,paper_bad_curvature_feature_mean_square,main_effect,0.4767309188327896,,-0.08436566826754599,"native max(log Q, -2)"
member_output,2864601_0.371,paper_bad_curvature_feature_mean_square,main_effect,0.6264598543191415,,-0.07046214001485908,"native max(log Q, -2)"
member_output,2864601_0.371,paper_bad_curvature_feature_mean_square,main_effect,0.7622547112262752,,-0.06447499906353038,"native max(log Q, -2)"
member_output,2864601_0.371,paper_bad_curvature_feature_mean_square,main_effect,0.867126909634012,,-0.06076577364141374,"native max(log Q, -2)"
member_output,2864601_0.371,paper_bad_curvature_feature_mean_square,main_effect,0.9953895306012508,,-0.04261263723157876,"native max(log Q, -2)"
member_output,2864601_0.371,paper_bad_curvature_feature_mean_square,main_effect,1.0814018808873147,,-0.04899528702559318,"native max(log Q, -2)"
member_output,2864601_0.371,paper_bad_curvature_feature_mean_square,main_effect,1.1913536712234647,,-0.05530271225402501,"native max(log Q, -2)"
member_output,2864601_0.371,paper_bad_curvature_feature_mean_square,main_effect,1.319183039104659,,-0.02596719858087589,"native max(log Q, -2)"
member_output,2864601_0.371,paper_bad_curvature_feature_mean_square,main_effect,1.4164782776845888,,-0.026574544116337168,"native max(log Q, -2)"
member_output,2864601_0.371,paper_bad_curvature_feature_mean_square,main_effect,1.5309193847074678,,-0.030373286998842543,"native max(log Q, -2)"
member_output,2864601_0.371,paper_bad_curvature_feature_mean_square,main_effect,1.6452523782048454,,-0.04448963839733837,"native max(log Q, -2)"
member_output,2864601_0.371,paper_bad_curvature_feature_mean_square,main_effect,1.7142609892228498,,-0.05670778281224972,"native max(log Q, -2)"
member_output,2864601_0.371,paper_bad_curvature_feature_mean_square,main_effect,1.8635799793762935,,-0.04943866410867634,"native max(log Q, -2)"
member_output,2864601_0.371,paper_bad_curvature_feature_mean_square,main_effect,2.023535711938306,,-0.031912694974437904,"native max(log Q, -2)"
member_output,2864601_0.371,paper_bad_curvature_feature_mean_square,main_effect,2.2307553396892725,,-0.032879650948290456,"native max(log Q, -2)"
member_output,2864601_0.371,paper_bad_curvature_feature_mean_square,main_effect,2.3962872217239912,,-0.020951082215489105,"native max(log Q, -2)"
member_output,2864601_0.371,paper_bad_curvature_feature_mean_square,main_effect,2.6045413942489986,,-0.0038163349107396406,"native max(log Q, -2)"
member_output,2864601_0.371,paper_bad_curvature_feature_mean_square,main_effect,2.829847601809911,,0.007233806431364356,"native max(log Q, -2)"
member_output,2864601_0.371,paper_bad_curvature_feature_mean_square,main_effect,3.2260454406382966,,0.039287086573234174,"native max(log Q, -2)"
member_output,2864601_0.371,paper_bad_curvature_feature_mean_square,main_effect,3.487969533884253,,0.050964966341437656,"native max(log Q, -2)"
member_output,2864601_0.371,paper_bad_curvature_feature_mean_square,main_effect,3.8191498353614888,,0.06956287110047463,"native max(log Q, -2)"
member_output,2864601_0.371,paper_bad_curvature_feature_mean_square,main_effect,4.298526882792114,,0.0901898248563622,"native max(log Q, -2)"
member_output,2864601_0.371,paper_bad_curvature_feature_mean_square,main_effect,5.015802791682851,,0.12007721206015097,"native max(log Q, -2)"
member_output,2864601_0.371,paper_bad_curvature_feature_mean_square,main_effect,5.837657706703807,,0.15405914915832036,"native max(log Q, -2)"
member_output,2864601_0.371,paper_bad_curvature_feature_mean_square,main_effect,7.639949314411392,,0.1723286119394244,"native max(log Q, -2)"
member_output,2864601_0.371,paper_bad_curvature_feature_mean_square,main_effect,11.062144118935603,,0.2107235024444457,"native max(log Q, -2)"
member_output,2864601_0.371,paper_bad_curvature_feature_mean_square,main_effect,16.54279308935454,,0.24467188895942826,"native max(log Q, -2)"
member_output,2864601_0.371,paper_bad_curvature_feature_mean_square,main_effect,44.919345793114886,,0.4464580844403601,"native max(log Q, -2)"
member_output,2864601_0.371,geodesic_curvature_abs_mean,main_effect,0.009350968778259508,,-0.13747250429680805,"native max(log Q, -2)"
member_output,2864601_0.371,geodesic_curvature_abs_mean,main_effect,0.07233486718905624,,-0.10909795927802139,"native max(log Q, -2)"
member_output,2864601_0.371,geodesic_curvature_abs_mean,main_effect,0.08798888969370941,,-0.06525622564237432,"native max(log Q, -2)"
member_output,2864601_0.371,geodesic_curvature_abs_mean,main_effect,0.10163026482526527,,-0.03771749527700223,"native max(log Q, -2)"
member_output,2864601_0.371,geodesic_curvature_abs_mean,main_effect,0.11076486595266036,,-0.029480083868449913,"native max(log Q, -2)"
member_output,2864601_0.371,geodesic_curvature_abs_mean,main_effect,0.12065368408426973,,-0.035270336868830895,"native max(log Q, -2)"
member_output,2864601_0.371,geodesic_curvature_abs_mean,main_effect,0.12592411872659193,,-0.04777157600226449,"native max(log Q, -2)"
member_output,2864601_0.371,geodesic_curvature_abs_mean,main_effect,0.1302139296652361,,-0.052547964953098505,"native max(log Q, -2)"
member_output,2864601_0.371,geodesic_curvature_abs_mean,main_effect,0.13756822630966783,,-0.041610108548363195,"native max(log Q, -2)"
member_output,2864601_0.371,geodesic_curvature_abs_mean,main_effect,0.14549016238500675,,-0.021162247204237122,"native max(log Q, -2)"
member_output,2864601_0.371,geodesic_curvature_abs_mean,main_effect,0.1551818007398348,,-0.016030104087242245,"native max(log Q, -2)"
member_output,2864601_0.371,geodesic_curvature_abs_mean,main_effect,0.16292069995931047,,-0.011904852591202641,"native max(log Q, -2)"
member_output,2864601_0.371,geodesic_curvature_abs_mean,main_effect,0.16944914392661303,,-0.013863666434434997,"native max(log Q, -2)"
member_output,2864601_0.371,geodesic_curvature_abs_mean,main_effect,0.17510772383805792,,-0.017800989130988897,"native max(log Q, -2)"
member_output,2864601_0.371,geodesic_curvature_abs_mean,main_effect,0.1825145659677219,,-0.021540567734289133,"native max(log Q, -2)"
member_output,2864601_0.371,geodesic_curvature_abs_mean,main_effect,0.19050201606781533,,-0.01863579283924931,"native max(log Q, -2)"
member_output,2864601_0.371,geodesic_curvature_abs_mean,main_effect,0.19800123561678146,,-0.015762949938583078,"native max(log Q, -2)"
member_output,2864601_0.371,geodesic_curvature_abs_mean,main_effect,0.20647144741784967,,-0.01872377359765111,"native max(log Q, -2)"
member_output,2864601_0.371,geodesic_curvature_abs_mean,main_effect,0.21586432764706842,,-0.016087125121661987,"native max(log Q, -2)"
member_output,2864601_0.371,geodesic_curvature_abs_mean,main_effect,0.22356330310988903,,-0.02116659309975981,"native max(log Q, -2)"
member_output,2864601_0.371,geodesic_curvature_abs_mean,main_effect,0.23076531484124035,,-0.01781238817230729,"native max(log Q, -2)"
member_output,2864601_0.371,geodesic_curvature_abs_mean,main_effect,0.2378539251052037,,-0.01683833898153136,"native max(log Q, -2)"
member_output,2864601_0.371,geodesic_curvature_abs_mean,main_effect,0.24891835000744322,,0.0014188920836155925,"native max(log Q, -2)"
member_output,2864601_0.371,geodesic_curvature_abs_mean,main_effect,0.2570020028263874,,0.019009746186971828,"native max(log Q, -2)"
member_output,2864601_0.371,geodesic_curvature_abs_mean,main_effect,0.26593551815070293,,0.044412983814983785,"native max(log Q, -2)"
member_output,2864601_0.371,geodesic_curvature_abs_mean,main_effect,0.2769781767759317,,0.06005611289552992,"native max(log Q, -2)"
member_output,2864601_0.371,geodesic_curvature_abs_mean,main_effect,0.2913857640038865,,0.0699740020871756,"native max(log Q, -2)"
member_output,2864601_0.371,geodesic_curvature_abs_mean,main_effect,0.3086644678696758,,0.06828121937382693,"native max(log Q, -2)"
member_output,2864601_0.371,geodesic_curvature_abs_mean,main_effect,0.32752573008959496,,0.08262434711004965,"native max(log Q, -2)"
member_output,2864601_0.371,geodesic_curvature_abs_mean,main_effect,0.3528389563046707,,0.10823207742360696,"native max(log Q, -2)"
member_output,2864601_0.371,geodesic_curvature_abs_mean,main_effect,0.38088501673579833,,0.12066348693492915,"native max(log Q, -2)"
member_output,2864601_0.371,geodesic_curvature_abs_mean,main_effect,0.5259077142691241,,0.20206884036283373,"native max(log Q, -2)"
member_output,2864601_0.371,geodesic_curvature_compression,main_effect,0.007889698173984593,,-0.30358874449710516,"native max(log Q, -2)"
member_output,2864601_0.371,geodesic_curvature_compression,main_effect,0.06112253759421008,,-0.2592320058092712,"native max(log Q, -2)"
member_output,2864601_0.371,geodesic_curvature_compression,main_effect,0.08472354472861182,,-0.2283728843977307,"native max(log Q, -2)"
member_output,2864601_0.371,geodesic_curvature_compression,main_effect,0.10747155202098062,,-0.18067722538520417,"native max(log Q, -2)"
member_output,2864601_0.371,geodesic_curvature_compression,main_effect,0.12387289272906463,,-0.14195122448090275,"native max(log Q, -2)"
member_output,2864601_0.371,geodesic_curvature_compression,main_effect,0.1328591549518529,,-0.13014625976225153,"native max(log Q, -2)"
member_output,2864601_0.371,geodesic_curvature_compression,main_effect,0.14368524331994942,,-0.11621088504628774,"native max(log Q, -2)"
member_output,2864601_0.371,geodesic_curvature_compression,main_effect,0.15561149293698617,,-0.10000354250056945,"native max(log Q, -2)"
member_output,2864601_0.371,geodesic_curvature_compression,main_effect,0.16382137142401326,,-0.0926411662258389,"native max(log Q, -2)"
member_output,2864601_0.371,geodesic_curvature_compression,main_effect,0.1726624695944159,,-0.08321269131328143,"native max(log Q, -2)"
member_output,2864601_0.371,geodesic_curvature_compression,main_effect,0.18351264481514726,,-0.06449197122311358,"native max(log Q, -2)"
member_output,2864601_0.371,geodesic_curvature_compression,main_effect,0.19458147299331868,,-0.04107005713257351,"native max(log Q, -2)"
member_output,2864601_0.371,geodesic_curvature_compression,main_effect,0.2027830657635095,,-0.02538341471534285,"native max(log Q, -2)"
member_output,2864601_0.371,geodesic_curvature_compression,main_effect,0.2115110303305454,,-0.007362763481395741,"native max(log Q, -2)"
member_output,2864601_0.371,geodesic_curvature_compression,main_effect,0.22159419202635466,,0.020523632722659713,"native max(log Q, -2)"
member_output,2864601_0.371,geodesic_curvature_compression,main_effect,0.23068011147729056,,0.0337879687109595,"native max(log Q, -2)"
member_output,2864601_0.371,geodesic_curvature_compression,main_effect,0.24064712718541206,,0.05699151768118765,"native max(log Q, -2)"
member_output,2864601_0.371,geodesic_curvature_compression,main_effect,0.2511457826759343,,0.06422224287110562,"native max(log Q, -2)"
member_output,2864601_0.371,geodesic_curvature_compression,main_effect,0.26145423436101833,,0.08897769137782512,"native max(log Q, -2)"
member_output,2864601_0.371,geodesic_curvature_compression,main_effect,0.2703036766359932,,0.10045627880128116,"native max(log Q, -2)"
member_output,2864601_0.371,geodesic_curvature_compression,main_effect,0.2780013666140342,,0.10826542024091117,"native max(log Q, -2)"
member_output,2864601_0.371,geodesic_curvature_compression,main_effect,0.2906341978805378,,0.11329219645729888,"native max(log Q, -2)"
member_output,2864601_0.371,geodesic_curvature_compression,main_effect,0.29962640199149576,,0.10842211376063798,"native max(log Q, -2)"
member_output,2864601_0.371,geodesic_curvature_compression,main_effect,0.31218959854131,,0.10697049291797336,"native max(log Q, -2)"
member_output,2864601_0.371,geodesic_curvature_compression,main_effect,0.3291850964793466,,0.10107172079038348,"native max(log Q, -2)"
member_output,2864601_0.371,geodesic_curvature_compression,main_effect,0.3392562852423112,,0.08713580201035315,"native max(log Q, -2)"
member_output,2864601_0.371,geodesic_curvature_compression,main_effect,0.35692183850756576,,0.08760243032076147,"native max(log Q, -2)"
member_output,2864601_0.371,geodesic_curvature_compression,main_effect,0.38038553842740697,,0.08977724363407781,"native max(log Q, -2)"
member_output,2864601_0.371,geodesic_curvature_compression,main_effect,0.4070419599273801,,0.11099605011890445,"native max(log Q, -2)"
member_output,2864601_0.371,geodesic_curvature_compression,main_effect,0.43901535719898166,,0.12357986378437788,"native max(log Q, -2)"
member_output,2864601_0.371,geodesic_curvature_compression,main_effect,0.5051609310213148,,0.100062029838498,"native max(log Q, -2)"
member_output,2864601_0.371,geodesic_curvature_compression,main_effect,0.7778913563250064,,0.16473626989445667,"native max(log Q, -2)"
member_output,2864601_0.371,parallel_roughness_iqr_scaled,main_effect,3.3164699841034717,,0.15161052039404496,"native max(log Q, -2)"
member_output,2864601_0.371,parallel_roughness_iqr_scaled,main_effect,6.525813301660298,,0.16897910069572403,"native max(log Q, -2)"
member_output,2864601_0.371,parallel_roughness_iqr_scaled,main_effect,7.6687505211598594,,0.12667087903273533,"native max(log Q, -2)"
member_output,2864601_0.371,parallel_roughness_iqr_scaled,main_effect,8.284621645266194,,0.08048806359344027,"native max(log Q, -2)"
member_output,2864601_0.371,parallel_roughness_iqr_scaled,main_effect,8.944785169885812,,0.0559318904019137,"native max(log Q, -2)"
member_output,2864601_0.371,parallel_roughness_iqr_scaled,main_effect,9.89562892450568,,0.03579403046717049,"native max(log Q, -2)"
member_output,2864601_0.371,parallel_roughness_iqr_scaled,main_effect,10.593465022932463,,0.020434702610862873,"native max(log Q, -2)"
member_output,2864601_0.371,parallel_roughness_iqr_scaled,main_effect,11.245235411203764,,-0.005051398703928702,"native max(log Q, -2)"
member_output,2864601_0.371,parallel_roughness_iqr_scaled,main_effect,11.668083050132887,,-0.0227804841891204,"native max(log Q, -2)"
member_output,2864601_0.371,parallel_roughness_iqr_scaled,main_effect,12.287269857238183,,-0.03608662553687187,"native max(log Q, -2)"
member_output,2864601_0.371,parallel_roughness_iqr_scaled,main_effect,12.880994209398656,,-0.03690452001211713,"native max(log Q, -2)"
member_output,2864601_0.371,parallel_roughness_iqr_scaled,main_effect,13.351647753432646,,-0.04703848310987703,"native max(log Q, -2)"
member_output,2864601_0.371,parallel_roughness_iqr_scaled,main_effect,14.07435204019393,,-0.05097633097063866,"native max(log Q, -2)"
member_output,2864601_0.371,parallel_roughness_iqr_scaled,main_effect,14.625570324590136,,-0.054808227621259316,"native max(log Q, -2)"
member_output,2864601_0.371,parallel_roughness_iqr_scaled,main_effect,15.255447701752,,-0.056841898674018586,"native max(log Q, -2)"
member_output,2864601_0.371,parallel_roughness_iqr_scaled,main_effect,15.93932120232245,,-0.06250782868980861,"native max(log Q, -2)"
member_output,2864601_0.371,parallel_roughness_iqr_scaled,main_effect,16.613483808120804,,-0.05606996614797321,"native max(log Q, -2)"
member_output,2864601_0.371,parallel_roughness_iqr_scaled,main_effect,17.35888171787531,,-0.05404551688458856,"native max(log Q, -2)"
member_output,2864601_0.371,parallel_roughness_iqr_scaled,main_effect,18.107217451123557,,-0.05326494622050703,"native max(log Q, -2)"
member_output,2864601_0.371,parallel_roughness_iqr_scaled,main_effect,18.904381959467166,,-0.051933801817088024,"native max(log Q, -2)"
member_output,2864601_0.371,parallel_roughness_iqr_scaled,main_effect,19.90534510812168,,-0.05376704435891197,"native max(log Q, -2)"
member_output,2864601_0.371,parallel_roughness_iqr_scaled,main_effect,21.092881795919993,,-0.05093677327087734,"native max(log Q, -2)"
member_output,2864601_0.371,parallel_roughness_iqr_scaled,main_effect,22.55867686838366,,-0.03556589849664943,"native max(log Q, -2)"
member_output,2864601_0.371,parallel_roughness_iqr_scaled,main_effect,24.035461763031563,,-0.02788862589092466,"native max(log Q, -2)"
member_output,2864601_0.371,parallel_roughness_iqr_scaled,main_effect,25.636945118533642,,-0.03286108305881852,"native max(log Q, -2)"
member_output,2864601_0.371,parallel_roughness_iqr_scaled,main_effect,27.347476113970245,,-0.025002891727143352,"native max(log Q, -2)"
member_output,2864601_0.371,parallel_roughness_iqr_scaled,main_effect,30.261320569888955,,-0.013262645416277731,"native max(log Q, -2)"
member_output,2864601_0.371,parallel_roughness_iqr_scaled,main_effect,34.214643244738454,,-0.009567253909965922,"native max(log Q, -2)"
member_output,2864601_0.371,parallel_roughness_iqr_scaled,main_effect,37.95203884143847,,0.022280683106765137,"native max(log Q, -2)"
member_output,2864601_0.371,parallel_roughness_iqr_scaled,main_effect,44.543667036070104,,0.056558788539492415,"native max(log Q, -2)"
member_output,2864601_0.371,parallel_roughness_iqr_scaled,main_effect,59.68846348273276,,0.09007178718046929,"native max(log Q, -2)"
member_output,2864601_0.371,parallel_roughness_iqr_scaled,main_effect,449.69559950372195,,0.09002468674646122,"native max(log Q, -2)"
member_output,2864601_0.371,cross_channel_colocation,main_effect,0.0,,-0.19467873575688585,"native max(log Q, -2)"
member_output,2864601_0.371,cross_channel_colocation,main_effect,0.06664988101110539,,-0.12581550199651956,"native max(log Q, -2)"
member_output,2864601_0.371,cross_channel_colocation,main_effect,0.1926796733484037,,-0.08226579624222158,"native max(log Q, -2)"
member_output,2864601_0.371,cross_channel_colocation,main_effect,0.3305028210567863,,-0.0404748440024561,"native max(log Q, -2)"
member_output,2864601_0.371,cross_channel_colocation,main_effect,0.45111669541486166,,-0.03775960965347634,"native max(log Q, -2)"
member_output,2864601_0.371,cross_channel_colocation,main_effect,0.5617308727389484,,-0.017202211914743012,"native max(log Q, -2)"
member_output,2864601_0.371,cross_channel_colocation,main_effect,0.6567534571462993,,-0.008482974057420597,"native max(log Q, -2)"
member_output,2864601_0.371,cross_channel_colocation,main_effect,0.7267349366544291,,0.01163041287542238,"native max(log Q, -2)"
member_output,2864601_0.371,cross_channel_colocation,main_effect,0.8150854597232531,,0.0047395124885670275,"native max(log Q, -2)"
member_output,2864601_0.371,cross_channel_colocation,main_effect,0.8854121070690294,,-0.002566097618780702,"native max(log Q, -2)"
member_output,2864601_0.371,cross_channel_colocation,main_effect,0.9542575783251417,,-0.013576215000636837,"native max(log Q, -2)"
member_output,2864601_0.371,cross_channel_colocation,main_effect,1.009773509643411,,-0.01964234337633692,"native max(log Q, -2)"
member_output,2864601_0.371,cross_channel_colocation,main_effect,1.0643819947004438,,-0.03211890859810525,"native max(log Q, -2)"
member_output,2864601_0.371,cross_channel_colocation,main_effect,1.1369166085538387,,-0.03827505098096192,"native max(log Q, -2)"
member_output,2864601_0.371,cross_channel_colocation,main_effect,1.1984577121565068,,-0.03645688959899368,"native max(log Q, -2)"
member_output,2864601_0.371,cross_channel_colocation,main_effect,1.2516359984541956,,-0.04309879738520857,"native max(log Q, -2)"
member_output,2864601_0.371,cross_channel_colocation,main_effect,1.2932546777852325,,-0.04354849754875672,"native max(log Q, -2)"
member_output,2864601_0.371,cross_channel_colocation,main_effect,1.3647141761828019,,-0.03560161426350656,"native max(log Q, -2)"
member_output,2864601_0.371,cross_channel_colocation,main_effect,1.4572393572986235,,-0.017380608302302165,"native max(log Q, -2)"
member_output,2864601_0.371,cross_channel_colocation,main_effect,1.5680668576232026,,0.002006347754236879,"native max(log Q, -2)"
member_output,2864601_0.371,cross_channel_colocation,main_effect,1.680477562352136,,0.013957625896423503,"native max(log Q, -2)"
member_output,2864601_0.371,cross_channel_colocation,main_effect,1.8140210382447508,,0.024940595592384922,"native max(log Q, -2)"
member_output,2864601_0.371,cross_channel_colocation,main_effect,1.9386721770633941,,0.028616764216148567,"native max(log Q, -2)"
member_output,2864601_0.371,cross_channel_colocation,main_effect,2.070102749170708,,0.03376209495100061,"native max(log Q, -2)"
member_output,2864601_0.371,cross_channel_colocation,main_effect,2.247422337258988,,0.05740643913224822,"native max(log Q, -2)"
member_output,2864601_0.371,cross_channel_colocation,main_effect,2.4532535421668156,,0.059371340094664125,"native max(log Q, -2)"
member_output,2864601_0.371,cross_channel_colocation,main_effect,2.7130128792327013,,0.05815133519529542,"native max(log Q, -2)"
member_output,2864601_0.371,cross_channel_colocation,main_effect,3.1406404247815276,,0.06401800728397102,"native max(log Q, -2)"
member_output,2864601_0.371,cross_channel_colocation,main_effect,3.9318583034380103,,0.07172417104693847,"native max(log Q, -2)"
member_output,2864601_0.371,cross_channel_colocation,main_effect,5.216106685002086,,0.13157743750258888,"native max(log Q, -2)"
member_output,2864601_0.371,cross_channel_colocation,main_effect,7.19108340562524,,0.18516450606149384,"native max(log Q, -2)"
member_output,2864601_0.371,cross_channel_colocation,main_effect,14.93604350531389,,0.33130657626382953,"native max(log Q, -2)"
member_output,2864601_0.371,bmag_parallel_expected_k,main_effect,1.1920382450865792,,0.08412564548594884,"native max(log Q, -2)"
member_output,2864601_0.371,bmag_parallel_expected_k,main_effect,2.00042730481691,,0.08457140538159183,"native max(log Q, -2)"
member_output,2864601_0.371,bmag_parallel_expected_k,main_effect,2.3455112082238543,,0.10322645338775413,"native max(log Q, -2)"
member_output,2864601_0.371,bmag_parallel_expected_k,main_effect,2.6627631116073656,,0.09382591702268836,"native max(log Q, -2)"
member_output,2864601_0.371,bmag_parallel_expected_k,main_effect,2.8332773894828973,,0.0827022120748151,"native max(log Q, -2)"
member_output,2864601_0.371,bmag_parallel_expected_k,main_effect,2.9620874125625853,,0.07983632246511656,"native max(log Q, -2)"
member_output,2864601_0.371,bmag_parallel_expected_k,main_effect,3.1156600516160484,,0.08787177787489087,"native max(log Q, -2)"
member_output,2864601_0.371,bmag_parallel_expected_k,main_effect,3.273627454307598,,0.08567639212009506,"native max(log Q, -2)"
member_output,2864601_0.371,bmag_parallel_expected_k,main_effect,3.45856801513495,,0.06897339997402259,"native max(log Q, -2)"
member_output,2864601_0.371,bmag_parallel_expected_k,main_effect,3.6371529639693625,,0.04643285204503948,"native max(log Q, -2)"
member_output,2864601_0.371,bmag_parallel_expected_k,main_effect,3.8636753503005057,,0.02363733871349418,"native max(log Q, -2)"
member_output,2864601_0.371,bmag_parallel_expected_k,main_effect,4.051665817403245,,0.012525921251872515,"native max(log Q, -2)"
member_output,2864601_0.371,bmag_parallel_expected_k,main_effect,4.236051649196192,,0.0025205711490218774,"native max(log Q, -2)"
member_output,2864601_0.371,bmag_parallel_expected_k,main_effect,4.437667386859554,,-0.00982220495558312,"native max(log Q, -2)"
member_output,2864601_0.371,bmag_parallel_expected_k,main_effect,4.652912773913863,,-0.015549182486571689,"native max(log Q, -2)"
member_output,2864601_0.371,bmag_parallel_expected_k,main_effect,5.024813672111133,,-0.013983202992451038,"native max(log Q, -2)"
member_output,2864601_0.371,bmag_parallel_expected_k,main_effect,5.224414936052387,,-0.016487111252135374,"native max(log Q, -2)"
member_output,2864601_0.371,bmag_parallel_expected_k,main_effect,5.512503979079229,,-0.019070973371383044,"native max(log Q, -2)"
member_output,2864601_0.371,bmag_parallel_expected_k,main_effect,5.880919542075251,,-0.020922400362787603,"native max(log Q, -2)"
member_output,2864601_0.371,bmag_parallel_expected_k,main_effect,6.431980430154384,,-0.03198658111550002,"native max(log Q, -2)"
member_output,2864601_0.371,bmag_parallel_expected_k,main_effect,6.834912480126297,,-0.03918109876399427,"native max(log Q, -2)"
member_output,2864601_0.371,bmag_parallel_expected_k,main_effect,7.104912911640481,,-0.04958814483703232,"native max(log Q, -2)"
member_output,2864601_0.371,bmag_parallel_expected_k,main_effect,7.413947347348882,,-0.06440181640770665,"native max(log Q, -2)"
member_output,2864601_0.371,bmag_parallel_expected_k,main_effect,7.95298153803396,,-0.07341316481567203,"native max(log Q, -2)"
member_output,2864601_0.371,bmag_parallel_expected_k,main_effect,8.287180523326139,,-0.07099776129891755,"native max(log Q, -2)"
member_output,2864601_0.371,bmag_parallel_expected_k,main_effect,8.752703360023844,,-0.06305699690996314,"native max(log Q, -2)"
member_output,2864601_0.371,bmag_parallel_expected_k,main_effect,9.250239175533427,,-0.06417603785709756,"native max(log Q, -2)"
member_output,2864601_0.371,bmag_parallel_expected_k,main_effect,9.753528696238556,,-0.0687761963185681,"native max(log Q, -2)"
member_output,2864601_0.371,bmag_parallel_expected_k,main_effect,10.439356679804316,,-0.06605882216059579,"native max(log Q, -2)"
member_output,2864601_0.371,bmag_parallel_expected_k,main_effect,11.188294161731841,,-0.06342970030555992,"native max(log Q, -2)"
member_output,2864601_0.371,bmag_parallel_expected_k,main_effect,12.264105283505046,,-0.03281591555285043,"native max(log Q, -2)"
member_output,2864601_0.371,bmag_parallel_expected_k,main_effect,14.659488456701158,,-0.0715567867510225,"native max(log Q, -2)"
member_output,2864601_0.371,compression_parallel_expected_k,main_effect,1.44452694818908,,-0.1300863339213023,"native max(log Q, -2)"
member_output,2864601_0.371,compression_parallel_expected_k,main_effect,2.4952331855898224,,-0.07262506031997314,"native max(log Q, -2)"
member_output,2864601_0.371,compression_parallel_expected_k,main_effect,2.7038762803044354,,-0.03922431209052524,"native max(log Q, -2)"
member_output,2864601_0.371,compression_parallel_expected_k,main_effect,3.005272484436159,,-0.04077804071352595,"native max(log Q, -2)"
member_output,2864601_0.371,compression_parallel_expected_k,main_effect,3.1758050342748354,,-0.02871883145497222,"native max(log Q, -2)"
member_output,2864601_0.371,compression_parallel_expected_k,main_effect,3.3374138654175662,,-0.021358126775861054,"native max(log Q, -2)"
member_output,2864601_0.371,compression_parallel_expected_k,main_effect,3.5233172030302993,,-0.010435207144015052,"native max(log Q, -2)"
member_output,2864601_0.371,compression_parallel_expected_k,main_effect,3.6883984651721295,,-0.013305994250396552,"native max(log Q, -2)"
member_output,2864601_0.371,compression_parallel_expected_k,main_effect,3.8696664704275143,,-0.012288344665810063,"native max(log Q, -2)"
member_output,2864601_0.371,compression_parallel_expected_k,main_effect,4.011381907409078,,-0.0069034927559606975,"native max(log Q, -2)"
member_output,2864601_0.371,compression_parallel_expected_k,main_effect,4.10620781168606,,0.0019803311045230605,"native max(log Q, -2)"
member_output,2864601_0.371,compression_parallel_expected_k,main_effect,4.23390110751035,,0.013076967131348143,"native max(log Q, -2)"
member_output,2864601_0.371,compression_parallel_expected_k,main_effect,4.3950900852500805,,0.02177518169332815,"native max(log Q, -2)"
member_output,2864601_0.371,compression_parallel_expected_k,main_effect,4.528698505374109,,0.024017924514194832,"native max(log Q, -2)"
member_output,2864601_0.371,compression_parallel_expected_k,main_effect,4.65443266396165,,0.023750379855462442,"native max(log Q, -2)"
member_output,2864601_0.371,compression_parallel_expected_k,main_effect,4.857853482185325,,0.030401834323751743,"native max(log Q, -2)"
member_output,2864601_0.371,compression_parallel_expected_k,main_effect,5.004471084522239,,0.03443580288673978,"native max(log Q, -2)"
member_output,2864601_0.371,compression_parallel_expected_k,main_effect,5.195847606403694,,0.039013949659940414,"native max(log Q, -2)"
member_output,2864601_0.371,compression_parallel_expected_k,main_effect,5.377000277835615,,0.04710833089506592,"native max(log Q, -2)"
member_output,2864601_0.371,compression_parallel_expected_k,main_effect,5.572812115611185,,0.04925055722349108,"native max(log Q, -2)"
member_output,2864601_0.371,compression_parallel_expected_k,main_effect,5.7820668886567885,,0.043225532157370655,"native max(log Q, -2)"
member_output,2864601_0.371,compression_parallel_expected_k,main_effect,5.9697981751305225,,0.040666680387167545,"native max(log Q, -2)"
member_output,2864601_0.371,compression_parallel_expected_k,main_effect,6.192792574825598,,0.03150433526135441,"native max(log Q, -2)"
member_output,2864601_0.371,compression_parallel_expected_k,main_effect,6.400907974127423,,0.021498066121772325,"native max(log Q, -2)"
member_output,2864601_0.371,compression_parallel_expected_k,main_effect,6.656990441534724,,0.014577711533322591,"native max(log Q, -2)"
member_output,2864601_0.371,compression_parallel_expected_k,main_effect,7.075960341307097,,-0.0029606014712693744,"native max(log Q, -2)"
member_output,2864601_0.371,compression_parallel_expected_k,main_effect,7.344071793173743,,-0.015479399047273024,"native max(log Q, -2)"
member_output,2864601_0.371,compression_parallel_expected_k,main_effect,7.645014422426994,,-0.018303120363893255,"native max(log Q, -2)"
member_output,2864601_0.371,compression_parallel_expected_k,main_effect,8.037848138762609,,-0.010931354406462968,"native max(log Q, -2)"
member_output,2864601_0.371,compression_parallel_expected_k,main_effect,8.67012962510806,,0.006782762105528847,"native max(log Q, -2)"
member_output,2864601_0.371,compression_parallel_expected_k,main_effect,9.450497091580068,,-0.010552627760782168,"native max(log Q, -2)"
member_output,2864601_0.371,compression_parallel_expected_k,main_effect,10.811615498230733,,-0.11959843537456658,"native max(log Q, -2)"
member_output,2864601_0.371,curvature_parallel_expected_k,main_effect,1.1826984965191376,,0.05299164090726774,"native max(log Q, -2)"
member_output,2864601_0.371,curvature_parallel_expected_k,main_effect,1.9890588460030774,,0.012173712900580651,"native max(log Q, -2)"
member_output,2864601_0.371,curvature_parallel_expected_k,main_effect,2.334624574949851,,0.0006256107179058411,"native max(log Q, -2)"
member_output,2864601_0.371,curvature_parallel_expected_k,main_effect,2.5848150502818936,,0.01721791475123899,"native max(log Q, -2)"
member_output,2864601_0.371,curvature_parallel_expected_k,main_effect,2.8503466078697803,,0.022350394188812194,"native max(log Q, -2)"
member_output,2864601_0.371,curvature_parallel_expected_k,main_effect,3.0516126415281457,,0.02888140914012822,"native max(log Q, -2)"
member_output,2864601_0.371,curvature_parallel_expected_k,main_effect,3.1571917505964313,,0.03802670760816682,"native max(log Q, -2)"
member_output,2864601_0.371,curvature_parallel_expected_k,main_effect,3.2815894012348883,,0.045236933581722094,"native max(log Q, -2)"
member_output,2864601_0.371,curvature_parallel_expected_k,main_effect,3.439974913336717,,0.045969861478755474,"native max(log Q, -2)"
member_output,2864601_0.371,curvature_parallel_expected_k,main_effect,3.6395243616197828,,0.039058066709903264,"native max(log Q, -2)"
member_output,2864601_0.371,curvature_parallel_expected_k,main_effect,3.8528826985623024,,0.0277710369836947,"native max(log Q, -2)"
member_output,2864601_0.371,curvature_parallel_expected_k,main_effect,4.123334113467838,,0.012479510388651653,"native max(log Q, -2)"
member_output,2864601_0.371,curvature_parallel_expected_k,main_effect,4.276416644423197,,0.005940894420228536,"native max(log Q, -2)"
member_output,2864601_0.371,curvature_parallel_expected_k,main_effect,4.513708737765535,,0.00022716956917057064,"native max(log Q, -2)"
member_output,2864601_0.371,curvature_parallel_expected_k,main_effect,4.770862233904506,,-0.005720834800446728,"native max(log Q, -2)"
member_output,2864601_0.371,curvature_parallel_expected_k,main_effect,5.087935141360958,,-0.004903286613191771,"native max(log Q, -2)"
member_output,2864601_0.371,curvature_parallel_expected_k,main_effect,5.463883755258251,,-0.0030103912060085673,"native max(log Q, -2)"
member_output,2864601_0.371,curvature_parallel_expected_k,main_effect,5.775931723487524,,0.0071673196758126004,"native max(log Q, -2)"
member_output,2864601_0.371,curvature_parallel_expected_k,main_effect,6.110582013012336,,0.007610972756427129,"native max(log Q, -2)"
member_output,2864601_0.371,curvature_parallel_expected_k,main_effect,6.502557643594603,,0.0008683978687547965,"native max(log Q, -2)"
member_output,2864601_0.371,curvature_parallel_expected_k,main_effect,6.858410180406682,,-0.0023435665796175207,"native max(log Q, -2)"
member_output,2864601_0.371,curvature_parallel_expected_k,main_effect,7.156088792217977,,0.0005684120499966654,"native max(log Q, -2)"
member_output,2864601_0.371,curvature_parallel_expected_k,main_effect,7.682416968037046,,0.005598759861755559,"native max(log Q, -2)"
member_output,2864601_0.371,curvature_parallel_expected_k,main_effect,8.104401072560158,,0.011452049518104399,"native max(log Q, -2)"
member_output,2864601_0.371,curvature_parallel_expected_k,main_effect,8.548000890254059,,0.011679485955945665,"native max(log Q, -2)"
member_output,2864601_0.371,curvature_parallel_expected_k,main_effect,8.945427724212628,,0.008015645759671057,"native max(log Q, -2)"
member_output,2864601_0.371,curvature_parallel_expected_k,main_effect,9.533856645288957,,-0.010216582847774328,"native max(log Q, -2)"
member_output,2864601_0.371,curvature_parallel_expected_k,main_effect,10.071436380917877,,-0.025586616800600672,"native max(log Q, -2)"
member_output,2864601_0.371,curvature_parallel_expected_k,main_effect,10.649245361321666,,-0.06390523969307077,"native max(log Q, -2)"
member_output,2864601_0.371,curvature_parallel_expected_k,main_effect,11.475592042814288,,-0.08554664024453404,"native max(log Q, -2)"
member_output,2864601_0.371,curvature_parallel_expected_k,main_effect,12.26095551921272,,-0.10239280800392668,"native max(log Q, -2)"
member_output,2864601_0.371,curvature_parallel_expected_k,main_effect,16.584139520150696,,-0.08226035074785935,"native max(log Q, -2)"
member_output,2864601_0.371,local_shear_abs_mean,main_effect,1.06967333635699,,-0.008679891119204301,"native max(log Q, -2)"
member_output,2864601_0.371,local_shear_abs_mean,main_effect,4.143729501033851,,0.004293331914190153,"native max(log Q, -2)"
member_output,2864601_0.371,local_shear_abs_mean,main_effect,5.8320792295705335,,-0.010128287935751906,"native max(log Q, -2)"
member_output,2864601_0.371,local_shear_abs_mean,main_effect,7.366712637720768,,0.013730108777887424,"native max(log Q, -2)"
member_output,2864601_0.371,local_shear_abs_mean,main_effect,8.612597662158187,,0.029160609442606934,"native max(log Q, -2)"
member_output,2864601_0.371,local_shear_abs_mean,main_effect,9.523035735089902,,0.05046428279566996,"native max(log Q, -2)"
member_output,2864601_0.371,local_shear_abs_mean,main_effect,10.42292723471382,,0.0657380207643107,"native max(log Q, -2)"
member_output,2864601_0.371,local_shear_abs_mean,main_effect,11.436492999864878,,0.0708428756870985,"native max(log Q, -2)"
member_output,2864601_0.371,local_shear_abs_mean,main_effect,12.466414283339699,,0.07880929960651815,"native max(log Q, -2)"
member_output,2864601_0.371,local_shear_abs_mean,main_effect,12.99962769452143,,0.07829028586265108,"native max(log Q, -2)"
member_output,2864601_0.371,local_shear_abs_mean,main_effect,13.653977522450194,,0.07465818619694473,"native max(log Q, -2)"
member_output,2864601_0.371,local_shear_abs_mean,main_effect,14.182628406308563,,0.0735092281457538,"native max(log Q, -2)"
member_output,2864601_0.371,local_shear_abs_mean,main_effect,15.15853454743018,,0.06880218236472445,"native max(log Q, -2)"
member_output,2864601_0.371,local_shear_abs_mean,main_effect,15.838994817013766,,0.059595230742385125,"native max(log Q, -2)"
member_output,2864601_0.371,local_shear_abs_mean,main_effect,16.36527338447715,,0.0572986975790096,"native max(log Q, -2)"
member_output,2864601_0.371,local_shear_abs_mean,main_effect,16.946616464123466,,0.057199290340836303,"native max(log Q, -2)"
member_output,2864601_0.371,local_shear_abs_mean,main_effect,17.561595194399608,,0.05761299158686522,"native max(log Q, -2)"
member_output,2864601_0.371,local_shear_abs_mean,main_effect,18.177242489928243,,0.04888281097200868,"native max(log Q, -2)"
member_output,2864601_0.371,local_shear_abs_mean,main_effect,18.95088938110552,,0.03352784549139009,"native max(log Q, -2)"
member_output,2864601_0.371,local_shear_abs_mean,main_effect,19.76287378814549,,0.01609784973784417,"native max(log Q, -2)"
member_output,2864601_0.371,local_shear_abs_mean,main_effect,20.55875394069161,,-0.011092906286785257,"native max(log Q, -2)"
member_output,2864601_0.371,local_shear_abs_mean,main_effect,21.45108379146928,,-0.03288846495790555,"native max(log Q, -2)"
member_output,2864601_0.371,local_shear_abs_mean,main_effect,22.42247832865519,,-0.045150352571594436,"native max(log Q, -2)"
member_output,2864601_0.371,local_shear_abs_mean,main_effect,23.91016832926787,,-0.0600350940907584,"native max(log Q, -2)"
member_output,2864601_0.371,local_shear_abs_mean,main_effect,25.136738879714194,,-0.0719535097235542,"native max(log Q, -2)"
member_output,2864601_0.371,local_shear_abs_mean,main_effect,26.64614020168073,,-0.08066829127847325,"native max(log Q, -2)"
member_output,2864601_0.371,local_shear_abs_mean,main_effect,28.295350039322724,,-0.0993944804306546,"native max(log Q, -2)"
member_output,2864601_0.371,local_shear_abs_mean,main_effect,30.497750505203822,,-0.10531416083822515,"native max(log Q, -2)"
member_output,2864601_0.371,local_shear_abs_mean,main_effect,32.18654605264399,,-0.11176964494672612,"native max(log Q, -2)"
member_output,2864601_0.371,local_shear_abs_mean,main_effect,35.584511796393144,,-0.09962046158600912,"native max(log Q, -2)"
member_output,2864601_0.371,local_shear_abs_mean,main_effect,41.86626543040869,,-0.1050805977648724,"native max(log Q, -2)"
member_output,2864601_0.371,local_shear_abs_mean,main_effect,67.66948225050064,,-0.15987260058356997,"native max(log Q, -2)"
member_output,2864601_0.371,f_Q_integrand_w25_peak,main_effect,0.06457202007711853,,-0.3911969857794712,"native max(log Q, -2)"
member_output,2864601_0.371,f_Q_integrand_w25_peak,main_effect,0.2785588893864086,,-0.2783518050149987,"native max(log Q, -2)"
member_output,2864601_0.371,f_Q_integrand_w25_peak,main_effect,0.48918828200179754,,-0.22583803352388462,"native max(log Q, -2)"
member_output,2864601_0.371,f_Q_integrand_w25_peak,main_effect,0.6730614291980621,,-0.1868012138735663,"native max(log Q, -2)"
member_output,2864601_0.371,f_Q_integrand_w25_peak,main_effect,0.9967779728636241,,-0.17169660058657177,"native max(log Q, -2)"
member_output,2864601_0.371,f_Q_integrand_w25_peak,main_effect,1.3101415298784995,,-0.15105179223237444,"native max(log Q, -2)"
member_output,2864601_0.371,f_Q_integrand_w25_peak,main_effect,1.5749233453565514,,-0.12299732829525313,"native max(log Q, -2)"
member_output,2864601_0.371,f_Q_integrand_w25_peak,main_effect,1.8127396961562914,,-0.10617534803762606,"native max(log Q, -2)"
member_output,2864601_0.371,f_Q_integrand_w25_peak,main_effect,2.0049404049433086,,-0.08993777811977766,"native max(log Q, -2)"
member_output,2864601_0.371,f_Q_integrand_w25_peak,main_effect,2.193608136546242,,-0.0866658770678867,"native max(log Q, -2)"
member_output,2864601_0.371,f_Q_integrand_w25_peak,main_effect,2.3069439886483396,,-0.0840070429836885,"native max(log Q, -2)"
member_output,2864601_0.371,f_Q_integrand_w25_peak,main_effect,2.456877179163439,,-0.08952469136218535,"native max(log Q, -2)"
member_output,2864601_0.371,f_Q_integrand_w25_peak,main_effect,2.619810511870972,,-0.08362477884080535,"native max(log Q, -2)"
member_output,2864601_0.371,f_Q_integrand_w25_peak,main_effect,2.744921959253753,,-0.07962897404839347,"native max(log Q, -2)"
member_output,2864601_0.371,f_Q_integrand_w25_peak,main_effect,2.877505848165714,,-0.06376680025883939,"native max(log Q, -2)"
member_output,2864601_0.371,f_Q_integrand_w25_peak,main_effect,3.0819395450332516,,-0.05238161626416213,"native max(log Q, -2)"
member_output,2864601_0.371,f_Q_integrand_w25_peak,main_effect,3.228382316144308,,-0.037735891955697765,"native max(log Q, -2)"
member_output,2864601_0.371,f_Q_integrand_w25_peak,main_effect,3.5199241732715296,,-0.01788698321084762,"native max(log Q, -2)"
member_output,2864601_0.371,f_Q_integrand_w25_peak,main_effect,3.8323798738493746,,0.014077989458066958,"native max(log Q, -2)"
member_output,2864601_0.371,f_Q_integrand_w25_peak,main_effect,4.14043860980191,,0.025195894120443173,"native max(log Q, -2)"
member_output,2864601_0.371,f_Q_integrand_w25_peak,main_effect,4.389757383059743,,0.05983847938010399,"native max(log Q, -2)"
member_output,2864601_0.371,f_Q_integrand_w25_peak,main_effect,4.7691597865290705,,0.0807996590655944,"native max(log Q, -2)"
member_output,2864601_0.371,f_Q_integrand_w25_peak,main_effect,5.34188375274854,,0.09361781154812007,"native max(log Q, -2)"
member_output,2864601_0.371,f_Q_integrand_w25_peak,main_effect,6.039586918196841,,0.11171606412877981,"native max(log Q, -2)"
member_output,2864601_0.371,f_Q_integrand_w25_peak,main_effect,6.891644234582968,,0.11578626992164476,"native max(log Q, -2)"
member_output,2864601_0.371,f_Q_integrand_w25_peak,main_effect,8.128452561272194,,0.14263357738886986,"native max(log Q, -2)"
member_output,2864601_0.371,f_Q_integrand_w25_peak,main_effect,9.258158495607137,,0.1540282968891459,"native max(log Q, -2)"
member_output,2864601_0.371,f_Q_integrand_w25_peak,main_effect,10.720094224526406,,0.19985484363486516,"native max(log Q, -2)"
member_output,2864601_0.371,f_Q_integrand_w25_peak,main_effect,13.581513345474017,,0.2373088862329324,"native max(log Q, -2)"
member_output,2864601_0.371,f_Q_integrand_w25_peak,main_effect,17.40148199139876,,0.25636645892073484,"native max(log Q, -2)"
member_output,2864601_0.371,f_Q_integrand_w25_peak,main_effect,22.2187317186874,,0.3315175615460621,"native max(log Q, -2)"
member_output,2864601_0.371,f_Q_integrand_w25_peak,main_effect,50.50315487162647,,0.4583777006214828,"native max(log Q, -2)"
member_output,2864601_0.371,geodesic_abs_w25_peak,main_effect,0.01633606620132923,,0.017861419803634725,"native max(log Q, -2)"
member_output,2864601_0.371,geodesic_abs_w25_peak,main_effect,0.10186510868370532,,0.02836791231684538,"native max(log Q, -2)"
member_output,2864601_0.371,geodesic_abs_w25_peak,main_effect,0.127582890689373,,0.050370742923093306,"native max(log Q, -2)"
member_output,2864601_0.371,geodesic_abs_w25_peak,main_effect,0.1427201061323285,,0.037446562283852666,"native max(log Q, -2)"
member_output,2864601_0.371,geodesic_abs_w25_peak,main_effect,0.15078622147440912,,0.005371014560943912,"native max(log Q, -2)"
member_output,2864601_0.371,geodesic_abs_w25_peak,main_effect,0.15867976054549215,,-0.013188318921033792,"native max(log Q, -2)"
member_output,2864601_0.371,geodesic_abs_w25_peak,main_effect,0.17093788504600527,,-0.028946351583924862,"native max(log Q, -2)"
member_output,2864601_0.371,geodesic_abs_w25_peak,main_effect,0.18222619041800497,,-0.028020640601773665,"native max(log Q, -2)"
member_output,2864601_0.371,geodesic_abs_w25_peak,main_effect,0.19600745797157287,,-0.012431150736548949,"native max(log Q, -2)"
member_output,2864601_0.371,geodesic_abs_w25_peak,main_effect,0.20628694344311954,,-0.0022930916076792825,"native max(log Q, -2)"
member_output,2864601_0.371,geodesic_abs_w25_peak,main_effect,0.21651431541889915,,0.009416181858813186,"native max(log Q, -2)"
member_output,2864601_0.371,geodesic_abs_w25_peak,main_effect,0.2279817188624293,,0.032403816881220814,"native max(log Q, -2)"
member_output,2864601_0.371,geodesic_abs_w25_peak,main_effect,0.2382492995262146,,0.039691902852224716,"native max(log Q, -2)"
member_output,2864601_0.371,geodesic_abs_w25_peak,main_effect,0.24794465162791313,,0.038739983686095755,"native max(log Q, -2)"
member_output,2864601_0.371,geodesic_abs_w25_peak,main_effect,0.25736147094517947,,0.029513148021449068,"native max(log Q, -2)"
member_output,2864601_0.371,geodesic_abs_w25_peak,main_effect,0.26804914981126793,,0.02818699615889452,"native max(log Q, -2)"
member_output,2864601_0.371,geodesic_abs_w25_peak,main_effect,0.2779101672396064,,0.01811034385771828,"native max(log Q, -2)"
member_output,2864601_0.371,geodesic_abs_w25_peak,main_effect,0.28576802879571916,,0.00870893862692994,"native max(log Q, -2)"
member_output,2864601_0.371,geodesic_abs_w25_peak,main_effect,0.2941832759976387,,-6.0775280267955437e-05,"native max(log Q, -2)"
member_output,2864601_0.371,geodesic_abs_w25_peak,main_effect,0.30298862347146494,,0.0033496709959045133,"native max(log Q, -2)"
member_output,2864601_0.371,geodesic_abs_w25_peak,main_effect,0.31417563110589986,,0.016414092319416256,"native max(log Q, -2)"
member_output,2864601_0.371,geodesic_abs_w25_peak,main_effect,0.32526606231927874,,0.005510005435490792,"native max(log Q, -2)"
member_output,2864601_0.371,geodesic_abs_w25_peak,main_effect,0.3438676693663004,,0.0019525830404977015,"native max(log Q, -2)"
member_output,2864601_0.371,geodesic_abs_w25_peak,main_effect,0.3553514140844345,,-0.002521347389070817,"native max(log Q, -2)"
member_output,2864601_0.371,geodesic_abs_w25_peak,main_effect,0.36950905542820695,,-0.01118389558171977,"native max(log Q, -2)"
member_output,2864601_0.371,geodesic_abs_w25_peak,main_effect,0.3876465165615082,,-0.0010913768057138982,"native max(log Q, -2)"
member_output,2864601_0.371,geodesic_abs_w25_peak,main_effect,0.4008001436293125,,-0.007168032853228564,"native max(log Q, -2)"
member_output,2864601_0.371,geodesic_abs_w25_peak,main_effect,0.4166489655897021,,-0.016272278595000814,"native max(log Q, -2)"
member_output,2864601_0.371,geodesic_abs_w25_peak,main_effect,0.4377885989099741,,-0.04792925974280043,"native max(log Q, -2)"
member_output,2864601_0.371,geodesic_abs_w25_peak,main_effect,0.46789498949423436,,-0.08469705687459342,"native max(log Q, -2)"
member_output,2864601_0.371,geodesic_abs_w25_peak,main_effect,0.5214080489426851,,-0.09199987167454979,"native max(log Q, -2)"
member_output,2864601_0.371,geodesic_abs_w25_peak,main_effect,0.7224011261761188,,-0.03122638558111271,"native max(log Q, -2)"
member_output,2864601_0.371,a_over_LT & log_f_Q,pairwise_interaction,0.020469365641474724,-3.1372791971964853,1.0086602400819837,"native max(log Q, -2)"
member_output,2864601_0.371,a_over_LT & log_f_Q,pairwise_interaction,0.020469365641474724,-0.475736696355459,0.16975933402988216,"native max(log Q, -2)"
member_output,2864601_0.371,a_over_LT & log_f_Q,pairwise_interaction,0.020469365641474724,0.15334520664740808,0.05779052063901401,"native max(log Q, -2)"
member_output,2864601_0.371,a_over_LT & log_f_Q,pairwise_interaction,0.020469365641474724,0.4155584048360205,-0.025542948004211398,"native max(log Q, -2)"
member_output,2864601_0.371,a_over_LT & log_f_Q,pairwise_interaction,0.020469365641474724,0.606389675332959,-0.19297817590146626,"native max(log Q, -2)"
member_output,2864601_0.371,a_over_LT & log_f_Q,pairwise_interaction,0.020469365641474724,0.8877572786327694,-0.24243261865982207,"native max(log Q, -2)"
member_output,2864601_0.371,a_over_LT & log_f_Q,pairwise_interaction,0.020469365641474724,1.2191466923148706,-0.3702212285094822,"native max(log Q, -2)"
member_output,2864601_0.371,a_over_LT & log_f_Q,pairwise_interaction,0.020469365641474724,2.3895103701399574,-1.0637740208752975,"native max(log Q, -2)"
member_output,2864601_0.371,a_over_LT & log_f_Q,pairwise_interaction,0.9006037712097168,-3.1372791971964853,0.7427378203586588,"native max(log Q, -2)"
member_output,2864601_0.371,a_over_LT & log_f_Q,pairwise_interaction,0.9006037712097168,-0.475736696355459,0.04281423716624036,"native max(log Q, -2)"
member_output,2864601_0.371,a_over_LT & log_f_Q,pairwise_interaction,0.9006037712097168,0.15334520664740808,-0.019576874065741868,"native max(log Q, -2)"
member_output,2864601_0.371,a_over_LT & log_f_Q,pairwise_interaction,0.9006037712097168,0.4155584048360205,-0.04738607494209478,"native max(log Q, -2)"
member_output,2864601_0.371,a_over_LT & log_f_Q,pairwise_interaction,0.9006037712097168,0.606389675332959,-0.07238527389298685,"native max(log Q, -2)"
member_output,2864601_0.371,a_over_LT & log_f_Q,pairwise_interaction,0.9006037712097168,0.8877572786327694,-0.06452420451890258,"native max(log Q, -2)"
member_output,2864601_0.371,a_over_LT & log_f_Q,pairwise_interaction,0.9006037712097168,1.2191466923148706,-0.06719094550500199,"native max(log Q, -2)"
member_output,2864601_0.371,a_over_LT & log_f_Q,pairwise_interaction,0.9006037712097168,2.3895103701399574,-0.05373060758535307,"native max(log Q, -2)"
member_output,2864601_0.371,a_over_LT & log_f_Q,pairwise_interaction,1.2197760939598083,-3.1372791971964853,0.46059610652535965,"native max(log Q, -2)"
member_output,2864601_0.371,a_over_LT & log_f_Q,pairwise_interaction,1.2197760939598083,-0.475736696355459,0.013775805682156545,"native max(log Q, -2)"
member_output,2864601_0.371,a_over_LT & log_f_Q,pairwise_interaction,1.2197760939598083,0.15334520664740808,-0.015934810340056456,"native max(log Q, -2)"
member_output,2864601_0.371,a_over_LT & log_f_Q,pairwise_interaction,1.2197760939598083,0.4155584048360205,-0.0215658248638079,"native max(log Q, -2)"
member_output,2864601_0.371,a_over_LT & log_f_Q,pairwise_interaction,1.2197760939598083,0.606389675332959,-0.028592791893836917,"native max(log Q, -2)"
member_output,2864601_0.371,a_over_LT & log_f_Q,pairwise_interaction,1.2197760939598083,0.8877572786327694,-0.011277032139469477,"native max(log Q, -2)"
member_output,2864601_0.371,a_over_LT & log_f_Q,pairwise_interaction,1.2197760939598083,1.2191466923148706,-0.003185146951043277,"native max(log Q, -2)"
member_output,2864601_0.371,a_over_LT & log_f_Q,pairwise_interaction,1.2197760939598083,2.3895103701399574,0.018459200031070135,"native max(log Q, -2)"
member_output,2864601_0.371,a_over_LT & log_f_Q,pairwise_interaction,1.5316290259361267,-3.1372791971964853,0.2220096644092942,"native max(log Q, -2)"
member_output,2864601_0.371,a_over_LT & log_f_Q,pairwise_interaction,1.5316290259361267,-0.475736696355459,-0.05060828610142279,"native max(log Q, -2)"
member_output,2864601_0.371,a_over_LT & log_f_Q,pairwise_interaction,1.5316290259361267,0.15334520664740808,-0.04606372523779359,"native max(log Q, -2)"
member_output,2864601_0.371,a_over_LT & log_f_Q,pairwise_interaction,1.5316290259361267,0.4155584048360205,-0.03941291333288842,"native max(log Q, -2)"
member_output,2864601_0.371,a_over_LT & log_f_Q,pairwise_interaction,1.5316290259361267,0.606389675332959,-0.030933863971376735,"native max(log Q, -2)"
member_output,2864601_0.371,a_over_LT & log_f_Q,pairwise_interaction,1.5316290259361267,0.8877572786327694,-0.009419895068320104,"native max(log Q, -2)"
member_output,2864601_0.371,a_over_LT & log_f_Q,pairwise_interaction,1.5316290259361267,1.2191466923148706,-0.014622773665571197,"native max(log Q, -2)"
member_output,2864601_0.371,a_over_LT & log_f_Q,pairwise_interaction,1.5316290259361267,2.3895103701399574,-0.13863118264036223,"native max(log Q, -2)"
member_output,2864601_0.371,a_over_LT & log_f_Q,pairwise_interaction,2.071755886077881,-3.1372791971964853,-0.023793541433191935,"native max(log Q, -2)"
member_output,2864601_0.371,a_over_LT & log_f_Q,pairwise_interaction,2.071755886077881,-0.475736696355459,0.0018814169833936377,"native max(log Q, -2)"
member_output,2864601_0.371,a_over_LT & log_f_Q,pairwise_interaction,2.071755886077881,0.15334520664740808,0.019117168114761326,"native max(log Q, -2)"
member_output,2864601_0.371,a_over_LT & log_f_Q,pairwise_interaction,2.071755886077881,0.4155584048360205,0.030017426590849466,"native max(log Q, -2)"
member_output,2864601_0.371,a_over_LT & log_f_Q,pairwise_interaction,2.071755886077881,0.606389675332959,0.04043533087885364,"native max(log Q, -2)"
member_output,2864601_0.371,a_over_LT & log_f_Q,pairwise_interaction,2.071755886077881,0.8877572786327694,0.06953267718137644,"native max(log Q, -2)"
member_output,2864601_0.371,a_over_LT & log_f_Q,pairwise_interaction,2.071755886077881,1.2191466923148706,0.06829912589542593,"native max(log Q, -2)"
member_output,2864601_0.371,a_over_LT & log_f_Q,pairwise_interaction,2.071755886077881,2.3895103701399574,0.14244314058618132,"native max(log Q, -2)"
member_output,2864601_0.371,a_over_LT & log_f_Q,pairwise_interaction,2.8594785928726196,-3.1372791971964853,-0.025219649633812832,"native max(log Q, -2)"
member_output,2864601_0.371,a_over_LT & log_f_Q,pairwise_interaction,2.8594785928726196,-0.475736696355459,0.022170434709118808,"native max(log Q, -2)"
member_output,2864601_0.371,a_over_LT & log_f_Q,pairwise_interaction,2.8594785928726196,0.15334520664740808,0.040481990255366265,"native max(log Q, -2)"
member_output,2864601_0.371,a_over_LT & log_f_Q,pairwise_interaction,2.8594785928726196,0.4155584048360205,0.0555428020628265,"native max(log Q, -2)"
member_output,2864601_0.371,a_over_LT & log_f_Q,pairwise_interaction,2.8594785928726196,0.606389675332959,0.065148007601487,"native max(log Q, -2)"
member_output,2864601_0.371,a_over_LT & log_f_Q,pairwise_interaction,2.8594785928726196,0.8877572786327694,0.07264262840701033,"native max(log Q, -2)"
member_output,2864601_0.371,a_over_LT & log_f_Q,pairwise_interaction,2.8594785928726196,1.2191466923148706,0.060771577784061157,"native max(log Q, -2)"
member_output,2864601_0.371,a_over_LT & log_f_Q,pairwise_interaction,2.8594785928726196,2.3895103701399574,0.1617914396097935,"native max(log Q, -2)"
member_output,2864601_0.371,a_over_LT & log_f_Q,pairwise_interaction,3.5870211124420166,-3.1372791971964853,-0.02435156507120769,"native max(log Q, -2)"
member_output,2864601_0.371,a_over_LT & log_f_Q,pairwise_interaction,3.5870211124420166,-0.475736696355459,0.03180776133661796,"native max(log Q, -2)"
member_output,2864601_0.371,a_over_LT & log_f_Q,pairwise_interaction,3.5870211124420166,0.15334520664740808,0.052951701826142825,"native max(log Q, -2)"
member_output,2864601_0.371,a_over_LT & log_f_Q,pairwise_interaction,3.5870211124420166,0.4155584048360205,0.07042701795105723,"native max(log Q, -2)"
member_output,2864601_0.371,a_over_LT & log_f_Q,pairwise_interaction,3.5870211124420166,0.606389675332959,0.07163727863435801,"native max(log Q, -2)"
member_output,2864601_0.371,a_over_LT & log_f_Q,pairwise_interaction,3.5870211124420166,0.8877572786327694,-0.04519113243401905,"native max(log Q, -2)"
member_output,2864601_0.371,a_over_LT & log_f_Q,pairwise_interaction,3.5870211124420166,1.2191466923148706,-0.06463003493758002,"native max(log Q, -2)"
member_output,2864601_0.371,a_over_LT & log_f_Q,pairwise_interaction,3.5870211124420166,2.3895103701399574,0.14594796500419038,"native max(log Q, -2)"
member_output,2864601_0.371,a_over_LT & log_f_Q,pairwise_interaction,6.460826873779297,-3.1372791971964853,0.1049566046340097,"native max(log Q, -2)"
member_output,2864601_0.371,a_over_LT & log_f_Q,pairwise_interaction,6.460826873779297,-0.475736696355459,0.1924837509773947,"native max(log Q, -2)"
member_output,2864601_0.371,a_over_LT & log_f_Q,pairwise_interaction,6.460826873779297,0.15334520664740808,0.22293499387923452,"native max(log Q, -2)"
member_output,2864601_0.371,a_over_LT & log_f_Q,pairwise_interaction,6.460826873779297,0.4155584048360205,0.24306345866476828,"native max(log Q, -2)"
member_output,2864601_0.371,a_over_LT & log_f_Q,pairwise_interaction,6.460826873779297,0.606389675332959,0.20008067275486616,"native max(log Q, -2)"
member_output,2864601_0.371,a_over_LT & log_f_Q,pairwise_interaction,6.460826873779297,0.8877572786327694,0.08014191755617878,"native max(log Q, -2)"
member_output,2864601_0.371,a_over_LT & log_f_Q,pairwise_interaction,6.460826873779297,1.2191466923148706,0.035208266881145006,"native max(log Q, -2)"
member_output,2864601_0.371,a_over_LT & log_f_Q,pairwise_interaction,6.460826873779297,2.3895103701399574,0.2650365088905619,"native max(log Q, -2)"
member_output,2864601_0.371,a_over_LT & bad_curvature_compression,pairwise_interaction,0.020469365641474724,0.0,0.5467028207988314,"native max(log Q, -2)"
member_output,2864601_0.371,a_over_LT & bad_curvature_compression,pairwise_interaction,0.020469365641474724,0.22772671739968947,0.19607168424555677,"native max(log Q, -2)"
member_output,2864601_0.371,a_over_LT & bad_curvature_compression,pairwise_interaction,0.020469365641474724,0.5539935289327377,0.07749719354772189,"native max(log Q, -2)"
member_output,2864601_0.371,a_over_LT & bad_curvature_compression,pairwise_interaction,0.020469365641474724,0.7829443711894786,-0.04076104230897024,"native max(log Q, -2)"
member_output,2864601_0.371,a_over_LT & bad_curvature_compression,pairwise_interaction,0.020469365641474724,1.1407287694670685,-0.14053310958848686,"native max(log Q, -2)"
member_output,2864601_0.371,a_over_LT & bad_curvature_compression,pairwise_interaction,0.020469365641474724,1.6050736244804065,-0.4370035843708009,"native max(log Q, -2)"
member_output,2864601_0.371,a_over_LT & bad_curvature_compression,pairwise_interaction,0.020469365641474724,2.8044058575430015,-0.5360185740389503,"native max(log Q, -2)"
member_output,2864601_0.371,a_over_LT & bad_curvature_compression,pairwise_interaction,0.020469365641474724,12.63658030036591,-1.0751033553554468,"native max(log Q, -2)"
member_output,2864601_0.371,a_over_LT & bad_curvature_compression,pairwise_interaction,0.9006037712097168,0.0,0.3604950579741536,"native max(log Q, -2)"
member_output,2864601_0.371,a_over_LT & bad_curvature_compression,pairwise_interaction,0.9006037712097168,0.22772671739968947,0.080520204804246,"native max(log Q, -2)"
member_output,2864601_0.371,a_over_LT & bad_curvature_compression,pairwise_interaction,0.9006037712097168,0.5539935289327377,0.00622105264965519,"native max(log Q, -2)"
member_output,2864601_0.371,a_over_LT & bad_curvature_compression,pairwise_interaction,0.9006037712097168,0.7829443711894786,-0.045418208483309554,"native max(log Q, -2)"
member_output,2864601_0.371,a_over_LT & bad_curvature_compression,pairwise_interaction,0.9006037712097168,1.1407287694670685,-0.07957684338070964,"native max(log Q, -2)"
member_output,2864601_0.371,a_over_LT & bad_curvature_compression,pairwise_interaction,0.9006037712097168,1.6050736244804065,-0.08232737462833181,"native max(log Q, -2)"
member_output,2864601_0.371,a_over_LT & bad_curvature_compression,pairwise_interaction,0.9006037712097168,2.8044058575430015,-0.0929108471098273,"native max(log Q, -2)"
member_output,2864601_0.371,a_over_LT & bad_curvature_compression,pairwise_interaction,0.9006037712097168,12.63658030036591,-0.21384438014557594,"native max(log Q, -2)"
member_output,2864601_0.371,a_over_LT & bad_curvature_compression,pairwise_interaction,1.2197760939598083,0.0,0.25827520408812643,"native max(log Q, -2)"
member_output,2864601_0.371,a_over_LT & bad_curvature_compression,pairwise_interaction,1.2197760939598083,0.22772671739968947,0.012234184334714003,"native max(log Q, -2)"
member_output,2864601_0.371,a_over_LT & bad_curvature_compression,pairwise_interaction,1.2197760939598083,0.5539935289327377,-0.005290262161445059,"native max(log Q, -2)"
member_output,2864601_0.371,a_over_LT & bad_curvature_compression,pairwise_interaction,1.2197760939598083,0.7829443711894786,-0.02765288929708069,"native max(log Q, -2)"
member_output,2864601_0.371,a_over_LT & bad_curvature_compression,pairwise_interaction,1.2197760939598083,1.1407287694670685,-0.03827139886476238,"native max(log Q, -2)"
member_output,2864601_0.371,a_over_LT & bad_curvature_compression,pairwise_interaction,1.2197760939598083,1.6050736244804065,-0.029048082223132828,"native max(log Q, -2)"
member_output,2864601_0.371,a_over_LT & bad_curvature_compression,pairwise_interaction,1.2197760939598083,2.8044058575430015,-0.0272504231033318,"native max(log Q, -2)"
member_output,2864601_0.371,a_over_LT & bad_curvature_compression,pairwise_interaction,1.2197760939598083,12.63658030036591,-0.144912935297688,"native max(log Q, -2)"
member_output,2864601_0.371,a_over_LT & bad_curvature_compression,pairwise_interaction,1.5316290259361267,0.0,-0.0627404885064816,"native max(log Q, -2)"
member_output,2864601_0.371,a_over_LT & bad_curvature_compression,pairwise_interaction,1.5316290259361267,0.22772671739968947,-0.041935300914053966,"native max(log Q, -2)"
member_output,2864601_0.371,a_over_LT & bad_curvature_compression,pairwise_interaction,1.5316290259361267,0.5539935289327377,-0.03930325306644345,"native max(log Q, -2)"
member_output,2864601_0.371,a_over_LT & bad_curvature_compression,pairwise_interaction,1.5316290259361267,0.7829443711894786,-0.03810550479065917,"native max(log Q, -2)"
member_output,2864601_0.371,a_over_LT & bad_curvature_compression,pairwise_interaction,1.5316290259361267,1.1407287694670685,-0.03072051275437531,"native max(log Q, -2)"
member_output,2864601_0.371,a_over_LT & bad_curvature_compression,pairwise_interaction,1.5316290259361267,1.6050736244804065,-0.012975486707914291,"native max(log Q, -2)"
member_output,2864601_0.371,a_over_LT & bad_curvature_compression,pairwise_interaction,1.5316290259361267,2.8044058575430015,-0.00688103074174699,"native max(log Q, -2)"
member_output,2864601_0.371,a_over_LT & bad_curvature_compression,pairwise_interaction,1.5316290259361267,12.63658030036591,-0.11537785778057563,"native max(log Q, -2)"
member_output,2864601_0.371,a_over_LT & bad_curvature_compression,pairwise_interaction,2.071755886077881,0.0,-0.09712749849946467,"native max(log Q, -2)"
member_output,2864601_0.371,a_over_LT & bad_curvature_compression,pairwise_interaction,2.071755886077881,0.22772671739968947,-0.038297632088235285,"native max(log Q, -2)"
member_output,2864601_0.371,a_over_LT & bad_curvature_compression,pairwise_interaction,2.071755886077881,0.5539935289327377,-0.03027609345666503,"native max(log Q, -2)"
member_output,2864601_0.371,a_over_LT & bad_curvature_compression,pairwise_interaction,2.071755886077881,0.7829443711894786,0.04400339515665495,"native max(log Q, -2)"
member_output,2864601_0.371,a_over_LT & bad_curvature_compression,pairwise_interaction,2.071755886077881,1.1407287694670685,0.05856457551016764,"native max(log Q, -2)"
member_output,2864601_0.371,a_over_LT & bad_curvature_compression,pairwise_interaction,2.071755886077881,1.6050736244804065,0.08203469023186018,"native max(log Q, -2)"
member_output,2864601_0.371,a_over_LT & bad_curvature_compression,pairwise_interaction,2.071755886077881,2.8044058575430015,0.09279370252176043,"native max(log Q, -2)"
member_output,2864601_0.371,a_over_LT & bad_curvature_compression,pairwise_interaction,2.071755886077881,12.63658030036591,0.21875358285773547,"native max(log Q, -2)"
member_output,2864601_0.371,a_over_LT & bad_curvature_compression,pairwise_interaction,2.8594785928726196,0.0,-0.12844605477864043,"native max(log Q, -2)"
member_output,2864601_0.371,a_over_LT & bad_curvature_compression,pairwise_interaction,2.8594785928726196,0.22772671739968947,-0.04699849289769546,"native max(log Q, -2)"
member_output,2864601_0.371,a_over_LT & bad_curvature_compression,pairwise_interaction,2.8594785928726196,0.5539935289327377,-0.03194955226979067,"native max(log Q, -2)"
member_output,2864601_0.371,a_over_LT & bad_curvature_compression,pairwise_interaction,2.8594785928726196,0.7829443711894786,0.050297760770732086,"native max(log Q, -2)"
member_output,2864601_0.371,a_over_LT & bad_curvature_compression,pairwise_interaction,2.8594785928726196,1.1407287694670685,0.06547291201135695,"native max(log Q, -2)"
member_output,2864601_0.371,a_over_LT & bad_curvature_compression,pairwise_interaction,2.8594785928726196,1.6050736244804065,0.09093119723619845,"native max(log Q, -2)"
member_output,2864601_0.371,a_over_LT & bad_curvature_compression,pairwise_interaction,2.8594785928726196,2.8044058575430015,0.10448908355644261,"native max(log Q, -2)"
member_output,2864601_0.371,a_over_LT & bad_curvature_compression,pairwise_interaction,2.8594785928726196,12.63658030036591,0.25202556139768306,"native max(log Q, -2)"
member_output,2864601_0.371,a_over_LT & bad_curvature_compression,pairwise_interaction,3.5870211124420166,0.0,-0.12573678678223463,"native max(log Q, -2)"
member_output,2864601_0.371,a_over_LT & bad_curvature_compression,pairwise_interaction,3.5870211124420166,0.22772671739968947,-0.05747706107881996,"native max(log Q, -2)"
member_output,2864601_0.371,a_over_LT & bad_curvature_compression,pairwise_interaction,3.5870211124420166,0.5539935289327377,-0.04268516477288399,"native max(log Q, -2)"
member_output,2864601_0.371,a_over_LT & bad_curvature_compression,pairwise_interaction,3.5870211124420166,0.7829443711894786,0.041022597224006,"native max(log Q, -2)"
member_output,2864601_0.371,a_over_LT & bad_curvature_compression,pairwise_interaction,3.5870211124420166,1.1407287694670685,0.05530456614250967,"native max(log Q, -2)"
member_output,2864601_0.371,a_over_LT & bad_curvature_compression,pairwise_interaction,3.5870211124420166,1.6050736244804065,0.06784817731836942,"native max(log Q, -2)"
member_output,2864601_0.371,a_over_LT & bad_curvature_compression,pairwise_interaction,3.5870211124420166,2.8044058575430015,0.08814687882969018,"native max(log Q, -2)"
member_output,2864601_0.371,a_over_LT & bad_curvature_compression,pairwise_interaction,3.5870211124420166,12.63658030036591,0.34272546181023933,"native max(log Q, -2)"
member_output,2864601_0.371,a_over_LT & bad_curvature_compression,pairwise_interaction,6.460826873779297,0.0,-0.0821972895449763,"native max(log Q, -2)"
member_output,2864601_0.371,a_over_LT & bad_curvature_compression,pairwise_interaction,6.460826873779297,0.22772671739968947,0.008336230657369804,"native max(log Q, -2)"
member_output,2864601_0.371,a_over_LT & bad_curvature_compression,pairwise_interaction,6.460826873779297,0.5539935289327377,0.036241141055632045,"native max(log Q, -2)"
member_output,2864601_0.371,a_over_LT & bad_curvature_compression,pairwise_interaction,6.460826873779297,0.7829443711894786,0.1759838571110744,"native max(log Q, -2)"
member_output,2864601_0.371,a_over_LT & bad_curvature_compression,pairwise_interaction,6.460826873779297,1.1407287694670685,0.19391329573458582,"native max(log Q, -2)"
member_output,2864601_0.371,a_over_LT & bad_curvature_compression,pairwise_interaction,6.460826873779297,1.6050736244804065,0.18234867252722642,"native max(log Q, -2)"
member_output,2864601_0.371,a_over_LT & bad_curvature_compression,pairwise_interaction,6.460826873779297,2.8044058575430015,0.20719520776321454,"native max(log Q, -2)"
member_output,2864601_0.371,a_over_LT & bad_curvature_compression,pairwise_interaction,6.460826873779297,12.63658030036591,0.960081253048513,"native max(log Q, -2)"
member_output,2864601_0.371,a_over_LT & geodesic_curvature_abs_mean,pairwise_interaction,0.020469365641474724,0.009350968778259508,0.1672185448529492,"native max(log Q, -2)"
member_output,2864601_0.371,a_over_LT & geodesic_curvature_abs_mean,pairwise_interaction,0.020469365641474724,0.1148180211748695,-0.02173153211729096,"native max(log Q, -2)"
member_output,2864601_0.371,a_over_LT & geodesic_curvature_abs_mean,pairwise_interaction,0.020469365641474724,0.1430467328270879,-0.06323348417021224,"native max(log Q, -2)"
member_output,2864601_0.371,a_over_LT & geodesic_curvature_abs_mean,pairwise_interaction,0.020469365641474724,0.1746409290644806,-0.11890165932512407,"native max(log Q, -2)"
member_output,2864601_0.371,a_over_LT & geodesic_curvature_abs_mean,pairwise_interaction,0.020469365641474724,0.20708050533236624,-0.14858013726209365,"native max(log Q, -2)"
member_output,2864601_0.371,a_over_LT & geodesic_curvature_abs_mean,pairwise_interaction,0.020469365641474724,0.24049656644153097,-0.1744364342076986,"native max(log Q, -2)"
member_output,2864601_0.371,a_over_LT & geodesic_curvature_abs_mean,pairwise_interaction,0.020469365641474724,0.2819617552449927,-0.2795569147095606,"native max(log Q, -2)"
member_output,2864601_0.371,a_over_LT & geodesic_curvature_abs_mean,pairwise_interaction,0.020469365641474724,0.40928977752143214,-0.2707317336474644,"native max(log Q, -2)"
member_output,2864601_0.371,a_over_LT & geodesic_curvature_abs_mean,pairwise_interaction,0.9006037712097168,0.009350968778259508,0.083489816509605,"native max(log Q, -2)"
member_output,2864601_0.371,a_over_LT & geodesic_curvature_abs_mean,pairwise_interaction,0.9006037712097168,0.1148180211748695,-0.01638446844883907,"native max(log Q, -2)"
member_output,2864601_0.371,a_over_LT & geodesic_curvature_abs_mean,pairwise_interaction,0.9006037712097168,0.1430467328270879,0.013236558431223578,"native max(log Q, -2)"
member_output,2864601_0.371,a_over_LT & geodesic_curvature_abs_mean,pairwise_interaction,0.9006037712097168,0.1746409290644806,-0.03413178899763922,"native max(log Q, -2)"
member_output,2864601_0.371,a_over_LT & geodesic_curvature_abs_mean,pairwise_interaction,0.9006037712097168,0.20708050533236624,-0.059239720674304254,"native max(log Q, -2)"
member_output,2864601_0.371,a_over_LT & geodesic_curvature_abs_mean,pairwise_interaction,0.9006037712097168,0.24049656644153097,-0.0801666005396537,"native max(log Q, -2)"
member_output,2864601_0.371,a_over_LT & geodesic_curvature_abs_mean,pairwise_interaction,0.9006037712097168,0.2819617552449927,-0.1673090602902744,"native max(log Q, -2)"
member_output,2864601_0.371,a_over_LT & geodesic_curvature_abs_mean,pairwise_interaction,0.9006037712097168,0.40928977752143214,-0.14800903192622347,"native max(log Q, -2)"
member_output,2864601_0.371,a_over_LT & geodesic_curvature_abs_mean,pairwise_interaction,1.2197760939598083,0.009350968778259508,0.038040207848289175,"native max(log Q, -2)"
member_output,2864601_0.371,a_over_LT & geodesic_curvature_abs_mean,pairwise_interaction,1.2197760939598083,0.1148180211748695,-0.037858643511059366,"native max(log Q, -2)"
member_output,2864601_0.371,a_over_LT & geodesic_curvature_abs_mean,pairwise_interaction,1.2197760939598083,0.1430467328270879,0.015840724576100952,"native max(log Q, -2)"
member_output,2864601_0.371,a_over_LT & geodesic_curvature_abs_mean,pairwise_interaction,1.2197760939598083,0.1746409290644806,-0.009621752850937889,"native max(log Q, -2)"
member_output,2864601_0.371,a_over_LT & geodesic_curvature_abs_mean,pairwise_interaction,1.2197760939598083,0.20708050533236624,-0.018423938906264394,"native max(log Q, -2)"
member_output,2864601_0.371,a_over_LT & geodesic_curvature_abs_mean,pairwise_interaction,1.2197760939598083,0.24049656644153097,-0.0313335834910731,"native max(log Q, -2)"
member_output,2864601_0.371,a_over_LT & geodesic_curvature_abs_mean,pairwise_interaction,1.2197760939598083,0.2819617552449927,-0.024856100163952805,"native max(log Q, -2)"
member_output,2864601_0.371,a_over_LT & geodesic_curvature_abs_mean,pairwise_interaction,1.2197760939598083,0.40928977752143214,-0.005764889849872831,"native max(log Q, -2)"
member_output,2864601_0.371,a_over_LT & geodesic_curvature_abs_mean,pairwise_interaction,1.5316290259361267,0.009350968778259508,-0.10935909705089607,"native max(log Q, -2)"
member_output,2864601_0.371,a_over_LT & geodesic_curvature_abs_mean,pairwise_interaction,1.5316290259361267,0.1148180211748695,-0.0863333321884581,"native max(log Q, -2)"
member_output,2864601_0.371,a_over_LT & geodesic_curvature_abs_mean,pairwise_interaction,1.5316290259361267,0.1430467328270879,-0.016143758211132595,"native max(log Q, -2)"
member_output,2864601_0.371,a_over_LT & geodesic_curvature_abs_mean,pairwise_interaction,1.5316290259361267,0.1746409290644806,-0.0048446673844057195,"native max(log Q, -2)"
member_output,2864601_0.371,a_over_LT & geodesic_curvature_abs_mean,pairwise_interaction,1.5316290259361267,0.20708050533236624,-0.010453089937180552,"native max(log Q, -2)"
member_output,2864601_0.371,a_over_LT & geodesic_curvature_abs_mean,pairwise_interaction,1.5316290259361267,0.24049656644153097,-0.01618798044998806,"native max(log Q, -2)"
member_output,2864601_0.371,a_over_LT & geodesic_curvature_abs_mean,pairwise_interaction,1.5316290259361267,0.2819617552449927,0.0003419031360248903,"native max(log Q, -2)"
member_output,2864601_0.371,a_over_LT & geodesic_curvature_abs_mean,pairwise_interaction,1.5316290259361267,0.40928977752143214,0.0035133414841193875,"native max(log Q, -2)"
member_output,2864601_0.371,a_over_LT & geodesic_curvature_abs_mean,pairwise_interaction,2.071755886077881,0.009350968778259508,-0.10160536339880735,"native max(log Q, -2)"
member_output,2864601_0.371,a_over_LT & geodesic_curvature_abs_mean,pairwise_interaction,2.071755886077881,0.1148180211748695,-0.06175942300159617,"native max(log Q, -2)"
member_output,2864601_0.371,a_over_LT & geodesic_curvature_abs_mean,pairwise_interaction,2.071755886077881,0.1430467328270879,0.01863214181189703,"native max(log Q, -2)"
member_output,2864601_0.371,a_over_LT & geodesic_curvature_abs_mean,pairwise_interaction,2.071755886077881,0.1746409290644806,0.037495515071266,"native max(log Q, -2)"
member_output,2864601_0.371,a_over_LT & geodesic_curvature_abs_mean,pairwise_interaction,2.071755886077881,0.20708050533236624,0.03296315090188124,"native max(log Q, -2)"
member_output,2864601_0.371,a_over_LT & geodesic_curvature_abs_mean,pairwise_interaction,2.071755886077881,0.24049656644153097,0.029166945305004147,"native max(log Q, -2)"
member_output,2864601_0.371,a_over_LT & geodesic_curvature_abs_mean,pairwise_interaction,2.071755886077881,0.2819617552449927,0.05216438857903019,"native max(log Q, -2)"
member_output,2864601_0.371,a_over_LT & geodesic_curvature_abs_mean,pairwise_interaction,2.071755886077881,0.40928977752143214,0.021672393208100073,"native max(log Q, -2)"
member_output,2864601_0.371,a_over_LT & geodesic_curvature_abs_mean,pairwise_interaction,2.8594785928726196,0.009350968778259508,-0.13095049399768657,"native max(log Q, -2)"
member_output,2864601_0.371,a_over_LT & geodesic_curvature_abs_mean,pairwise_interaction,2.8594785928726196,0.1148180211748695,-0.08257743616345994,"native max(log Q, -2)"
member_output,2864601_0.371,a_over_LT & geodesic_curvature_abs_mean,pairwise_interaction,2.8594785928726196,0.1430467328270879,0.022111185945351435,"native max(log Q, -2)"
member_output,2864601_0.371,a_over_LT & geodesic_curvature_abs_mean,pairwise_interaction,2.8594785928726196,0.1746409290644806,0.050523236392643465,"native max(log Q, -2)"
member_output,2864601_0.371,a_over_LT & geodesic_curvature_abs_mean,pairwise_interaction,2.8594785928726196,0.20708050533236624,0.05068046363675307,"native max(log Q, -2)"
member_output,2864601_0.371,a_over_LT & geodesic_curvature_abs_mean,pairwise_interaction,2.8594785928726196,0.24049656644153097,0.05417902228301272,"native max(log Q, -2)"
member_output,2864601_0.371,a_over_LT & geodesic_curvature_abs_mean,pairwise_interaction,2.8594785928726196,0.2819617552449927,0.07910323437598372,"native max(log Q, -2)"
member_output,2864601_0.371,a_over_LT & geodesic_curvature_abs_mean,pairwise_interaction,2.8594785928726196,0.40928977752143214,0.05856333294018079,"native max(log Q, -2)"
member_output,2864601_0.371,a_over_LT & geodesic_curvature_abs_mean,pairwise_interaction,3.5870211124420166,0.009350968778259508,-0.17196229046939177,"native max(log Q, -2)"
member_output,2864601_0.371,a_over_LT & geodesic_curvature_abs_mean,pairwise_interaction,3.5870211124420166,0.1148180211748695,-0.08075662624555638,"native max(log Q, -2)"
member_output,2864601_0.371,a_over_LT & geodesic_curvature_abs_mean,pairwise_interaction,3.5870211124420166,0.1430467328270879,0.02110605968250724,"native max(log Q, -2)"
member_output,2864601_0.371,a_over_LT & geodesic_curvature_abs_mean,pairwise_interaction,3.5870211124420166,0.1746409290644806,0.04719932122930444,"native max(log Q, -2)"
member_output,2864601_0.371,a_over_LT & geodesic_curvature_abs_mean,pairwise_interaction,3.5870211124420166,0.20708050533236624,0.04358535927391358,"native max(log Q, -2)"
member_output,2864601_0.371,a_over_LT & geodesic_curvature_abs_mean,pairwise_interaction,3.5870211124420166,0.24049656644153097,0.04707758694672189,"native max(log Q, -2)"
member_output,2864601_0.371,a_over_LT & geodesic_curvature_abs_mean,pairwise_interaction,3.5870211124420166,0.2819617552449927,0.07718521292049317,"native max(log Q, -2)"
member_output,2864601_0.371,a_over_LT & geodesic_curvature_abs_mean,pairwise_interaction,3.5870211124420166,0.40928977752143214,0.06522824587185656,"native max(log Q, -2)"
member_output,2864601_0.371,a_over_LT & geodesic_curvature_abs_mean,pairwise_interaction,6.460826873779297,0.009350968778259508,0.0530315308492943,"native max(log Q, -2)"
member_output,2864601_0.371,a_over_LT & geodesic_curvature_abs_mean,pairwise_interaction,6.460826873779297,0.1148180211748695,0.14799802885525484,"native max(log Q, -2)"
member_output,2864601_0.371,a_over_LT & geodesic_curvature_abs_mean,pairwise_interaction,6.460826873779297,0.1430467328270879,0.18994035613373708,"native max(log Q, -2)"
member_output,2864601_0.371,a_over_LT & geodesic_curvature_abs_mean,pairwise_interaction,6.460826873779297,0.1746409290644806,0.1332591691773675,"native max(log Q, -2)"
member_output,2864601_0.371,a_over_LT & geodesic_curvature_abs_mean,pairwise_interaction,6.460826873779297,0.20708050533236624,0.09458734344436738,"native max(log Q, -2)"
member_output,2864601_0.371,a_over_LT & geodesic_curvature_abs_mean,pairwise_interaction,6.460826873779297,0.24049656644153097,0.11454658838441548,"native max(log Q, -2)"
member_output,2864601_0.371,a_over_LT & geodesic_curvature_abs_mean,pairwise_interaction,6.460826873779297,0.2819617552449927,0.19781607392884706,"native max(log Q, -2)"
member_output,2864601_0.371,a_over_LT & geodesic_curvature_abs_mean,pairwise_interaction,6.460826873779297,0.40928977752143214,0.43959776764033215,"native max(log Q, -2)"
member_output,2864601_0.371,a_over_Ln & bad_curvature_compression,pairwise_interaction,-0.45778006315231323,0.0,-0.4779247302801589,"native max(log Q, -2)"
member_output,2864601_0.371,a_over_Ln & bad_curvature_compression,pairwise_interaction,-0.45778006315231323,0.22772671739968947,-0.5358189464191309,"native max(log Q, -2)"
member_output,2864601_0.371,a_over_Ln & bad_curvature_compression,pairwise_interaction,-0.45778006315231323,0.5539935289327377,-0.524083867217055,"native max(log Q, -2)"
member_output,2864601_0.371,a_over_Ln & bad_curvature_compression,pairwise_interaction,-0.45778006315231323,0.7829443711894786,-0.40219223750965233,"native max(log Q, -2)"
member_output,2864601_0.371,a_over_Ln & bad_curvature_compression,pairwise_interaction,-0.45778006315231323,1.1407287694670685,-0.33603745495946635,"native max(log Q, -2)"
member_output,2864601_0.371,a_over_Ln & bad_curvature_compression,pairwise_interaction,-0.45778006315231323,1.6050736244804065,-0.32793385001180647,"native max(log Q, -2)"
member_output,2864601_0.371,a_over_Ln & bad_curvature_compression,pairwise_interaction,-0.45778006315231323,2.8044058575430015,-0.2268881858706951,"native max(log Q, -2)"
member_output,2864601_0.371,a_over_Ln & bad_curvature_compression,pairwise_interaction,-0.45778006315231323,12.63658030036591,-0.09878533859337509,"native max(log Q, -2)"
member_output,2864601_0.371,a_over_Ln & bad_curvature_compression,pairwise_interaction,-0.012576837092638016,0.0,-0.2119140692619419,"native max(log Q, -2)"
member_output,2864601_0.371,a_over_Ln & bad_curvature_compression,pairwise_interaction,-0.012576837092638016,0.22772671739968947,-0.14338853646821317,"native max(log Q, -2)"
member_output,2864601_0.371,a_over_Ln & bad_curvature_compression,pairwise_interaction,-0.012576837092638016,0.5539935289327377,-0.10977384310171441,"native max(log Q, -2)"
member_output,2864601_0.371,a_over_Ln & bad_curvature_compression,pairwise_interaction,-0.012576837092638016,0.7829443711894786,0.002962459684133478,"native max(log Q, -2)"
member_output,2864601_0.371,a_over_Ln & bad_curvature_compression,pairwise_interaction,-0.012576837092638016,1.1407287694670685,0.060371206929663954,"native max(log Q, -2)"
member_output,2864601_0.371,a_over_Ln & bad_curvature_compression,pairwise_interaction,-0.012576837092638016,1.6050736244804065,0.10729009009973114,"native max(log Q, -2)"
member_output,2864601_0.371,a_over_Ln & bad_curvature_compression,pairwise_interaction,-0.012576837092638016,2.8044058575430015,0.19870170635902085,"native max(log Q, -2)"
member_output,2864601_0.371,a_over_Ln & bad_curvature_compression,pairwise_interaction,-0.012576837092638016,12.63658030036591,0.7115108792075312,"native max(log Q, -2)"
member_output,2864601_0.371,a_over_Ln & bad_curvature_compression,pairwise_interaction,0.14382341504096985,0.0,-0.11299000619652351,"native max(log Q, -2)"
member_output,2864601_0.371,a_over_Ln & bad_curvature_compression,pairwise_interaction,0.14382341504096985,0.22772671739968947,-0.06203033809057356,"native max(log Q, -2)"
member_output,2864601_0.371,a_over_Ln & bad_curvature_compression,pairwise_interaction,0.14382341504096985,0.5539935289327377,-0.03408719842529827,"native max(log Q, -2)"
member_output,2864601_0.371,a_over_Ln & bad_curvature_compression,pairwise_interaction,0.14382341504096985,0.7829443711894786,0.05599463439564287,"native max(log Q, -2)"
member_output,2864601_0.371,a_over_Ln & bad_curvature_compression,pairwise_interaction,0.14382341504096985,1.1407287694670685,0.08205347256665599,"native max(log Q, -2)"
member_output,2864601_0.371,a_over_Ln & bad_curvature_compression,pairwise_interaction,0.14382341504096985,1.6050736244804065,0.11862014366057261,"native max(log Q, -2)"
member_output,2864601_0.371,a_over_Ln & bad_curvature_compression,pairwise_interaction,0.14382341504096985,2.8044058575430015,0.1986084181736181,"native max(log Q, -2)"
member_output,2864601_0.371,a_over_Ln & bad_curvature_compression,pairwise_interaction,0.14382341504096985,12.63658030036591,0.7125583949309466,"native max(log Q, -2)"
member_output,2864601_0.371,a_over_Ln & bad_curvature_compression,pairwise_interaction,0.29668861627578735,0.0,-0.020258212089483415,"native max(log Q, -2)"
member_output,2864601_0.371,a_over_Ln & bad_curvature_compression,pairwise_interaction,0.29668861627578735,0.22772671739968947,0.01505218982384242,"native max(log Q, -2)"
member_output,2864601_0.371,a_over_Ln & bad_curvature_compression,pairwise_interaction,0.29668861627578735,0.5539935289327377,0.03365249281331403,"native max(log Q, -2)"
member_output,2864601_0.371,a_over_Ln & bad_curvature_compression,pairwise_interaction,0.29668861627578735,0.7829443711894786,0.1171392572115797,"native max(log Q, -2)"
member_output,2864601_0.371,a_over_Ln & bad_curvature_compression,pairwise_interaction,0.29668861627578735,1.1407287694670685,0.12951950365122863,"native max(log Q, -2)"
member_output,2864601_0.371,a_over_Ln & bad_curvature_compression,pairwise_interaction,0.29668861627578735,1.6050736244804065,0.15582751430180647,"native max(log Q, -2)"
member_output,2864601_0.371,a_over_Ln & bad_curvature_compression,pairwise_interaction,0.29668861627578735,2.8044058575430015,0.20543005736030323,"native max(log Q, -2)"
member_output,2864601_0.371,a_over_Ln & bad_curvature_compression,pairwise_interaction,0.29668861627578735,12.63658030036591,0.640568945698573,"native max(log Q, -2)"
member_output,2864601_0.371,a_over_Ln & bad_curvature_compression,pairwise_interaction,0.5392754673957825,0.0,0.15292063999432423,"native max(log Q, -2)"
member_output,2864601_0.371,a_over_Ln & bad_curvature_compression,pairwise_interaction,0.5392754673957825,0.22772671739968947,0.10891996260481458,"native max(log Q, -2)"
member_output,2864601_0.371,a_over_Ln & bad_curvature_compression,pairwise_interaction,0.5392754673957825,0.5539935289327377,0.11623236064058631,"native max(log Q, -2)"
member_output,2864601_0.371,a_over_Ln & bad_curvature_compression,pairwise_interaction,0.5392754673957825,0.7829443711894786,0.1669504754480852,"native max(log Q, -2)"
member_output,2864601_0.371,a_over_Ln & bad_curvature_compression,pairwise_interaction,0.5392754673957825,1.1407287694670685,0.1685993141980749,"native max(log Q, -2)"
member_output,2864601_0.371,a_over_Ln & bad_curvature_compression,pairwise_interaction,0.5392754673957825,1.6050736244804065,0.17134790210307937,"native max(log Q, -2)"
member_output,2864601_0.371,a_over_Ln & bad_curvature_compression,pairwise_interaction,0.5392754673957825,2.8044058575430015,0.17548756120439798,"native max(log Q, -2)"
member_output,2864601_0.371,a_over_Ln & bad_curvature_compression,pairwise_interaction,0.5392754673957825,12.63658030036591,0.10459821443553614,"native max(log Q, -2)"
member_output,2864601_0.371,a_over_Ln & bad_curvature_compression,pairwise_interaction,0.8656566441059113,0.0,0.23723566788921227,"native max(log Q, -2)"
member_output,2864601_0.371,a_over_Ln & bad_curvature_compression,pairwise_interaction,0.8656566441059113,0.22772671739968947,0.16077630184864794,"native max(log Q, -2)"
member_output,2864601_0.371,a_over_Ln & bad_curvature_compression,pairwise_interaction,0.8656566441059113,0.5539935289327377,0.13945426443148218,"native max(log Q, -2)"
member_output,2864601_0.371,a_over_Ln & bad_curvature_compression,pairwise_interaction,0.8656566441059113,0.7829443711894786,0.1506013441995367,"native max(log Q, -2)"
member_output,2864601_0.371,a_over_Ln & bad_curvature_compression,pairwise_interaction,0.8656566441059113,1.1407287694670685,0.1253116037689544,"native max(log Q, -2)"
member_output,2864601_0.371,a_over_Ln & bad_curvature_compression,pairwise_interaction,0.8656566441059113,1.6050736244804065,0.09716863983689564,"native max(log Q, -2)"
member_output,2864601_0.371,a_over_Ln & bad_curvature_compression,pairwise_interaction,0.8656566441059113,2.8044058575430015,0.01960879900768849,"native max(log Q, -2)"
member_output,2864601_0.371,a_over_Ln & bad_curvature_compression,pairwise_interaction,0.8656566441059113,12.63658030036591,-0.15611684917171778,"native max(log Q, -2)"
member_output,2864601_0.371,a_over_Ln & bad_curvature_compression,pairwise_interaction,1.3822518587112427,0.0,0.36128500549124176,"native max(log Q, -2)"
member_output,2864601_0.371,a_over_Ln & bad_curvature_compression,pairwise_interaction,1.3822518587112427,0.22772671739968947,0.14016108860735646,"native max(log Q, -2)"
member_output,2864601_0.371,a_over_Ln & bad_curvature_compression,pairwise_interaction,1.3822518587112427,0.5539935289327377,0.10184823738131552,"native max(log Q, -2)"
member_output,2864601_0.371,a_over_Ln & bad_curvature_compression,pairwise_interaction,1.3822518587112427,0.7829443711894786,0.10380979682177335,"native max(log Q, -2)"
member_output,2864601_0.371,a_over_Ln & bad_curvature_compression,pairwise_interaction,1.3822518587112427,1.1407287694670685,0.059429914282306026,"native max(log Q, -2)"
member_output,2864601_0.371,a_over_Ln & bad_curvature_compression,pairwise_interaction,1.3822518587112427,1.6050736244804065,0.023034603960662557,"native max(log Q, -2)"
member_output,2864601_0.371,a_over_Ln & bad_curvature_compression,pairwise_interaction,1.3822518587112427,2.8044058575430015,-0.10580286139667777,"native max(log Q, -2)"
member_output,2864601_0.371,a_over_Ln & bad_curvature_compression,pairwise_interaction,1.3822518587112427,12.63658030036591,-0.4632470764698192,"native max(log Q, -2)"
member_output,2864601_0.371,a_over_Ln & bad_curvature_compression,pairwise_interaction,3.537547469139099,0.0,0.8140739811643098,"native max(log Q, -2)"
member_output,2864601_0.371,a_over_Ln & bad_curvature_compression,pairwise_interaction,3.537547469139099,0.22772671739968947,0.22876015928641416,"native max(log Q, -2)"
member_output,2864601_0.371,a_over_Ln & bad_curvature_compression,pairwise_interaction,3.537547469139099,0.5539935289327377,-0.19545723179959065,"native max(log Q, -2)"
member_output,2864601_0.371,a_over_Ln & bad_curvature_compression,pairwise_interaction,3.537547469139099,0.7829443711894786,-1.110069079246442,"native max(log Q, -2)"
member_output,2864601_0.371,a_over_Ln & bad_curvature_compression,pairwise_interaction,3.537547469139099,1.1407287694670685,-1.2143513627447309,"native max(log Q, -2)"
member_output,2864601_0.371,a_over_Ln & bad_curvature_compression,pairwise_interaction,3.537547469139099,1.6050736244804065,-1.2061317464152481,"native max(log Q, -2)"
member_output,2864601_0.371,a_over_Ln & bad_curvature_compression,pairwise_interaction,3.537547469139099,2.8044058575430015,-1.3753357343075894,"native max(log Q, -2)"
member_output,2864601_0.371,a_over_Ln & bad_curvature_compression,pairwise_interaction,3.537547469139099,12.63658030036591,-2.2700763117503704,"native max(log Q, -2)"
member_output,2864601_0.371,log_f_Q & geodesic_curvature_abs_mean,pairwise_interaction,-3.1372791971964853,0.009350968778259508,-0.2097971733539845,"native max(log Q, -2)"
member_output,2864601_0.371,log_f_Q & geodesic_curvature_abs_mean,pairwise_interaction,-3.1372791971964853,0.1148180211748695,-0.06784131793885859,"native max(log Q, -2)"
member_output,2864601_0.371,log_f_Q & geodesic_curvature_abs_mean,pairwise_interaction,-3.1372791971964853,0.1430467328270879,-0.022159584164748336,"native max(log Q, -2)"
member_output,2864601_0.371,log_f_Q & geodesic_curvature_abs_mean,pairwise_interaction,-3.1372791971964853,0.1746409290644806,-0.003947533979852549,"native max(log Q, -2)"
member_output,2864601_0.371,log_f_Q & geodesic_curvature_abs_mean,pairwise_interaction,-3.1372791971964853,0.20708050533236624,0.047235533977549295,"native max(log Q, -2)"
member_output,2864601_0.371,log_f_Q & geodesic_curvature_abs_mean,pairwise_interaction,-3.1372791971964853,0.24049656644153097,0.05699457548702675,"native max(log Q, -2)"
member_output,2864601_0.371,log_f_Q & geodesic_curvature_abs_mean,pairwise_interaction,-3.1372791971964853,0.2819617552449927,0.10708588689541036,"native max(log Q, -2)"
member_output,2864601_0.371,log_f_Q & geodesic_curvature_abs_mean,pairwise_interaction,-3.1372791971964853,0.40928977752143214,0.2696249272941148,"native max(log Q, -2)"
member_output,2864601_0.371,log_f_Q & geodesic_curvature_abs_mean,pairwise_interaction,-0.475736696355459,0.009350968778259508,-0.21905167018268726,"native max(log Q, -2)"
member_output,2864601_0.371,log_f_Q & geodesic_curvature_abs_mean,pairwise_interaction,-0.475736696355459,0.1148180211748695,-0.07211550037333239,"native max(log Q, -2)"
member_output,2864601_0.371,log_f_Q & geodesic_curvature_abs_mean,pairwise_interaction,-0.475736696355459,0.1430467328270879,-0.027718776110286968,"native max(log Q, -2)"
member_output,2864601_0.371,log_f_Q & geodesic_curvature_abs_mean,pairwise_interaction,-0.475736696355459,0.1746409290644806,-0.011449412027818726,"native max(log Q, -2)"
member_output,2864601_0.371,log_f_Q & geodesic_curvature_abs_mean,pairwise_interaction,-0.475736696355459,0.20708050533236624,0.038017360777326384,"native max(log Q, -2)"
member_output,2864601_0.371,log_f_Q & geodesic_curvature_abs_mean,pairwise_interaction,-0.475736696355459,0.24049656644153097,0.05909394445810326,"native max(log Q, -2)"
member_output,2864601_0.371,log_f_Q & geodesic_curvature_abs_mean,pairwise_interaction,-0.475736696355459,0.2819617552449927,0.08431351791389663,"native max(log Q, -2)"
member_output,2864601_0.371,log_f_Q & geodesic_curvature_abs_mean,pairwise_interaction,-0.475736696355459,0.40928977752143214,0.2426169497259051,"native max(log Q, -2)"
member_output,2864601_0.371,log_f_Q & geodesic_curvature_abs_mean,pairwise_interaction,0.15334520664740808,0.009350968778259508,-0.17168975467925413,"native max(log Q, -2)"
member_output,2864601_0.371,log_f_Q & geodesic_curvature_abs_mean,pairwise_interaction,0.15334520664740808,0.1148180211748695,-0.04027539788895461,"native max(log Q, -2)"
member_output,2864601_0.371,log_f_Q & geodesic_curvature_abs_mean,pairwise_interaction,0.15334520664740808,0.1430467328270879,-0.00282252099524637,"native max(log Q, -2)"
member_output,2864601_0.371,log_f_Q & geodesic_curvature_abs_mean,pairwise_interaction,0.15334520664740808,0.1746409290644806,0.008396520638506363,"native max(log Q, -2)"
member_output,2864601_0.371,log_f_Q & geodesic_curvature_abs_mean,pairwise_interaction,0.15334520664740808,0.20708050533236624,0.018404132335617107,"native max(log Q, -2)"
member_output,2864601_0.371,log_f_Q & geodesic_curvature_abs_mean,pairwise_interaction,0.15334520664740808,0.24049656644153097,0.028769925754371487,"native max(log Q, -2)"
member_output,2864601_0.371,log_f_Q & geodesic_curvature_abs_mean,pairwise_interaction,0.15334520664740808,0.2819617552449927,0.012697144854426535,"native max(log Q, -2)"
member_output,2864601_0.371,log_f_Q & geodesic_curvature_abs_mean,pairwise_interaction,0.15334520664740808,0.40928977752143214,0.0430958325310619,"native max(log Q, -2)"
member_output,2864601_0.371,log_f_Q & geodesic_curvature_abs_mean,pairwise_interaction,0.4155584048360205,0.009350968778259508,-0.14756875552597903,"native max(log Q, -2)"
member_output,2864601_0.371,log_f_Q & geodesic_curvature_abs_mean,pairwise_interaction,0.4155584048360205,0.1148180211748695,-0.025708242973330353,"native max(log Q, -2)"
member_output,2864601_0.371,log_f_Q & geodesic_curvature_abs_mean,pairwise_interaction,0.4155584048360205,0.1430467328270879,0.004142562455109809,"native max(log Q, -2)"
member_output,2864601_0.371,log_f_Q & geodesic_curvature_abs_mean,pairwise_interaction,0.4155584048360205,0.1746409290644806,0.006935489326882047,"native max(log Q, -2)"
member_output,2864601_0.371,log_f_Q & geodesic_curvature_abs_mean,pairwise_interaction,0.4155584048360205,0.20708050533236624,0.011061256175111474,"native max(log Q, -2)"
member_output,2864601_0.371,log_f_Q & geodesic_curvature_abs_mean,pairwise_interaction,0.4155584048360205,0.24049656644153097,0.016782255883196727,"native max(log Q, -2)"
member_output,2864601_0.371,log_f_Q & geodesic_curvature_abs_mean,pairwise_interaction,0.4155584048360205,0.2819617552449927,8.709150169979637e-05,"native max(log Q, -2)"
member_output,2864601_0.371,log_f_Q & geodesic_curvature_abs_mean,pairwise_interaction,0.4155584048360205,0.40928977752143214,0.028724382944767642,"native max(log Q, -2)"
member_output,2864601_0.371,log_f_Q & geodesic_curvature_abs_mean,pairwise_interaction,0.606389675332959,0.009350968778259508,0.008579811250582284,"native max(log Q, -2)"
member_output,2864601_0.371,log_f_Q & geodesic_curvature_abs_mean,pairwise_interaction,0.606389675332959,0.1148180211748695,0.08303148260076484,"native max(log Q, -2)"
member_output,2864601_0.371,log_f_Q & geodesic_curvature_abs_mean,pairwise_interaction,0.606389675332959,0.1430467328270879,0.0077519663480577344,"native max(log Q, -2)"
member_output,2864601_0.371,log_f_Q & geodesic_curvature_abs_mean,pairwise_interaction,0.606389675332959,0.1746409290644806,0.0022054567060748364,"native max(log Q, -2)"
member_output,2864601_0.371,log_f_Q & geodesic_curvature_abs_mean,pairwise_interaction,0.606389675332959,0.20708050533236624,-0.006124714769051156,"native max(log Q, -2)"
member_output,2864601_0.371,log_f_Q & geodesic_curvature_abs_mean,pairwise_interaction,0.606389675332959,0.24049656644153097,-0.007569014013694825,"native max(log Q, -2)"
member_output,2864601_0.371,log_f_Q & geodesic_curvature_abs_mean,pairwise_interaction,0.606389675332959,0.2819617552449927,-0.027381547381188448,"native max(log Q, -2)"
member_output,2864601_0.371,log_f_Q & geodesic_curvature_abs_mean,pairwise_interaction,0.606389675332959,0.40928977752143214,-0.05391029234848527,"native max(log Q, -2)"
member_output,2864601_0.371,log_f_Q & geodesic_curvature_abs_mean,pairwise_interaction,0.8877572786327694,0.009350968778259508,0.026119498779081464,"native max(log Q, -2)"
member_output,2864601_0.371,log_f_Q & geodesic_curvature_abs_mean,pairwise_interaction,0.8877572786327694,0.1148180211748695,0.09091732016099169,"native max(log Q, -2)"
member_output,2864601_0.371,log_f_Q & geodesic_curvature_abs_mean,pairwise_interaction,0.8877572786327694,0.1430467328270879,0.015480295546272529,"native max(log Q, -2)"
member_output,2864601_0.371,log_f_Q & geodesic_curvature_abs_mean,pairwise_interaction,0.8877572786327694,0.1746409290644806,0.005958136634560716,"native max(log Q, -2)"
member_output,2864601_0.371,log_f_Q & geodesic_curvature_abs_mean,pairwise_interaction,0.8877572786327694,0.20708050533236624,-0.01185467969771059,"native max(log Q, -2)"
member_output,2864601_0.371,log_f_Q & geodesic_curvature_abs_mean,pairwise_interaction,0.8877572786327694,0.24049656644153097,-0.020035951123344168,"native max(log Q, -2)"
member_output,2864601_0.371,log_f_Q & geodesic_curvature_abs_mean,pairwise_interaction,0.8877572786327694,0.2819617552449927,0.04967075389511441,"native max(log Q, -2)"
member_output,2864601_0.371,log_f_Q & geodesic_curvature_abs_mean,pairwise_interaction,0.8877572786327694,0.40928977752143214,0.028764399883984118,"native max(log Q, -2)"
member_output,2864601_0.371,log_f_Q & geodesic_curvature_abs_mean,pairwise_interaction,1.2191466923148706,0.009350968778259508,0.08958876383927028,"native max(log Q, -2)"
member_output,2864601_0.371,log_f_Q & geodesic_curvature_abs_mean,pairwise_interaction,1.2191466923148706,0.1148180211748695,0.11869353863768048,"native max(log Q, -2)"
member_output,2864601_0.371,log_f_Q & geodesic_curvature_abs_mean,pairwise_interaction,1.2191466923148706,0.1430467328270879,0.03464702279266288,"native max(log Q, -2)"
member_output,2864601_0.371,log_f_Q & geodesic_curvature_abs_mean,pairwise_interaction,1.2191466923148706,0.1746409290644806,0.01191533556368567,"native max(log Q, -2)"
member_output,2864601_0.371,log_f_Q & geodesic_curvature_abs_mean,pairwise_interaction,1.2191466923148706,0.20708050533236624,-0.04609535530130372,"native max(log Q, -2)"
member_output,2864601_0.371,log_f_Q & geodesic_curvature_abs_mean,pairwise_interaction,1.2191466923148706,0.24049656644153097,-0.08696419843715489,"native max(log Q, -2)"
member_output,2864601_0.371,log_f_Q & geodesic_curvature_abs_mean,pairwise_interaction,1.2191466923148706,0.2819617552449927,0.0022786002702509123,"native max(log Q, -2)"
member_output,2864601_0.371,log_f_Q & geodesic_curvature_abs_mean,pairwise_interaction,1.2191466923148706,0.40928977752143214,-0.007046192809655523,"native max(log Q, -2)"
member_output,2864601_0.371,log_f_Q & geodesic_curvature_abs_mean,pairwise_interaction,2.3895103701399574,0.009350968778259508,0.6117367093069979,"native max(log Q, -2)"
member_output,2864601_0.371,log_f_Q & geodesic_curvature_abs_mean,pairwise_interaction,2.3895103701399574,0.1148180211748695,0.06830809495927391,"native max(log Q, -2)"
member_output,2864601_0.371,log_f_Q & geodesic_curvature_abs_mean,pairwise_interaction,2.3895103701399574,0.1430467328270879,-2.3780052037562782e-05,"native max(log Q, -2)"
member_output,2864601_0.371,log_f_Q & geodesic_curvature_abs_mean,pairwise_interaction,2.3895103701399574,0.1746409290644806,-0.033987377571323224,"native max(log Q, -2)"
member_output,2864601_0.371,log_f_Q & geodesic_curvature_abs_mean,pairwise_interaction,2.3895103701399574,0.20708050533236624,-0.13698877109493693,"native max(log Q, -2)"
member_output,2864601_0.371,log_f_Q & geodesic_curvature_abs_mean,pairwise_interaction,2.3895103701399574,0.24049656644153097,-0.1964612622225264,"native max(log Q, -2)"
member_output,2864601_0.371,log_f_Q & geodesic_curvature_abs_mean,pairwise_interaction,2.3895103701399574,0.2819617552449927,-0.0919062087369075,"native max(log Q, -2)"
member_output,2864601_0.371,log_f_Q & geodesic_curvature_abs_mean,pairwise_interaction,2.3895103701399574,0.40928977752143214,0.45107835711096644,"native max(log Q, -2)"
member_output,2864601_0.409,a_over_LT,main_effect,0.020469365641474724,,-2.844657675124088,"native max(log Q, -2)"
member_output,2864601_0.409,a_over_LT,main_effect,0.5173529982566833,,-2.584446181512323,"native max(log Q, -2)"
member_output,2864601_0.409,a_over_LT,main_effect,0.6471039950847626,,-2.4270816783144538,"native max(log Q, -2)"
member_output,2864601_0.409,a_over_LT,main_effect,0.7936340272426605,,-2.1671839428246225,"native max(log Q, -2)"
member_output,2864601_0.409,a_over_LT,main_effect,0.8944170773029327,,-1.9769226427204079,"native max(log Q, -2)"
member_output,2864601_0.409,a_over_LT,main_effect,0.990492582321167,,-1.7937894361300282,"native max(log Q, -2)"
member_output,2864601_0.409,a_over_LT,main_effect,1.0797016620635986,,-1.6467704983213705,"native max(log Q, -2)"
member_output,2864601_0.409,a_over_LT,main_effect,1.163442611694336,,-1.4789289547101487,"native max(log Q, -2)"
member_output,2864601_0.409,a_over_LT,main_effect,1.2117691040039062,,-1.2808393439276586,"native max(log Q, -2)"
member_output,2864601_0.409,a_over_LT,main_effect,1.292796790599823,,-1.1094319437929643,"native max(log Q, -2)"
member_output,2864601_0.409,a_over_LT,main_effect,1.3473480939865112,,-0.9822719338151076,"native max(log Q, -2)"
member_output,2864601_0.409,a_over_LT,main_effect,1.4156787991523743,,-0.8293559600195093,"native max(log Q, -2)"
member_output,2864601_0.409,a_over_LT,main_effect,1.487691044807434,,-0.62289488815429,"native max(log Q, -2)"
member_output,2864601_0.409,a_over_LT,main_effect,1.57245671749115,,-0.5211008604322855,"native max(log Q, -2)"
member_output,2864601_0.409,a_over_LT,main_effect,1.7315163016319275,,-0.35805954628812353,"native max(log Q, -2)"
member_output,2864601_0.409,a_over_LT,main_effect,1.8556526899337769,,-0.12768339998288034,"native max(log Q, -2)"
member_output,2864601_0.409,a_over_LT,main_effect,2.0046072006225586,,0.10739203889734975,"native max(log Q, -2)"
member_output,2864601_0.409,a_over_LT,main_effect,2.1780269145965576,,0.21397481547419273,"native max(log Q, -2)"
member_output,2864601_0.409,a_over_LT,main_effect,2.4254539012908936,,0.3961174221425259,"native max(log Q, -2)"
member_output,2864601_0.409,a_over_LT,main_effect,2.59530246257782,,0.5495136561674249,"native max(log Q, -2)"
member_output,2864601_0.409,a_over_LT,main_effect,2.74598491191864,,0.6606517495353591,"native max(log Q, -2)"
member_output,2864601_0.409,a_over_LT,main_effect,2.9400722980499268,,0.8790482095693148,"native max(log Q, -2)"
member_output,2864601_0.409,a_over_LT,main_effect,3.0814322233200073,,0.9881820002503343,"native max(log Q, -2)"
member_output,2864601_0.409,a_over_LT,main_effect,3.208429455757141,,1.1594281679945784,"native max(log Q, -2)"
member_output,2864601_0.409,a_over_LT,main_effect,3.4102851152420044,,1.376851158517014,"native max(log Q, -2)"
member_output,2864601_0.409,a_over_LT,main_effect,3.6218799352645874,,1.55618882801028,"native max(log Q, -2)"
member_output,2864601_0.409,a_over_LT,main_effect,3.8923829793930054,,1.7591427040429448,"native max(log Q, -2)"
member_output,2864601_0.409,a_over_LT,main_effect,4.133238077163696,,2.0149285504499597,"native max(log Q, -2)"
member_output,2864601_0.409,a_over_LT,main_effect,4.537076473236084,,2.275271104361308,"native max(log Q, -2)"
member_output,2864601_0.409,a_over_LT,main_effect,4.991245985031128,,2.525005186842239,"native max(log Q, -2)"
member_output,2864601_0.409,a_over_LT,main_effect,5.80909276008606,,2.9154432968569246,"native max(log Q, -2)"
member_output,2864601_0.409,a_over_LT,main_effect,8.467645168304443,,3.433629901294907,"native max(log Q, -2)"
member_output,2864601_0.409,a_over_Ln,main_effect,-0.45778006315231323,,0.7526751065977526,"native max(log Q, -2)"
member_output,2864601_0.409,a_over_Ln,main_effect,-0.22008811682462692,,0.8164106338317941,"native max(log Q, -2)"
member_output,2864601_0.409,a_over_Ln,main_effect,-0.11980550736188889,,0.8182139715772712,"native max(log Q, -2)"
member_output,2864601_0.409,a_over_Ln,main_effect,-0.06511018052697182,,0.8139334357972375,"native max(log Q, -2)"
member_output,2864601_0.409,a_over_Ln,main_effect,-0.019159678369760513,,0.7839777560616086,"native max(log Q, -2)"
member_output,2864601_0.409,a_over_Ln,main_effect,0.01622213004156947,,0.761844419329569,"native max(log Q, -2)"
member_output,2864601_0.409,a_over_Ln,main_effect,0.06245490536093712,,0.7339836494648269,"native max(log Q, -2)"
member_output,2864601_0.409,a_over_Ln,main_effect,0.10564186424016953,,0.7347835885652914,"native max(log Q, -2)"
member_output,2864601_0.409,a_over_Ln,main_effect,0.1388273984193802,,0.726435378410313,"native max(log Q, -2)"
member_output,2864601_0.409,a_over_Ln,main_effect,0.16528575867414474,,0.7076238949190081,"native max(log Q, -2)"
member_output,2864601_0.409,a_over_Ln,main_effect,0.20057935267686844,,0.6895042107216794,"native max(log Q, -2)"
member_output,2864601_0.409,a_over_Ln,main_effect,0.23153618723154068,,0.6507185515709848,"native max(log Q, -2)"
member_output,2864601_0.409,a_over_Ln,main_effect,0.2785583734512329,,0.612117087059487,"native max(log Q, -2)"
member_output,2864601_0.409,a_over_Ln,main_effect,0.3292854577302933,,0.5516625125385954,"native max(log Q, -2)"
member_output,2864601_0.409,a_over_Ln,main_effect,0.38840390741825104,,0.4858744487978342,"native max(log Q, -2)"
member_output,2864601_0.409,a_over_Ln,main_effect,0.45676763355731964,,0.4233776995851445,"native max(log Q, -2)"
member_output,2864601_0.409,a_over_Ln,main_effect,0.49654966592788696,,0.35386096874837536,"native max(log Q, -2)"
member_output,2864601_0.409,a_over_Ln,main_effect,0.5963999032974243,,0.2485256030182899,"native max(log Q, -2)"
member_output,2864601_0.409,a_over_Ln,main_effect,0.6561970114707947,,0.14226338278840614,"native max(log Q, -2)"
member_output,2864601_0.409,a_over_Ln,main_effect,0.7184001505374908,,0.04795722051041306,"native max(log Q, -2)"
member_output,2864601_0.409,a_over_Ln,main_effect,0.805496335029602,,-0.045819127591956374,"native max(log Q, -2)"
member_output,2864601_0.409,a_over_Ln,main_effect,0.9045102596282959,,-0.16745212555331457,"native max(log Q, -2)"
member_output,2864601_0.409,a_over_Ln,main_effect,1.0199359059333801,,-0.2967449757149607,"native max(log Q, -2)"
member_output,2864601_0.409,a_over_Ln,main_effect,1.1334763169288635,,-0.43771867055017144,"native max(log Q, -2)"
member_output,2864601_0.409,a_over_Ln,main_effect,1.2668083310127258,,-0.5952078860045932,"native max(log Q, -2)"
member_output,2864601_0.409,a_over_Ln,main_effect,1.3939211964607239,,-0.710866387735387,"native max(log Q, -2)"
member_output,2864601_0.409,a_over_Ln,main_effect,1.5864251255989075,,-0.902600807782765,"native max(log Q, -2)"
member_output,2864601_0.409,a_over_Ln,main_effect,1.8844746947288513,,-1.139955460528781,"native max(log Q, -2)"
member_output,2864601_0.409,a_over_Ln,main_effect,2.1286710500717163,,-1.440741571346227,"native max(log Q, -2)"
member_output,2864601_0.409,a_over_Ln,main_effect,2.4023386240005493,,-1.7259373498039097,"native max(log Q, -2)"
member_output,2864601_0.409,a_over_Ln,main_effect,3.1051031351089478,,-2.1570477804951156,"native max(log Q, -2)"
member_output,2864601_0.409,a_over_Ln,main_effect,4.751394510269165,,-2.7120916196756424,"native max(log Q, -2)"
member_output,2864601_0.409,log_f_Q,main_effect,-3.1372791971964853,,-0.39048109551449406,"native max(log Q, -2)"
member_output,2864601_0.409,log_f_Q,main_effect,-1.713842963419904,,-0.22198167882000086,"native max(log Q, -2)"
member_output,2864601_0.409,log_f_Q,main_effect,-1.239035925619988,,-0.17222645290617947,"native max(log Q, -2)"
member_output,2864601_0.409,log_f_Q,main_effect,-0.9241619599183961,,-0.12761504925387213,"native max(log Q, -2)"
member_output,2864601_0.409,log_f_Q,main_effect,-0.6320958364916082,,-0.09281525145282782,"native max(log Q, -2)"
member_output,2864601_0.409,log_f_Q,main_effect,-0.31358797589899445,,-0.06617300037888423,"native max(log Q, -2)"
member_output,2864601_0.409,log_f_Q,main_effect,-0.14149194608289545,,-0.03846495250727425,"native max(log Q, -2)"
member_output,2864601_0.409,log_f_Q,main_effect,-0.012740694314960572,,-0.019647946647573834,"native max(log Q, -2)"
member_output,2864601_0.409,log_f_Q,main_effect,0.0848988732243062,,-0.0030024238233669525,"native max(log Q, -2)"
member_output,2864601_0.409,log_f_Q,main_effect,0.16610084800653785,,0.009736053229694442,"native max(log Q, -2)"
member_output,2864601_0.409,log_f_Q,main_effect,0.2503924468625113,,0.009024683313128081,"native max(log Q, -2)"
member_output,2864601_0.409,log_f_Q,main_effect,0.31471372324333946,,0.010957362812598605,"native max(log Q, -2)"
member_output,2864601_0.409,log_f_Q,main_effect,0.36844858500678246,,0.015105659513945104,"native max(log Q, -2)"
member_output,2864601_0.409,log_f_Q,main_effect,0.4174092761625019,,0.008656448334950233,"native max(log Q, -2)"
member_output,2864601_0.409,log_f_Q,main_effect,0.4658609989877608,,-0.0013941073266770642,"native max(log Q, -2)"
member_output,2864601_0.409,log_f_Q,main_effect,0.5149254087337809,,-0.014392374135133328,"native max(log Q, -2)"
member_output,2864601_0.409,log_f_Q,main_effect,0.5700553200041469,,-0.016965252026584415,"native max(log Q, -2)"
member_output,2864601_0.409,log_f_Q,main_effect,0.602907078079554,,-0.0269069323706087,"native max(log Q, -2)"
member_output,2864601_0.409,log_f_Q,main_effect,0.6599486250252856,,-0.01757794046118291,"native max(log Q, -2)"
member_output,2864601_0.409,log_f_Q,main_effect,0.7311003974152812,,-0.017093354740627804,"native max(log Q, -2)"
member_output,2864601_0.409,log_f_Q,main_effect,0.7967068772538184,,0.001775915655676594,"native max(log Q, -2)"
member_output,2864601_0.409,log_f_Q,main_effect,0.8688247503273983,,0.02328081278584158,"native max(log Q, -2)"
member_output,2864601_0.409,log_f_Q,main_effect,0.948952261537259,,0.052598375746556424,"native max(log Q, -2)"
member_output,2864601_0.409,log_f_Q,main_effect,1.0351680252199196,,0.0709508316871576,"native max(log Q, -2)"
member_output,2864601_0.409,log_f_Q,main_effect,1.1057418285295362,,0.08153995210558518,"native max(log Q, -2)"
member_output,2864601_0.409,log_f_Q,main_effect,1.194304989817042,,0.08317432056985172,"native max(log Q, -2)"
member_output,2864601_0.409,log_f_Q,main_effect,1.3297957512510112,,0.08740434413840911,"native max(log Q, -2)"
member_output,2864601_0.409,log_f_Q,main_effect,1.4535490594271807,,0.0867374364030771,"native max(log Q, -2)"
member_output,2864601_0.409,log_f_Q,main_effect,1.6531331997459353,,0.08311815900647275,"native max(log Q, -2)"
member_output,2864601_0.409,log_f_Q,main_effect,1.9020767964854028,,0.10327274584780835,"native max(log Q, -2)"
member_output,2864601_0.409,log_f_Q,main_effect,2.294791892109213,,0.14581724620929717,"native max(log Q, -2)"
member_output,2864601_0.409,log_f_Q,main_effect,2.931347453866759,,0.21576350182598147,"native max(log Q, -2)"
member_output,2864601_0.409,f_stab,main_effect,0.22482376588165742,,-0.6292461818473735,"native max(log Q, -2)"
member_output,2864601_0.409,f_stab,main_effect,0.36834354165616,,-0.503658920537621,"native max(log Q, -2)"
member_output,2864601_0.409,f_stab,main_effect,0.42861262315356774,,-0.443931465962468,"native max(log Q, -2)"
member_output,2864601_0.409,f_stab,main_effect,0.49388179907982765,,-0.3472426435287899,"native max(log Q, -2)"
member_output,2864601_0.409,f_stab,main_effect,0.563733632957149,,-0.2772579188350831,"native max(log Q, -2)"
member_output,2864601_0.409,f_stab,main_effect,0.63438202937865,,-0.21369660318177408,"native max(log Q, -2)"
member_output,2864601_0.409,f_stab,main_effect,0.7135654582844959,,-0.15337240773841174,"native max(log Q, -2)"
member_output,2864601_0.409,f_stab,main_effect,0.7707057312871084,,-0.10302768999836863,"native max(log Q, -2)"
member_output,2864601_0.409,f_stab,main_effect,0.8141218176936164,,-0.04821112624775943,"native max(log Q, -2)"
member_output,2864601_0.409,f_stab,main_effect,0.8541090091455557,,-0.02461481657607141,"native max(log Q, -2)"
member_output,2864601_0.409,f_stab,main_effect,0.8911566779371366,,0.001619447435022436,"native max(log Q, -2)"
member_output,2864601_0.409,f_stab,main_effect,0.9200264066099024,,0.01294986384287217,"native max(log Q, -2)"
member_output,2864601_0.409,f_stab,main_effect,0.9524163559541904,,0.03106855087630764,"native max(log Q, -2)"
member_output,2864601_0.409,f_stab,main_effect,0.975559061177456,,0.041493366620415764,"native max(log Q, -2)"
member_output,2864601_0.409,f_stab,main_effect,0.9965410308341154,,0.06604776171632801,"native max(log Q, -2)"
member_output,2864601_0.409,f_stab,main_effect,1.0182314794268241,,0.07735260804330085,"native max(log Q, -2)"
member_output,2864601_0.409,f_stab,main_effect,1.037396763088498,,0.07999140854966566,"native max(log Q, -2)"
member_output,2864601_0.409,f_stab,main_effect,1.0627687320344714,,0.09234037211225092,"native max(log Q, -2)"
member_output,2864601_0.409,f_stab,main_effect,1.0781288585021191,,0.0988359000260622,"native max(log Q, -2)"
member_output,2864601_0.409,f_stab,main_effect,1.0986447402654456,,0.10988421420567404,"native max(log Q, -2)"
member_output,2864601_0.409,f_stab,main_effect,1.1311975741627518,,0.11806924186805744,"native max(log Q, -2)"
member_output,2864601_0.409,f_stab,main_effect,1.1549475487879404,,0.1236661441212657,"native max(log Q, -2)"
member_output,2864601_0.409,f_stab,main_effect,1.184713431111009,,0.13023813519172028,"native max(log Q, -2)"
member_output,2864601_0.409,f_stab,main_effect,1.2133495356502695,,0.13702399272633475,"native max(log Q, -2)"
member_output,2864601_0.409,f_stab,main_effect,1.2458931811530742,,0.150392737269695,"native max(log Q, -2)"
member_output,2864601_0.409,f_stab,main_effect,1.2806858622785189,,0.15997070907494407,"native max(log Q, -2)"
member_output,2864601_0.409,f_stab,main_effect,1.328652905452731,,0.17299189581694496,"native max(log Q, -2)"
member_output,2864601_0.409,f_stab,main_effect,1.380138244462375,,0.16530840827696106,"native max(log Q, -2)"
member_output,2864601_0.409,f_stab,main_effect,1.4524246833481782,,0.14886966645389113,"native max(log Q, -2)"
member_output,2864601_0.409,f_stab,main_effect,1.5530888120197042,,0.15410030558260743,"native max(log Q, -2)"
member_output,2864601_0.409,f_stab,main_effect,1.715459614542501,,0.20361529924126892,"native max(log Q, -2)"
member_output,2864601_0.409,f_stab,main_effect,2.3549027514098744,,0.37451711064819004,"native max(log Q, -2)"
member_output,2864601_0.409,log_FSA_grad_x,main_effect,-0.5277567385884786,,-0.28017469679100393,"native max(log Q, -2)"
member_output,2864601_0.409,log_FSA_grad_x,main_effect,-0.18442542351046268,,-0.22549355303639218,"native max(log Q, -2)"
member_output,2864601_0.409,log_FSA_grad_x,main_effect,-0.057602778652505654,,-0.19555904384115888,"native max(log Q, -2)"
member_output,2864601_0.409,log_FSA_grad_x,main_effect,0.008146500471370258,,-0.16232753781160664,"native max(log Q, -2)"
member_output,2864601_0.409,log_FSA_grad_x,main_effect,0.06282052462238175,,-0.12954219747214138,"native max(log Q, -2)"
member_output,2864601_0.409,log_FSA_grad_x,main_effect,0.08943585451559652,,-0.1073097497279131,"native max(log Q, -2)"
member_output,2864601_0.409,log_FSA_grad_x,main_effect,0.11228066230182684,,-0.06281031683914878,"native max(log Q, -2)"
member_output,2864601_0.409,log_FSA_grad_x,main_effect,0.12658252582883844,,-0.04435783342468507,"native max(log Q, -2)"
member_output,2864601_0.409,log_FSA_grad_x,main_effect,0.13675800741887217,,-0.02483555266505687,"native max(log Q, -2)"
member_output,2864601_0.409,log_FSA_grad_x,main_effect,0.1504694048623852,,0.008059370500890235,"native max(log Q, -2)"
member_output,2864601_0.409,log_FSA_grad_x,main_effect,0.16482356531994913,,0.020861342738624302,"native max(log Q, -2)"
member_output,2864601_0.409,log_FSA_grad_x,main_effect,0.17627255098303435,,0.04439905851742387,"native max(log Q, -2)"
member_output,2864601_0.409,log_FSA_grad_x,main_effect,0.1915501566172924,,0.06024893098810177,"native max(log Q, -2)"
member_output,2864601_0.409,log_FSA_grad_x,main_effect,0.20351389526141817,,0.06357140504846295,"native max(log Q, -2)"
member_output,2864601_0.409,log_FSA_grad_x,main_effect,0.21606898863431379,,0.0724423295119987,"native max(log Q, -2)"
member_output,2864601_0.409,log_FSA_grad_x,main_effect,0.22902898515738035,,0.08108374532040169,"native max(log Q, -2)"
member_output,2864601_0.409,log_FSA_grad_x,main_effect,0.2391751561851091,,0.0856529499512928,"native max(log Q, -2)"
member_output,2864601_0.409,log_FSA_grad_x,main_effect,0.2514205588199237,,0.09779760440995572,"native max(log Q, -2)"
member_output,2864601_0.409,log_FSA_grad_x,main_effect,0.26416223277953044,,0.09816118812991867,"native max(log Q, -2)"
member_output,2864601_0.409,log_FSA_grad_x,main_effect,0.2757308028624021,,0.10373435791651413,"native max(log Q, -2)"
member_output,2864601_0.409,log_FSA_grad_x,main_effect,0.293127019469046,,0.1022764448349593,"native max(log Q, -2)"
member_output,2864601_0.409,log_FSA_grad_x,main_effect,0.3068156491800449,,0.10008679418909383,"native max(log Q, -2)"
member_output,2864601_0.409,log_FSA_grad_x,main_effect,0.3291982036882788,,0.09072283278262164,"native max(log Q, -2)"
member_output,2864601_0.409,log_FSA_grad_x,main_effect,0.356844764649959,,0.07650350425964585,"native max(log Q, -2)"
member_output,2864601_0.409,log_FSA_grad_x,main_effect,0.38018704219412924,,0.04927867131648449,"native max(log Q, -2)"
member_output,2864601_0.409,log_FSA_grad_x,main_effect,0.4274491131350573,,0.022940370383311558,"native max(log Q, -2)"
member_output,2864601_0.409,log_FSA_grad_x,main_effect,0.493794546309002,,-0.0021514112596241024,"native max(log Q, -2)"
member_output,2864601_0.409,log_FSA_grad_x,main_effect,0.5659831095227608,,-0.01333050852297119,"native max(log Q, -2)"
member_output,2864601_0.409,log_FSA_grad_x,main_effect,0.6527215220947906,,-0.034062303657244095,"native max(log Q, -2)"
member_output,2864601_0.409,log_FSA_grad_x,main_effect,0.7270764642439417,,-0.060439006782086316,"native max(log Q, -2)"
member_output,2864601_0.409,log_FSA_grad_x,main_effect,0.8606266955615611,,-0.010850119538045412,"native max(log Q, -2)"
member_output,2864601_0.409,log_FSA_grad_x,main_effect,1.2175818574136108,,0.07144230504572663,"native max(log Q, -2)"
member_output,2864601_0.409,bad_curvature_compression,main_effect,0.0,,-0.22584810203041752,"native max(log Q, -2)"
member_output,2864601_0.409,bad_curvature_compression,main_effect,0.040043095928454654,,-0.17790163119405092,"native max(log Q, -2)"
member_output,2864601_0.409,bad_curvature_compression,main_effect,0.11637153586374345,,-0.11786468014798146,"native max(log Q, -2)"
member_output,2864601_0.409,bad_curvature_compression,main_effect,0.20184149018891462,,-0.08573951512794437,"native max(log Q, -2)"
member_output,2864601_0.409,bad_curvature_compression,main_effect,0.27625888580533053,,-0.07146498888086897,"native max(log Q, -2)"
member_output,2864601_0.409,bad_curvature_compression,main_effect,0.37772818002514164,,-0.05097614677560959,"native max(log Q, -2)"
member_output,2864601_0.409,bad_curvature_compression,main_effect,0.4376769524342149,,-0.04274338419292751,"native max(log Q, -2)"
member_output,2864601_0.409,bad_curvature_compression,main_effect,0.5120203653261879,,-0.03449671549394505,"native max(log Q, -2)"
member_output,2864601_0.409,bad_curvature_compression,main_effect,0.5765436094946987,,-0.023533172594360136,"native max(log Q, -2)"
member_output,2864601_0.409,bad_curvature_compression,main_effect,0.6247337831757989,,-0.019045304513692508,"native max(log Q, -2)"
member_output,2864601_0.409,bad_curvature_compression,main_effect,0.6765515944701086,,-0.017794316789595834,"native max(log Q, -2)"
member_output,2864601_0.409,bad_curvature_compression,main_effect,0.7340826184720184,,-0.01344837252077663,"native max(log Q, -2)"
member_output,2864601_0.409,bad_curvature_compression,main_effect,0.792270317941693,,-0.014653393784879678,"native max(log Q, -2)"
member_output,2864601_0.409,bad_curvature_compression,main_effect,0.8766376604703936,,-0.01927962133793761,"native max(log Q, -2)"
member_output,2864601_0.409,bad_curvature_compression,main_effect,0.9812264984681589,,-0.02866886304706303,"native max(log Q, -2)"
member_output,2864601_0.409,bad_curvature_compression,main_effect,1.0375658948203959,,-0.023926442225588825,"native max(log Q, -2)"
member_output,2864601_0.409,bad_curvature_compression,main_effect,1.1239995989276748,,-0.03166431477019589,"native max(log Q, -2)"
member_output,2864601_0.409,bad_curvature_compression,main_effect,1.209367276379852,,-0.03399870413049811,"native max(log Q, -2)"
member_output,2864601_0.409,bad_curvature_compression,main_effect,1.2994978605065142,,-0.011981859658185082,"native max(log Q, -2)"
member_output,2864601_0.409,bad_curvature_compression,main_effect,1.3937281352561286,,-0.007974744617109866,"native max(log Q, -2)"
member_output,2864601_0.409,bad_curvature_compression,main_effect,1.4974580572156206,,-0.0035430949628426894,"native max(log Q, -2)"
member_output,2864601_0.409,bad_curvature_compression,main_effect,1.6541450196423055,,0.004923854482956464,"native max(log Q, -2)"
member_output,2864601_0.409,bad_curvature_compression,main_effect,1.8395270826576673,,0.01916197811160272,"native max(log Q, -2)"
member_output,2864601_0.409,bad_curvature_compression,main_effect,2.0211606685317203,,0.026887898995142597,"native max(log Q, -2)"
member_output,2864601_0.409,bad_curvature_compression,main_effect,2.312416462104111,,0.04131403484014516,"native max(log Q, -2)"
member_output,2864601_0.409,bad_curvature_compression,main_effect,2.6753986027397696,,0.06470719637737953,"native max(log Q, -2)"
member_output,2864601_0.409,bad_curvature_compression,main_effect,3.230306248971198,,0.09431394090275441,"native max(log Q, -2)"
member_output,2864601_0.409,bad_curvature_compression,main_effect,3.8666002731277995,,0.12732344408223759,"native max(log Q, -2)"
member_output,2864601_0.409,bad_curvature_compression,main_effect,5.067713841143107,,0.16172837941146145,"native max(log Q, -2)"
member_output,2864601_0.409,bad_curvature_compression,main_effect,6.824399899444618,,0.19284782808076503,"native max(log Q, -2)"
member_output,2864601_0.409,bad_curvature_compression,main_effect,9.980143448393118,,0.22637916813920295,"native max(log Q, -2)"
member_output,2864601_0.409,bad_curvature_compression,main_effect,31.662612284827745,,0.4471862056733333,"native max(log Q, -2)"
member_output,2864601_0.409,paper_bad_curvature_feature_mean_square,main_effect,0.0,,-0.23522074701136017,"native max(log Q, -2)"
member_output,2864601_0.409,paper_bad_curvature_feature_mean_square,main_effect,0.05522149116426257,,-0.14332005840287748,"native max(log Q, -2)"
member_output,2864601_0.409,paper_bad_curvature_feature_mean_square,main_effect,0.15818497170032206,,-0.12460401080504163,"native max(log Q, -2)"
member_output,2864601_0.409,paper_bad_curvature_feature_mean_square,main_effect,0.2958359615324661,,-0.09123822688481159,"native max(log Q, -2)"
member_output,2864601_0.409,paper_bad_curvature_feature_mean_square,main_effect,0.4767309188327896,,-0.07070930541042232,"native max(log Q, -2)"
member_output,2864601_0.409,paper_bad_curvature_feature_mean_square,main_effect,0.6264598543191415,,-0.06042043021105584,"native max(log Q, -2)"
member_output,2864601_0.409,paper_bad_curvature_feature_mean_square,main_effect,0.7622547112262752,,-0.04514967757088281,"native max(log Q, -2)"
member_output,2864601_0.409,paper_bad_curvature_feature_mean_square,main_effect,0.867126909634012,,-0.0390575361430282,"native max(log Q, -2)"
member_output,2864601_0.409,paper_bad_curvature_feature_mean_square,main_effect,0.9953895306012508,,-0.040123655711889195,"native max(log Q, -2)"
member_output,2864601_0.409,paper_bad_curvature_feature_mean_square,main_effect,1.0814018808873147,,-0.04902392235065143,"native max(log Q, -2)"
member_output,2864601_0.409,paper_bad_curvature_feature_mean_square,main_effect,1.1913536712234647,,-0.046939108427636884,"native max(log Q, -2)"
member_output,2864601_0.409,paper_bad_curvature_feature_mean_square,main_effect,1.319183039104659,,-0.03981541165555709,"native max(log Q, -2)"
member_output,2864601_0.409,paper_bad_curvature_feature_mean_square,main_effect,1.4164782776845888,,-0.024195617187379566,"native max(log Q, -2)"
member_output,2864601_0.409,paper_bad_curvature_feature_mean_square,main_effect,1.5309193847074678,,-0.0230280947216718,"native max(log Q, -2)"
member_output,2864601_0.409,paper_bad_curvature_feature_mean_square,main_effect,1.6452523782048454,,-0.022190005867574802,"native max(log Q, -2)"
member_output,2864601_0.409,paper_bad_curvature_feature_mean_square,main_effect,1.7142609892228498,,-0.032809725946405535,"native max(log Q, -2)"
member_output,2864601_0.409,paper_bad_curvature_feature_mean_square,main_effect,1.8635799793762935,,-0.02900169065370646,"native max(log Q, -2)"
member_output,2864601_0.409,paper_bad_curvature_feature_mean_square,main_effect,2.023535711938306,,-0.02501214508616561,"native max(log Q, -2)"
member_output,2864601_0.409,paper_bad_curvature_feature_mean_square,main_effect,2.2307553396892725,,-0.01783516404859063,"native max(log Q, -2)"
member_output,2864601_0.409,paper_bad_curvature_feature_mean_square,main_effect,2.3962872217239912,,-0.013198601489134631,"native max(log Q, -2)"
member_output,2864601_0.409,paper_bad_curvature_feature_mean_square,main_effect,2.6045413942489986,,0.0009820075747474337,"native max(log Q, -2)"
member_output,2864601_0.409,paper_bad_curvature_feature_mean_square,main_effect,2.829847601809911,,0.0074271024210646065,"native max(log Q, -2)"
member_output,2864601_0.409,paper_bad_curvature_feature_mean_square,main_effect,3.2260454406382966,,0.01642246547400241,"native max(log Q, -2)"
member_output,2864601_0.409,paper_bad_curvature_feature_mean_square,main_effect,3.487969533884253,,0.03085492847749522,"native max(log Q, -2)"
member_output,2864601_0.409,paper_bad_curvature_feature_mean_square,main_effect,3.8191498353614888,,0.07607000034808167,"native max(log Q, -2)"
member_output,2864601_0.409,paper_bad_curvature_feature_mean_square,main_effect,4.298526882792114,,0.09072319135544825,"native max(log Q, -2)"
member_output,2864601_0.409,paper_bad_curvature_feature_mean_square,main_effect,5.015802791682851,,0.11913408526695818,"native max(log Q, -2)"
member_output,2864601_0.409,paper_bad_curvature_feature_mean_square,main_effect,5.837657706703807,,0.12802805731644126,"native max(log Q, -2)"
member_output,2864601_0.409,paper_bad_curvature_feature_mean_square,main_effect,7.639949314411392,,0.1528757596246394,"native max(log Q, -2)"
member_output,2864601_0.409,paper_bad_curvature_feature_mean_square,main_effect,11.062144118935603,,0.19782504874156437,"native max(log Q, -2)"
member_output,2864601_0.409,paper_bad_curvature_feature_mean_square,main_effect,16.54279308935454,,0.26863020344537925,"native max(log Q, -2)"
member_output,2864601_0.409,paper_bad_curvature_feature_mean_square,main_effect,44.919345793114886,,0.4601334346432179,"native max(log Q, -2)"
member_output,2864601_0.409,geodesic_curvature_abs_mean,main_effect,0.009350968778259508,,-0.10073255687821284,"native max(log Q, -2)"
member_output,2864601_0.409,geodesic_curvature_abs_mean,main_effect,0.07233486718905624,,-0.090875118487048,"native max(log Q, -2)"
member_output,2864601_0.409,geodesic_curvature_abs_mean,main_effect,0.08798888969370941,,-0.06429384595587126,"native max(log Q, -2)"
member_output,2864601_0.409,geodesic_curvature_abs_mean,main_effect,0.10163026482526527,,-0.03192610385888017,"native max(log Q, -2)"
member_output,2864601_0.409,geodesic_curvature_abs_mean,main_effect,0.11076486595266036,,-0.02879900772172865,"native max(log Q, -2)"
member_output,2864601_0.409,geodesic_curvature_abs_mean,main_effect,0.12065368408426973,,-0.03813962242229833,"native max(log Q, -2)"
member_output,2864601_0.409,geodesic_curvature_abs_mean,main_effect,0.12592411872659193,,-0.05130695578297845,"native max(log Q, -2)"
member_output,2864601_0.409,geodesic_curvature_abs_mean,main_effect,0.1302139296652361,,-0.05419821020196383,"native max(log Q, -2)"
member_output,2864601_0.409,geodesic_curvature_abs_mean,main_effect,0.13756822630966783,,-0.04084792508713439,"native max(log Q, -2)"
member_output,2864601_0.409,geodesic_curvature_abs_mean,main_effect,0.14549016238500675,,-0.029236754698263236,"native max(log Q, -2)"
member_output,2864601_0.409,geodesic_curvature_abs_mean,main_effect,0.1551818007398348,,-0.0275783203723019,"native max(log Q, -2)"
member_output,2864601_0.409,geodesic_curvature_abs_mean,main_effect,0.16292069995931047,,-0.03137558037847267,"native max(log Q, -2)"
member_output,2864601_0.409,geodesic_curvature_abs_mean,main_effect,0.16944914392661303,,-0.03272052409549991,"native max(log Q, -2)"
member_output,2864601_0.409,geodesic_curvature_abs_mean,main_effect,0.17510772383805792,,-0.029872006611229105,"native max(log Q, -2)"
member_output,2864601_0.409,geodesic_curvature_abs_mean,main_effect,0.1825145659677219,,-0.03579839058736299,"native max(log Q, -2)"
member_output,2864601_0.409,geodesic_curvature_abs_mean,main_effect,0.19050201606781533,,-0.03645582120366919,"native max(log Q, -2)"
member_output,2864601_0.409,geodesic_curvature_abs_mean,main_effect,0.19800123561678146,,-0.02774082839417371,"native max(log Q, -2)"
member_output,2864601_0.409,geodesic_curvature_abs_mean,main_effect,0.20647144741784967,,-0.021650947608696937,"native max(log Q, -2)"
member_output,2864601_0.409,geodesic_curvature_abs_mean,main_effect,0.21586432764706842,,-0.020412281587182952,"native max(log Q, -2)"
member_output,2864601_0.409,geodesic_curvature_abs_mean,main_effect,0.22356330310988903,,-0.022028060963511436,"native max(log Q, -2)"
member_output,2864601_0.409,geodesic_curvature_abs_mean,main_effect,0.23076531484124035,,-0.017838564910547396,"native max(log Q, -2)"
member_output,2864601_0.409,geodesic_curvature_abs_mean,main_effect,0.2378539251052037,,-0.008392806264468516,"native max(log Q, -2)"
member_output,2864601_0.409,geodesic_curvature_abs_mean,main_effect,0.24891835000744322,,0.0013352179923494193,"native max(log Q, -2)"
member_output,2864601_0.409,geodesic_curvature_abs_mean,main_effect,0.2570020028263874,,0.030650870908703016,"native max(log Q, -2)"
member_output,2864601_0.409,geodesic_curvature_abs_mean,main_effect,0.26593551815070293,,0.05781108786065212,"native max(log Q, -2)"
member_output,2864601_0.409,geodesic_curvature_abs_mean,main_effect,0.2769781767759317,,0.07186313239031729,"native max(log Q, -2)"
member_output,2864601_0.409,geodesic_curvature_abs_mean,main_effect,0.2913857640038865,,0.08234754251763056,"native max(log Q, -2)"
member_output,2864601_0.409,geodesic_curvature_abs_mean,main_effect,0.3086644678696758,,0.07966709486437178,"native max(log Q, -2)"
member_output,2864601_0.409,geodesic_curvature_abs_mean,main_effect,0.32752573008959496,,0.08328248723834854,"native max(log Q, -2)"
member_output,2864601_0.409,geodesic_curvature_abs_mean,main_effect,0.3528389563046707,,0.11053678509877937,"native max(log Q, -2)"
member_output,2864601_0.409,geodesic_curvature_abs_mean,main_effect,0.38088501673579833,,0.12568401539979143,"native max(log Q, -2)"
member_output,2864601_0.409,geodesic_curvature_abs_mean,main_effect,0.5259077142691241,,0.20666863129934654,"native max(log Q, -2)"
member_output,2864601_0.409,geodesic_curvature_compression,main_effect,0.007889698173984593,,-0.28328401877642284,"native max(log Q, -2)"
member_output,2864601_0.409,geodesic_curvature_compression,main_effect,0.06112253759421008,,-0.2369613835890617,"native max(log Q, -2)"
member_output,2864601_0.409,geodesic_curvature_compression,main_effect,0.08472354472861182,,-0.20586530208390336,"native max(log Q, -2)"
member_output,2864601_0.409,geodesic_curvature_compression,main_effect,0.10747155202098062,,-0.16850884691491533,"native max(log Q, -2)"
member_output,2864601_0.409,geodesic_curvature_compression,main_effect,0.12387289272906463,,-0.1417880933560422,"native max(log Q, -2)"
member_output,2864601_0.409,geodesic_curvature_compression,main_effect,0.1328591549518529,,-0.13089166238434202,"native max(log Q, -2)"
member_output,2864601_0.409,geodesic_curvature_compression,main_effect,0.14368524331994942,,-0.12019211371321376,"native max(log Q, -2)"
member_output,2864601_0.409,geodesic_curvature_compression,main_effect,0.15561149293698617,,-0.11407758428306065,"native max(log Q, -2)"
member_output,2864601_0.409,geodesic_curvature_compression,main_effect,0.16382137142401326,,-0.1051887770743576,"native max(log Q, -2)"
member_output,2864601_0.409,geodesic_curvature_compression,main_effect,0.1726624695944159,,-0.08611007392957788,"native max(log Q, -2)"
member_output,2864601_0.409,geodesic_curvature_compression,main_effect,0.18351264481514726,,-0.05029937147758532,"native max(log Q, -2)"
member_output,2864601_0.409,geodesic_curvature_compression,main_effect,0.19458147299331868,,-0.03927030645004402,"native max(log Q, -2)"
member_output,2864601_0.409,geodesic_curvature_compression,main_effect,0.2027830657635095,,-0.0265377415519303,"native max(log Q, -2)"
member_output,2864601_0.409,geodesic_curvature_compression,main_effect,0.2115110303305454,,-0.01340067322802994,"native max(log Q, -2)"
member_output,2864601_0.409,geodesic_curvature_compression,main_effect,0.22159419202635466,,0.014149457675060881,"native max(log Q, -2)"
member_output,2864601_0.409,geodesic_curvature_compression,main_effect,0.23068011147729056,,0.03088013665624498,"native max(log Q, -2)"
member_output,2864601_0.409,geodesic_curvature_compression,main_effect,0.24064712718541206,,0.05636806338083748,"native max(log Q, -2)"
member_output,2864601_0.409,geodesic_curvature_compression,main_effect,0.2511457826759343,,0.0650370322211404,"native max(log Q, -2)"
member_output,2864601_0.409,geodesic_curvature_compression,main_effect,0.26145423436101833,,0.08540525308240167,"native max(log Q, -2)"
member_output,2864601_0.409,geodesic_curvature_compression,main_effect,0.2703036766359932,,0.09716413673605706,"native max(log Q, -2)"
member_output,2864601_0.409,geodesic_curvature_compression,main_effect,0.2780013666140342,,0.10505133954637276,"native max(log Q, -2)"
member_output,2864601_0.409,geodesic_curvature_compression,main_effect,0.2906341978805378,,0.10559559218749294,"native max(log Q, -2)"
member_output,2864601_0.409,geodesic_curvature_compression,main_effect,0.29962640199149576,,0.10190795371909558,"native max(log Q, -2)"
member_output,2864601_0.409,geodesic_curvature_compression,main_effect,0.31218959854131,,0.10110514368867766,"native max(log Q, -2)"
member_output,2864601_0.409,geodesic_curvature_compression,main_effect,0.3291850964793466,,0.09187857560604135,"native max(log Q, -2)"
member_output,2864601_0.409,geodesic_curvature_compression,main_effect,0.3392562852423112,,0.08403241845005217,"native max(log Q, -2)"
member_output,2864601_0.409,geodesic_curvature_compression,main_effect,0.35692183850756576,,0.08115467963465622,"native max(log Q, -2)"
member_output,2864601_0.409,geodesic_curvature_compression,main_effect,0.38038553842740697,,0.0836852072717077,"native max(log Q, -2)"
member_output,2864601_0.409,geodesic_curvature_compression,main_effect,0.4070419599273801,,0.11627970324773694,"native max(log Q, -2)"
member_output,2864601_0.409,geodesic_curvature_compression,main_effect,0.43901535719898166,,0.12151731351533379,"native max(log Q, -2)"
member_output,2864601_0.409,geodesic_curvature_compression,main_effect,0.5051609310213148,,0.09068770421137944,"native max(log Q, -2)"
member_output,2864601_0.409,geodesic_curvature_compression,main_effect,0.7778913563250064,,0.21151566152264217,"native max(log Q, -2)"
member_output,2864601_0.409,parallel_roughness_iqr_scaled,main_effect,3.3164699841034717,,0.16292802678294976,"native max(log Q, -2)"
member_output,2864601_0.409,parallel_roughness_iqr_scaled,main_effect,6.525813301660298,,0.19324173145031195,"native max(log Q, -2)"
member_output,2864601_0.409,parallel_roughness_iqr_scaled,main_effect,7.6687505211598594,,0.16526396280043698,"native max(log Q, -2)"
member_output,2864601_0.409,parallel_roughness_iqr_scaled,main_effect,8.284621645266194,,0.1117927909805658,"native max(log Q, -2)"
member_output,2864601_0.409,parallel_roughness_iqr_scaled,main_effect,8.944785169885812,,0.087700266767103,"native max(log Q, -2)"
member_output,2864601_0.409,parallel_roughness_iqr_scaled,main_effect,9.89562892450568,,0.07278481090887262,"native max(log Q, -2)"
member_output,2864601_0.409,parallel_roughness_iqr_scaled,main_effect,10.593465022932463,,0.05176282060783765,"native max(log Q, -2)"
member_output,2864601_0.409,parallel_roughness_iqr_scaled,main_effect,11.245235411203764,,0.02289332450599286,"native max(log Q, -2)"
member_output,2864601_0.409,parallel_roughness_iqr_scaled,main_effect,11.668083050132887,,-0.0037911400431116784,"native max(log Q, -2)"
member_output,2864601_0.409,parallel_roughness_iqr_scaled,main_effect,12.287269857238183,,-0.019743297054559426,"native max(log Q, -2)"
member_output,2864601_0.409,parallel_roughness_iqr_scaled,main_effect,12.880994209398656,,-0.02860292756059985,"native max(log Q, -2)"
member_output,2864601_0.409,parallel_roughness_iqr_scaled,main_effect,13.351647753432646,,-0.04229574225600083,"native max(log Q, -2)"
member_output,2864601_0.409,parallel_roughness_iqr_scaled,main_effect,14.07435204019393,,-0.048499357821250096,"native max(log Q, -2)"
member_output,2864601_0.409,parallel_roughness_iqr_scaled,main_effect,14.625570324590136,,-0.053276302163161614,"native max(log Q, -2)"
member_output,2864601_0.409,parallel_roughness_iqr_scaled,main_effect,15.255447701752,,-0.06294411058227202,"native max(log Q, -2)"
member_output,2864601_0.409,parallel_roughness_iqr_scaled,main_effect,15.93932120232245,,-0.06339014243084698,"native max(log Q, -2)"
member_output,2864601_0.409,parallel_roughness_iqr_scaled,main_effect,16.613483808120804,,-0.06731920932802622,"native max(log Q, -2)"
member_output,2864601_0.409,parallel_roughness_iqr_scaled,main_effect,17.35888171787531,,-0.05628802111193635,"native max(log Q, -2)"
member_output,2864601_0.409,parallel_roughness_iqr_scaled,main_effect,18.107217451123557,,-0.05206834089325059,"native max(log Q, -2)"
member_output,2864601_0.409,parallel_roughness_iqr_scaled,main_effect,18.904381959467166,,-0.05635958618918458,"native max(log Q, -2)"
member_output,2864601_0.409,parallel_roughness_iqr_scaled,main_effect,19.90534510812168,,-0.060223649596923785,"native max(log Q, -2)"
member_output,2864601_0.409,parallel_roughness_iqr_scaled,main_effect,21.092881795919993,,-0.05697141931976264,"native max(log Q, -2)"
member_output,2864601_0.409,parallel_roughness_iqr_scaled,main_effect,22.55867686838366,,-0.04363485134572285,"native max(log Q, -2)"
member_output,2864601_0.409,parallel_roughness_iqr_scaled,main_effect,24.035461763031563,,-0.04026265282870637,"native max(log Q, -2)"
member_output,2864601_0.409,parallel_roughness_iqr_scaled,main_effect,25.636945118533642,,-0.0498927834806091,"native max(log Q, -2)"
member_output,2864601_0.409,parallel_roughness_iqr_scaled,main_effect,27.347476113970245,,-0.04199830834804279,"native max(log Q, -2)"
member_output,2864601_0.409,parallel_roughness_iqr_scaled,main_effect,30.261320569888955,,-0.04439455073411383,"native max(log Q, -2)"
member_output,2864601_0.409,parallel_roughness_iqr_scaled,main_effect,34.214643244738454,,-0.03111663538809733,"native max(log Q, -2)"
member_output,2864601_0.409,parallel_roughness_iqr_scaled,main_effect,37.95203884143847,,0.0014584309420012393,"native max(log Q, -2)"
member_output,2864601_0.409,parallel_roughness_iqr_scaled,main_effect,44.543667036070104,,0.006565085795212455,"native max(log Q, -2)"
member_output,2864601_0.409,parallel_roughness_iqr_scaled,main_effect,59.68846348273276,,0.046322629406517615,"native max(log Q, -2)"
member_output,2864601_0.409,parallel_roughness_iqr_scaled,main_effect,449.69559950372195,,0.04923227507254938,"native max(log Q, -2)"
member_output,2864601_0.409,cross_channel_colocation,main_effect,0.0,,-0.22335393664741274,"native max(log Q, -2)"
member_output,2864601_0.409,cross_channel_colocation,main_effect,0.06664988101110539,,-0.16742233641953091,"native max(log Q, -2)"
member_output,2864601_0.409,cross_channel_colocation,main_effect,0.1926796733484037,,-0.11193528070887297,"native max(log Q, -2)"
member_output,2864601_0.409,cross_channel_colocation,main_effect,0.3305028210567863,,-0.06827417176549534,"native max(log Q, -2)"
member_output,2864601_0.409,cross_channel_colocation,main_effect,0.45111669541486166,,-0.03263597475137947,"native max(log Q, -2)"
member_output,2864601_0.409,cross_channel_colocation,main_effect,0.5617308727389484,,-0.009890423248882944,"native max(log Q, -2)"
member_output,2864601_0.409,cross_channel_colocation,main_effect,0.6567534571462993,,0.0007060812585133677,"native max(log Q, -2)"
member_output,2864601_0.409,cross_channel_colocation,main_effect,0.7267349366544291,,0.009443459325529336,"native max(log Q, -2)"
member_output,2864601_0.409,cross_channel_colocation,main_effect,0.8150854597232531,,-0.00209861170773746,"native max(log Q, -2)"
member_output,2864601_0.409,cross_channel_colocation,main_effect,0.8854121070690294,,-0.01288877049130377,"native max(log Q, -2)"
member_output,2864601_0.409,cross_channel_colocation,main_effect,0.9542575783251417,,-0.0160049270340607,"native max(log Q, -2)"
member_output,2864601_0.409,cross_channel_colocation,main_effect,1.009773509643411,,-0.020958098889375002,"native max(log Q, -2)"
member_output,2864601_0.409,cross_channel_colocation,main_effect,1.0643819947004438,,-0.02708331365980788,"native max(log Q, -2)"
member_output,2864601_0.409,cross_channel_colocation,main_effect,1.1369166085538387,,-0.03456862785716335,"native max(log Q, -2)"
member_output,2864601_0.409,cross_channel_colocation,main_effect,1.1984577121565068,,-0.021989307071424137,"native max(log Q, -2)"
member_output,2864601_0.409,cross_channel_colocation,main_effect,1.2516359984541956,,-0.03080114592530921,"native max(log Q, -2)"
member_output,2864601_0.409,cross_channel_colocation,main_effect,1.2932546777852325,,-0.020954572146984117,"native max(log Q, -2)"
member_output,2864601_0.409,cross_channel_colocation,main_effect,1.3647141761828019,,-0.021720005315382266,"native max(log Q, -2)"
member_output,2864601_0.409,cross_channel_colocation,main_effect,1.4572393572986235,,-0.020648547981786152,"native max(log Q, -2)"
member_output,2864601_0.409,cross_channel_colocation,main_effect,1.5680668576232026,,-0.016028232873044584,"native max(log Q, -2)"
member_output,2864601_0.409,cross_channel_colocation,main_effect,1.680477562352136,,0.006151991460318876,"native max(log Q, -2)"
member_output,2864601_0.409,cross_channel_colocation,main_effect,1.8140210382447508,,0.02536898475225774,"native max(log Q, -2)"
member_output,2864601_0.409,cross_channel_colocation,main_effect,1.9386721770633941,,0.033644113600039084,"native max(log Q, -2)"
member_output,2864601_0.409,cross_channel_colocation,main_effect,2.070102749170708,,0.05319706843897953,"native max(log Q, -2)"
member_output,2864601_0.409,cross_channel_colocation,main_effect,2.247422337258988,,0.06078553334654684,"native max(log Q, -2)"
member_output,2864601_0.409,cross_channel_colocation,main_effect,2.4532535421668156,,0.07492131694652988,"native max(log Q, -2)"
member_output,2864601_0.409,cross_channel_colocation,main_effect,2.7130128792327013,,0.07209010832393009,"native max(log Q, -2)"
member_output,2864601_0.409,cross_channel_colocation,main_effect,3.1406404247815276,,0.09600045241817651,"native max(log Q, -2)"
member_output,2864601_0.409,cross_channel_colocation,main_effect,3.9318583034380103,,0.09817941021245832,"native max(log Q, -2)"
member_output,2864601_0.409,cross_channel_colocation,main_effect,5.216106685002086,,0.14095808355229472,"native max(log Q, -2)"
member_output,2864601_0.409,cross_channel_colocation,main_effect,7.19108340562524,,0.172515287653508,"native max(log Q, -2)"
member_output,2864601_0.409,cross_channel_colocation,main_effect,14.93604350531389,,0.37510975326764434,"native max(log Q, -2)"
member_output,2864601_0.409,bmag_parallel_expected_k,main_effect,1.1920382450865792,,0.08990671886775325,"native max(log Q, -2)"
member_output,2864601_0.409,bmag_parallel_expected_k,main_effect,2.00042730481691,,0.08550852110304996,"native max(log Q, -2)"
member_output,2864601_0.409,bmag_parallel_expected_k,main_effect,2.3455112082238543,,0.10836547291371715,"native max(log Q, -2)"
member_output,2864601_0.409,bmag_parallel_expected_k,main_effect,2.6627631116073656,,0.1015059974911047,"native max(log Q, -2)"
member_output,2864601_0.409,bmag_parallel_expected_k,main_effect,2.8332773894828973,,0.08652046339618019,"native max(log Q, -2)"
member_output,2864601_0.409,bmag_parallel_expected_k,main_effect,2.9620874125625853,,0.08510515516444761,"native max(log Q, -2)"
member_output,2864601_0.409,bmag_parallel_expected_k,main_effect,3.1156600516160484,,0.09000699145417473,"native max(log Q, -2)"
member_output,2864601_0.409,bmag_parallel_expected_k,main_effect,3.273627454307598,,0.08376815198741967,"native max(log Q, -2)"
member_output,2864601_0.409,bmag_parallel_expected_k,main_effect,3.45856801513495,,0.05988133338355411,"native max(log Q, -2)"
member_output,2864601_0.409,bmag_parallel_expected_k,main_effect,3.6371529639693625,,0.04043303892693442,"native max(log Q, -2)"
member_output,2864601_0.409,bmag_parallel_expected_k,main_effect,3.8636753503005057,,0.030309995937356077,"native max(log Q, -2)"
member_output,2864601_0.409,bmag_parallel_expected_k,main_effect,4.051665817403245,,0.017883238687453885,"native max(log Q, -2)"
member_output,2864601_0.409,bmag_parallel_expected_k,main_effect,4.236051649196192,,0.010068802393733587,"native max(log Q, -2)"
member_output,2864601_0.409,bmag_parallel_expected_k,main_effect,4.437667386859554,,-0.00471245485261397,"native max(log Q, -2)"
member_output,2864601_0.409,bmag_parallel_expected_k,main_effect,4.652912773913863,,-0.017318841818563697,"native max(log Q, -2)"
member_output,2864601_0.409,bmag_parallel_expected_k,main_effect,5.024813672111133,,-0.017031577115288972,"native max(log Q, -2)"
member_output,2864601_0.409,bmag_parallel_expected_k,main_effect,5.224414936052387,,-0.011812996866513726,"native max(log Q, -2)"
member_output,2864601_0.409,bmag_parallel_expected_k,main_effect,5.512503979079229,,-0.012093238097526857,"native max(log Q, -2)"
member_output,2864601_0.409,bmag_parallel_expected_k,main_effect,5.880919542075251,,-0.007110682588623933,"native max(log Q, -2)"
member_output,2864601_0.409,bmag_parallel_expected_k,main_effect,6.431980430154384,,-0.0163031986211489,"native max(log Q, -2)"
member_output,2864601_0.409,bmag_parallel_expected_k,main_effect,6.834912480126297,,-0.030713740293666796,"native max(log Q, -2)"
member_output,2864601_0.409,bmag_parallel_expected_k,main_effect,7.104912911640481,,-0.041369832641832804,"native max(log Q, -2)"
member_output,2864601_0.409,bmag_parallel_expected_k,main_effect,7.413947347348882,,-0.05151191920279882,"native max(log Q, -2)"
member_output,2864601_0.409,bmag_parallel_expected_k,main_effect,7.95298153803396,,-0.05816514928980722,"native max(log Q, -2)"
member_output,2864601_0.409,bmag_parallel_expected_k,main_effect,8.287180523326139,,-0.05903896648506873,"native max(log Q, -2)"
member_output,2864601_0.409,bmag_parallel_expected_k,main_effect,8.752703360023844,,-0.058366225976470607,"native max(log Q, -2)"
member_output,2864601_0.409,bmag_parallel_expected_k,main_effect,9.250239175533427,,-0.06649945315365527,"native max(log Q, -2)"
member_output,2864601_0.409,bmag_parallel_expected_k,main_effect,9.753528696238556,,-0.07868526671964322,"native max(log Q, -2)"
member_output,2864601_0.409,bmag_parallel_expected_k,main_effect,10.439356679804316,,-0.08102796535203734,"native max(log Q, -2)"
member_output,2864601_0.409,bmag_parallel_expected_k,main_effect,11.188294161731841,,-0.08479796569407275,"native max(log Q, -2)"
member_output,2864601_0.409,bmag_parallel_expected_k,main_effect,12.264105283505046,,-0.06573345839072675,"native max(log Q, -2)"
member_output,2864601_0.409,bmag_parallel_expected_k,main_effect,14.659488456701158,,-0.10078465612177669,"native max(log Q, -2)"
member_output,2864601_0.409,compression_parallel_expected_k,main_effect,1.44452694818908,,-0.14586904312970603,"native max(log Q, -2)"
member_output,2864601_0.409,compression_parallel_expected_k,main_effect,2.4952331855898224,,-0.058212829979194414,"native max(log Q, -2)"
member_output,2864601_0.409,compression_parallel_expected_k,main_effect,2.7038762803044354,,-0.016466638308328608,"native max(log Q, -2)"
member_output,2864601_0.409,compression_parallel_expected_k,main_effect,3.005272484436159,,-0.019371380399220442,"native max(log Q, -2)"
member_output,2864601_0.409,compression_parallel_expected_k,main_effect,3.1758050342748354,,-0.011217001588846172,"native max(log Q, -2)"
member_output,2864601_0.409,compression_parallel_expected_k,main_effect,3.3374138654175662,,-0.022037530503162924,"native max(log Q, -2)"
member_output,2864601_0.409,compression_parallel_expected_k,main_effect,3.5233172030302993,,-0.011667135122436079,"native max(log Q, -2)"
member_output,2864601_0.409,compression_parallel_expected_k,main_effect,3.6883984651721295,,-0.011714112134969708,"native max(log Q, -2)"
member_output,2864601_0.409,compression_parallel_expected_k,main_effect,3.8696664704275143,,-0.01082641066642147,"native max(log Q, -2)"
member_output,2864601_0.409,compression_parallel_expected_k,main_effect,4.011381907409078,,-0.011026498818683129,"native max(log Q, -2)"
member_output,2864601_0.409,compression_parallel_expected_k,main_effect,4.10620781168606,,-0.002915758498017915,"native max(log Q, -2)"
member_output,2864601_0.409,compression_parallel_expected_k,main_effect,4.23390110751035,,-0.0004962416591871399,"native max(log Q, -2)"
member_output,2864601_0.409,compression_parallel_expected_k,main_effect,4.3950900852500805,,0.007679690981387462,"native max(log Q, -2)"
member_output,2864601_0.409,compression_parallel_expected_k,main_effect,4.528698505374109,,0.014021078884192743,"native max(log Q, -2)"
member_output,2864601_0.409,compression_parallel_expected_k,main_effect,4.65443266396165,,0.01925981692972129,"native max(log Q, -2)"
member_output,2864601_0.409,compression_parallel_expected_k,main_effect,4.857853482185325,,0.02484922590830913,"native max(log Q, -2)"
member_output,2864601_0.409,compression_parallel_expected_k,main_effect,5.004471084522239,,0.037484659191902865,"native max(log Q, -2)"
member_output,2864601_0.409,compression_parallel_expected_k,main_effect,5.195847606403694,,0.04769696385080399,"native max(log Q, -2)"
member_output,2864601_0.409,compression_parallel_expected_k,main_effect,5.377000277835615,,0.0556935741685346,"native max(log Q, -2)"
member_output,2864601_0.409,compression_parallel_expected_k,main_effect,5.572812115611185,,0.05299116334232212,"native max(log Q, -2)"
member_output,2864601_0.409,compression_parallel_expected_k,main_effect,5.7820668886567885,,0.04640484460367114,"native max(log Q, -2)"
member_output,2864601_0.409,compression_parallel_expected_k,main_effect,5.9697981751305225,,0.03565531026911661,"native max(log Q, -2)"
member_output,2864601_0.409,compression_parallel_expected_k,main_effect,6.192792574825598,,0.026912948927847458,"native max(log Q, -2)"
member_output,2864601_0.409,compression_parallel_expected_k,main_effect,6.400907974127423,,0.019273860951044025,"native max(log Q, -2)"
member_output,2864601_0.409,compression_parallel_expected_k,main_effect,6.656990441534724,,0.007503653099562704,"native max(log Q, -2)"
member_output,2864601_0.409,compression_parallel_expected_k,main_effect,7.075960341307097,,-0.01101165480161258,"native max(log Q, -2)"
member_output,2864601_0.409,compression_parallel_expected_k,main_effect,7.344071793173743,,-0.024707837809140706,"native max(log Q, -2)"
member_output,2864601_0.409,compression_parallel_expected_k,main_effect,7.645014422426994,,-0.02731553572651975,"native max(log Q, -2)"
member_output,2864601_0.409,compression_parallel_expected_k,main_effect,8.037848138762609,,-0.018956106865958174,"native max(log Q, -2)"
member_output,2864601_0.409,compression_parallel_expected_k,main_effect,8.67012962510806,,-0.000814207454216275,"native max(log Q, -2)"
member_output,2864601_0.409,compression_parallel_expected_k,main_effect,9.450497091580068,,-0.01540906040071733,"native max(log Q, -2)"
member_output,2864601_0.409,compression_parallel_expected_k,main_effect,10.811615498230733,,-0.1145281809500095,"native max(log Q, -2)"
member_output,2864601_0.409,curvature_parallel_expected_k,main_effect,1.1826984965191376,,0.011386130566938372,"native max(log Q, -2)"
member_output,2864601_0.409,curvature_parallel_expected_k,main_effect,1.9890588460030774,,-0.014725567062493956,"native max(log Q, -2)"
member_output,2864601_0.409,curvature_parallel_expected_k,main_effect,2.334624574949851,,-0.011900191214192439,"native max(log Q, -2)"
member_output,2864601_0.409,curvature_parallel_expected_k,main_effect,2.5848150502818936,,0.0007812203855585981,"native max(log Q, -2)"
member_output,2864601_0.409,curvature_parallel_expected_k,main_effect,2.8503466078697803,,0.0011387175367374948,"native max(log Q, -2)"
member_output,2864601_0.409,curvature_parallel_expected_k,main_effect,3.0516126415281457,,0.0035611873870914964,"native max(log Q, -2)"
member_output,2864601_0.409,curvature_parallel_expected_k,main_effect,3.1571917505964313,,0.011182510161056803,"native max(log Q, -2)"
member_output,2864601_0.409,curvature_parallel_expected_k,main_effect,3.2815894012348883,,0.014798305626866647,"native max(log Q, -2)"
member_output,2864601_0.409,curvature_parallel_expected_k,main_effect,3.439974913336717,,0.012833389047567152,"native max(log Q, -2)"
member_output,2864601_0.409,curvature_parallel_expected_k,main_effect,3.6395243616197828,,0.004604453608461046,"native max(log Q, -2)"
member_output,2864601_0.409,curvature_parallel_expected_k,main_effect,3.8528826985623024,,-0.009244406522202864,"native max(log Q, -2)"
member_output,2864601_0.409,curvature_parallel_expected_k,main_effect,4.123334113467838,,-0.01820184745589652,"native max(log Q, -2)"
member_output,2864601_0.409,curvature_parallel_expected_k,main_effect,4.276416644423197,,-0.022771080825091314,"native max(log Q, -2)"
member_output,2864601_0.409,curvature_parallel_expected_k,main_effect,4.513708737765535,,-0.023745127431487704,"native max(log Q, -2)"
member_output,2864601_0.409,curvature_parallel_expected_k,main_effect,4.770862233904506,,-0.02666218555163776,"native max(log Q, -2)"
member_output,2864601_0.409,curvature_parallel_expected_k,main_effect,5.087935141360958,,-0.022807785565610958,"native max(log Q, -2)"
member_output,2864601_0.409,curvature_parallel_expected_k,main_effect,5.463883755258251,,-0.01567118521255469,"native max(log Q, -2)"
member_output,2864601_0.409,curvature_parallel_expected_k,main_effect,5.775931723487524,,0.0015218476172433808,"native max(log Q, -2)"
member_output,2864601_0.409,curvature_parallel_expected_k,main_effect,6.110582013012336,,0.006840122741323705,"native max(log Q, -2)"
member_output,2864601_0.409,curvature_parallel_expected_k,main_effect,6.502557643594603,,0.00490223669780959,"native max(log Q, -2)"
member_output,2864601_0.409,curvature_parallel_expected_k,main_effect,6.858410180406682,,0.003681563213917225,"native max(log Q, -2)"
member_output,2864601_0.409,curvature_parallel_expected_k,main_effect,7.156088792217977,,0.010980552676509565,"native max(log Q, -2)"
member_output,2864601_0.409,curvature_parallel_expected_k,main_effect,7.682416968037046,,0.02600213481889089,"native max(log Q, -2)"
member_output,2864601_0.409,curvature_parallel_expected_k,main_effect,8.104401072560158,,0.03593160354444522,"native max(log Q, -2)"
member_output,2864601_0.409,curvature_parallel_expected_k,main_effect,8.548000890254059,,0.036491766928921074,"native max(log Q, -2)"
member_output,2864601_0.409,curvature_parallel_expected_k,main_effect,8.945427724212628,,0.03603946080730726,"native max(log Q, -2)"
member_output,2864601_0.409,curvature_parallel_expected_k,main_effect,9.533856645288957,,0.034809164842579746,"native max(log Q, -2)"
member_output,2864601_0.409,curvature_parallel_expected_k,main_effect,10.071436380917877,,0.022888248704238688,"native max(log Q, -2)"
member_output,2864601_0.409,curvature_parallel_expected_k,main_effect,10.649245361321666,,-0.000936805960624002,"native max(log Q, -2)"
member_output,2864601_0.409,curvature_parallel_expected_k,main_effect,11.475592042814288,,-0.026158923430479788,"native max(log Q, -2)"
member_output,2864601_0.409,curvature_parallel_expected_k,main_effect,12.26095551921272,,-0.03662491434997702,"native max(log Q, -2)"
member_output,2864601_0.409,curvature_parallel_expected_k,main_effect,16.584139520150696,,-0.03756062703720593,"native max(log Q, -2)"
member_output,2864601_0.409,local_shear_abs_mean,main_effect,1.06967333635699,,0.04761941447086794,"native max(log Q, -2)"
member_output,2864601_0.409,local_shear_abs_mean,main_effect,4.143729501033851,,0.016400076657463063,"native max(log Q, -2)"
member_output,2864601_0.409,local_shear_abs_mean,main_effect,5.8320792295705335,,0.00205774441343776,"native max(log Q, -2)"
member_output,2864601_0.409,local_shear_abs_mean,main_effect,7.366712637720768,,0.025902120606617434,"native max(log Q, -2)"
member_output,2864601_0.409,local_shear_abs_mean,main_effect,8.612597662158187,,0.03858426326946742,"native max(log Q, -2)"
member_output,2864601_0.409,local_shear_abs_mean,main_effect,9.523035735089902,,0.053661629375928305,"native max(log Q, -2)"
member_output,2864601_0.409,local_shear_abs_mean,main_effect,10.42292723471382,,0.06581132409754034,"native max(log Q, -2)"
member_output,2864601_0.409,local_shear_abs_mean,main_effect,11.436492999864878,,0.08029562863041582,"native max(log Q, -2)"
member_output,2864601_0.409,local_shear_abs_mean,main_effect,12.466414283339699,,0.08889640574129593,"native max(log Q, -2)"
member_output,2864601_0.409,local_shear_abs_mean,main_effect,12.99962769452143,,0.08864360318686929,"native max(log Q, -2)"
member_output,2864601_0.409,local_shear_abs_mean,main_effect,13.653977522450194,,0.08328739485417015,"native max(log Q, -2)"
member_output,2864601_0.409,local_shear_abs_mean,main_effect,14.182628406308563,,0.08040809919281287,"native max(log Q, -2)"
member_output,2864601_0.409,local_shear_abs_mean,main_effect,15.15853454743018,,0.07008246759820529,"native max(log Q, -2)"
member_output,2864601_0.409,local_shear_abs_mean,main_effect,15.838994817013766,,0.058970059445019735,"native max(log Q, -2)"
member_output,2864601_0.409,local_shear_abs_mean,main_effect,16.36527338447715,,0.060898383842244413,"native max(log Q, -2)"
member_output,2864601_0.409,local_shear_abs_mean,main_effect,16.946616464123466,,0.05962330972669899,"native max(log Q, -2)"
member_output,2864601_0.409,local_shear_abs_mean,main_effect,17.561595194399608,,0.056183178219746395,"native max(log Q, -2)"
member_output,2864601_0.409,local_shear_abs_mean,main_effect,18.177242489928243,,0.04360760764824343,"native max(log Q, -2)"
member_output,2864601_0.409,local_shear_abs_mean,main_effect,18.95088938110552,,0.019364371601176825,"native max(log Q, -2)"
member_output,2864601_0.409,local_shear_abs_mean,main_effect,19.76287378814549,,-0.00694671463505021,"native max(log Q, -2)"
member_output,2864601_0.409,local_shear_abs_mean,main_effect,20.55875394069161,,-0.03646859585701606,"native max(log Q, -2)"
member_output,2864601_0.409,local_shear_abs_mean,main_effect,21.45108379146928,,-0.06079232386268655,"native max(log Q, -2)"
member_output,2864601_0.409,local_shear_abs_mean,main_effect,22.42247832865519,,-0.07958362068364844,"native max(log Q, -2)"
member_output,2864601_0.409,local_shear_abs_mean,main_effect,23.91016832926787,,-0.08413169485578163,"native max(log Q, -2)"
member_output,2864601_0.409,local_shear_abs_mean,main_effect,25.136738879714194,,-0.08813417030483034,"native max(log Q, -2)"
member_output,2864601_0.409,local_shear_abs_mean,main_effect,26.64614020168073,,-0.08662934147463969,"native max(log Q, -2)"
member_output,2864601_0.409,local_shear_abs_mean,main_effect,28.295350039322724,,-0.09183243277322652,"native max(log Q, -2)"
member_output,2864601_0.409,local_shear_abs_mean,main_effect,30.497750505203822,,-0.09119835786615949,"native max(log Q, -2)"
member_output,2864601_0.409,local_shear_abs_mean,main_effect,32.18654605264399,,-0.08517268908671236,"native max(log Q, -2)"
member_output,2864601_0.409,local_shear_abs_mean,main_effect,35.584511796393144,,-0.08528911655125669,"native max(log Q, -2)"
member_output,2864601_0.409,local_shear_abs_mean,main_effect,41.86626543040869,,-0.1197365958487215,"native max(log Q, -2)"
member_output,2864601_0.409,local_shear_abs_mean,main_effect,67.66948225050064,,-0.14276772988070957,"native max(log Q, -2)"
member_output,2864601_0.409,f_Q_integrand_w25_peak,main_effect,0.06457202007711853,,-0.3885076897377128,"native max(log Q, -2)"
member_output,2864601_0.409,f_Q_integrand_w25_peak,main_effect,0.2785588893864086,,-0.27221335526365603,"native max(log Q, -2)"
member_output,2864601_0.409,f_Q_integrand_w25_peak,main_effect,0.48918828200179754,,-0.21779323425234695,"native max(log Q, -2)"
member_output,2864601_0.409,f_Q_integrand_w25_peak,main_effect,0.6730614291980621,,-0.18414946450509764,"native max(log Q, -2)"
member_output,2864601_0.409,f_Q_integrand_w25_peak,main_effect,0.9967779728636241,,-0.17373191707495705,"native max(log Q, -2)"
member_output,2864601_0.409,f_Q_integrand_w25_peak,main_effect,1.3101415298784995,,-0.1502738801373127,"native max(log Q, -2)"
member_output,2864601_0.409,f_Q_integrand_w25_peak,main_effect,1.5749233453565514,,-0.12403760977994478,"native max(log Q, -2)"
member_output,2864601_0.409,f_Q_integrand_w25_peak,main_effect,1.8127396961562914,,-0.11318876105627027,"native max(log Q, -2)"
member_output,2864601_0.409,f_Q_integrand_w25_peak,main_effect,2.0049404049433086,,-0.08727837590850485,"native max(log Q, -2)"
member_output,2864601_0.409,f_Q_integrand_w25_peak,main_effect,2.193608136546242,,-0.07847732402805441,"native max(log Q, -2)"
member_output,2864601_0.409,f_Q_integrand_w25_peak,main_effect,2.3069439886483396,,-0.06849468312576956,"native max(log Q, -2)"
member_output,2864601_0.409,f_Q_integrand_w25_peak,main_effect,2.456877179163439,,-0.07119668874935942,"native max(log Q, -2)"
member_output,2864601_0.409,f_Q_integrand_w25_peak,main_effect,2.619810511870972,,-0.07415872591905417,"native max(log Q, -2)"
member_output,2864601_0.409,f_Q_integrand_w25_peak,main_effect,2.744921959253753,,-0.07466715353090081,"native max(log Q, -2)"
member_output,2864601_0.409,f_Q_integrand_w25_peak,main_effect,2.877505848165714,,-0.06717694968000278,"native max(log Q, -2)"
member_output,2864601_0.409,f_Q_integrand_w25_peak,main_effect,3.0819395450332516,,-0.05867865700148584,"native max(log Q, -2)"
member_output,2864601_0.409,f_Q_integrand_w25_peak,main_effect,3.228382316144308,,-0.04076241105367945,"native max(log Q, -2)"
member_output,2864601_0.409,f_Q_integrand_w25_peak,main_effect,3.5199241732715296,,-0.02398893357120793,"native max(log Q, -2)"
member_output,2864601_0.409,f_Q_integrand_w25_peak,main_effect,3.8323798738493746,,-0.0032921583977693738,"native max(log Q, -2)"
member_output,2864601_0.409,f_Q_integrand_w25_peak,main_effect,4.14043860980191,,0.041214331737412346,"native max(log Q, -2)"
member_output,2864601_0.409,f_Q_integrand_w25_peak,main_effect,4.389757383059743,,0.05645986739026626,"native max(log Q, -2)"
member_output,2864601_0.409,f_Q_integrand_w25_peak,main_effect,4.7691597865290705,,0.07924467824557505,"native max(log Q, -2)"
member_output,2864601_0.409,f_Q_integrand_w25_peak,main_effect,5.34188375274854,,0.09017409077895612,"native max(log Q, -2)"
member_output,2864601_0.409,f_Q_integrand_w25_peak,main_effect,6.039586918196841,,0.0951267471633637,"native max(log Q, -2)"
member_output,2864601_0.409,f_Q_integrand_w25_peak,main_effect,6.891644234582968,,0.10776427610742904,"native max(log Q, -2)"
member_output,2864601_0.409,f_Q_integrand_w25_peak,main_effect,8.128452561272194,,0.1266144770780385,"native max(log Q, -2)"
member_output,2864601_0.409,f_Q_integrand_w25_peak,main_effect,9.258158495607137,,0.1523794670822606,"native max(log Q, -2)"
member_output,2864601_0.409,f_Q_integrand_w25_peak,main_effect,10.720094224526406,,0.1997788275664809,"native max(log Q, -2)"
member_output,2864601_0.409,f_Q_integrand_w25_peak,main_effect,13.581513345474017,,0.25026131456936357,"native max(log Q, -2)"
member_output,2864601_0.409,f_Q_integrand_w25_peak,main_effect,17.40148199139876,,0.28474739114006714,"native max(log Q, -2)"
member_output,2864601_0.409,f_Q_integrand_w25_peak,main_effect,22.2187317186874,,0.3248023838784827,"native max(log Q, -2)"
member_output,2864601_0.409,f_Q_integrand_w25_peak,main_effect,50.50315487162647,,0.4431800212544065,"native max(log Q, -2)"
member_output,2864601_0.409,geodesic_abs_w25_peak,main_effect,0.01633606620132923,,-0.018537983237203168,"native max(log Q, -2)"
member_output,2864601_0.409,geodesic_abs_w25_peak,main_effect,0.10186510868370532,,-0.024856085537281452,"native max(log Q, -2)"
member_output,2864601_0.409,geodesic_abs_w25_peak,main_effect,0.127582890689373,,-0.0010667481491771964,"native max(log Q, -2)"
member_output,2864601_0.409,geodesic_abs_w25_peak,main_effect,0.1427201061323285,,-0.011078104807098033,"native max(log Q, -2)"
member_output,2864601_0.409,geodesic_abs_w25_peak,main_effect,0.15078622147440912,,-0.022425502725358308,"native max(log Q, -2)"
member_output,2864601_0.409,geodesic_abs_w25_peak,main_effect,0.15867976054549215,,-0.02527203409206743,"native max(log Q, -2)"
member_output,2864601_0.409,geodesic_abs_w25_peak,main_effect,0.17093788504600527,,-0.03845238844761135,"native max(log Q, -2)"
member_output,2864601_0.409,geodesic_abs_w25_peak,main_effect,0.18222619041800497,,-0.037889044506397206,"native max(log Q, -2)"
member_output,2864601_0.409,geodesic_abs_w25_peak,main_effect,0.19600745797157287,,-0.027246810219468384,"native max(log Q, -2)"
member_output,2864601_0.409,geodesic_abs_w25_peak,main_effect,0.20628694344311954,,-0.013846258166538568,"native max(log Q, -2)"
member_output,2864601_0.409,geodesic_abs_w25_peak,main_effect,0.21651431541889915,,0.0034743785128832187,"native max(log Q, -2)"
member_output,2864601_0.409,geodesic_abs_w25_peak,main_effect,0.2279817188624293,,0.03055521296780593,"native max(log Q, -2)"
member_output,2864601_0.409,geodesic_abs_w25_peak,main_effect,0.2382492995262146,,0.036384005500775606,"native max(log Q, -2)"
member_output,2864601_0.409,geodesic_abs_w25_peak,main_effect,0.24794465162791313,,0.040499191514986335,"native max(log Q, -2)"
member_output,2864601_0.409,geodesic_abs_w25_peak,main_effect,0.25736147094517947,,0.036906254358888044,"native max(log Q, -2)"
member_output,2864601_0.409,geodesic_abs_w25_peak,main_effect,0.26804914981126793,,0.03131899191506292,"native max(log Q, -2)"
member_output,2864601_0.409,geodesic_abs_w25_peak,main_effect,0.2779101672396064,,0.019011367158390073,"native max(log Q, -2)"
member_output,2864601_0.409,geodesic_abs_w25_peak,main_effect,0.28576802879571916,,0.01545904950030862,"native max(log Q, -2)"
member_output,2864601_0.409,geodesic_abs_w25_peak,main_effect,0.2941832759976387,,0.01685505544162897,"native max(log Q, -2)"
member_output,2864601_0.409,geodesic_abs_w25_peak,main_effect,0.30298862347146494,,0.027871263173816455,"native max(log Q, -2)"
member_output,2864601_0.409,geodesic_abs_w25_peak,main_effect,0.31417563110589986,,0.027567380061077167,"native max(log Q, -2)"
member_output,2864601_0.409,geodesic_abs_w25_peak,main_effect,0.32526606231927874,,0.027423563658004923,"native max(log Q, -2)"
member_output,2864601_0.409,geodesic_abs_w25_peak,main_effect,0.3438676693663004,,0.02308504431372821,"native max(log Q, -2)"
member_output,2864601_0.409,geodesic_abs_w25_peak,main_effect,0.3553514140844345,,0.016333313013598784,"native max(log Q, -2)"
member_output,2864601_0.409,geodesic_abs_w25_peak,main_effect,0.36950905542820695,,0.013100440094647392,"native max(log Q, -2)"
member_output,2864601_0.409,geodesic_abs_w25_peak,main_effect,0.3876465165615082,,0.010959005549018162,"native max(log Q, -2)"
member_output,2864601_0.409,geodesic_abs_w25_peak,main_effect,0.4008001436293125,,0.007879087278301316,"native max(log Q, -2)"
member_output,2864601_0.409,geodesic_abs_w25_peak,main_effect,0.4166489655897021,,0.0018880377463053963,"native max(log Q, -2)"
member_output,2864601_0.409,geodesic_abs_w25_peak,main_effect,0.4377885989099741,,-0.02596376811301212,"native max(log Q, -2)"
member_output,2864601_0.409,geodesic_abs_w25_peak,main_effect,0.46789498949423436,,-0.054511940585039234,"native max(log Q, -2)"
member_output,2864601_0.409,geodesic_abs_w25_peak,main_effect,0.5214080489426851,,-0.08203083398971803,"native max(log Q, -2)"
member_output,2864601_0.409,geodesic_abs_w25_peak,main_effect,0.7224011261761188,,-0.024392483830694988,"native max(log Q, -2)"
member_output,2864601_0.409,a_over_LT & log_f_Q,pairwise_interaction,0.020469365641474724,-3.1372791971964853,0.9440647809361149,"native max(log Q, -2)"
member_output,2864601_0.409,a_over_LT & log_f_Q,pairwise_interaction,0.020469365641474724,-0.475736696355459,0.20971808746474274,"native max(log Q, -2)"
member_output,2864601_0.409,a_over_LT & log_f_Q,pairwise_interaction,0.020469365641474724,0.15334520664740808,0.04624552250605472,"native max(log Q, -2)"
member_output,2864601_0.409,a_over_LT & log_f_Q,pairwise_interaction,0.020469365641474724,0.4155584048360205,-0.031281033564773374,"native max(log Q, -2)"
member_output,2864601_0.409,a_over_LT & log_f_Q,pairwise_interaction,0.020469365641474724,0.606389675332959,-0.09134550257850921,"native max(log Q, -2)"
member_output,2864601_0.409,a_over_LT & log_f_Q,pairwise_interaction,0.020469365641474724,0.8877572786327694,-0.31496334214459726,"native max(log Q, -2)"
member_output,2864601_0.409,a_over_LT & log_f_Q,pairwise_interaction,0.020469365641474724,1.2191466923148706,-0.5770648133529317,"native max(log Q, -2)"
member_output,2864601_0.409,a_over_LT & log_f_Q,pairwise_interaction,0.020469365641474724,2.3895103701399574,-1.0832878686009848,"native max(log Q, -2)"
member_output,2864601_0.409,a_over_LT & log_f_Q,pairwise_interaction,0.9006037712097168,-3.1372791971964853,0.668527533734307,"native max(log Q, -2)"
member_output,2864601_0.409,a_over_LT & log_f_Q,pairwise_interaction,0.9006037712097168,-0.475736696355459,0.009761579468537748,"native max(log Q, -2)"
member_output,2864601_0.409,a_over_LT & log_f_Q,pairwise_interaction,0.9006037712097168,0.15334520664740808,-0.00044100652864820667,"native max(log Q, -2)"
member_output,2864601_0.409,a_over_LT & log_f_Q,pairwise_interaction,0.9006037712097168,0.4155584048360205,-0.039293043853941695,"native max(log Q, -2)"
member_output,2864601_0.409,a_over_LT & log_f_Q,pairwise_interaction,0.9006037712097168,0.606389675332959,-0.06876201757707705,"native max(log Q, -2)"
member_output,2864601_0.409,a_over_LT & log_f_Q,pairwise_interaction,0.9006037712097168,0.8877572786327694,-0.06742721823088318,"native max(log Q, -2)"
member_output,2864601_0.409,a_over_LT & log_f_Q,pairwise_interaction,0.9006037712097168,1.2191466923148706,-0.07877114953266787,"native max(log Q, -2)"
member_output,2864601_0.409,a_over_LT & log_f_Q,pairwise_interaction,0.9006037712097168,2.3895103701399574,-0.3261188251564586,"native max(log Q, -2)"
member_output,2864601_0.409,a_over_LT & log_f_Q,pairwise_interaction,1.2197760939598083,-3.1372791971964853,0.3816296740012803,"native max(log Q, -2)"
member_output,2864601_0.409,a_over_LT & log_f_Q,pairwise_interaction,1.2197760939598083,-0.475736696355459,-0.019778429585644866,"native max(log Q, -2)"
member_output,2864601_0.409,a_over_LT & log_f_Q,pairwise_interaction,1.2197760939598083,0.15334520664740808,-0.014260522978387842,"native max(log Q, -2)"
member_output,2864601_0.409,a_over_LT & log_f_Q,pairwise_interaction,1.2197760939598083,0.4155584048360205,-0.022047447134954153,"native max(log Q, -2)"
member_output,2864601_0.409,a_over_LT & log_f_Q,pairwise_interaction,1.2197760939598083,0.606389675332959,-0.03682238799699791,"native max(log Q, -2)"
member_output,2864601_0.409,a_over_LT & log_f_Q,pairwise_interaction,1.2197760939598083,0.8877572786327694,-0.021453926644771353,"native max(log Q, -2)"
member_output,2864601_0.409,a_over_LT & log_f_Q,pairwise_interaction,1.2197760939598083,1.2191466923148706,-0.013201319239313995,"native max(log Q, -2)"
member_output,2864601_0.409,a_over_LT & log_f_Q,pairwise_interaction,1.2197760939598083,2.3895103701399574,-0.23864258658904966,"native max(log Q, -2)"
member_output,2864601_0.409,a_over_LT & log_f_Q,pairwise_interaction,1.5316290259361267,-3.1372791971964853,0.0473602037448525,"native max(log Q, -2)"
member_output,2864601_0.409,a_over_LT & log_f_Q,pairwise_interaction,1.5316290259361267,-0.475736696355459,-0.07172975100298681,"native max(log Q, -2)"
member_output,2864601_0.409,a_over_LT & log_f_Q,pairwise_interaction,1.5316290259361267,0.15334520664740808,-0.04652596765307984,"native max(log Q, -2)"
member_output,2864601_0.409,a_over_LT & log_f_Q,pairwise_interaction,1.5316290259361267,0.4155584048360205,-0.03864150294547796,"native max(log Q, -2)"
member_output,2864601_0.409,a_over_LT & log_f_Q,pairwise_interaction,1.5316290259361267,0.606389675332959,-0.036526590157384256,"native max(log Q, -2)"
member_output,2864601_0.409,a_over_LT & log_f_Q,pairwise_interaction,1.5316290259361267,0.8877572786327694,-0.013207306563318021,"native max(log Q, -2)"
member_output,2864601_0.409,a_over_LT & log_f_Q,pairwise_interaction,1.5316290259361267,1.2191466923148706,0.004790391471127902,"native max(log Q, -2)"
member_output,2864601_0.409,a_over_LT & log_f_Q,pairwise_interaction,1.5316290259361267,2.3895103701399574,-0.20222786412980054,"native max(log Q, -2)"
member_output,2864601_0.409,a_over_LT & log_f_Q,pairwise_interaction,2.071755886077881,-3.1372791971964853,-0.07226211560371286,"native max(log Q, -2)"
member_output,2864601_0.409,a_over_LT & log_f_Q,pairwise_interaction,2.071755886077881,-0.475736696355459,-0.02455241581396448,"native max(log Q, -2)"
member_output,2864601_0.409,a_over_LT & log_f_Q,pairwise_interaction,2.071755886077881,0.15334520664740808,0.012167375405963906,"native max(log Q, -2)"
member_output,2864601_0.409,a_over_LT & log_f_Q,pairwise_interaction,2.071755886077881,0.4155584048360205,0.029726488361209957,"native max(log Q, -2)"
member_output,2864601_0.409,a_over_LT & log_f_Q,pairwise_interaction,2.071755886077881,0.606389675332959,0.03593426010579426,"native max(log Q, -2)"
member_output,2864601_0.409,a_over_LT & log_f_Q,pairwise_interaction,2.071755886077881,0.8877572786327694,0.061885757960553074,"native max(log Q, -2)"
member_output,2864601_0.409,a_over_LT & log_f_Q,pairwise_interaction,2.071755886077881,1.2191466923148706,0.07458940829330565,"native max(log Q, -2)"
member_output,2864601_0.409,a_over_LT & log_f_Q,pairwise_interaction,2.071755886077881,2.3895103701399574,0.22099796188957135,"native max(log Q, -2)"
member_output,2864601_0.409,a_over_LT & log_f_Q,pairwise_interaction,2.8594785928726196,-3.1372791971964853,-0.060256696872077416,"native max(log Q, -2)"
member_output,2864601_0.409,a_over_LT & log_f_Q,pairwise_interaction,2.8594785928726196,-0.475736696355459,0.02012720355707786,"native max(log Q, -2)"
member_output,2864601_0.409,a_over_LT & log_f_Q,pairwise_interaction,2.8594785928726196,0.15334520664740808,0.03766808704763206,"native max(log Q, -2)"
member_output,2864601_0.409,a_over_LT & log_f_Q,pairwise_interaction,2.8594785928726196,0.4155584048360205,0.04962617779000344,"native max(log Q, -2)"
member_output,2864601_0.409,a_over_LT & log_f_Q,pairwise_interaction,2.8594785928726196,0.606389675332959,0.053672748679452785,"native max(log Q, -2)"
member_output,2864601_0.409,a_over_LT & log_f_Q,pairwise_interaction,2.8594785928726196,0.8877572786327694,0.06235888863896799,"native max(log Q, -2)"
member_output,2864601_0.409,a_over_LT & log_f_Q,pairwise_interaction,2.8594785928726196,1.2191466923148706,0.06812242340943571,"native max(log Q, -2)"
member_output,2864601_0.409,a_over_LT & log_f_Q,pairwise_interaction,2.8594785928726196,2.3895103701399574,0.22590392513823704,"native max(log Q, -2)"
member_output,2864601_0.409,a_over_LT & log_f_Q,pairwise_interaction,3.5870211124420166,-3.1372791971964853,-0.058882116905338934,"native max(log Q, -2)"
member_output,2864601_0.409,a_over_LT & log_f_Q,pairwise_interaction,3.5870211124420166,-0.475736696355459,0.029728809682607868,"native max(log Q, -2)"
member_output,2864601_0.409,a_over_LT & log_f_Q,pairwise_interaction,3.5870211124420166,0.15334520664740808,0.04738246244912478,"native max(log Q, -2)"
member_output,2864601_0.409,a_over_LT & log_f_Q,pairwise_interaction,3.5870211124420166,0.4155584048360205,0.05990560365520512,"native max(log Q, -2)"
member_output,2864601_0.409,a_over_LT & log_f_Q,pairwise_interaction,3.5870211124420166,0.606389675332959,0.06346378400504514,"native max(log Q, -2)"
member_output,2864601_0.409,a_over_LT & log_f_Q,pairwise_interaction,3.5870211124420166,0.8877572786327694,-0.008308024503934391,"native max(log Q, -2)"
member_output,2864601_0.409,a_over_LT & log_f_Q,pairwise_interaction,3.5870211124420166,1.2191466923148706,-0.006702625218661209,"native max(log Q, -2)"
member_output,2864601_0.409,a_over_LT & log_f_Q,pairwise_interaction,3.5870211124420166,2.3895103701399574,0.20419199086414533,"native max(log Q, -2)"
member_output,2864601_0.409,a_over_LT & log_f_Q,pairwise_interaction,6.460826873779297,-3.1372791971964853,0.0608074655168252,"native max(log Q, -2)"
member_output,2864601_0.409,a_over_LT & log_f_Q,pairwise_interaction,6.460826873779297,-0.475736696355459,0.17788928412526311,"native max(log Q, -2)"
member_output,2864601_0.409,a_over_LT & log_f_Q,pairwise_interaction,6.460826873779297,0.15334520664740808,0.199899538534279,"native max(log Q, -2)"
member_output,2864601_0.409,a_over_LT & log_f_Q,pairwise_interaction,6.460826873779297,0.4155584048360205,0.2189154807893547,"native max(log Q, -2)"
member_output,2864601_0.409,a_over_LT & log_f_Q,pairwise_interaction,6.460826873779297,0.606389675332959,0.23132319071106391,"native max(log Q, -2)"
member_output,2864601_0.409,a_over_LT & log_f_Q,pairwise_interaction,6.460826873779297,0.8877572786327694,0.16079235680756518,"native max(log Q, -2)"
member_output,2864601_0.409,a_over_LT & log_f_Q,pairwise_interaction,6.460826873779297,1.2191466923148706,0.07609123202772317,"native max(log Q, -2)"
member_output,2864601_0.409,a_over_LT & log_f_Q,pairwise_interaction,6.460826873779297,2.3895103701399574,0.43362006686419863,"native max(log Q, -2)"
member_output,2864601_0.409,a_over_LT & bad_curvature_compression,pairwise_interaction,0.020469365641474724,0.0,0.5852312662702335,"native max(log Q, -2)"
member_output,2864601_0.409,a_over_LT & bad_curvature_compression,pairwise_interaction,0.020469365641474724,0.22772671739968947,0.19029362008801576,"native max(log Q, -2)"
member_output,2864601_0.409,a_over_LT & bad_curvature_compression,pairwise_interaction,0.020469365641474724,0.5539935289327377,0.022490166001575388,"native max(log Q, -2)"
member_output,2864601_0.409,a_over_LT & bad_curvature_compression,pairwise_interaction,0.020469365641474724,0.7829443711894786,-0.04352817617994022,"native max(log Q, -2)"
member_output,2864601_0.409,a_over_LT & bad_curvature_compression,pairwise_interaction,0.020469365641474724,1.1407287694670685,-0.1331581298608654,"native max(log Q, -2)"
member_output,2864601_0.409,a_over_LT & bad_curvature_compression,pairwise_interaction,0.020469365641474724,1.6050736244804065,-0.19414472251898193,"native max(log Q, -2)"
member_output,2864601_0.409,a_over_LT & bad_curvature_compression,pairwise_interaction,0.020469365641474724,2.8044058575430015,-0.4936052059623389,"native max(log Q, -2)"
member_output,2864601_0.409,a_over_LT & bad_curvature_compression,pairwise_interaction,0.020469365641474724,12.63658030036591,-0.7741578172676162,"native max(log Q, -2)"
member_output,2864601_0.409,a_over_LT & bad_curvature_compression,pairwise_interaction,0.9006037712097168,0.0,0.4149398137937721,"native max(log Q, -2)"
member_output,2864601_0.409,a_over_LT & bad_curvature_compression,pairwise_interaction,0.9006037712097168,0.22772671739968947,0.08997534968448426,"native max(log Q, -2)"
member_output,2864601_0.409,a_over_LT & bad_curvature_compression,pairwise_interaction,0.9006037712097168,0.5539935289327377,0.006794728669823001,"native max(log Q, -2)"
member_output,2864601_0.409,a_over_LT & bad_curvature_compression,pairwise_interaction,0.9006037712097168,0.7829443711894786,-0.028081694427208186,"native max(log Q, -2)"
member_output,2864601_0.409,a_over_LT & bad_curvature_compression,pairwise_interaction,0.9006037712097168,1.1407287694670685,-0.07391478212156663,"native max(log Q, -2)"
member_output,2864601_0.409,a_over_LT & bad_curvature_compression,pairwise_interaction,0.9006037712097168,1.6050736244804065,-0.09592271197401153,"native max(log Q, -2)"
member_output,2864601_0.409,a_over_LT & bad_curvature_compression,pairwise_interaction,0.9006037712097168,2.8044058575430015,-0.12487889782904472,"native max(log Q, -2)"
member_output,2864601_0.409,a_over_LT & bad_curvature_compression,pairwise_interaction,0.9006037712097168,12.63658030036591,-0.23273216206469122,"native max(log Q, -2)"
member_output,2864601_0.409,a_over_LT & bad_curvature_compression,pairwise_interaction,1.2197760939598083,0.0,0.30732208094031394,"native max(log Q, -2)"
member_output,2864601_0.409,a_over_LT & bad_curvature_compression,pairwise_interaction,1.2197760939598083,0.22772671739968947,0.03188475735026435,"native max(log Q, -2)"
member_output,2864601_0.409,a_over_LT & bad_curvature_compression,pairwise_interaction,1.2197760939598083,0.5539935289327377,-0.008230671455226777,"native max(log Q, -2)"
member_output,2864601_0.409,a_over_LT & bad_curvature_compression,pairwise_interaction,1.2197760939598083,0.7829443711894786,-0.02735266559249952,"native max(log Q, -2)"
member_output,2864601_0.409,a_over_LT & bad_curvature_compression,pairwise_interaction,1.2197760939598083,1.1407287694670685,-0.04606307599279705,"native max(log Q, -2)"
member_output,2864601_0.409,a_over_LT & bad_curvature_compression,pairwise_interaction,1.2197760939598083,1.6050736244804065,-0.03256796378549359,"native max(log Q, -2)"
member_output,2864601_0.409,a_over_LT & bad_curvature_compression,pairwise_interaction,1.2197760939598083,2.8044058575430015,-0.04243060715618491,"native max(log Q, -2)"
member_output,2864601_0.409,a_over_LT & bad_curvature_compression,pairwise_interaction,1.2197760939598083,12.63658030036591,-0.12083511315028883,"native max(log Q, -2)"
member_output,2864601_0.409,a_over_LT & bad_curvature_compression,pairwise_interaction,1.5316290259361267,0.0,-0.0607555336486792,"native max(log Q, -2)"
member_output,2864601_0.409,a_over_LT & bad_curvature_compression,pairwise_interaction,1.5316290259361267,0.22772671739968947,-0.05160578940808841,"native max(log Q, -2)"
member_output,2864601_0.409,a_over_LT & bad_curvature_compression,pairwise_interaction,1.5316290259361267,0.5539935289327377,-0.05215503464171618,"native max(log Q, -2)"
member_output,2864601_0.409,a_over_LT & bad_curvature_compression,pairwise_interaction,1.5316290259361267,0.7829443711894786,-0.046333675942048735,"native max(log Q, -2)"
member_output,2864601_0.409,a_over_LT & bad_curvature_compression,pairwise_interaction,1.5316290259361267,1.1407287694670685,-0.03593169567429228,"native max(log Q, -2)"
member_output,2864601_0.409,a_over_LT & bad_curvature_compression,pairwise_interaction,1.5316290259361267,1.6050736244804065,-0.02243658346698883,"native max(log Q, -2)"
member_output,2864601_0.409,a_over_LT & bad_curvature_compression,pairwise_interaction,1.5316290259361267,2.8044058575430015,-0.026350164362819187,"native max(log Q, -2)"
member_output,2864601_0.409,a_over_LT & bad_curvature_compression,pairwise_interaction,1.5316290259361267,12.63658030036591,-0.08874870230499454,"native max(log Q, -2)"
member_output,2864601_0.409,a_over_LT & bad_curvature_compression,pairwise_interaction,2.071755886077881,0.0,-0.09240582130522092,"native max(log Q, -2)"
member_output,2864601_0.409,a_over_LT & bad_curvature_compression,pairwise_interaction,2.071755886077881,0.22772671739968947,-0.03832906501819607,"native max(log Q, -2)"
member_output,2864601_0.409,a_over_LT & bad_curvature_compression,pairwise_interaction,2.071755886077881,0.5539935289327377,-0.017290320702111176,"native max(log Q, -2)"
member_output,2864601_0.409,a_over_LT & bad_curvature_compression,pairwise_interaction,2.071755886077881,0.7829443711894786,0.013222668418700975,"native max(log Q, -2)"
member_output,2864601_0.409,a_over_LT & bad_curvature_compression,pairwise_interaction,2.071755886077881,1.1407287694670685,0.03219129336905983,"native max(log Q, -2)"
member_output,2864601_0.409,a_over_LT & bad_curvature_compression,pairwise_interaction,2.071755886077881,1.6050736244804065,0.0506003754050331,"native max(log Q, -2)"
member_output,2864601_0.409,a_over_LT & bad_curvature_compression,pairwise_interaction,2.071755886077881,2.8044058575430015,0.07365371090106415,"native max(log Q, -2)"
member_output,2864601_0.409,a_over_LT & bad_curvature_compression,pairwise_interaction,2.071755886077881,12.63658030036591,0.15099154108919366,"native max(log Q, -2)"
member_output,2864601_0.409,a_over_LT & bad_curvature_compression,pairwise_interaction,2.8594785928726196,0.0,-0.11658824081566159,"native max(log Q, -2)"
member_output,2864601_0.409,a_over_LT & bad_curvature_compression,pairwise_interaction,2.8594785928726196,0.22772671739968947,-0.029381433928757954,"native max(log Q, -2)"
member_output,2864601_0.409,a_over_LT & bad_curvature_compression,pairwise_interaction,2.8594785928726196,0.5539935289327377,-0.003466732964798949,"native max(log Q, -2)"
member_output,2864601_0.409,a_over_LT & bad_curvature_compression,pairwise_interaction,2.8594785928726196,0.7829443711894786,0.028529483547041108,"native max(log Q, -2)"
member_output,2864601_0.409,a_over_LT & bad_curvature_compression,pairwise_interaction,2.8594785928726196,1.1407287694670685,0.04760056038372759,"native max(log Q, -2)"
member_output,2864601_0.409,a_over_LT & bad_curvature_compression,pairwise_interaction,2.8594785928726196,1.6050736244804065,0.06626426037239688,"native max(log Q, -2)"
member_output,2864601_0.409,a_over_LT & bad_curvature_compression,pairwise_interaction,2.8594785928726196,2.8044058575430015,0.09229676323581822,"native max(log Q, -2)"
member_output,2864601_0.409,a_over_LT & bad_curvature_compression,pairwise_interaction,2.8594785928726196,12.63658030036591,0.20868693025620552,"native max(log Q, -2)"
member_output,2864601_0.409,a_over_LT & bad_curvature_compression,pairwise_interaction,3.5870211124420166,0.0,-0.12774175866074855,"native max(log Q, -2)"
member_output,2864601_0.409,a_over_LT & bad_curvature_compression,pairwise_interaction,3.5870211124420166,0.22772671739968947,-0.04879584532845218,"native max(log Q, -2)"
member_output,2864601_0.409,a_over_LT & bad_curvature_compression,pairwise_interaction,3.5870211124420166,0.5539935289327377,-0.022683205189885498,"native max(log Q, -2)"
member_output,2864601_0.409,a_over_LT & bad_curvature_compression,pairwise_interaction,3.5870211124420166,0.7829443711894786,0.011327824354587068,"native max(log Q, -2)"
member_output,2864601_0.409,a_over_LT & bad_curvature_compression,pairwise_interaction,3.5870211124420166,1.1407287694670685,0.027386597221045715,"native max(log Q, -2)"
member_output,2864601_0.409,a_over_LT & bad_curvature_compression,pairwise_interaction,3.5870211124420166,1.6050736244804065,0.04637376154763241,"native max(log Q, -2)"
member_output,2864601_0.409,a_over_LT & bad_curvature_compression,pairwise_interaction,3.5870211124420166,2.8044058575430015,0.07533114155432183,"native max(log Q, -2)"
member_output,2864601_0.409,a_over_LT & bad_curvature_compression,pairwise_interaction,3.5870211124420166,12.63658030036591,0.3457334792816238,"native max(log Q, -2)"
member_output,2864601_0.409,a_over_LT & bad_curvature_compression,pairwise_interaction,6.460826873779297,0.0,-0.08185554455167313,"native max(log Q, -2)"
member_output,2864601_0.409,a_over_LT & bad_curvature_compression,pairwise_interaction,6.460826873779297,0.22772671739968947,0.012644294031780171,"native max(log Q, -2)"
member_output,2864601_0.409,a_over_LT & bad_curvature_compression,pairwise_interaction,6.460826873779297,0.5539935289327377,0.05070643425727383,"native max(log Q, -2)"
member_output,2864601_0.409,a_over_LT & bad_curvature_compression,pairwise_interaction,6.460826873779297,0.7829443711894786,0.133235910566021,"native max(log Q, -2)"
member_output,2864601_0.409,a_over_LT & bad_curvature_compression,pairwise_interaction,6.460826873779297,1.1407287694670685,0.15490881489460367,"native max(log Q, -2)"
member_output,2864601_0.409,a_over_LT & bad_curvature_compression,pairwise_interaction,6.460826873779297,1.6050736244804065,0.17816213622061414,"native max(log Q, -2)"
member_output,2864601_0.409,a_over_LT & bad_curvature_compression,pairwise_interaction,6.460826873779297,2.8044058575430015,0.2153706989874975,"native max(log Q, -2)"
member_output,2864601_0.409,a_over_LT & bad_curvature_compression,pairwise_interaction,6.460826873779297,12.63658030036591,0.6194686873299042,"native max(log Q, -2)"
member_output,2864601_0.409,a_over_LT & geodesic_curvature_abs_mean,pairwise_interaction,0.020469365641474724,0.009350968778259508,0.1898900973611589,"native max(log Q, -2)"
member_output,2864601_0.409,a_over_LT & geodesic_curvature_abs_mean,pairwise_interaction,0.020469365641474724,0.1148180211748695,0.044221824369725785,"native max(log Q, -2)"
member_output,2864601_0.409,a_over_LT & geodesic_curvature_abs_mean,pairwise_interaction,0.020469365641474724,0.1430467328270879,0.007153841704275566,"native max(log Q, -2)"
member_output,2864601_0.409,a_over_LT & geodesic_curvature_abs_mean,pairwise_interaction,0.020469365641474724,0.1746409290644806,-0.08410081341052564,"native max(log Q, -2)"
member_output,2864601_0.409,a_over_LT & geodesic_curvature_abs_mean,pairwise_interaction,0.020469365641474724,0.20708050533236624,-0.14941430823649854,"native max(log Q, -2)"
member_output,2864601_0.409,a_over_LT & geodesic_curvature_abs_mean,pairwise_interaction,0.020469365641474724,0.24049656644153097,-0.17244606222311024,"native max(log Q, -2)"
member_output,2864601_0.409,a_over_LT & geodesic_curvature_abs_mean,pairwise_interaction,0.020469365641474724,0.2819617552449927,-0.2034093280011796,"native max(log Q, -2)"
member_output,2864601_0.409,a_over_LT & geodesic_curvature_abs_mean,pairwise_interaction,0.020469365641474724,0.40928977752143214,-0.21176803583914694,"native max(log Q, -2)"
member_output,2864601_0.409,a_over_LT & geodesic_curvature_abs_mean,pairwise_interaction,0.9006037712097168,0.009350968778259508,0.1621836583975036,"native max(log Q, -2)"
member_output,2864601_0.409,a_over_LT & geodesic_curvature_abs_mean,pairwise_interaction,0.9006037712097168,0.1148180211748695,0.03890054581954376,"native max(log Q, -2)"
member_output,2864601_0.409,a_over_LT & geodesic_curvature_abs_mean,pairwise_interaction,0.9006037712097168,0.1430467328270879,0.021941382005171685,"native max(log Q, -2)"
member_output,2864601_0.409,a_over_LT & geodesic_curvature_abs_mean,pairwise_interaction,0.9006037712097168,0.1746409290644806,-0.026984829681130515,"native max(log Q, -2)"
member_output,2864601_0.409,a_over_LT & geodesic_curvature_abs_mean,pairwise_interaction,0.9006037712097168,0.20708050533236624,-0.07848169171868075,"native max(log Q, -2)"
member_output,2864601_0.409,a_over_LT & geodesic_curvature_abs_mean,pairwise_interaction,0.9006037712097168,0.24049656644153097,-0.09871863325964592,"native max(log Q, -2)"
member_output,2864601_0.409,a_over_LT & geodesic_curvature_abs_mean,pairwise_interaction,0.9006037712097168,0.2819617552449927,-0.12821587734034232,"native max(log Q, -2)"
member_output,2864601_0.409,a_over_LT & geodesic_curvature_abs_mean,pairwise_interaction,0.9006037712097168,0.40928977752143214,-0.1265443834117348,"native max(log Q, -2)"
member_output,2864601_0.409,a_over_LT & geodesic_curvature_abs_mean,pairwise_interaction,1.2197760939598083,0.009350968778259508,0.0580141323063793,"native max(log Q, -2)"
member_output,2864601_0.409,a_over_LT & geodesic_curvature_abs_mean,pairwise_interaction,1.2197760939598083,0.1148180211748695,0.004329892918930137,"native max(log Q, -2)"
member_output,2864601_0.409,a_over_LT & geodesic_curvature_abs_mean,pairwise_interaction,1.2197760939598083,0.1430467328270879,0.01002944974494808,"native max(log Q, -2)"
member_output,2864601_0.409,a_over_LT & geodesic_curvature_abs_mean,pairwise_interaction,1.2197760939598083,0.1746409290644806,-0.02500996334609972,"native max(log Q, -2)"
member_output,2864601_0.409,a_over_LT & geodesic_curvature_abs_mean,pairwise_interaction,1.2197760939598083,0.20708050533236624,-0.03968935945873659,"native max(log Q, -2)"
member_output,2864601_0.409,a_over_LT & geodesic_curvature_abs_mean,pairwise_interaction,1.2197760939598083,0.24049656644153097,-0.05334320951761285,"native max(log Q, -2)"
member_output,2864601_0.409,a_over_LT & geodesic_curvature_abs_mean,pairwise_interaction,1.2197760939598083,0.2819617552449927,-0.0594387595648211,"native max(log Q, -2)"
member_output,2864601_0.409,a_over_LT & geodesic_curvature_abs_mean,pairwise_interaction,1.2197760939598083,0.40928977752143214,-0.06032046668441402,"native max(log Q, -2)"
member_output,2864601_0.409,a_over_LT & geodesic_curvature_abs_mean,pairwise_interaction,1.5316290259361267,0.009350968778259508,-0.05955451857942225,"native max(log Q, -2)"
member_output,2864601_0.409,a_over_LT & geodesic_curvature_abs_mean,pairwise_interaction,1.5316290259361267,0.1148180211748695,-0.05265971081305173,"native max(log Q, -2)"
member_output,2864601_0.409,a_over_LT & geodesic_curvature_abs_mean,pairwise_interaction,1.5316290259361267,0.1430467328270879,-0.03802480251284977,"native max(log Q, -2)"
member_output,2864601_0.409,a_over_LT & geodesic_curvature_abs_mean,pairwise_interaction,1.5316290259361267,0.1746409290644806,-0.02989754303656329,"native max(log Q, -2)"
member_output,2864601_0.409,a_over_LT & geodesic_curvature_abs_mean,pairwise_interaction,1.5316290259361267,0.20708050533236624,-0.03262643857183338,"native max(log Q, -2)"
member_output,2864601_0.409,a_over_LT & geodesic_curvature_abs_mean,pairwise_interaction,1.5316290259361267,0.24049656644153097,-0.04093723527404059,"native max(log Q, -2)"
member_output,2864601_0.409,a_over_LT & geodesic_curvature_abs_mean,pairwise_interaction,1.5316290259361267,0.2819617552449927,-0.03534067367675206,"native max(log Q, -2)"
member_output,2864601_0.409,a_over_LT & geodesic_curvature_abs_mean,pairwise_interaction,1.5316290259361267,0.40928977752143214,-0.04161188453425463,"native max(log Q, -2)"
member_output,2864601_0.409,a_over_LT & geodesic_curvature_abs_mean,pairwise_interaction,2.071755886077881,0.009350968778259508,-0.07165150761215755,"native max(log Q, -2)"
member_output,2864601_0.409,a_over_LT & geodesic_curvature_abs_mean,pairwise_interaction,2.071755886077881,0.1148180211748695,-0.02923169469237205,"native max(log Q, -2)"
member_output,2864601_0.409,a_over_LT & geodesic_curvature_abs_mean,pairwise_interaction,2.071755886077881,0.1430467328270879,-0.010063288004149705,"native max(log Q, -2)"
member_output,2864601_0.409,a_over_LT & geodesic_curvature_abs_mean,pairwise_interaction,2.071755886077881,0.1746409290644806,0.0022940980650769036,"native max(log Q, -2)"
member_output,2864601_0.409,a_over_LT & geodesic_curvature_abs_mean,pairwise_interaction,2.071755886077881,0.20708050533236624,0.0018144290212218101,"native max(log Q, -2)"
member_output,2864601_0.409,a_over_LT & geodesic_curvature_abs_mean,pairwise_interaction,2.071755886077881,0.24049656644153097,-0.005199762321972327,"native max(log Q, -2)"
member_output,2864601_0.409,a_over_LT & geodesic_curvature_abs_mean,pairwise_interaction,2.071755886077881,0.2819617552449927,0.001134103413039782,"native max(log Q, -2)"
member_output,2864601_0.409,a_over_LT & geodesic_curvature_abs_mean,pairwise_interaction,2.071755886077881,0.40928977752143214,-0.005987809250881163,"native max(log Q, -2)"
member_output,2864601_0.409,a_over_LT & geodesic_curvature_abs_mean,pairwise_interaction,2.8594785928726196,0.009350968778259508,-0.14718715272715824,"native max(log Q, -2)"
member_output,2864601_0.409,a_over_LT & geodesic_curvature_abs_mean,pairwise_interaction,2.8594785928726196,0.1148180211748695,-0.04410859924850817,"native max(log Q, -2)"
member_output,2864601_0.409,a_over_LT & geodesic_curvature_abs_mean,pairwise_interaction,2.8594785928726196,0.1430467328270879,0.031867918810159324,"native max(log Q, -2)"
member_output,2864601_0.409,a_over_LT & geodesic_curvature_abs_mean,pairwise_interaction,2.8594785928726196,0.1746409290644806,0.05883090242803522,"native max(log Q, -2)"
member_output,2864601_0.409,a_over_LT & geodesic_curvature_abs_mean,pairwise_interaction,2.8594785928726196,0.20708050533236624,0.06868150928696694,"native max(log Q, -2)"
member_output,2864601_0.409,a_over_LT & geodesic_curvature_abs_mean,pairwise_interaction,2.8594785928726196,0.24049656644153097,0.06820484092946802,"native max(log Q, -2)"
member_output,2864601_0.409,a_over_LT & geodesic_curvature_abs_mean,pairwise_interaction,2.8594785928726196,0.2819617552449927,0.07908624050805806,"native max(log Q, -2)"
member_output,2864601_0.409,a_over_LT & geodesic_curvature_abs_mean,pairwise_interaction,2.8594785928726196,0.40928977752143214,0.07321609202566204,"native max(log Q, -2)"
member_output,2864601_0.409,a_over_LT & geodesic_curvature_abs_mean,pairwise_interaction,3.5870211124420166,0.009350968778259508,-0.1590026222673434,"native max(log Q, -2)"
member_output,2864601_0.409,a_over_LT & geodesic_curvature_abs_mean,pairwise_interaction,3.5870211124420166,0.1148180211748695,-0.04639701623150436,"native max(log Q, -2)"
member_output,2864601_0.409,a_over_LT & geodesic_curvature_abs_mean,pairwise_interaction,3.5870211124420166,0.1430467328270879,0.02622199448295979,"native max(log Q, -2)"
member_output,2864601_0.409,a_over_LT & geodesic_curvature_abs_mean,pairwise_interaction,3.5870211124420166,0.1746409290644806,0.05238952194395069,"native max(log Q, -2)"
member_output,2864601_0.409,a_over_LT & geodesic_curvature_abs_mean,pairwise_interaction,3.5870211124420166,0.20708050533236624,0.06096079488691377,"native max(log Q, -2)"
member_output,2864601_0.409,a_over_LT & geodesic_curvature_abs_mean,pairwise_interaction,3.5870211124420166,0.24049656644153097,0.0591995715677469,"native max(log Q, -2)"
member_output,2864601_0.409,a_over_LT & geodesic_curvature_abs_mean,pairwise_interaction,3.5870211124420166,0.2819617552449927,0.06950945357254515,"native max(log Q, -2)"
member_output,2864601_0.409,a_over_LT & geodesic_curvature_abs_mean,pairwise_interaction,3.5870211124420166,0.40928977752143214,0.06328686929402938,"native max(log Q, -2)"
member_output,2864601_0.409,a_over_LT & geodesic_curvature_abs_mean,pairwise_interaction,6.460826873779297,0.009350968778259508,-0.0009526788613913855,"native max(log Q, -2)"
member_output,2864601_0.409,a_over_LT & geodesic_curvature_abs_mean,pairwise_interaction,6.460826873779297,0.1148180211748695,0.11049711917352056,"native max(log Q, -2)"
member_output,2864601_0.409,a_over_LT & geodesic_curvature_abs_mean,pairwise_interaction,6.460826873779297,0.1430467328270879,0.1693937751965085,"native max(log Q, -2)"
member_output,2864601_0.409,a_over_LT & geodesic_curvature_abs_mean,pairwise_interaction,6.460826873779297,0.1746409290644806,0.13603711874012248,"native max(log Q, -2)"
member_output,2864601_0.409,a_over_LT & geodesic_curvature_abs_mean,pairwise_interaction,6.460826873779297,0.20708050533236624,0.083218908179209,"native max(log Q, -2)"
member_output,2864601_0.409,a_over_LT & geodesic_curvature_abs_mean,pairwise_interaction,6.460826873779297,0.24049656644153097,0.09203419496469993,"native max(log Q, -2)"
member_output,2864601_0.409,a_over_LT & geodesic_curvature_abs_mean,pairwise_interaction,6.460826873779297,0.2819617552449927,0.1210531481527408,"native max(log Q, -2)"
member_output,2864601_0.409,a_over_LT & geodesic_curvature_abs_mean,pairwise_interaction,6.460826873779297,0.40928977752143214,0.39115852401744666,"native max(log Q, -2)"
member_output,2864601_0.409,a_over_Ln & bad_curvature_compression,pairwise_interaction,-0.45778006315231323,0.0,-0.5299703082291332,"native max(log Q, -2)"
member_output,2864601_0.409,a_over_Ln & bad_curvature_compression,pairwise_interaction,-0.45778006315231323,0.22772671739968947,-0.48982885974429574,"native max(log Q, -2)"
member_output,2864601_0.409,a_over_Ln & bad_curvature_compression,pairwise_interaction,-0.45778006315231323,0.5539935289327377,-0.43986606008599477,"native max(log Q, -2)"
member_output,2864601_0.409,a_over_Ln & bad_curvature_compression,pairwise_interaction,-0.45778006315231323,0.7829443711894786,-0.3186547070612249,"native max(log Q, -2)"
member_output,2864601_0.409,a_over_Ln & bad_curvature_compression,pairwise_interaction,-0.45778006315231323,1.1407287694670685,-0.27703204643853024,"native max(log Q, -2)"
member_output,2864601_0.409,a_over_Ln & bad_curvature_compression,pairwise_interaction,-0.45778006315231323,1.6050736244804065,-0.21428985115514407,"native max(log Q, -2)"
member_output,2864601_0.409,a_over_Ln & bad_curvature_compression,pairwise_interaction,-0.45778006315231323,2.8044058575430015,-0.15945069942400203,"native max(log Q, -2)"
member_output,2864601_0.409,a_over_Ln & bad_curvature_compression,pairwise_interaction,-0.45778006315231323,12.63658030036591,-0.2031269509894308,"native max(log Q, -2)"
member_output,2864601_0.409,a_over_Ln & bad_curvature_compression,pairwise_interaction,-0.012576837092638016,0.0,-0.21726312534805303,"native max(log Q, -2)"
member_output,2864601_0.409,a_over_Ln & bad_curvature_compression,pairwise_interaction,-0.012576837092638016,0.22772671739968947,-0.12282667131482257,"native max(log Q, -2)"
member_output,2864601_0.409,a_over_Ln & bad_curvature_compression,pairwise_interaction,-0.012576837092638016,0.5539935289327377,-0.06781335207507361,"native max(log Q, -2)"
member_output,2864601_0.409,a_over_Ln & bad_curvature_compression,pairwise_interaction,-0.012576837092638016,0.7829443711894786,0.033663751930976565,"native max(log Q, -2)"
member_output,2864601_0.409,a_over_Ln & bad_curvature_compression,pairwise_interaction,-0.012576837092638016,1.1407287694670685,0.0680180365597574,"native max(log Q, -2)"
member_output,2864601_0.409,a_over_Ln & bad_curvature_compression,pairwise_interaction,-0.012576837092638016,1.6050736244804065,0.1222790923405942,"native max(log Q, -2)"
member_output,2864601_0.409,a_over_Ln & bad_curvature_compression,pairwise_interaction,-0.012576837092638016,2.8044058575430015,0.19229271361822076,"native max(log Q, -2)"
member_output,2864601_0.409,a_over_Ln & bad_curvature_compression,pairwise_interaction,-0.012576837092638016,12.63658030036591,0.5859761897745164,"native max(log Q, -2)"
member_output,2864601_0.409,a_over_Ln & bad_curvature_compression,pairwise_interaction,0.14382341504096985,0.0,-0.13149043024477136,"native max(log Q, -2)"
member_output,2864601_0.409,a_over_Ln & bad_curvature_compression,pairwise_interaction,0.14382341504096985,0.22772671739968947,-0.05419676354440567,"native max(log Q, -2)"
member_output,2864601_0.409,a_over_Ln & bad_curvature_compression,pairwise_interaction,0.14382341504096985,0.5539935289327377,-0.015242340260147515,"native max(log Q, -2)"
member_output,2864601_0.409,a_over_Ln & bad_curvature_compression,pairwise_interaction,0.14382341504096985,0.7829443711894786,0.07091127505098038,"native max(log Q, -2)"
member_output,2864601_0.409,a_over_Ln & bad_curvature_compression,pairwise_interaction,0.14382341504096985,1.1407287694670685,0.09418194122535685,"native max(log Q, -2)"
member_output,2864601_0.409,a_over_Ln & bad_curvature_compression,pairwise_interaction,0.14382341504096985,1.6050736244804065,0.14307342910463416,"native max(log Q, -2)"
member_output,2864601_0.409,a_over_Ln & bad_curvature_compression,pairwise_interaction,0.14382341504096985,2.8044058575430015,0.1963692379013422,"native max(log Q, -2)"
member_output,2864601_0.409,a_over_Ln & bad_curvature_compression,pairwise_interaction,0.14382341504096985,12.63658030036591,0.6401340419766612,"native max(log Q, -2)"
member_output,2864601_0.409,a_over_Ln & bad_curvature_compression,pairwise_interaction,0.29668861627578735,0.0,-0.030645319377128652,"native max(log Q, -2)"
member_output,2864601_0.409,a_over_Ln & bad_curvature_compression,pairwise_interaction,0.29668861627578735,0.22772671739968947,0.022937758778553752,"native max(log Q, -2)"
member_output,2864601_0.409,a_over_Ln & bad_curvature_compression,pairwise_interaction,0.29668861627578735,0.5539935289327377,0.0326083769108212,"native max(log Q, -2)"
member_output,2864601_0.409,a_over_Ln & bad_curvature_compression,pairwise_interaction,0.29668861627578735,0.7829443711894786,0.09495990745132205,"native max(log Q, -2)"
member_output,2864601_0.409,a_over_Ln & bad_curvature_compression,pairwise_interaction,0.29668861627578735,1.1407287694670685,0.11018903364885455,"native max(log Q, -2)"
member_output,2864601_0.409,a_over_Ln & bad_curvature_compression,pairwise_interaction,0.29668861627578735,1.6050736244804065,0.13893988152193798,"native max(log Q, -2)"
member_output,2864601_0.409,a_over_Ln & bad_curvature_compression,pairwise_interaction,0.29668861627578735,2.8044058575430015,0.1855843435808385,"native max(log Q, -2)"
member_output,2864601_0.409,a_over_Ln & bad_curvature_compression,pairwise_interaction,0.29668861627578735,12.63658030036591,0.6038501653585879,"native max(log Q, -2)"
member_output,2864601_0.409,a_over_Ln & bad_curvature_compression,pairwise_interaction,0.5392754673957825,0.0,0.12370079057368111,"native max(log Q, -2)"
member_output,2864601_0.409,a_over_Ln & bad_curvature_compression,pairwise_interaction,0.5392754673957825,0.22772671739968947,0.10338453336221323,"native max(log Q, -2)"
member_output,2864601_0.409,a_over_Ln & bad_curvature_compression,pairwise_interaction,0.5392754673957825,0.5539935289327377,0.09643271397774152,"native max(log Q, -2)"
member_output,2864601_0.409,a_over_Ln & bad_curvature_compression,pairwise_interaction,0.5392754673957825,0.7829443711894786,0.11980735692267691,"native max(log Q, -2)"
member_output,2864601_0.409,a_over_Ln & bad_curvature_compression,pairwise_interaction,0.5392754673957825,1.1407287694670685,0.1156332844057185,"native max(log Q, -2)"
member_output,2864601_0.409,a_over_Ln & bad_curvature_compression,pairwise_interaction,0.5392754673957825,1.6050736244804065,0.12228424186356356,"native max(log Q, -2)"
member_output,2864601_0.409,a_over_Ln & bad_curvature_compression,pairwise_interaction,0.5392754673957825,2.8044058575430015,0.12227763802315848,"native max(log Q, -2)"
member_output,2864601_0.409,a_over_Ln & bad_curvature_compression,pairwise_interaction,0.5392754673957825,12.63658030036591,0.2180698807179943,"native max(log Q, -2)"
member_output,2864601_0.409,a_over_Ln & bad_curvature_compression,pairwise_interaction,0.8656566441059113,0.0,0.24147817474702793,"native max(log Q, -2)"
member_output,2864601_0.409,a_over_Ln & bad_curvature_compression,pairwise_interaction,0.8656566441059113,0.22772671739968947,0.15204587458201385,"native max(log Q, -2)"
member_output,2864601_0.409,a_over_Ln & bad_curvature_compression,pairwise_interaction,0.8656566441059113,0.5539935289327377,0.11280841944306819,"native max(log Q, -2)"
member_output,2864601_0.409,a_over_Ln & bad_curvature_compression,pairwise_interaction,0.8656566441059113,0.7829443711894786,0.10532510119275568,"native max(log Q, -2)"
member_output,2864601_0.409,a_over_Ln & bad_curvature_compression,pairwise_interaction,0.8656566441059113,1.1407287694670685,0.080423090727129,"native max(log Q, -2)"
member_output,2864601_0.409,a_over_Ln & bad_curvature_compression,pairwise_interaction,0.8656566441059113,1.6050736244804065,0.049737493570025916,"native max(log Q, -2)"
member_output,2864601_0.409,a_over_Ln & bad_curvature_compression,pairwise_interaction,0.8656566441059113,2.8044058575430015,0.02113353867321168,"native max(log Q, -2)"
member_output,2864601_0.409,a_over_Ln & bad_curvature_compression,pairwise_interaction,0.8656566441059113,12.63658030036591,-0.10737203703414344,"native max(log Q, -2)"
member_output,2864601_0.409,a_over_Ln & bad_curvature_compression,pairwise_interaction,1.3822518587112427,0.0,0.3227777138131212,"native max(log Q, -2)"
member_output,2864601_0.409,a_over_Ln & bad_curvature_compression,pairwise_interaction,1.3822518587112427,0.22772671739968947,0.12475255555340167,"native max(log Q, -2)"
member_output,2864601_0.409,a_over_Ln & bad_curvature_compression,pairwise_interaction,1.3822518587112427,0.5539935289327377,0.06673262045188592,"native max(log Q, -2)"
member_output,2864601_0.409,a_over_Ln & bad_curvature_compression,pairwise_interaction,1.3822518587112427,0.7829443711894786,0.05352645536326731,"native max(log Q, -2)"
member_output,2864601_0.409,a_over_Ln & bad_curvature_compression,pairwise_interaction,1.3822518587112427,1.1407287694670685,0.019805297064441306,"native max(log Q, -2)"
member_output,2864601_0.409,a_over_Ln & bad_curvature_compression,pairwise_interaction,1.3822518587112427,1.6050736244804065,-0.026488441505113806,"native max(log Q, -2)"
member_output,2864601_0.409,a_over_Ln & bad_curvature_compression,pairwise_interaction,1.3822518587112427,2.8044058575430015,-0.1065987326713224,"native max(log Q, -2)"
member_output,2864601_0.409,a_over_Ln & bad_curvature_compression,pairwise_interaction,1.3822518587112427,12.63658030036591,-0.4933329860201917,"native max(log Q, -2)"
member_output,2864601_0.409,a_over_Ln & bad_curvature_compression,pairwise_interaction,3.537547469139099,0.0,0.8299610539093053,"native max(log Q, -2)"
member_output,2864601_0.409,a_over_Ln & bad_curvature_compression,pairwise_interaction,3.537547469139099,0.22772671739968947,0.3377453857113823,"native max(log Q, -2)"
member_output,2864601_0.409,a_over_Ln & bad_curvature_compression,pairwise_interaction,3.537547469139099,0.5539935289327377,0.05136480481524226,"native max(log Q, -2)"
member_output,2864601_0.409,a_over_Ln & bad_curvature_compression,pairwise_interaction,3.537547469139099,0.7829443711894786,-0.8593903334440078,"native max(log Q, -2)"
member_output,2864601_0.409,a_over_Ln & bad_curvature_compression,pairwise_interaction,3.537547469139099,1.1407287694670685,-0.9399134618928822,"native max(log Q, -2)"
member_output,2864601_0.409,a_over_Ln & bad_curvature_compression,pairwise_interaction,3.537547469139099,1.6050736244804065,-1.0050942065970618,"native max(log Q, -2)"
member_output,2864601_0.409,a_over_Ln & bad_curvature_compression,pairwise_interaction,3.537547469139099,2.8044058575430015,-1.1874271675921206,"native max(log Q, -2)"
member_output,2864601_0.409,a_over_Ln & bad_curvature_compression,pairwise_interaction,3.537547469139099,12.63658030036591,-2.1181205946605997,"native max(log Q, -2)"
member_output,2864601_0.409,log_f_Q & geodesic_curvature_abs_mean,pairwise_interaction,-3.1372791971964853,0.009350968778259508,-0.15910830679155505,"native max(log Q, -2)"
member_output,2864601_0.409,log_f_Q & geodesic_curvature_abs_mean,pairwise_interaction,-3.1372791971964853,0.1148180211748695,-0.05320112801867154,"native max(log Q, -2)"
member_output,2864601_0.409,log_f_Q & geodesic_curvature_abs_mean,pairwise_interaction,-3.1372791971964853,0.1430467328270879,-0.03156742699211622,"native max(log Q, -2)"
member_output,2864601_0.409,log_f_Q & geodesic_curvature_abs_mean,pairwise_interaction,-3.1372791971964853,0.1746409290644806,-0.02295584040912487,"native max(log Q, -2)"
member_output,2864601_0.409,log_f_Q & geodesic_curvature_abs_mean,pairwise_interaction,-3.1372791971964853,0.20708050533236624,0.02843702584591579,"native max(log Q, -2)"
member_output,2864601_0.409,log_f_Q & geodesic_curvature_abs_mean,pairwise_interaction,-3.1372791971964853,0.24049656644153097,0.053500137124552566,"native max(log Q, -2)"
member_output,2864601_0.409,log_f_Q & geodesic_curvature_abs_mean,pairwise_interaction,-3.1372791971964853,0.2819617552449927,0.04213306285715774,"native max(log Q, -2)"
member_output,2864601_0.409,log_f_Q & geodesic_curvature_abs_mean,pairwise_interaction,-3.1372791971964853,0.40928977752143214,0.1545530541559379,"native max(log Q, -2)"
member_output,2864601_0.409,log_f_Q & geodesic_curvature_abs_mean,pairwise_interaction,-0.475736696355459,0.009350968778259508,-0.17194579080784667,"native max(log Q, -2)"
member_output,2864601_0.409,log_f_Q & geodesic_curvature_abs_mean,pairwise_interaction,-0.475736696355459,0.1148180211748695,-0.061453002134619586,"native max(log Q, -2)"
member_output,2864601_0.409,log_f_Q & geodesic_curvature_abs_mean,pairwise_interaction,-0.475736696355459,0.1430467328270879,-0.03457294920018951,"native max(log Q, -2)"
member_output,2864601_0.409,log_f_Q & geodesic_curvature_abs_mean,pairwise_interaction,-0.475736696355459,0.1746409290644806,-0.022409426090304916,"native max(log Q, -2)"
member_output,2864601_0.409,log_f_Q & geodesic_curvature_abs_mean,pairwise_interaction,-0.475736696355459,0.20708050533236624,0.034053125730072825,"native max(log Q, -2)"
member_output,2864601_0.409,log_f_Q & geodesic_curvature_abs_mean,pairwise_interaction,-0.475736696355459,0.24049656644153097,0.07265631236229987,"native max(log Q, -2)"
member_output,2864601_0.409,log_f_Q & geodesic_curvature_abs_mean,pairwise_interaction,-0.475736696355459,0.2819617552449927,0.08120613196321716,"native max(log Q, -2)"
member_output,2864601_0.409,log_f_Q & geodesic_curvature_abs_mean,pairwise_interaction,-0.475736696355459,0.40928977752143214,0.19617079415802247,"native max(log Q, -2)"
member_output,2864601_0.409,log_f_Q & geodesic_curvature_abs_mean,pairwise_interaction,0.15334520664740808,0.009350968778259508,-0.11125890421037875,"native max(log Q, -2)"
member_output,2864601_0.409,log_f_Q & geodesic_curvature_abs_mean,pairwise_interaction,0.15334520664740808,0.1148180211748695,-0.011116218514145997,"native max(log Q, -2)"
member_output,2864601_0.409,log_f_Q & geodesic_curvature_abs_mean,pairwise_interaction,0.15334520664740808,0.1430467328270879,0.0012157905211644267,"native max(log Q, -2)"
member_output,2864601_0.409,log_f_Q & geodesic_curvature_abs_mean,pairwise_interaction,0.15334520664740808,0.1746409290644806,0.007247230565727706,"native max(log Q, -2)"
member_output,2864601_0.409,log_f_Q & geodesic_curvature_abs_mean,pairwise_interaction,0.15334520664740808,0.20708050533236624,0.024023913247310184,"native max(log Q, -2)"
member_output,2864601_0.409,log_f_Q & geodesic_curvature_abs_mean,pairwise_interaction,0.15334520664740808,0.24049656644153097,0.0338598521609375,"native max(log Q, -2)"
member_output,2864601_0.409,log_f_Q & geodesic_curvature_abs_mean,pairwise_interaction,0.15334520664740808,0.2819617552449927,0.028523651672707213,"native max(log Q, -2)"
member_output,2864601_0.409,log_f_Q & geodesic_curvature_abs_mean,pairwise_interaction,0.15334520664740808,0.40928977752143214,0.08723333512248797,"native max(log Q, -2)"
member_output,2864601_0.409,log_f_Q & geodesic_curvature_abs_mean,pairwise_interaction,0.4155584048360205,0.009350968778259508,-0.07761956552536964,"native max(log Q, -2)"
member_output,2864601_0.409,log_f_Q & geodesic_curvature_abs_mean,pairwise_interaction,0.4155584048360205,0.1148180211748695,0.009454899414355261,"native max(log Q, -2)"
member_output,2864601_0.409,log_f_Q & geodesic_curvature_abs_mean,pairwise_interaction,0.4155584048360205,0.1430467328270879,0.013336122011629578,"native max(log Q, -2)"
member_output,2864601_0.409,log_f_Q & geodesic_curvature_abs_mean,pairwise_interaction,0.4155584048360205,0.1746409290644806,0.01664999819297454,"native max(log Q, -2)"
member_output,2864601_0.409,log_f_Q & geodesic_curvature_abs_mean,pairwise_interaction,0.4155584048360205,0.20708050533236624,0.014824133828239735,"native max(log Q, -2)"
member_output,2864601_0.409,log_f_Q & geodesic_curvature_abs_mean,pairwise_interaction,0.4155584048360205,0.24049656644153097,0.014521651229866988,"native max(log Q, -2)"
member_output,2864601_0.409,log_f_Q & geodesic_curvature_abs_mean,pairwise_interaction,0.4155584048360205,0.2819617552449927,0.0040113320335158215,"native max(log Q, -2)"
member_output,2864601_0.409,log_f_Q & geodesic_curvature_abs_mean,pairwise_interaction,0.4155584048360205,0.40928977752143214,0.0507750465891255,"native max(log Q, -2)"
member_output,2864601_0.409,log_f_Q & geodesic_curvature_abs_mean,pairwise_interaction,0.606389675332959,0.009350968778259508,-0.03610770404334782,"native max(log Q, -2)"
member_output,2864601_0.409,log_f_Q & geodesic_curvature_abs_mean,pairwise_interaction,0.606389675332959,0.1148180211748695,0.015742096067425444,"native max(log Q, -2)"
member_output,2864601_0.409,log_f_Q & geodesic_curvature_abs_mean,pairwise_interaction,0.606389675332959,0.1430467328270879,0.015128170628139214,"native max(log Q, -2)"
member_output,2864601_0.409,log_f_Q & geodesic_curvature_abs_mean,pairwise_interaction,0.606389675332959,0.1746409290644806,0.011501647322301915,"native max(log Q, -2)"
member_output,2864601_0.409,log_f_Q & geodesic_curvature_abs_mean,pairwise_interaction,0.606389675332959,0.20708050533236624,0.0006546528996651704,"native max(log Q, -2)"
member_output,2864601_0.409,log_f_Q & geodesic_curvature_abs_mean,pairwise_interaction,0.606389675332959,0.24049656644153097,-0.011756612400052381,"native max(log Q, -2)"
member_output,2864601_0.409,log_f_Q & geodesic_curvature_abs_mean,pairwise_interaction,0.606389675332959,0.2819617552449927,-0.024209507337730828,"native max(log Q, -2)"
member_output,2864601_0.409,log_f_Q & geodesic_curvature_abs_mean,pairwise_interaction,0.606389675332959,0.40928977752143214,-0.03890392918104471,"native max(log Q, -2)"
member_output,2864601_0.409,log_f_Q & geodesic_curvature_abs_mean,pairwise_interaction,0.8877572786327694,0.009350968778259508,-0.007457057667661518,"native max(log Q, -2)"
member_output,2864601_0.409,log_f_Q & geodesic_curvature_abs_mean,pairwise_interaction,0.8877572786327694,0.1148180211748695,0.023138165932952336,"native max(log Q, -2)"
member_output,2864601_0.409,log_f_Q & geodesic_curvature_abs_mean,pairwise_interaction,0.8877572786327694,0.1430467328270879,0.016112823959367823,"native max(log Q, -2)"
member_output,2864601_0.409,log_f_Q & geodesic_curvature_abs_mean,pairwise_interaction,0.8877572786327694,0.1746409290644806,0.008117794256393297,"native max(log Q, -2)"
member_output,2864601_0.409,log_f_Q & geodesic_curvature_abs_mean,pairwise_interaction,0.8877572786327694,0.20708050533236624,-0.011196028439595558,"native max(log Q, -2)"
member_output,2864601_0.409,log_f_Q & geodesic_curvature_abs_mean,pairwise_interaction,0.8877572786327694,0.24049656644153097,-0.029070305599326583,"native max(log Q, -2)"
member_output,2864601_0.409,log_f_Q & geodesic_curvature_abs_mean,pairwise_interaction,0.8877572786327694,0.2819617552449927,-0.0016432495558224725,"native max(log Q, -2)"
member_output,2864601_0.409,log_f_Q & geodesic_curvature_abs_mean,pairwise_interaction,0.8877572786327694,0.40928977752143214,0.010437458551184813,"native max(log Q, -2)"
member_output,2864601_0.409,log_f_Q & geodesic_curvature_abs_mean,pairwise_interaction,1.2191466923148706,0.009350968778259508,0.04614492469134705,"native max(log Q, -2)"
member_output,2864601_0.409,log_f_Q & geodesic_curvature_abs_mean,pairwise_interaction,1.2191466923148706,0.1148180211748695,0.042199148448165226,"native max(log Q, -2)"
member_output,2864601_0.409,log_f_Q & geodesic_curvature_abs_mean,pairwise_interaction,1.2191466923148706,0.1430467328270879,0.027031786024628177,"native max(log Q, -2)"
member_output,2864601_0.409,log_f_Q & geodesic_curvature_abs_mean,pairwise_interaction,1.2191466923148706,0.1746409290644806,0.008279695099334135,"native max(log Q, -2)"
member_output,2864601_0.409,log_f_Q & geodesic_curvature_abs_mean,pairwise_interaction,1.2191466923148706,0.20708050533236624,-0.024008629755496724,"native max(log Q, -2)"
member_output,2864601_0.409,log_f_Q & geodesic_curvature_abs_mean,pairwise_interaction,1.2191466923148706,0.24049656644153097,-0.05839543010680952,"native max(log Q, -2)"
member_output,2864601_0.409,log_f_Q & geodesic_curvature_abs_mean,pairwise_interaction,1.2191466923148706,0.2819617552449927,-0.03150461225943903,"native max(log Q, -2)"
member_output,2864601_0.409,log_f_Q & geodesic_curvature_abs_mean,pairwise_interaction,1.2191466923148706,0.40928977752143214,0.013327888037579633,"native max(log Q, -2)"
member_output,2864601_0.409,log_f_Q & geodesic_curvature_abs_mean,pairwise_interaction,2.3895103701399574,0.009350968778259508,0.3539821571423831,"native max(log Q, -2)"
member_output,2864601_0.409,log_f_Q & geodesic_curvature_abs_mean,pairwise_interaction,2.3895103701399574,0.1148180211748695,0.012255001642200388,"native max(log Q, -2)"
member_output,2864601_0.409,log_f_Q & geodesic_curvature_abs_mean,pairwise_interaction,2.3895103701399574,0.1430467328270879,-0.007835656372646202,"native max(log Q, -2)"
member_output,2864601_0.409,log_f_Q & geodesic_curvature_abs_mean,pairwise_interaction,2.3895103701399574,0.1746409290644806,-0.025947760205997032,"native max(log Q, -2)"
member_output,2864601_0.409,log_f_Q & geodesic_curvature_abs_mean,pairwise_interaction,2.3895103701399574,0.20708050533236624,-0.06696871243398453,"native max(log Q, -2)"
member_output,2864601_0.409,log_f_Q & geodesic_curvature_abs_mean,pairwise_interaction,2.3895103701399574,0.24049656644153097,-0.12119457884382284,"native max(log Q, -2)"
member_output,2864601_0.409,log_f_Q & geodesic_curvature_abs_mean,pairwise_interaction,2.3895103701399574,0.2819617552449927,-0.09411721494768753,"native max(log Q, -2)"
member_output,2864601_0.409,log_f_Q & geodesic_curvature_abs_mean,pairwise_interaction,2.3895103701399574,0.40928977752143214,0.4448109703009015,"native max(log Q, -2)"
ensemble_mean_output,stored_validation_top_member_mean,a_over_LT,main_effect,0.020469365641474724,,-2.8215796381240867,"native max(log Q, -2)"
ensemble_mean_output,stored_validation_top_member_mean,a_over_LT,main_effect,0.5173529982566833,,-2.5801665706090358,"native max(log Q, -2)"
ensemble_mean_output,stored_validation_top_member_mean,a_over_LT,main_effect,0.6471039950847626,,-2.366182659735396,"native max(log Q, -2)"
ensemble_mean_output,stored_validation_top_member_mean,a_over_LT,main_effect,0.7936340272426605,,-2.1517040001486563,"native max(log Q, -2)"
ensemble_mean_output,stored_validation_top_member_mean,a_over_LT,main_effect,0.8944170773029327,,-1.9052247398536166,"native max(log Q, -2)"
ensemble_mean_output,stored_validation_top_member_mean,a_over_LT,main_effect,0.990492582321167,,-1.7726905424444819,"native max(log Q, -2)"
ensemble_mean_output,stored_validation_top_member_mean,a_over_LT,main_effect,1.0797016620635986,,-1.583226280861465,"native max(log Q, -2)"
ensemble_mean_output,stored_validation_top_member_mean,a_over_LT,main_effect,1.163442611694336,,-1.443859106676881,"native max(log Q, -2)"
ensemble_mean_output,stored_validation_top_member_mean,a_over_LT,main_effect,1.2117691040039062,,-1.25566973771327,"native max(log Q, -2)"
ensemble_mean_output,stored_validation_top_member_mean,a_over_LT,main_effect,1.292796790599823,,-1.0812257148484645,"native max(log Q, -2)"
ensemble_mean_output,stored_validation_top_member_mean,a_over_LT,main_effect,1.3473480939865112,,-0.934878270798647,"native max(log Q, -2)"
ensemble_mean_output,stored_validation_top_member_mean,a_over_LT,main_effect,1.4156787991523743,,-0.7795437835221626,"native max(log Q, -2)"
ensemble_mean_output,stored_validation_top_member_mean,a_over_LT,main_effect,1.487691044807434,,-0.6106002840831599,"native max(log Q, -2)"
ensemble_mean_output,stored_validation_top_member_mean,a_over_LT,main_effect,1.57245671749115,,-0.4546134857647722,"native max(log Q, -2)"
ensemble_mean_output,stored_validation_top_member_mean,a_over_LT,main_effect,1.7315163016319275,,-0.31285573099499714,"native max(log Q, -2)"
ensemble_mean_output,stored_validation_top_member_mean,a_over_LT,main_effect,1.8556526899337769,,-0.1437464554844175,"native max(log Q, -2)"
ensemble_mean_output,stored_validation_top_member_mean,a_over_LT,main_effect,2.0046072006225586,,-0.019035873190746677,"native max(log Q, -2)"
ensemble_mean_output,stored_validation_top_member_mean,a_over_LT,main_effect,2.1780269145965576,,0.19539044505576353,"native max(log Q, -2)"
ensemble_mean_output,stored_validation_top_member_mean,a_over_LT,main_effect,2.4254539012908936,,0.3867909686033931,"native max(log Q, -2)"
ensemble_mean_output,stored_validation_top_member_mean,a_over_LT,main_effect,2.59530246257782,,0.529673133056569,"native max(log Q, -2)"
ensemble_mean_output,stored_validation_top_member_mean,a_over_LT,main_effect,2.74598491191864,,0.6790943789301824,"native max(log Q, -2)"
ensemble_mean_output,stored_validation_top_member_mean,a_over_LT,main_effect,2.9400722980499268,,0.8141819301023616,"native max(log Q, -2)"
ensemble_mean_output,stored_validation_top_member_mean,a_over_LT,main_effect,3.0814322233200073,,0.9700152605333834,"native max(log Q, -2)"
ensemble_mean_output,stored_validation_top_member_mean,a_over_LT,main_effect,3.208429455757141,,1.0488042089729315,"native max(log Q, -2)"
ensemble_mean_output,stored_validation_top_member_mean,a_over_LT,main_effect,3.4102851152420044,,1.3041980771338748,"native max(log Q, -2)"
ensemble_mean_output,stored_validation_top_member_mean,a_over_LT,main_effect,3.6218799352645874,,1.5474972672839504,"native max(log Q, -2)"
ensemble_mean_output,stored_validation_top_member_mean,a_over_LT,main_effect,3.8923829793930054,,1.7772116791905206,"native max(log Q, -2)"
ensemble_mean_output,stored_validation_top_member_mean,a_over_LT,main_effect,4.133238077163696,,1.959237145951109,"native max(log Q, -2)"
ensemble_mean_output,stored_validation_top_member_mean,a_over_LT,main_effect,4.537076473236084,,2.121622779215314,"native max(log Q, -2)"
ensemble_mean_output,stored_validation_top_member_mean,a_over_LT,main_effect,4.991245985031128,,2.481381220248797,"native max(log Q, -2)"
ensemble_mean_output,stored_validation_top_member_mean,a_over_LT,main_effect,5.80909276008606,,2.890093278813002,"native max(log Q, -2)"
ensemble_mean_output,stored_validation_top_member_mean,a_over_LT,main_effect,8.467645168304443,,3.492661407423277,"native max(log Q, -2)"
ensemble_mean_output,stored_validation_top_member_mean,a_over_Ln,main_effect,-0.45778006315231323,,0.8911970459937351,"native max(log Q, -2)"
ensemble_mean_output,stored_validation_top_member_mean,a_over_Ln,main_effect,-0.22008811682462692,,0.8816894413115752,"native max(log Q, -2)"
ensemble_mean_output,stored_validation_top_member_mean,a_over_Ln,main_effect,-0.11980550736188889,,0.8422836062090566,"native max(log Q, -2)"
ensemble_mean_output,stored_validation_top_member_mean,a_over_Ln,main_effect,-0.06511018052697182,,0.8147049157555916,"native max(log Q, -2)"
ensemble_mean_output,stored_validation_top_member_mean,a_over_Ln,main_effect,-0.019159678369760513,,0.782612203362198,"native max(log Q, -2)"
ensemble_mean_output,stored_validation_top_member_mean,a_over_Ln,main_effect,0.01622213004156947,,0.7559597544991952,"native max(log Q, -2)"
ensemble_mean_output,stored_validation_top_member_mean,a_over_Ln,main_effect,0.06245490536093712,,0.7350946605566148,"native max(log Q, -2)"
ensemble_mean_output,stored_validation_top_member_mean,a_over_Ln,main_effect,0.10564186424016953,,0.7043461394357016,"native max(log Q, -2)"
ensemble_mean_output,stored_validation_top_member_mean,a_over_Ln,main_effect,0.1388273984193802,,0.6894962597521939,"native max(log Q, -2)"
ensemble_mean_output,stored_validation_top_member_mean,a_over_Ln,main_effect,0.16528575867414474,,0.6802839276255424,"native max(log Q, -2)"
ensemble_mean_output,stored_validation_top_member_mean,a_over_Ln,main_effect,0.20057935267686844,,0.6595247932837922,"native max(log Q, -2)"
ensemble_mean_output,stored_validation_top_member_mean,a_over_Ln,main_effect,0.23153618723154068,,0.6434380500257075,"native max(log Q, -2)"
ensemble_mean_output,stored_validation_top_member_mean,a_over_Ln,main_effect,0.2785583734512329,,0.5873894811832437,"native max(log Q, -2)"
ensemble_mean_output,stored_validation_top_member_mean,a_over_Ln,main_effect,0.3292854577302933,,0.5292308865068001,"native max(log Q, -2)"
ensemble_mean_output,stored_validation_top_member_mean,a_over_Ln,main_effect,0.38840390741825104,,0.4884522196467941,"native max(log Q, -2)"
ensemble_mean_output,stored_validation_top_member_mean,a_over_Ln,main_effect,0.45676763355731964,,0.4008748401660204,"native max(log Q, -2)"
ensemble_mean_output,stored_validation_top_member_mean,a_over_Ln,main_effect,0.49654966592788696,,0.31387414829467813,"native max(log Q, -2)"
ensemble_mean_output,stored_validation_top_member_mean,a_over_Ln,main_effect,0.5963999032974243,,0.2395327714365844,"native max(log Q, -2)"
ensemble_mean_output,stored_validation_top_member_mean,a_over_Ln,main_effect,0.6561970114707947,,0.15746570375407343,"native max(log Q, -2)"
ensemble_mean_output,stored_validation_top_member_mean,a_over_Ln,main_effect,0.7184001505374908,,0.0682252442739291,"native max(log Q, -2)"
ensemble_mean_output,stored_validation_top_member_mean,a_over_Ln,main_effect,0.805496335029602,,-0.04898010674826157,"native max(log Q, -2)"
ensemble_mean_output,stored_validation_top_member_mean,a_over_Ln,main_effect,0.9045102596282959,,-0.16935797331972885,"native max(log Q, -2)"
ensemble_mean_output,stored_validation_top_member_mean,a_over_Ln,main_effect,1.0199359059333801,,-0.27922507731030344,"native max(log Q, -2)"
ensemble_mean_output,stored_validation_top_member_mean,a_over_Ln,main_effect,1.1334763169288635,,-0.44325677917460193,"native max(log Q, -2)"
ensemble_mean_output,stored_validation_top_member_mean,a_over_Ln,main_effect,1.2668083310127258,,-0.5701465689419876,"native max(log Q, -2)"
ensemble_mean_output,stored_validation_top_member_mean,a_over_Ln,main_effect,1.3939211964607239,,-0.7338250288940107,"native max(log Q, -2)"
ensemble_mean_output,stored_validation_top_member_mean,a_over_Ln,main_effect,1.5864251255989075,,-0.9162459103851468,"native max(log Q, -2)"
ensemble_mean_output,stored_validation_top_member_mean,a_over_Ln,main_effect,1.8844746947288513,,-1.168734216988769,"native max(log Q, -2)"
ensemble_mean_output,stored_validation_top_member_mean,a_over_Ln,main_effect,2.1286710500717163,,-1.4058130150751096,"native max(log Q, -2)"
ensemble_mean_output,stored_validation_top_member_mean,a_over_Ln,main_effect,2.4023386240005493,,-1.8031429926665299,"native max(log Q, -2)"
ensemble_mean_output,stored_validation_top_member_mean,a_over_Ln,main_effect,3.1051031351089478,,-2.0554957611649263,"native max(log Q, -2)"
ensemble_mean_output,stored_validation_top_member_mean,a_over_Ln,main_effect,4.751394510269165,,-2.745569012539131,"native max(log Q, -2)"
ensemble_mean_output,stored_validation_top_member_mean,log_f_Q,main_effect,-3.1372791971964853,,-0.30898272025055296,"native max(log Q, -2)"
ensemble_mean_output,stored_validation_top_member_mean,log_f_Q,main_effect,-1.713842963419904,,-0.19109269437434398,"native max(log Q, -2)"
ensemble_mean_output,stored_validation_top_member_mean,log_f_Q,main_effect,-1.239035925619988,,-0.14975621126854416,"native max(log Q, -2)"
ensemble_mean_output,stored_validation_top_member_mean,log_f_Q,main_effect,-0.9241619599183961,,-0.11531228141777704,"native max(log Q, -2)"
ensemble_mean_output,stored_validation_top_member_mean,log_f_Q,main_effect,-0.6320958364916082,,-0.09457726287635938,"native max(log Q, -2)"
ensemble_mean_output,stored_validation_top_member_mean,log_f_Q,main_effect,-0.31358797589899445,,-0.06439113981046539,"native max(log Q, -2)"
ensemble_mean_output,stored_validation_top_member_mean,log_f_Q,main_effect,-0.14149194608289545,,-0.027711487190874046,"native max(log Q, -2)"
ensemble_mean_output,stored_validation_top_member_mean,log_f_Q,main_effect,-0.012740694314960572,,-0.014270448406859289,"native max(log Q, -2)"
ensemble_mean_output,stored_validation_top_member_mean,log_f_Q,main_effect,0.0848988732243062,,-0.00786085229772594,"native max(log Q, -2)"
ensemble_mean_output,stored_validation_top_member_mean,log_f_Q,main_effect,0.16610084800653785,,-0.007470025329461285,"native max(log Q, -2)"
ensemble_mean_output,stored_validation_top_member_mean,log_f_Q,main_effect,0.2503924468625113,,-0.008935538325069218,"native max(log Q, -2)"
ensemble_mean_output,stored_validation_top_member_mean,log_f_Q,main_effect,0.31471372324333946,,-0.0012118234399754943,"native max(log Q, -2)"
ensemble_mean_output,stored_validation_top_member_mean,log_f_Q,main_effect,0.36844858500678246,,0.006330570648433582,"native max(log Q, -2)"
ensemble_mean_output,stored_validation_top_member_mean,log_f_Q,main_effect,0.4174092761625019,,0.009838608496644297,"native max(log Q, -2)"
ensemble_mean_output,stored_validation_top_member_mean,log_f_Q,main_effect,0.4658609989877608,,0.003910914659972195,"native max(log Q, -2)"
ensemble_mean_output,stored_validation_top_member_mean,log_f_Q,main_effect,0.5149254087337809,,-0.009133206364548167,"native max(log Q, -2)"
ensemble_mean_output,stored_validation_top_member_mean,log_f_Q,main_effect,0.5700553200041469,,-0.02300463863055729,"native max(log Q, -2)"
ensemble_mean_output,stored_validation_top_member_mean,log_f_Q,main_effect,0.602907078079554,,-0.01900857175701512,"native max(log Q, -2)"
ensemble_mean_output,stored_validation_top_member_mean,log_f_Q,main_effect,0.6599486250252856,,-0.026471736629787048,"native max(log Q, -2)"
ensemble_mean_output,stored_validation_top_member_mean,log_f_Q,main_effect,0.7311003974152812,,-0.02334805047953693,"native max(log Q, -2)"
ensemble_mean_output,stored_validation_top_member_mean,log_f_Q,main_effect,0.7967068772538184,,-0.005522434448906571,"native max(log Q, -2)"
ensemble_mean_output,stored_validation_top_member_mean,log_f_Q,main_effect,0.8688247503273983,,0.009096454522948973,"native max(log Q, -2)"
ensemble_mean_output,stored_validation_top_member_mean,log_f_Q,main_effect,0.948952261537259,,0.04456650782089531,"native max(log Q, -2)"
ensemble_mean_output,stored_validation_top_member_mean,log_f_Q,main_effect,1.0351680252199196,,0.04881819431306546,"native max(log Q, -2)"
ensemble_mean_output,stored_validation_top_member_mean,log_f_Q,main_effect,1.1057418285295362,,0.06598227967847026,"native max(log Q, -2)"
ensemble_mean_output,stored_validation_top_member_mean,log_f_Q,main_effect,1.194304989817042,,0.06705054631568982,"native max(log Q, -2)"
ensemble_mean_output,stored_validation_top_member_mean,log_f_Q,main_effect,1.3297957512510112,,0.06442126614379605,"native max(log Q, -2)"
ensemble_mean_output,stored_validation_top_member_mean,log_f_Q,main_effect,1.4535490594271807,,0.07600917722324753,"native max(log Q, -2)"
ensemble_mean_output,stored_validation_top_member_mean,log_f_Q,main_effect,1.6531331997459353,,0.09073168970585331,"native max(log Q, -2)"
ensemble_mean_output,stored_validation_top_member_mean,log_f_Q,main_effect,1.9020767964854028,,0.11039471987969685,"native max(log Q, -2)"
ensemble_mean_output,stored_validation_top_member_mean,log_f_Q,main_effect,2.294791892109213,,0.15513117680199842,"native max(log Q, -2)"
ensemble_mean_output,stored_validation_top_member_mean,log_f_Q,main_effect,2.931347453866759,,0.2573511349931332,"native max(log Q, -2)"
ensemble_mean_output,stored_validation_top_member_mean,f_stab,main_effect,0.22482376588165742,,-0.5856453194970934,"native max(log Q, -2)"
ensemble_mean_output,stored_validation_top_member_mean,f_stab,main_effect,0.36834354165616,,-0.4781093966775144,"native max(log Q, -2)"
ensemble_mean_output,stored_validation_top_member_mean,f_stab,main_effect,0.42861262315356774,,-0.39512110794250216,"native max(log Q, -2)"
ensemble_mean_output,stored_validation_top_member_mean,f_stab,main_effect,0.49388179907982765,,-0.34383944429294117,"native max(log Q, -2)"
ensemble_mean_output,stored_validation_top_member_mean,f_stab,main_effect,0.563733632957149,,-0.2871395203775465,"native max(log Q, -2)"
ensemble_mean_output,stored_validation_top_member_mean,f_stab,main_effect,0.63438202937865,,-0.2010596565319842,"native max(log Q, -2)"
ensemble_mean_output,stored_validation_top_member_mean,f_stab,main_effect,0.7135654582844959,,-0.12576111614501892,"native max(log Q, -2)"
ensemble_mean_output,stored_validation_top_member_mean,f_stab,main_effect,0.7707057312871084,,-0.06971037257046801,"native max(log Q, -2)"
ensemble_mean_output,stored_validation_top_member_mean,f_stab,main_effect,0.8141218176936164,,-0.032650745187344205,"native max(log Q, -2)"
ensemble_mean_output,stored_validation_top_member_mean,f_stab,main_effect,0.8541090091455557,,0.007742626630303185,"native max(log Q, -2)"
ensemble_mean_output,stored_validation_top_member_mean,f_stab,main_effect,0.8911566779371366,,0.033148278413354874,"native max(log Q, -2)"
ensemble_mean_output,stored_validation_top_member_mean,f_stab,main_effect,0.9200264066099024,,0.03856199634721777,"native max(log Q, -2)"
ensemble_mean_output,stored_validation_top_member_mean,f_stab,main_effect,0.9524163559541904,,0.051263143623581454,"native max(log Q, -2)"
ensemble_mean_output,stored_validation_top_member_mean,f_stab,main_effect,0.975559061177456,,0.057727015815047966,"native max(log Q, -2)"
ensemble_mean_output,stored_validation_top_member_mean,f_stab,main_effect,0.9965410308341154,,0.08071169960464901,"native max(log Q, -2)"
ensemble_mean_output,stored_validation_top_member_mean,f_stab,main_effect,1.0182314794268241,,0.08960017762899697,"native max(log Q, -2)"
ensemble_mean_output,stored_validation_top_member_mean,f_stab,main_effect,1.037396763088498,,0.09005898396380949,"native max(log Q, -2)"
ensemble_mean_output,stored_validation_top_member_mean,f_stab,main_effect,1.0627687320344714,,0.09849482122789013,"native max(log Q, -2)"
ensemble_mean_output,stored_validation_top_member_mean,f_stab,main_effect,1.0781288585021191,,0.09632935545895317,"native max(log Q, -2)"
ensemble_mean_output,stored_validation_top_member_mean,f_stab,main_effect,1.0986447402654456,,0.10461955641487837,"native max(log Q, -2)"
ensemble_mean_output,stored_validation_top_member_mean,f_stab,main_effect,1.1311975741627518,,0.10838630084907028,"native max(log Q, -2)"
ensemble_mean_output,stored_validation_top_member_mean,f_stab,main_effect,1.1549475487879404,,0.10929011590753396,"native max(log Q, -2)"
ensemble_mean_output,stored_validation_top_member_mean,f_stab,main_effect,1.184713431111009,,0.10578777829096578,"native max(log Q, -2)"
ensemble_mean_output,stored_validation_top_member_mean,f_stab,main_effect,1.2133495356502695,,0.11431315954101785,"native max(log Q, -2)"
ensemble_mean_output,stored_validation_top_member_mean,f_stab,main_effect,1.2458931811530742,,0.12272304669962902,"native max(log Q, -2)"
ensemble_mean_output,stored_validation_top_member_mean,f_stab,main_effect,1.2806858622785189,,0.13277279082390395,"native max(log Q, -2)"
ensemble_mean_output,stored_validation_top_member_mean,f_stab,main_effect,1.328652905452731,,0.1355699563135505,"native max(log Q, -2)"
ensemble_mean_output,stored_validation_top_member_mean,f_stab,main_effect,1.380138244462375,,0.11697060357293076,"native max(log Q, -2)"
ensemble_mean_output,stored_validation_top_member_mean,f_stab,main_effect,1.4524246833481782,,0.10367717111353619,"native max(log Q, -2)"
ensemble_mean_output,stored_validation_top_member_mean,f_stab,main_effect,1.5530888120197042,,0.12219306581748876,"native max(log Q, -2)"
ensemble_mean_output,stored_validation_top_member_mean,f_stab,main_effect,1.715459614542501,,0.16960545861679976,"native max(log Q, -2)"
ensemble_mean_output,stored_validation_top_member_mean,f_stab,main_effect,2.3549027514098744,,0.32743941388892905,"native max(log Q, -2)"
ensemble_mean_output,stored_validation_top_member_mean,log_FSA_grad_x,main_effect,-0.5277567385884786,,-0.30685987645956697,"native max(log Q, -2)"
ensemble_mean_output,stored_validation_top_member_mean,log_FSA_grad_x,main_effect,-0.18442542351046268,,-0.24794017065790203,"native max(log Q, -2)"
ensemble_mean_output,stored_validation_top_member_mean,log_FSA_grad_x,main_effect,-0.057602778652505654,,-0.2012098864153133,"native max(log Q, -2)"
ensemble_mean_output,stored_validation_top_member_mean,log_FSA_grad_x,main_effect,0.008146500471370258,,-0.14027578700258644,"native max(log Q, -2)"
ensemble_mean_output,stored_validation_top_member_mean,log_FSA_grad_x,main_effect,0.06282052462238175,,-0.11558128758800397,"native max(log Q, -2)"
ensemble_mean_output,stored_validation_top_member_mean,log_FSA_grad_x,main_effect,0.08943585451559652,,-0.08142029726771174,"native max(log Q, -2)"
ensemble_mean_output,stored_validation_top_member_mean,log_FSA_grad_x,main_effect,0.11228066230182684,,-0.06303629546798475,"native max(log Q, -2)"
ensemble_mean_output,stored_validation_top_member_mean,log_FSA_grad_x,main_effect,0.12658252582883844,,-0.03765680108136171,"native max(log Q, -2)"
ensemble_mean_output,stored_validation_top_member_mean,log_FSA_grad_x,main_effect,0.13675800741887217,,-0.01662661917805362,"native max(log Q, -2)"
ensemble_mean_output,stored_validation_top_member_mean,log_FSA_grad_x,main_effect,0.1504694048623852,,0.013061138414563554,"native max(log Q, -2)"
ensemble_mean_output,stored_validation_top_member_mean,log_FSA_grad_x,main_effect,0.16482356531994913,,0.02531188646778115,"native max(log Q, -2)"
ensemble_mean_output,stored_validation_top_member_mean,log_FSA_grad_x,main_effect,0.17627255098303435,,0.03556031030834554,"native max(log Q, -2)"
ensemble_mean_output,stored_validation_top_member_mean,log_FSA_grad_x,main_effect,0.1915501566172924,,0.04546519794213029,"native max(log Q, -2)"
ensemble_mean_output,stored_validation_top_member_mean,log_FSA_grad_x,main_effect,0.20351389526141817,,0.0536799474279849,"native max(log Q, -2)"
ensemble_mean_output,stored_validation_top_member_mean,log_FSA_grad_x,main_effect,0.21606898863431379,,0.06108686006802571,"native max(log Q, -2)"
ensemble_mean_output,stored_validation_top_member_mean,log_FSA_grad_x,main_effect,0.22902898515738035,,0.06559152416690986,"native max(log Q, -2)"
ensemble_mean_output,stored_validation_top_member_mean,log_FSA_grad_x,main_effect,0.2391751561851091,,0.06800026457892894,"native max(log Q, -2)"
ensemble_mean_output,stored_validation_top_member_mean,log_FSA_grad_x,main_effect,0.2514205588199237,,0.07624431008595708,"native max(log Q, -2)"
ensemble_mean_output,stored_validation_top_member_mean,log_FSA_grad_x,main_effect,0.26416223277953044,,0.08646680734207422,"native max(log Q, -2)"
ensemble_mean_output,stored_validation_top_member_mean,log_FSA_grad_x,main_effect,0.2757308028624021,,0.08947612894207123,"native max(log Q, -2)"
ensemble_mean_output,stored_validation_top_member_mean,log_FSA_grad_x,main_effect,0.293127019469046,,0.08368186965623241,"native max(log Q, -2)"
ensemble_mean_output,stored_validation_top_member_mean,log_FSA_grad_x,main_effect,0.3068156491800449,,0.08157299274576993,"native max(log Q, -2)"
ensemble_mean_output,stored_validation_top_member_mean,log_FSA_grad_x,main_effect,0.3291982036882788,,0.07969243511412147,"native max(log Q, -2)"
ensemble_mean_output,stored_validation_top_member_mean,log_FSA_grad_x,main_effect,0.356844764649959,,0.0770283470545296,"native max(log Q, -2)"
ensemble_mean_output,stored_validation_top_member_mean,log_FSA_grad_x,main_effect,0.38018704219412924,,0.05855830715549915,"native max(log Q, -2)"
ensemble_mean_output,stored_validation_top_member_mean,log_FSA_grad_x,main_effect,0.4274491131350573,,0.028092767532121074,"native max(log Q, -2)"
ensemble_mean_output,stored_validation_top_member_mean,log_FSA_grad_x,main_effect,0.493794546309002,,0.019308849984964467,"native max(log Q, -2)"
ensemble_mean_output,stored_validation_top_member_mean,log_FSA_grad_x,main_effect,0.5659831095227608,,0.014377557567189427,"native max(log Q, -2)"
ensemble_mean_output,stored_validation_top_member_mean,log_FSA_grad_x,main_effect,0.6527215220947906,,-0.0174828181899859,"native max(log Q, -2)"
ensemble_mean_output,stored_validation_top_member_mean,log_FSA_grad_x,main_effect,0.7270764642439417,,-0.027450834073398805,"native max(log Q, -2)"
ensemble_mean_output,stored_validation_top_member_mean,log_FSA_grad_x,main_effect,0.8606266955615611,,0.028997780914243633,"native max(log Q, -2)"
ensemble_mean_output,stored_validation_top_member_mean,log_FSA_grad_x,main_effect,1.2175818574136108,,0.07644552483225871,"native max(log Q, -2)"
ensemble_mean_output,stored_validation_top_member_mean,bad_curvature_compression,main_effect,0.0,,-0.21309715718959205,"native max(log Q, -2)"
ensemble_mean_output,stored_validation_top_member_mean,bad_curvature_compression,main_effect,0.040043095928454654,,-0.16019443699679362,"native max(log Q, -2)"
ensemble_mean_output,stored_validation_top_member_mean,bad_curvature_compression,main_effect,0.11637153586374345,,-0.12358348860535227,"native max(log Q, -2)"
ensemble_mean_output,stored_validation_top_member_mean,bad_curvature_compression,main_effect,0.20184149018891462,,-0.08981434063687921,"native max(log Q, -2)"
ensemble_mean_output,stored_validation_top_member_mean,bad_curvature_compression,main_effect,0.27625888580533053,,-0.07288703646651656,"native max(log Q, -2)"
ensemble_mean_output,stored_validation_top_member_mean,bad_curvature_compression,main_effect,0.37772818002514164,,-0.05255327417894623,"native max(log Q, -2)"
ensemble_mean_output,stored_validation_top_member_mean,bad_curvature_compression,main_effect,0.4376769524342149,,-0.05536470827069676,"native max(log Q, -2)"
ensemble_mean_output,stored_validation_top_member_mean,bad_curvature_compression,main_effect,0.5120203653261879,,-0.04695376862103069,"native max(log Q, -2)"
ensemble_mean_output,stored_validation_top_member_mean,bad_curvature_compression,main_effect,0.5765436094946987,,-0.04227246952772461,"native max(log Q, -2)"
ensemble_mean_output,stored_validation_top_member_mean,bad_curvature_compression,main_effect,0.6247337831757989,,-0.041380720174342224,"native max(log Q, -2)"
ensemble_mean_output,stored_validation_top_member_mean,bad_curvature_compression,main_effect,0.6765515944701086,,-0.02849811232365653,"native max(log Q, -2)"
ensemble_mean_output,stored_validation_top_member_mean,bad_curvature_compression,main_effect,0.7340826184720184,,-0.02484685786878673,"native max(log Q, -2)"
ensemble_mean_output,stored_validation_top_member_mean,bad_curvature_compression,main_effect,0.792270317941693,,-0.021638787246103824,"native max(log Q, -2)"
ensemble_mean_output,stored_validation_top_member_mean,bad_curvature_compression,main_effect,0.8766376604703936,,-0.026897374218424353,"native max(log Q, -2)"
ensemble_mean_output,stored_validation_top_member_mean,bad_curvature_compression,main_effect,0.9812264984681589,,-0.03569926308488016,"native max(log Q, -2)"
ensemble_mean_output,stored_validation_top_member_mean,bad_curvature_compression,main_effect,1.0375658948203959,,-0.04114528190683752,"native max(log Q, -2)"
ensemble_mean_output,stored_validation_top_member_mean,bad_curvature_compression,main_effect,1.1239995989276748,,-0.0470705652631917,"native max(log Q, -2)"
ensemble_mean_output,stored_validation_top_member_mean,bad_curvature_compression,main_effect,1.209367276379852,,-0.0473325331954601,"native max(log Q, -2)"
ensemble_mean_output,stored_validation_top_member_mean,bad_curvature_compression,main_effect,1.2994978605065142,,-0.04511074657682078,"native max(log Q, -2)"
ensemble_mean_output,stored_validation_top_member_mean,bad_curvature_compression,main_effect,1.3937281352561286,,-0.023212552726350987,"native max(log Q, -2)"
ensemble_mean_output,stored_validation_top_member_mean,bad_curvature_compression,main_effect,1.4974580572156206,,-0.0197872505647298,"native max(log Q, -2)"
ensemble_mean_output,stored_validation_top_member_mean,bad_curvature_compression,main_effect,1.6541450196423055,,-0.013320833776930614,"native max(log Q, -2)"
ensemble_mean_output,stored_validation_top_member_mean,bad_curvature_compression,main_effect,1.8395270826576673,,0.0025863665916985375,"native max(log Q, -2)"
ensemble_mean_output,stored_validation_top_member_mean,bad_curvature_compression,main_effect,2.0211606685317203,,0.015242084784200163,"native max(log Q, -2)"
ensemble_mean_output,stored_validation_top_member_mean,bad_curvature_compression,main_effect,2.312416462104111,,0.04127941174805409,"native max(log Q, -2)"
ensemble_mean_output,stored_validation_top_member_mean,bad_curvature_compression,main_effect,2.6753986027397696,,0.08520116551059034,"native max(log Q, -2)"
ensemble_mean_output,stored_validation_top_member_mean,bad_curvature_compression,main_effect,3.230306248971198,,0.11438053222880606,"native max(log Q, -2)"
ensemble_mean_output,stored_validation_top_member_mean,bad_curvature_compression,main_effect,3.8666002731277995,,0.13928420124457552,"native max(log Q, -2)"
ensemble_mean_output,stored_validation_top_member_mean,bad_curvature_compression,main_effect,5.067713841143107,,0.19152451785736785,"native max(log Q, -2)"
ensemble_mean_output,stored_validation_top_member_mean,bad_curvature_compression,main_effect,6.824399899444618,,0.23881030103647566,"native max(log Q, -2)"
ensemble_mean_output,stored_validation_top_member_mean,bad_curvature_compression,main_effect,9.980143448393118,,0.28601898125575914,"native max(log Q, -2)"
ensemble_mean_output,stored_validation_top_member_mean,bad_curvature_compression,main_effect,31.662612284827745,,0.473348849736404,"native max(log Q, -2)"
ensemble_mean_output,stored_validation_top_member_mean,paper_bad_curvature_feature_mean_square,main_effect,0.0,,-0.23037917187305065,"native max(log Q, -2)"
ensemble_mean_output,stored_validation_top_member_mean,paper_bad_curvature_feature_mean_square,main_effect,0.05522149116426257,,-0.18183043882925626,"native max(log Q, -2)"
ensemble_mean_output,stored_validation_top_member_mean,paper_bad_curvature_feature_mean_square,main_effect,0.15818497170032206,,-0.13676239794288986,"native max(log Q, -2)"
ensemble_mean_output,stored_validation_top_member_mean,paper_bad_curvature_feature_mean_square,main_effect,0.2958359615324661,,-0.10707962680055638,"native max(log Q, -2)"
ensemble_mean_output,stored_validation_top_member_mean,paper_bad_curvature_feature_mean_square,main_effect,0.4767309188327896,,-0.08926548886933908,"native max(log Q, -2)"
ensemble_mean_output,stored_validation_top_member_mean,paper_bad_curvature_feature_mean_square,main_effect,0.6264598543191415,,-0.06636368357792718,"native max(log Q, -2)"
ensemble_mean_output,stored_validation_top_member_mean,paper_bad_curvature_feature_mean_square,main_effect,0.7622547112262752,,-0.035012688224169974,"native max(log Q, -2)"
ensemble_mean_output,stored_validation_top_member_mean,paper_bad_curvature_feature_mean_square,main_effect,0.867126909634012,,-0.036335408375842815,"native max(log Q, -2)"
ensemble_mean_output,stored_validation_top_member_mean,paper_bad_curvature_feature_mean_square,main_effect,0.9953895306012508,,-0.037503511499202634,"native max(log Q, -2)"
ensemble_mean_output,stored_validation_top_member_mean,paper_bad_curvature_feature_mean_square,main_effect,1.0814018808873147,,-0.04584008115508738,"native max(log Q, -2)"
ensemble_mean_output,stored_validation_top_member_mean,paper_bad_curvature_feature_mean_square,main_effect,1.1913536712234647,,-0.03193430654262215,"native max(log Q, -2)"
ensemble_mean_output,stored_validation_top_member_mean,paper_bad_curvature_feature_mean_square,main_effect,1.319183039104659,,-0.025738385724987264,"native max(log Q, -2)"
ensemble_mean_output,stored_validation_top_member_mean,paper_bad_curvature_feature_mean_square,main_effect,1.4164782776845888,,-0.024603455133547072,"native max(log Q, -2)"
ensemble_mean_output,stored_validation_top_member_mean,paper_bad_curvature_feature_mean_square,main_effect,1.5309193847074678,,-0.01959787256947326,"native max(log Q, -2)"
ensemble_mean_output,stored_validation_top_member_mean,paper_bad_curvature_feature_mean_square,main_effect,1.6452523782048454,,-0.024747199720977726,"native max(log Q, -2)"
ensemble_mean_output,stored_validation_top_member_mean,paper_bad_curvature_feature_mean_square,main_effect,1.7142609892228498,,-0.017510645168199654,"native max(log Q, -2)"
ensemble_mean_output,stored_validation_top_member_mean,paper_bad_curvature_feature_mean_square,main_effect,1.8635799793762935,,-0.01875144802946433,"native max(log Q, -2)"
ensemble_mean_output,stored_validation_top_member_mean,paper_bad_curvature_feature_mean_square,main_effect,2.023535711938306,,-0.023623458259126425,"native max(log Q, -2)"
ensemble_mean_output,stored_validation_top_member_mean,paper_bad_curvature_feature_mean_square,main_effect,2.2307553396892725,,-0.013582605613351494,"native max(log Q, -2)"
ensemble_mean_output,stored_validation_top_member_mean,paper_bad_curvature_feature_mean_square,main_effect,2.3962872217239912,,-0.005421503323112739,"native max(log Q, -2)"
ensemble_mean_output,stored_validation_top_member_mean,paper_bad_curvature_feature_mean_square,main_effect,2.6045413942489986,,0.03459995210834142,"native max(log Q, -2)"
ensemble_mean_output,stored_validation_top_member_mean,paper_bad_curvature_feature_mean_square,main_effect,2.829847601809911,,0.04008079017243309,"native max(log Q, -2)"
ensemble_mean_output,stored_validation_top_member_mean,paper_bad_curvature_feature_mean_square,main_effect,3.2260454406382966,,0.04920023152627886,"native max(log Q, -2)"
ensemble_mean_output,stored_validation_top_member_mean,paper_bad_curvature_feature_mean_square,main_effect,3.487969533884253,,0.06202138881511626,"native max(log Q, -2)"
ensemble_mean_output,stored_validation_top_member_mean,paper_bad_curvature_feature_mean_square,main_effect,3.8191498353614888,,0.08138832023918673,"native max(log Q, -2)"
ensemble_mean_output,stored_validation_top_member_mean,paper_bad_curvature_feature_mean_square,main_effect,4.298526882792114,,0.09189592109296253,"native max(log Q, -2)"
ensemble_mean_output,stored_validation_top_member_mean,paper_bad_curvature_feature_mean_square,main_effect,5.015802791682851,,0.10373626957996289,"native max(log Q, -2)"
ensemble_mean_output,stored_validation_top_member_mean,paper_bad_curvature_feature_mean_square,main_effect,5.837657706703807,,0.12435323716480565,"native max(log Q, -2)"
ensemble_mean_output,stored_validation_top_member_mean,paper_bad_curvature_feature_mean_square,main_effect,7.639949314411392,,0.14697362815867607,"native max(log Q, -2)"
ensemble_mean_output,stored_validation_top_member_mean,paper_bad_curvature_feature_mean_square,main_effect,11.062144118935603,,0.1835311673895279,"native max(log Q, -2)"
ensemble_mean_output,stored_validation_top_member_mean,paper_bad_curvature_feature_mean_square,main_effect,16.54279308935454,,0.23401354835110869,"native max(log Q, -2)"
ensemble_mean_output,stored_validation_top_member_mean,paper_bad_curvature_feature_mean_square,main_effect,44.919345793114886,,0.3809485008002371,"native max(log Q, -2)"
ensemble_mean_output,stored_validation_top_member_mean,geodesic_curvature_abs_mean,main_effect,0.009350968778259508,,-0.1400897811729761,"native max(log Q, -2)"
ensemble_mean_output,stored_validation_top_member_mean,geodesic_curvature_abs_mean,main_effect,0.07233486718905624,,-0.11425566228281081,"native max(log Q, -2)"
ensemble_mean_output,stored_validation_top_member_mean,geodesic_curvature_abs_mean,main_effect,0.08798888969370941,,-0.07587994087831992,"native max(log Q, -2)"
ensemble_mean_output,stored_validation_top_member_mean,geodesic_curvature_abs_mean,main_effect,0.10163026482526527,,-0.04351005955126802,"native max(log Q, -2)"
ensemble_mean_output,stored_validation_top_member_mean,geodesic_curvature_abs_mean,main_effect,0.11076486595266036,,-0.0379790470327226,"native max(log Q, -2)"
ensemble_mean_output,stored_validation_top_member_mean,geodesic_curvature_abs_mean,main_effect,0.12065368408426973,,-0.042779377929848345,"native max(log Q, -2)"
ensemble_mean_output,stored_validation_top_member_mean,geodesic_curvature_abs_mean,main_effect,0.12592411872659193,,-0.05434997441974014,"native max(log Q, -2)"
ensemble_mean_output,stored_validation_top_member_mean,geodesic_curvature_abs_mean,main_effect,0.1302139296652361,,-0.06274975850416971,"native max(log Q, -2)"
ensemble_mean_output,stored_validation_top_member_mean,geodesic_curvature_abs_mean,main_effect,0.13756822630966783,,-0.056617682590700165,"native max(log Q, -2)"
ensemble_mean_output,stored_validation_top_member_mean,geodesic_curvature_abs_mean,main_effect,0.14549016238500675,,-0.0432689397162772,"native max(log Q, -2)"
ensemble_mean_output,stored_validation_top_member_mean,geodesic_curvature_abs_mean,main_effect,0.1551818007398348,,-0.038228254963839324,"native max(log Q, -2)"
ensemble_mean_output,stored_validation_top_member_mean,geodesic_curvature_abs_mean,main_effect,0.16292069995931047,,-0.036775042714215424,"native max(log Q, -2)"
ensemble_mean_output,stored_validation_top_member_mean,geodesic_curvature_abs_mean,main_effect,0.16944914392661303,,-0.027685283085280232,"native max(log Q, -2)"
ensemble_mean_output,stored_validation_top_member_mean,geodesic_curvature_abs_mean,main_effect,0.17510772383805792,,-0.025841314959738525,"native max(log Q, -2)"
ensemble_mean_output,stored_validation_top_member_mean,geodesic_curvature_abs_mean,main_effect,0.1825145659677219,,-0.030286281905528817,"native max(log Q, -2)"
ensemble_mean_output,stored_validation_top_member_mean,geodesic_curvature_abs_mean,main_effect,0.19050201606781533,,-0.02844615409268786,"native max(log Q, -2)"
ensemble_mean_output,stored_validation_top_member_mean,geodesic_curvature_abs_mean,main_effect,0.19800123561678146,,-0.020676288734737085,"native max(log Q, -2)"
ensemble_mean_output,stored_validation_top_member_mean,geodesic_curvature_abs_mean,main_effect,0.20647144741784967,,-0.01856625945013602,"native max(log Q, -2)"
ensemble_mean_output,stored_validation_top_member_mean,geodesic_curvature_abs_mean,main_effect,0.21586432764706842,,-0.014099409949923194,"native max(log Q, -2)"
ensemble_mean_output,stored_validation_top_member_mean,geodesic_curvature_abs_mean,main_effect,0.22356330310988903,,-0.015824483756729537,"native max(log Q, -2)"
ensemble_mean_output,stored_validation_top_member_mean,geodesic_curvature_abs_mean,main_effect,0.23076531484124035,,-0.011172274041062217,"native max(log Q, -2)"
ensemble_mean_output,stored_validation_top_member_mean,geodesic_curvature_abs_mean,main_effect,0.2378539251052037,,-0.007604015419263203,"native max(log Q, -2)"
ensemble_mean_output,stored_validation_top_member_mean,geodesic_curvature_abs_mean,main_effect,0.24891835000744322,,-0.0005822220645973156,"native max(log Q, -2)"
ensemble_mean_output,stored_validation_top_member_mean,geodesic_curvature_abs_mean,main_effect,0.2570020028263874,,0.03346717367460669,"native max(log Q, -2)"
ensemble_mean_output,stored_validation_top_member_mean,geodesic_curvature_abs_mean,main_effect,0.26593551815070293,,0.049715421488985355,"native max(log Q, -2)"
ensemble_mean_output,stored_validation_top_member_mean,geodesic_curvature_abs_mean,main_effect,0.2769781767759317,,0.07066072260844844,"native max(log Q, -2)"
ensemble_mean_output,stored_validation_top_member_mean,geodesic_curvature_abs_mean,main_effect,0.2913857640038865,,0.0890764900274421,"native max(log Q, -2)"
ensemble_mean_output,stored_validation_top_member_mean,geodesic_curvature_abs_mean,main_effect,0.3086644678696758,,0.08485991400829211,"native max(log Q, -2)"
ensemble_mean_output,stored_validation_top_member_mean,geodesic_curvature_abs_mean,main_effect,0.32752573008959496,,0.09879904955906059,"native max(log Q, -2)"
ensemble_mean_output,stored_validation_top_member_mean,geodesic_curvature_abs_mean,main_effect,0.3528389563046707,,0.13293013718284794,"native max(log Q, -2)"
ensemble_mean_output,stored_validation_top_member_mean,geodesic_curvature_abs_mean,main_effect,0.38088501673579833,,0.14109785023915583,"native max(log Q, -2)"
ensemble_mean_output,stored_validation_top_member_mean,geodesic_curvature_abs_mean,main_effect,0.5259077142691241,,0.23294419407938446,"native max(log Q, -2)"
ensemble_mean_output,stored_validation_top_member_mean,geodesic_curvature_compression,main_effect,0.007889698173984593,,-0.3078020444327459,"native max(log Q, -2)"
ensemble_mean_output,stored_validation_top_member_mean,geodesic_curvature_compression,main_effect,0.06112253759421008,,-0.2480647015754467,"native max(log Q, -2)"
ensemble_mean_output,stored_validation_top_member_mean,geodesic_curvature_compression,main_effect,0.08472354472861182,,-0.22029429778338186,"native max(log Q, -2)"
ensemble_mean_output,stored_validation_top_member_mean,geodesic_curvature_compression,main_effect,0.10747155202098062,,-0.17709126073241,"native max(log Q, -2)"
ensemble_mean_output,stored_validation_top_member_mean,geodesic_curvature_compression,main_effect,0.12387289272906463,,-0.14691126038627397,"native max(log Q, -2)"
ensemble_mean_output,stored_validation_top_member_mean,geodesic_curvature_compression,main_effect,0.1328591549518529,,-0.1381160859152802,"native max(log Q, -2)"
ensemble_mean_output,stored_validation_top_member_mean,geodesic_curvature_compression,main_effect,0.14368524331994942,,-0.11755324604775505,"native max(log Q, -2)"
ensemble_mean_output,stored_validation_top_member_mean,geodesic_curvature_compression,main_effect,0.15561149293698617,,-0.10854560457056613,"native max(log Q, -2)"
ensemble_mean_output,stored_validation_top_member_mean,geodesic_curvature_compression,main_effect,0.16382137142401326,,-0.1082327200172207,"native max(log Q, -2)"
ensemble_mean_output,stored_validation_top_member_mean,geodesic_curvature_compression,main_effect,0.1726624695944159,,-0.08843752432132812,"native max(log Q, -2)"
ensemble_mean_output,stored_validation_top_member_mean,geodesic_curvature_compression,main_effect,0.18351264481514726,,-0.07072838315076163,"native max(log Q, -2)"
ensemble_mean_output,stored_validation_top_member_mean,geodesic_curvature_compression,main_effect,0.19458147299331868,,-0.0531418916194959,"native max(log Q, -2)"
ensemble_mean_output,stored_validation_top_member_mean,geodesic_curvature_compression,main_effect,0.2027830657635095,,-0.03317760617150228,"native max(log Q, -2)"
ensemble_mean_output,stored_validation_top_member_mean,geodesic_curvature_compression,main_effect,0.2115110303305454,,-0.01788400249191333,"native max(log Q, -2)"
ensemble_mean_output,stored_validation_top_member_mean,geodesic_curvature_compression,main_effect,0.22159419202635466,,0.0013073595087837774,"native max(log Q, -2)"
ensemble_mean_output,stored_validation_top_member_mean,geodesic_curvature_compression,main_effect,0.23068011147729056,,0.018049770952507815,"native max(log Q, -2)"
ensemble_mean_output,stored_validation_top_member_mean,geodesic_curvature_compression,main_effect,0.24064712718541206,,0.032718306528805606,"native max(log Q, -2)"
ensemble_mean_output,stored_validation_top_member_mean,geodesic_curvature_compression,main_effect,0.2511457826759343,,0.05442769481456413,"native max(log Q, -2)"
ensemble_mean_output,stored_validation_top_member_mean,geodesic_curvature_compression,main_effect,0.26145423436101833,,0.08166982068343029,"native max(log Q, -2)"
ensemble_mean_output,stored_validation_top_member_mean,geodesic_curvature_compression,main_effect,0.2703036766359932,,0.09407358837880059,"native max(log Q, -2)"
ensemble_mean_output,stored_validation_top_member_mean,geodesic_curvature_compression,main_effect,0.2780013666140342,,0.11696793834233532,"native max(log Q, -2)"
ensemble_mean_output,stored_validation_top_member_mean,geodesic_curvature_compression,main_effect,0.2906341978805378,,0.11925923510220593,"native max(log Q, -2)"
ensemble_mean_output,stored_validation_top_member_mean,geodesic_curvature_compression,main_effect,0.29962640199149576,,0.11132289445412408,"native max(log Q, -2)"
ensemble_mean_output,stored_validation_top_member_mean,geodesic_curvature_compression,main_effect,0.31218959854131,,0.11395986060930136,"native max(log Q, -2)"
ensemble_mean_output,stored_validation_top_member_mean,geodesic_curvature_compression,main_effect,0.3291850964793466,,0.1029739627347397,"native max(log Q, -2)"
ensemble_mean_output,stored_validation_top_member_mean,geodesic_curvature_compression,main_effect,0.3392562852423112,,0.09672740499694088,"native max(log Q, -2)"
ensemble_mean_output,stored_validation_top_member_mean,geodesic_curvature_compression,main_effect,0.35692183850756576,,0.08984738504499039,"native max(log Q, -2)"
ensemble_mean_output,stored_validation_top_member_mean,geodesic_curvature_compression,main_effect,0.38038553842740697,,0.10349449320862009,"native max(log Q, -2)"
ensemble_mean_output,stored_validation_top_member_mean,geodesic_curvature_compression,main_effect,0.4070419599273801,,0.11325254161849,"native max(log Q, -2)"
ensemble_mean_output,stored_validation_top_member_mean,geodesic_curvature_compression,main_effect,0.43901535719898166,,0.139650420558429,"native max(log Q, -2)"
ensemble_mean_output,stored_validation_top_member_mean,geodesic_curvature_compression,main_effect,0.5051609310213148,,0.12555937769157605,"native max(log Q, -2)"
ensemble_mean_output,stored_validation_top_member_mean,geodesic_curvature_compression,main_effect,0.7778913563250064,,0.20541393581520964,"native max(log Q, -2)"
ensemble_mean_output,stored_validation_top_member_mean,parallel_roughness_iqr_scaled,main_effect,3.3164699841034717,,0.12891259566573654,"native max(log Q, -2)"
ensemble_mean_output,stored_validation_top_member_mean,parallel_roughness_iqr_scaled,main_effect,6.525813301660298,,0.14538406277756238,"native max(log Q, -2)"
ensemble_mean_output,stored_validation_top_member_mean,parallel_roughness_iqr_scaled,main_effect,7.6687505211598594,,0.13107837627422697,"native max(log Q, -2)"
ensemble_mean_output,stored_validation_top_member_mean,parallel_roughness_iqr_scaled,main_effect,8.284621645266194,,0.10079476115254501,"native max(log Q, -2)"
ensemble_mean_output,stored_validation_top_member_mean,parallel_roughness_iqr_scaled,main_effect,8.944785169885812,,0.07509459251357128,"native max(log Q, -2)"
ensemble_mean_output,stored_validation_top_member_mean,parallel_roughness_iqr_scaled,main_effect,9.89562892450568,,0.0539458530413089,"native max(log Q, -2)"
ensemble_mean_output,stored_validation_top_member_mean,parallel_roughness_iqr_scaled,main_effect,10.593465022932463,,0.03436982326496482,"native max(log Q, -2)"
ensemble_mean_output,stored_validation_top_member_mean,parallel_roughness_iqr_scaled,main_effect,11.245235411203764,,0.009858453529869318,"native max(log Q, -2)"
ensemble_mean_output,stored_validation_top_member_mean,parallel_roughness_iqr_scaled,main_effect,11.668083050132887,,-0.00950476643723178,"native max(log Q, -2)"
ensemble_mean_output,stored_validation_top_member_mean,parallel_roughness_iqr_scaled,main_effect,12.287269857238183,,-0.019974194491344965,"native max(log Q, -2)"
ensemble_mean_output,stored_validation_top_member_mean,parallel_roughness_iqr_scaled,main_effect,12.880994209398656,,-0.021848194402294886,"native max(log Q, -2)"
ensemble_mean_output,stored_validation_top_member_mean,parallel_roughness_iqr_scaled,main_effect,13.351647753432646,,-0.035034602320701026,"native max(log Q, -2)"
ensemble_mean_output,stored_validation_top_member_mean,parallel_roughness_iqr_scaled,main_effect,14.07435204019393,,-0.042537941805442334,"native max(log Q, -2)"
ensemble_mean_output,stored_validation_top_member_mean,parallel_roughness_iqr_scaled,main_effect,14.625570324590136,,-0.05314622711822707,"native max(log Q, -2)"
ensemble_mean_output,stored_validation_top_member_mean,parallel_roughness_iqr_scaled,main_effect,15.255447701752,,-0.06021195856691274,"native max(log Q, -2)"
ensemble_mean_output,stored_validation_top_member_mean,parallel_roughness_iqr_scaled,main_effect,15.93932120232245,,-0.06748414383373541,"native max(log Q, -2)"
ensemble_mean_output,stored_validation_top_member_mean,parallel_roughness_iqr_scaled,main_effect,16.613483808120804,,-0.06677098970846193,"native max(log Q, -2)"
ensemble_mean_output,stored_validation_top_member_mean,parallel_roughness_iqr_scaled,main_effect,17.35888171787531,,-0.05873778489792893,"native max(log Q, -2)"
ensemble_mean_output,stored_validation_top_member_mean,parallel_roughness_iqr_scaled,main_effect,18.107217451123557,,-0.05884050646552638,"native max(log Q, -2)"
ensemble_mean_output,stored_validation_top_member_mean,parallel_roughness_iqr_scaled,main_effect,18.904381959467166,,-0.057684525789726715,"native max(log Q, -2)"
ensemble_mean_output,stored_validation_top_member_mean,parallel_roughness_iqr_scaled,main_effect,19.90534510812168,,-0.06340248667705654,"native max(log Q, -2)"
ensemble_mean_output,stored_validation_top_member_mean,parallel_roughness_iqr_scaled,main_effect,21.092881795919993,,-0.05207049580797263,"native max(log Q, -2)"
ensemble_mean_output,stored_validation_top_member_mean,parallel_roughness_iqr_scaled,main_effect,22.55867686838366,,-0.03659622365492915,"native max(log Q, -2)"
ensemble_mean_output,stored_validation_top_member_mean,parallel_roughness_iqr_scaled,main_effect,24.035461763031563,,-0.014643164973358814,"native max(log Q, -2)"
ensemble_mean_output,stored_validation_top_member_mean,parallel_roughness_iqr_scaled,main_effect,25.636945118533642,,-0.017918579117039885,"native max(log Q, -2)"
ensemble_mean_output,stored_validation_top_member_mean,parallel_roughness_iqr_scaled,main_effect,27.347476113970245,,-0.018049675218918225,"native max(log Q, -2)"
ensemble_mean_output,stored_validation_top_member_mean,parallel_roughness_iqr_scaled,main_effect,30.261320569888955,,-0.021051084046497935,"native max(log Q, -2)"
ensemble_mean_output,stored_validation_top_member_mean,parallel_roughness_iqr_scaled,main_effect,34.214643244738454,,-0.008013025061960655,"native max(log Q, -2)"
ensemble_mean_output,stored_validation_top_member_mean,parallel_roughness_iqr_scaled,main_effect,37.95203884143847,,0.007023010780894388,"native max(log Q, -2)"
ensemble_mean_output,stored_validation_top_member_mean,parallel_roughness_iqr_scaled,main_effect,44.543667036070104,,0.025603788011876967,"native max(log Q, -2)"
ensemble_mean_output,stored_validation_top_member_mean,parallel_roughness_iqr_scaled,main_effect,59.68846348273276,,0.05116237177352942,"native max(log Q, -2)"
ensemble_mean_output,stored_validation_top_member_mean,parallel_roughness_iqr_scaled,main_effect,449.69559950372195,,0.06801447780382214,"native max(log Q, -2)"
ensemble_mean_output,stored_validation_top_member_mean,cross_channel_colocation,main_effect,0.0,,-0.2275866564960658,"native max(log Q, -2)"
ensemble_mean_output,stored_validation_top_member_mean,cross_channel_colocation,main_effect,0.06664988101110539,,-0.14465646793173914,"native max(log Q, -2)"
ensemble_mean_output,stored_validation_top_member_mean,cross_channel_colocation,main_effect,0.1926796733484037,,-0.08763180166934438,"native max(log Q, -2)"
ensemble_mean_output,stored_validation_top_member_mean,cross_channel_colocation,main_effect,0.3305028210567863,,-0.0598249744573906,"native max(log Q, -2)"
ensemble_mean_output,stored_validation_top_member_mean,cross_channel_colocation,main_effect,0.45111669541486166,,-0.04156735799413039,"native max(log Q, -2)"
ensemble_mean_output,stored_validation_top_member_mean,cross_channel_colocation,main_effect,0.5617308727389484,,-0.0320924623012182,"native max(log Q, -2)"
ensemble_mean_output,stored_validation_top_member_mean,cross_channel_colocation,main_effect,0.6567534571462993,,-0.03027934737485891,"native max(log Q, -2)"
ensemble_mean_output,stored_validation_top_member_mean,cross_channel_colocation,main_effect,0.7267349366544291,,-0.022519621544266684,"native max(log Q, -2)"
ensemble_mean_output,stored_validation_top_member_mean,cross_channel_colocation,main_effect,0.8150854597232531,,-0.03323204461206855,"native max(log Q, -2)"
ensemble_mean_output,stored_validation_top_member_mean,cross_channel_colocation,main_effect,0.8854121070690294,,-0.03550992076632488,"native max(log Q, -2)"
ensemble_mean_output,stored_validation_top_member_mean,cross_channel_colocation,main_effect,0.9542575783251417,,-0.033453351902161726,"native max(log Q, -2)"
ensemble_mean_output,stored_validation_top_member_mean,cross_channel_colocation,main_effect,1.009773509643411,,-0.032991973235646864,"native max(log Q, -2)"
ensemble_mean_output,stored_validation_top_member_mean,cross_channel_colocation,main_effect,1.0643819947004438,,-0.03638864763426893,"native max(log Q, -2)"
ensemble_mean_output,stored_validation_top_member_mean,cross_channel_colocation,main_effect,1.1369166085538387,,-0.03461164684143774,"native max(log Q, -2)"
ensemble_mean_output,stored_validation_top_member_mean,cross_channel_colocation,main_effect,1.1984577121565068,,-0.04136806509775176,"native max(log Q, -2)"
ensemble_mean_output,stored_validation_top_member_mean,cross_channel_colocation,main_effect,1.2516359984541956,,-0.04666252332650449,"native max(log Q, -2)"
ensemble_mean_output,stored_validation_top_member_mean,cross_channel_colocation,main_effect,1.2932546777852325,,-0.029983411482082917,"native max(log Q, -2)"
ensemble_mean_output,stored_validation_top_member_mean,cross_channel_colocation,main_effect,1.3647141761828019,,-0.01812551969462896,"native max(log Q, -2)"
ensemble_mean_output,stored_validation_top_member_mean,cross_channel_colocation,main_effect,1.4572393572986235,,0.0018618789761434724,"native max(log Q, -2)"
ensemble_mean_output,stored_validation_top_member_mean,cross_channel_colocation,main_effect,1.5680668576232026,,0.0049959288020717425,"native max(log Q, -2)"
ensemble_mean_output,stored_validation_top_member_mean,cross_channel_colocation,main_effect,1.680477562352136,,0.024256653292138504,"native max(log Q, -2)"
ensemble_mean_output,stored_validation_top_member_mean,cross_channel_colocation,main_effect,1.8140210382447508,,0.038442183695173354,"native max(log Q, -2)"
ensemble_mean_output,stored_validation_top_member_mean,cross_channel_colocation,main_effect,1.9386721770633941,,0.043150999060882586,"native max(log Q, -2)"
ensemble_mean_output,stored_validation_top_member_mean,cross_channel_colocation,main_effect,2.070102749170708,,0.05975196499045614,"native max(log Q, -2)"
ensemble_mean_output,stored_validation_top_member_mean,cross_channel_colocation,main_effect,2.247422337258988,,0.07912609462311533,"native max(log Q, -2)"
ensemble_mean_output,stored_validation_top_member_mean,cross_channel_colocation,main_effect,2.4532535421668156,,0.08558075907467733,"native max(log Q, -2)"
ensemble_mean_output,stored_validation_top_member_mean,cross_channel_colocation,main_effect,2.7130128792327013,,0.08717894161437363,"native max(log Q, -2)"
ensemble_mean_output,stored_validation_top_member_mean,cross_channel_colocation,main_effect,3.1406404247815276,,0.1006256037844403,"native max(log Q, -2)"
ensemble_mean_output,stored_validation_top_member_mean,cross_channel_colocation,main_effect,3.9318583034380103,,0.10784733880381661,"native max(log Q, -2)"
ensemble_mean_output,stored_validation_top_member_mean,cross_channel_colocation,main_effect,5.216106685002086,,0.14938939336632712,"native max(log Q, -2)"
ensemble_mean_output,stored_validation_top_member_mean,cross_channel_colocation,main_effect,7.19108340562524,,0.20924813927164898,"native max(log Q, -2)"
ensemble_mean_output,stored_validation_top_member_mean,cross_channel_colocation,main_effect,14.93604350531389,,0.32276719493632455,"native max(log Q, -2)"
ensemble_mean_output,stored_validation_top_member_mean,bmag_parallel_expected_k,main_effect,1.1920382450865792,,0.14136685152157857,"native max(log Q, -2)"
ensemble_mean_output,stored_validation_top_member_mean,bmag_parallel_expected_k,main_effect,2.00042730481691,,0.11548234581149082,"native max(log Q, -2)"
ensemble_mean_output,stored_validation_top_member_mean,bmag_parallel_expected_k,main_effect,2.3455112082238543,,0.12653933152996122,"native max(log Q, -2)"
ensemble_mean_output,stored_validation_top_member_mean,bmag_parallel_expected_k,main_effect,2.6627631116073656,,0.12387262034113364,"native max(log Q, -2)"
ensemble_mean_output,stored_validation_top_member_mean,bmag_parallel_expected_k,main_effect,2.8332773894828973,,0.11159865103471447,"native max(log Q, -2)"
ensemble_mean_output,stored_validation_top_member_mean,bmag_parallel_expected_k,main_effect,2.9620874125625853,,0.10646875714742479,"native max(log Q, -2)"
ensemble_mean_output,stored_validation_top_member_mean,bmag_parallel_expected_k,main_effect,3.1156600516160484,,0.10568754901255228,"native max(log Q, -2)"
ensemble_mean_output,stored_validation_top_member_mean,bmag_parallel_expected_k,main_effect,3.273627454307598,,0.09607885626996424,"native max(log Q, -2)"
ensemble_mean_output,stored_validation_top_member_mean,bmag_parallel_expected_k,main_effect,3.45856801513495,,0.0685305029834323,"native max(log Q, -2)"
ensemble_mean_output,stored_validation_top_member_mean,bmag_parallel_expected_k,main_effect,3.6371529639693625,,0.04714689095855277,"native max(log Q, -2)"
ensemble_mean_output,stored_validation_top_member_mean,bmag_parallel_expected_k,main_effect,3.8636753503005057,,0.02841785396503234,"native max(log Q, -2)"
ensemble_mean_output,stored_validation_top_member_mean,bmag_parallel_expected_k,main_effect,4.051665817403245,,0.008551709401376218,"native max(log Q, -2)"
ensemble_mean_output,stored_validation_top_member_mean,bmag_parallel_expected_k,main_effect,4.236051649196192,,1.4043449899567512e-05,"native max(log Q, -2)"
ensemble_mean_output,stored_validation_top_member_mean,bmag_parallel_expected_k,main_effect,4.437667386859554,,-0.008657483554330029,"native max(log Q, -2)"
ensemble_mean_output,stored_validation_top_member_mean,bmag_parallel_expected_k,main_effect,4.652912773913863,,-0.01945108472103209,"native max(log Q, -2)"
ensemble_mean_output,stored_validation_top_member_mean,bmag_parallel_expected_k,main_effect,5.024813672111133,,-0.01831202638660624,"native max(log Q, -2)"
ensemble_mean_output,stored_validation_top_member_mean,bmag_parallel_expected_k,main_effect,5.224414936052387,,-0.02010907304306088,"native max(log Q, -2)"
ensemble_mean_output,stored_validation_top_member_mean,bmag_parallel_expected_k,main_effect,5.512503979079229,,-0.02105041564016911,"native max(log Q, -2)"
ensemble_mean_output,stored_validation_top_member_mean,bmag_parallel_expected_k,main_effect,5.880919542075251,,-0.01867292734333234,"native max(log Q, -2)"
ensemble_mean_output,stored_validation_top_member_mean,bmag_parallel_expected_k,main_effect,6.431980430154384,,-0.026267230074185008,"native max(log Q, -2)"
ensemble_mean_output,stored_validation_top_member_mean,bmag_parallel_expected_k,main_effect,6.834912480126297,,-0.036191721094445406,"native max(log Q, -2)"
ensemble_mean_output,stored_validation_top_member_mean,bmag_parallel_expected_k,main_effect,7.104912911640481,,-0.05054481268822028,"native max(log Q, -2)"
ensemble_mean_output,stored_validation_top_member_mean,bmag_parallel_expected_k,main_effect,7.413947347348882,,-0.06867058233819784,"native max(log Q, -2)"
ensemble_mean_output,stored_validation_top_member_mean,bmag_parallel_expected_k,main_effect,7.95298153803396,,-0.07707286736888133,"native max(log Q, -2)"
ensemble_mean_output,stored_validation_top_member_mean,bmag_parallel_expected_k,main_effect,8.287180523326139,,-0.07643170489581627,"native max(log Q, -2)"
ensemble_mean_output,stored_validation_top_member_mean,bmag_parallel_expected_k,main_effect,8.752703360023844,,-0.06873858494653644,"native max(log Q, -2)"
ensemble_mean_output,stored_validation_top_member_mean,bmag_parallel_expected_k,main_effect,9.250239175533427,,-0.06693835387235973,"native max(log Q, -2)"
ensemble_mean_output,stored_validation_top_member_mean,bmag_parallel_expected_k,main_effect,9.753528696238556,,-0.08128127423146399,"native max(log Q, -2)"
ensemble_mean_output,stored_validation_top_member_mean,bmag_parallel_expected_k,main_effect,10.439356679804316,,-0.08554387935465374,"native max(log Q, -2)"
ensemble_mean_output,stored_validation_top_member_mean,bmag_parallel_expected_k,main_effect,11.188294161731841,,-0.09081756561127598,"native max(log Q, -2)"
ensemble_mean_output,stored_validation_top_member_mean,bmag_parallel_expected_k,main_effect,12.264105283505046,,-0.07411035405900472,"native max(log Q, -2)"
ensemble_mean_output,stored_validation_top_member_mean,bmag_parallel_expected_k,main_effect,14.659488456701158,,-0.12382129127788893,"native max(log Q, -2)"
ensemble_mean_output,stored_validation_top_member_mean,compression_parallel_expected_k,main_effect,1.44452694818908,,-0.11188612681230034,"native max(log Q, -2)"
ensemble_mean_output,stored_validation_top_member_mean,compression_parallel_expected_k,main_effect,2.4952331855898224,,-0.039196135258249776,"native max(log Q, -2)"
ensemble_mean_output,stored_validation_top_member_mean,compression_parallel_expected_k,main_effect,2.7038762803044354,,-0.011289949226592015,"native max(log Q, -2)"
ensemble_mean_output,stored_validation_top_member_mean,compression_parallel_expected_k,main_effect,3.005272484436159,,-0.0030162511983786496,"native max(log Q, -2)"
ensemble_mean_output,stored_validation_top_member_mean,compression_parallel_expected_k,main_effect,3.1758050342748354,,0.00023182912845036516,"native max(log Q, -2)"
ensemble_mean_output,stored_validation_top_member_mean,compression_parallel_expected_k,main_effect,3.3374138654175662,,-0.0056126073369800805,"native max(log Q, -2)"
ensemble_mean_output,stored_validation_top_member_mean,compression_parallel_expected_k,main_effect,3.5233172030302993,,-0.0003484866107031307,"native max(log Q, -2)"
ensemble_mean_output,stored_validation_top_member_mean,compression_parallel_expected_k,main_effect,3.6883984651721295,,-0.008915089637745635,"native max(log Q, -2)"
ensemble_mean_output,stored_validation_top_member_mean,compression_parallel_expected_k,main_effect,3.8696664704275143,,-0.013851792207310056,"native max(log Q, -2)"
ensemble_mean_output,stored_validation_top_member_mean,compression_parallel_expected_k,main_effect,4.011381907409078,,-0.015017822371575543,"native max(log Q, -2)"
ensemble_mean_output,stored_validation_top_member_mean,compression_parallel_expected_k,main_effect,4.10620781168606,,-0.011081139879774566,"native max(log Q, -2)"
ensemble_mean_output,stored_validation_top_member_mean,compression_parallel_expected_k,main_effect,4.23390110751035,,-0.008895593750843632,"native max(log Q, -2)"
ensemble_mean_output,stored_validation_top_member_mean,compression_parallel_expected_k,main_effect,4.3950900852500805,,-0.0016107047458082044,"native max(log Q, -2)"
ensemble_mean_output,stored_validation_top_member_mean,compression_parallel_expected_k,main_effect,4.528698505374109,,0.0006213862563167923,"native max(log Q, -2)"
ensemble_mean_output,stored_validation_top_member_mean,compression_parallel_expected_k,main_effect,4.65443266396165,,0.003283564806869036,"native max(log Q, -2)"
ensemble_mean_output,stored_validation_top_member_mean,compression_parallel_expected_k,main_effect,4.857853482185325,,0.010140572415865159,"native max(log Q, -2)"
ensemble_mean_output,stored_validation_top_member_mean,compression_parallel_expected_k,main_effect,5.004471084522239,,0.02114797202409468,"native max(log Q, -2)"
ensemble_mean_output,stored_validation_top_member_mean,compression_parallel_expected_k,main_effect,5.195847606403694,,0.028931741007672426,"native max(log Q, -2)"
ensemble_mean_output,stored_validation_top_member_mean,compression_parallel_expected_k,main_effect,5.377000277835615,,0.03483079708092396,"native max(log Q, -2)"
ensemble_mean_output,stored_validation_top_member_mean,compression_parallel_expected_k,main_effect,5.572812115611185,,0.03592636349752336,"native max(log Q, -2)"
ensemble_mean_output,stored_validation_top_member_mean,compression_parallel_expected_k,main_effect,5.7820668886567885,,0.03733183271062245,"native max(log Q, -2)"
ensemble_mean_output,stored_validation_top_member_mean,compression_parallel_expected_k,main_effect,5.9697981751305225,,0.031065622910480803,"native max(log Q, -2)"
ensemble_mean_output,stored_validation_top_member_mean,compression_parallel_expected_k,main_effect,6.192792574825598,,0.030233827877656164,"native max(log Q, -2)"
ensemble_mean_output,stored_validation_top_member_mean,compression_parallel_expected_k,main_effect,6.400907974127423,,0.01878223078567025,"native max(log Q, -2)"
ensemble_mean_output,stored_validation_top_member_mean,compression_parallel_expected_k,main_effect,6.656990441534724,,0.0015597209945672,"native max(log Q, -2)"
ensemble_mean_output,stored_validation_top_member_mean,compression_parallel_expected_k,main_effect,7.075960341307097,,-0.014388279397050742,"native max(log Q, -2)"
ensemble_mean_output,stored_validation_top_member_mean,compression_parallel_expected_k,main_effect,7.344071793173743,,-0.02394726573202963,"native max(log Q, -2)"
ensemble_mean_output,stored_validation_top_member_mean,compression_parallel_expected_k,main_effect,7.645014422426994,,-0.021792547131961992,"native max(log Q, -2)"
ensemble_mean_output,stored_validation_top_member_mean,compression_parallel_expected_k,main_effect,8.037848138762609,,-0.004963500798580546,"native max(log Q, -2)"
ensemble_mean_output,stored_validation_top_member_mean,compression_parallel_expected_k,main_effect,8.67012962510806,,0.015370526583149028,"native max(log Q, -2)"
ensemble_mean_output,stored_validation_top_member_mean,compression_parallel_expected_k,main_effect,9.450497091580068,,0.005880726538831749,"native max(log Q, -2)"
ensemble_mean_output,stored_validation_top_member_mean,compression_parallel_expected_k,main_effect,10.811615498230733,,-0.0777918336066871,"native max(log Q, -2)"
ensemble_mean_output,stored_validation_top_member_mean,curvature_parallel_expected_k,main_effect,1.1826984965191376,,0.028575502064922507,"native max(log Q, -2)"
ensemble_mean_output,stored_validation_top_member_mean,curvature_parallel_expected_k,main_effect,1.9890588460030774,,-0.012724298166643678,"native max(log Q, -2)"
ensemble_mean_output,stored_validation_top_member_mean,curvature_parallel_expected_k,main_effect,2.334624574949851,,-0.013826434728733777,"native max(log Q, -2)"
ensemble_mean_output,stored_validation_top_member_mean,curvature_parallel_expected_k,main_effect,2.5848150502818936,,-0.0012725944790295644,"native max(log Q, -2)"
ensemble_mean_output,stored_validation_top_member_mean,curvature_parallel_expected_k,main_effect,2.8503466078697803,,0.007555415808498257,"native max(log Q, -2)"
ensemble_mean_output,stored_validation_top_member_mean,curvature_parallel_expected_k,main_effect,3.0516126415281457,,0.015941804741382362,"native max(log Q, -2)"
ensemble_mean_output,stored_validation_top_member_mean,curvature_parallel_expected_k,main_effect,3.1571917505964313,,0.02619562290551383,"native max(log Q, -2)"
ensemble_mean_output,stored_validation_top_member_mean,curvature_parallel_expected_k,main_effect,3.2815894012348883,,0.030759905625950885,"native max(log Q, -2)"
ensemble_mean_output,stored_validation_top_member_mean,curvature_parallel_expected_k,main_effect,3.439974913336717,,0.030086909360794382,"native max(log Q, -2)"
ensemble_mean_output,stored_validation_top_member_mean,curvature_parallel_expected_k,main_effect,3.6395243616197828,,0.020897501591368505,"native max(log Q, -2)"
ensemble_mean_output,stored_validation_top_member_mean,curvature_parallel_expected_k,main_effect,3.8528826985623024,,0.011545663691268564,"native max(log Q, -2)"
ensemble_mean_output,stored_validation_top_member_mean,curvature_parallel_expected_k,main_effect,4.123334113467838,,-0.0009004137752362373,"native max(log Q, -2)"
ensemble_mean_output,stored_validation_top_member_mean,curvature_parallel_expected_k,main_effect,4.276416644423197,,-0.0037100130623537887,"native max(log Q, -2)"
ensemble_mean_output,stored_validation_top_member_mean,curvature_parallel_expected_k,main_effect,4.513708737765535,,-0.005007232120511608,"native max(log Q, -2)"
ensemble_mean_output,stored_validation_top_member_mean,curvature_parallel_expected_k,main_effect,4.770862233904506,,-0.008303833337308766,"native max(log Q, -2)"
ensemble_mean_output,stored_validation_top_member_mean,curvature_parallel_expected_k,main_effect,5.087935141360958,,-0.006644278948061411,"native max(log Q, -2)"
ensemble_mean_output,stored_validation_top_member_mean,curvature_parallel_expected_k,main_effect,5.463883755258251,,-0.0021840289161564556,"native max(log Q, -2)"
ensemble_mean_output,stored_validation_top_member_mean,curvature_parallel_expected_k,main_effect,5.775931723487524,,0.005421559192418798,"native max(log Q, -2)"
ensemble_mean_output,stored_validation_top_member_mean,curvature_parallel_expected_k,main_effect,6.110582013012336,,0.006492372655018794,"native max(log Q, -2)"
ensemble_mean_output,stored_validation_top_member_mean,curvature_parallel_expected_k,main_effect,6.502557643594603,,-0.0026397990873200617,"native max(log Q, -2)"
ensemble_mean_output,stored_validation_top_member_mean,curvature_parallel_expected_k,main_effect,6.858410180406682,,-0.00887006444587746,"native max(log Q, -2)"
ensemble_mean_output,stored_validation_top_member_mean,curvature_parallel_expected_k,main_effect,7.156088792217977,,-0.004759995290006088,"native max(log Q, -2)"
ensemble_mean_output,stored_validation_top_member_mean,curvature_parallel_expected_k,main_effect,7.682416968037046,,0.008733707273349788,"native max(log Q, -2)"
ensemble_mean_output,stored_validation_top_member_mean,curvature_parallel_expected_k,main_effect,8.104401072560158,,0.022774225573244013,"native max(log Q, -2)"
ensemble_mean_output,stored_validation_top_member_mean,curvature_parallel_expected_k,main_effect,8.548000890254059,,0.02883810454188139,"native max(log Q, -2)"
ensemble_mean_output,stored_validation_top_member_mean,curvature_parallel_expected_k,main_effect,8.945427724212628,,0.025251088464411,"native max(log Q, -2)"
ensemble_mean_output,stored_validation_top_member_mean,curvature_parallel_expected_k,main_effect,9.533856645288957,,0.021631069245924377,"native max(log Q, -2)"
ensemble_mean_output,stored_validation_top_member_mean,curvature_parallel_expected_k,main_effect,10.071436380917877,,0.010403112821915883,"native max(log Q, -2)"
ensemble_mean_output,stored_validation_top_member_mean,curvature_parallel_expected_k,main_effect,10.649245361321666,,-0.019492134643877616,"native max(log Q, -2)"
ensemble_mean_output,stored_validation_top_member_mean,curvature_parallel_expected_k,main_effect,11.475592042814288,,-0.04892651627028011,"native max(log Q, -2)"
ensemble_mean_output,stored_validation_top_member_mean,curvature_parallel_expected_k,main_effect,12.26095551921272,,-0.06379444650441428,"native max(log Q, -2)"
ensemble_mean_output,stored_validation_top_member_mean,curvature_parallel_expected_k,main_effect,16.584139520150696,,-0.08811953446757503,"native max(log Q, -2)"
ensemble_mean_output,stored_validation_top_member_mean,local_shear_abs_mean,main_effect,1.06967333635699,,0.053088738796255225,"native max(log Q, -2)"
ensemble_mean_output,stored_validation_top_member_mean,local_shear_abs_mean,main_effect,4.143729501033851,,0.0006139791702248227,"native max(log Q, -2)"
ensemble_mean_output,stored_validation_top_member_mean,local_shear_abs_mean,main_effect,5.8320792295705335,,-0.003301215242297921,"native max(log Q, -2)"
ensemble_mean_output,stored_validation_top_member_mean,local_shear_abs_mean,main_effect,7.366712637720768,,0.015538190265922753,"native max(log Q, -2)"
ensemble_mean_output,stored_validation_top_member_mean,local_shear_abs_mean,main_effect,8.612597662158187,,0.035458195604679964,"native max(log Q, -2)"
ensemble_mean_output,stored_validation_top_member_mean,local_shear_abs_mean,main_effect,9.523035735089902,,0.05510362651549719,"native max(log Q, -2)"
ensemble_mean_output,stored_validation_top_member_mean,local_shear_abs_mean,main_effect,10.42292723471382,,0.07314371783132109,"native max(log Q, -2)"
ensemble_mean_output,stored_validation_top_member_mean,local_shear_abs_mean,main_effect,11.436492999864878,,0.08395802455589481,"native max(log Q, -2)"
ensemble_mean_output,stored_validation_top_member_mean,local_shear_abs_mean,main_effect,12.466414283339699,,0.09279110532620521,"native max(log Q, -2)"
ensemble_mean_output,stored_validation_top_member_mean,local_shear_abs_mean,main_effect,12.99962769452143,,0.09069410000864919,"native max(log Q, -2)"
ensemble_mean_output,stored_validation_top_member_mean,local_shear_abs_mean,main_effect,13.653977522450194,,0.08606393626280871,"native max(log Q, -2)"
ensemble_mean_output,stored_validation_top_member_mean,local_shear_abs_mean,main_effect,14.182628406308563,,0.08833680143396613,"native max(log Q, -2)"
ensemble_mean_output,stored_validation_top_member_mean,local_shear_abs_mean,main_effect,15.15853454743018,,0.07849755919568405,"native max(log Q, -2)"
ensemble_mean_output,stored_validation_top_member_mean,local_shear_abs_mean,main_effect,15.838994817013766,,0.0684192328378895,"native max(log Q, -2)"
ensemble_mean_output,stored_validation_top_member_mean,local_shear_abs_mean,main_effect,16.36527338447715,,0.06801804461372236,"native max(log Q, -2)"
ensemble_mean_output,stored_validation_top_member_mean,local_shear_abs_mean,main_effect,16.946616464123466,,0.0681474631025363,"native max(log Q, -2)"
ensemble_mean_output,stored_validation_top_member_mean,local_shear_abs_mean,main_effect,17.561595194399608,,0.06546345498461568,"native max(log Q, -2)"
ensemble_mean_output,stored_validation_top_member_mean,local_shear_abs_mean,main_effect,18.177242489928243,,0.05232787221130125,"native max(log Q, -2)"
ensemble_mean_output,stored_validation_top_member_mean,local_shear_abs_mean,main_effect,18.95088938110552,,0.032949959722026224,"native max(log Q, -2)"
ensemble_mean_output,stored_validation_top_member_mean,local_shear_abs_mean,main_effect,19.76287378814549,,0.010114671930976274,"native max(log Q, -2)"
ensemble_mean_output,stored_validation_top_member_mean,local_shear_abs_mean,main_effect,20.55875394069161,,-0.009342833166706036,"native max(log Q, -2)"
ensemble_mean_output,stored_validation_top_member_mean,local_shear_abs_mean,main_effect,21.45108379146928,,-0.037884769927389435,"native max(log Q, -2)"
ensemble_mean_output,stored_validation_top_member_mean,local_shear_abs_mean,main_effect,22.42247832865519,,-0.06627511671681584,"native max(log Q, -2)"
ensemble_mean_output,stored_validation_top_member_mean,local_shear_abs_mean,main_effect,23.91016832926787,,-0.07905738580966591,"native max(log Q, -2)"
ensemble_mean_output,stored_validation_top_member_mean,local_shear_abs_mean,main_effect,25.136738879714194,,-0.0903821481896247,"native max(log Q, -2)"
ensemble_mean_output,stored_validation_top_member_mean,local_shear_abs_mean,main_effect,26.64614020168073,,-0.09557903892858971,"native max(log Q, -2)"
ensemble_mean_output,stored_validation_top_member_mean,local_shear_abs_mean,main_effect,28.295350039322724,,-0.11522650332154688,"native max(log Q, -2)"
ensemble_mean_output,stored_validation_top_member_mean,local_shear_abs_mean,main_effect,30.497750505203822,,-0.12286693244270938,"native max(log Q, -2)"
ensemble_mean_output,stored_validation_top_member_mean,local_shear_abs_mean,main_effect,32.18654605264399,,-0.12737548432123455,"native max(log Q, -2)"
ensemble_mean_output,stored_validation_top_member_mean,local_shear_abs_mean,main_effect,35.584511796393144,,-0.12997795700662956,"native max(log Q, -2)"
ensemble_mean_output,stored_validation_top_member_mean,local_shear_abs_mean,main_effect,41.86626543040869,,-0.12992182915481548,"native max(log Q, -2)"
ensemble_mean_output,stored_validation_top_member_mean,local_shear_abs_mean,main_effect,67.66948225050064,,-0.14229694840485865,"native max(log Q, -2)"
ensemble_mean_output,stored_validation_top_member_mean,f_Q_integrand_w25_peak,main_effect,0.06457202007711853,,-0.3994967804666434,"native max(log Q, -2)"
ensemble_mean_output,stored_validation_top_member_mean,f_Q_integrand_w25_peak,main_effect,0.2785588893864086,,-0.29347891861787745,"native max(log Q, -2)"
ensemble_mean_output,stored_validation_top_member_mean,f_Q_integrand_w25_peak,main_effect,0.48918828200179754,,-0.23840367432421516,"native max(log Q, -2)"
ensemble_mean_output,stored_validation_top_member_mean,f_Q_integrand_w25_peak,main_effect,0.6730614291980621,,-0.19163661896468195,"native max(log Q, -2)"
ensemble_mean_output,stored_validation_top_member_mean,f_Q_integrand_w25_peak,main_effect,0.9967779728636241,,-0.1778606437044143,"native max(log Q, -2)"
ensemble_mean_output,stored_validation_top_member_mean,f_Q_integrand_w25_peak,main_effect,1.3101415298784995,,-0.15231027320439913,"native max(log Q, -2)"
ensemble_mean_output,stored_validation_top_member_mean,f_Q_integrand_w25_peak,main_effect,1.5749233453565514,,-0.1321042944420324,"native max(log Q, -2)"
ensemble_mean_output,stored_validation_top_member_mean,f_Q_integrand_w25_peak,main_effect,1.8127396961562914,,-0.1094094402428176,"native max(log Q, -2)"
ensemble_mean_output,stored_validation_top_member_mean,f_Q_integrand_w25_peak,main_effect,2.0049404049433086,,-0.09405007816771928,"native max(log Q, -2)"
ensemble_mean_output,stored_validation_top_member_mean,f_Q_integrand_w25_peak,main_effect,2.193608136546242,,-0.07467255866154468,"native max(log Q, -2)"
ensemble_mean_output,stored_validation_top_member_mean,f_Q_integrand_w25_peak,main_effect,2.3069439886483396,,-0.06461643238185077,"native max(log Q, -2)"
ensemble_mean_output,stored_validation_top_member_mean,f_Q_integrand_w25_peak,main_effect,2.456877179163439,,-0.07382810003993384,"native max(log Q, -2)"
ensemble_mean_output,stored_validation_top_member_mean,f_Q_integrand_w25_peak,main_effect,2.619810511870972,,-0.06749311620798049,"native max(log Q, -2)"
ensemble_mean_output,stored_validation_top_member_mean,f_Q_integrand_w25_peak,main_effect,2.744921959253753,,-0.05592957289141778,"native max(log Q, -2)"
ensemble_mean_output,stored_validation_top_member_mean,f_Q_integrand_w25_peak,main_effect,2.877505848165714,,-0.05643319654721056,"native max(log Q, -2)"
ensemble_mean_output,stored_validation_top_member_mean,f_Q_integrand_w25_peak,main_effect,3.0819395450332516,,-0.038683568277843076,"native max(log Q, -2)"
ensemble_mean_output,stored_validation_top_member_mean,f_Q_integrand_w25_peak,main_effect,3.228382316144308,,-0.024387749842075673,"native max(log Q, -2)"
ensemble_mean_output,stored_validation_top_member_mean,f_Q_integrand_w25_peak,main_effect,3.5199241732715296,,-0.001444714899412938,"native max(log Q, -2)"
ensemble_mean_output,stored_validation_top_member_mean,f_Q_integrand_w25_peak,main_effect,3.8323798738493746,,0.01582928281833314,"native max(log Q, -2)"
ensemble_mean_output,stored_validation_top_member_mean,f_Q_integrand_w25_peak,main_effect,4.14043860980191,,0.05644993587004611,"native max(log Q, -2)"
ensemble_mean_output,stored_validation_top_member_mean,f_Q_integrand_w25_peak,main_effect,4.389757383059743,,0.07489345370562778,"native max(log Q, -2)"
ensemble_mean_output,stored_validation_top_member_mean,f_Q_integrand_w25_peak,main_effect,4.7691597865290705,,0.08172329817282388,"native max(log Q, -2)"
ensemble_mean_output,stored_validation_top_member_mean,f_Q_integrand_w25_peak,main_effect,5.34188375274854,,0.08513595513575581,"native max(log Q, -2)"
ensemble_mean_output,stored_validation_top_member_mean,f_Q_integrand_w25_peak,main_effect,6.039586918196841,,0.0905862051252272,"native max(log Q, -2)"
ensemble_mean_output,stored_validation_top_member_mean,f_Q_integrand_w25_peak,main_effect,6.891644234582968,,0.09896494566530671,"native max(log Q, -2)"
ensemble_mean_output,stored_validation_top_member_mean,f_Q_integrand_w25_peak,main_effect,8.128452561272194,,0.12161410100012007,"native max(log Q, -2)"
ensemble_mean_output,stored_validation_top_member_mean,f_Q_integrand_w25_peak,main_effect,9.258158495607137,,0.1333223661491257,"native max(log Q, -2)"
ensemble_mean_output,stored_validation_top_member_mean,f_Q_integrand_w25_peak,main_effect,10.720094224526406,,0.17824613657557925,"native max(log Q, -2)"
ensemble_mean_output,stored_validation_top_member_mean,f_Q_integrand_w25_peak,main_effect,13.581513345474017,,0.22774177829892733,"native max(log Q, -2)"
ensemble_mean_output,stored_validation_top_member_mean,f_Q_integrand_w25_peak,main_effect,17.40148199139876,,0.2739003211742482,"native max(log Q, -2)"
ensemble_mean_output,stored_validation_top_member_mean,f_Q_integrand_w25_peak,main_effect,22.2187317186874,,0.3211191893632877,"native max(log Q, -2)"
ensemble_mean_output,stored_validation_top_member_mean,f_Q_integrand_w25_peak,main_effect,50.50315487162647,,0.488582496361053,"native max(log Q, -2)"
ensemble_mean_output,stored_validation_top_member_mean,geodesic_abs_w25_peak,main_effect,0.01633606620132923,,0.05092916230601944,"native max(log Q, -2)"
ensemble_mean_output,stored_validation_top_member_mean,geodesic_abs_w25_peak,main_effect,0.10186510868370532,,0.02551858676275099,"native max(log Q, -2)"
ensemble_mean_output,stored_validation_top_member_mean,geodesic_abs_w25_peak,main_effect,0.127582890689373,,0.045965182032855344,"native max(log Q, -2)"
ensemble_mean_output,stored_validation_top_member_mean,geodesic_abs_w25_peak,main_effect,0.1427201061323285,,0.02326258762791089,"native max(log Q, -2)"
ensemble_mean_output,stored_validation_top_member_mean,geodesic_abs_w25_peak,main_effect,0.15078622147440912,,-0.006967935737881567,"native max(log Q, -2)"
ensemble_mean_output,stored_validation_top_member_mean,geodesic_abs_w25_peak,main_effect,0.15867976054549215,,-0.01972563317218424,"native max(log Q, -2)"
ensemble_mean_output,stored_validation_top_member_mean,geodesic_abs_w25_peak,main_effect,0.17093788504600527,,-0.0351473899203114,"native max(log Q, -2)"
ensemble_mean_output,stored_validation_top_member_mean,geodesic_abs_w25_peak,main_effect,0.18222619041800497,,-0.03772958980703662,"native max(log Q, -2)"
ensemble_mean_output,stored_validation_top_member_mean,geodesic_abs_w25_peak,main_effect,0.19600745797157287,,-0.022898825874235387,"native max(log Q, -2)"
ensemble_mean_output,stored_validation_top_member_mean,geodesic_abs_w25_peak,main_effect,0.20628694344311954,,-0.009890845734805611,"native max(log Q, -2)"
ensemble_mean_output,stored_validation_top_member_mean,geodesic_abs_w25_peak,main_effect,0.21651431541889915,,0.007089333653373187,"native max(log Q, -2)"
ensemble_mean_output,stored_validation_top_member_mean,geodesic_abs_w25_peak,main_effect,0.2279817188624293,,0.02547250290155221,"native max(log Q, -2)"
ensemble_mean_output,stored_validation_top_member_mean,geodesic_abs_w25_peak,main_effect,0.2382492995262146,,0.03483151939401208,"native max(log Q, -2)"
ensemble_mean_output,stored_validation_top_member_mean,geodesic_abs_w25_peak,main_effect,0.24794465162791313,,0.03623347573004795,"native max(log Q, -2)"
ensemble_mean_output,stored_validation_top_member_mean,geodesic_abs_w25_peak,main_effect,0.25736147094517947,,0.03198746074238817,"native max(log Q, -2)"
ensemble_mean_output,stored_validation_top_member_mean,geodesic_abs_w25_peak,main_effect,0.26804914981126793,,0.03032284655775395,"native max(log Q, -2)"
ensemble_mean_output,stored_validation_top_member_mean,geodesic_abs_w25_peak,main_effect,0.2779101672396064,,0.023479327846137016,"native max(log Q, -2)"
ensemble_mean_output,stored_validation_top_member_mean,geodesic_abs_w25_peak,main_effect,0.28576802879571916,,0.014539131118168142,"native max(log Q, -2)"
ensemble_mean_output,stored_validation_top_member_mean,geodesic_abs_w25_peak,main_effect,0.2941832759976387,,0.013228899193445014,"native max(log Q, -2)"
ensemble_mean_output,stored_validation_top_member_mean,geodesic_abs_w25_peak,main_effect,0.30298862347146494,,0.024126437968246015,"native max(log Q, -2)"
ensemble_mean_output,stored_validation_top_member_mean,geodesic_abs_w25_peak,main_effect,0.31417563110589986,,0.025276799322462525,"native max(log Q, -2)"
ensemble_mean_output,stored_validation_top_member_mean,geodesic_abs_w25_peak,main_effect,0.32526606231927874,,0.02048842957089,"native max(log Q, -2)"
ensemble_mean_output,stored_validation_top_member_mean,geodesic_abs_w25_peak,main_effect,0.3438676693663004,,0.015361300208845312,"native max(log Q, -2)"
ensemble_mean_output,stored_validation_top_member_mean,geodesic_abs_w25_peak,main_effect,0.3553514140844345,,0.004779680074011057,"native max(log Q, -2)"
ensemble_mean_output,stored_validation_top_member_mean,geodesic_abs_w25_peak,main_effect,0.36950905542820695,,-0.001858233648047769,"native max(log Q, -2)"
ensemble_mean_output,stored_validation_top_member_mean,geodesic_abs_w25_peak,main_effect,0.3876465165615082,,-0.0004253168435839426,"native max(log Q, -2)"
ensemble_mean_output,stored_validation_top_member_mean,geodesic_abs_w25_peak,main_effect,0.4008001436293125,,-0.0038560809902536755,"native max(log Q, -2)"
ensemble_mean_output,stored_validation_top_member_mean,geodesic_abs_w25_peak,main_effect,0.4166489655897021,,-0.010130654279888502,"native max(log Q, -2)"
ensemble_mean_output,stored_validation_top_member_mean,geodesic_abs_w25_peak,main_effect,0.4377885989099741,,-0.04606798317965098,"native max(log Q, -2)"
ensemble_mean_output,stored_validation_top_member_mean,geodesic_abs_w25_peak,main_effect,0.46789498949423436,,-0.08415403611107157,"native max(log Q, -2)"
ensemble_mean_output,stored_validation_top_member_mean,geodesic_abs_w25_peak,main_effect,0.5214080489426851,,-0.10995356895711923,"native max(log Q, -2)"
ensemble_mean_output,stored_validation_top_member_mean,geodesic_abs_w25_peak,main_effect,0.7224011261761188,,-0.04930347882350185,"native max(log Q, -2)"
ensemble_mean_output,stored_validation_top_member_mean,a_over_LT & log_f_Q,pairwise_interaction,0.020469365641474724,-3.1372791971964853,1.016538063878874,"native max(log Q, -2)"
ensemble_mean_output,stored_validation_top_member_mean,a_over_LT & log_f_Q,pairwise_interaction,0.020469365641474724,-0.475736696355459,0.23718476352242684,"native max(log Q, -2)"
ensemble_mean_output,stored_validation_top_member_mean,a_over_LT & log_f_Q,pairwise_interaction,0.020469365641474724,0.15334520664740808,0.027525036772909094,"native max(log Q, -2)"
ensemble_mean_output,stored_validation_top_member_mean,a_over_LT & log_f_Q,pairwise_interaction,0.020469365641474724,0.4155584048360205,-0.06911647576512939,"native max(log Q, -2)"
ensemble_mean_output,stored_validation_top_member_mean,a_over_LT & log_f_Q,pairwise_interaction,0.020469365641474724,0.606389675332959,-0.2200330855502316,"native max(log Q, -2)"
ensemble_mean_output,stored_validation_top_member_mean,a_over_LT & log_f_Q,pairwise_interaction,0.020469365641474724,0.8877572786327694,-0.2746061553971026,"native max(log Q, -2)"
ensemble_mean_output,stored_validation_top_member_mean,a_over_LT & log_f_Q,pairwise_interaction,0.020469365641474724,1.2191466923148706,-0.4766989412110193,"native max(log Q, -2)"
ensemble_mean_output,stored_validation_top_member_mean,a_over_LT & log_f_Q,pairwise_interaction,0.020469365641474724,2.3895103701399574,-1.1154511537975789,"native max(log Q, -2)"
ensemble_mean_output,stored_validation_top_member_mean,a_over_LT & log_f_Q,pairwise_interaction,0.9006037712097168,-3.1372791971964853,0.6340697567743668,"native max(log Q, -2)"
ensemble_mean_output,stored_validation_top_member_mean,a_over_LT & log_f_Q,pairwise_interaction,0.9006037712097168,-0.475736696355459,0.014658947145541097,"native max(log Q, -2)"
ensemble_mean_output,stored_validation_top_member_mean,a_over_LT & log_f_Q,pairwise_interaction,0.9006037712097168,0.15334520664740808,-0.03407420273889765,"native max(log Q, -2)"
ensemble_mean_output,stored_validation_top_member_mean,a_over_LT & log_f_Q,pairwise_interaction,0.9006037712097168,0.4155584048360205,-0.06771291687927164,"native max(log Q, -2)"
ensemble_mean_output,stored_validation_top_member_mean,a_over_LT & log_f_Q,pairwise_interaction,0.9006037712097168,0.606389675332959,-0.09476923348557109,"native max(log Q, -2)"
ensemble_mean_output,stored_validation_top_member_mean,a_over_LT & log_f_Q,pairwise_interaction,0.9006037712097168,0.8877572786327694,-0.06888792359989943,"native max(log Q, -2)"
ensemble_mean_output,stored_validation_top_member_mean,a_over_LT & log_f_Q,pairwise_interaction,0.9006037712097168,1.2191466923148706,-0.0733007834088081,"native max(log Q, -2)"
ensemble_mean_output,stored_validation_top_member_mean,a_over_LT & log_f_Q,pairwise_interaction,0.9006037712097168,2.3895103701399574,-0.16594458910520166,"native max(log Q, -2)"
ensemble_mean_output,stored_validation_top_member_mean,a_over_LT & log_f_Q,pairwise_interaction,1.2197760939598083,-3.1372791971964853,0.44172165571817823,"native max(log Q, -2)"
ensemble_mean_output,stored_validation_top_member_mean,a_over_LT & log_f_Q,pairwise_interaction,1.2197760939598083,-0.475736696355459,-0.043478433476157194,"native max(log Q, -2)"
ensemble_mean_output,stored_validation_top_member_mean,a_over_LT & log_f_Q,pairwise_interaction,1.2197760939598083,0.15334520664740808,-0.04678606936219401,"native max(log Q, -2)"
ensemble_mean_output,stored_validation_top_member_mean,a_over_LT & log_f_Q,pairwise_interaction,1.2197760939598083,0.4155584048360205,-0.05359027779075262,"native max(log Q, -2)"
ensemble_mean_output,stored_validation_top_member_mean,a_over_LT & log_f_Q,pairwise_interaction,1.2197760939598083,0.606389675332959,-0.06448171071091932,"native max(log Q, -2)"
ensemble_mean_output,stored_validation_top_member_mean,a_over_LT & log_f_Q,pairwise_interaction,1.2197760939598083,0.8877572786327694,-0.026050864280071057,"native max(log Q, -2)"
ensemble_mean_output,stored_validation_top_member_mean,a_over_LT & log_f_Q,pairwise_interaction,1.2197760939598083,1.2191466923148706,-0.016695935880946932,"native max(log Q, -2)"
ensemble_mean_output,stored_validation_top_member_mean,a_over_LT & log_f_Q,pairwise_interaction,1.2197760939598083,2.3895103701399574,-0.10391757364944469,"native max(log Q, -2)"
ensemble_mean_output,stored_validation_top_member_mean,a_over_LT & log_f_Q,pairwise_interaction,1.5316290259361267,-3.1372791971964853,0.17356127394641746,"native max(log Q, -2)"
ensemble_mean_output,stored_validation_top_member_mean,a_over_LT & log_f_Q,pairwise_interaction,1.5316290259361267,-0.475736696355459,-0.10630203922518308,"native max(log Q, -2)"
ensemble_mean_output,stored_validation_top_member_mean,a_over_LT & log_f_Q,pairwise_interaction,1.5316290259361267,0.15334520664740808,-0.0877992031498612,"native max(log Q, -2)"
ensemble_mean_output,stored_validation_top_member_mean,a_over_LT & log_f_Q,pairwise_interaction,1.5316290259361267,0.4155584048360205,-0.08023257421214113,"native max(log Q, -2)"
ensemble_mean_output,stored_validation_top_member_mean,a_over_LT & log_f_Q,pairwise_interaction,1.5316290259361267,0.606389675332959,-0.06997867916358538,"native max(log Q, -2)"
ensemble_mean_output,stored_validation_top_member_mean,a_over_LT & log_f_Q,pairwise_interaction,1.5316290259361267,0.8877572786327694,-0.02597960848820415,"native max(log Q, -2)"
ensemble_mean_output,stored_validation_top_member_mean,a_over_LT & log_f_Q,pairwise_interaction,1.5316290259361267,1.2191466923148706,-0.016604550467697425,"native max(log Q, -2)"
ensemble_mean_output,stored_validation_top_member_mean,a_over_LT & log_f_Q,pairwise_interaction,1.5316290259361267,2.3895103701399574,-0.08309125381304816,"native max(log Q, -2)"
ensemble_mean_output,stored_validation_top_member_mean,a_over_LT & log_f_Q,pairwise_interaction,2.071755886077881,-3.1372791971964853,-0.04952252116953,"native max(log Q, -2)"
ensemble_mean_output,stored_validation_top_member_mean,a_over_LT & log_f_Q,pairwise_interaction,2.071755886077881,-0.475736696355459,-0.015610293433360798,"native max(log Q, -2)"
ensemble_mean_output,stored_validation_top_member_mean,a_over_LT & log_f_Q,pairwise_interaction,2.071755886077881,0.15334520664740808,0.01545780758773361,"native max(log Q, -2)"
ensemble_mean_output,stored_validation_top_member_mean,a_over_LT & log_f_Q,pairwise_interaction,2.071755886077881,0.4155584048360205,0.030578579118679186,"native max(log Q, -2)"
ensemble_mean_output,stored_validation_top_member_mean,a_over_LT & log_f_Q,pairwise_interaction,2.071755886077881,0.606389675332959,0.04078101521779894,"native max(log Q, -2)"
ensemble_mean_output,stored_validation_top_member_mean,a_over_LT & log_f_Q,pairwise_interaction,2.071755886077881,0.8877572786327694,0.08442005517799837,"native max(log Q, -2)"
ensemble_mean_output,stored_validation_top_member_mean,a_over_LT & log_f_Q,pairwise_interaction,2.071755886077881,1.2191466923148706,0.09412883247746137,"native max(log Q, -2)"
ensemble_mean_output,stored_validation_top_member_mean,a_over_LT & log_f_Q,pairwise_interaction,2.071755886077881,2.3895103701399574,0.2725126446939657,"native max(log Q, -2)"
ensemble_mean_output,stored_validation_top_member_mean,a_over_LT & log_f_Q,pairwise_interaction,2.8594785928726196,-3.1372791971964853,-0.043553071203064266,"native max(log Q, -2)"
ensemble_mean_output,stored_validation_top_member_mean,a_over_LT & log_f_Q,pairwise_interaction,2.8594785928726196,-0.475736696355459,0.025077797166832966,"native max(log Q, -2)"
ensemble_mean_output,stored_validation_top_member_mean,a_over_LT & log_f_Q,pairwise_interaction,2.8594785928726196,0.15334520664740808,0.05029124907853016,"native max(log Q, -2)"
ensemble_mean_output,stored_validation_top_member_mean,a_over_LT & log_f_Q,pairwise_interaction,2.8594785928726196,0.4155584048360205,0.06873927100809696,"native max(log Q, -2)"
ensemble_mean_output,stored_validation_top_member_mean,a_over_LT & log_f_Q,pairwise_interaction,2.8594785928726196,0.606389675332959,0.07459089759151555,"native max(log Q, -2)"
ensemble_mean_output,stored_validation_top_member_mean,a_over_LT & log_f_Q,pairwise_interaction,2.8594785928726196,0.8877572786327694,0.09013608459386185,"native max(log Q, -2)"
ensemble_mean_output,stored_validation_top_member_mean,a_over_LT & log_f_Q,pairwise_interaction,2.8594785928726196,1.2191466923148706,0.09184550447178251,"native max(log Q, -2)"
ensemble_mean_output,stored_validation_top_member_mean,a_over_LT & log_f_Q,pairwise_interaction,2.8594785928726196,2.3895103701399574,0.27789898651548695,"native max(log Q, -2)"
ensemble_mean_output,stored_validation_top_member_mean,a_over_LT & log_f_Q,pairwise_interaction,3.5870211124420166,-3.1372791971964853,-0.04791507544820059,"native max(log Q, -2)"
ensemble_mean_output,stored_validation_top_member_mean,a_over_LT & log_f_Q,pairwise_interaction,3.5870211124420166,-0.475736696355459,0.030816479197111293,"native max(log Q, -2)"
ensemble_mean_output,stored_validation_top_member_mean,a_over_LT & log_f_Q,pairwise_interaction,3.5870211124420166,0.15334520664740808,0.05647800037995836,"native max(log Q, -2)"
ensemble_mean_output,stored_validation_top_member_mean,a_over_LT & log_f_Q,pairwise_interaction,3.5870211124420166,0.4155584048360205,0.07520244349363797,"native max(log Q, -2)"
ensemble_mean_output,stored_validation_top_member_mean,a_over_LT & log_f_Q,pairwise_interaction,3.5870211124420166,0.606389675332959,0.08111927223922456,"native max(log Q, -2)"
ensemble_mean_output,stored_validation_top_member_mean,a_over_LT & log_f_Q,pairwise_interaction,3.5870211124420166,0.8877572786327694,-0.04256449308978523,"native max(log Q, -2)"
ensemble_mean_output,stored_validation_top_member_mean,a_over_LT & log_f_Q,pairwise_interaction,3.5870211124420166,1.2191466923148706,-0.051309409461004464,"native max(log Q, -2)"
ensemble_mean_output,stored_validation_top_member_mean,a_over_LT & log_f_Q,pairwise_interaction,3.5870211124420166,2.3895103701399574,0.2098116567509613,"native max(log Q, -2)"
ensemble_mean_output,stored_validation_top_member_mean,a_over_LT & log_f_Q,pairwise_interaction,6.460826873779297,-3.1372791971964853,0.1228356677391155,"native max(log Q, -2)"
ensemble_mean_output,stored_validation_top_member_mean,a_over_LT & log_f_Q,pairwise_interaction,6.460826873779297,-0.475736696355459,0.22531603512758835,"native max(log Q, -2)"
ensemble_mean_output,stored_validation_top_member_mean,a_over_LT & log_f_Q,pairwise_interaction,6.460826873779297,0.15334520664740808,0.2586777955844861,"native max(log Q, -2)"
ensemble_mean_output,stored_validation_top_member_mean,a_over_LT & log_f_Q,pairwise_interaction,6.460826873779297,0.4155584048360205,0.28364977150906706,"native max(log Q, -2)"
ensemble_mean_output,stored_validation_top_member_mean,a_over_LT & log_f_Q,pairwise_interaction,6.460826873779297,0.606389675332959,0.3216065846728106,"native max(log Q, -2)"
ensemble_mean_output,stored_validation_top_member_mean,a_over_LT & log_f_Q,pairwise_interaction,6.460826873779297,0.8877572786327694,0.17158644750348917,"native max(log Q, -2)"
ensemble_mean_output,stored_validation_top_member_mean,a_over_LT & log_f_Q,pairwise_interaction,6.460826873779297,1.2191466923148706,0.04667146979860332,"native max(log Q, -2)"
ensemble_mean_output,stored_validation_top_member_mean,a_over_LT & log_f_Q,pairwise_interaction,6.460826873779297,2.3895103701399574,0.37049792152271926,"native max(log Q, -2)"
ensemble_mean_output,stored_validation_top_member_mean,a_over_LT & bad_curvature_compression,pairwise_interaction,0.020469365641474724,0.0,0.548821227135357,"native max(log Q, -2)"
ensemble_mean_output,stored_validation_top_member_mean,a_over_LT & bad_curvature_compression,pairwise_interaction,0.020469365641474724,0.22772671739968947,0.1988168030326794,"native max(log Q, -2)"
ensemble_mean_output,stored_validation_top_member_mean,a_over_LT & bad_curvature_compression,pairwise_interaction,0.020469365641474724,0.5539935289327377,0.05017522228649416,"native max(log Q, -2)"
ensemble_mean_output,stored_validation_top_member_mean,a_over_LT & bad_curvature_compression,pairwise_interaction,0.020469365641474724,0.7829443711894786,-0.031197009854963965,"native max(log Q, -2)"
ensemble_mean_output,stored_validation_top_member_mean,a_over_LT & bad_curvature_compression,pairwise_interaction,0.020469365641474724,1.1407287694670685,-0.1220972119573916,"native max(log Q, -2)"
ensemble_mean_output,stored_validation_top_member_mean,a_over_LT & bad_curvature_compression,pairwise_interaction,0.020469365641474724,1.6050736244804065,-0.3491295872197765,"native max(log Q, -2)"
ensemble_mean_output,stored_validation_top_member_mean,a_over_LT & bad_curvature_compression,pairwise_interaction,0.020469365641474724,2.8044058575430015,-0.5580189138265115,"native max(log Q, -2)"
ensemble_mean_output,stored_validation_top_member_mean,a_over_LT & bad_curvature_compression,pairwise_interaction,0.020469365641474724,12.63658030036591,-0.9828431856639497,"native max(log Q, -2)"
ensemble_mean_output,stored_validation_top_member_mean,a_over_LT & bad_curvature_compression,pairwise_interaction,0.9006037712097168,0.0,0.39449472028099647,"native max(log Q, -2)"
ensemble_mean_output,stored_validation_top_member_mean,a_over_LT & bad_curvature_compression,pairwise_interaction,0.9006037712097168,0.22772671739968947,0.07290947700566998,"native max(log Q, -2)"
ensemble_mean_output,stored_validation_top_member_mean,a_over_LT & bad_curvature_compression,pairwise_interaction,0.9006037712097168,0.5539935289327377,-0.015473281071294271,"native max(log Q, -2)"
ensemble_mean_output,stored_validation_top_member_mean,a_over_LT & bad_curvature_compression,pairwise_interaction,0.9006037712097168,0.7829443711894786,-0.05490092180465714,"native max(log Q, -2)"
ensemble_mean_output,stored_validation_top_member_mean,a_over_LT & bad_curvature_compression,pairwise_interaction,0.9006037712097168,1.1407287694670685,-0.09440590961032883,"native max(log Q, -2)"
ensemble_mean_output,stored_validation_top_member_mean,a_over_LT & bad_curvature_compression,pairwise_interaction,0.9006037712097168,1.6050736244804065,-0.1369448043741362,"native max(log Q, -2)"
ensemble_mean_output,stored_validation_top_member_mean,a_over_LT & bad_curvature_compression,pairwise_interaction,0.9006037712097168,2.8044058575430015,-0.1564723849330705,"native max(log Q, -2)"
ensemble_mean_output,stored_validation_top_member_mean,a_over_LT & bad_curvature_compression,pairwise_interaction,0.9006037712097168,12.63658030036591,-0.2287969908740113,"native max(log Q, -2)"
ensemble_mean_output,stored_validation_top_member_mean,a_over_LT & bad_curvature_compression,pairwise_interaction,1.2197760939598083,0.0,0.23379616088933208,"native max(log Q, -2)"
ensemble_mean_output,stored_validation_top_member_mean,a_over_LT & bad_curvature_compression,pairwise_interaction,1.2197760939598083,0.22772671739968947,-0.0014209138591857072,"native max(log Q, -2)"
ensemble_mean_output,stored_validation_top_member_mean,a_over_LT & bad_curvature_compression,pairwise_interaction,1.2197760939598083,0.5539935289327377,-0.031344513058886365,"native max(log Q, -2)"
ensemble_mean_output,stored_validation_top_member_mean,a_over_LT & bad_curvature_compression,pairwise_interaction,1.2197760939598083,0.7829443711894786,-0.04800492921146568,"native max(log Q, -2)"
ensemble_mean_output,stored_validation_top_member_mean,a_over_LT & bad_curvature_compression,pairwise_interaction,1.2197760939598083,1.1407287694670685,-0.04727036129283899,"native max(log Q, -2)"
ensemble_mean_output,stored_validation_top_member_mean,a_over_LT & bad_curvature_compression,pairwise_interaction,1.2197760939598083,1.6050736244804065,-0.03858002665526956,"native max(log Q, -2)"
ensemble_mean_output,stored_validation_top_member_mean,a_over_LT & bad_curvature_compression,pairwise_interaction,1.2197760939598083,2.8044058575430015,-0.032040708513158926,"native max(log Q, -2)"
ensemble_mean_output,stored_validation_top_member_mean,a_over_LT & bad_curvature_compression,pairwise_interaction,1.2197760939598083,12.63658030036591,-0.08942074228385798,"native max(log Q, -2)"
ensemble_mean_output,stored_validation_top_member_mean,a_over_LT & bad_curvature_compression,pairwise_interaction,1.5316290259361267,0.0,-0.07855862467426175,"native max(log Q, -2)"
ensemble_mean_output,stored_validation_top_member_mean,a_over_LT & bad_curvature_compression,pairwise_interaction,1.5316290259361267,0.22772671739968947,-0.05346011890757845,"native max(log Q, -2)"
ensemble_mean_output,stored_validation_top_member_mean,a_over_LT & bad_curvature_compression,pairwise_interaction,1.5316290259361267,0.5539935289327377,-0.06516801756057711,"native max(log Q, -2)"
ensemble_mean_output,stored_validation_top_member_mean,a_over_LT & bad_curvature_compression,pairwise_interaction,1.5316290259361267,0.7829443711894786,-0.06917991691658061,"native max(log Q, -2)"
ensemble_mean_output,stored_validation_top_member_mean,a_over_LT & bad_curvature_compression,pairwise_interaction,1.5316290259361267,1.1407287694670685,-0.049811832009267164,"native max(log Q, -2)"
ensemble_mean_output,stored_validation_top_member_mean,a_over_LT & bad_curvature_compression,pairwise_interaction,1.5316290259361267,1.6050736244804065,-0.028669217954179954,"native max(log Q, -2)"
ensemble_mean_output,stored_validation_top_member_mean,a_over_LT & bad_curvature_compression,pairwise_interaction,1.5316290259361267,2.8044058575430015,-0.01055229020285647,"native max(log Q, -2)"
ensemble_mean_output,stored_validation_top_member_mean,a_over_LT & bad_curvature_compression,pairwise_interaction,1.5316290259361267,12.63658030036591,-0.05981893576924849,"native max(log Q, -2)"
ensemble_mean_output,stored_validation_top_member_mean,a_over_LT & bad_curvature_compression,pairwise_interaction,2.071755886077881,0.0,-0.09618831714471313,"native max(log Q, -2)"
ensemble_mean_output,stored_validation_top_member_mean,a_over_LT & bad_curvature_compression,pairwise_interaction,2.071755886077881,0.22772671739968947,-0.0340225658425994,"native max(log Q, -2)"
ensemble_mean_output,stored_validation_top_member_mean,a_over_LT & bad_curvature_compression,pairwise_interaction,2.071755886077881,0.5539935289327377,-0.023546930299300682,"native max(log Q, -2)"
ensemble_mean_output,stored_validation_top_member_mean,a_over_LT & bad_curvature_compression,pairwise_interaction,2.071755886077881,0.7829443711894786,0.018623239018247143,"native max(log Q, -2)"
ensemble_mean_output,stored_validation_top_member_mean,a_over_LT & bad_curvature_compression,pairwise_interaction,2.071755886077881,1.1407287694670685,0.04062956224306197,"native max(log Q, -2)"
ensemble_mean_output,stored_validation_top_member_mean,a_over_LT & bad_curvature_compression,pairwise_interaction,2.071755886077881,1.6050736244804065,0.07896928299706764,"native max(log Q, -2)"
ensemble_mean_output,stored_validation_top_member_mean,a_over_LT & bad_curvature_compression,pairwise_interaction,2.071755886077881,2.8044058575430015,0.11459984856266155,"native max(log Q, -2)"
ensemble_mean_output,stored_validation_top_member_mean,a_over_LT & bad_curvature_compression,pairwise_interaction,2.071755886077881,12.63658030036591,0.192364302356762,"native max(log Q, -2)"
ensemble_mean_output,stored_validation_top_member_mean,a_over_LT & bad_curvature_compression,pairwise_interaction,2.8594785928726196,0.0,-0.09392550854017348,"native max(log Q, -2)"
ensemble_mean_output,stored_validation_top_member_mean,a_over_LT & bad_curvature_compression,pairwise_interaction,2.8594785928726196,0.22772671739968947,-0.02275247140512266,"native max(log Q, -2)"
ensemble_mean_output,stored_validation_top_member_mean,a_over_LT & bad_curvature_compression,pairwise_interaction,2.8594785928726196,0.5539935289327377,-0.002488321177309223,"native max(log Q, -2)"
ensemble_mean_output,stored_validation_top_member_mean,a_over_LT & bad_curvature_compression,pairwise_interaction,2.8594785928726196,0.7829443711894786,0.04485556126638674,"native max(log Q, -2)"
ensemble_mean_output,stored_validation_top_member_mean,a_over_LT & bad_curvature_compression,pairwise_interaction,2.8594785928726196,1.1407287694670685,0.06393103453708594,"native max(log Q, -2)"
ensemble_mean_output,stored_validation_top_member_mean,a_over_LT & bad_curvature_compression,pairwise_interaction,2.8594785928726196,1.6050736244804065,0.09853081258432903,"native max(log Q, -2)"
ensemble_mean_output,stored_validation_top_member_mean,a_over_LT & bad_curvature_compression,pairwise_interaction,2.8594785928726196,2.8044058575430015,0.13031315381657926,"native max(log Q, -2)"
ensemble_mean_output,stored_validation_top_member_mean,a_over_LT & bad_curvature_compression,pairwise_interaction,2.8594785928726196,12.63658030036591,0.21494530493667519,"native max(log Q, -2)"
ensemble_mean_output,stored_validation_top_member_mean,a_over_LT & bad_curvature_compression,pairwise_interaction,3.5870211124420166,0.0,-0.11015840000154237,"native max(log Q, -2)"
ensemble_mean_output,stored_validation_top_member_mean,a_over_LT & bad_curvature_compression,pairwise_interaction,3.5870211124420166,0.22772671739968947,-0.043144319844895425,"native max(log Q, -2)"
ensemble_mean_output,stored_validation_top_member_mean,a_over_LT & bad_curvature_compression,pairwise_interaction,3.5870211124420166,0.5539935289327377,-0.019450584948423864,"native max(log Q, -2)"
ensemble_mean_output,stored_validation_top_member_mean,a_over_LT & bad_curvature_compression,pairwise_interaction,3.5870211124420166,0.7829443711894786,0.027504625419994527,"native max(log Q, -2)"
ensemble_mean_output,stored_validation_top_member_mean,a_over_LT & bad_curvature_compression,pairwise_interaction,3.5870211124420166,1.1407287694670685,0.04361774805229265,"native max(log Q, -2)"
ensemble_mean_output,stored_validation_top_member_mean,a_over_LT & bad_curvature_compression,pairwise_interaction,3.5870211124420166,1.6050736244804065,0.07115374998704559,"native max(log Q, -2)"
ensemble_mean_output,stored_validation_top_member_mean,a_over_LT & bad_curvature_compression,pairwise_interaction,3.5870211124420166,2.8044058575430015,0.1052596794115522,"native max(log Q, -2)"
ensemble_mean_output,stored_validation_top_member_mean,a_over_LT & bad_curvature_compression,pairwise_interaction,3.5870211124420166,12.63658030036591,0.36507702720470997,"native max(log Q, -2)"
ensemble_mean_output,stored_validation_top_member_mean,a_over_LT & bad_curvature_compression,pairwise_interaction,6.460826873779297,0.0,-0.09781078171436572,"native max(log Q, -2)"
ensemble_mean_output,stored_validation_top_member_mean,a_over_LT & bad_curvature_compression,pairwise_interaction,6.460826873779297,0.22772671739968947,-0.007730194613148133,"native max(log Q, -2)"
ensemble_mean_output,stored_validation_top_member_mean,a_over_LT & bad_curvature_compression,pairwise_interaction,6.460826873779297,0.5539935289327377,0.0259705057327105,"native max(log Q, -2)"
ensemble_mean_output,stored_validation_top_member_mean,a_over_LT & bad_curvature_compression,pairwise_interaction,6.460826873779297,0.7829443711894786,0.11732624430087778,"native max(log Q, -2)"
ensemble_mean_output,stored_validation_top_member_mean,a_over_LT & bad_curvature_compression,pairwise_interaction,6.460826873779297,1.1407287694670685,0.13257248239535707,"native max(log Q, -2)"
ensemble_mean_output,stored_validation_top_member_mean,a_over_LT & bad_curvature_compression,pairwise_interaction,6.460826873779297,1.6050736244804065,0.16572943550177177,"native max(log Q, -2)"
ensemble_mean_output,stored_validation_top_member_mean,a_over_LT & bad_curvature_compression,pairwise_interaction,6.460826873779297,2.8044058575430015,0.20247749813987875,"native max(log Q, -2)"
ensemble_mean_output,stored_validation_top_member_mean,a_over_LT & bad_curvature_compression,pairwise_interaction,6.460826873779297,12.63658030036591,0.7623745741986546,"native max(log Q, -2)"
ensemble_mean_output,stored_validation_top_member_mean,a_over_LT & geodesic_curvature_abs_mean,pairwise_interaction,0.020469365641474724,0.009350968778259508,0.3307731287728196,"native max(log Q, -2)"
ensemble_mean_output,stored_validation_top_member_mean,a_over_LT & geodesic_curvature_abs_mean,pairwise_interaction,0.020469365641474724,0.1148180211748695,0.026481827377542188,"native max(log Q, -2)"
ensemble_mean_output,stored_validation_top_member_mean,a_over_LT & geodesic_curvature_abs_mean,pairwise_interaction,0.020469365641474724,0.1430467328270879,-0.011315714348422892,"native max(log Q, -2)"
ensemble_mean_output,stored_validation_top_member_mean,a_over_LT & geodesic_curvature_abs_mean,pairwise_interaction,0.020469365641474724,0.1746409290644806,-0.10487772043132527,"native max(log Q, -2)"
ensemble_mean_output,stored_validation_top_member_mean,a_over_LT & geodesic_curvature_abs_mean,pairwise_interaction,0.020469365641474724,0.20708050533236624,-0.14447359041212943,"native max(log Q, -2)"
ensemble_mean_output,stored_validation_top_member_mean,a_over_LT & geodesic_curvature_abs_mean,pairwise_interaction,0.020469365641474724,0.24049656644153097,-0.17574691071496673,"native max(log Q, -2)"
ensemble_mean_output,stored_validation_top_member_mean,a_over_LT & geodesic_curvature_abs_mean,pairwise_interaction,0.020469365641474724,0.2819617552449927,-0.22851378781885867,"native max(log Q, -2)"
ensemble_mean_output,stored_validation_top_member_mean,a_over_LT & geodesic_curvature_abs_mean,pairwise_interaction,0.020469365641474724,0.40928977752143214,-0.27608231404670763,"native max(log Q, -2)"
ensemble_mean_output,stored_validation_top_member_mean,a_over_LT & geodesic_curvature_abs_mean,pairwise_interaction,0.9006037712097168,0.009350968778259508,0.2602892433246624,"native max(log Q, -2)"
ensemble_mean_output,stored_validation_top_member_mean,a_over_LT & geodesic_curvature_abs_mean,pairwise_interaction,0.9006037712097168,0.1148180211748695,0.006094080313611668,"native max(log Q, -2)"
ensemble_mean_output,stored_validation_top_member_mean,a_over_LT & geodesic_curvature_abs_mean,pairwise_interaction,0.9006037712097168,0.1430467328270879,0.043826554557627496,"native max(log Q, -2)"
ensemble_mean_output,stored_validation_top_member_mean,a_over_LT & geodesic_curvature_abs_mean,pairwise_interaction,0.9006037712097168,0.1746409290644806,-0.03570806875431421,"native max(log Q, -2)"
ensemble_mean_output,stored_validation_top_member_mean,a_over_LT & geodesic_curvature_abs_mean,pairwise_interaction,0.9006037712097168,0.20708050533236624,-0.06987983363237069,"native max(log Q, -2)"
ensemble_mean_output,stored_validation_top_member_mean,a_over_LT & geodesic_curvature_abs_mean,pairwise_interaction,0.9006037712097168,0.24049656644153097,-0.08562165420175546,"native max(log Q, -2)"
ensemble_mean_output,stored_validation_top_member_mean,a_over_LT & geodesic_curvature_abs_mean,pairwise_interaction,0.9006037712097168,0.2819617552449927,-0.10540487058545918,"native max(log Q, -2)"
ensemble_mean_output,stored_validation_top_member_mean,a_over_LT & geodesic_curvature_abs_mean,pairwise_interaction,0.9006037712097168,0.40928977752143214,-0.12945285377657373,"native max(log Q, -2)"
ensemble_mean_output,stored_validation_top_member_mean,a_over_LT & geodesic_curvature_abs_mean,pairwise_interaction,1.2197760939598083,0.009350968778259508,0.16851291556415812,"native max(log Q, -2)"
ensemble_mean_output,stored_validation_top_member_mean,a_over_LT & geodesic_curvature_abs_mean,pairwise_interaction,1.2197760939598083,0.1148180211748695,-0.027585100574336562,"native max(log Q, -2)"
ensemble_mean_output,stored_validation_top_member_mean,a_over_LT & geodesic_curvature_abs_mean,pairwise_interaction,1.2197760939598083,0.1430467328270879,0.023754087797920147,"native max(log Q, -2)"
ensemble_mean_output,stored_validation_top_member_mean,a_over_LT & geodesic_curvature_abs_mean,pairwise_interaction,1.2197760939598083,0.1746409290644806,-0.02084178555367215,"native max(log Q, -2)"
ensemble_mean_output,stored_validation_top_member_mean,a_over_LT & geodesic_curvature_abs_mean,pairwise_interaction,1.2197760939598083,0.20708050533236624,-0.03635507824601747,"native max(log Q, -2)"
ensemble_mean_output,stored_validation_top_member_mean,a_over_LT & geodesic_curvature_abs_mean,pairwise_interaction,1.2197760939598083,0.24049656644153097,-0.04646356251175923,"native max(log Q, -2)"
ensemble_mean_output,stored_validation_top_member_mean,a_over_LT & geodesic_curvature_abs_mean,pairwise_interaction,1.2197760939598083,0.2819617552449927,-0.0391608349220071,"native max(log Q, -2)"
ensemble_mean_output,stored_validation_top_member_mean,a_over_LT & geodesic_curvature_abs_mean,pairwise_interaction,1.2197760939598083,0.40928977752143214,-0.04489330248971142,"native max(log Q, -2)"
ensemble_mean_output,stored_validation_top_member_mean,a_over_LT & geodesic_curvature_abs_mean,pairwise_interaction,1.5316290259361267,0.009350968778259508,-0.16905292558034082,"native max(log Q, -2)"
ensemble_mean_output,stored_validation_top_member_mean,a_over_LT & geodesic_curvature_abs_mean,pairwise_interaction,1.5316290259361267,0.1148180211748695,-0.10742751461762962,"native max(log Q, -2)"
ensemble_mean_output,stored_validation_top_member_mean,a_over_LT & geodesic_curvature_abs_mean,pairwise_interaction,1.5316290259361267,0.1430467328270879,-0.04682693830414716,"native max(log Q, -2)"
ensemble_mean_output,stored_validation_top_member_mean,a_over_LT & geodesic_curvature_abs_mean,pairwise_interaction,1.5316290259361267,0.1746409290644806,-0.028180039392653202,"native max(log Q, -2)"
ensemble_mean_output,stored_validation_top_member_mean,a_over_LT & geodesic_curvature_abs_mean,pairwise_interaction,1.5316290259361267,0.20708050533236624,-0.03837361849852646,"native max(log Q, -2)"
ensemble_mean_output,stored_validation_top_member_mean,a_over_LT & geodesic_curvature_abs_mean,pairwise_interaction,1.5316290259361267,0.24049656644153097,-0.045781730383721936,"native max(log Q, -2)"
ensemble_mean_output,stored_validation_top_member_mean,a_over_LT & geodesic_curvature_abs_mean,pairwise_interaction,1.5316290259361267,0.2819617552449927,-0.032839815906893,"native max(log Q, -2)"
ensemble_mean_output,stored_validation_top_member_mean,a_over_LT & geodesic_curvature_abs_mean,pairwise_interaction,1.5316290259361267,0.40928977752143214,-0.03703208659207529,"native max(log Q, -2)"
ensemble_mean_output,stored_validation_top_member_mean,a_over_LT & geodesic_curvature_abs_mean,pairwise_interaction,2.071755886077881,0.009350968778259508,-0.15815488496005742,"native max(log Q, -2)"
ensemble_mean_output,stored_validation_top_member_mean,a_over_LT & geodesic_curvature_abs_mean,pairwise_interaction,2.071755886077881,0.1148180211748695,-0.046691945901638235,"native max(log Q, -2)"
ensemble_mean_output,stored_validation_top_member_mean,a_over_LT & geodesic_curvature_abs_mean,pairwise_interaction,2.071755886077881,0.1430467328270879,0.011333225680173413,"native max(log Q, -2)"
ensemble_mean_output,stored_validation_top_member_mean,a_over_LT & geodesic_curvature_abs_mean,pairwise_interaction,2.071755886077881,0.1746409290644806,0.044076541052916154,"native max(log Q, -2)"
ensemble_mean_output,stored_validation_top_member_mean,a_over_LT & geodesic_curvature_abs_mean,pairwise_interaction,2.071755886077881,0.20708050533236624,0.04048428820813524,"native max(log Q, -2)"
ensemble_mean_output,stored_validation_top_member_mean,a_over_LT & geodesic_curvature_abs_mean,pairwise_interaction,2.071755886077881,0.24049656644153097,0.032411840308775544,"native max(log Q, -2)"
ensemble_mean_output,stored_validation_top_member_mean,a_over_LT & geodesic_curvature_abs_mean,pairwise_interaction,2.071755886077881,0.2819617552449927,0.045002524904952206,"native max(log Q, -2)"
ensemble_mean_output,stored_validation_top_member_mean,a_over_LT & geodesic_curvature_abs_mean,pairwise_interaction,2.071755886077881,0.40928977752143214,0.035150482623767396,"native max(log Q, -2)"
ensemble_mean_output,stored_validation_top_member_mean,a_over_LT & geodesic_curvature_abs_mean,pairwise_interaction,2.8594785928726196,0.009350968778259508,-0.18581975247161636,"native max(log Q, -2)"
ensemble_mean_output,stored_validation_top_member_mean,a_over_LT & geodesic_curvature_abs_mean,pairwise_interaction,2.8594785928726196,0.1148180211748695,-0.06185681133694984,"native max(log Q, -2)"
ensemble_mean_output,stored_validation_top_member_mean,a_over_LT & geodesic_curvature_abs_mean,pairwise_interaction,2.8594785928726196,0.1430467328270879,0.029291253130703666,"native max(log Q, -2)"
ensemble_mean_output,stored_validation_top_member_mean,a_over_LT & geodesic_curvature_abs_mean,pairwise_interaction,2.8594785928726196,0.1746409290644806,0.06960328825489809,"native max(log Q, -2)"
ensemble_mean_output,stored_validation_top_member_mean,a_over_LT & geodesic_curvature_abs_mean,pairwise_interaction,2.8594785928726196,0.20708050533236624,0.07605525321477244,"native max(log Q, -2)"
ensemble_mean_output,stored_validation_top_member_mean,a_over_LT & geodesic_curvature_abs_mean,pairwise_interaction,2.8594785928726196,0.24049656644153097,0.07634048370339608,"native max(log Q, -2)"
ensemble_mean_output,stored_validation_top_member_mean,a_over_LT & geodesic_curvature_abs_mean,pairwise_interaction,2.8594785928726196,0.2819617552449927,0.0915059242576623,"native max(log Q, -2)"
ensemble_mean_output,stored_validation_top_member_mean,a_over_LT & geodesic_curvature_abs_mean,pairwise_interaction,2.8594785928726196,0.40928977752143214,0.09063031622204232,"native max(log Q, -2)"
ensemble_mean_output,stored_validation_top_member_mean,a_over_LT & geodesic_curvature_abs_mean,pairwise_interaction,3.5870211124420166,0.009350968778259508,-0.2182892689268123,"native max(log Q, -2)"
ensemble_mean_output,stored_validation_top_member_mean,a_over_LT & geodesic_curvature_abs_mean,pairwise_interaction,3.5870211124420166,0.1148180211748695,-0.06549900350686977,"native max(log Q, -2)"
ensemble_mean_output,stored_validation_top_member_mean,a_over_LT & geodesic_curvature_abs_mean,pairwise_interaction,3.5870211124420166,0.1430467328270879,0.02416501521310703,"native max(log Q, -2)"
ensemble_mean_output,stored_validation_top_member_mean,a_over_LT & geodesic_curvature_abs_mean,pairwise_interaction,3.5870211124420166,0.1746409290644806,0.054489966713848315,"native max(log Q, -2)"
ensemble_mean_output,stored_validation_top_member_mean,a_over_LT & geodesic_curvature_abs_mean,pairwise_interaction,3.5870211124420166,0.20708050533236624,0.05950350066478356,"native max(log Q, -2)"
ensemble_mean_output,stored_validation_top_member_mean,a_over_LT & geodesic_curvature_abs_mean,pairwise_interaction,3.5870211124420166,0.24049656644153097,0.06187421195975751,"native max(log Q, -2)"
ensemble_mean_output,stored_validation_top_member_mean,a_over_LT & geodesic_curvature_abs_mean,pairwise_interaction,3.5870211124420166,0.2819617552449927,0.07919553466905593,"native max(log Q, -2)"
ensemble_mean_output,stored_validation_top_member_mean,a_over_LT & geodesic_curvature_abs_mean,pairwise_interaction,3.5870211124420166,0.40928977752143214,0.0898750453286405,"native max(log Q, -2)"
ensemble_mean_output,stored_validation_top_member_mean,a_over_LT & geodesic_curvature_abs_mean,pairwise_interaction,6.460826873779297,0.009350968778259508,-0.042829341663325214,"native max(log Q, -2)"
ensemble_mean_output,stored_validation_top_member_mean,a_over_LT & geodesic_curvature_abs_mean,pairwise_interaction,6.460826873779297,0.1148180211748695,0.14152495889061217,"native max(log Q, -2)"
ensemble_mean_output,stored_validation_top_member_mean,a_over_LT & geodesic_curvature_abs_mean,pairwise_interaction,6.460826873779297,0.1430467328270879,0.1576779452167263,"native max(log Q, -2)"
ensemble_mean_output,stored_validation_top_member_mean,a_over_LT & geodesic_curvature_abs_mean,pairwise_interaction,6.460826873779297,0.1746409290644806,0.12573891467091972,"native max(log Q, -2)"
ensemble_mean_output,stored_validation_top_member_mean,a_over_LT & geodesic_curvature_abs_mean,pairwise_interaction,6.460826873779297,0.20708050533236624,0.06786160707378565,"native max(log Q, -2)"
ensemble_mean_output,stored_validation_top_member_mean,a_over_LT & geodesic_curvature_abs_mean,pairwise_interaction,6.460826873779297,0.24049656644153097,0.0805938127212286,"native max(log Q, -2)"
ensemble_mean_output,stored_validation_top_member_mean,a_over_LT & geodesic_curvature_abs_mean,pairwise_interaction,6.460826873779297,0.2819617552449927,0.10600782013653552,"native max(log Q, -2)"
ensemble_mean_output,stored_validation_top_member_mean,a_over_LT & geodesic_curvature_abs_mean,pairwise_interaction,6.460826873779297,0.40928977752143214,0.4279524687337469,"native max(log Q, -2)"
ensemble_mean_output,stored_validation_top_member_mean,a_over_Ln & bad_curvature_compression,pairwise_interaction,-0.45778006315231323,0.0,-0.5574958224421789,"native max(log Q, -2)"
ensemble_mean_output,stored_validation_top_member_mean,a_over_Ln & bad_curvature_compression,pairwise_interaction,-0.45778006315231323,0.22772671739968947,-0.5775218241930907,"native max(log Q, -2)"
ensemble_mean_output,stored_validation_top_member_mean,a_over_Ln & bad_curvature_compression,pairwise_interaction,-0.45778006315231323,0.5539935289327377,-0.5955498389565503,"native max(log Q, -2)"
ensemble_mean_output,stored_validation_top_member_mean,a_over_Ln & bad_curvature_compression,pairwise_interaction,-0.45778006315231323,0.7829443711894786,-0.49523891846945245,"native max(log Q, -2)"
ensemble_mean_output,stored_validation_top_member_mean,a_over_Ln & bad_curvature_compression,pairwise_interaction,-0.45778006315231323,1.1407287694670685,-0.4300274496248852,"native max(log Q, -2)"
ensemble_mean_output,stored_validation_top_member_mean,a_over_Ln & bad_curvature_compression,pairwise_interaction,-0.45778006315231323,1.6050736244804065,-0.43447230244429547,"native max(log Q, -2)"
ensemble_mean_output,stored_validation_top_member_mean,a_over_Ln & bad_curvature_compression,pairwise_interaction,-0.45778006315231323,2.8044058575430015,-0.321545812589058,"native max(log Q, -2)"
ensemble_mean_output,stored_validation_top_member_mean,a_over_Ln & bad_curvature_compression,pairwise_interaction,-0.45778006315231323,12.63658030036591,-0.05240501718096138,"native max(log Q, -2)"
ensemble_mean_output,stored_validation_top_member_mean,a_over_Ln & bad_curvature_compression,pairwise_interaction,-0.012576837092638016,0.0,-0.21266886624516623,"native max(log Q, -2)"
ensemble_mean_output,stored_validation_top_member_mean,a_over_Ln & bad_curvature_compression,pairwise_interaction,-0.012576837092638016,0.22772671739968947,-0.12531728621857405,"native max(log Q, -2)"
ensemble_mean_output,stored_validation_top_member_mean,a_over_Ln & bad_curvature_compression,pairwise_interaction,-0.012576837092638016,0.5539935289327377,-0.06840710100692193,"native max(log Q, -2)"
ensemble_mean_output,stored_validation_top_member_mean,a_over_Ln & bad_curvature_compression,pairwise_interaction,-0.012576837092638016,0.7829443711894786,0.028895897972371062,"native max(log Q, -2)"
ensemble_mean_output,stored_validation_top_member_mean,a_over_Ln & bad_curvature_compression,pairwise_interaction,-0.012576837092638016,1.1407287694670685,0.08015839024328489,"native max(log Q, -2)"
ensemble_mean_output,stored_validation_top_member_mean,a_over_Ln & bad_curvature_compression,pairwise_interaction,-0.012576837092638016,1.6050736244804065,0.1433521539504875,"native max(log Q, -2)"
ensemble_mean_output,stored_validation_top_member_mean,a_over_Ln & bad_curvature_compression,pairwise_interaction,-0.012576837092638016,2.8044058575430015,0.25470282601179567,"native max(log Q, -2)"
ensemble_mean_output,stored_validation_top_member_mean,a_over_Ln & bad_curvature_compression,pairwise_interaction,-0.012576837092638016,12.63658030036591,0.7410159107346436,"native max(log Q, -2)"
ensemble_mean_output,stored_validation_top_member_mean,a_over_Ln & bad_curvature_compression,pairwise_interaction,0.14382341504096985,0.0,-0.1027788875406977,"native max(log Q, -2)"
ensemble_mean_output,stored_validation_top_member_mean,a_over_Ln & bad_curvature_compression,pairwise_interaction,0.14382341504096985,0.22772671739968947,-0.02912167017151669,"native max(log Q, -2)"
ensemble_mean_output,stored_validation_top_member_mean,a_over_Ln & bad_curvature_compression,pairwise_interaction,0.14382341504096985,0.5539935289327377,0.013730366751049897,"native max(log Q, -2)"
ensemble_mean_output,stored_validation_top_member_mean,a_over_Ln & bad_curvature_compression,pairwise_interaction,0.14382341504096985,0.7829443711894786,0.08706141030391057,"native max(log Q, -2)"
ensemble_mean_output,stored_validation_top_member_mean,a_over_Ln & bad_curvature_compression,pairwise_interaction,0.14382341504096985,1.1407287694670685,0.12436048082256708,"native max(log Q, -2)"
ensemble_mean_output,stored_validation_top_member_mean,a_over_Ln & bad_curvature_compression,pairwise_interaction,0.14382341504096985,1.6050736244804065,0.16707250799471568,"native max(log Q, -2)"
ensemble_mean_output,stored_validation_top_member_mean,a_over_Ln & bad_curvature_compression,pairwise_interaction,0.14382341504096985,2.8044058575430015,0.2578441223187161,"native max(log Q, -2)"
ensemble_mean_output,stored_validation_top_member_mean,a_over_Ln & bad_curvature_compression,pairwise_interaction,0.14382341504096985,12.63658030036591,0.7087612534175229,"native max(log Q, -2)"
ensemble_mean_output,stored_validation_top_member_mean,a_over_Ln & bad_curvature_compression,pairwise_interaction,0.29668861627578735,0.0,-0.02734367822347785,"native max(log Q, -2)"
ensemble_mean_output,stored_validation_top_member_mean,a_over_Ln & bad_curvature_compression,pairwise_interaction,0.29668861627578735,0.22772671739968947,0.04279227624595627,"native max(log Q, -2)"
ensemble_mean_output,stored_validation_top_member_mean,a_over_Ln & bad_curvature_compression,pairwise_interaction,0.29668861627578735,0.5539935289327377,0.07695561378524639,"native max(log Q, -2)"
ensemble_mean_output,stored_validation_top_member_mean,a_over_Ln & bad_curvature_compression,pairwise_interaction,0.29668861627578735,0.7829443711894786,0.11975605202761692,"native max(log Q, -2)"
ensemble_mean_output,stored_validation_top_member_mean,a_over_Ln & bad_curvature_compression,pairwise_interaction,0.29668861627578735,1.1407287694670685,0.14285841117211198,"native max(log Q, -2)"
ensemble_mean_output,stored_validation_top_member_mean,a_over_Ln & bad_curvature_compression,pairwise_interaction,0.29668861627578735,1.6050736244804065,0.1730624636689831,"native max(log Q, -2)"
ensemble_mean_output,stored_validation_top_member_mean,a_over_Ln & bad_curvature_compression,pairwise_interaction,0.29668861627578735,2.8044058575430015,0.2317861290442444,"native max(log Q, -2)"
ensemble_mean_output,stored_validation_top_member_mean,a_over_Ln & bad_curvature_compression,pairwise_interaction,0.29668861627578735,12.63658030036591,0.6535769216216896,"native max(log Q, -2)"
ensemble_mean_output,stored_validation_top_member_mean,a_over_Ln & bad_curvature_compression,pairwise_interaction,0.5392754673957825,0.0,0.15781825353186063,"native max(log Q, -2)"
ensemble_mean_output,stored_validation_top_member_mean,a_over_Ln & bad_curvature_compression,pairwise_interaction,0.5392754673957825,0.22772671739968947,0.1292765925058671,"native max(log Q, -2)"
ensemble_mean_output,stored_validation_top_member_mean,a_over_Ln & bad_curvature_compression,pairwise_interaction,0.5392754673957825,0.5539935289327377,0.12985987247829459,"native max(log Q, -2)"
ensemble_mean_output,stored_validation_top_member_mean,a_over_Ln & bad_curvature_compression,pairwise_interaction,0.5392754673957825,0.7829443711894786,0.1384739030678413,"native max(log Q, -2)"
ensemble_mean_output,stored_validation_top_member_mean,a_over_Ln & bad_curvature_compression,pairwise_interaction,0.5392754673957825,1.1407287694670685,0.14101460706368713,"native max(log Q, -2)"
ensemble_mean_output,stored_validation_top_member_mean,a_over_Ln & bad_curvature_compression,pairwise_interaction,0.5392754673957825,1.6050736244804065,0.1459074273173237,"native max(log Q, -2)"
ensemble_mean_output,stored_validation_top_member_mean,a_over_Ln & bad_curvature_compression,pairwise_interaction,0.5392754673957825,2.8044058575430015,0.16840163154775162,"native max(log Q, -2)"
ensemble_mean_output,stored_validation_top_member_mean,a_over_Ln & bad_curvature_compression,pairwise_interaction,0.5392754673957825,12.63658030036591,0.29367680395704876,"native max(log Q, -2)"
ensemble_mean_output,stored_validation_top_member_mean,a_over_Ln & bad_curvature_compression,pairwise_interaction,0.8656566441059113,0.0,0.22801936364113395,"native max(log Q, -2)"
ensemble_mean_output,stored_validation_top_member_mean,a_over_Ln & bad_curvature_compression,pairwise_interaction,0.8656566441059113,0.22772671739968947,0.15717151048273575,"native max(log Q, -2)"
ensemble_mean_output,stored_validation_top_member_mean,a_over_Ln & bad_curvature_compression,pairwise_interaction,0.8656566441059113,0.5539935289327377,0.12839858655476746,"native max(log Q, -2)"
ensemble_mean_output,stored_validation_top_member_mean,a_over_Ln & bad_curvature_compression,pairwise_interaction,0.8656566441059113,0.7829443711894786,0.10840714801929718,"native max(log Q, -2)"
ensemble_mean_output,stored_validation_top_member_mean,a_over_Ln & bad_curvature_compression,pairwise_interaction,0.8656566441059113,1.1407287694670685,0.09078836310868006,"native max(log Q, -2)"
ensemble_mean_output,stored_validation_top_member_mean,a_over_Ln & bad_curvature_compression,pairwise_interaction,0.8656566441059113,1.6050736244804065,0.0862214993389962,"native max(log Q, -2)"
ensemble_mean_output,stored_validation_top_member_mean,a_over_Ln & bad_curvature_compression,pairwise_interaction,0.8656566441059113,2.8044058575430015,0.05345691532809316,"native max(log Q, -2)"
ensemble_mean_output,stored_validation_top_member_mean,a_over_Ln & bad_curvature_compression,pairwise_interaction,0.8656566441059113,12.63658030036591,-0.1680006783862747,"native max(log Q, -2)"
ensemble_mean_output,stored_validation_top_member_mean,a_over_Ln & bad_curvature_compression,pairwise_interaction,1.3822518587112427,0.0,0.30219189674000424,"native max(log Q, -2)"
ensemble_mean_output,stored_validation_top_member_mean,a_over_Ln & bad_curvature_compression,pairwise_interaction,1.3822518587112427,0.22772671739968947,0.14363653356461584,"native max(log Q, -2)"
ensemble_mean_output,stored_validation_top_member_mean,a_over_Ln & bad_curvature_compression,pairwise_interaction,1.3822518587112427,0.5539935289327377,0.09219265957001449,"native max(log Q, -2)"
ensemble_mean_output,stored_validation_top_member_mean,a_over_Ln & bad_curvature_compression,pairwise_interaction,1.3822518587112427,0.7829443711894786,0.055738789082855955,"native max(log Q, -2)"
ensemble_mean_output,stored_validation_top_member_mean,a_over_Ln & bad_curvature_compression,pairwise_interaction,1.3822518587112427,1.1407287694670685,0.0063492057569327215,"native max(log Q, -2)"
ensemble_mean_output,stored_validation_top_member_mean,a_over_Ln & bad_curvature_compression,pairwise_interaction,1.3822518587112427,1.6050736244804065,-0.04152563337803452,"native max(log Q, -2)"
ensemble_mean_output,stored_validation_top_member_mean,a_over_Ln & bad_curvature_compression,pairwise_interaction,1.3822518587112427,2.8044058575430015,-0.19356332524433748,"native max(log Q, -2)"
ensemble_mean_output,stored_validation_top_member_mean,a_over_Ln & bad_curvature_compression,pairwise_interaction,1.3822518587112427,12.63658030036591,-0.6419091008999591,"native max(log Q, -2)"
ensemble_mean_output,stored_validation_top_member_mean,a_over_Ln & bad_curvature_compression,pairwise_interaction,3.537547469139099,0.0,0.9439511574570952,"native max(log Q, -2)"
ensemble_mean_output,stored_validation_top_member_mean,a_over_Ln & bad_curvature_compression,pairwise_interaction,3.537547469139099,0.22772671739968947,0.33561724772125523,"native max(log Q, -2)"
ensemble_mean_output,stored_validation_top_member_mean,a_over_Ln & bad_curvature_compression,pairwise_interaction,3.537547469139099,0.5539935289327377,-0.08119648931363971,"native max(log Q, -2)"
ensemble_mean_output,stored_validation_top_member_mean,a_over_Ln & bad_curvature_compression,pairwise_interaction,3.537547469139099,0.7829443711894786,-0.9384995118428954,"native max(log Q, -2)"
ensemble_mean_output,stored_validation_top_member_mean,a_over_Ln & bad_curvature_compression,pairwise_interaction,3.537547469139099,1.1407287694670685,-1.0313433962809548,"native max(log Q, -2)"
ensemble_mean_output,stored_validation_top_member_mean,a_over_Ln & bad_curvature_compression,pairwise_interaction,3.537547469139099,1.6050736244804065,-1.0489089355841648,"native max(log Q, -2)"
ensemble_mean_output,stored_validation_top_member_mean,a_over_Ln & bad_curvature_compression,pairwise_interaction,3.537547469139099,2.8044058575430015,-1.2525270734870506,"native max(log Q, -2)"
ensemble_mean_output,stored_validation_top_member_mean,a_over_Ln & bad_curvature_compression,pairwise_interaction,3.537547469139099,12.63658030036591,-2.2848157443092294,"native max(log Q, -2)"
ensemble_mean_output,stored_validation_top_member_mean,log_f_Q & geodesic_curvature_abs_mean,pairwise_interaction,-3.1372791971964853,0.009350968778259508,-0.21385652085307139,"native max(log Q, -2)"
ensemble_mean_output,stored_validation_top_member_mean,log_f_Q & geodesic_curvature_abs_mean,pairwise_interaction,-3.1372791971964853,0.1148180211748695,-0.0576023956948218,"native max(log Q, -2)"
ensemble_mean_output,stored_validation_top_member_mean,log_f_Q & geodesic_curvature_abs_mean,pairwise_interaction,-3.1372791971964853,0.1430467328270879,-0.03077505571034787,"native max(log Q, -2)"
ensemble_mean_output,stored_validation_top_member_mean,log_f_Q & geodesic_curvature_abs_mean,pairwise_interaction,-3.1372791971964853,0.1746409290644806,-0.010717606462961072,"native max(log Q, -2)"
ensemble_mean_output,stored_validation_top_member_mean,log_f_Q & geodesic_curvature_abs_mean,pairwise_interaction,-3.1372791971964853,0.20708050533236624,0.021271593370440253,"native max(log Q, -2)"
ensemble_mean_output,stored_validation_top_member_mean,log_f_Q & geodesic_curvature_abs_mean,pairwise_interaction,-3.1372791971964853,0.24049656644153097,0.029114100102044876,"native max(log Q, -2)"
ensemble_mean_output,stored_validation_top_member_mean,log_f_Q & geodesic_curvature_abs_mean,pairwise_interaction,-3.1372791971964853,0.2819617552449927,0.12680395122683197,"native max(log Q, -2)"
ensemble_mean_output,stored_validation_top_member_mean,log_f_Q & geodesic_curvature_abs_mean,pairwise_interaction,-3.1372791971964853,0.40928977752143214,0.2097172831117209,"native max(log Q, -2)"
ensemble_mean_output,stored_validation_top_member_mean,log_f_Q & geodesic_curvature_abs_mean,pairwise_interaction,-0.475736696355459,0.009350968778259508,-0.22611542577474292,"native max(log Q, -2)"
ensemble_mean_output,stored_validation_top_member_mean,log_f_Q & geodesic_curvature_abs_mean,pairwise_interaction,-0.475736696355459,0.1148180211748695,-0.06275996382396068,"native max(log Q, -2)"
ensemble_mean_output,stored_validation_top_member_mean,log_f_Q & geodesic_curvature_abs_mean,pairwise_interaction,-0.475736696355459,0.1430467328270879,-0.0336266694511601,"native max(log Q, -2)"
ensemble_mean_output,stored_validation_top_member_mean,log_f_Q & geodesic_curvature_abs_mean,pairwise_interaction,-0.475736696355459,0.1746409290644806,-0.017740411397062682,"native max(log Q, -2)"
ensemble_mean_output,stored_validation_top_member_mean,log_f_Q & geodesic_curvature_abs_mean,pairwise_interaction,-0.475736696355459,0.20708050533236624,0.0367483631431954,"native max(log Q, -2)"
ensemble_mean_output,stored_validation_top_member_mean,log_f_Q & geodesic_curvature_abs_mean,pairwise_interaction,-0.475736696355459,0.24049656644153097,0.05524762189247576,"native max(log Q, -2)"
ensemble_mean_output,stored_validation_top_member_mean,log_f_Q & geodesic_curvature_abs_mean,pairwise_interaction,-0.475736696355459,0.2819617552449927,0.08386860233299873,"native max(log Q, -2)"
ensemble_mean_output,stored_validation_top_member_mean,log_f_Q & geodesic_curvature_abs_mean,pairwise_interaction,-0.475736696355459,0.40928977752143214,0.16997431114923944,"native max(log Q, -2)"
ensemble_mean_output,stored_validation_top_member_mean,log_f_Q & geodesic_curvature_abs_mean,pairwise_interaction,0.15334520664740808,0.009350968778259508,-0.18455648662778049,"native max(log Q, -2)"
ensemble_mean_output,stored_validation_top_member_mean,log_f_Q & geodesic_curvature_abs_mean,pairwise_interaction,0.15334520664740808,0.1148180211748695,-0.02984914296318951,"native max(log Q, -2)"
ensemble_mean_output,stored_validation_top_member_mean,log_f_Q & geodesic_curvature_abs_mean,pairwise_interaction,0.15334520664740808,0.1430467328270879,-0.008473221845756707,"native max(log Q, -2)"
ensemble_mean_output,stored_validation_top_member_mean,log_f_Q & geodesic_curvature_abs_mean,pairwise_interaction,0.15334520664740808,0.1746409290644806,0.0020293254720755577,"native max(log Q, -2)"
ensemble_mean_output,stored_validation_top_member_mean,log_f_Q & geodesic_curvature_abs_mean,pairwise_interaction,0.15334520664740808,0.20708050533236624,0.02739710367770003,"native max(log Q, -2)"
ensemble_mean_output,stored_validation_top_member_mean,log_f_Q & geodesic_curvature_abs_mean,pairwise_interaction,0.15334520664740808,0.24049656644153097,0.0395745597572791,"native max(log Q, -2)"
ensemble_mean_output,stored_validation_top_member_mean,log_f_Q & geodesic_curvature_abs_mean,pairwise_interaction,0.15334520664740808,0.2819617552449927,0.04651900024075038,"native max(log Q, -2)"
ensemble_mean_output,stored_validation_top_member_mean,log_f_Q & geodesic_curvature_abs_mean,pairwise_interaction,0.15334520664740808,0.40928977752143214,0.08624629353674296,"native max(log Q, -2)"
ensemble_mean_output,stored_validation_top_member_mean,log_f_Q & geodesic_curvature_abs_mean,pairwise_interaction,0.4155584048360205,0.009350968778259508,-0.12925438775118603,"native max(log Q, -2)"
ensemble_mean_output,stored_validation_top_member_mean,log_f_Q & geodesic_curvature_abs_mean,pairwise_interaction,0.4155584048360205,0.1148180211748695,0.0074423286344622915,"native max(log Q, -2)"
ensemble_mean_output,stored_validation_top_member_mean,log_f_Q & geodesic_curvature_abs_mean,pairwise_interaction,0.4155584048360205,0.1430467328270879,0.021928833905178177,"native max(log Q, -2)"
ensemble_mean_output,stored_validation_top_member_mean,log_f_Q & geodesic_curvature_abs_mean,pairwise_interaction,0.4155584048360205,0.1746409290644806,0.024895431832613384,"native max(log Q, -2)"
ensemble_mean_output,stored_validation_top_member_mean,log_f_Q & geodesic_curvature_abs_mean,pairwise_interaction,0.4155584048360205,0.20708050533236624,0.020275557636396192,"native max(log Q, -2)"
ensemble_mean_output,stored_validation_top_member_mean,log_f_Q & geodesic_curvature_abs_mean,pairwise_interaction,0.4155584048360205,0.24049656644153097,0.024430544126959056,"native max(log Q, -2)"
ensemble_mean_output,stored_validation_top_member_mean,log_f_Q & geodesic_curvature_abs_mean,pairwise_interaction,0.4155584048360205,0.2819617552449927,0.025982950455750893,"native max(log Q, -2)"
ensemble_mean_output,stored_validation_top_member_mean,log_f_Q & geodesic_curvature_abs_mean,pairwise_interaction,0.4155584048360205,0.40928977752143214,0.05702291715654716,"native max(log Q, -2)"
ensemble_mean_output,stored_validation_top_member_mean,log_f_Q & geodesic_curvature_abs_mean,pairwise_interaction,0.606389675332959,0.009350968778259508,-0.0857112993876794,"native max(log Q, -2)"
ensemble_mean_output,stored_validation_top_member_mean,log_f_Q & geodesic_curvature_abs_mean,pairwise_interaction,0.606389675332959,0.1148180211748695,0.022730837609918394,"native max(log Q, -2)"
ensemble_mean_output,stored_validation_top_member_mean,log_f_Q & geodesic_curvature_abs_mean,pairwise_interaction,0.606389675332959,0.1430467328270879,0.022434994934055357,"native max(log Q, -2)"
ensemble_mean_output,stored_validation_top_member_mean,log_f_Q & geodesic_curvature_abs_mean,pairwise_interaction,0.606389675332959,0.1746409290644806,0.02081954085856364,"native max(log Q, -2)"
ensemble_mean_output,stored_validation_top_member_mean,log_f_Q & geodesic_curvature_abs_mean,pairwise_interaction,0.606389675332959,0.20708050533236624,0.005238152972946235,"native max(log Q, -2)"
ensemble_mean_output,stored_validation_top_member_mean,log_f_Q & geodesic_curvature_abs_mean,pairwise_interaction,0.606389675332959,0.24049656644153097,0.0031953133699314734,"native max(log Q, -2)"
ensemble_mean_output,stored_validation_top_member_mean,log_f_Q & geodesic_curvature_abs_mean,pairwise_interaction,0.606389675332959,0.2819617552449927,0.0052620387712072145,"native max(log Q, -2)"
ensemble_mean_output,stored_validation_top_member_mean,log_f_Q & geodesic_curvature_abs_mean,pairwise_interaction,0.606389675332959,0.40928977752143214,0.012416598378806923,"native max(log Q, -2)"
ensemble_mean_output,stored_validation_top_member_mean,log_f_Q & geodesic_curvature_abs_mean,pairwise_interaction,0.8877572786327694,0.009350968778259508,-0.04072780611858922,"native max(log Q, -2)"
ensemble_mean_output,stored_validation_top_member_mean,log_f_Q & geodesic_curvature_abs_mean,pairwise_interaction,0.8877572786327694,0.1148180211748695,0.048496248609089236,"native max(log Q, -2)"
ensemble_mean_output,stored_validation_top_member_mean,log_f_Q & geodesic_curvature_abs_mean,pairwise_interaction,0.8877572786327694,0.1430467328270879,0.03162674944230901,"native max(log Q, -2)"
ensemble_mean_output,stored_validation_top_member_mean,log_f_Q & geodesic_curvature_abs_mean,pairwise_interaction,0.8877572786327694,0.1746409290644806,0.02149274894091703,"native max(log Q, -2)"
ensemble_mean_output,stored_validation_top_member_mean,log_f_Q & geodesic_curvature_abs_mean,pairwise_interaction,0.8877572786327694,0.20708050533236624,-0.008141373411941894,"native max(log Q, -2)"
ensemble_mean_output,stored_validation_top_member_mean,log_f_Q & geodesic_curvature_abs_mean,pairwise_interaction,0.8877572786327694,0.24049656644153097,-0.017833616413407527,"native max(log Q, -2)"
ensemble_mean_output,stored_validation_top_member_mean,log_f_Q & geodesic_curvature_abs_mean,pairwise_interaction,0.8877572786327694,0.2819617552449927,0.002092400219596001,"native max(log Q, -2)"
ensemble_mean_output,stored_validation_top_member_mean,log_f_Q & geodesic_curvature_abs_mean,pairwise_interaction,0.8877572786327694,0.40928977752143214,0.009253154925988952,"native max(log Q, -2)"
ensemble_mean_output,stored_validation_top_member_mean,log_f_Q & geodesic_curvature_abs_mean,pairwise_interaction,1.2191466923148706,0.009350968778259508,-0.013046466242931683,"native max(log Q, -2)"
ensemble_mean_output,stored_validation_top_member_mean,log_f_Q & geodesic_curvature_abs_mean,pairwise_interaction,1.2191466923148706,0.1148180211748695,0.0600757280125071,"native max(log Q, -2)"
ensemble_mean_output,stored_validation_top_member_mean,log_f_Q & geodesic_curvature_abs_mean,pairwise_interaction,1.2191466923148706,0.1430467328270879,0.041848965885656786,"native max(log Q, -2)"
ensemble_mean_output,stored_validation_top_member_mean,log_f_Q & geodesic_curvature_abs_mean,pairwise_interaction,1.2191466923148706,0.1746409290644806,0.0258611879121749,"native max(log Q, -2)"
ensemble_mean_output,stored_validation_top_member_mean,log_f_Q & geodesic_curvature_abs_mean,pairwise_interaction,1.2191466923148706,0.20708050533236624,-0.04893900930175229,"native max(log Q, -2)"
ensemble_mean_output,stored_validation_top_member_mean,log_f_Q & geodesic_curvature_abs_mean,pairwise_interaction,1.2191466923148706,0.24049656644153097,-0.088290127422497,"native max(log Q, -2)"
ensemble_mean_output,stored_validation_top_member_mean,log_f_Q & geodesic_curvature_abs_mean,pairwise_interaction,1.2191466923148706,0.2819617552449927,-0.030893866595292703,"native max(log Q, -2)"
ensemble_mean_output,stored_validation_top_member_mean,log_f_Q & geodesic_curvature_abs_mean,pairwise_interaction,1.2191466923148706,0.40928977752143214,-0.02136433618150753,"native max(log Q, -2)"
ensemble_mean_output,stored_validation_top_member_mean,log_f_Q & geodesic_curvature_abs_mean,pairwise_interaction,2.3895103701399574,0.009350968778259508,0.5817100415898906,"native max(log Q, -2)"
ensemble_mean_output,stored_validation_top_member_mean,log_f_Q & geodesic_curvature_abs_mean,pairwise_interaction,2.3895103701399574,0.1148180211748695,-0.009060177477560586,"native max(log Q, -2)"
ensemble_mean_output,stored_validation_top_member_mean,log_f_Q & geodesic_curvature_abs_mean,pairwise_interaction,2.3895103701399574,0.1430467328270879,-0.03740745629326951,"native max(log Q, -2)"
ensemble_mean_output,stored_validation_top_member_mean,log_f_Q & geodesic_curvature_abs_mean,pairwise_interaction,2.3895103701399574,0.1746409290644806,-0.053366351698508854,"native max(log Q, -2)"
ensemble_mean_output,stored_validation_top_member_mean,log_f_Q & geodesic_curvature_abs_mean,pairwise_interaction,2.3895103701399574,0.20708050533236624,-0.14402534857457822,"native max(log Q, -2)"
ensemble_mean_output,stored_validation_top_member_mean,log_f_Q & geodesic_curvature_abs_mean,pairwise_interaction,2.3895103701399574,0.24049656644153097,-0.18351703189402213,"native max(log Q, -2)"
ensemble_mean_output,stored_validation_top_member_mean,log_f_Q & geodesic_curvature_abs_mean,pairwise_interaction,2.3895103701399574,0.2819617552449927,-0.11392076270833333,"native max(log Q, -2)"
ensemble_mean_output,stored_validation_top_member_mean,log_f_Q & geodesic_curvature_abs_mean,pairwise_interaction,2.3895103701399574,0.40928977752143214,0.5584068438509485,"native max(log Q, -2)"
true_clipped_log_Q,GX_true_target,a_over_LT,main_effect,0.020469365641474724,,-2.814299351020643,"native max(log Q, -2)"
true_clipped_log_Q,GX_true_target,a_over_LT,main_effect,0.5173529982566833,,-2.597367272880677,"native max(log Q, -2)"
true_clipped_log_Q,GX_true_target,a_over_LT,main_effect,0.6471039950847626,,-2.3707779330193777,"native max(log Q, -2)"
true_clipped_log_Q,GX_true_target,a_over_LT,main_effect,0.7936340272426605,,-2.10797065561385,"native max(log Q, -2)"
true_clipped_log_Q,GX_true_target,a_over_LT,main_effect,0.8944170773029327,,-1.976448999988432,"native max(log Q, -2)"
true_clipped_log_Q,GX_true_target,a_over_LT,main_effect,0.990492582321167,,-1.7968113319602814,"native max(log Q, -2)"
true_clipped_log_Q,GX_true_target,a_over_LT,main_effect,1.0797016620635986,,-1.6002088805127823,"native max(log Q, -2)"
true_clipped_log_Q,GX_true_target,a_over_LT,main_effect,1.163442611694336,,-1.391726526555169,"native max(log Q, -2)"
true_clipped_log_Q,GX_true_target,a_over_LT,main_effect,1.2117691040039062,,-1.2255824041658063,"native max(log Q, -2)"
true_clipped_log_Q,GX_true_target,a_over_LT,main_effect,1.292796790599823,,-1.0704391456495843,"native max(log Q, -2)"
true_clipped_log_Q,GX_true_target,a_over_LT,main_effect,1.3473480939865112,,-0.9601465780184719,"native max(log Q, -2)"
true_clipped_log_Q,GX_true_target,a_over_LT,main_effect,1.4156787991523743,,-0.8306185521276396,"native max(log Q, -2)"
true_clipped_log_Q,GX_true_target,a_over_LT,main_effect,1.487691044807434,,-0.6911053068970759,"native max(log Q, -2)"
true_clipped_log_Q,GX_true_target,a_over_LT,main_effect,1.57245671749115,,-0.5227056508350825,"native max(log Q, -2)"
true_clipped_log_Q,GX_true_target,a_over_LT,main_effect,1.7315163016319275,,-0.3163881054558257,"native max(log Q, -2)"
true_clipped_log_Q,GX_true_target,a_over_LT,main_effect,1.8556526899337769,,-0.09296695071714278,"native max(log Q, -2)"
true_clipped_log_Q,GX_true_target,a_over_LT,main_effect,2.0046072006225586,,0.13271802430017926,"native max(log Q, -2)"
true_clipped_log_Q,GX_true_target,a_over_LT,main_effect,2.1780269145965576,,0.2699829686003088,"native max(log Q, -2)"
true_clipped_log_Q,GX_true_target,a_over_LT,main_effect,2.4254539012908936,,0.4206475019078948,"native max(log Q, -2)"
true_clipped_log_Q,GX_true_target,a_over_LT,main_effect,2.59530246257782,,0.5935582238435702,"native max(log Q, -2)"
true_clipped_log_Q,GX_true_target,a_over_LT,main_effect,2.74598491191864,,0.7667331136783263,"native max(log Q, -2)"
true_clipped_log_Q,GX_true_target,a_over_LT,main_effect,2.9400722980499268,,0.883974600198177,"native max(log Q, -2)"
true_clipped_log_Q,GX_true_target,a_over_LT,main_effect,3.0814322233200073,,0.987357643377063,"native max(log Q, -2)"
true_clipped_log_Q,GX_true_target,a_over_LT,main_effect,3.208429455757141,,1.1179088189943043,"native max(log Q, -2)"
true_clipped_log_Q,GX_true_target,a_over_LT,main_effect,3.4102851152420044,,1.2739814359332189,"native max(log Q, -2)"
true_clipped_log_Q,GX_true_target,a_over_LT,main_effect,3.6218799352645874,,1.4744362296205256,"native max(log Q, -2)"
true_clipped_log_Q,GX_true_target,a_over_LT,main_effect,3.8923829793930054,,1.6815757510520934,"native max(log Q, -2)"
true_clipped_log_Q,GX_true_target,a_over_LT,main_effect,4.133238077163696,,1.9135234879820233,"native max(log Q, -2)"
true_clipped_log_Q,GX_true_target,a_over_LT,main_effect,4.537076473236084,,2.169108378531878,"native max(log Q, -2)"
true_clipped_log_Q,GX_true_target,a_over_LT,main_effect,4.991245985031128,,2.419920152406529,"native max(log Q, -2)"
true_clipped_log_Q,GX_true_target,a_over_LT,main_effect,5.80909276008606,,2.931319750662899,"native max(log Q, -2)"
true_clipped_log_Q,GX_true_target,a_over_LT,main_effect,8.467645168304443,,3.29705769479673,"native max(log Q, -2)"
true_clipped_log_Q,GX_true_target,a_over_Ln,main_effect,-0.45778006315231323,,0.812581248768526,"native max(log Q, -2)"
true_clipped_log_Q,GX_true_target,a_over_Ln,main_effect,-0.22008811682462692,,0.8465793982622977,"native max(log Q, -2)"
true_clipped_log_Q,GX_true_target,a_over_Ln,main_effect,-0.11980550736188889,,0.8318280311775447,"native max(log Q, -2)"
true_clipped_log_Q,GX_true_target,a_over_Ln,main_effect,-0.06511018052697182,,0.8059720877450294,"native max(log Q, -2)"
true_clipped_log_Q,GX_true_target,a_over_Ln,main_effect,-0.019159678369760513,,0.767883642568004,"native max(log Q, -2)"
true_clipped_log_Q,GX_true_target,a_over_Ln,main_effect,0.01622213004156947,,0.7513317635586403,"native max(log Q, -2)"
true_clipped_log_Q,GX_true_target,a_over_Ln,main_effect,0.06245490536093712,,0.7318247781846725,"native max(log Q, -2)"
true_clipped_log_Q,GX_true_target,a_over_Ln,main_effect,0.10564186424016953,,0.7147826988710644,"native max(log Q, -2)"
true_clipped_log_Q,GX_true_target,a_over_Ln,main_effect,0.1388273984193802,,0.7066425747784011,"native max(log Q, -2)"
true_clipped_log_Q,GX_true_target,a_over_Ln,main_effect,0.16528575867414474,,0.692596837168018,"native max(log Q, -2)"
true_clipped_log_Q,GX_true_target,a_over_Ln,main_effect,0.20057935267686844,,0.6553089843676566,"native max(log Q, -2)"
true_clipped_log_Q,GX_true_target,a_over_Ln,main_effect,0.23153618723154068,,0.6143624554030198,"native max(log Q, -2)"
true_clipped_log_Q,GX_true_target,a_over_Ln,main_effect,0.2785583734512329,,0.580008292569868,"native max(log Q, -2)"
true_clipped_log_Q,GX_true_target,a_over_Ln,main_effect,0.3292854577302933,,0.5411977481959956,"native max(log Q, -2)"
true_clipped_log_Q,GX_true_target,a_over_Ln,main_effect,0.38840390741825104,,0.4922584763172381,"native max(log Q, -2)"
true_clipped_log_Q,GX_true_target,a_over_Ln,main_effect,0.45676763355731964,,0.4291787291195236,"native max(log Q, -2)"
true_clipped_log_Q,GX_true_target,a_over_Ln,main_effect,0.49654966592788696,,0.3555958545225874,"native max(log Q, -2)"
true_clipped_log_Q,GX_true_target,a_over_Ln,main_effect,0.5963999032974243,,0.27287156311489924,"native max(log Q, -2)"
true_clipped_log_Q,GX_true_target,a_over_Ln,main_effect,0.6561970114707947,,0.18359755162625618,"native max(log Q, -2)"
true_clipped_log_Q,GX_true_target,a_over_Ln,main_effect,0.7184001505374908,,0.0409711258986258,"native max(log Q, -2)"
true_clipped_log_Q,GX_true_target,a_over_Ln,main_effect,0.805496335029602,,-0.07272014980865024,"native max(log Q, -2)"
true_clipped_log_Q,GX_true_target,a_over_Ln,main_effect,0.9045102596282959,,-0.22592999203022618,"native max(log Q, -2)"
true_clipped_log_Q,GX_true_target,a_over_Ln,main_effect,1.0199359059333801,,-0.3589469820968483,"native max(log Q, -2)"
true_clipped_log_Q,GX_true_target,a_over_Ln,main_effect,1.1334763169288635,,-0.4936656963219418,"native max(log Q, -2)"
true_clipped_log_Q,GX_true_target,a_over_Ln,main_effect,1.2668083310127258,,-0.6421590444131854,"native max(log Q, -2)"
true_clipped_log_Q,GX_true_target,a_over_Ln,main_effect,1.3939211964607239,,-0.7819257483399197,"native max(log Q, -2)"
true_clipped_log_Q,GX_true_target,a_over_Ln,main_effect,1.5864251255989075,,-0.9306764156812114,"native max(log Q, -2)"
true_clipped_log_Q,GX_true_target,a_over_Ln,main_effect,1.8844746947288513,,-1.119934383268636,"native max(log Q, -2)"
true_clipped_log_Q,GX_true_target,a_over_Ln,main_effect,2.1286710500717163,,-1.4156975028617578,"native max(log Q, -2)"
true_clipped_log_Q,GX_true_target,a_over_Ln,main_effect,2.4023386240005493,,-1.6884382437518577,"native max(log Q, -2)"
true_clipped_log_Q,GX_true_target,a_over_Ln,main_effect,3.1051031351089478,,-2.0253864096257246,"native max(log Q, -2)"
true_clipped_log_Q,GX_true_target,a_over_Ln,main_effect,4.751394510269165,,-2.53371017156071,"native max(log Q, -2)"
true_clipped_log_Q,GX_true_target,log_f_Q,main_effect,-3.1372791971964853,,-0.3316240464744478,"native max(log Q, -2)"
true_clipped_log_Q,GX_true_target,log_f_Q,main_effect,-1.713842963419904,,-0.18726072843048885,"native max(log Q, -2)"
true_clipped_log_Q,GX_true_target,log_f_Q,main_effect,-1.239035925619988,,-0.15637663541071706,"native max(log Q, -2)"
true_clipped_log_Q,GX_true_target,log_f_Q,main_effect,-0.9241619599183961,,-0.12865233463205877,"native max(log Q, -2)"
true_clipped_log_Q,GX_true_target,log_f_Q,main_effect,-0.6320958364916082,,-0.094022908072637,"native max(log Q, -2)"
true_clipped_log_Q,GX_true_target,log_f_Q,main_effect,-0.31358797589899445,,-0.07183380026575052,"native max(log Q, -2)"
true_clipped_log_Q,GX_true_target,log_f_Q,main_effect,-0.14149194608289545,,-0.03387373718101763,"native max(log Q, -2)"
true_clipped_log_Q,GX_true_target,log_f_Q,main_effect,-0.012740694314960572,,-0.01478056182963599,"native max(log Q, -2)"
true_clipped_log_Q,GX_true_target,log_f_Q,main_effect,0.0848988732243062,,-0.0038296117558707585,"native max(log Q, -2)"
true_clipped_log_Q,GX_true_target,log_f_Q,main_effect,0.16610084800653785,,-0.003808669793108347,"native max(log Q, -2)"
true_clipped_log_Q,GX_true_target,log_f_Q,main_effect,0.2503924468625113,,0.0011509909679939569,"native max(log Q, -2)"
true_clipped_log_Q,GX_true_target,log_f_Q,main_effect,0.31471372324333946,,0.007659555123105604,"native max(log Q, -2)"
true_clipped_log_Q,GX_true_target,log_f_Q,main_effect,0.36844858500678246,,0.011129700747256404,"native max(log Q, -2)"
true_clipped_log_Q,GX_true_target,log_f_Q,main_effect,0.4174092761625019,,0.0041739924889249175,"native max(log Q, -2)"
true_clipped_log_Q,GX_true_target,log_f_Q,main_effect,0.4658609989877608,,0.009460343775251245,"native max(log Q, -2)"
true_clipped_log_Q,GX_true_target,log_f_Q,main_effect,0.5149254087337809,,0.013584686081696638,"native max(log Q, -2)"
true_clipped_log_Q,GX_true_target,log_f_Q,main_effect,0.5700553200041469,,0.006840960711046186,"native max(log Q, -2)"
true_clipped_log_Q,GX_true_target,log_f_Q,main_effect,0.602907078079554,,-0.005919941975727631,"native max(log Q, -2)"
true_clipped_log_Q,GX_true_target,log_f_Q,main_effect,0.6599486250252856,,-0.01168885110061577,"native max(log Q, -2)"
true_clipped_log_Q,GX_true_target,log_f_Q,main_effect,0.7311003974152812,,-0.008693499391746701,"native max(log Q, -2)"
true_clipped_log_Q,GX_true_target,log_f_Q,main_effect,0.7967068772538184,,0.009415385739645258,"native max(log Q, -2)"
true_clipped_log_Q,GX_true_target,log_f_Q,main_effect,0.8688247503273983,,0.022031781482738027,"native max(log Q, -2)"
true_clipped_log_Q,GX_true_target,log_f_Q,main_effect,0.948952261537259,,0.03439030783719562,"native max(log Q, -2)"
true_clipped_log_Q,GX_true_target,log_f_Q,main_effect,1.0351680252199196,,0.05179736693333406,"native max(log Q, -2)"
true_clipped_log_Q,GX_true_target,log_f_Q,main_effect,1.1057418285295362,,0.05389220302347827,"native max(log Q, -2)"
true_clipped_log_Q,GX_true_target,log_f_Q,main_effect,1.194304989817042,,0.06036743423917713,"native max(log Q, -2)"
true_clipped_log_Q,GX_true_target,log_f_Q,main_effect,1.3297957512510112,,0.058166143486680325,"native max(log Q, -2)"
true_clipped_log_Q,GX_true_target,log_f_Q,main_effect,1.4535490594271807,,0.06115019127509043,"native max(log Q, -2)"
true_clipped_log_Q,GX_true_target,log_f_Q,main_effect,1.6531331997459353,,0.057993095314425036,"native max(log Q, -2)"
true_clipped_log_Q,GX_true_target,log_f_Q,main_effect,1.9020767964854028,,0.0830083590021568,"native max(log Q, -2)"
true_clipped_log_Q,GX_true_target,log_f_Q,main_effect,2.294791892109213,,0.15597852277838417,"native max(log Q, -2)"
true_clipped_log_Q,GX_true_target,log_f_Q,main_effect,2.931347453866759,,0.2565239213209829,"native max(log Q, -2)"
true_clipped_log_Q,GX_true_target,f_stab,main_effect,0.22482376588165742,,-0.623531125394911,"native max(log Q, -2)"
true_clipped_log_Q,GX_true_target,f_stab,main_effect,0.36834354165616,,-0.46359670045094076,"native max(log Q, -2)"
true_clipped_log_Q,GX_true_target,f_stab,main_effect,0.42861262315356774,,-0.39761334913964386,"native max(log Q, -2)"
true_clipped_log_Q,GX_true_target,f_stab,main_effect,0.49388179907982765,,-0.3337384892835896,"native max(log Q, -2)"
true_clipped_log_Q,GX_true_target,f_stab,main_effect,0.563733632957149,,-0.2785996252605963,"native max(log Q, -2)"
true_clipped_log_Q,GX_true_target,f_stab,main_effect,0.63438202937865,,-0.2153133735415403,"native max(log Q, -2)"
true_clipped_log_Q,GX_true_target,f_stab,main_effect,0.7135654582844959,,-0.12355474407354766,"native max(log Q, -2)"
true_clipped_log_Q,GX_true_target,f_stab,main_effect,0.7707057312871084,,-0.0740951920207587,"native max(log Q, -2)"
true_clipped_log_Q,GX_true_target,f_stab,main_effect,0.8141218176936164,,-0.03378926493532698,"native max(log Q, -2)"
true_clipped_log_Q,GX_true_target,f_stab,main_effect,0.8541090091455557,,0.005578577902757091,"native max(log Q, -2)"
true_clipped_log_Q,GX_true_target,f_stab,main_effect,0.8911566779371366,,0.025880057880058677,"native max(log Q, -2)"
true_clipped_log_Q,GX_true_target,f_stab,main_effect,0.9200264066099024,,0.033300136722285434,"native max(log Q, -2)"
true_clipped_log_Q,GX_true_target,f_stab,main_effect,0.9524163559541904,,0.04465636650723573,"native max(log Q, -2)"
true_clipped_log_Q,GX_true_target,f_stab,main_effect,0.975559061177456,,0.044533814920793606,"native max(log Q, -2)"
true_clipped_log_Q,GX_true_target,f_stab,main_effect,0.9965410308341154,,0.0605879684732682,"native max(log Q, -2)"
true_clipped_log_Q,GX_true_target,f_stab,main_effect,1.0182314794268241,,0.06918535226624183,"native max(log Q, -2)"
true_clipped_log_Q,GX_true_target,f_stab,main_effect,1.037396763088498,,0.08316178952873786,"native max(log Q, -2)"
true_clipped_log_Q,GX_true_target,f_stab,main_effect,1.0627687320344714,,0.08766856112158512,"native max(log Q, -2)"
true_clipped_log_Q,GX_true_target,f_stab,main_effect,1.0781288585021191,,0.09072318062208853,"native max(log Q, -2)"
true_clipped_log_Q,GX_true_target,f_stab,main_effect,1.0986447402654456,,0.11425714917071435,"native max(log Q, -2)"
true_clipped_log_Q,GX_true_target,f_stab,main_effect,1.1311975741627518,,0.1259817709733162,"native max(log Q, -2)"
true_clipped_log_Q,GX_true_target,f_stab,main_effect,1.1549475487879404,,0.12393723152700799,"native max(log Q, -2)"
true_clipped_log_Q,GX_true_target,f_stab,main_effect,1.184713431111009,,0.1269389865399224,"native max(log Q, -2)"
true_clipped_log_Q,GX_true_target,f_stab,main_effect,1.2133495356502695,,0.1438435582102343,"native max(log Q, -2)"
true_clipped_log_Q,GX_true_target,f_stab,main_effect,1.2458931811530742,,0.15351512147332497,"native max(log Q, -2)"
true_clipped_log_Q,GX_true_target,f_stab,main_effect,1.2806858622785189,,0.16681226242367053,"native max(log Q, -2)"
true_clipped_log_Q,GX_true_target,f_stab,main_effect,1.328652905452731,,0.15524839468100654,"native max(log Q, -2)"
true_clipped_log_Q,GX_true_target,f_stab,main_effect,1.380138244462375,,0.13321703019632813,"native max(log Q, -2)"
true_clipped_log_Q,GX_true_target,f_stab,main_effect,1.4524246833481782,,0.11288352230705247,"native max(log Q, -2)"
true_clipped_log_Q,GX_true_target,f_stab,main_effect,1.5530888120197042,,0.11997880256634076,"native max(log Q, -2)"
true_clipped_log_Q,GX_true_target,f_stab,main_effect,1.715459614542501,,0.14238387178330864,"native max(log Q, -2)"
true_clipped_log_Q,GX_true_target,f_stab,main_effect,2.3549027514098744,,0.24484744426808452,"native max(log Q, -2)"
true_clipped_log_Q,GX_true_target,log_FSA_grad_x,main_effect,-0.5277567385884786,,-0.3025265226823243,"native max(log Q, -2)"
true_clipped_log_Q,GX_true_target,log_FSA_grad_x,main_effect,-0.18442542351046268,,-0.2310684290355578,"native max(log Q, -2)"
true_clipped_log_Q,GX_true_target,log_FSA_grad_x,main_effect,-0.057602778652505654,,-0.19458896962638525,"native max(log Q, -2)"
true_clipped_log_Q,GX_true_target,log_FSA_grad_x,main_effect,0.008146500471370258,,-0.15157299976386954,"native max(log Q, -2)"
true_clipped_log_Q,GX_true_target,log_FSA_grad_x,main_effect,0.06282052462238175,,-0.10578337622401528,"native max(log Q, -2)"
true_clipped_log_Q,GX_true_target,log_FSA_grad_x,main_effect,0.08943585451559652,,-0.09109716950254003,"native max(log Q, -2)"
true_clipped_log_Q,GX_true_target,log_FSA_grad_x,main_effect,0.11228066230182684,,-0.059356387193511016,"native max(log Q, -2)"
true_clipped_log_Q,GX_true_target,log_FSA_grad_x,main_effect,0.12658252582883844,,-0.04366375587936583,"native max(log Q, -2)"
true_clipped_log_Q,GX_true_target,log_FSA_grad_x,main_effect,0.13675800741887217,,-0.03338697441567399,"native max(log Q, -2)"
true_clipped_log_Q,GX_true_target,log_FSA_grad_x,main_effect,0.1504694048623852,,-0.006837333808681078,"native max(log Q, -2)"
true_clipped_log_Q,GX_true_target,log_FSA_grad_x,main_effect,0.16482356531994913,,0.009422469859417094,"native max(log Q, -2)"
true_clipped_log_Q,GX_true_target,log_FSA_grad_x,main_effect,0.17627255098303435,,0.028868409425275576,"native max(log Q, -2)"
true_clipped_log_Q,GX_true_target,log_FSA_grad_x,main_effect,0.1915501566172924,,0.036264801913744336,"native max(log Q, -2)"
true_clipped_log_Q,GX_true_target,log_FSA_grad_x,main_effect,0.20351389526141817,,0.041615852209781076,"native max(log Q, -2)"
true_clipped_log_Q,GX_true_target,log_FSA_grad_x,main_effect,0.21606898863431379,,0.047870149867085356,"native max(log Q, -2)"
true_clipped_log_Q,GX_true_target,log_FSA_grad_x,main_effect,0.22902898515738035,,0.05324368236591584,"native max(log Q, -2)"
true_clipped_log_Q,GX_true_target,log_FSA_grad_x,main_effect,0.2391751561851091,,0.05498823512751142,"native max(log Q, -2)"
true_clipped_log_Q,GX_true_target,log_FSA_grad_x,main_effect,0.2514205588199237,,0.07271222722464371,"native max(log Q, -2)"
true_clipped_log_Q,GX_true_target,log_FSA_grad_x,main_effect,0.26416223277953044,,0.08207873407674528,"native max(log Q, -2)"
true_clipped_log_Q,GX_true_target,log_FSA_grad_x,main_effect,0.2757308028624021,,0.09188984635422036,"native max(log Q, -2)"
true_clipped_log_Q,GX_true_target,log_FSA_grad_x,main_effect,0.293127019469046,,0.09892421149420244,"native max(log Q, -2)"
true_clipped_log_Q,GX_true_target,log_FSA_grad_x,main_effect,0.3068156491800449,,0.10312232964834714,"native max(log Q, -2)"
true_clipped_log_Q,GX_true_target,log_FSA_grad_x,main_effect,0.3291982036882788,,0.09443813559985081,"native max(log Q, -2)"
true_clipped_log_Q,GX_true_target,log_FSA_grad_x,main_effect,0.356844764649959,,0.07773223077798848,"native max(log Q, -2)"
true_clipped_log_Q,GX_true_target,log_FSA_grad_x,main_effect,0.38018704219412924,,0.05005698758441503,"native max(log Q, -2)"
true_clipped_log_Q,GX_true_target,log_FSA_grad_x,main_effect,0.4274491131350573,,0.03229607646256044,"native max(log Q, -2)"
true_clipped_log_Q,GX_true_target,log_FSA_grad_x,main_effect,0.493794546309002,,0.024673690927043614,"native max(log Q, -2)"
true_clipped_log_Q,GX_true_target,log_FSA_grad_x,main_effect,0.5659831095227608,,0.026127562828714437,"native max(log Q, -2)"
true_clipped_log_Q,GX_true_target,log_FSA_grad_x,main_effect,0.6527215220947906,,0.01106022623073383,"native max(log Q, -2)"
true_clipped_log_Q,GX_true_target,log_FSA_grad_x,main_effect,0.7270764642439417,,-0.013529480823879609,"native max(log Q, -2)"
true_clipped_log_Q,GX_true_target,log_FSA_grad_x,main_effect,0.8606266955615611,,0.04191599263822897,"native max(log Q, -2)"
true_clipped_log_Q,GX_true_target,log_FSA_grad_x,main_effect,1.2175818574136108,,0.0654802340823788,"native max(log Q, -2)"
true_clipped_log_Q,GX_true_target,bad_curvature_compression,main_effect,0.0,,-0.2451649932319711,"native max(log Q, -2)"
true_clipped_log_Q,GX_true_target,bad_curvature_compression,main_effect,0.040043095928454654,,-0.16728955449295083,"native max(log Q, -2)"
true_clipped_log_Q,GX_true_target,bad_curvature_compression,main_effect,0.11637153586374345,,-0.12591987110074127,"native max(log Q, -2)"
true_clipped_log_Q,GX_true_target,bad_curvature_compression,main_effect,0.20184149018891462,,-0.10750983757922777,"native max(log Q, -2)"
true_clipped_log_Q,GX_true_target,bad_curvature_compression,main_effect,0.27625888580533053,,-0.09023857809820593,"native max(log Q, -2)"
true_clipped_log_Q,GX_true_target,bad_curvature_compression,main_effect,0.37772818002514164,,-0.07849913973847503,"native max(log Q, -2)"
true_clipped_log_Q,GX_true_target,bad_curvature_compression,main_effect,0.4376769524342149,,-0.07269315556730083,"native max(log Q, -2)"
true_clipped_log_Q,GX_true_target,bad_curvature_compression,main_effect,0.5120203653261879,,-0.06743943451753523,"native max(log Q, -2)"
true_clipped_log_Q,GX_true_target,bad_curvature_compression,main_effect,0.5765436094946987,,-0.06418833083822668,"native max(log Q, -2)"
true_clipped_log_Q,GX_true_target,bad_curvature_compression,main_effect,0.6247337831757989,,-0.057301256473862916,"native max(log Q, -2)"
true_clipped_log_Q,GX_true_target,bad_curvature_compression,main_effect,0.6765515944701086,,-0.04298478402158121,"native max(log Q, -2)"
true_clipped_log_Q,GX_true_target,bad_curvature_compression,main_effect,0.7340826184720184,,-0.02782514348830824,"native max(log Q, -2)"
true_clipped_log_Q,GX_true_target,bad_curvature_compression,main_effect,0.792270317941693,,-0.030521464569474167,"native max(log Q, -2)"
true_clipped_log_Q,GX_true_target,bad_curvature_compression,main_effect,0.8766376604703936,,-0.03860184188536392,"native max(log Q, -2)"
true_clipped_log_Q,GX_true_target,bad_curvature_compression,main_effect,0.9812264984681589,,-0.0531178584313547,"native max(log Q, -2)"
true_clipped_log_Q,GX_true_target,bad_curvature_compression,main_effect,1.0375658948203959,,-0.05779730451684359,"native max(log Q, -2)"
true_clipped_log_Q,GX_true_target,bad_curvature_compression,main_effect,1.1239995989276748,,-0.06060494453319566,"native max(log Q, -2)"
true_clipped_log_Q,GX_true_target,bad_curvature_compression,main_effect,1.209367276379852,,-0.05457797114199224,"native max(log Q, -2)"
true_clipped_log_Q,GX_true_target,bad_curvature_compression,main_effect,1.2994978605065142,,-0.03739984410408036,"native max(log Q, -2)"
true_clipped_log_Q,GX_true_target,bad_curvature_compression,main_effect,1.3937281352561286,,-0.029492110742903893,"native max(log Q, -2)"
true_clipped_log_Q,GX_true_target,bad_curvature_compression,main_effect,1.4974580572156206,,0.004569615283863789,"native max(log Q, -2)"
true_clipped_log_Q,GX_true_target,bad_curvature_compression,main_effect,1.6541450196423055,,0.022336150933566477,"native max(log Q, -2)"
true_clipped_log_Q,GX_true_target,bad_curvature_compression,main_effect,1.8395270826576673,,0.042545328309271394,"native max(log Q, -2)"
true_clipped_log_Q,GX_true_target,bad_curvature_compression,main_effect,2.0211606685317203,,0.05898437306030455,"native max(log Q, -2)"
true_clipped_log_Q,GX_true_target,bad_curvature_compression,main_effect,2.312416462104111,,0.09378686507075899,"native max(log Q, -2)"
true_clipped_log_Q,GX_true_target,bad_curvature_compression,main_effect,2.6753986027397696,,0.12056691188067789,"native max(log Q, -2)"
true_clipped_log_Q,GX_true_target,bad_curvature_compression,main_effect,3.230306248971198,,0.14742281345815827,"native max(log Q, -2)"
true_clipped_log_Q,GX_true_target,bad_curvature_compression,main_effect,3.8666002731277995,,0.1651171427816197,"native max(log Q, -2)"
true_clipped_log_Q,GX_true_target,bad_curvature_compression,main_effect,5.067713841143107,,0.20024075951145315,"native max(log Q, -2)"
true_clipped_log_Q,GX_true_target,bad_curvature_compression,main_effect,6.824399899444618,,0.24172013518554084,"native max(log Q, -2)"
true_clipped_log_Q,GX_true_target,bad_curvature_compression,main_effect,9.980143448393118,,0.29618228478021885,"native max(log Q, -2)"
true_clipped_log_Q,GX_true_target,bad_curvature_compression,main_effect,31.662612284827745,,0.4585182593858039,"native max(log Q, -2)"
true_clipped_log_Q,GX_true_target,paper_bad_curvature_feature_mean_square,main_effect,0.0,,-0.2258516984197716,"native max(log Q, -2)"
true_clipped_log_Q,GX_true_target,paper_bad_curvature_feature_mean_square,main_effect,0.05522149116426257,,-0.16615862638567694,"native max(log Q, -2)"
true_clipped_log_Q,GX_true_target,paper_bad_curvature_feature_mean_square,main_effect,0.15818497170032206,,-0.11863539418249627,"native max(log Q, -2)"
true_clipped_log_Q,GX_true_target,paper_bad_curvature_feature_mean_square,main_effect,0.2958359615324661,,-0.0825250634870978,"native max(log Q, -2)"
true_clipped_log_Q,GX_true_target,paper_bad_curvature_feature_mean_square,main_effect,0.4767309188327896,,-0.061693870603099624,"native max(log Q, -2)"
true_clipped_log_Q,GX_true_target,paper_bad_curvature_feature_mean_square,main_effect,0.6264598543191415,,-0.05653951590484761,"native max(log Q, -2)"
true_clipped_log_Q,GX_true_target,paper_bad_curvature_feature_mean_square,main_effect,0.7622547112262752,,-0.061387370628156614,"native max(log Q, -2)"
true_clipped_log_Q,GX_true_target,paper_bad_curvature_feature_mean_square,main_effect,0.867126909634012,,-0.0660867446486487,"native max(log Q, -2)"
true_clipped_log_Q,GX_true_target,paper_bad_curvature_feature_mean_square,main_effect,0.9953895306012508,,-0.06595636929950813,"native max(log Q, -2)"
true_clipped_log_Q,GX_true_target,paper_bad_curvature_feature_mean_square,main_effect,1.0814018808873147,,-0.06114786360730737,"native max(log Q, -2)"
true_clipped_log_Q,GX_true_target,paper_bad_curvature_feature_mean_square,main_effect,1.1913536712234647,,-0.05673440306551445,"native max(log Q, -2)"
true_clipped_log_Q,GX_true_target,paper_bad_curvature_feature_mean_square,main_effect,1.319183039104659,,-0.03577319443254995,"native max(log Q, -2)"
true_clipped_log_Q,GX_true_target,paper_bad_curvature_feature_mean_square,main_effect,1.4164782776845888,,-0.02974390889615854,"native max(log Q, -2)"
true_clipped_log_Q,GX_true_target,paper_bad_curvature_feature_mean_square,main_effect,1.5309193847074678,,-0.03205695813337933,"native max(log Q, -2)"
true_clipped_log_Q,GX_true_target,paper_bad_curvature_feature_mean_square,main_effect,1.6452523782048454,,-0.04355398974712486,"native max(log Q, -2)"
true_clipped_log_Q,GX_true_target,paper_bad_curvature_feature_mean_square,main_effect,1.7142609892228498,,-0.0540823406718482,"native max(log Q, -2)"
true_clipped_log_Q,GX_true_target,paper_bad_curvature_feature_mean_square,main_effect,1.8635799793762935,,-0.056919243685505064,"native max(log Q, -2)"
true_clipped_log_Q,GX_true_target,paper_bad_curvature_feature_mean_square,main_effect,2.023535711938306,,-0.047536322621589425,"native max(log Q, -2)"
true_clipped_log_Q,GX_true_target,paper_bad_curvature_feature_mean_square,main_effect,2.2307553396892725,,-0.036446439593496624,"native max(log Q, -2)"
true_clipped_log_Q,GX_true_target,paper_bad_curvature_feature_mean_square,main_effect,2.3962872217239912,,-0.032354186224554354,"native max(log Q, -2)"
true_clipped_log_Q,GX_true_target,paper_bad_curvature_feature_mean_square,main_effect,2.6045413942489986,,-0.016423202441366976,"native max(log Q, -2)"
true_clipped_log_Q,GX_true_target,paper_bad_curvature_feature_mean_square,main_effect,2.829847601809911,,0.03078032981890097,"native max(log Q, -2)"
true_clipped_log_Q,GX_true_target,paper_bad_curvature_feature_mean_square,main_effect,3.2260454406382966,,0.04265987280105052,"native max(log Q, -2)"
true_clipped_log_Q,GX_true_target,paper_bad_curvature_feature_mean_square,main_effect,3.487969533884253,,0.0541370385589074,"native max(log Q, -2)"
true_clipped_log_Q,GX_true_target,paper_bad_curvature_feature_mean_square,main_effect,3.8191498353614888,,0.07174278005028593,"native max(log Q, -2)"
true_clipped_log_Q,GX_true_target,paper_bad_curvature_feature_mean_square,main_effect,4.298526882792114,,0.10018582660186738,"native max(log Q, -2)"
true_clipped_log_Q,GX_true_target,paper_bad_curvature_feature_mean_square,main_effect,5.015802791682851,,0.13686871940906978,"native max(log Q, -2)"
true_clipped_log_Q,GX_true_target,paper_bad_curvature_feature_mean_square,main_effect,5.837657706703807,,0.1501119592439913,"native max(log Q, -2)"
true_clipped_log_Q,GX_true_target,paper_bad_curvature_feature_mean_square,main_effect,7.639949314411392,,0.19299733183313808,"native max(log Q, -2)"
true_clipped_log_Q,GX_true_target,paper_bad_curvature_feature_mean_square,main_effect,11.062144118935603,,0.23006634210587942,"native max(log Q, -2)"
true_clipped_log_Q,GX_true_target,paper_bad_curvature_feature_mean_square,main_effect,16.54279308935454,,0.3021583610946847,"native max(log Q, -2)"
true_clipped_log_Q,GX_true_target,paper_bad_curvature_feature_mean_square,main_effect,44.919345793114886,,0.39071446565454576,"native max(log Q, -2)"
true_clipped_log_Q,GX_true_target,geodesic_curvature_abs_mean,main_effect,0.009350968778259508,,-0.15863237729149798,"native max(log Q, -2)"
true_clipped_log_Q,GX_true_target,geodesic_curvature_abs_mean,main_effect,0.07233486718905624,,-0.1249389338734499,"native max(log Q, -2)"
true_clipped_log_Q,GX_true_target,geodesic_curvature_abs_mean,main_effect,0.08798888969370941,,-0.07265734335823999,"native max(log Q, -2)"
true_clipped_log_Q,GX_true_target,geodesic_curvature_abs_mean,main_effect,0.10163026482526527,,-0.02038103799208686,"native max(log Q, -2)"
true_clipped_log_Q,GX_true_target,geodesic_curvature_abs_mean,main_effect,0.11076486595266036,,-0.019223679529835145,"native max(log Q, -2)"
true_clipped_log_Q,GX_true_target,geodesic_curvature_abs_mean,main_effect,0.12065368408426973,,-0.027965932456335323,"native max(log Q, -2)"
true_clipped_log_Q,GX_true_target,geodesic_curvature_abs_mean,main_effect,0.12592411872659193,,-0.050058527078538764,"native max(log Q, -2)"
true_clipped_log_Q,GX_true_target,geodesic_curvature_abs_mean,main_effect,0.1302139296652361,,-0.05079503795220028,"native max(log Q, -2)"
true_clipped_log_Q,GX_true_target,geodesic_curvature_abs_mean,main_effect,0.13756822630966783,,-0.04390283139839677,"native max(log Q, -2)"
true_clipped_log_Q,GX_true_target,geodesic_curvature_abs_mean,main_effect,0.14549016238500675,,-0.018827369326621397,"native max(log Q, -2)"
true_clipped_log_Q,GX_true_target,geodesic_curvature_abs_mean,main_effect,0.1551818007398348,,-0.014483107787011593,"native max(log Q, -2)"
true_clipped_log_Q,GX_true_target,geodesic_curvature_abs_mean,main_effect,0.16292069995931047,,-0.015170717865359,"native max(log Q, -2)"
true_clipped_log_Q,GX_true_target,geodesic_curvature_abs_mean,main_effect,0.16944914392661303,,-0.012738124331494231,"native max(log Q, -2)"
true_clipped_log_Q,GX_true_target,geodesic_curvature_abs_mean,main_effect,0.17510772383805792,,-0.009390847112119745,"native max(log Q, -2)"
true_clipped_log_Q,GX_true_target,geodesic_curvature_abs_mean,main_effect,0.1825145659677219,,-0.017721404806742155,"native max(log Q, -2)"
true_clipped_log_Q,GX_true_target,geodesic_curvature_abs_mean,main_effect,0.19050201606781533,,-0.018217097015449227,"native max(log Q, -2)"
true_clipped_log_Q,GX_true_target,geodesic_curvature_abs_mean,main_effect,0.19800123561678146,,-0.008115333630729447,"native max(log Q, -2)"
true_clipped_log_Q,GX_true_target,geodesic_curvature_abs_mean,main_effect,0.20647144741784967,,-0.00379712592832969,"native max(log Q, -2)"
true_clipped_log_Q,GX_true_target,geodesic_curvature_abs_mean,main_effect,0.21586432764706842,,-0.004493102076612281,"native max(log Q, -2)"
true_clipped_log_Q,GX_true_target,geodesic_curvature_abs_mean,main_effect,0.22356330310988903,,-0.009170079580549838,"native max(log Q, -2)"
true_clipped_log_Q,GX_true_target,geodesic_curvature_abs_mean,main_effect,0.23076531484124035,,-0.010490424854098514,"native max(log Q, -2)"
true_clipped_log_Q,GX_true_target,geodesic_curvature_abs_mean,main_effect,0.2378539251052037,,-0.008202876976737307,"native max(log Q, -2)"
true_clipped_log_Q,GX_true_target,geodesic_curvature_abs_mean,main_effect,0.24891835000744322,,-0.0017005324735441005,"native max(log Q, -2)"
true_clipped_log_Q,GX_true_target,geodesic_curvature_abs_mean,main_effect,0.2570020028263874,,0.018548784165463232,"native max(log Q, -2)"
true_clipped_log_Q,GX_true_target,geodesic_curvature_abs_mean,main_effect,0.26593551815070293,,0.04487968955634257,"native max(log Q, -2)"
true_clipped_log_Q,GX_true_target,geodesic_curvature_abs_mean,main_effect,0.2769781767759317,,0.06384104766118426,"native max(log Q, -2)"
true_clipped_log_Q,GX_true_target,geodesic_curvature_abs_mean,main_effect,0.2913857640038865,,0.06702345699366423,"native max(log Q, -2)"
true_clipped_log_Q,GX_true_target,geodesic_curvature_abs_mean,main_effect,0.3086644678696758,,0.05831797077925888,"native max(log Q, -2)"
true_clipped_log_Q,GX_true_target,geodesic_curvature_abs_mean,main_effect,0.32752573008959496,,0.06961754274688878,"native max(log Q, -2)"
true_clipped_log_Q,GX_true_target,geodesic_curvature_abs_mean,main_effect,0.3528389563046707,,0.0960425247655948,"native max(log Q, -2)"
true_clipped_log_Q,GX_true_target,geodesic_curvature_abs_mean,main_effect,0.38088501673579833,,0.10535237179313944,"native max(log Q, -2)"
true_clipped_log_Q,GX_true_target,geodesic_curvature_abs_mean,main_effect,0.5259077142691241,,0.16233974580792482,"native max(log Q, -2)"
true_clipped_log_Q,GX_true_target,geodesic_curvature_compression,main_effect,0.007889698173984593,,-0.33013309618455877,"native max(log Q, -2)"
true_clipped_log_Q,GX_true_target,geodesic_curvature_compression,main_effect,0.06112253759421008,,-0.2466201032188159,"native max(log Q, -2)"
true_clipped_log_Q,GX_true_target,geodesic_curvature_compression,main_effect,0.08472354472861182,,-0.21434241353706104,"native max(log Q, -2)"
true_clipped_log_Q,GX_true_target,geodesic_curvature_compression,main_effect,0.10747155202098062,,-0.1868448755955408,"native max(log Q, -2)"
true_clipped_log_Q,GX_true_target,geodesic_curvature_compression,main_effect,0.12387289272906463,,-0.14536059307544374,"native max(log Q, -2)"
true_clipped_log_Q,GX_true_target,geodesic_curvature_compression,main_effect,0.1328591549518529,,-0.12950362409134458,"native max(log Q, -2)"
true_clipped_log_Q,GX_true_target,geodesic_curvature_compression,main_effect,0.14368524331994942,,-0.11222740854122953,"native max(log Q, -2)"
true_clipped_log_Q,GX_true_target,geodesic_curvature_compression,main_effect,0.15561149293698617,,-0.10186200620488485,"native max(log Q, -2)"
true_clipped_log_Q,GX_true_target,geodesic_curvature_compression,main_effect,0.16382137142401326,,-0.09470973895458931,"native max(log Q, -2)"
true_clipped_log_Q,GX_true_target,geodesic_curvature_compression,main_effect,0.1726624695944159,,-0.07930413126094304,"native max(log Q, -2)"
true_clipped_log_Q,GX_true_target,geodesic_curvature_compression,main_effect,0.18351264481514726,,-0.058994841456615016,"native max(log Q, -2)"
true_clipped_log_Q,GX_true_target,geodesic_curvature_compression,main_effect,0.19458147299331868,,-0.04410289429663928,"native max(log Q, -2)"
true_clipped_log_Q,GX_true_target,geodesic_curvature_compression,main_effect,0.2027830657635095,,-0.025548401460676228,"native max(log Q, -2)"
true_clipped_log_Q,GX_true_target,geodesic_curvature_compression,main_effect,0.2115110303305454,,-0.007327582418704581,"native max(log Q, -2)"
true_clipped_log_Q,GX_true_target,geodesic_curvature_compression,main_effect,0.22159419202635466,,0.0187206124795213,"native max(log Q, -2)"
true_clipped_log_Q,GX_true_target,geodesic_curvature_compression,main_effect,0.23068011147729056,,0.03601200633643709,"native max(log Q, -2)"
true_clipped_log_Q,GX_true_target,geodesic_curvature_compression,main_effect,0.24064712718541206,,0.062360537187626686,"native max(log Q, -2)"
true_clipped_log_Q,GX_true_target,geodesic_curvature_compression,main_effect,0.2511457826759343,,0.07796229752403644,"native max(log Q, -2)"
true_clipped_log_Q,GX_true_target,geodesic_curvature_compression,main_effect,0.26145423436101833,,0.09288170595507203,"native max(log Q, -2)"
true_clipped_log_Q,GX_true_target,geodesic_curvature_compression,main_effect,0.2703036766359932,,0.10986802105511581,"native max(log Q, -2)"
true_clipped_log_Q,GX_true_target,geodesic_curvature_compression,main_effect,0.2780013666140342,,0.11872272960406122,"native max(log Q, -2)"
true_clipped_log_Q,GX_true_target,geodesic_curvature_compression,main_effect,0.2906341978805378,,0.11149542597463787,"native max(log Q, -2)"
true_clipped_log_Q,GX_true_target,geodesic_curvature_compression,main_effect,0.29962640199149576,,0.10461610483276264,"native max(log Q, -2)"
true_clipped_log_Q,GX_true_target,geodesic_curvature_compression,main_effect,0.31218959854131,,0.09678876505719318,"native max(log Q, -2)"
true_clipped_log_Q,GX_true_target,geodesic_curvature_compression,main_effect,0.3291850964793466,,0.0756544664572183,"native max(log Q, -2)"
true_clipped_log_Q,GX_true_target,geodesic_curvature_compression,main_effect,0.3392562852423112,,0.06821022974059798,"native max(log Q, -2)"
true_clipped_log_Q,GX_true_target,geodesic_curvature_compression,main_effect,0.35692183850756576,,0.07410930715763397,"native max(log Q, -2)"
true_clipped_log_Q,GX_true_target,geodesic_curvature_compression,main_effect,0.38038553842740697,,0.08436533926496596,"native max(log Q, -2)"
true_clipped_log_Q,GX_true_target,geodesic_curvature_compression,main_effect,0.4070419599273801,,0.10162306648110342,"native max(log Q, -2)"
true_clipped_log_Q,GX_true_target,geodesic_curvature_compression,main_effect,0.43901535719898166,,0.11024454147211228,"native max(log Q, -2)"
true_clipped_log_Q,GX_true_target,geodesic_curvature_compression,main_effect,0.5051609310213148,,0.10756651719840665,"native max(log Q, -2)"
true_clipped_log_Q,GX_true_target,geodesic_curvature_compression,main_effect,0.7778913563250064,,0.18401454833958877,"native max(log Q, -2)"
true_clipped_log_Q,GX_true_target,parallel_roughness_iqr_scaled,main_effect,3.3164699841034717,,0.1432518341303851,"native max(log Q, -2)"
true_clipped_log_Q,GX_true_target,parallel_roughness_iqr_scaled,main_effect,6.525813301660298,,0.1548184981669663,"native max(log Q, -2)"
true_clipped_log_Q,GX_true_target,parallel_roughness_iqr_scaled,main_effect,7.6687505211598594,,0.1272709331414204,"native max(log Q, -2)"
true_clipped_log_Q,GX_true_target,parallel_roughness_iqr_scaled,main_effect,8.284621645266194,,0.09619579894989119,"native max(log Q, -2)"
true_clipped_log_Q,GX_true_target,parallel_roughness_iqr_scaled,main_effect,8.944785169885812,,0.08397434714991454,"native max(log Q, -2)"
true_clipped_log_Q,GX_true_target,parallel_roughness_iqr_scaled,main_effect,9.89562892450568,,0.050052804662865005,"native max(log Q, -2)"
true_clipped_log_Q,GX_true_target,parallel_roughness_iqr_scaled,main_effect,10.593465022932463,,0.008616695988803706,"native max(log Q, -2)"
true_clipped_log_Q,GX_true_target,parallel_roughness_iqr_scaled,main_effect,11.245235411203764,,-0.000308752619943415,"native max(log Q, -2)"
true_clipped_log_Q,GX_true_target,parallel_roughness_iqr_scaled,main_effect,11.668083050132887,,-0.017876597840289925,"native max(log Q, -2)"
true_clipped_log_Q,GX_true_target,parallel_roughness_iqr_scaled,main_effect,12.287269857238183,,-0.036069431898416326,"native max(log Q, -2)"
true_clipped_log_Q,GX_true_target,parallel_roughness_iqr_scaled,main_effect,12.880994209398656,,-0.043949294462845415,"native max(log Q, -2)"
true_clipped_log_Q,GX_true_target,parallel_roughness_iqr_scaled,main_effect,13.351647753432646,,-0.05371873941436622,"native max(log Q, -2)"
true_clipped_log_Q,GX_true_target,parallel_roughness_iqr_scaled,main_effect,14.07435204019393,,-0.061211017873077804,"native max(log Q, -2)"
true_clipped_log_Q,GX_true_target,parallel_roughness_iqr_scaled,main_effect,14.625570324590136,,-0.06259089408393162,"native max(log Q, -2)"
true_clipped_log_Q,GX_true_target,parallel_roughness_iqr_scaled,main_effect,15.255447701752,,-0.06588333141252882,"native max(log Q, -2)"
true_clipped_log_Q,GX_true_target,parallel_roughness_iqr_scaled,main_effect,15.93932120232245,,-0.066494990501498,"native max(log Q, -2)"
true_clipped_log_Q,GX_true_target,parallel_roughness_iqr_scaled,main_effect,16.613483808120804,,-0.06555744484099528,"native max(log Q, -2)"
true_clipped_log_Q,GX_true_target,parallel_roughness_iqr_scaled,main_effect,17.35888171787531,,-0.06359912083095848,"native max(log Q, -2)"
true_clipped_log_Q,GX_true_target,parallel_roughness_iqr_scaled,main_effect,18.107217451123557,,-0.05652640729764369,"native max(log Q, -2)"
true_clipped_log_Q,GX_true_target,parallel_roughness_iqr_scaled,main_effect,18.904381959467166,,-0.062398468720542374,"native max(log Q, -2)"
true_clipped_log_Q,GX_true_target,parallel_roughness_iqr_scaled,main_effect,19.90534510812168,,-0.06083327041950855,"native max(log Q, -2)"
true_clipped_log_Q,GX_true_target,parallel_roughness_iqr_scaled,main_effect,21.092881795919993,,-0.05194432265350344,"native max(log Q, -2)"
true_clipped_log_Q,GX_true_target,parallel_roughness_iqr_scaled,main_effect,22.55867686838366,,-0.03451633133126572,"native max(log Q, -2)"
true_clipped_log_Q,GX_true_target,parallel_roughness_iqr_scaled,main_effect,24.035461763031563,,-0.01813042302811495,"native max(log Q, -2)"
true_clipped_log_Q,GX_true_target,parallel_roughness_iqr_scaled,main_effect,25.636945118533642,,-0.018554939898006773,"native max(log Q, -2)"
true_clipped_log_Q,GX_true_target,parallel_roughness_iqr_scaled,main_effect,27.347476113970245,,-0.012988469365717136,"native max(log Q, -2)"
true_clipped_log_Q,GX_true_target,parallel_roughness_iqr_scaled,main_effect,30.261320569888955,,-0.0075756395875919876,"native max(log Q, -2)"
true_clipped_log_Q,GX_true_target,parallel_roughness_iqr_scaled,main_effect,34.214643244738454,,0.0031948553800343884,"native max(log Q, -2)"
true_clipped_log_Q,GX_true_target,parallel_roughness_iqr_scaled,main_effect,37.95203884143847,,0.018415999939822826,"native max(log Q, -2)"
true_clipped_log_Q,GX_true_target,parallel_roughness_iqr_scaled,main_effect,44.543667036070104,,0.04281580509349747,"native max(log Q, -2)"
true_clipped_log_Q,GX_true_target,parallel_roughness_iqr_scaled,main_effect,59.68846348273276,,0.09436481050499615,"native max(log Q, -2)"
true_clipped_log_Q,GX_true_target,parallel_roughness_iqr_scaled,main_effect,449.69559950372195,,0.08454224997984708,"native max(log Q, -2)"
true_clipped_log_Q,GX_true_target,cross_channel_colocation,main_effect,0.0,,-0.1903951013266817,"native max(log Q, -2)"
true_clipped_log_Q,GX_true_target,cross_channel_colocation,main_effect,0.06664988101110539,,-0.11386971639563064,"native max(log Q, -2)"
true_clipped_log_Q,GX_true_target,cross_channel_colocation,main_effect,0.1926796733484037,,-0.08447065052441581,"native max(log Q, -2)"
true_clipped_log_Q,GX_true_target,cross_channel_colocation,main_effect,0.3305028210567863,,-0.061694178972838576,"native max(log Q, -2)"
true_clipped_log_Q,GX_true_target,cross_channel_colocation,main_effect,0.45111669541486166,,-0.0410849301645974,"native max(log Q, -2)"
true_clipped_log_Q,GX_true_target,cross_channel_colocation,main_effect,0.5617308727389484,,-0.03363278871030208,"native max(log Q, -2)"
true_clipped_log_Q,GX_true_target,cross_channel_colocation,main_effect,0.6567534571462993,,-0.032922420178221744,"native max(log Q, -2)"
true_clipped_log_Q,GX_true_target,cross_channel_colocation,main_effect,0.7267349366544291,,-0.02965405061210129,"native max(log Q, -2)"
true_clipped_log_Q,GX_true_target,cross_channel_colocation,main_effect,0.8150854597232531,,-0.018898858379972634,"native max(log Q, -2)"
true_clipped_log_Q,GX_true_target,cross_channel_colocation,main_effect,0.8854121070690294,,-0.03196856563597708,"native max(log Q, -2)"
true_clipped_log_Q,GX_true_target,cross_channel_colocation,main_effect,0.9542575783251417,,-0.04196144619064765,"native max(log Q, -2)"
true_clipped_log_Q,GX_true_target,cross_channel_colocation,main_effect,1.009773509643411,,-0.032952710629280395,"native max(log Q, -2)"
true_clipped_log_Q,GX_true_target,cross_channel_colocation,main_effect,1.0643819947004438,,-0.040090170568914556,"native max(log Q, -2)"
true_clipped_log_Q,GX_true_target,cross_channel_colocation,main_effect,1.1369166085538387,,-0.04810254047805694,"native max(log Q, -2)"
true_clipped_log_Q,GX_true_target,cross_channel_colocation,main_effect,1.1984577121565068,,-0.032594158146607786,"native max(log Q, -2)"
true_clipped_log_Q,GX_true_target,cross_channel_colocation,main_effect,1.2516359984541956,,-0.029226079682810636,"native max(log Q, -2)"
true_clipped_log_Q,GX_true_target,cross_channel_colocation,main_effect,1.2932546777852325,,-0.030968019532223147,"native max(log Q, -2)"
true_clipped_log_Q,GX_true_target,cross_channel_colocation,main_effect,1.3647141761828019,,-0.024641982144041633,"native max(log Q, -2)"
true_clipped_log_Q,GX_true_target,cross_channel_colocation,main_effect,1.4572393572986235,,-0.018904246283096456,"native max(log Q, -2)"
true_clipped_log_Q,GX_true_target,cross_channel_colocation,main_effect,1.5680668576232026,,-0.01146564744270071,"native max(log Q, -2)"
true_clipped_log_Q,GX_true_target,cross_channel_colocation,main_effect,1.680477562352136,,0.004653178334881412,"native max(log Q, -2)"
true_clipped_log_Q,GX_true_target,cross_channel_colocation,main_effect,1.8140210382447508,,0.026423476342563937,"native max(log Q, -2)"
true_clipped_log_Q,GX_true_target,cross_channel_colocation,main_effect,1.9386721770633941,,0.051661361543147696,"native max(log Q, -2)"
true_clipped_log_Q,GX_true_target,cross_channel_colocation,main_effect,2.070102749170708,,0.08187808757728615,"native max(log Q, -2)"
true_clipped_log_Q,GX_true_target,cross_channel_colocation,main_effect,2.247422337258988,,0.09371026572627492,"native max(log Q, -2)"
true_clipped_log_Q,GX_true_target,cross_channel_colocation,main_effect,2.4532535421668156,,0.09342866366390146,"native max(log Q, -2)"
true_clipped_log_Q,GX_true_target,cross_channel_colocation,main_effect,2.7130128792327013,,0.08205815498869473,"native max(log Q, -2)"
true_clipped_log_Q,GX_true_target,cross_channel_colocation,main_effect,3.1406404247815276,,0.08404320464045281,"native max(log Q, -2)"
true_clipped_log_Q,GX_true_target,cross_channel_colocation,main_effect,3.9318583034380103,,0.10202051107696503,"native max(log Q, -2)"
true_clipped_log_Q,GX_true_target,cross_channel_colocation,main_effect,5.216106685002086,,0.1429843875436031,"native max(log Q, -2)"
true_clipped_log_Q,GX_true_target,cross_channel_colocation,main_effect,7.19108340562524,,0.18082522884795718,"native max(log Q, -2)"
true_clipped_log_Q,GX_true_target,cross_channel_colocation,main_effect,14.93604350531389,,0.2681783701077207,"native max(log Q, -2)"
true_clipped_log_Q,GX_true_target,bmag_parallel_expected_k,main_effect,1.1920382450865792,,0.14300374180502473,"native max(log Q, -2)"
true_clipped_log_Q,GX_true_target,bmag_parallel_expected_k,main_effect,2.00042730481691,,0.11069077659029983,"native max(log Q, -2)"
true_clipped_log_Q,GX_true_target,bmag_parallel_expected_k,main_effect,2.3455112082238543,,0.12134625410241509,"native max(log Q, -2)"
true_clipped_log_Q,GX_true_target,bmag_parallel_expected_k,main_effect,2.6627631116073656,,0.11485621095837246,"native max(log Q, -2)"
true_clipped_log_Q,GX_true_target,bmag_parallel_expected_k,main_effect,2.8332773894828973,,0.10250238814336479,"native max(log Q, -2)"
true_clipped_log_Q,GX_true_target,bmag_parallel_expected_k,main_effect,2.9620874125625853,,0.10108225574132845,"native max(log Q, -2)"
true_clipped_log_Q,GX_true_target,bmag_parallel_expected_k,main_effect,3.1156600516160484,,0.10746793617031658,"native max(log Q, -2)"
true_clipped_log_Q,GX_true_target,bmag_parallel_expected_k,main_effect,3.273627454307598,,0.10196535836936668,"native max(log Q, -2)"
true_clipped_log_Q,GX_true_target,bmag_parallel_expected_k,main_effect,3.45856801513495,,0.07656953157728742,"native max(log Q, -2)"
true_clipped_log_Q,GX_true_target,bmag_parallel_expected_k,main_effect,3.6371529639693625,,0.050896832653140475,"native max(log Q, -2)"
true_clipped_log_Q,GX_true_target,bmag_parallel_expected_k,main_effect,3.8636753503005057,,0.0342277708928534,"native max(log Q, -2)"
true_clipped_log_Q,GX_true_target,bmag_parallel_expected_k,main_effect,4.051665817403245,,0.020789718985187944,"native max(log Q, -2)"
true_clipped_log_Q,GX_true_target,bmag_parallel_expected_k,main_effect,4.236051649196192,,0.006905133876100386,"native max(log Q, -2)"
true_clipped_log_Q,GX_true_target,bmag_parallel_expected_k,main_effect,4.437667386859554,,-0.0070487604097059075,"native max(log Q, -2)"
true_clipped_log_Q,GX_true_target,bmag_parallel_expected_k,main_effect,4.652912773913863,,-0.016332363019291262,"native max(log Q, -2)"
true_clipped_log_Q,GX_true_target,bmag_parallel_expected_k,main_effect,5.024813672111133,,-0.007956124878493093,"native max(log Q, -2)"
true_clipped_log_Q,GX_true_target,bmag_parallel_expected_k,main_effect,5.224414936052387,,-0.010720738778748663,"native max(log Q, -2)"
true_clipped_log_Q,GX_true_target,bmag_parallel_expected_k,main_effect,5.512503979079229,,-0.014944984199751654,"native max(log Q, -2)"
true_clipped_log_Q,GX_true_target,bmag_parallel_expected_k,main_effect,5.880919542075251,,-0.011068303855120955,"native max(log Q, -2)"
true_clipped_log_Q,GX_true_target,bmag_parallel_expected_k,main_effect,6.431980430154384,,-0.014949822436390673,"native max(log Q, -2)"
true_clipped_log_Q,GX_true_target,bmag_parallel_expected_k,main_effect,6.834912480126297,,-0.029812004019920835,"native max(log Q, -2)"
true_clipped_log_Q,GX_true_target,bmag_parallel_expected_k,main_effect,7.104912911640481,,-0.03963879490668547,"native max(log Q, -2)"
true_clipped_log_Q,GX_true_target,bmag_parallel_expected_k,main_effect,7.413947347348882,,-0.05706904438572402,"native max(log Q, -2)"
true_clipped_log_Q,GX_true_target,bmag_parallel_expected_k,main_effect,7.95298153803396,,-0.07100144755203207,"native max(log Q, -2)"
true_clipped_log_Q,GX_true_target,bmag_parallel_expected_k,main_effect,8.287180523326139,,-0.0750513588968705,"native max(log Q, -2)"
true_clipped_log_Q,GX_true_target,bmag_parallel_expected_k,main_effect,8.752703360023844,,-0.07584459460023689,"native max(log Q, -2)"
true_clipped_log_Q,GX_true_target,bmag_parallel_expected_k,main_effect,9.250239175533427,,-0.08447449880732738,"native max(log Q, -2)"
true_clipped_log_Q,GX_true_target,bmag_parallel_expected_k,main_effect,9.753528696238556,,-0.09785018389282044,"native max(log Q, -2)"
true_clipped_log_Q,GX_true_target,bmag_parallel_expected_k,main_effect,10.439356679804316,,-0.10529103745302985,"native max(log Q, -2)"
true_clipped_log_Q,GX_true_target,bmag_parallel_expected_k,main_effect,11.188294161731841,,-0.11027833249966523,"native max(log Q, -2)"
true_clipped_log_Q,GX_true_target,bmag_parallel_expected_k,main_effect,12.264105283505046,,-0.0823059406768597,"native max(log Q, -2)"
true_clipped_log_Q,GX_true_target,bmag_parallel_expected_k,main_effect,14.659488456701158,,-0.15422361352439096,"native max(log Q, -2)"
true_clipped_log_Q,GX_true_target,compression_parallel_expected_k,main_effect,1.44452694818908,,-0.09271944627378745,"native max(log Q, -2)"
true_clipped_log_Q,GX_true_target,compression_parallel_expected_k,main_effect,2.4952331855898224,,-0.02303842490615042,"native max(log Q, -2)"
true_clipped_log_Q,GX_true_target,compression_parallel_expected_k,main_effect,2.7038762803044354,,-0.01795491413361527,"native max(log Q, -2)"
true_clipped_log_Q,GX_true_target,compression_parallel_expected_k,main_effect,3.005272484436159,,-0.021974549655579444,"native max(log Q, -2)"
true_clipped_log_Q,GX_true_target,compression_parallel_expected_k,main_effect,3.1758050342748354,,-0.017421510813672842,"native max(log Q, -2)"
true_clipped_log_Q,GX_true_target,compression_parallel_expected_k,main_effect,3.3374138654175662,,-0.012099259777413598,"native max(log Q, -2)"
true_clipped_log_Q,GX_true_target,compression_parallel_expected_k,main_effect,3.5233172030302993,,-0.0019480772171238045,"native max(log Q, -2)"
true_clipped_log_Q,GX_true_target,compression_parallel_expected_k,main_effect,3.6883984651721295,,-0.008813997825938346,"native max(log Q, -2)"
true_clipped_log_Q,GX_true_target,compression_parallel_expected_k,main_effect,3.8696664704275143,,-0.013877425791365963,"native max(log Q, -2)"
true_clipped_log_Q,GX_true_target,compression_parallel_expected_k,main_effect,4.011381907409078,,-0.0092224851633918,"native max(log Q, -2)"
true_clipped_log_Q,GX_true_target,compression_parallel_expected_k,main_effect,4.10620781168606,,-0.0018514258980440387,"native max(log Q, -2)"
true_clipped_log_Q,GX_true_target,compression_parallel_expected_k,main_effect,4.23390110751035,,0.003916808437801326,"native max(log Q, -2)"
true_clipped_log_Q,GX_true_target,compression_parallel_expected_k,main_effect,4.3950900852500805,,0.016511225138450297,"native max(log Q, -2)"
true_clipped_log_Q,GX_true_target,compression_parallel_expected_k,main_effect,4.528698505374109,,0.02582540573546884,"native max(log Q, -2)"
true_clipped_log_Q,GX_true_target,compression_parallel_expected_k,main_effect,4.65443266396165,,0.03384754719877207,"native max(log Q, -2)"
true_clipped_log_Q,GX_true_target,compression_parallel_expected_k,main_effect,4.857853482185325,,0.043218895532836574,"native max(log Q, -2)"
true_clipped_log_Q,GX_true_target,compression_parallel_expected_k,main_effect,5.004471084522239,,0.05003922379629095,"native max(log Q, -2)"
true_clipped_log_Q,GX_true_target,compression_parallel_expected_k,main_effect,5.195847606403694,,0.06144313800268042,"native max(log Q, -2)"
true_clipped_log_Q,GX_true_target,compression_parallel_expected_k,main_effect,5.377000277835615,,0.06908403657477812,"native max(log Q, -2)"
true_clipped_log_Q,GX_true_target,compression_parallel_expected_k,main_effect,5.572812115611185,,0.07200325827890981,"native max(log Q, -2)"
true_clipped_log_Q,GX_true_target,compression_parallel_expected_k,main_effect,5.7820668886567885,,0.07102130940312816,"native max(log Q, -2)"
true_clipped_log_Q,GX_true_target,compression_parallel_expected_k,main_effect,5.9697981751305225,,0.04831017557681155,"native max(log Q, -2)"
true_clipped_log_Q,GX_true_target,compression_parallel_expected_k,main_effect,6.192792574825598,,0.040687940436504644,"native max(log Q, -2)"
true_clipped_log_Q,GX_true_target,compression_parallel_expected_k,main_effect,6.400907974127423,,0.026914501251603475,"native max(log Q, -2)"
true_clipped_log_Q,GX_true_target,compression_parallel_expected_k,main_effect,6.656990441534724,,0.006431486104500588,"native max(log Q, -2)"
true_clipped_log_Q,GX_true_target,compression_parallel_expected_k,main_effect,7.075960341307097,,-0.019714667057866852,"native max(log Q, -2)"
true_clipped_log_Q,GX_true_target,compression_parallel_expected_k,main_effect,7.344071793173743,,-0.0460318327495813,"native max(log Q, -2)"
true_clipped_log_Q,GX_true_target,compression_parallel_expected_k,main_effect,7.645014422426994,,-0.05384844098801094,"native max(log Q, -2)"
true_clipped_log_Q,GX_true_target,compression_parallel_expected_k,main_effect,8.037848138762609,,-0.046968456068659827,"native max(log Q, -2)"
true_clipped_log_Q,GX_true_target,compression_parallel_expected_k,main_effect,8.67012962510806,,-0.04431767915757352,"native max(log Q, -2)"
true_clipped_log_Q,GX_true_target,compression_parallel_expected_k,main_effect,9.450497091580068,,-0.07720043821265174,"native max(log Q, -2)"
true_clipped_log_Q,GX_true_target,compression_parallel_expected_k,main_effect,10.811615498230733,,-0.16046500111873435,"native max(log Q, -2)"
true_clipped_log_Q,GX_true_target,curvature_parallel_expected_k,main_effect,1.1826984965191376,,-0.0517303049757316,"native max(log Q, -2)"
true_clipped_log_Q,GX_true_target,curvature_parallel_expected_k,main_effect,1.9890588460030774,,-0.057667045377856864,"native max(log Q, -2)"
true_clipped_log_Q,GX_true_target,curvature_parallel_expected_k,main_effect,2.334624574949851,,-0.0314610764649473,"native max(log Q, -2)"
true_clipped_log_Q,GX_true_target,curvature_parallel_expected_k,main_effect,2.5848150502818936,,-0.005988764625138011,"native max(log Q, -2)"
true_clipped_log_Q,GX_true_target,curvature_parallel_expected_k,main_effect,2.8503466078697803,,-0.0013761066522660279,"native max(log Q, -2)"
true_clipped_log_Q,GX_true_target,curvature_parallel_expected_k,main_effect,3.0516126415281457,,0.013462123903783898,"native max(log Q, -2)"
true_clipped_log_Q,GX_true_target,curvature_parallel_expected_k,main_effect,3.1571917505964313,,0.025994123018462583,"native max(log Q, -2)"
true_clipped_log_Q,GX_true_target,curvature_parallel_expected_k,main_effect,3.2815894012348883,,0.03508904527680695,"native max(log Q, -2)"
true_clipped_log_Q,GX_true_target,curvature_parallel_expected_k,main_effect,3.439974913336717,,0.03317741090035565,"native max(log Q, -2)"
true_clipped_log_Q,GX_true_target,curvature_parallel_expected_k,main_effect,3.6395243616197828,,0.025689688875937103,"native max(log Q, -2)"
true_clipped_log_Q,GX_true_target,curvature_parallel_expected_k,main_effect,3.8528826985623024,,0.011550097719587264,"native max(log Q, -2)"
true_clipped_log_Q,GX_true_target,curvature_parallel_expected_k,main_effect,4.123334113467838,,0.006545727901606176,"native max(log Q, -2)"
true_clipped_log_Q,GX_true_target,curvature_parallel_expected_k,main_effect,4.276416644423197,,0.007883023063995808,"native max(log Q, -2)"
true_clipped_log_Q,GX_true_target,curvature_parallel_expected_k,main_effect,4.513708737765535,,0.005730459474634492,"native max(log Q, -2)"
true_clipped_log_Q,GX_true_target,curvature_parallel_expected_k,main_effect,4.770862233904506,,0.0036044526766106817,"native max(log Q, -2)"
true_clipped_log_Q,GX_true_target,curvature_parallel_expected_k,main_effect,5.087935141360958,,0.004472174185765777,"native max(log Q, -2)"
true_clipped_log_Q,GX_true_target,curvature_parallel_expected_k,main_effect,5.463883755258251,,0.009157147474250553,"native max(log Q, -2)"
true_clipped_log_Q,GX_true_target,curvature_parallel_expected_k,main_effect,5.775931723487524,,0.017709029011316588,"native max(log Q, -2)"
true_clipped_log_Q,GX_true_target,curvature_parallel_expected_k,main_effect,6.110582013012336,,0.018975811771351048,"native max(log Q, -2)"
true_clipped_log_Q,GX_true_target,curvature_parallel_expected_k,main_effect,6.502557643594603,,0.0111675364623538,"native max(log Q, -2)"
true_clipped_log_Q,GX_true_target,curvature_parallel_expected_k,main_effect,6.858410180406682,,0.005370089431065214,"native max(log Q, -2)"
true_clipped_log_Q,GX_true_target,curvature_parallel_expected_k,main_effect,7.156088792217977,,0.00965289353142297,"native max(log Q, -2)"
true_clipped_log_Q,GX_true_target,curvature_parallel_expected_k,main_effect,7.682416968037046,,0.015574390335060527,"native max(log Q, -2)"
true_clipped_log_Q,GX_true_target,curvature_parallel_expected_k,main_effect,8.104401072560158,,0.018426343294390933,"native max(log Q, -2)"
true_clipped_log_Q,GX_true_target,curvature_parallel_expected_k,main_effect,8.548000890254059,,0.020022385839116863,"native max(log Q, -2)"
true_clipped_log_Q,GX_true_target,curvature_parallel_expected_k,main_effect,8.945427724212628,,0.018176840223879297,"native max(log Q, -2)"
true_clipped_log_Q,GX_true_target,curvature_parallel_expected_k,main_effect,9.533856645288957,,0.010622538630174998,"native max(log Q, -2)"
true_clipped_log_Q,GX_true_target,curvature_parallel_expected_k,main_effect,10.071436380917877,,0.00018218818587985297,"native max(log Q, -2)"
true_clipped_log_Q,GX_true_target,curvature_parallel_expected_k,main_effect,10.649245361321666,,-0.02208595071978035,"native max(log Q, -2)"
true_clipped_log_Q,GX_true_target,curvature_parallel_expected_k,main_effect,11.475592042814288,,-0.04844109444366969,"native max(log Q, -2)"
true_clipped_log_Q,GX_true_target,curvature_parallel_expected_k,main_effect,12.26095551921272,,-0.05883680134932276,"native max(log Q, -2)"
true_clipped_log_Q,GX_true_target,curvature_parallel_expected_k,main_effect,16.584139520150696,,-0.08458530206538395,"native max(log Q, -2)"
true_clipped_log_Q,GX_true_target,local_shear_abs_mean,main_effect,1.06967333635699,,-0.011172845725912761,"native max(log Q, -2)"
true_clipped_log_Q,GX_true_target,local_shear_abs_mean,main_effect,4.143729501033851,,-0.007916182595294068,"native max(log Q, -2)"
true_clipped_log_Q,GX_true_target,local_shear_abs_mean,main_effect,5.8320792295705335,,-0.007612483995316211,"native max(log Q, -2)"
true_clipped_log_Q,GX_true_target,local_shear_abs_mean,main_effect,7.366712637720768,,0.023204898814749415,"native max(log Q, -2)"
true_clipped_log_Q,GX_true_target,local_shear_abs_mean,main_effect,8.612597662158187,,0.028043833328724448,"native max(log Q, -2)"
true_clipped_log_Q,GX_true_target,local_shear_abs_mean,main_effect,9.523035735089902,,0.032296962751742896,"native max(log Q, -2)"
true_clipped_log_Q,GX_true_target,local_shear_abs_mean,main_effect,10.42292723471382,,0.04716857654247007,"native max(log Q, -2)"
true_clipped_log_Q,GX_true_target,local_shear_abs_mean,main_effect,11.436492999864878,,0.05949718820151739,"native max(log Q, -2)"
true_clipped_log_Q,GX_true_target,local_shear_abs_mean,main_effect,12.466414283339699,,0.06887695142357322,"native max(log Q, -2)"
true_clipped_log_Q,GX_true_target,local_shear_abs_mean,main_effect,12.99962769452143,,0.06828092969261985,"native max(log Q, -2)"
true_clipped_log_Q,GX_true_target,local_shear_abs_mean,main_effect,13.653977522450194,,0.06663151315470625,"native max(log Q, -2)"
true_clipped_log_Q,GX_true_target,local_shear_abs_mean,main_effect,14.182628406308563,,0.06921257971711489,"native max(log Q, -2)"
true_clipped_log_Q,GX_true_target,local_shear_abs_mean,main_effect,15.15853454743018,,0.06025904821942228,"native max(log Q, -2)"
true_clipped_log_Q,GX_true_target,local_shear_abs_mean,main_effect,15.838994817013766,,0.05501400879810682,"native max(log Q, -2)"
true_clipped_log_Q,GX_true_target,local_shear_abs_mean,main_effect,16.36527338447715,,0.05663815759132354,"native max(log Q, -2)"
true_clipped_log_Q,GX_true_target,local_shear_abs_mean,main_effect,16.946616464123466,,0.05994798711879917,"native max(log Q, -2)"
true_clipped_log_Q,GX_true_target,local_shear_abs_mean,main_effect,17.561595194399608,,0.05951878812040771,"native max(log Q, -2)"
true_clipped_log_Q,GX_true_target,local_shear_abs_mean,main_effect,18.177242489928243,,0.048670745679855354,"native max(log Q, -2)"
true_clipped_log_Q,GX_true_target,local_shear_abs_mean,main_effect,18.95088938110552,,0.033272386735923504,"native max(log Q, -2)"
true_clipped_log_Q,GX_true_target,local_shear_abs_mean,main_effect,19.76287378814549,,0.01225660438046518,"native max(log Q, -2)"
true_clipped_log_Q,GX_true_target,local_shear_abs_mean,main_effect,20.55875394069161,,-0.007396979370518475,"native max(log Q, -2)"
true_clipped_log_Q,GX_true_target,local_shear_abs_mean,main_effect,21.45108379146928,,-0.03516388621615955,"native max(log Q, -2)"
true_clipped_log_Q,GX_true_target,local_shear_abs_mean,main_effect,22.42247832865519,,-0.052616628851541496,"native max(log Q, -2)"
true_clipped_log_Q,GX_true_target,local_shear_abs_mean,main_effect,23.91016832926787,,-0.05796254188367417,"native max(log Q, -2)"
true_clipped_log_Q,GX_true_target,local_shear_abs_mean,main_effect,25.136738879714194,,-0.06645602734834599,"native max(log Q, -2)"
true_clipped_log_Q,GX_true_target,local_shear_abs_mean,main_effect,26.64614020168073,,-0.07328461181176744,"native max(log Q, -2)"
true_clipped_log_Q,GX_true_target,local_shear_abs_mean,main_effect,28.295350039322724,,-0.08802385262826963,"native max(log Q, -2)"
true_clipped_log_Q,GX_true_target,local_shear_abs_mean,main_effect,30.497750505203822,,-0.093504788713124,"native max(log Q, -2)"
true_clipped_log_Q,GX_true_target,local_shear_abs_mean,main_effect,32.18654605264399,,-0.09040862894801943,"native max(log Q, -2)"
true_clipped_log_Q,GX_true_target,local_shear_abs_mean,main_effect,35.584511796393144,,-0.08951357482414436,"native max(log Q, -2)"
true_clipped_log_Q,GX_true_target,local_shear_abs_mean,main_effect,41.86626543040869,,-0.09210318163776754,"native max(log Q, -2)"
true_clipped_log_Q,GX_true_target,local_shear_abs_mean,main_effect,67.66948225050064,,-0.12876177723223708,"native max(log Q, -2)"
true_clipped_log_Q,GX_true_target,f_Q_integrand_w25_peak,main_effect,0.06457202007711853,,-0.4070092521377298,"native max(log Q, -2)"
true_clipped_log_Q,GX_true_target,f_Q_integrand_w25_peak,main_effect,0.2785588893864086,,-0.2777660100397603,"native max(log Q, -2)"
true_clipped_log_Q,GX_true_target,f_Q_integrand_w25_peak,main_effect,0.48918828200179754,,-0.22144071890207515,"native max(log Q, -2)"
true_clipped_log_Q,GX_true_target,f_Q_integrand_w25_peak,main_effect,0.6730614291980621,,-0.16690437566301025,"native max(log Q, -2)"
true_clipped_log_Q,GX_true_target,f_Q_integrand_w25_peak,main_effect,0.9967779728636241,,-0.15487176351161194,"native max(log Q, -2)"
true_clipped_log_Q,GX_true_target,f_Q_integrand_w25_peak,main_effect,1.3101415298784995,,-0.13701895406931655,"native max(log Q, -2)"
true_clipped_log_Q,GX_true_target,f_Q_integrand_w25_peak,main_effect,1.5749233453565514,,-0.1228384681744573,"native max(log Q, -2)"
true_clipped_log_Q,GX_true_target,f_Q_integrand_w25_peak,main_effect,1.8127396961562914,,-0.10996404441361554,"native max(log Q, -2)"
true_clipped_log_Q,GX_true_target,f_Q_integrand_w25_peak,main_effect,2.0049404049433086,,-0.09998407340250784,"native max(log Q, -2)"
true_clipped_log_Q,GX_true_target,f_Q_integrand_w25_peak,main_effect,2.193608136546242,,-0.09065001021918222,"native max(log Q, -2)"
true_clipped_log_Q,GX_true_target,f_Q_integrand_w25_peak,main_effect,2.3069439886483396,,-0.09515635959831271,"native max(log Q, -2)"
true_clipped_log_Q,GX_true_target,f_Q_integrand_w25_peak,main_effect,2.456877179163439,,-0.08941396285581704,"native max(log Q, -2)"
true_clipped_log_Q,GX_true_target,f_Q_integrand_w25_peak,main_effect,2.619810511870972,,-0.08943314624419431,"native max(log Q, -2)"
true_clipped_log_Q,GX_true_target,f_Q_integrand_w25_peak,main_effect,2.744921959253753,,-0.07626479634435193,"native max(log Q, -2)"
true_clipped_log_Q,GX_true_target,f_Q_integrand_w25_peak,main_effect,2.877505848165714,,-0.06799158905020522,"native max(log Q, -2)"
true_clipped_log_Q,GX_true_target,f_Q_integrand_w25_peak,main_effect,3.0819395450332516,,-0.053925632479528356,"native max(log Q, -2)"
true_clipped_log_Q,GX_true_target,f_Q_integrand_w25_peak,main_effect,3.228382316144308,,-0.034577222142357145,"native max(log Q, -2)"
true_clipped_log_Q,GX_true_target,f_Q_integrand_w25_peak,main_effect,3.5199241732715296,,-0.017505005071350263,"native max(log Q, -2)"
true_clipped_log_Q,GX_true_target,f_Q_integrand_w25_peak,main_effect,3.8323798738493746,,-0.0010109842864764072,"native max(log Q, -2)"
true_clipped_log_Q,GX_true_target,f_Q_integrand_w25_peak,main_effect,4.14043860980191,,0.024136117099802686,"native max(log Q, -2)"
true_clipped_log_Q,GX_true_target,f_Q_integrand_w25_peak,main_effect,4.389757383059743,,0.04904911800118829,"native max(log Q, -2)"
true_clipped_log_Q,GX_true_target,f_Q_integrand_w25_peak,main_effect,4.7691597865290705,,0.07249493796991935,"native max(log Q, -2)"
true_clipped_log_Q,GX_true_target,f_Q_integrand_w25_peak,main_effect,5.34188375274854,,0.0823080309246913,"native max(log Q, -2)"
true_clipped_log_Q,GX_true_target,f_Q_integrand_w25_peak,main_effect,6.039586918196841,,0.09710020279010885,"native max(log Q, -2)"
true_clipped_log_Q,GX_true_target,f_Q_integrand_w25_peak,main_effect,6.891644234582968,,0.1038580924786435,"native max(log Q, -2)"
true_clipped_log_Q,GX_true_target,f_Q_integrand_w25_peak,main_effect,8.128452561272194,,0.12220386541709488,"native max(log Q, -2)"
true_clipped_log_Q,GX_true_target,f_Q_integrand_w25_peak,main_effect,9.258158495607137,,0.169725476165678,"native max(log Q, -2)"
true_clipped_log_Q,GX_true_target,f_Q_integrand_w25_peak,main_effect,10.720094224526406,,0.21172231356884735,"native max(log Q, -2)"
true_clipped_log_Q,GX_true_target,f_Q_integrand_w25_peak,main_effect,13.581513345474017,,0.25650654039965703,"native max(log Q, -2)"
true_clipped_log_Q,GX_true_target,f_Q_integrand_w25_peak,main_effect,17.40148199139876,,0.29782472050706027,"native max(log Q, -2)"
true_clipped_log_Q,GX_true_target,f_Q_integrand_w25_peak,main_effect,22.2187317186874,,0.33887810617354286,"native max(log Q, -2)"
true_clipped_log_Q,GX_true_target,f_Q_integrand_w25_peak,main_effect,50.50315487162647,,0.4695361732712625,"native max(log Q, -2)"
true_clipped_log_Q,GX_true_target,geodesic_abs_w25_peak,main_effect,0.01633606620132923,,-0.0754492533129111,"native max(log Q, -2)"
true_clipped_log_Q,GX_true_target,geodesic_abs_w25_peak,main_effect,0.10186510868370532,,-0.03960912151204028,"native max(log Q, -2)"
true_clipped_log_Q,GX_true_target,geodesic_abs_w25_peak,main_effect,0.127582890689373,,0.0194355363813618,"native max(log Q, -2)"
true_clipped_log_Q,GX_true_target,geodesic_abs_w25_peak,main_effect,0.1427201061323285,,0.015388111391261802,"native max(log Q, -2)"
true_clipped_log_Q,GX_true_target,geodesic_abs_w25_peak,main_effect,0.15078622147440912,,-0.006402053959899911,"native max(log Q, -2)"
true_clipped_log_Q,GX_true_target,geodesic_abs_w25_peak,main_effect,0.15867976054549215,,-0.015816762787918142,"native max(log Q, -2)"
true_clipped_log_Q,GX_true_target,geodesic_abs_w25_peak,main_effect,0.17093788504600527,,-0.028399358607690398,"native max(log Q, -2)"
true_clipped_log_Q,GX_true_target,geodesic_abs_w25_peak,main_effect,0.18222619041800497,,-0.027448508359361225,"native max(log Q, -2)"
true_clipped_log_Q,GX_true_target,geodesic_abs_w25_peak,main_effect,0.19600745797157287,,-0.013838633589464232,"native max(log Q, -2)"
true_clipped_log_Q,GX_true_target,geodesic_abs_w25_peak,main_effect,0.20628694344311954,,0.007053114401559464,"native max(log Q, -2)"
true_clipped_log_Q,GX_true_target,geodesic_abs_w25_peak,main_effect,0.21651431541889915,,0.026696552005845368,"native max(log Q, -2)"
true_clipped_log_Q,GX_true_target,geodesic_abs_w25_peak,main_effect,0.2279817188624293,,0.050845082910233125,"native max(log Q, -2)"
true_clipped_log_Q,GX_true_target,geodesic_abs_w25_peak,main_effect,0.2382492995262146,,0.055835110314635374,"native max(log Q, -2)"
true_clipped_log_Q,GX_true_target,geodesic_abs_w25_peak,main_effect,0.24794465162791313,,0.049543168491076095,"native max(log Q, -2)"
true_clipped_log_Q,GX_true_target,geodesic_abs_w25_peak,main_effect,0.25736147094517947,,0.04327595769106717,"native max(log Q, -2)"
true_clipped_log_Q,GX_true_target,geodesic_abs_w25_peak,main_effect,0.26804914981126793,,0.03918497550490922,"native max(log Q, -2)"
true_clipped_log_Q,GX_true_target,geodesic_abs_w25_peak,main_effect,0.2779101672396064,,0.026520760648195675,"native max(log Q, -2)"
true_clipped_log_Q,GX_true_target,geodesic_abs_w25_peak,main_effect,0.28576802879571916,,0.01798760946401177,"native max(log Q, -2)"
true_clipped_log_Q,GX_true_target,geodesic_abs_w25_peak,main_effect,0.2941832759976387,,0.01702596940578604,"native max(log Q, -2)"
true_clipped_log_Q,GX_true_target,geodesic_abs_w25_peak,main_effect,0.30298862347146494,,0.02148195451513633,"native max(log Q, -2)"
true_clipped_log_Q,GX_true_target,geodesic_abs_w25_peak,main_effect,0.31417563110589986,,0.026273263931981837,"native max(log Q, -2)"
true_clipped_log_Q,GX_true_target,geodesic_abs_w25_peak,main_effect,0.32526606231927874,,0.014846790360484446,"native max(log Q, -2)"
true_clipped_log_Q,GX_true_target,geodesic_abs_w25_peak,main_effect,0.3438676693663004,,0.011173007775259564,"native max(log Q, -2)"
true_clipped_log_Q,GX_true_target,geodesic_abs_w25_peak,main_effect,0.3553514140844345,,-0.0007622890269384595,"native max(log Q, -2)"
true_clipped_log_Q,GX_true_target,geodesic_abs_w25_peak,main_effect,0.36950905542820695,,-0.01348214684508929,"native max(log Q, -2)"
true_clipped_log_Q,GX_true_target,geodesic_abs_w25_peak,main_effect,0.3876465165615082,,-0.01804269370820332,"native max(log Q, -2)"
true_clipped_log_Q,GX_true_target,geodesic_abs_w25_peak,main_effect,0.4008001436293125,,-0.018230484972629715,"native max(log Q, -2)"
true_clipped_log_Q,GX_true_target,geodesic_abs_w25_peak,main_effect,0.4166489655897021,,-0.019282739606841237,"native max(log Q, -2)"
true_clipped_log_Q,GX_true_target,geodesic_abs_w25_peak,main_effect,0.4377885989099741,,-0.04064619841899411,"native max(log Q, -2)"
true_clipped_log_Q,GX_true_target,geodesic_abs_w25_peak,main_effect,0.46789498949423436,,-0.05790273981645154,"native max(log Q, -2)"
true_clipped_log_Q,GX_true_target,geodesic_abs_w25_peak,main_effect,0.5214080489426851,,-0.07572874373990504,"native max(log Q, -2)"
true_clipped_log_Q,GX_true_target,geodesic_abs_w25_peak,main_effect,0.7224011261761188,,-0.03444776416153534,"native max(log Q, -2)"
true_clipped_log_Q,GX_true_target,a_over_LT & log_f_Q,pairwise_interaction,0.020469365641474724,-3.1372791971964853,1.070583149861274,"native max(log Q, -2)"
true_clipped_log_Q,GX_true_target,a_over_LT & log_f_Q,pairwise_interaction,0.020469365641474724,-0.475736696355459,0.21788385631930546,"native max(log Q, -2)"
true_clipped_log_Q,GX_true_target,a_over_LT & log_f_Q,pairwise_interaction,0.020469365641474724,0.15334520664740808,0.04466030877793114,"native max(log Q, -2)"
true_clipped_log_Q,GX_true_target,a_over_LT & log_f_Q,pairwise_interaction,0.020469365641474724,0.4155584048360205,-0.030495021962677223,"native max(log Q, -2)"
true_clipped_log_Q,GX_true_target,a_over_LT & log_f_Q,pairwise_interaction,0.020469365641474724,0.606389675332959,-0.2656243509891579,"native max(log Q, -2)"
true_clipped_log_Q,GX_true_target,a_over_LT & log_f_Q,pairwise_interaction,0.020469365641474724,0.8877572786327694,-0.27466766490993344,"native max(log Q, -2)"
true_clipped_log_Q,GX_true_target,a_over_LT & log_f_Q,pairwise_interaction,0.020469365641474724,1.2191466923148706,-0.34556049639263864,"native max(log Q, -2)"
true_clipped_log_Q,GX_true_target,a_over_LT & log_f_Q,pairwise_interaction,0.020469365641474724,2.3895103701399574,-1.0107708862805707,"native max(log Q, -2)"
true_clipped_log_Q,GX_true_target,a_over_LT & log_f_Q,pairwise_interaction,0.9006037712097168,-3.1372791971964853,0.8111992130623008,"native max(log Q, -2)"
true_clipped_log_Q,GX_true_target,a_over_LT & log_f_Q,pairwise_interaction,0.9006037712097168,-0.475736696355459,0.004428289881035649,"native max(log Q, -2)"
true_clipped_log_Q,GX_true_target,a_over_LT & log_f_Q,pairwise_interaction,0.9006037712097168,0.15334520664740808,-0.044696091072562755,"native max(log Q, -2)"
true_clipped_log_Q,GX_true_target,a_over_LT & log_f_Q,pairwise_interaction,0.9006037712097168,0.4155584048360205,-0.0636199435596767,"native max(log Q, -2)"
true_clipped_log_Q,GX_true_target,a_over_LT & log_f_Q,pairwise_interaction,0.9006037712097168,0.606389675332959,-0.09238359561401438,"native max(log Q, -2)"
true_clipped_log_Q,GX_true_target,a_over_LT & log_f_Q,pairwise_interaction,0.9006037712097168,0.8877572786327694,-0.07782752506446408,"native max(log Q, -2)"
true_clipped_log_Q,GX_true_target,a_over_LT & log_f_Q,pairwise_interaction,0.9006037712097168,1.2191466923148706,-0.10215793812407695,"native max(log Q, -2)"
true_clipped_log_Q,GX_true_target,a_over_LT & log_f_Q,pairwise_interaction,0.9006037712097168,2.3895103701399574,-0.14303084765383406,"native max(log Q, -2)"
true_clipped_log_Q,GX_true_target,a_over_LT & log_f_Q,pairwise_interaction,1.2197760939598083,-3.1372791971964853,0.26014832007117294,"native max(log Q, -2)"
true_clipped_log_Q,GX_true_target,a_over_LT & log_f_Q,pairwise_interaction,1.2197760939598083,-0.475736696355459,-0.020038270611395438,"native max(log Q, -2)"
true_clipped_log_Q,GX_true_target,a_over_LT & log_f_Q,pairwise_interaction,1.2197760939598083,0.15334520664740808,-0.024313371625636487,"native max(log Q, -2)"
true_clipped_log_Q,GX_true_target,a_over_LT & log_f_Q,pairwise_interaction,1.2197760939598083,0.4155584048360205,-0.027422161440543238,"native max(log Q, -2)"
true_clipped_log_Q,GX_true_target,a_over_LT & log_f_Q,pairwise_interaction,1.2197760939598083,0.606389675332959,-0.03478918723273332,"native max(log Q, -2)"
true_clipped_log_Q,GX_true_target,a_over_LT & log_f_Q,pairwise_interaction,1.2197760939598083,0.8877572786327694,-0.0107332918871638,"native max(log Q, -2)"
true_clipped_log_Q,GX_true_target,a_over_LT & log_f_Q,pairwise_interaction,1.2197760939598083,1.2191466923148706,-0.012200688615242764,"native max(log Q, -2)"
true_clipped_log_Q,GX_true_target,a_over_LT & log_f_Q,pairwise_interaction,1.2197760939598083,2.3895103701399574,-0.0241909037037675,"native max(log Q, -2)"
true_clipped_log_Q,GX_true_target,a_over_LT & log_f_Q,pairwise_interaction,1.5316290259361267,-3.1372791971964853,0.1290104234464612,"native max(log Q, -2)"
true_clipped_log_Q,GX_true_target,a_over_LT & log_f_Q,pairwise_interaction,1.5316290259361267,-0.475736696355459,-0.06616888598396688,"native max(log Q, -2)"
true_clipped_log_Q,GX_true_target,a_over_LT & log_f_Q,pairwise_interaction,1.5316290259361267,0.15334520664740808,-0.04465684901276705,"native max(log Q, -2)"
true_clipped_log_Q,GX_true_target,a_over_LT & log_f_Q,pairwise_interaction,1.5316290259361267,0.4155584048360205,-0.03854602338816028,"native max(log Q, -2)"
true_clipped_log_Q,GX_true_target,a_over_LT & log_f_Q,pairwise_interaction,1.5316290259361267,0.606389675332959,-0.036849187548117564,"native max(log Q, -2)"
true_clipped_log_Q,GX_true_target,a_over_LT & log_f_Q,pairwise_interaction,1.5316290259361267,0.8877572786327694,-0.010525085367230586,"native max(log Q, -2)"
true_clipped_log_Q,GX_true_target,a_over_LT & log_f_Q,pairwise_interaction,1.5316290259361267,1.2191466923148706,-0.004464106800037914,"native max(log Q, -2)"
true_clipped_log_Q,GX_true_target,a_over_LT & log_f_Q,pairwise_interaction,1.5316290259361267,2.3895103701399574,-0.009039956373355314,"native max(log Q, -2)"
true_clipped_log_Q,GX_true_target,a_over_LT & log_f_Q,pairwise_interaction,2.071755886077881,-3.1372791971964853,-0.05423437435612537,"native max(log Q, -2)"
true_clipped_log_Q,GX_true_target,a_over_LT & log_f_Q,pairwise_interaction,2.071755886077881,-0.475736696355459,-0.03784200695587374,"native max(log Q, -2)"
true_clipped_log_Q,GX_true_target,a_over_LT & log_f_Q,pairwise_interaction,2.071755886077881,0.15334520664740808,-0.004568933644972119,"native max(log Q, -2)"
true_clipped_log_Q,GX_true_target,a_over_LT & log_f_Q,pairwise_interaction,2.071755886077881,0.4155584048360205,0.008564268130447836,"native max(log Q, -2)"
true_clipped_log_Q,GX_true_target,a_over_LT & log_f_Q,pairwise_interaction,2.071755886077881,0.606389675332959,0.011944084153304876,"native max(log Q, -2)"
true_clipped_log_Q,GX_true_target,a_over_LT & log_f_Q,pairwise_interaction,2.071755886077881,0.8877572786327694,0.03737154807578895,"native max(log Q, -2)"
true_clipped_log_Q,GX_true_target,a_over_LT & log_f_Q,pairwise_interaction,2.071755886077881,1.2191466923148706,0.04718169925741683,"native max(log Q, -2)"
true_clipped_log_Q,GX_true_target,a_over_LT & log_f_Q,pairwise_interaction,2.071755886077881,2.3895103701399574,0.27153883705720183,"native max(log Q, -2)"
true_clipped_log_Q,GX_true_target,a_over_LT & log_f_Q,pairwise_interaction,2.8594785928726196,-3.1372791971964853,-0.049540763179742,"native max(log Q, -2)"
true_clipped_log_Q,GX_true_target,a_over_LT & log_f_Q,pairwise_interaction,2.8594785928726196,-0.475736696355459,0.014991258059868024,"native max(log Q, -2)"
true_clipped_log_Q,GX_true_target,a_over_LT & log_f_Q,pairwise_interaction,2.8594785928726196,0.15334520664740808,0.0509807868465582,"native max(log Q, -2)"
true_clipped_log_Q,GX_true_target,a_over_LT & log_f_Q,pairwise_interaction,2.8594785928726196,0.4155584048360205,0.06528096647534283,"native max(log Q, -2)"
true_clipped_log_Q,GX_true_target,a_over_LT & log_f_Q,pairwise_interaction,2.8594785928726196,0.606389675332959,0.0655074469997381,"native max(log Q, -2)"
true_clipped_log_Q,GX_true_target,a_over_LT & log_f_Q,pairwise_interaction,2.8594785928726196,0.8877572786327694,0.03679134940911408,"native max(log Q, -2)"
true_clipped_log_Q,GX_true_target,a_over_LT & log_f_Q,pairwise_interaction,2.8594785928726196,1.2191466923148706,0.027095181894058913,"native max(log Q, -2)"
true_clipped_log_Q,GX_true_target,a_over_LT & log_f_Q,pairwise_interaction,2.8594785928726196,2.3895103701399574,0.2692164073342916,"native max(log Q, -2)"
true_clipped_log_Q,GX_true_target,a_over_LT & log_f_Q,pairwise_interaction,3.5870211124420166,-3.1372791971964853,-0.03098755370021529,"native max(log Q, -2)"
true_clipped_log_Q,GX_true_target,a_over_LT & log_f_Q,pairwise_interaction,3.5870211124420166,-0.475736696355459,0.04827526176270669,"native max(log Q, -2)"
true_clipped_log_Q,GX_true_target,a_over_LT & log_f_Q,pairwise_interaction,3.5870211124420166,0.15334520664740808,0.08779623742384217,"native max(log Q, -2)"
true_clipped_log_Q,GX_true_target,a_over_LT & log_f_Q,pairwise_interaction,3.5870211124420166,0.4155584048360205,0.10367980486260188,"native max(log Q, -2)"
true_clipped_log_Q,GX_true_target,a_over_LT & log_f_Q,pairwise_interaction,3.5870211124420166,0.606389675332959,0.10386073252109343,"native max(log Q, -2)"
true_clipped_log_Q,GX_true_target,a_over_LT & log_f_Q,pairwise_interaction,3.5870211124420166,0.8877572786327694,-0.035013558116985866,"native max(log Q, -2)"
true_clipped_log_Q,GX_true_target,a_over_LT & log_f_Q,pairwise_interaction,3.5870211124420166,1.2191466923148706,-0.055956050709953534,"native max(log Q, -2)"
true_clipped_log_Q,GX_true_target,a_over_LT & log_f_Q,pairwise_interaction,3.5870211124420166,2.3895103701399574,0.23028996322558762,"native max(log Q, -2)"
true_clipped_log_Q,GX_true_target,a_over_LT & log_f_Q,pairwise_interaction,6.460826873779297,-3.1372791971964853,0.10082894940427464,"native max(log Q, -2)"
true_clipped_log_Q,GX_true_target,a_over_LT & log_f_Q,pairwise_interaction,6.460826873779297,-0.475736696355459,0.2002509634539707,"native max(log Q, -2)"
true_clipped_log_Q,GX_true_target,a_over_LT & log_f_Q,pairwise_interaction,6.460826873779297,0.15334520664740808,0.26685435288106507,"native max(log Q, -2)"
true_clipped_log_Q,GX_true_target,a_over_LT & log_f_Q,pairwise_interaction,6.460826873779297,0.4155584048360205,0.2989299363772383,"native max(log Q, -2)"
true_clipped_log_Q,GX_true_target,a_over_LT & log_f_Q,pairwise_interaction,6.460826873779297,0.606389675332959,0.30670858470295,"native max(log Q, -2)"
true_clipped_log_Q,GX_true_target,a_over_LT & log_f_Q,pairwise_interaction,6.460826873779297,0.8877572786327694,0.09557549588137405,"native max(log Q, -2)"
true_clipped_log_Q,GX_true_target,a_over_LT & log_f_Q,pairwise_interaction,6.460826873779297,1.2191466923148706,0.03872859885228782,"native max(log Q, -2)"
true_clipped_log_Q,GX_true_target,a_over_LT & log_f_Q,pairwise_interaction,6.460826873779297,2.3895103701399574,0.35581129118663757,"native max(log Q, -2)"
true_clipped_log_Q,GX_true_target,a_over_LT & bad_curvature_compression,pairwise_interaction,0.020469365641474724,0.0,0.5714508612496965,"native max(log Q, -2)"
true_clipped_log_Q,GX_true_target,a_over_LT & bad_curvature_compression,pairwise_interaction,0.020469365641474724,0.22772671739968947,0.20209453912220932,"native max(log Q, -2)"
true_clipped_log_Q,GX_true_target,a_over_LT & bad_curvature_compression,pairwise_interaction,0.020469365641474724,0.5539935289327377,0.06443066181762433,"native max(log Q, -2)"
true_clipped_log_Q,GX_true_target,a_over_LT & bad_curvature_compression,pairwise_interaction,0.020469365641474724,0.7829443711894786,-0.004634244560670662,"native max(log Q, -2)"
true_clipped_log_Q,GX_true_target,a_over_LT & bad_curvature_compression,pairwise_interaction,0.020469365641474724,1.1407287694670685,-0.06171059582254157,"native max(log Q, -2)"
true_clipped_log_Q,GX_true_target,a_over_LT & bad_curvature_compression,pairwise_interaction,0.020469365641474724,1.6050736244804065,-0.35174217485185344,"native max(log Q, -2)"
true_clipped_log_Q,GX_true_target,a_over_LT & bad_curvature_compression,pairwise_interaction,0.020469365641474724,2.8044058575430015,-0.6609920681066763,"native max(log Q, -2)"
true_clipped_log_Q,GX_true_target,a_over_LT & bad_curvature_compression,pairwise_interaction,0.020469365641474724,12.63658030036591,-1.0570928052542559,"native max(log Q, -2)"
true_clipped_log_Q,GX_true_target,a_over_LT & bad_curvature_compression,pairwise_interaction,0.9006037712097168,0.0,0.3563532313527422,"native max(log Q, -2)"
true_clipped_log_Q,GX_true_target,a_over_LT & bad_curvature_compression,pairwise_interaction,0.9006037712097168,0.22772671739968947,0.07777409230710028,"native max(log Q, -2)"
true_clipped_log_Q,GX_true_target,a_over_LT & bad_curvature_compression,pairwise_interaction,0.9006037712097168,0.5539935289327377,-0.008548297340132509,"native max(log Q, -2)"
true_clipped_log_Q,GX_true_target,a_over_LT & bad_curvature_compression,pairwise_interaction,0.9006037712097168,0.7829443711894786,-0.03994287599523232,"native max(log Q, -2)"
true_clipped_log_Q,GX_true_target,a_over_LT & bad_curvature_compression,pairwise_interaction,0.9006037712097168,1.1407287694670685,-0.06821583347652804,"native max(log Q, -2)"
true_clipped_log_Q,GX_true_target,a_over_LT & bad_curvature_compression,pairwise_interaction,0.9006037712097168,1.6050736244804065,-0.06363513896665052,"native max(log Q, -2)"
true_clipped_log_Q,GX_true_target,a_over_LT & bad_curvature_compression,pairwise_interaction,0.9006037712097168,2.8044058575430015,-0.07633345510742393,"native max(log Q, -2)"
true_clipped_log_Q,GX_true_target,a_over_LT & bad_curvature_compression,pairwise_interaction,0.9006037712097168,12.63658030036591,-0.14036868427471552,"native max(log Q, -2)"
true_clipped_log_Q,GX_true_target,a_over_LT & bad_curvature_compression,pairwise_interaction,1.2197760939598083,0.0,0.26698449810740393,"native max(log Q, -2)"
true_clipped_log_Q,GX_true_target,a_over_LT & bad_curvature_compression,pairwise_interaction,1.2197760939598083,0.22772671739968947,0.033483099312095595,"native max(log Q, -2)"
true_clipped_log_Q,GX_true_target,a_over_LT & bad_curvature_compression,pairwise_interaction,1.2197760939598083,0.5539935289327377,-0.026679189337744783,"native max(log Q, -2)"
true_clipped_log_Q,GX_true_target,a_over_LT & bad_curvature_compression,pairwise_interaction,1.2197760939598083,0.7829443711894786,-0.03698698264220778,"native max(log Q, -2)"
true_clipped_log_Q,GX_true_target,a_over_LT & bad_curvature_compression,pairwise_interaction,1.2197760939598083,1.1407287694670685,-0.041838589770641386,"native max(log Q, -2)"
true_clipped_log_Q,GX_true_target,a_over_LT & bad_curvature_compression,pairwise_interaction,1.2197760939598083,1.6050736244804065,-0.029735735158586858,"native max(log Q, -2)"
true_clipped_log_Q,GX_true_target,a_over_LT & bad_curvature_compression,pairwise_interaction,1.2197760939598083,2.8044058575430015,-0.025509096507904075,"native max(log Q, -2)"
true_clipped_log_Q,GX_true_target,a_over_LT & bad_curvature_compression,pairwise_interaction,1.2197760939598083,12.63658030036591,-0.06707533532051578,"native max(log Q, -2)"
true_clipped_log_Q,GX_true_target,a_over_LT & bad_curvature_compression,pairwise_interaction,1.5316290259361267,0.0,-0.060147266073867986,"native max(log Q, -2)"
true_clipped_log_Q,GX_true_target,a_over_LT & bad_curvature_compression,pairwise_interaction,1.5316290259361267,0.22772671739968947,-0.047481606893358994,"native max(log Q, -2)"
true_clipped_log_Q,GX_true_target,a_over_LT & bad_curvature_compression,pairwise_interaction,1.5316290259361267,0.5539935289327377,-0.054775839788831014,"native max(log Q, -2)"
true_clipped_log_Q,GX_true_target,a_over_LT & bad_curvature_compression,pairwise_interaction,1.5316290259361267,0.7829443711894786,-0.05118074605186078,"native max(log Q, -2)"
true_clipped_log_Q,GX_true_target,a_over_LT & bad_curvature_compression,pairwise_interaction,1.5316290259361267,1.1407287694670685,-0.04544960980009255,"native max(log Q, -2)"
true_clipped_log_Q,GX_true_target,a_over_LT & bad_curvature_compression,pairwise_interaction,1.5316290259361267,1.6050736244804065,-0.018948972294578672,"native max(log Q, -2)"
true_clipped_log_Q,GX_true_target,a_over_LT & bad_curvature_compression,pairwise_interaction,1.5316290259361267,2.8044058575430015,-0.002954755115217627,"native max(log Q, -2)"
true_clipped_log_Q,GX_true_target,a_over_LT & bad_curvature_compression,pairwise_interaction,1.5316290259361267,12.63658030036591,-0.03446421707373851,"native max(log Q, -2)"
true_clipped_log_Q,GX_true_target,a_over_LT & bad_curvature_compression,pairwise_interaction,2.071755886077881,0.0,-0.11084206955479992,"native max(log Q, -2)"
true_clipped_log_Q,GX_true_target,a_over_LT & bad_curvature_compression,pairwise_interaction,2.071755886077881,0.22772671739968947,-0.03703520033864835,"native max(log Q, -2)"
true_clipped_log_Q,GX_true_target,a_over_LT & bad_curvature_compression,pairwise_interaction,2.071755886077881,0.5539935289327377,-0.028022277236336747,"native max(log Q, -2)"
true_clipped_log_Q,GX_true_target,a_over_LT & bad_curvature_compression,pairwise_interaction,2.071755886077881,0.7829443711894786,-0.004828185860508509,"native max(log Q, -2)"
true_clipped_log_Q,GX_true_target,a_over_LT & bad_curvature_compression,pairwise_interaction,2.071755886077881,1.1407287694670685,0.005881702516308286,"native max(log Q, -2)"
true_clipped_log_Q,GX_true_target,a_over_LT & bad_curvature_compression,pairwise_interaction,2.071755886077881,1.6050736244804065,0.03576304057108765,"native max(log Q, -2)"
true_clipped_log_Q,GX_true_target,a_over_LT & bad_curvature_compression,pairwise_interaction,2.071755886077881,2.8044058575430015,0.07454788261400311,"native max(log Q, -2)"
true_clipped_log_Q,GX_true_target,a_over_LT & bad_curvature_compression,pairwise_interaction,2.071755886077881,12.63658030036591,0.22048268043996597,"native max(log Q, -2)"
true_clipped_log_Q,GX_true_target,a_over_LT & bad_curvature_compression,pairwise_interaction,2.8594785928726196,0.0,-0.13078174104686138,"native max(log Q, -2)"
true_clipped_log_Q,GX_true_target,a_over_LT & bad_curvature_compression,pairwise_interaction,2.8594785928726196,0.22772671739968947,-0.0334709659630121,"native max(log Q, -2)"
true_clipped_log_Q,GX_true_target,a_over_LT & bad_curvature_compression,pairwise_interaction,2.8594785928726196,0.5539935289327377,-0.010738807392227592,"native max(log Q, -2)"
true_clipped_log_Q,GX_true_target,a_over_LT & bad_curvature_compression,pairwise_interaction,2.8594785928726196,0.7829443711894786,0.013972268394960057,"native max(log Q, -2)"
true_clipped_log_Q,GX_true_target,a_over_LT & bad_curvature_compression,pairwise_interaction,2.8594785928726196,1.1407287694670685,0.022891486615186446,"native max(log Q, -2)"
true_clipped_log_Q,GX_true_target,a_over_LT & bad_curvature_compression,pairwise_interaction,2.8594785928726196,1.6050736244804065,0.049501859633018286,"native max(log Q, -2)"
true_clipped_log_Q,GX_true_target,a_over_LT & bad_curvature_compression,pairwise_interaction,2.8594785928726196,2.8044058575430015,0.08571326437699336,"native max(log Q, -2)"
true_clipped_log_Q,GX_true_target,a_over_LT & bad_curvature_compression,pairwise_interaction,2.8594785928726196,12.63658030036591,0.24639855221494442,"native max(log Q, -2)"
true_clipped_log_Q,GX_true_target,a_over_LT & bad_curvature_compression,pairwise_interaction,3.5870211124420166,0.0,-0.1407368631877456,"native max(log Q, -2)"
true_clipped_log_Q,GX_true_target,a_over_LT & bad_curvature_compression,pairwise_interaction,3.5870211124420166,0.22772671739968947,-0.039017703854275824,"native max(log Q, -2)"
true_clipped_log_Q,GX_true_target,a_over_LT & bad_curvature_compression,pairwise_interaction,3.5870211124420166,0.5539935289327377,-0.005864848156797655,"native max(log Q, -2)"
true_clipped_log_Q,GX_true_target,a_over_LT & bad_curvature_compression,pairwise_interaction,3.5870211124420166,0.7829443711894786,0.021879740288432703,"native max(log Q, -2)"
true_clipped_log_Q,GX_true_target,a_over_LT & bad_curvature_compression,pairwise_interaction,3.5870211124420166,1.1407287694670685,0.030264201533519185,"native max(log Q, -2)"
true_clipped_log_Q,GX_true_target,a_over_LT & bad_curvature_compression,pairwise_interaction,3.5870211124420166,1.6050736244804065,0.04973142767156516,"native max(log Q, -2)"
true_clipped_log_Q,GX_true_target,a_over_LT & bad_curvature_compression,pairwise_interaction,3.5870211124420166,2.8044058575430015,0.09508417882300929,"native max(log Q, -2)"
true_clipped_log_Q,GX_true_target,a_over_LT & bad_curvature_compression,pairwise_interaction,3.5870211124420166,12.63658030036591,0.41218555812058155,"native max(log Q, -2)"
true_clipped_log_Q,GX_true_target,a_over_LT & bad_curvature_compression,pairwise_interaction,6.460826873779297,0.0,-0.10944458226046842,"native max(log Q, -2)"
true_clipped_log_Q,GX_true_target,a_over_LT & bad_curvature_compression,pairwise_interaction,6.460826873779297,0.22772671739968947,0.0023447103852986435,"native max(log Q, -2)"
true_clipped_log_Q,GX_true_target,a_over_LT & bad_curvature_compression,pairwise_interaction,6.460826873779297,0.5539935289327377,0.05287560025503143,"native max(log Q, -2)"
true_clipped_log_Q,GX_true_target,a_over_LT & bad_curvature_compression,pairwise_interaction,6.460826873779297,0.7829443711894786,0.15646749608502003,"native max(log Q, -2)"
true_clipped_log_Q,GX_true_target,a_over_LT & bad_curvature_compression,pairwise_interaction,6.460826873779297,1.1407287694670685,0.1646714850784302,"native max(log Q, -2)"
true_clipped_log_Q,GX_true_target,a_over_LT & bad_curvature_compression,pairwise_interaction,6.460826873779297,1.6050736244804065,0.17790080221702828,"native max(log Q, -2)"
true_clipped_log_Q,GX_true_target,a_over_LT & bad_curvature_compression,pairwise_interaction,6.460826873779297,2.8044058575430015,0.22268638501232207,"native max(log Q, -2)"
true_clipped_log_Q,GX_true_target,a_over_LT & bad_curvature_compression,pairwise_interaction,6.460826873779297,12.63658030036591,0.7203487512079162,"native max(log Q, -2)"
true_clipped_log_Q,GX_true_target,a_over_LT & geodesic_curvature_abs_mean,pairwise_interaction,0.020469365641474724,0.009350968778259508,0.1127930560076912,"native max(log Q, -2)"
true_clipped_log_Q,GX_true_target,a_over_LT & geodesic_curvature_abs_mean,pairwise_interaction,0.020469365641474724,0.1148180211748695,0.006195178340733847,"native max(log Q, -2)"
true_clipped_log_Q,GX_true_target,a_over_LT & geodesic_curvature_abs_mean,pairwise_interaction,0.020469365641474724,0.1430467328270879,-0.06607873127162667,"native max(log Q, -2)"
true_clipped_log_Q,GX_true_target,a_over_LT & geodesic_curvature_abs_mean,pairwise_interaction,0.020469365641474724,0.1746409290644806,-0.10759153875032731,"native max(log Q, -2)"
true_clipped_log_Q,GX_true_target,a_over_LT & geodesic_curvature_abs_mean,pairwise_interaction,0.020469365641474724,0.20708050533236624,-0.12657675848261318,"native max(log Q, -2)"
true_clipped_log_Q,GX_true_target,a_over_LT & geodesic_curvature_abs_mean,pairwise_interaction,0.020469365641474724,0.24049656644153097,-0.1580538000456985,"native max(log Q, -2)"
true_clipped_log_Q,GX_true_target,a_over_LT & geodesic_curvature_abs_mean,pairwise_interaction,0.020469365641474724,0.2819617552449927,-0.18403443058960428,"native max(log Q, -2)"
true_clipped_log_Q,GX_true_target,a_over_LT & geodesic_curvature_abs_mean,pairwise_interaction,0.020469365641474724,0.40928977752143214,-0.20366837701610283,"native max(log Q, -2)"
true_clipped_log_Q,GX_true_target,a_over_LT & geodesic_curvature_abs_mean,pairwise_interaction,0.9006037712097168,0.009350968778259508,0.0477528113168023,"native max(log Q, -2)"
true_clipped_log_Q,GX_true_target,a_over_LT & geodesic_curvature_abs_mean,pairwise_interaction,0.9006037712097168,0.1148180211748695,-0.0025812096980949786,"native max(log Q, -2)"
true_clipped_log_Q,GX_true_target,a_over_LT & geodesic_curvature_abs_mean,pairwise_interaction,0.9006037712097168,0.1430467328270879,-0.01168309005767193,"native max(log Q, -2)"
true_clipped_log_Q,GX_true_target,a_over_LT & geodesic_curvature_abs_mean,pairwise_interaction,0.9006037712097168,0.1746409290644806,-0.04298101553691887,"native max(log Q, -2)"
true_clipped_log_Q,GX_true_target,a_over_LT & geodesic_curvature_abs_mean,pairwise_interaction,0.9006037712097168,0.20708050533236624,-0.05869016178532965,"native max(log Q, -2)"
true_clipped_log_Q,GX_true_target,a_over_LT & geodesic_curvature_abs_mean,pairwise_interaction,0.9006037712097168,0.24049656644153097,-0.08295982782605309,"native max(log Q, -2)"
true_clipped_log_Q,GX_true_target,a_over_LT & geodesic_curvature_abs_mean,pairwise_interaction,0.9006037712097168,0.2819617552449927,-0.09385297572719599,"native max(log Q, -2)"
true_clipped_log_Q,GX_true_target,a_over_LT & geodesic_curvature_abs_mean,pairwise_interaction,0.9006037712097168,0.40928977752143214,-0.098476541374497,"native max(log Q, -2)"
true_clipped_log_Q,GX_true_target,a_over_LT & geodesic_curvature_abs_mean,pairwise_interaction,1.2197760939598083,0.009350968778259508,-0.018118322849087178,"native max(log Q, -2)"
true_clipped_log_Q,GX_true_target,a_over_LT & geodesic_curvature_abs_mean,pairwise_interaction,1.2197760939598083,0.1148180211748695,-0.03904879267608895,"native max(log Q, -2)"
true_clipped_log_Q,GX_true_target,a_over_LT & geodesic_curvature_abs_mean,pairwise_interaction,1.2197760939598083,0.1430467328270879,-0.005703377347677918,"native max(log Q, -2)"
true_clipped_log_Q,GX_true_target,a_over_LT & geodesic_curvature_abs_mean,pairwise_interaction,1.2197760939598083,0.1746409290644806,-0.009045972349071969,"native max(log Q, -2)"
true_clipped_log_Q,GX_true_target,a_over_LT & geodesic_curvature_abs_mean,pairwise_interaction,1.2197760939598083,0.20708050533236624,-0.017409438106414217,"native max(log Q, -2)"
true_clipped_log_Q,GX_true_target,a_over_LT & geodesic_curvature_abs_mean,pairwise_interaction,1.2197760939598083,0.24049656644153097,-0.0293109676548942,"native max(log Q, -2)"
true_clipped_log_Q,GX_true_target,a_over_LT & geodesic_curvature_abs_mean,pairwise_interaction,1.2197760939598083,0.2819617552449927,-0.029927679596478275,"native max(log Q, -2)"
true_clipped_log_Q,GX_true_target,a_over_LT & geodesic_curvature_abs_mean,pairwise_interaction,1.2197760939598083,0.40928977752143214,-0.03397153238183084,"native max(log Q, -2)"
true_clipped_log_Q,GX_true_target,a_over_LT & geodesic_curvature_abs_mean,pairwise_interaction,1.5316290259361267,0.009350968778259508,-0.08678315306884116,"native max(log Q, -2)"
true_clipped_log_Q,GX_true_target,a_over_LT & geodesic_curvature_abs_mean,pairwise_interaction,1.5316290259361267,0.1148180211748695,-0.07466255876399908,"native max(log Q, -2)"
true_clipped_log_Q,GX_true_target,a_over_LT & geodesic_curvature_abs_mean,pairwise_interaction,1.5316290259361267,0.1430467328270879,-0.024831192863846684,"native max(log Q, -2)"
true_clipped_log_Q,GX_true_target,a_over_LT & geodesic_curvature_abs_mean,pairwise_interaction,1.5316290259361267,0.1746409290644806,-0.019138084021495638,"native max(log Q, -2)"
true_clipped_log_Q,GX_true_target,a_over_LT & geodesic_curvature_abs_mean,pairwise_interaction,1.5316290259361267,0.20708050533236624,-0.025973085470043233,"native max(log Q, -2)"
true_clipped_log_Q,GX_true_target,a_over_LT & geodesic_curvature_abs_mean,pairwise_interaction,1.5316290259361267,0.24049656644153097,-0.03341061164381898,"native max(log Q, -2)"
true_clipped_log_Q,GX_true_target,a_over_LT & geodesic_curvature_abs_mean,pairwise_interaction,1.5316290259361267,0.2819617552449927,-0.026781042051066458,"native max(log Q, -2)"
true_clipped_log_Q,GX_true_target,a_over_LT & geodesic_curvature_abs_mean,pairwise_interaction,1.5316290259361267,0.40928977752143214,-0.041116627087267266,"native max(log Q, -2)"
true_clipped_log_Q,GX_true_target,a_over_LT & geodesic_curvature_abs_mean,pairwise_interaction,2.071755886077881,0.009350968778259508,-0.1090013569300925,"native max(log Q, -2)"
true_clipped_log_Q,GX_true_target,a_over_LT & geodesic_curvature_abs_mean,pairwise_interaction,2.071755886077881,0.1148180211748695,-0.060910983654742255,"native max(log Q, -2)"
true_clipped_log_Q,GX_true_target,a_over_LT & geodesic_curvature_abs_mean,pairwise_interaction,2.071755886077881,0.1430467328270879,0.020263508462187628,"native max(log Q, -2)"
true_clipped_log_Q,GX_true_target,a_over_LT & geodesic_curvature_abs_mean,pairwise_interaction,2.071755886077881,0.1746409290644806,0.03865973336293936,"native max(log Q, -2)"
true_clipped_log_Q,GX_true_target,a_over_LT & geodesic_curvature_abs_mean,pairwise_interaction,2.071755886077881,0.20708050533236624,0.038558961737932766,"native max(log Q, -2)"
true_clipped_log_Q,GX_true_target,a_over_LT & geodesic_curvature_abs_mean,pairwise_interaction,2.071755886077881,0.24049656644153097,0.035023585468504675,"native max(log Q, -2)"
true_clipped_log_Q,GX_true_target,a_over_LT & geodesic_curvature_abs_mean,pairwise_interaction,2.071755886077881,0.2819617552449927,0.04204735240313048,"native max(log Q, -2)"
true_clipped_log_Q,GX_true_target,a_over_LT & geodesic_curvature_abs_mean,pairwise_interaction,2.071755886077881,0.40928977752143214,0.01958444680530297,"native max(log Q, -2)"
true_clipped_log_Q,GX_true_target,a_over_LT & geodesic_curvature_abs_mean,pairwise_interaction,2.8594785928726196,0.009350968778259508,-0.1321781987984234,"native max(log Q, -2)"
true_clipped_log_Q,GX_true_target,a_over_LT & geodesic_curvature_abs_mean,pairwise_interaction,2.8594785928726196,0.1148180211748695,-0.07015380595014907,"native max(log Q, -2)"
true_clipped_log_Q,GX_true_target,a_over_LT & geodesic_curvature_abs_mean,pairwise_interaction,2.8594785928726196,0.1430467328270879,0.03250305598609618,"native max(log Q, -2)"
true_clipped_log_Q,GX_true_target,a_over_LT & geodesic_curvature_abs_mean,pairwise_interaction,2.8594785928726196,0.1746409290644806,0.06242357886795557,"native max(log Q, -2)"
true_clipped_log_Q,GX_true_target,a_over_LT & geodesic_curvature_abs_mean,pairwise_interaction,2.8594785928726196,0.20708050533236624,0.07437429057494756,"native max(log Q, -2)"
true_clipped_log_Q,GX_true_target,a_over_LT & geodesic_curvature_abs_mean,pairwise_interaction,2.8594785928726196,0.24049656644153097,0.07384983263295965,"native max(log Q, -2)"
true_clipped_log_Q,GX_true_target,a_over_LT & geodesic_curvature_abs_mean,pairwise_interaction,2.8594785928726196,0.2819617552449927,0.08236073153757228,"native max(log Q, -2)"
true_clipped_log_Q,GX_true_target,a_over_LT & geodesic_curvature_abs_mean,pairwise_interaction,2.8594785928726196,0.40928977752143214,0.057982246346512396,"native max(log Q, -2)"
true_clipped_log_Q,GX_true_target,a_over_LT & geodesic_curvature_abs_mean,pairwise_interaction,3.5870211124420166,0.009350968778259508,-0.11861950085619463,"native max(log Q, -2)"
true_clipped_log_Q,GX_true_target,a_over_LT & geodesic_curvature_abs_mean,pairwise_interaction,3.5870211124420166,0.1148180211748695,-0.05263405651196331,"native max(log Q, -2)"
true_clipped_log_Q,GX_true_target,a_over_LT & geodesic_curvature_abs_mean,pairwise_interaction,3.5870211124420166,0.1430467328270879,0.04584853324175628,"native max(log Q, -2)"
true_clipped_log_Q,GX_true_target,a_over_LT & geodesic_curvature_abs_mean,pairwise_interaction,3.5870211124420166,0.1746409290644806,0.07205415909068283,"native max(log Q, -2)"
true_clipped_log_Q,GX_true_target,a_over_LT & geodesic_curvature_abs_mean,pairwise_interaction,3.5870211124420166,0.20708050533236624,0.06812512534760186,"native max(log Q, -2)"
true_clipped_log_Q,GX_true_target,a_over_LT & geodesic_curvature_abs_mean,pairwise_interaction,3.5870211124420166,0.24049656644153097,0.06482834915266089,"native max(log Q, -2)"
true_clipped_log_Q,GX_true_target,a_over_LT & geodesic_curvature_abs_mean,pairwise_interaction,3.5870211124420166,0.2819617552449927,0.07542720778270308,"native max(log Q, -2)"
true_clipped_log_Q,GX_true_target,a_over_LT & geodesic_curvature_abs_mean,pairwise_interaction,3.5870211124420166,0.40928977752143214,0.06562496953860501,"native max(log Q, -2)"
true_clipped_log_Q,GX_true_target,a_over_LT & geodesic_curvature_abs_mean,pairwise_interaction,6.460826873779297,0.009350968778259508,0.08434235703469724,"native max(log Q, -2)"
true_clipped_log_Q,GX_true_target,a_over_LT & geodesic_curvature_abs_mean,pairwise_interaction,6.460826873779297,0.1148180211748695,0.15422936568280762,"native max(log Q, -2)"
true_clipped_log_Q,GX_true_target,a_over_LT & geodesic_curvature_abs_mean,pairwise_interaction,6.460826873779297,0.1430467328270879,0.23034984773028713,"native max(log Q, -2)"
true_clipped_log_Q,GX_true_target,a_over_LT & geodesic_curvature_abs_mean,pairwise_interaction,6.460826873779297,0.1746409290644806,0.20989786338650476,"native max(log Q, -2)"
true_clipped_log_Q,GX_true_target,a_over_LT & geodesic_curvature_abs_mean,pairwise_interaction,6.460826873779297,0.20708050533236624,0.1147202958400288,"native max(log Q, -2)"
true_clipped_log_Q,GX_true_target,a_over_LT & geodesic_curvature_abs_mean,pairwise_interaction,6.460826873779297,0.24049656644153097,0.10784967715583756,"native max(log Q, -2)"
true_clipped_log_Q,GX_true_target,a_over_LT & geodesic_curvature_abs_mean,pairwise_interaction,6.460826873779297,0.2819617552449927,0.1234914197221368,"native max(log Q, -2)"
true_clipped_log_Q,GX_true_target,a_over_LT & geodesic_curvature_abs_mean,pairwise_interaction,6.460826873779297,0.40928977752143214,0.35616968961602613,"native max(log Q, -2)"
true_clipped_log_Q,GX_true_target,a_over_Ln & bad_curvature_compression,pairwise_interaction,-0.45778006315231323,0.0,-0.341231010396757,"native max(log Q, -2)"
true_clipped_log_Q,GX_true_target,a_over_Ln & bad_curvature_compression,pairwise_interaction,-0.45778006315231323,0.22772671739968947,-0.4383675697500066,"native max(log Q, -2)"
true_clipped_log_Q,GX_true_target,a_over_Ln & bad_curvature_compression,pairwise_interaction,-0.45778006315231323,0.5539935289327377,-0.4989193541177019,"native max(log Q, -2)"
true_clipped_log_Q,GX_true_target,a_over_Ln & bad_curvature_compression,pairwise_interaction,-0.45778006315231323,0.7829443711894786,-0.47061115459962644,"native max(log Q, -2)"
true_clipped_log_Q,GX_true_target,a_over_Ln & bad_curvature_compression,pairwise_interaction,-0.45778006315231323,1.1407287694670685,-0.41254950842303323,"native max(log Q, -2)"
true_clipped_log_Q,GX_true_target,a_over_Ln & bad_curvature_compression,pairwise_interaction,-0.45778006315231323,1.6050736244804065,-0.38967003170768344,"native max(log Q, -2)"
true_clipped_log_Q,GX_true_target,a_over_Ln & bad_curvature_compression,pairwise_interaction,-0.45778006315231323,2.8044058575430015,-0.2963205078733825,"native max(log Q, -2)"
true_clipped_log_Q,GX_true_target,a_over_Ln & bad_curvature_compression,pairwise_interaction,-0.45778006315231323,12.63658030036591,-0.2784407464276163,"native max(log Q, -2)"
true_clipped_log_Q,GX_true_target,a_over_Ln & bad_curvature_compression,pairwise_interaction,-0.012576837092638016,0.0,-0.2139204930628585,"native max(log Q, -2)"
true_clipped_log_Q,GX_true_target,a_over_Ln & bad_curvature_compression,pairwise_interaction,-0.012576837092638016,0.22772671739968947,-0.11271248528104866,"native max(log Q, -2)"
true_clipped_log_Q,GX_true_target,a_over_Ln & bad_curvature_compression,pairwise_interaction,-0.012576837092638016,0.5539935289327377,-0.05918024995092354,"native max(log Q, -2)"
true_clipped_log_Q,GX_true_target,a_over_Ln & bad_curvature_compression,pairwise_interaction,-0.012576837092638016,0.7829443711894786,0.01707992559173682,"native max(log Q, -2)"
true_clipped_log_Q,GX_true_target,a_over_Ln & bad_curvature_compression,pairwise_interaction,-0.012576837092638016,1.1407287694670685,0.06405596827162342,"native max(log Q, -2)"
true_clipped_log_Q,GX_true_target,a_over_Ln & bad_curvature_compression,pairwise_interaction,-0.012576837092638016,1.6050736244804065,0.16316314010749136,"native max(log Q, -2)"
true_clipped_log_Q,GX_true_target,a_over_Ln & bad_curvature_compression,pairwise_interaction,-0.012576837092638016,2.8044058575430015,0.3164390884596867,"native max(log Q, -2)"
true_clipped_log_Q,GX_true_target,a_over_Ln & bad_curvature_compression,pairwise_interaction,-0.012576837092638016,12.63658030036591,0.6926873792701761,"native max(log Q, -2)"
true_clipped_log_Q,GX_true_target,a_over_Ln & bad_curvature_compression,pairwise_interaction,0.14382341504096985,0.0,-0.1340944023422138,"native max(log Q, -2)"
true_clipped_log_Q,GX_true_target,a_over_Ln & bad_curvature_compression,pairwise_interaction,0.14382341504096985,0.22772671739968947,-0.045279769553149225,"native max(log Q, -2)"
true_clipped_log_Q,GX_true_target,a_over_Ln & bad_curvature_compression,pairwise_interaction,0.14382341504096985,0.5539935289327377,-0.005449157017508224,"native max(log Q, -2)"
true_clipped_log_Q,GX_true_target,a_over_Ln & bad_curvature_compression,pairwise_interaction,0.14382341504096985,0.7829443711894786,0.06393492599065856,"native max(log Q, -2)"
true_clipped_log_Q,GX_true_target,a_over_Ln & bad_curvature_compression,pairwise_interaction,0.14382341504096985,1.1407287694670685,0.09211891667843261,"native max(log Q, -2)"
true_clipped_log_Q,GX_true_target,a_over_Ln & bad_curvature_compression,pairwise_interaction,0.14382341504096985,1.6050736244804065,0.17859018316245848,"native max(log Q, -2)"
true_clipped_log_Q,GX_true_target,a_over_Ln & bad_curvature_compression,pairwise_interaction,0.14382341504096985,2.8044058575430015,0.31393304319723153,"native max(log Q, -2)"
true_clipped_log_Q,GX_true_target,a_over_Ln & bad_curvature_compression,pairwise_interaction,0.14382341504096985,12.63658030036591,0.6768175652682998,"native max(log Q, -2)"
true_clipped_log_Q,GX_true_target,a_over_Ln & bad_curvature_compression,pairwise_interaction,0.29668861627578735,0.0,-0.043526836334497734,"native max(log Q, -2)"
true_clipped_log_Q,GX_true_target,a_over_Ln & bad_curvature_compression,pairwise_interaction,0.29668861627578735,0.22772671739968947,0.030366028823122476,"native max(log Q, -2)"
true_clipped_log_Q,GX_true_target,a_over_Ln & bad_curvature_compression,pairwise_interaction,0.29668861627578735,0.5539935289327377,0.051311942297434306,"native max(log Q, -2)"
true_clipped_log_Q,GX_true_target,a_over_Ln & bad_curvature_compression,pairwise_interaction,0.29668861627578735,0.7829443711894786,0.11209676820772063,"native max(log Q, -2)"
true_clipped_log_Q,GX_true_target,a_over_Ln & bad_curvature_compression,pairwise_interaction,0.29668861627578735,1.1407287694670685,0.1165303858936692,"native max(log Q, -2)"
true_clipped_log_Q,GX_true_target,a_over_Ln & bad_curvature_compression,pairwise_interaction,0.29668861627578735,1.6050736244804065,0.1783258613010883,"native max(log Q, -2)"
true_clipped_log_Q,GX_true_target,a_over_Ln & bad_curvature_compression,pairwise_interaction,0.29668861627578735,2.8044058575430015,0.3036850839074604,"native max(log Q, -2)"
true_clipped_log_Q,GX_true_target,a_over_Ln & bad_curvature_compression,pairwise_interaction,0.29668861627578735,12.63658030036591,0.6468546787902258,"native max(log Q, -2)"
true_clipped_log_Q,GX_true_target,a_over_Ln & bad_curvature_compression,pairwise_interaction,0.5392754673957825,0.0,0.0572187165240038,"native max(log Q, -2)"
true_clipped_log_Q,GX_true_target,a_over_Ln & bad_curvature_compression,pairwise_interaction,0.5392754673957825,0.22772671739968947,0.09510089805374249,"native max(log Q, -2)"
true_clipped_log_Q,GX_true_target,a_over_Ln & bad_curvature_compression,pairwise_interaction,0.5392754673957825,0.5539935289327377,0.09566225960772959,"native max(log Q, -2)"
true_clipped_log_Q,GX_true_target,a_over_Ln & bad_curvature_compression,pairwise_interaction,0.5392754673957825,0.7829443711894786,0.12883903548891468,"native max(log Q, -2)"
true_clipped_log_Q,GX_true_target,a_over_Ln & bad_curvature_compression,pairwise_interaction,0.5392754673957825,1.1407287694670685,0.12038087516179086,"native max(log Q, -2)"
true_clipped_log_Q,GX_true_target,a_over_Ln & bad_curvature_compression,pairwise_interaction,0.5392754673957825,1.6050736244804065,0.16193806206974443,"native max(log Q, -2)"
true_clipped_log_Q,GX_true_target,a_over_Ln & bad_curvature_compression,pairwise_interaction,0.5392754673957825,2.8044058575430015,0.1950242331799721,"native max(log Q, -2)"
true_clipped_log_Q,GX_true_target,a_over_Ln & bad_curvature_compression,pairwise_interaction,0.5392754673957825,12.63658030036591,0.321879845283926,"native max(log Q, -2)"
true_clipped_log_Q,GX_true_target,a_over_Ln & bad_curvature_compression,pairwise_interaction,0.8656566441059113,0.0,0.2437979068222845,"native max(log Q, -2)"
true_clipped_log_Q,GX_true_target,a_over_Ln & bad_curvature_compression,pairwise_interaction,0.8656566441059113,0.22772671739968947,0.18940701283697156,"native max(log Q, -2)"
true_clipped_log_Q,GX_true_target,a_over_Ln & bad_curvature_compression,pairwise_interaction,0.8656566441059113,0.5539935289327377,0.1781970420008944,"native max(log Q, -2)"
true_clipped_log_Q,GX_true_target,a_over_Ln & bad_curvature_compression,pairwise_interaction,0.8656566441059113,0.7829443711894786,0.17028316569639895,"native max(log Q, -2)"
true_clipped_log_Q,GX_true_target,a_over_Ln & bad_curvature_compression,pairwise_interaction,0.8656566441059113,1.1407287694670685,0.152247076142454,"native max(log Q, -2)"
true_clipped_log_Q,GX_true_target,a_over_Ln & bad_curvature_compression,pairwise_interaction,0.8656566441059113,1.6050736244804065,0.11529169652998872,"native max(log Q, -2)"
true_clipped_log_Q,GX_true_target,a_over_Ln & bad_curvature_compression,pairwise_interaction,0.8656566441059113,2.8044058575430015,-0.024581026446086014,"native max(log Q, -2)"
true_clipped_log_Q,GX_true_target,a_over_Ln & bad_curvature_compression,pairwise_interaction,0.8656566441059113,12.63658030036591,-0.22420638306925517,"native max(log Q, -2)"
true_clipped_log_Q,GX_true_target,a_over_Ln & bad_curvature_compression,pairwise_interaction,1.3822518587112427,0.0,0.3044299132003626,"native max(log Q, -2)"
true_clipped_log_Q,GX_true_target,a_over_Ln & bad_curvature_compression,pairwise_interaction,1.3822518587112427,0.22772671739968947,0.1743857309297891,"native max(log Q, -2)"
true_clipped_log_Q,GX_true_target,a_over_Ln & bad_curvature_compression,pairwise_interaction,1.3822518587112427,0.5539935289327377,0.13997180232818202,"native max(log Q, -2)"
true_clipped_log_Q,GX_true_target,a_over_Ln & bad_curvature_compression,pairwise_interaction,1.3822518587112427,0.7829443711894786,0.11091730306395109,"native max(log Q, -2)"
true_clipped_log_Q,GX_true_target,a_over_Ln & bad_curvature_compression,pairwise_interaction,1.3822518587112427,1.1407287694670685,0.07771452625790906,"native max(log Q, -2)"
true_clipped_log_Q,GX_true_target,a_over_Ln & bad_curvature_compression,pairwise_interaction,1.3822518587112427,1.6050736244804065,0.0038061346200112716,"native max(log Q, -2)"
true_clipped_log_Q,GX_true_target,a_over_Ln & bad_curvature_compression,pairwise_interaction,1.3822518587112427,2.8044058575430015,-0.18549396414468175,"native max(log Q, -2)"
true_clipped_log_Q,GX_true_target,a_over_Ln & bad_curvature_compression,pairwise_interaction,1.3822518587112427,12.63658030036591,-0.6885444631955155,"native max(log Q, -2)"
true_clipped_log_Q,GX_true_target,a_over_Ln & bad_curvature_compression,pairwise_interaction,3.537547469139099,0.0,1.0008189782737844,"native max(log Q, -2)"
true_clipped_log_Q,GX_true_target,a_over_Ln & bad_curvature_compression,pairwise_interaction,3.537547469139099,0.22772671739968947,0.22178057657933387,"native max(log Q, -2)"
true_clipped_log_Q,GX_true_target,a_over_Ln & bad_curvature_compression,pairwise_interaction,3.537547469139099,0.5539935289327377,-0.3224314032996126,"native max(log Q, -2)"
true_clipped_log_Q,GX_true_target,a_over_Ln & bad_curvature_compression,pairwise_interaction,3.537547469139099,0.7829443711894786,-0.9003087044714242,"native max(log Q, -2)"
true_clipped_log_Q,GX_true_target,a_over_Ln & bad_curvature_compression,pairwise_interaction,3.537547469139099,1.1407287694670685,-0.9845791140155425,"native max(log Q, -2)"
true_clipped_log_Q,GX_true_target,a_over_Ln & bad_curvature_compression,pairwise_interaction,3.537547469139099,1.6050736244804065,-0.9918109502811175,"native max(log Q, -2)"
true_clipped_log_Q,GX_true_target,a_over_Ln & bad_curvature_compression,pairwise_interaction,3.537547469139099,2.8044058575430015,-1.3004727279901473,"native max(log Q, -2)"
true_clipped_log_Q,GX_true_target,a_over_Ln & bad_curvature_compression,pairwise_interaction,3.537547469139099,12.63658030036591,-2.3564839128308646,"native max(log Q, -2)"
true_clipped_log_Q,GX_true_target,log_f_Q & geodesic_curvature_abs_mean,pairwise_interaction,-3.1372791971964853,0.009350968778259508,-0.2015567025880149,"native max(log Q, -2)"
true_clipped_log_Q,GX_true_target,log_f_Q & geodesic_curvature_abs_mean,pairwise_interaction,-3.1372791971964853,0.1148180211748695,-0.07815770299483266,"native max(log Q, -2)"
true_clipped_log_Q,GX_true_target,log_f_Q & geodesic_curvature_abs_mean,pairwise_interaction,-3.1372791971964853,0.1430467328270879,-0.04982996845006896,"native max(log Q, -2)"
true_clipped_log_Q,GX_true_target,log_f_Q & geodesic_curvature_abs_mean,pairwise_interaction,-3.1372791971964853,0.1746409290644806,-0.02845371269415905,"native max(log Q, -2)"
true_clipped_log_Q,GX_true_target,log_f_Q & geodesic_curvature_abs_mean,pairwise_interaction,-3.1372791971964853,0.20708050533236624,0.040937152332051766,"native max(log Q, -2)"
true_clipped_log_Q,GX_true_target,log_f_Q & geodesic_curvature_abs_mean,pairwise_interaction,-3.1372791971964853,0.24049656644153097,0.02760920765745825,"native max(log Q, -2)"
true_clipped_log_Q,GX_true_target,log_f_Q & geodesic_curvature_abs_mean,pairwise_interaction,-3.1372791971964853,0.2819617552449927,-0.024771350947973815,"native max(log Q, -2)"
true_clipped_log_Q,GX_true_target,log_f_Q & geodesic_curvature_abs_mean,pairwise_interaction,-3.1372791971964853,0.40928977752143214,0.36077784365610355,"native max(log Q, -2)"
true_clipped_log_Q,GX_true_target,log_f_Q & geodesic_curvature_abs_mean,pairwise_interaction,-0.475736696355459,0.009350968778259508,-0.20680642607558813,"native max(log Q, -2)"
true_clipped_log_Q,GX_true_target,log_f_Q & geodesic_curvature_abs_mean,pairwise_interaction,-0.475736696355459,0.1148180211748695,-0.08483914962367736,"native max(log Q, -2)"
true_clipped_log_Q,GX_true_target,log_f_Q & geodesic_curvature_abs_mean,pairwise_interaction,-0.475736696355459,0.1430467328270879,-0.048577267858063,"native max(log Q, -2)"
true_clipped_log_Q,GX_true_target,log_f_Q & geodesic_curvature_abs_mean,pairwise_interaction,-0.475736696355459,0.1746409290644806,-0.03231100119559819,"native max(log Q, -2)"
true_clipped_log_Q,GX_true_target,log_f_Q & geodesic_curvature_abs_mean,pairwise_interaction,-0.475736696355459,0.20708050533236624,0.0363902672664946,"native max(log Q, -2)"
true_clipped_log_Q,GX_true_target,log_f_Q & geodesic_curvature_abs_mean,pairwise_interaction,-0.475736696355459,0.24049656644153097,0.04620039296529738,"native max(log Q, -2)"
true_clipped_log_Q,GX_true_target,log_f_Q & geodesic_curvature_abs_mean,pairwise_interaction,-0.475736696355459,0.2819617552449927,-0.004454686397046451,"native max(log Q, -2)"
true_clipped_log_Q,GX_true_target,log_f_Q & geodesic_curvature_abs_mean,pairwise_interaction,-0.475736696355459,0.40928977752143214,0.37022922377608924,"native max(log Q, -2)"
true_clipped_log_Q,GX_true_target,log_f_Q & geodesic_curvature_abs_mean,pairwise_interaction,0.15334520664740808,0.009350968778259508,-0.15554215796787083,"native max(log Q, -2)"
true_clipped_log_Q,GX_true_target,log_f_Q & geodesic_curvature_abs_mean,pairwise_interaction,0.15334520664740808,0.1148180211748695,-0.03526716631802031,"native max(log Q, -2)"
true_clipped_log_Q,GX_true_target,log_f_Q & geodesic_curvature_abs_mean,pairwise_interaction,0.15334520664740808,0.1430467328270879,-0.002844086250708692,"native max(log Q, -2)"
true_clipped_log_Q,GX_true_target,log_f_Q & geodesic_curvature_abs_mean,pairwise_interaction,0.15334520664740808,0.1746409290644806,0.006784279319013644,"native max(log Q, -2)"
true_clipped_log_Q,GX_true_target,log_f_Q & geodesic_curvature_abs_mean,pairwise_interaction,0.15334520664740808,0.20708050533236624,0.053928507590347216,"native max(log Q, -2)"
true_clipped_log_Q,GX_true_target,log_f_Q & geodesic_curvature_abs_mean,pairwise_interaction,0.15334520664740808,0.24049656644153097,0.06073484538620935,"native max(log Q, -2)"
true_clipped_log_Q,GX_true_target,log_f_Q & geodesic_curvature_abs_mean,pairwise_interaction,0.15334520664740808,0.2819617552449927,-0.011790456692742049,"native max(log Q, -2)"
true_clipped_log_Q,GX_true_target,log_f_Q & geodesic_curvature_abs_mean,pairwise_interaction,0.15334520664740808,0.40928977752143214,0.03473443939766412,"native max(log Q, -2)"
true_clipped_log_Q,GX_true_target,log_f_Q & geodesic_curvature_abs_mean,pairwise_interaction,0.4155584048360205,0.009350968778259508,-0.1327599035706073,"native max(log Q, -2)"
true_clipped_log_Q,GX_true_target,log_f_Q & geodesic_curvature_abs_mean,pairwise_interaction,0.4155584048360205,0.1148180211748695,-0.024483376704326203,"native max(log Q, -2)"
true_clipped_log_Q,GX_true_target,log_f_Q & geodesic_curvature_abs_mean,pairwise_interaction,0.4155584048360205,0.1430467328270879,0.0009008247979370203,"native max(log Q, -2)"
true_clipped_log_Q,GX_true_target,log_f_Q & geodesic_curvature_abs_mean,pairwise_interaction,0.4155584048360205,0.1746409290644806,0.007750391165184778,"native max(log Q, -2)"
true_clipped_log_Q,GX_true_target,log_f_Q & geodesic_curvature_abs_mean,pairwise_interaction,0.4155584048360205,0.20708050533236624,0.05066642038040765,"native max(log Q, -2)"
true_clipped_log_Q,GX_true_target,log_f_Q & geodesic_curvature_abs_mean,pairwise_interaction,0.4155584048360205,0.24049656644153097,0.05361134704078297,"native max(log Q, -2)"
true_clipped_log_Q,GX_true_target,log_f_Q & geodesic_curvature_abs_mean,pairwise_interaction,0.4155584048360205,0.2819617552449927,-0.019932647830046207,"native max(log Q, -2)"
true_clipped_log_Q,GX_true_target,log_f_Q & geodesic_curvature_abs_mean,pairwise_interaction,0.4155584048360205,0.40928977752143214,0.019474638211631028,"native max(log Q, -2)"
true_clipped_log_Q,GX_true_target,log_f_Q & geodesic_curvature_abs_mean,pairwise_interaction,0.606389675332959,0.009350968778259508,-0.055812323816375346,"native max(log Q, -2)"
true_clipped_log_Q,GX_true_target,log_f_Q & geodesic_curvature_abs_mean,pairwise_interaction,0.606389675332959,0.1148180211748695,0.01800457476266172,"native max(log Q, -2)"
true_clipped_log_Q,GX_true_target,log_f_Q & geodesic_curvature_abs_mean,pairwise_interaction,0.606389675332959,0.1430467328270879,-0.001900936516344304,"native max(log Q, -2)"
true_clipped_log_Q,GX_true_target,log_f_Q & geodesic_curvature_abs_mean,pairwise_interaction,0.606389675332959,0.1746409290644806,-0.0015555813429646908,"native max(log Q, -2)"
true_clipped_log_Q,GX_true_target,log_f_Q & geodesic_curvature_abs_mean,pairwise_interaction,0.606389675332959,0.20708050533236624,0.016712864013502596,"native max(log Q, -2)"
true_clipped_log_Q,GX_true_target,log_f_Q & geodesic_curvature_abs_mean,pairwise_interaction,0.606389675332959,0.24049656644153097,0.010739269664119703,"native max(log Q, -2)"
true_clipped_log_Q,GX_true_target,log_f_Q & geodesic_curvature_abs_mean,pairwise_interaction,0.606389675332959,0.2819617552449927,-0.05906624480354686,"native max(log Q, -2)"
true_clipped_log_Q,GX_true_target,log_f_Q & geodesic_curvature_abs_mean,pairwise_interaction,0.606389675332959,0.40928977752143214,-0.08863901507342657,"native max(log Q, -2)"
true_clipped_log_Q,GX_true_target,log_f_Q & geodesic_curvature_abs_mean,pairwise_interaction,0.8877572786327694,0.009350968778259508,-0.029135006437548426,"native max(log Q, -2)"
true_clipped_log_Q,GX_true_target,log_f_Q & geodesic_curvature_abs_mean,pairwise_interaction,0.8877572786327694,0.1148180211748695,0.028953389823670184,"native max(log Q, -2)"
true_clipped_log_Q,GX_true_target,log_f_Q & geodesic_curvature_abs_mean,pairwise_interaction,0.8877572786327694,0.1430467328270879,0.010542200803347272,"native max(log Q, -2)"
true_clipped_log_Q,GX_true_target,log_f_Q & geodesic_curvature_abs_mean,pairwise_interaction,0.8877572786327694,0.1746409290644806,0.002903328188504937,"native max(log Q, -2)"
true_clipped_log_Q,GX_true_target,log_f_Q & geodesic_curvature_abs_mean,pairwise_interaction,0.8877572786327694,0.20708050533236624,0.0096931565603903,"native max(log Q, -2)"
true_clipped_log_Q,GX_true_target,log_f_Q & geodesic_curvature_abs_mean,pairwise_interaction,0.8877572786327694,0.24049656644153097,-0.001470761980363383,"native max(log Q, -2)"
true_clipped_log_Q,GX_true_target,log_f_Q & geodesic_curvature_abs_mean,pairwise_interaction,0.8877572786327694,0.2819617552449927,0.1603750692111306,"native max(log Q, -2)"
true_clipped_log_Q,GX_true_target,log_f_Q & geodesic_curvature_abs_mean,pairwise_interaction,0.8877572786327694,0.40928977752143214,0.11357901032056215,"native max(log Q, -2)"
true_clipped_log_Q,GX_true_target,log_f_Q & geodesic_curvature_abs_mean,pairwise_interaction,1.2191466923148706,0.009350968778259508,0.0534381956701817,"native max(log Q, -2)"
true_clipped_log_Q,GX_true_target,log_f_Q & geodesic_curvature_abs_mean,pairwise_interaction,1.2191466923148706,0.1148180211748695,0.09966207065866854,"native max(log Q, -2)"
true_clipped_log_Q,GX_true_target,log_f_Q & geodesic_curvature_abs_mean,pairwise_interaction,1.2191466923148706,0.1430467328270879,0.08340194839323743,"native max(log Q, -2)"
true_clipped_log_Q,GX_true_target,log_f_Q & geodesic_curvature_abs_mean,pairwise_interaction,1.2191466923148706,0.1746409290644806,0.06944739311293364,"native max(log Q, -2)"
true_clipped_log_Q,GX_true_target,log_f_Q & geodesic_curvature_abs_mean,pairwise_interaction,1.2191466923148706,0.20708050533236624,0.014085074618363232,"native max(log Q, -2)"
true_clipped_log_Q,GX_true_target,log_f_Q & geodesic_curvature_abs_mean,pairwise_interaction,1.2191466923148706,0.24049656644153097,-0.17256425375821682,"native max(log Q, -2)"
true_clipped_log_Q,GX_true_target,log_f_Q & geodesic_curvature_abs_mean,pairwise_interaction,1.2191466923148706,0.2819617552449927,-0.01305977324070353,"native max(log Q, -2)"
true_clipped_log_Q,GX_true_target,log_f_Q & geodesic_curvature_abs_mean,pairwise_interaction,1.2191466923148706,0.40928977752143214,-0.03500996043180737,"native max(log Q, -2)"
true_clipped_log_Q,GX_true_target,log_f_Q & geodesic_curvature_abs_mean,pairwise_interaction,2.3895103701399574,0.009350968778259508,0.36888601623364226,"native max(log Q, -2)"
true_clipped_log_Q,GX_true_target,log_f_Q & geodesic_curvature_abs_mean,pairwise_interaction,2.3895103701399574,0.1148180211748695,0.020647163686084775,"native max(log Q, -2)"
true_clipped_log_Q,GX_true_target,log_f_Q & geodesic_curvature_abs_mean,pairwise_interaction,2.3895103701399574,0.1430467328270879,0.15470208224612286,"native max(log Q, -2)"
true_clipped_log_Q,GX_true_target,log_f_Q & geodesic_curvature_abs_mean,pairwise_interaction,2.3895103701399574,0.1746409290644806,0.13858507872757214,"native max(log Q, -2)"
true_clipped_log_Q,GX_true_target,log_f_Q & geodesic_curvature_abs_mean,pairwise_interaction,2.3895103701399574,0.20708050533236624,0.05512144666853815,"native max(log Q, -2)"
true_clipped_log_Q,GX_true_target,log_f_Q & geodesic_curvature_abs_mean,pairwise_interaction,2.3895103701399574,0.24049656644153097,-0.14446166954542936,"native max(log Q, -2)"
true_clipped_log_Q,GX_true_target,log_f_Q & geodesic_curvature_abs_mean,pairwise_interaction,2.3895103701399574,0.2819617552449927,0.012976716634110527,"native max(log Q, -2)"
true_clipped_log_Q,GX_true_target,log_f_Q & geodesic_curvature_abs_mean,pairwise_interaction,2.3895103701399574,0.40928977752143214,0.4088081636124816,"native max(log Q, -2)"
