target_kind,target_id,feature_name,mean_fold_importance,std_fold_importance,top_k_fold_recurrence,folds,split_unit,importance_method,validity_tag
bottleneck_unit,2864601_0.437:u000,a_over_LT,0.019061598414889906,0.002772421726389821,0.0,5,equilibrium_files,mean_absolute_EBM_term_contribution,observed-comparison
bottleneck_unit,2864601_0.437:u000,a_over_Ln,0.02190143002680149,0.009370989012337528,0.0,5,equilibrium_files,mean_absolute_EBM_term_contribution,observed-comparison
bottleneck_unit,2864601_0.437:u000,log_f_Q,0.020468836370014,0.002986462151910102,0.0,5,equilibrium_files,mean_absolute_EBM_term_contribution,observed-comparison
bottleneck_unit,2864601_0.437:u000,f_stab,0.1634091879884481,0.007286920022495358,1.0,5,equilibrium_files,mean_absolute_EBM_term_contribution,observed-comparison
bottleneck_unit,2864601_0.437:u000,log_FSA_grad_x,0.04303488742112104,0.008261953861151855,0.0,5,equilibrium_files,mean_absolute_EBM_term_contribution,observed-comparison
bottleneck_unit,2864601_0.437:u000,bad_curvature_compression,0.07751614624274,0.007865832596879029,0.0,5,equilibrium_files,mean_absolute_EBM_term_contribution,observed-comparison
bottleneck_unit,2864601_0.437:u000,paper_bad_curvature_feature_mean_square,0.05789473394663876,0.0055309255947052355,0.0,5,equilibrium_files,mean_absolute_EBM_term_contribution,observed-comparison
bottleneck_unit,2864601_0.437:u000,geodesic_curvature_abs_mean,0.19035569253417137,0.004280014387416963,1.0,5,equilibrium_files,mean_absolute_EBM_term_contribution,observed-comparison
bottleneck_unit,2864601_0.437:u000,geodesic_curvature_compression,0.09365156389369085,0.00592229795035515,1.0,5,equilibrium_files,mean_absolute_EBM_term_contribution,observed-comparison
bottleneck_unit,2864601_0.437:u000,parallel_roughness_iqr_scaled,0.02799756078491606,0.003873540766811658,0.0,5,equilibrium_files,mean_absolute_EBM_term_contribution,observed-comparison
bottleneck_unit,2864601_0.437:u000,cross_channel_colocation,0.021335108866777894,0.00484838608532837,0.0,5,equilibrium_files,mean_absolute_EBM_term_contribution,observed-comparison
bottleneck_unit,2864601_0.437:u000,bmag_parallel_expected_k,0.07071136470262702,0.010886537457619975,0.0,5,equilibrium_files,mean_absolute_EBM_term_contribution,observed-comparison
bottleneck_unit,2864601_0.437:u000,compression_parallel_expected_k,0.04805563158588276,0.0040395217259941,0.0,5,equilibrium_files,mean_absolute_EBM_term_contribution,observed-comparison
bottleneck_unit,2864601_0.437:u000,curvature_parallel_expected_k,0.10721453036149939,0.008725963664235328,1.0,5,equilibrium_files,mean_absolute_EBM_term_contribution,observed-comparison
bottleneck_unit,2864601_0.437:u000,local_shear_abs_mean,0.020153835877760137,0.006245719865402347,0.0,5,equilibrium_files,mean_absolute_EBM_term_contribution,observed-comparison
bottleneck_unit,2864601_0.437:u000,f_Q_integrand_w25_peak,0.059707630215328565,0.002971999438378462,0.0,5,equilibrium_files,mean_absolute_EBM_term_contribution,observed-comparison
bottleneck_unit,2864601_0.437:u000,geodesic_abs_w25_peak,0.12762721197253607,0.005604012293366314,1.0,5,equilibrium_files,mean_absolute_EBM_term_contribution,observed-comparison
bottleneck_unit,2864601_0.437:u001,a_over_LT,0.03240308508662709,0.007299710191085874,0.0,5,equilibrium_files,mean_absolute_EBM_term_contribution,observed-comparison
bottleneck_unit,2864601_0.437:u001,a_over_Ln,0.024991048066169717,0.006805230197298113,0.0,5,equilibrium_files,mean_absolute_EBM_term_contribution,observed-comparison
bottleneck_unit,2864601_0.437:u001,log_f_Q,0.09578091833399277,0.005333794023784963,0.0,5,equilibrium_files,mean_absolute_EBM_term_contribution,observed-comparison
bottleneck_unit,2864601_0.437:u001,f_stab,0.053204206281398304,0.005589007938693797,0.0,5,equilibrium_files,mean_absolute_EBM_term_contribution,observed-comparison
bottleneck_unit,2864601_0.437:u001,log_FSA_grad_x,0.1456017207781431,0.007507083061633874,1.0,5,equilibrium_files,mean_absolute_EBM_term_contribution,observed-comparison
bottleneck_unit,2864601_0.437:u001,bad_curvature_compression,0.17646606069451756,0.009470198589316756,1.0,5,equilibrium_files,mean_absolute_EBM_term_contribution,observed-comparison
bottleneck_unit,2864601_0.437:u001,paper_bad_curvature_feature_mean_square,0.1186021935365102,0.008867090947306097,1.0,5,equilibrium_files,mean_absolute_EBM_term_contribution,observed-comparison
bottleneck_unit,2864601_0.437:u001,geodesic_curvature_abs_mean,0.029815760510282473,0.0028315415138758632,0.0,5,equilibrium_files,mean_absolute_EBM_term_contribution,observed-comparison
bottleneck_unit,2864601_0.437:u001,geodesic_curvature_compression,0.15911000122307511,0.009137476178997324,1.0,5,equilibrium_files,mean_absolute_EBM_term_contribution,observed-comparison
bottleneck_unit,2864601_0.437:u001,parallel_roughness_iqr_scaled,0.013756550626966357,0.0028648297956759324,0.0,5,equilibrium_files,mean_absolute_EBM_term_contribution,observed-comparison
bottleneck_unit,2864601_0.437:u001,cross_channel_colocation,0.05570767572804003,0.004231252505013007,0.0,5,equilibrium_files,mean_absolute_EBM_term_contribution,observed-comparison
bottleneck_unit,2864601_0.437:u001,bmag_parallel_expected_k,0.016033560882273357,0.004324656275192228,0.0,5,equilibrium_files,mean_absolute_EBM_term_contribution,observed-comparison
bottleneck_unit,2864601_0.437:u001,compression_parallel_expected_k,0.03214647819337538,0.010708079480660548,0.0,5,equilibrium_files,mean_absolute_EBM_term_contribution,observed-comparison
bottleneck_unit,2864601_0.437:u001,curvature_parallel_expected_k,0.03945948717727136,0.007048994000635642,0.0,5,equilibrium_files,mean_absolute_EBM_term_contribution,observed-comparison
bottleneck_unit,2864601_0.437:u001,local_shear_abs_mean,0.039834377990527206,0.00862764109445047,0.0,5,equilibrium_files,mean_absolute_EBM_term_contribution,observed-comparison
bottleneck_unit,2864601_0.437:u001,f_Q_integrand_w25_peak,0.13930525195207602,0.004889103004502401,1.0,5,equilibrium_files,mean_absolute_EBM_term_contribution,observed-comparison
bottleneck_unit,2864601_0.437:u001,geodesic_abs_w25_peak,0.018802490002567528,0.005355358102528018,0.0,5,equilibrium_files,mean_absolute_EBM_term_contribution,observed-comparison
bottleneck_unit,2864601_0.437:u002,a_over_LT,0.03267578796521473,0.001972124884638821,0.0,5,equilibrium_files,mean_absolute_EBM_term_contribution,observed-comparison
bottleneck_unit,2864601_0.437:u002,a_over_Ln,0.019223725652936327,0.004164086874200257,0.0,5,equilibrium_files,mean_absolute_EBM_term_contribution,observed-comparison
bottleneck_unit,2864601_0.437:u002,log_f_Q,0.020268016516009686,0.001982819853478973,0.0,5,equilibrium_files,mean_absolute_EBM_term_contribution,observed-comparison
bottleneck_unit,2864601_0.437:u002,f_stab,0.18177367259523294,0.014617664131469421,1.0,5,equilibrium_files,mean_absolute_EBM_term_contribution,observed-comparison
bottleneck_unit,2864601_0.437:u002,log_FSA_grad_x,0.04921205293493812,0.006022363244049923,0.0,5,equilibrium_files,mean_absolute_EBM_term_contribution,observed-comparison
bottleneck_unit,2864601_0.437:u002,bad_curvature_compression,0.08074966258294324,0.008594790828070537,1.0,5,equilibrium_files,mean_absolute_EBM_term_contribution,observed-comparison
bottleneck_unit,2864601_0.437:u002,paper_bad_curvature_feature_mean_square,0.038495432222777126,0.0014566863607674873,0.0,5,equilibrium_files,mean_absolute_EBM_term_contribution,observed-comparison
bottleneck_unit,2864601_0.437:u002,geodesic_curvature_abs_mean,0.03964812622828754,0.003313261251438429,0.0,5,equilibrium_files,mean_absolute_EBM_term_contribution,observed-comparison
bottleneck_unit,2864601_0.437:u002,geodesic_curvature_compression,0.046393258859687474,0.003463589134410996,0.0,5,equilibrium_files,mean_absolute_EBM_term_contribution,observed-comparison
bottleneck_unit,2864601_0.437:u002,parallel_roughness_iqr_scaled,0.09619511229064479,0.008070407808233704,1.0,5,equilibrium_files,mean_absolute_EBM_term_contribution,observed-comparison
bottleneck_unit,2864601_0.437:u002,cross_channel_colocation,0.051922572700971524,0.003364776624537101,0.0,5,equilibrium_files,mean_absolute_EBM_term_contribution,observed-comparison
bottleneck_unit,2864601_0.437:u002,bmag_parallel_expected_k,0.02452716516103489,0.010300097194637625,0.0,5,equilibrium_files,mean_absolute_EBM_term_contribution,observed-comparison
bottleneck_unit,2864601_0.437:u002,compression_parallel_expected_k,0.07729977873462253,0.010398605981466703,0.8,5,equilibrium_files,mean_absolute_EBM_term_contribution,observed-comparison
bottleneck_unit,2864601_0.437:u002,curvature_parallel_expected_k,0.040760401648676635,0.0020913816204247678,0.0,5,equilibrium_files,mean_absolute_EBM_term_contribution,observed-comparison
bottleneck_unit,2864601_0.437:u002,local_shear_abs_mean,0.10409273410689927,0.004599605940716546,1.0,5,equilibrium_files,mean_absolute_EBM_term_contribution,observed-comparison
bottleneck_unit,2864601_0.437:u002,f_Q_integrand_w25_peak,0.0633740867858317,0.006845607907848687,0.2,5,equilibrium_files,mean_absolute_EBM_term_contribution,observed-comparison
bottleneck_unit,2864601_0.437:u002,geodesic_abs_w25_peak,0.03340594134664955,0.004744087799208044,0.0,5,equilibrium_files,mean_absolute_EBM_term_contribution,observed-comparison
bottleneck_unit,2864601_0.437:u003,a_over_LT,0.024352342498335573,0.004981343242897769,0.0,5,equilibrium_files,mean_absolute_EBM_term_contribution,observed-comparison
bottleneck_unit,2864601_0.437:u003,a_over_Ln,0.008423639832570313,0.0010558124049928634,0.0,5,equilibrium_files,mean_absolute_EBM_term_contribution,observed-comparison
bottleneck_unit,2864601_0.437:u003,log_f_Q,0.035985384423082675,0.00487585947120113,0.2,5,equilibrium_files,mean_absolute_EBM_term_contribution,observed-comparison
bottleneck_unit,2864601_0.437:u003,f_stab,0.06918682879962931,0.0032370923779437384,1.0,5,equilibrium_files,mean_absolute_EBM_term_contribution,observed-comparison
bottleneck_unit,2864601_0.437:u003,log_FSA_grad_x,0.03847616663216282,0.0031548519971769337,1.0,5,equilibrium_files,mean_absolute_EBM_term_contribution,observed-comparison
bottleneck_unit,2864601_0.437:u003,bad_curvature_compression,0.024861530615836753,0.004080879903584992,0.0,5,equilibrium_files,mean_absolute_EBM_term_contribution,observed-comparison
bottleneck_unit,2864601_0.437:u003,paper_bad_curvature_feature_mean_square,0.03705776311617882,0.003172032724018469,0.8,5,equilibrium_files,mean_absolute_EBM_term_contribution,observed-comparison
bottleneck_unit,2864601_0.437:u003,geodesic_curvature_abs_mean,0.03899899525142111,0.00575985894392117,0.8,5,equilibrium_files,mean_absolute_EBM_term_contribution,observed-comparison
bottleneck_unit,2864601_0.437:u003,geodesic_curvature_compression,0.025005071912327082,0.0031561858026844226,0.0,5,equilibrium_files,mean_absolute_EBM_term_contribution,observed-comparison
bottleneck_unit,2864601_0.437:u003,parallel_roughness_iqr_scaled,0.016125070500325467,0.0012230028960640053,0.0,5,equilibrium_files,mean_absolute_EBM_term_contribution,observed-comparison
bottleneck_unit,2864601_0.437:u003,cross_channel_colocation,0.034915784954065145,0.0027776821891040866,0.6,5,equilibrium_files,mean_absolute_EBM_term_contribution,observed-comparison
bottleneck_unit,2864601_0.437:u003,bmag_parallel_expected_k,0.01574413217518449,0.00432582495539983,0.0,5,equilibrium_files,mean_absolute_EBM_term_contribution,observed-comparison
bottleneck_unit,2864601_0.437:u003,compression_parallel_expected_k,0.013941079107964504,0.0008709081862827709,0.0,5,equilibrium_files,mean_absolute_EBM_term_contribution,observed-comparison
bottleneck_unit,2864601_0.437:u003,curvature_parallel_expected_k,0.025278618825924297,0.004730047021173255,0.0,5,equilibrium_files,mean_absolute_EBM_term_contribution,observed-comparison
bottleneck_unit,2864601_0.437:u003,local_shear_abs_mean,0.029244324834915403,0.0031763757139466812,0.0,5,equilibrium_files,mean_absolute_EBM_term_contribution,observed-comparison
bottleneck_unit,2864601_0.437:u003,f_Q_integrand_w25_peak,0.03392354190186411,0.0017370938044504608,0.6,5,equilibrium_files,mean_absolute_EBM_term_contribution,observed-comparison
bottleneck_unit,2864601_0.437:u003,geodesic_abs_w25_peak,0.015849292577465802,0.002902979504300048,0.0,5,equilibrium_files,mean_absolute_EBM_term_contribution,observed-comparison
bottleneck_unit,2864601_0.437:u004,a_over_LT,0.0,0.0,1.0,5,equilibrium_files,mean_absolute_EBM_term_contribution,observed-comparison
bottleneck_unit,2864601_0.437:u004,a_over_Ln,0.0,0.0,1.0,5,equilibrium_files,mean_absolute_EBM_term_contribution,observed-comparison
bottleneck_unit,2864601_0.437:u004,log_f_Q,0.0,0.0,1.0,5,equilibrium_files,mean_absolute_EBM_term_contribution,observed-comparison
bottleneck_unit,2864601_0.437:u004,f_stab,0.0,0.0,1.0,5,equilibrium_files,mean_absolute_EBM_term_contribution,observed-comparison
bottleneck_unit,2864601_0.437:u004,log_FSA_grad_x,0.0,0.0,1.0,5,equilibrium_files,mean_absolute_EBM_term_contribution,observed-comparison
bottleneck_unit,2864601_0.437:u004,bad_curvature_compression,0.0,0.0,0.0,5,equilibrium_files,mean_absolute_EBM_term_contribution,observed-comparison
bottleneck_unit,2864601_0.437:u004,paper_bad_curvature_feature_mean_square,0.0,0.0,0.0,5,equilibrium_files,mean_absolute_EBM_term_contribution,observed-comparison
bottleneck_unit,2864601_0.437:u004,geodesic_curvature_abs_mean,0.0,0.0,0.0,5,equilibrium_files,mean_absolute_EBM_term_contribution,observed-comparison
bottleneck_unit,2864601_0.437:u004,geodesic_curvature_compression,0.0,0.0,0.0,5,equilibrium_files,mean_absolute_EBM_term_contribution,observed-comparison
bottleneck_unit,2864601_0.437:u004,parallel_roughness_iqr_scaled,0.0,0.0,0.0,5,equilibrium_files,mean_absolute_EBM_term_contribution,observed-comparison
bottleneck_unit,2864601_0.437:u004,cross_channel_colocation,0.0,0.0,0.0,5,equilibrium_files,mean_absolute_EBM_term_contribution,observed-comparison
bottleneck_unit,2864601_0.437:u004,bmag_parallel_expected_k,0.0,0.0,0.0,5,equilibrium_files,mean_absolute_EBM_term_contribution,observed-comparison
bottleneck_unit,2864601_0.437:u004,compression_parallel_expected_k,0.0,0.0,0.0,5,equilibrium_files,mean_absolute_EBM_term_contribution,observed-comparison
bottleneck_unit,2864601_0.437:u004,curvature_parallel_expected_k,0.0,0.0,0.0,5,equilibrium_files,mean_absolute_EBM_term_contribution,observed-comparison
bottleneck_unit,2864601_0.437:u004,local_shear_abs_mean,0.0,0.0,0.0,5,equilibrium_files,mean_absolute_EBM_term_contribution,observed-comparison
bottleneck_unit,2864601_0.437:u004,f_Q_integrand_w25_peak,0.0,0.0,0.0,5,equilibrium_files,mean_absolute_EBM_term_contribution,observed-comparison
bottleneck_unit,2864601_0.437:u004,geodesic_abs_w25_peak,0.0,0.0,0.0,5,equilibrium_files,mean_absolute_EBM_term_contribution,observed-comparison
bottleneck_unit,2864601_0.437:u005,a_over_LT,0.021009167767347514,0.00382163357450235,0.0,5,equilibrium_files,mean_absolute_EBM_term_contribution,observed-comparison
bottleneck_unit,2864601_0.437:u005,a_over_Ln,0.012601892873581433,0.004952698278166441,0.0,5,equilibrium_files,mean_absolute_EBM_term_contribution,observed-comparison
bottleneck_unit,2864601_0.437:u005,log_f_Q,0.032742344968005266,0.004251502792308577,0.0,5,equilibrium_files,mean_absolute_EBM_term_contribution,observed-comparison
bottleneck_unit,2864601_0.437:u005,f_stab,0.1197728127460684,0.005522378220360557,1.0,5,equilibrium_files,mean_absolute_EBM_term_contribution,observed-comparison
bottleneck_unit,2864601_0.437:u005,log_FSA_grad_x,0.08021299826526174,0.006551974067685371,0.4,5,equilibrium_files,mean_absolute_EBM_term_contribution,observed-comparison
bottleneck_unit,2864601_0.437:u005,bad_curvature_compression,0.11445787096656104,0.0036404424959801144,1.0,5,equilibrium_files,mean_absolute_EBM_term_contribution,observed-comparison
bottleneck_unit,2864601_0.437:u005,paper_bad_curvature_feature_mean_square,0.043798284996104685,0.004812206646037684,0.0,5,equilibrium_files,mean_absolute_EBM_term_contribution,observed-comparison
bottleneck_unit,2864601_0.437:u005,geodesic_curvature_abs_mean,0.10106818672679237,0.0037023272189046987,1.0,5,equilibrium_files,mean_absolute_EBM_term_contribution,observed-comparison
bottleneck_unit,2864601_0.437:u005,geodesic_curvature_compression,0.061317163354878926,0.008891456292220701,0.0,5,equilibrium_files,mean_absolute_EBM_term_contribution,observed-comparison
bottleneck_unit,2864601_0.437:u005,parallel_roughness_iqr_scaled,0.013563970656484422,0.004452687679684618,0.0,5,equilibrium_files,mean_absolute_EBM_term_contribution,observed-comparison
bottleneck_unit,2864601_0.437:u005,cross_channel_colocation,0.03412805759299542,0.0033200346785975,0.0,5,equilibrium_files,mean_absolute_EBM_term_contribution,observed-comparison
bottleneck_unit,2864601_0.437:u005,bmag_parallel_expected_k,0.04339278944121779,0.0032302663192990775,0.0,5,equilibrium_files,mean_absolute_EBM_term_contribution,observed-comparison
bottleneck_unit,2864601_0.437:u005,compression_parallel_expected_k,0.04280638234138512,0.005653380245799636,0.0,5,equilibrium_files,mean_absolute_EBM_term_contribution,observed-comparison
bottleneck_unit,2864601_0.437:u005,curvature_parallel_expected_k,0.026723162040546526,0.005908732470133703,0.0,5,equilibrium_files,mean_absolute_EBM_term_contribution,observed-comparison
bottleneck_unit,2864601_0.437:u005,local_shear_abs_mean,0.08906610846588897,0.005888795515969217,0.8,5,equilibrium_files,mean_absolute_EBM_term_contribution,observed-comparison
bottleneck_unit,2864601_0.437:u005,f_Q_integrand_w25_peak,0.08891514969637578,0.004292591809084866,0.8,5,equilibrium_files,mean_absolute_EBM_term_contribution,observed-comparison
bottleneck_unit,2864601_0.437:u005,geodesic_abs_w25_peak,0.044324668499989076,0.003584355328835594,0.0,5,equilibrium_files,mean_absolute_EBM_term_contribution,observed-comparison
bottleneck_unit,2864601_0.437:u006,a_over_LT,0.011974107972908597,0.0015142702341026865,0.0,5,equilibrium_files,mean_absolute_EBM_term_contribution,observed-comparison
bottleneck_unit,2864601_0.437:u006,a_over_Ln,0.005892550258223781,0.0017635260990507943,0.0,5,equilibrium_files,mean_absolute_EBM_term_contribution,observed-comparison
bottleneck_unit,2864601_0.437:u006,log_f_Q,0.02624523206014735,0.002254546786397158,0.4,5,equilibrium_files,mean_absolute_EBM_term_contribution,observed-comparison
bottleneck_unit,2864601_0.437:u006,f_stab,0.1355033297444533,0.005771025533747586,1.0,5,equilibrium_files,mean_absolute_EBM_term_contribution,observed-comparison
bottleneck_unit,2864601_0.437:u006,log_FSA_grad_x,0.02179019700990971,0.00224747262888495,0.0,5,equilibrium_files,mean_absolute_EBM_term_contribution,observed-comparison
bottleneck_unit,2864601_0.437:u006,bad_curvature_compression,0.020824265921216865,0.0015739796501140772,0.0,5,equilibrium_files,mean_absolute_EBM_term_contribution,observed-comparison
bottleneck_unit,2864601_0.437:u006,paper_bad_curvature_feature_mean_square,0.028891322239701072,0.001893042223151053,0.8,5,equilibrium_files,mean_absolute_EBM_term_contribution,observed-comparison
bottleneck_unit,2864601_0.437:u006,geodesic_curvature_abs_mean,0.03272199427929561,0.002036292802301486,0.8,5,equilibrium_files,mean_absolute_EBM_term_contribution,observed-comparison
bottleneck_unit,2864601_0.437:u006,geodesic_curvature_compression,0.02455286006831462,0.0022676578654960543,0.0,5,equilibrium_files,mean_absolute_EBM_term_contribution,observed-comparison
bottleneck_unit,2864601_0.437:u006,parallel_roughness_iqr_scaled,0.014148403097756673,0.002107440265078727,0.0,5,equilibrium_files,mean_absolute_EBM_term_contribution,observed-comparison
bottleneck_unit,2864601_0.437:u006,cross_channel_colocation,0.032574962052739555,0.0024074068550707763,1.0,5,equilibrium_files,mean_absolute_EBM_term_contribution,observed-comparison
bottleneck_unit,2864601_0.437:u006,bmag_parallel_expected_k,0.01665999984814109,0.003450137458421545,0.0,5,equilibrium_files,mean_absolute_EBM_term_contribution,observed-comparison
bottleneck_unit,2864601_0.437:u006,compression_parallel_expected_k,0.019463476168700068,0.00369164542315492,0.0,5,equilibrium_files,mean_absolute_EBM_term_contribution,observed-comparison
bottleneck_unit,2864601_0.437:u006,curvature_parallel_expected_k,0.029280383227429117,0.0027304609550714573,0.8,5,equilibrium_files,mean_absolute_EBM_term_contribution,observed-comparison
bottleneck_unit,2864601_0.437:u006,local_shear_abs_mean,0.015224022505969048,0.0030062285236167542,0.0,5,equilibrium_files,mean_absolute_EBM_term_contribution,observed-comparison
bottleneck_unit,2864601_0.437:u006,f_Q_integrand_w25_peak,0.024843214011757816,0.004718996566656962,0.2,5,equilibrium_files,mean_absolute_EBM_term_contribution,observed-comparison
bottleneck_unit,2864601_0.437:u006,geodesic_abs_w25_peak,0.0218578021471962,0.0034661738471203946,0.0,5,equilibrium_files,mean_absolute_EBM_term_contribution,observed-comparison
bottleneck_unit,2864601_0.437:u007,a_over_LT,0.014162207465933625,0.0019151936440827719,0.0,5,equilibrium_files,mean_absolute_EBM_term_contribution,observed-comparison
bottleneck_unit,2864601_0.437:u007,a_over_Ln,0.02255820023183942,0.006557107780969348,0.0,5,equilibrium_files,mean_absolute_EBM_term_contribution,observed-comparison
bottleneck_unit,2864601_0.437:u007,log_f_Q,0.018107661476559202,0.005863269994378797,0.0,5,equilibrium_files,mean_absolute_EBM_term_contribution,observed-comparison
bottleneck_unit,2864601_0.437:u007,f_stab,0.02701736442183386,0.004814630802672531,0.0,5,equilibrium_files,mean_absolute_EBM_term_contribution,observed-comparison
bottleneck_unit,2864601_0.437:u007,log_FSA_grad_x,0.13971803832184546,0.012473996831127106,1.0,5,equilibrium_files,mean_absolute_EBM_term_contribution,observed-comparison
bottleneck_unit,2864601_0.437:u007,bad_curvature_compression,0.03964049342336112,0.0030217991761119986,0.0,5,equilibrium_files,mean_absolute_EBM_term_contribution,observed-comparison
bottleneck_unit,2864601_0.437:u007,paper_bad_curvature_feature_mean_square,0.042801192743774384,0.004586215860056468,0.0,5,equilibrium_files,mean_absolute_EBM_term_contribution,observed-comparison
bottleneck_unit,2864601_0.437:u007,geodesic_curvature_abs_mean,0.07372352487132523,0.0026654703692654685,1.0,5,equilibrium_files,mean_absolute_EBM_term_contribution,observed-comparison
bottleneck_unit,2864601_0.437:u007,geodesic_curvature_compression,0.029384631124788785,0.0022451001877661476,0.0,5,equilibrium_files,mean_absolute_EBM_term_contribution,observed-comparison
bottleneck_unit,2864601_0.437:u007,parallel_roughness_iqr_scaled,0.14813545072925885,0.007772720338638062,1.0,5,equilibrium_files,mean_absolute_EBM_term_contribution,observed-comparison
bottleneck_unit,2864601_0.437:u007,cross_channel_colocation,0.03866453067651072,0.005995584593538473,0.0,5,equilibrium_files,mean_absolute_EBM_term_contribution,observed-comparison
bottleneck_unit,2864601_0.437:u007,bmag_parallel_expected_k,0.0455680021653521,0.003835120733891693,0.0,5,equilibrium_files,mean_absolute_EBM_term_contribution,observed-comparison
bottleneck_unit,2864601_0.437:u007,compression_parallel_expected_k,0.028375773172703723,0.005462300302847601,0.0,5,equilibrium_files,mean_absolute_EBM_term_contribution,observed-comparison
bottleneck_unit,2864601_0.437:u007,curvature_parallel_expected_k,0.030984339313468067,0.004026441571709502,0.0,5,equilibrium_files,mean_absolute_EBM_term_contribution,observed-comparison
bottleneck_unit,2864601_0.437:u007,local_shear_abs_mean,0.0774965443912339,0.0055501412204291105,1.0,5,equilibrium_files,mean_absolute_EBM_term_contribution,observed-comparison
bottleneck_unit,2864601_0.437:u007,f_Q_integrand_w25_peak,0.05511158828785924,0.0031463320445518023,0.0,5,equilibrium_files,mean_absolute_EBM_term_contribution,observed-comparison
bottleneck_unit,2864601_0.437:u007,geodesic_abs_w25_peak,0.06923112966659797,0.005445169114126703,1.0,5,equilibrium_files,mean_absolute_EBM_term_contribution,observed-comparison
bottleneck_unit,2864601_0.437:u008,a_over_LT,0.01345317472337081,0.0024608946376472166,0.0,5,equilibrium_files,mean_absolute_EBM_term_contribution,observed-comparison
bottleneck_unit,2864601_0.437:u008,a_over_Ln,0.010734558955924895,0.0019797260111946145,0.0,5,equilibrium_files,mean_absolute_EBM_term_contribution,observed-comparison
bottleneck_unit,2864601_0.437:u008,log_f_Q,0.042837859281375304,0.002989328181944895,0.0,5,equilibrium_files,mean_absolute_EBM_term_contribution,observed-comparison
bottleneck_unit,2864601_0.437:u008,f_stab,0.13449851932972612,0.00837918119293605,1.0,5,equilibrium_files,mean_absolute_EBM_term_contribution,observed-comparison
bottleneck_unit,2864601_0.437:u008,log_FSA_grad_x,0.058524706588502104,0.007230205377084667,1.0,5,equilibrium_files,mean_absolute_EBM_term_contribution,observed-comparison
bottleneck_unit,2864601_0.437:u008,bad_curvature_compression,0.02034326807694829,0.0023806905889931,0.0,5,equilibrium_files,mean_absolute_EBM_term_contribution,observed-comparison
bottleneck_unit,2864601_0.437:u008,paper_bad_curvature_feature_mean_square,0.041053181264659046,0.004714687613547905,0.0,5,equilibrium_files,mean_absolute_EBM_term_contribution,observed-comparison
bottleneck_unit,2864601_0.437:u008,geodesic_curvature_abs_mean,0.029922667214371135,0.003621669027255416,0.0,5,equilibrium_files,mean_absolute_EBM_term_contribution,observed-comparison
bottleneck_unit,2864601_0.437:u008,geodesic_curvature_compression,0.04049981253986869,0.001984735052277298,0.0,5,equilibrium_files,mean_absolute_EBM_term_contribution,observed-comparison
bottleneck_unit,2864601_0.437:u008,parallel_roughness_iqr_scaled,0.055028034731325295,0.002681409648442243,1.0,5,equilibrium_files,mean_absolute_EBM_term_contribution,observed-comparison
bottleneck_unit,2864601_0.437:u008,cross_channel_colocation,0.041646115924455065,0.003250465056891787,0.0,5,equilibrium_files,mean_absolute_EBM_term_contribution,observed-comparison
bottleneck_unit,2864601_0.437:u008,bmag_parallel_expected_k,0.030687260020218814,0.00401538092487551,0.0,5,equilibrium_files,mean_absolute_EBM_term_contribution,observed-comparison
bottleneck_unit,2864601_0.437:u008,compression_parallel_expected_k,0.01788857344341644,0.0032659346358749064,0.0,5,equilibrium_files,mean_absolute_EBM_term_contribution,observed-comparison
bottleneck_unit,2864601_0.437:u008,curvature_parallel_expected_k,0.019536416310140647,0.004890632760482424,0.0,5,equilibrium_files,mean_absolute_EBM_term_contribution,observed-comparison
bottleneck_unit,2864601_0.437:u008,local_shear_abs_mean,0.15682483491843022,0.007877847416357482,1.0,5,equilibrium_files,mean_absolute_EBM_term_contribution,observed-comparison
bottleneck_unit,2864601_0.437:u008,f_Q_integrand_w25_peak,0.05717769583000557,0.005042858250008798,1.0,5,equilibrium_files,mean_absolute_EBM_term_contribution,observed-comparison
bottleneck_unit,2864601_0.437:u008,geodesic_abs_w25_peak,0.017694943937597362,0.004173608399584267,0.0,5,equilibrium_files,mean_absolute_EBM_term_contribution,observed-comparison
bottleneck_unit,2864601_0.437:u009,a_over_LT,0.013655120274318071,0.003166541912268567,0.8,5,equilibrium_files,mean_absolute_EBM_term_contribution,observed-comparison
bottleneck_unit,2864601_0.437:u009,a_over_Ln,0.008196013394156973,0.001695341067421533,0.0,5,equilibrium_files,mean_absolute_EBM_term_contribution,observed-comparison
bottleneck_unit,2864601_0.437:u009,log_f_Q,0.009147812263805344,0.001363380353238101,0.0,5,equilibrium_files,mean_absolute_EBM_term_contribution,observed-comparison
bottleneck_unit,2864601_0.437:u009,f_stab,0.013001544834444195,0.0015904971925962375,0.8,5,equilibrium_files,mean_absolute_EBM_term_contribution,observed-comparison
bottleneck_unit,2864601_0.437:u009,log_FSA_grad_x,0.01393605055636019,0.0016416627268089892,0.8,5,equilibrium_files,mean_absolute_EBM_term_contribution,observed-comparison
bottleneck_unit,2864601_0.437:u009,bad_curvature_compression,0.0030975406693923486,0.0004126126198235017,0.0,5,equilibrium_files,mean_absolute_EBM_term_contribution,observed-comparison
bottleneck_unit,2864601_0.437:u009,paper_bad_curvature_feature_mean_square,0.004376905546300989,0.0011903146677918167,0.0,5,equilibrium_files,mean_absolute_EBM_term_contribution,observed-comparison
bottleneck_unit,2864601_0.437:u009,geodesic_curvature_abs_mean,0.009914140370986698,0.001007545563757368,0.0,5,equilibrium_files,mean_absolute_EBM_term_contribution,observed-comparison
bottleneck_unit,2864601_0.437:u009,geodesic_curvature_compression,0.009219322528058207,0.0013176549079884365,0.0,5,equilibrium_files,mean_absolute_EBM_term_contribution,observed-comparison
bottleneck_unit,2864601_0.437:u009,parallel_roughness_iqr_scaled,0.015057971590246596,0.0032575848313625326,0.6,5,equilibrium_files,mean_absolute_EBM_term_contribution,observed-comparison
bottleneck_unit,2864601_0.437:u009,cross_channel_colocation,0.004710607559330721,0.000555307046600141,0.0,5,equilibrium_files,mean_absolute_EBM_term_contribution,observed-comparison
bottleneck_unit,2864601_0.437:u009,bmag_parallel_expected_k,0.004876019799613724,0.001202576258409105,0.0,5,equilibrium_files,mean_absolute_EBM_term_contribution,observed-comparison
bottleneck_unit,2864601_0.437:u009,compression_parallel_expected_k,0.013605551292593892,0.001515584705066281,0.6,5,equilibrium_files,mean_absolute_EBM_term_contribution,observed-comparison
bottleneck_unit,2864601_0.437:u009,curvature_parallel_expected_k,0.00397350996784828,0.0031144653973165398,0.0,5,equilibrium_files,mean_absolute_EBM_term_contribution,observed-comparison
bottleneck_unit,2864601_0.437:u009,local_shear_abs_mean,0.01749974171068751,0.0021460133379023975,1.0,5,equilibrium_files,mean_absolute_EBM_term_contribution,observed-comparison
bottleneck_unit,2864601_0.437:u009,f_Q_integrand_w25_peak,0.009769603742543029,0.0013832123942977184,0.0,5,equilibrium_files,mean_absolute_EBM_term_contribution,observed-comparison
bottleneck_unit,2864601_0.437:u009,geodesic_abs_w25_peak,0.012152771049990364,0.0020524562161513176,0.4,5,equilibrium_files,mean_absolute_EBM_term_contribution,observed-comparison
bottleneck_unit,2864601_0.371:u000,a_over_LT,0.04544200660802729,0.007460663240334591,0.0,5,equilibrium_files,mean_absolute_EBM_term_contribution,observed-comparison
bottleneck_unit,2864601_0.371:u000,a_over_Ln,0.04810780614181066,0.012703191889374544,0.0,5,equilibrium_files,mean_absolute_EBM_term_contribution,observed-comparison
bottleneck_unit,2864601_0.371:u000,log_f_Q,0.042577998776445004,0.006701660848711695,0.0,5,equilibrium_files,mean_absolute_EBM_term_contribution,observed-comparison
bottleneck_unit,2864601_0.371:u000,f_stab,0.39545904821983296,0.022508115419291666,1.0,5,equilibrium_files,mean_absolute_EBM_term_contribution,observed-comparison
bottleneck_unit,2864601_0.371:u000,log_FSA_grad_x,0.13151268503683,0.029405898801966684,0.2,5,equilibrium_files,mean_absolute_EBM_term_contribution,observed-comparison
bottleneck_unit,2864601_0.371:u000,bad_curvature_compression,0.18221183372419203,0.014803814083837678,0.8,5,equilibrium_files,mean_absolute_EBM_term_contribution,observed-comparison
bottleneck_unit,2864601_0.371:u000,paper_bad_curvature_feature_mean_square,0.12240316053673576,0.018805465144302258,0.0,5,equilibrium_files,mean_absolute_EBM_term_contribution,observed-comparison
bottleneck_unit,2864601_0.371:u000,geodesic_curvature_abs_mean,0.42085553257057207,0.02058070484257392,1.0,5,equilibrium_files,mean_absolute_EBM_term_contribution,observed-comparison
bottleneck_unit,2864601_0.371:u000,geodesic_curvature_compression,0.14479540028062374,0.021719881408888333,0.2,5,equilibrium_files,mean_absolute_EBM_term_contribution,observed-comparison
bottleneck_unit,2864601_0.371:u000,parallel_roughness_iqr_scaled,0.08111257026949163,0.014357066316965103,0.0,5,equilibrium_files,mean_absolute_EBM_term_contribution,observed-comparison
bottleneck_unit,2864601_0.371:u000,cross_channel_colocation,0.05365995094586022,0.008912868118469258,0.0,5,equilibrium_files,mean_absolute_EBM_term_contribution,observed-comparison
bottleneck_unit,2864601_0.371:u000,bmag_parallel_expected_k,0.0924662560616926,0.01692435815949258,0.0,5,equilibrium_files,mean_absolute_EBM_term_contribution,observed-comparison
bottleneck_unit,2864601_0.371:u000,compression_parallel_expected_k,0.09385777924950416,0.018163160045860487,0.0,5,equilibrium_files,mean_absolute_EBM_term_contribution,observed-comparison
bottleneck_unit,2864601_0.371:u000,curvature_parallel_expected_k,0.16062676579779767,0.020092220682085264,0.4,5,equilibrium_files,mean_absolute_EBM_term_contribution,observed-comparison
bottleneck_unit,2864601_0.371:u000,local_shear_abs_mean,0.17055813427013,0.010894779038977053,0.4,5,equilibrium_files,mean_absolute_EBM_term_contribution,observed-comparison
bottleneck_unit,2864601_0.371:u000,f_Q_integrand_w25_peak,0.13073329778767578,0.011697964954074786,0.0,5,equilibrium_files,mean_absolute_EBM_term_contribution,observed-comparison
bottleneck_unit,2864601_0.371:u000,geodesic_abs_w25_peak,0.2349416993541781,0.015970755668461022,1.0,5,equilibrium_files,mean_absolute_EBM_term_contribution,observed-comparison
bottleneck_unit,2864601_0.371:u001,a_over_LT,0.0010033006819707955,0.0002276220140328567,0.0,5,equilibrium_files,mean_absolute_EBM_term_contribution,observed-comparison
bottleneck_unit,2864601_0.371:u001,a_over_Ln,0.0015051893761676503,0.0004734224146980299,0.0,5,equilibrium_files,mean_absolute_EBM_term_contribution,observed-comparison
bottleneck_unit,2864601_0.371:u001,log_f_Q,0.0013694381730459503,0.0005408680178977,0.0,5,equilibrium_files,mean_absolute_EBM_term_contribution,observed-comparison
bottleneck_unit,2864601_0.371:u001,f_stab,0.00601850741848448,0.001252287859777653,1.0,5,equilibrium_files,mean_absolute_EBM_term_contribution,observed-comparison
bottleneck_unit,2864601_0.371:u001,log_FSA_grad_x,0.003841250947779454,0.001301241840362813,0.8,5,equilibrium_files,mean_absolute_EBM_term_contribution,observed-comparison
bottleneck_unit,2864601_0.371:u001,bad_curvature_compression,0.0037571889849956366,0.0009267136135683705,0.8,5,equilibrium_files,mean_absolute_EBM_term_contribution,observed-comparison
bottleneck_unit,2864601_0.371:u001,paper_bad_curvature_feature_mean_square,0.0016827899730637373,0.000627049968202269,0.0,5,equilibrium_files,mean_absolute_EBM_term_contribution,observed-comparison
bottleneck_unit,2864601_0.371:u001,geodesic_curvature_abs_mean,0.001464413925363811,0.0002860358973287028,0.0,5,equilibrium_files,mean_absolute_EBM_term_contribution,observed-comparison
bottleneck_unit,2864601_0.371:u001,geodesic_curvature_compression,0.004740263768407995,0.0009940013022268273,1.0,5,equilibrium_files,mean_absolute_EBM_term_contribution,observed-comparison
bottleneck_unit,2864601_0.371:u001,parallel_roughness_iqr_scaled,0.0010209612889404886,0.00020213286361933842,0.0,5,equilibrium_files,mean_absolute_EBM_term_contribution,observed-comparison
bottleneck_unit,2864601_0.371:u001,cross_channel_colocation,0.0028797031104872296,0.0010006188824654284,0.2,5,equilibrium_files,mean_absolute_EBM_term_contribution,observed-comparison
bottleneck_unit,2864601_0.371:u001,bmag_parallel_expected_k,0.0014743457384368047,0.00022758084723805566,0.0,5,equilibrium_files,mean_absolute_EBM_term_contribution,observed-comparison
bottleneck_unit,2864601_0.371:u001,compression_parallel_expected_k,0.0013152533660582355,0.0004373029221573358,0.0,5,equilibrium_files,mean_absolute_EBM_term_contribution,observed-comparison
bottleneck_unit,2864601_0.371:u001,curvature_parallel_expected_k,0.0015915635490028365,0.0003827659687495873,0.0,5,equilibrium_files,mean_absolute_EBM_term_contribution,observed-comparison
bottleneck_unit,2864601_0.371:u001,local_shear_abs_mean,0.0018634762966697796,0.00044836859353782185,0.2,5,equilibrium_files,mean_absolute_EBM_term_contribution,observed-comparison
bottleneck_unit,2864601_0.371:u001,f_Q_integrand_w25_peak,0.003119426366374146,0.0005708820087738521,0.4,5,equilibrium_files,mean_absolute_EBM_term_contribution,observed-comparison
bottleneck_unit,2864601_0.371:u001,geodesic_abs_w25_peak,0.003253454832448953,0.0004541288327159605,0.6,5,equilibrium_files,mean_absolute_EBM_term_contribution,observed-comparison
bottleneck_unit,2864601_0.371:u002,a_over_LT,0.014336889773423905,0.0033760381107422487,0.0,5,equilibrium_files,mean_absolute_EBM_term_contribution,observed-comparison
bottleneck_unit,2864601_0.371:u002,a_over_Ln,0.007124241096441693,0.0016470673417986591,0.0,5,equilibrium_files,mean_absolute_EBM_term_contribution,observed-comparison
bottleneck_unit,2864601_0.371:u002,log_f_Q,0.01016747927108998,0.002326220919523916,0.0,5,equilibrium_files,mean_absolute_EBM_term_contribution,observed-comparison
bottleneck_unit,2864601_0.371:u002,f_stab,0.03737737913370204,0.006903910572407969,1.0,5,equilibrium_files,mean_absolute_EBM_term_contribution,observed-comparison
bottleneck_unit,2864601_0.371:u002,log_FSA_grad_x,0.03712932397425698,0.007421104959257245,1.0,5,equilibrium_files,mean_absolute_EBM_term_contribution,observed-comparison
bottleneck_unit,2864601_0.371:u002,bad_curvature_compression,0.02017634667832628,0.003163315594319708,0.0,5,equilibrium_files,mean_absolute_EBM_term_contribution,observed-comparison
bottleneck_unit,2864601_0.371:u002,paper_bad_curvature_feature_mean_square,0.008247698582305835,0.0012981547191579504,0.0,5,equilibrium_files,mean_absolute_EBM_term_contribution,observed-comparison
bottleneck_unit,2864601_0.371:u002,geodesic_curvature_abs_mean,0.013061248317019552,0.004009197674435988,0.0,5,equilibrium_files,mean_absolute_EBM_term_contribution,observed-comparison
bottleneck_unit,2864601_0.371:u002,geodesic_curvature_compression,0.02924267883871879,0.005190717491152474,0.4,5,equilibrium_files,mean_absolute_EBM_term_contribution,observed-comparison
bottleneck_unit,2864601_0.371:u002,parallel_roughness_iqr_scaled,0.010005949625110842,0.0019112474660896387,0.0,5,equilibrium_files,mean_absolute_EBM_term_contribution,observed-comparison
bottleneck_unit,2864601_0.371:u002,cross_channel_colocation,0.015577931505503375,0.0032593922005317985,0.0,5,equilibrium_files,mean_absolute_EBM_term_contribution,observed-comparison
bottleneck_unit,2864601_0.371:u002,bmag_parallel_expected_k,0.02686721317390352,0.003226879101257306,0.4,5,equilibrium_files,mean_absolute_EBM_term_contribution,observed-comparison
bottleneck_unit,2864601_0.371:u002,compression_parallel_expected_k,0.034041966339472575,0.004837104333064454,1.0,5,equilibrium_files,mean_absolute_EBM_term_contribution,observed-comparison
bottleneck_unit,2864601_0.371:u002,curvature_parallel_expected_k,0.013086831070756217,0.003967378990288081,0.0,5,equilibrium_files,mean_absolute_EBM_term_contribution,observed-comparison
bottleneck_unit,2864601_0.371:u002,local_shear_abs_mean,0.025153051774062806,0.004451308254947159,0.2,5,equilibrium_files,mean_absolute_EBM_term_contribution,observed-comparison
bottleneck_unit,2864601_0.371:u002,f_Q_integrand_w25_peak,0.042791362675955916,0.005307248430752486,1.0,5,equilibrium_files,mean_absolute_EBM_term_contribution,observed-comparison
bottleneck_unit,2864601_0.371:u002,geodesic_abs_w25_peak,0.009483500027291005,0.0026635528433039354,0.0,5,equilibrium_files,mean_absolute_EBM_term_contribution,observed-comparison
bottleneck_unit,2864601_0.371:u003,a_over_LT,0.028212570882281802,0.007381879490836649,0.0,5,equilibrium_files,mean_absolute_EBM_term_contribution,observed-comparison
bottleneck_unit,2864601_0.371:u003,a_over_Ln,0.018119085497298557,0.0064186917041016795,0.0,5,equilibrium_files,mean_absolute_EBM_term_contribution,observed-comparison
bottleneck_unit,2864601_0.371:u003,log_f_Q,0.046982365794221846,0.00458650183113385,0.0,5,equilibrium_files,mean_absolute_EBM_term_contribution,observed-comparison
bottleneck_unit,2864601_0.371:u003,f_stab,0.27794094802673663,0.010244002165122248,1.0,5,equilibrium_files,mean_absolute_EBM_term_contribution,observed-comparison
bottleneck_unit,2864601_0.371:u003,log_FSA_grad_x,0.05399203478570769,0.0149876155908837,0.4,5,equilibrium_files,mean_absolute_EBM_term_contribution,observed-comparison
bottleneck_unit,2864601_0.371:u003,bad_curvature_compression,0.051054228126350965,0.0017083423713461245,0.2,5,equilibrium_files,mean_absolute_EBM_term_contribution,observed-comparison
bottleneck_unit,2864601_0.371:u003,paper_bad_curvature_feature_mean_square,0.05523937603987565,0.004817095710355034,0.4,5,equilibrium_files,mean_absolute_EBM_term_contribution,observed-comparison
bottleneck_unit,2864601_0.371:u003,geodesic_curvature_abs_mean,0.09870299773906624,0.009244804739848634,1.0,5,equilibrium_files,mean_absolute_EBM_term_contribution,observed-comparison
bottleneck_unit,2864601_0.371:u003,geodesic_curvature_compression,0.048593899189646204,0.004622267332043765,0.2,5,equilibrium_files,mean_absolute_EBM_term_contribution,observed-comparison
bottleneck_unit,2864601_0.371:u003,parallel_roughness_iqr_scaled,0.05300616430189585,0.012841102279630888,0.2,5,equilibrium_files,mean_absolute_EBM_term_contribution,observed-comparison
bottleneck_unit,2864601_0.371:u003,cross_channel_colocation,0.05795559324234517,0.005500118146226301,0.6,5,equilibrium_files,mean_absolute_EBM_term_contribution,observed-comparison
bottleneck_unit,2864601_0.371:u003,bmag_parallel_expected_k,0.026822166445368,0.005471433607946911,0.0,5,equilibrium_files,mean_absolute_EBM_term_contribution,observed-comparison
bottleneck_unit,2864601_0.371:u003,compression_parallel_expected_k,0.019192721614593282,0.007465336740283474,0.0,5,equilibrium_files,mean_absolute_EBM_term_contribution,observed-comparison
bottleneck_unit,2864601_0.371:u003,curvature_parallel_expected_k,0.03638125989757649,0.002574155396068721,0.0,5,equilibrium_files,mean_absolute_EBM_term_contribution,observed-comparison
bottleneck_unit,2864601_0.371:u003,local_shear_abs_mean,0.018861917820273195,0.0029183043098727117,0.0,5,equilibrium_files,mean_absolute_EBM_term_contribution,observed-comparison
bottleneck_unit,2864601_0.371:u003,f_Q_integrand_w25_peak,0.04205814057588428,0.006050328886076455,0.2,5,equilibrium_files,mean_absolute_EBM_term_contribution,observed-comparison
bottleneck_unit,2864601_0.371:u003,geodesic_abs_w25_peak,0.06619695093408451,0.016432367614993403,0.8,5,equilibrium_files,mean_absolute_EBM_term_contribution,observed-comparison
bottleneck_unit,2864601_0.371:u004,a_over_LT,0.08563053437169832,0.006491012644173376,0.0,5,equilibrium_files,mean_absolute_EBM_term_contribution,observed-comparison
bottleneck_unit,2864601_0.371:u004,a_over_Ln,0.04024457965160223,0.012486739878682328,0.0,5,equilibrium_files,mean_absolute_EBM_term_contribution,observed-comparison
bottleneck_unit,2864601_0.371:u004,log_f_Q,0.11496202573891297,0.011764322300712953,0.8,5,equilibrium_files,mean_absolute_EBM_term_contribution,observed-comparison
bottleneck_unit,2864601_0.371:u004,f_stab,0.19735509456022496,0.01777083797907799,1.0,5,equilibrium_files,mean_absolute_EBM_term_contribution,observed-comparison
bottleneck_unit,2864601_0.371:u004,log_FSA_grad_x,0.14718596407872545,0.0080704942491107,1.0,5,equilibrium_files,mean_absolute_EBM_term_contribution,observed-comparison
bottleneck_unit,2864601_0.371:u004,bad_curvature_compression,0.06206614848662327,0.015742691834440777,0.0,5,equilibrium_files,mean_absolute_EBM_term_contribution,observed-comparison
bottleneck_unit,2864601_0.371:u004,paper_bad_curvature_feature_mean_square,0.08651431351548804,0.009481515378862961,0.0,5,equilibrium_files,mean_absolute_EBM_term_contribution,observed-comparison
bottleneck_unit,2864601_0.371:u004,geodesic_curvature_abs_mean,0.10178922448508772,0.005650994122980491,0.4,5,equilibrium_files,mean_absolute_EBM_term_contribution,observed-comparison
bottleneck_unit,2864601_0.371:u004,geodesic_curvature_compression,0.07745889994528272,0.00655869302562482,0.0,5,equilibrium_files,mean_absolute_EBM_term_contribution,observed-comparison
bottleneck_unit,2864601_0.371:u004,parallel_roughness_iqr_scaled,0.0772043173962725,0.010278293919396393,0.0,5,equilibrium_files,mean_absolute_EBM_term_contribution,observed-comparison
bottleneck_unit,2864601_0.371:u004,cross_channel_colocation,0.08294061145793158,0.01278801307361783,0.0,5,equilibrium_files,mean_absolute_EBM_term_contribution,observed-comparison
bottleneck_unit,2864601_0.371:u004,bmag_parallel_expected_k,0.061157399066561126,0.014428876714456154,0.0,5,equilibrium_files,mean_absolute_EBM_term_contribution,observed-comparison
bottleneck_unit,2864601_0.371:u004,compression_parallel_expected_k,0.03655179227089299,0.008670197704232102,0.0,5,equilibrium_files,mean_absolute_EBM_term_contribution,observed-comparison
bottleneck_unit,2864601_0.371:u004,curvature_parallel_expected_k,0.061724109920373825,0.004746758780321941,0.0,5,equilibrium_files,mean_absolute_EBM_term_contribution,observed-comparison
bottleneck_unit,2864601_0.371:u004,local_shear_abs_mean,0.13465131609686495,0.01358423984774773,1.0,5,equilibrium_files,mean_absolute_EBM_term_contribution,observed-comparison
bottleneck_unit,2864601_0.371:u004,f_Q_integrand_w25_peak,0.12483056685122988,0.01764999305101911,0.8,5,equilibrium_files,mean_absolute_EBM_term_contribution,observed-comparison
bottleneck_unit,2864601_0.371:u004,geodesic_abs_w25_peak,0.05750205759365272,0.00789619040693234,0.0,5,equilibrium_files,mean_absolute_EBM_term_contribution,observed-comparison
bottleneck_unit,2864601_0.371:u005,a_over_LT,0.031548318252755544,0.006536985226010537,0.0,5,equilibrium_files,mean_absolute_EBM_term_contribution,observed-comparison
bottleneck_unit,2864601_0.371:u005,a_over_Ln,0.03433120790177058,0.0038291673609389992,0.0,5,equilibrium_files,mean_absolute_EBM_term_contribution,observed-comparison
bottleneck_unit,2864601_0.371:u005,log_f_Q,0.03244951520635319,0.0038843860874265656,0.0,5,equilibrium_files,mean_absolute_EBM_term_contribution,observed-comparison
bottleneck_unit,2864601_0.371:u005,f_stab,0.12677103637219372,0.011977065352958631,1.0,5,equilibrium_files,mean_absolute_EBM_term_contribution,observed-comparison
bottleneck_unit,2864601_0.371:u005,log_FSA_grad_x,0.0691567842235593,0.006626220611840058,0.0,5,equilibrium_files,mean_absolute_EBM_term_contribution,observed-comparison
bottleneck_unit,2864601_0.371:u005,bad_curvature_compression,0.13876912496107377,0.017007276313790093,1.0,5,equilibrium_files,mean_absolute_EBM_term_contribution,observed-comparison
bottleneck_unit,2864601_0.371:u005,paper_bad_curvature_feature_mean_square,0.059136141609506906,0.004274128462784022,0.0,5,equilibrium_files,mean_absolute_EBM_term_contribution,observed-comparison
bottleneck_unit,2864601_0.371:u005,geodesic_curvature_abs_mean,0.20501790322902375,0.010973933752744646,1.0,5,equilibrium_files,mean_absolute_EBM_term_contribution,observed-comparison
bottleneck_unit,2864601_0.371:u005,geodesic_curvature_compression,0.08437118598972697,0.017483997694571946,0.4,5,equilibrium_files,mean_absolute_EBM_term_contribution,observed-comparison
bottleneck_unit,2864601_0.371:u005,parallel_roughness_iqr_scaled,0.030919605238443566,0.004353201495642293,0.0,5,equilibrium_files,mean_absolute_EBM_term_contribution,observed-comparison
bottleneck_unit,2864601_0.371:u005,cross_channel_colocation,0.030813714993068786,0.010509114782699468,0.0,5,equilibrium_files,mean_absolute_EBM_term_contribution,observed-comparison
bottleneck_unit,2864601_0.371:u005,bmag_parallel_expected_k,0.06304847432862892,0.006177934668470946,0.0,5,equilibrium_files,mean_absolute_EBM_term_contribution,observed-comparison
bottleneck_unit,2864601_0.371:u005,compression_parallel_expected_k,0.06206200741428388,0.009371248177163097,0.0,5,equilibrium_files,mean_absolute_EBM_term_contribution,observed-comparison
bottleneck_unit,2864601_0.371:u005,curvature_parallel_expected_k,0.08723398445883482,0.007580913804319105,0.6,5,equilibrium_files,mean_absolute_EBM_term_contribution,observed-comparison
bottleneck_unit,2864601_0.371:u005,local_shear_abs_mean,0.06651868519540381,0.01356895553732595,0.0,5,equilibrium_files,mean_absolute_EBM_term_contribution,observed-comparison
bottleneck_unit,2864601_0.371:u005,f_Q_integrand_w25_peak,0.023588366039002058,0.006446694448647275,0.0,5,equilibrium_files,mean_absolute_EBM_term_contribution,observed-comparison
bottleneck_unit,2864601_0.371:u005,geodesic_abs_w25_peak,0.12769816596672343,0.0094471050564096,1.0,5,equilibrium_files,mean_absolute_EBM_term_contribution,observed-comparison
bottleneck_unit,2864601_0.371:u006,a_over_LT,0.0,0.0,1.0,5,equilibrium_files,mean_absolute_EBM_term_contribution,observed-comparison
bottleneck_unit,2864601_0.371:u006,a_over_Ln,0.0,0.0,1.0,5,equilibrium_files,mean_absolute_EBM_term_contribution,observed-comparison
bottleneck_unit,2864601_0.371:u006,log_f_Q,0.0,0.0,1.0,5,equilibrium_files,mean_absolute_EBM_term_contribution,observed-comparison
bottleneck_unit,2864601_0.371:u006,f_stab,0.0,0.0,1.0,5,equilibrium_files,mean_absolute_EBM_term_contribution,observed-comparison
bottleneck_unit,2864601_0.371:u006,log_FSA_grad_x,0.0,0.0,1.0,5,equilibrium_files,mean_absolute_EBM_term_contribution,observed-comparison
bottleneck_unit,2864601_0.371:u006,bad_curvature_compression,0.0,0.0,0.0,5,equilibrium_files,mean_absolute_EBM_term_contribution,observed-comparison
bottleneck_unit,2864601_0.371:u006,paper_bad_curvature_feature_mean_square,0.0,0.0,0.0,5,equilibrium_files,mean_absolute_EBM_term_contribution,observed-comparison
bottleneck_unit,2864601_0.371:u006,geodesic_curvature_abs_mean,0.0,0.0,0.0,5,equilibrium_files,mean_absolute_EBM_term_contribution,observed-comparison
bottleneck_unit,2864601_0.371:u006,geodesic_curvature_compression,0.0,0.0,0.0,5,equilibrium_files,mean_absolute_EBM_term_contribution,observed-comparison
bottleneck_unit,2864601_0.371:u006,parallel_roughness_iqr_scaled,0.0,0.0,0.0,5,equilibrium_files,mean_absolute_EBM_term_contribution,observed-comparison
bottleneck_unit,2864601_0.371:u006,cross_channel_colocation,0.0,0.0,0.0,5,equilibrium_files,mean_absolute_EBM_term_contribution,observed-comparison
bottleneck_unit,2864601_0.371:u006,bmag_parallel_expected_k,0.0,0.0,0.0,5,equilibrium_files,mean_absolute_EBM_term_contribution,observed-comparison
bottleneck_unit,2864601_0.371:u006,compression_parallel_expected_k,0.0,0.0,0.0,5,equilibrium_files,mean_absolute_EBM_term_contribution,observed-comparison
bottleneck_unit,2864601_0.371:u006,curvature_parallel_expected_k,0.0,0.0,0.0,5,equilibrium_files,mean_absolute_EBM_term_contribution,observed-comparison
bottleneck_unit,2864601_0.371:u006,local_shear_abs_mean,0.0,0.0,0.0,5,equilibrium_files,mean_absolute_EBM_term_contribution,observed-comparison
bottleneck_unit,2864601_0.371:u006,f_Q_integrand_w25_peak,0.0,0.0,0.0,5,equilibrium_files,mean_absolute_EBM_term_contribution,observed-comparison
bottleneck_unit,2864601_0.371:u006,geodesic_abs_w25_peak,0.0,0.0,0.0,5,equilibrium_files,mean_absolute_EBM_term_contribution,observed-comparison
bottleneck_unit,2864601_0.371:u007,a_over_LT,0.0,0.0,1.0,5,equilibrium_files,mean_absolute_EBM_term_contribution,observed-comparison
bottleneck_unit,2864601_0.371:u007,a_over_Ln,0.0,0.0,1.0,5,equilibrium_files,mean_absolute_EBM_term_contribution,observed-comparison
bottleneck_unit,2864601_0.371:u007,log_f_Q,0.0,0.0,1.0,5,equilibrium_files,mean_absolute_EBM_term_contribution,observed-comparison
bottleneck_unit,2864601_0.371:u007,f_stab,0.0,0.0,1.0,5,equilibrium_files,mean_absolute_EBM_term_contribution,observed-comparison
bottleneck_unit,2864601_0.371:u007,log_FSA_grad_x,0.0,0.0,1.0,5,equilibrium_files,mean_absolute_EBM_term_contribution,observed-comparison
bottleneck_unit,2864601_0.371:u007,bad_curvature_compression,0.0,0.0,0.0,5,equilibrium_files,mean_absolute_EBM_term_contribution,observed-comparison
bottleneck_unit,2864601_0.371:u007,paper_bad_curvature_feature_mean_square,0.0,0.0,0.0,5,equilibrium_files,mean_absolute_EBM_term_contribution,observed-comparison
bottleneck_unit,2864601_0.371:u007,geodesic_curvature_abs_mean,0.0,0.0,0.0,5,equilibrium_files,mean_absolute_EBM_term_contribution,observed-comparison
bottleneck_unit,2864601_0.371:u007,geodesic_curvature_compression,0.0,0.0,0.0,5,equilibrium_files,mean_absolute_EBM_term_contribution,observed-comparison
bottleneck_unit,2864601_0.371:u007,parallel_roughness_iqr_scaled,0.0,0.0,0.0,5,equilibrium_files,mean_absolute_EBM_term_contribution,observed-comparison
bottleneck_unit,2864601_0.371:u007,cross_channel_colocation,0.0,0.0,0.0,5,equilibrium_files,mean_absolute_EBM_term_contribution,observed-comparison
bottleneck_unit,2864601_0.371:u007,bmag_parallel_expected_k,0.0,0.0,0.0,5,equilibrium_files,mean_absolute_EBM_term_contribution,observed-comparison
bottleneck_unit,2864601_0.371:u007,compression_parallel_expected_k,0.0,0.0,0.0,5,equilibrium_files,mean_absolute_EBM_term_contribution,observed-comparison
bottleneck_unit,2864601_0.371:u007,curvature_parallel_expected_k,0.0,0.0,0.0,5,equilibrium_files,mean_absolute_EBM_term_contribution,observed-comparison
bottleneck_unit,2864601_0.371:u007,local_shear_abs_mean,0.0,0.0,0.0,5,equilibrium_files,mean_absolute_EBM_term_contribution,observed-comparison
bottleneck_unit,2864601_0.371:u007,f_Q_integrand_w25_peak,0.0,0.0,0.0,5,equilibrium_files,mean_absolute_EBM_term_contribution,observed-comparison
bottleneck_unit,2864601_0.371:u007,geodesic_abs_w25_peak,0.0,0.0,0.0,5,equilibrium_files,mean_absolute_EBM_term_contribution,observed-comparison
bottleneck_unit,2864601_0.371:u008,a_over_LT,0.001030348817271927,0.0005340918673892777,0.0,5,equilibrium_files,mean_absolute_EBM_term_contribution,observed-comparison
bottleneck_unit,2864601_0.371:u008,a_over_Ln,0.002198025796450111,0.0008163235516446691,0.2,5,equilibrium_files,mean_absolute_EBM_term_contribution,observed-comparison
bottleneck_unit,2864601_0.371:u008,log_f_Q,0.0010243586498918452,0.00043950889763453834,0.0,5,equilibrium_files,mean_absolute_EBM_term_contribution,observed-comparison
bottleneck_unit,2864601_0.371:u008,f_stab,0.0031914931493823287,0.0014739917662463218,0.8,5,equilibrium_files,mean_absolute_EBM_term_contribution,observed-comparison
bottleneck_unit,2864601_0.371:u008,log_FSA_grad_x,0.005449322982981384,0.001987001380357641,1.0,5,equilibrium_files,mean_absolute_EBM_term_contribution,observed-comparison
bottleneck_unit,2864601_0.371:u008,bad_curvature_compression,0.0033582542184543047,0.0013462846080063737,0.8,5,equilibrium_files,mean_absolute_EBM_term_contribution,observed-comparison
bottleneck_unit,2864601_0.371:u008,paper_bad_curvature_feature_mean_square,0.0018172160833532405,0.0007062434817529076,0.0,5,equilibrium_files,mean_absolute_EBM_term_contribution,observed-comparison
bottleneck_unit,2864601_0.371:u008,geodesic_curvature_abs_mean,0.001521545337853196,0.00038358726096639586,0.2,5,equilibrium_files,mean_absolute_EBM_term_contribution,observed-comparison
bottleneck_unit,2864601_0.371:u008,geodesic_curvature_compression,0.0014763473269409732,0.00024299838515999715,0.0,5,equilibrium_files,mean_absolute_EBM_term_contribution,observed-comparison
bottleneck_unit,2864601_0.371:u008,parallel_roughness_iqr_scaled,0.001690817332575176,0.000659147784227515,0.0,5,equilibrium_files,mean_absolute_EBM_term_contribution,observed-comparison
bottleneck_unit,2864601_0.371:u008,cross_channel_colocation,0.0025970864608612374,0.0010093077716022863,0.8,5,equilibrium_files,mean_absolute_EBM_term_contribution,observed-comparison
bottleneck_unit,2864601_0.371:u008,bmag_parallel_expected_k,0.0016057268747139072,0.0005981876424601342,0.0,5,equilibrium_files,mean_absolute_EBM_term_contribution,observed-comparison
bottleneck_unit,2864601_0.371:u008,compression_parallel_expected_k,0.0032266174275094144,0.0009682888982741948,1.0,5,equilibrium_files,mean_absolute_EBM_term_contribution,observed-comparison
bottleneck_unit,2864601_0.371:u008,curvature_parallel_expected_k,0.000948912213130988,0.00022968084078837567,0.0,5,equilibrium_files,mean_absolute_EBM_term_contribution,observed-comparison
bottleneck_unit,2864601_0.371:u008,local_shear_abs_mean,0.001708431412143846,0.0006091619575465345,0.0,5,equilibrium_files,mean_absolute_EBM_term_contribution,observed-comparison
bottleneck_unit,2864601_0.371:u008,f_Q_integrand_w25_peak,0.0016058771802892565,0.0005582229944626046,0.0,5,equilibrium_files,mean_absolute_EBM_term_contribution,observed-comparison
bottleneck_unit,2864601_0.371:u008,geodesic_abs_w25_peak,0.0016373184011466535,0.00037664597053009303,0.2,5,equilibrium_files,mean_absolute_EBM_term_contribution,observed-comparison
bottleneck_unit,2864601_0.371:u009,a_over_LT,0.02043762320627892,0.0028308023369503633,0.0,5,equilibrium_files,mean_absolute_EBM_term_contribution,observed-comparison
bottleneck_unit,2864601_0.371:u009,a_over_Ln,0.017294968229245034,0.00646093096503519,0.0,5,equilibrium_files,mean_absolute_EBM_term_contribution,observed-comparison
bottleneck_unit,2864601_0.371:u009,log_f_Q,0.00785119276225946,0.003225254947189022,0.0,5,equilibrium_files,mean_absolute_EBM_term_contribution,observed-comparison
bottleneck_unit,2864601_0.371:u009,f_stab,0.049854906537054815,0.006817362545550662,0.6,5,equilibrium_files,mean_absolute_EBM_term_contribution,observed-comparison
bottleneck_unit,2864601_0.371:u009,log_FSA_grad_x,0.020980195717387913,0.0027651388729625433,0.0,5,equilibrium_files,mean_absolute_EBM_term_contribution,observed-comparison
bottleneck_unit,2864601_0.371:u009,bad_curvature_compression,0.056580461317587497,0.010566107823704268,1.0,5,equilibrium_files,mean_absolute_EBM_term_contribution,observed-comparison
bottleneck_unit,2864601_0.371:u009,paper_bad_curvature_feature_mean_square,0.032089575682136204,0.005052257392930427,0.0,5,equilibrium_files,mean_absolute_EBM_term_contribution,observed-comparison
bottleneck_unit,2864601_0.371:u009,geodesic_curvature_abs_mean,0.018609631511406637,0.0037138287903496856,0.0,5,equilibrium_files,mean_absolute_EBM_term_contribution,observed-comparison
bottleneck_unit,2864601_0.371:u009,geodesic_curvature_compression,0.05937687621442177,0.00855397347229041,1.0,5,equilibrium_files,mean_absolute_EBM_term_contribution,observed-comparison
bottleneck_unit,2864601_0.371:u009,parallel_roughness_iqr_scaled,0.05949566399012207,0.011070504254472124,1.0,5,equilibrium_files,mean_absolute_EBM_term_contribution,observed-comparison
bottleneck_unit,2864601_0.371:u009,cross_channel_colocation,0.00910603245552261,0.0009739604760795074,0.0,5,equilibrium_files,mean_absolute_EBM_term_contribution,observed-comparison
bottleneck_unit,2864601_0.371:u009,bmag_parallel_expected_k,0.025974850331847422,0.006466429103847949,0.0,5,equilibrium_files,mean_absolute_EBM_term_contribution,observed-comparison
bottleneck_unit,2864601_0.371:u009,compression_parallel_expected_k,0.0158247637534005,0.004081795321057049,0.0,5,equilibrium_files,mean_absolute_EBM_term_contribution,observed-comparison
bottleneck_unit,2864601_0.371:u009,curvature_parallel_expected_k,0.025334256525549444,0.0063966966383671425,0.0,5,equilibrium_files,mean_absolute_EBM_term_contribution,observed-comparison
bottleneck_unit,2864601_0.371:u009,local_shear_abs_mean,0.04325538925736817,0.008735007429512599,0.2,5,equilibrium_files,mean_absolute_EBM_term_contribution,observed-comparison
bottleneck_unit,2864601_0.371:u009,f_Q_integrand_w25_peak,0.05586636477526903,0.007129461546320533,0.8,5,equilibrium_files,mean_absolute_EBM_term_contribution,observed-comparison
bottleneck_unit,2864601_0.371:u009,geodesic_abs_w25_peak,0.04769683141041557,0.008468542068569751,0.4,5,equilibrium_files,mean_absolute_EBM_term_contribution,observed-comparison
bottleneck_unit,2864601_0.371:u010,a_over_LT,0.0168848639056871,0.0068650975538892735,0.0,5,equilibrium_files,mean_absolute_EBM_term_contribution,observed-comparison
bottleneck_unit,2864601_0.371:u010,a_over_Ln,0.017902300002606824,0.004606710463794399,0.0,5,equilibrium_files,mean_absolute_EBM_term_contribution,observed-comparison
bottleneck_unit,2864601_0.371:u010,log_f_Q,0.02269832722367807,0.003983147397282041,0.0,5,equilibrium_files,mean_absolute_EBM_term_contribution,observed-comparison
bottleneck_unit,2864601_0.371:u010,f_stab,0.02681675657062944,0.004965496309984204,0.2,5,equilibrium_files,mean_absolute_EBM_term_contribution,observed-comparison
bottleneck_unit,2864601_0.371:u010,log_FSA_grad_x,0.031086765540856532,0.005149256678447323,0.6,5,equilibrium_files,mean_absolute_EBM_term_contribution,observed-comparison
bottleneck_unit,2864601_0.371:u010,bad_curvature_compression,0.00752457146507943,0.0015315943773715874,0.0,5,equilibrium_files,mean_absolute_EBM_term_contribution,observed-comparison
bottleneck_unit,2864601_0.371:u010,paper_bad_curvature_feature_mean_square,0.007710424131008755,0.002753153228897471,0.0,5,equilibrium_files,mean_absolute_EBM_term_contribution,observed-comparison
bottleneck_unit,2864601_0.371:u010,geodesic_curvature_abs_mean,0.031172498669110073,0.00750422305009203,0.6,5,equilibrium_files,mean_absolute_EBM_term_contribution,observed-comparison
bottleneck_unit,2864601_0.371:u010,geodesic_curvature_compression,0.030898553984204512,0.0077868148789757416,0.6,5,equilibrium_files,mean_absolute_EBM_term_contribution,observed-comparison
bottleneck_unit,2864601_0.371:u010,parallel_roughness_iqr_scaled,0.04053326001680811,0.009746518236938822,1.0,5,equilibrium_files,mean_absolute_EBM_term_contribution,observed-comparison
bottleneck_unit,2864601_0.371:u010,cross_channel_colocation,0.00910111275345388,0.0016336543107570915,0.0,5,equilibrium_files,mean_absolute_EBM_term_contribution,observed-comparison
bottleneck_unit,2864601_0.371:u010,bmag_parallel_expected_k,0.013370770301520413,0.004911191097808894,0.0,5,equilibrium_files,mean_absolute_EBM_term_contribution,observed-comparison
bottleneck_unit,2864601_0.371:u010,compression_parallel_expected_k,0.017701863036636713,0.005281419458321355,0.0,5,equilibrium_files,mean_absolute_EBM_term_contribution,observed-comparison
bottleneck_unit,2864601_0.371:u010,curvature_parallel_expected_k,0.009294343901430418,0.004444835851750968,0.0,5,equilibrium_files,mean_absolute_EBM_term_contribution,observed-comparison
bottleneck_unit,2864601_0.371:u010,local_shear_abs_mean,0.05071646451947526,0.010249981424090622,1.0,5,equilibrium_files,mean_absolute_EBM_term_contribution,observed-comparison
bottleneck_unit,2864601_0.371:u010,f_Q_integrand_w25_peak,0.022701630919815554,0.004551271337566732,0.0,5,equilibrium_files,mean_absolute_EBM_term_contribution,observed-comparison
bottleneck_unit,2864601_0.371:u010,geodesic_abs_w25_peak,0.03983469991926537,0.007593844788355671,1.0,5,equilibrium_files,mean_absolute_EBM_term_contribution,observed-comparison
bottleneck_unit,2864601_0.371:u011,a_over_LT,0.026853963086823245,0.009209757664721483,0.0,5,equilibrium_files,mean_absolute_EBM_term_contribution,observed-comparison
bottleneck_unit,2864601_0.371:u011,a_over_Ln,0.015637144287460283,0.0031554367832473686,0.0,5,equilibrium_files,mean_absolute_EBM_term_contribution,observed-comparison
bottleneck_unit,2864601_0.371:u011,log_f_Q,0.06415170760613204,0.0036993393973777135,0.0,5,equilibrium_files,mean_absolute_EBM_term_contribution,observed-comparison
bottleneck_unit,2864601_0.371:u011,f_stab,0.15536675514778642,0.008082993847106408,1.0,5,equilibrium_files,mean_absolute_EBM_term_contribution,observed-comparison
bottleneck_unit,2864601_0.371:u011,log_FSA_grad_x,0.09523661642930469,0.011622657234376678,1.0,5,equilibrium_files,mean_absolute_EBM_term_contribution,observed-comparison
bottleneck_unit,2864601_0.371:u011,bad_curvature_compression,0.051657404336056555,0.005366303388527466,0.0,5,equilibrium_files,mean_absolute_EBM_term_contribution,observed-comparison
bottleneck_unit,2864601_0.371:u011,paper_bad_curvature_feature_mean_square,0.05330465173659245,0.005479699607811985,0.0,5,equilibrium_files,mean_absolute_EBM_term_contribution,observed-comparison
bottleneck_unit,2864601_0.371:u011,geodesic_curvature_abs_mean,0.0938009220405434,0.0027400541814542757,1.0,5,equilibrium_files,mean_absolute_EBM_term_contribution,observed-comparison
bottleneck_unit,2864601_0.371:u011,geodesic_curvature_compression,0.05821415695064339,0.008554918807654292,0.0,5,equilibrium_files,mean_absolute_EBM_term_contribution,observed-comparison
bottleneck_unit,2864601_0.371:u011,parallel_roughness_iqr_scaled,0.06164877699966128,0.005659340442911034,0.0,5,equilibrium_files,mean_absolute_EBM_term_contribution,observed-comparison
bottleneck_unit,2864601_0.371:u011,cross_channel_colocation,0.039734015725815586,0.010426019602880953,0.0,5,equilibrium_files,mean_absolute_EBM_term_contribution,observed-comparison
bottleneck_unit,2864601_0.371:u011,bmag_parallel_expected_k,0.0657886991710944,0.008559937322316299,0.0,5,equilibrium_files,mean_absolute_EBM_term_contribution,observed-comparison
bottleneck_unit,2864601_0.371:u011,compression_parallel_expected_k,0.025006115710489763,0.007026600671963819,0.0,5,equilibrium_files,mean_absolute_EBM_term_contribution,observed-comparison
bottleneck_unit,2864601_0.371:u011,curvature_parallel_expected_k,0.014744165473562923,0.005172744748195583,0.0,5,equilibrium_files,mean_absolute_EBM_term_contribution,observed-comparison
bottleneck_unit,2864601_0.371:u011,local_shear_abs_mean,0.1162324512300924,0.010094963783889068,1.0,5,equilibrium_files,mean_absolute_EBM_term_contribution,observed-comparison
bottleneck_unit,2864601_0.371:u011,f_Q_integrand_w25_peak,0.03235034356557155,0.0075368416280906835,0.0,5,equilibrium_files,mean_absolute_EBM_term_contribution,observed-comparison
bottleneck_unit,2864601_0.371:u011,geodesic_abs_w25_peak,0.10095542426832567,0.004103228559632261,1.0,5,equilibrium_files,mean_absolute_EBM_term_contribution,observed-comparison
bottleneck_unit,2864601_0.371:u012,a_over_LT,0.008309442207455933,0.003105918622721603,0.8,5,equilibrium_files,mean_absolute_EBM_term_contribution,observed-comparison
bottleneck_unit,2864601_0.371:u012,a_over_Ln,0.003909384157409755,0.0020971825342944303,0.0,5,equilibrium_files,mean_absolute_EBM_term_contribution,observed-comparison
bottleneck_unit,2864601_0.371:u012,log_f_Q,0.0027854106051616494,0.0007632092889053748,0.0,5,equilibrium_files,mean_absolute_EBM_term_contribution,observed-comparison
bottleneck_unit,2864601_0.371:u012,f_stab,0.006456727230562805,0.0021360500403301763,0.6,5,equilibrium_files,mean_absolute_EBM_term_contribution,observed-comparison
bottleneck_unit,2864601_0.371:u012,log_FSA_grad_x,0.005384258341736917,0.0024992982872856424,0.6,5,equilibrium_files,mean_absolute_EBM_term_contribution,observed-comparison
bottleneck_unit,2864601_0.371:u012,bad_curvature_compression,0.002049252032838954,0.0008948924071743315,0.0,5,equilibrium_files,mean_absolute_EBM_term_contribution,observed-comparison
bottleneck_unit,2864601_0.371:u012,paper_bad_curvature_feature_mean_square,0.003574353488045241,0.0012451382175257292,0.0,5,equilibrium_files,mean_absolute_EBM_term_contribution,observed-comparison
bottleneck_unit,2864601_0.371:u012,geodesic_curvature_abs_mean,0.0024657091838065836,0.0008632871193115157,0.0,5,equilibrium_files,mean_absolute_EBM_term_contribution,observed-comparison
bottleneck_unit,2864601_0.371:u012,geodesic_curvature_compression,0.008574940970695843,0.0031340526206626324,1.0,5,equilibrium_files,mean_absolute_EBM_term_contribution,observed-comparison
bottleneck_unit,2864601_0.371:u012,parallel_roughness_iqr_scaled,0.004686767737633052,0.0016822481809784303,0.0,5,equilibrium_files,mean_absolute_EBM_term_contribution,observed-comparison
bottleneck_unit,2864601_0.371:u012,cross_channel_colocation,0.004718525520705037,0.001556255324821767,0.0,5,equilibrium_files,mean_absolute_EBM_term_contribution,observed-comparison
bottleneck_unit,2864601_0.371:u012,bmag_parallel_expected_k,0.006112486972792842,0.0010924727298674934,0.8,5,equilibrium_files,mean_absolute_EBM_term_contribution,observed-comparison
bottleneck_unit,2864601_0.371:u012,compression_parallel_expected_k,0.0032571209567128245,0.001862092249945579,0.0,5,equilibrium_files,mean_absolute_EBM_term_contribution,observed-comparison
bottleneck_unit,2864601_0.371:u012,curvature_parallel_expected_k,0.005604274852093617,0.0009524069487484505,0.4,5,equilibrium_files,mean_absolute_EBM_term_contribution,observed-comparison
bottleneck_unit,2864601_0.371:u012,local_shear_abs_mean,0.007680607414252559,0.0033159517521020366,0.8,5,equilibrium_files,mean_absolute_EBM_term_contribution,observed-comparison
bottleneck_unit,2864601_0.371:u012,f_Q_integrand_w25_peak,0.0018615220340229075,0.00022544077729231456,0.0,5,equilibrium_files,mean_absolute_EBM_term_contribution,observed-comparison
bottleneck_unit,2864601_0.371:u012,geodesic_abs_w25_peak,0.0053167698860496,0.001499291483644607,0.0,5,equilibrium_files,mean_absolute_EBM_term_contribution,observed-comparison
bottleneck_unit,2864601_0.371:u013,a_over_LT,0.01144613081157213,0.003253152539349905,0.0,5,equilibrium_files,mean_absolute_EBM_term_contribution,observed-comparison
bottleneck_unit,2864601_0.371:u013,a_over_Ln,0.012108580626585543,0.003350993139368855,0.0,5,equilibrium_files,mean_absolute_EBM_term_contribution,observed-comparison
bottleneck_unit,2864601_0.371:u013,log_f_Q,0.02149541173211748,0.001987011753450216,0.4,5,equilibrium_files,mean_absolute_EBM_term_contribution,observed-comparison
bottleneck_unit,2864601_0.371:u013,f_stab,0.022766501302612683,0.005321402108127594,0.6,5,equilibrium_files,mean_absolute_EBM_term_contribution,observed-comparison
bottleneck_unit,2864601_0.371:u013,log_FSA_grad_x,0.014516508325782362,0.0032532692589985076,0.0,5,equilibrium_files,mean_absolute_EBM_term_contribution,observed-comparison
bottleneck_unit,2864601_0.371:u013,bad_curvature_compression,0.0357426472604545,0.005652996829348805,1.0,5,equilibrium_files,mean_absolute_EBM_term_contribution,observed-comparison
bottleneck_unit,2864601_0.371:u013,paper_bad_curvature_feature_mean_square,0.0262971310380313,0.006029372209286155,0.8,5,equilibrium_files,mean_absolute_EBM_term_contribution,observed-comparison
bottleneck_unit,2864601_0.371:u013,geodesic_curvature_abs_mean,0.007852874860635054,0.002265021573952452,0.0,5,equilibrium_files,mean_absolute_EBM_term_contribution,observed-comparison
bottleneck_unit,2864601_0.371:u013,geodesic_curvature_compression,0.006899462538639904,0.002726992379098105,0.0,5,equilibrium_files,mean_absolute_EBM_term_contribution,observed-comparison
bottleneck_unit,2864601_0.371:u013,parallel_roughness_iqr_scaled,0.012685249356196072,0.003213441361353286,0.0,5,equilibrium_files,mean_absolute_EBM_term_contribution,observed-comparison
bottleneck_unit,2864601_0.371:u013,cross_channel_colocation,0.015089449702847585,0.004262395685085294,0.0,5,equilibrium_files,mean_absolute_EBM_term_contribution,observed-comparison
bottleneck_unit,2864601_0.371:u013,bmag_parallel_expected_k,0.0128557181298132,0.001633696305437212,0.0,5,equilibrium_files,mean_absolute_EBM_term_contribution,observed-comparison
bottleneck_unit,2864601_0.371:u013,compression_parallel_expected_k,0.015926407352145323,0.005541445471007655,0.2,5,equilibrium_files,mean_absolute_EBM_term_contribution,observed-comparison
bottleneck_unit,2864601_0.371:u013,curvature_parallel_expected_k,0.025455921732882685,0.007125713978219778,0.6,5,equilibrium_files,mean_absolute_EBM_term_contribution,observed-comparison
bottleneck_unit,2864601_0.371:u013,local_shear_abs_mean,0.024180942038411184,0.007102282451310108,0.4,5,equilibrium_files,mean_absolute_EBM_term_contribution,observed-comparison
bottleneck_unit,2864601_0.371:u013,f_Q_integrand_w25_peak,0.04125256208667153,0.006553966442823854,1.0,5,equilibrium_files,mean_absolute_EBM_term_contribution,observed-comparison
bottleneck_unit,2864601_0.371:u013,geodesic_abs_w25_peak,0.011019648981484659,0.004272959831340246,0.0,5,equilibrium_files,mean_absolute_EBM_term_contribution,observed-comparison
bottleneck_unit,2864601_0.371:u014,a_over_LT,0.02775952372248769,0.0034757166075777227,0.0,5,equilibrium_files,mean_absolute_EBM_term_contribution,observed-comparison
bottleneck_unit,2864601_0.371:u014,a_over_Ln,0.01253653702067831,0.0026056623271442196,0.0,5,equilibrium_files,mean_absolute_EBM_term_contribution,observed-comparison
bottleneck_unit,2864601_0.371:u014,log_f_Q,0.044249778117211855,0.002035599928200413,0.4,5,equilibrium_files,mean_absolute_EBM_term_contribution,observed-comparison
bottleneck_unit,2864601_0.371:u014,f_stab,0.019388868427526264,0.0017298454950430934,0.0,5,equilibrium_files,mean_absolute_EBM_term_contribution,observed-comparison
bottleneck_unit,2864601_0.371:u014,log_FSA_grad_x,0.11277325180600313,0.007745780253385811,1.0,5,equilibrium_files,mean_absolute_EBM_term_contribution,observed-comparison
bottleneck_unit,2864601_0.371:u014,bad_curvature_compression,0.01788137660288292,0.005775634599170772,0.0,5,equilibrium_files,mean_absolute_EBM_term_contribution,observed-comparison
bottleneck_unit,2864601_0.371:u014,paper_bad_curvature_feature_mean_square,0.018481209469463696,0.0036924348294133332,0.0,5,equilibrium_files,mean_absolute_EBM_term_contribution,observed-comparison
bottleneck_unit,2864601_0.371:u014,geodesic_curvature_abs_mean,0.021074078304804195,0.004427685353199015,0.0,5,equilibrium_files,mean_absolute_EBM_term_contribution,observed-comparison
bottleneck_unit,2864601_0.371:u014,geodesic_curvature_compression,0.0593316981216719,0.00511962421244771,1.0,5,equilibrium_files,mean_absolute_EBM_term_contribution,observed-comparison
bottleneck_unit,2864601_0.371:u014,parallel_roughness_iqr_scaled,0.03250570658221523,0.0036214820962555275,0.0,5,equilibrium_files,mean_absolute_EBM_term_contribution,observed-comparison
bottleneck_unit,2864601_0.371:u014,cross_channel_colocation,0.008592402160271637,0.0013023054614989447,0.0,5,equilibrium_files,mean_absolute_EBM_term_contribution,observed-comparison
bottleneck_unit,2864601_0.371:u014,bmag_parallel_expected_k,0.04823832083055945,0.005917121807335039,0.8,5,equilibrium_files,mean_absolute_EBM_term_contribution,observed-comparison
bottleneck_unit,2864601_0.371:u014,compression_parallel_expected_k,0.04564004156859081,0.007052700355844935,0.2,5,equilibrium_files,mean_absolute_EBM_term_contribution,observed-comparison
bottleneck_unit,2864601_0.371:u014,curvature_parallel_expected_k,0.012608429366188806,0.0025832674847466233,0.0,5,equilibrium_files,mean_absolute_EBM_term_contribution,observed-comparison
bottleneck_unit,2864601_0.371:u014,local_shear_abs_mean,0.08393780633849254,0.0074466632052223964,1.0,5,equilibrium_files,mean_absolute_EBM_term_contribution,observed-comparison
bottleneck_unit,2864601_0.371:u014,f_Q_integrand_w25_peak,0.04557909566316655,0.008130434655603093,0.6,5,equilibrium_files,mean_absolute_EBM_term_contribution,observed-comparison
bottleneck_unit,2864601_0.371:u014,geodesic_abs_w25_peak,0.034835866498659794,0.004801239511656024,0.0,5,equilibrium_files,mean_absolute_EBM_term_contribution,observed-comparison
bottleneck_unit,2864601_0.371:u015,a_over_LT,0.12767334963439922,0.032979877813127986,0.0,5,equilibrium_files,mean_absolute_EBM_term_contribution,observed-comparison
bottleneck_unit,2864601_0.371:u015,a_over_Ln,0.04380805981707395,0.004162682629659707,0.0,5,equilibrium_files,mean_absolute_EBM_term_contribution,observed-comparison
bottleneck_unit,2864601_0.371:u015,log_f_Q,0.10102684568883484,0.011101366115385893,0.0,5,equilibrium_files,mean_absolute_EBM_term_contribution,observed-comparison
bottleneck_unit,2864601_0.371:u015,f_stab,0.6136149466850551,0.04019470534999238,1.0,5,equilibrium_files,mean_absolute_EBM_term_contribution,observed-comparison
bottleneck_unit,2864601_0.371:u015,log_FSA_grad_x,0.2662201296588175,0.023408894350197506,1.0,5,equilibrium_files,mean_absolute_EBM_term_contribution,observed-comparison
bottleneck_unit,2864601_0.371:u015,bad_curvature_compression,0.14607114704156007,0.004613248642522593,0.0,5,equilibrium_files,mean_absolute_EBM_term_contribution,observed-comparison
bottleneck_unit,2864601_0.371:u015,paper_bad_curvature_feature_mean_square,0.18849027502750051,0.00793238277783224,0.0,5,equilibrium_files,mean_absolute_EBM_term_contribution,observed-comparison
bottleneck_unit,2864601_0.371:u015,geodesic_curvature_abs_mean,0.2556747157448881,0.012265642391541078,0.8,5,equilibrium_files,mean_absolute_EBM_term_contribution,observed-comparison
bottleneck_unit,2864601_0.371:u015,geodesic_curvature_compression,0.1277490712062352,0.015247382687129357,0.0,5,equilibrium_files,mean_absolute_EBM_term_contribution,observed-comparison
bottleneck_unit,2864601_0.371:u015,parallel_roughness_iqr_scaled,0.45223776973371715,0.026233389773940203,1.0,5,equilibrium_files,mean_absolute_EBM_term_contribution,observed-comparison
bottleneck_unit,2864601_0.371:u015,cross_channel_colocation,0.2288955905727438,0.013587248281599138,0.2,5,equilibrium_files,mean_absolute_EBM_term_contribution,observed-comparison
bottleneck_unit,2864601_0.371:u015,bmag_parallel_expected_k,0.20334607509200833,0.012965210462916578,0.0,5,equilibrium_files,mean_absolute_EBM_term_contribution,observed-comparison
bottleneck_unit,2864601_0.371:u015,compression_parallel_expected_k,0.07056377482604345,0.013891986003220672,0.0,5,equilibrium_files,mean_absolute_EBM_term_contribution,observed-comparison
bottleneck_unit,2864601_0.371:u015,curvature_parallel_expected_k,0.1184084481059933,0.012738546675988806,0.0,5,equilibrium_files,mean_absolute_EBM_term_contribution,observed-comparison
bottleneck_unit,2864601_0.371:u015,local_shear_abs_mean,0.5515118271946056,0.027264701097136402,1.0,5,equilibrium_files,mean_absolute_EBM_term_contribution,observed-comparison
bottleneck_unit,2864601_0.371:u015,f_Q_integrand_w25_peak,0.1797507792110794,0.012702754070280499,0.0,5,equilibrium_files,mean_absolute_EBM_term_contribution,observed-comparison
bottleneck_unit,2864601_0.371:u015,geodesic_abs_w25_peak,0.17435169860854072,0.027233681033790032,0.0,5,equilibrium_files,mean_absolute_EBM_term_contribution,observed-comparison
bottleneck_unit,2864601_0.371:u016,a_over_LT,0.00895154692501392,0.0014758025982690417,0.0,5,equilibrium_files,mean_absolute_EBM_term_contribution,observed-comparison
bottleneck_unit,2864601_0.371:u016,a_over_Ln,0.00788076514429856,0.0022490656552973847,0.0,5,equilibrium_files,mean_absolute_EBM_term_contribution,observed-comparison
bottleneck_unit,2864601_0.371:u016,log_f_Q,0.008546273717715411,0.0015157270153430334,0.0,5,equilibrium_files,mean_absolute_EBM_term_contribution,observed-comparison
bottleneck_unit,2864601_0.371:u016,f_stab,0.06351407487049494,0.006834073101428075,1.0,5,equilibrium_files,mean_absolute_EBM_term_contribution,observed-comparison
bottleneck_unit,2864601_0.371:u016,log_FSA_grad_x,0.056544250116984905,0.007176837891734702,1.0,5,equilibrium_files,mean_absolute_EBM_term_contribution,observed-comparison
bottleneck_unit,2864601_0.371:u016,bad_curvature_compression,0.017265905501507122,0.0039038419712727735,0.4,5,equilibrium_files,mean_absolute_EBM_term_contribution,observed-comparison
bottleneck_unit,2864601_0.371:u016,paper_bad_curvature_feature_mean_square,0.013504995646868644,0.0011093855088468087,0.0,5,equilibrium_files,mean_absolute_EBM_term_contribution,observed-comparison
bottleneck_unit,2864601_0.371:u016,geodesic_curvature_abs_mean,0.011780429413792403,0.0016873827967717671,0.0,5,equilibrium_files,mean_absolute_EBM_term_contribution,observed-comparison
bottleneck_unit,2864601_0.371:u016,geodesic_curvature_compression,0.004221850072564517,0.0013479887854009308,0.0,5,equilibrium_files,mean_absolute_EBM_term_contribution,observed-comparison
bottleneck_unit,2864601_0.371:u016,parallel_roughness_iqr_scaled,0.04452215189152733,0.004470441111452472,1.0,5,equilibrium_files,mean_absolute_EBM_term_contribution,observed-comparison
bottleneck_unit,2864601_0.371:u016,cross_channel_colocation,0.016036012643484497,0.0026207562362296254,0.0,5,equilibrium_files,mean_absolute_EBM_term_contribution,observed-comparison
bottleneck_unit,2864601_0.371:u016,bmag_parallel_expected_k,0.009463505111621756,0.0013370585542765848,0.0,5,equilibrium_files,mean_absolute_EBM_term_contribution,observed-comparison
bottleneck_unit,2864601_0.371:u016,compression_parallel_expected_k,0.013647855668339945,0.005238171785170369,0.0,5,equilibrium_files,mean_absolute_EBM_term_contribution,observed-comparison
bottleneck_unit,2864601_0.371:u016,curvature_parallel_expected_k,0.01987355005784395,0.0080910377544033,0.6,5,equilibrium_files,mean_absolute_EBM_term_contribution,observed-comparison
bottleneck_unit,2864601_0.371:u016,local_shear_abs_mean,0.022634180356298477,0.003585402582667818,1.0,5,equilibrium_files,mean_absolute_EBM_term_contribution,observed-comparison
bottleneck_unit,2864601_0.371:u016,f_Q_integrand_w25_peak,0.010795656960373063,0.001239122565150916,0.0,5,equilibrium_files,mean_absolute_EBM_term_contribution,observed-comparison
bottleneck_unit,2864601_0.371:u016,geodesic_abs_w25_peak,0.016420511192423288,0.0031481546883424024,0.0,5,equilibrium_files,mean_absolute_EBM_term_contribution,observed-comparison
bottleneck_unit,2864601_0.371:u017,a_over_LT,0.05503443125114181,0.0162427399018573,0.0,5,equilibrium_files,mean_absolute_EBM_term_contribution,observed-comparison
bottleneck_unit,2864601_0.371:u017,a_over_Ln,0.052991791111534695,0.015453832741740104,0.0,5,equilibrium_files,mean_absolute_EBM_term_contribution,observed-comparison
bottleneck_unit,2864601_0.371:u017,log_f_Q,0.2150861562199588,0.024919129730721454,0.0,5,equilibrium_files,mean_absolute_EBM_term_contribution,observed-comparison
bottleneck_unit,2864601_0.371:u017,f_stab,0.09044787166992328,0.006131545819802768,0.0,5,equilibrium_files,mean_absolute_EBM_term_contribution,observed-comparison
bottleneck_unit,2864601_0.371:u017,log_FSA_grad_x,0.35986802609007085,0.0283216450143216,1.0,5,equilibrium_files,mean_absolute_EBM_term_contribution,observed-comparison
bottleneck_unit,2864601_0.371:u017,bad_curvature_compression,0.41767676043047003,0.01278426430903539,1.0,5,equilibrium_files,mean_absolute_EBM_term_contribution,observed-comparison
bottleneck_unit,2864601_0.371:u017,paper_bad_curvature_feature_mean_square,0.2670830806872318,0.013793840704726182,1.0,5,equilibrium_files,mean_absolute_EBM_term_contribution,observed-comparison
bottleneck_unit,2864601_0.371:u017,geodesic_curvature_abs_mean,0.07256343715403106,0.010560146530274206,0.0,5,equilibrium_files,mean_absolute_EBM_term_contribution,observed-comparison
bottleneck_unit,2864601_0.371:u017,geodesic_curvature_compression,0.3913171199683522,0.050863977914658416,1.0,5,equilibrium_files,mean_absolute_EBM_term_contribution,observed-comparison
bottleneck_unit,2864601_0.371:u017,parallel_roughness_iqr_scaled,0.08476633087897342,0.03293982348339324,0.0,5,equilibrium_files,mean_absolute_EBM_term_contribution,observed-comparison
bottleneck_unit,2864601_0.371:u017,cross_channel_colocation,0.10605179508228998,0.011056232345682279,0.0,5,equilibrium_files,mean_absolute_EBM_term_contribution,observed-comparison
bottleneck_unit,2864601_0.371:u017,bmag_parallel_expected_k,0.038310257952822856,0.016241133683471694,0.0,5,equilibrium_files,mean_absolute_EBM_term_contribution,observed-comparison
bottleneck_unit,2864601_0.371:u017,compression_parallel_expected_k,0.07278723105636345,0.02206411684007486,0.0,5,equilibrium_files,mean_absolute_EBM_term_contribution,observed-comparison
bottleneck_unit,2864601_0.371:u017,curvature_parallel_expected_k,0.10872869248466081,0.016535615734080765,0.0,5,equilibrium_files,mean_absolute_EBM_term_contribution,observed-comparison
bottleneck_unit,2864601_0.371:u017,local_shear_abs_mean,0.12834512066538029,0.008903494234848036,0.0,5,equilibrium_files,mean_absolute_EBM_term_contribution,observed-comparison
bottleneck_unit,2864601_0.371:u017,f_Q_integrand_w25_peak,0.3460752235822877,0.005992230589388508,1.0,5,equilibrium_files,mean_absolute_EBM_term_contribution,observed-comparison
bottleneck_unit,2864601_0.371:u017,geodesic_abs_w25_peak,0.03568974996197445,0.0032174637073726876,0.0,5,equilibrium_files,mean_absolute_EBM_term_contribution,observed-comparison
bottleneck_unit,2864601_0.371:u018,a_over_LT,0.018184430169652037,0.007603807613841581,0.0,5,equilibrium_files,mean_absolute_EBM_term_contribution,observed-comparison
bottleneck_unit,2864601_0.371:u018,a_over_Ln,0.02019486487292536,0.005773114483223871,0.0,5,equilibrium_files,mean_absolute_EBM_term_contribution,observed-comparison
bottleneck_unit,2864601_0.371:u018,log_f_Q,0.05155655188622445,0.003823943923123926,0.0,5,equilibrium_files,mean_absolute_EBM_term_contribution,observed-comparison
bottleneck_unit,2864601_0.371:u018,f_stab,0.05656175798339991,0.006993306680015058,0.4,5,equilibrium_files,mean_absolute_EBM_term_contribution,observed-comparison
bottleneck_unit,2864601_0.371:u018,log_FSA_grad_x,0.06557650651671074,0.006983962237896288,0.8,5,equilibrium_files,mean_absolute_EBM_term_contribution,observed-comparison
bottleneck_unit,2864601_0.371:u018,bad_curvature_compression,0.062417417499535,0.002845895757872113,1.0,5,equilibrium_files,mean_absolute_EBM_term_contribution,observed-comparison
bottleneck_unit,2864601_0.371:u018,paper_bad_curvature_feature_mean_square,0.047077405747373256,0.004254893527117723,0.0,5,equilibrium_files,mean_absolute_EBM_term_contribution,observed-comparison
bottleneck_unit,2864601_0.371:u018,geodesic_curvature_abs_mean,0.08415506139438017,0.001626670405301705,1.0,5,equilibrium_files,mean_absolute_EBM_term_contribution,observed-comparison
bottleneck_unit,2864601_0.371:u018,geodesic_curvature_compression,0.030946556776799146,0.003714480242875545,0.0,5,equilibrium_files,mean_absolute_EBM_term_contribution,observed-comparison
bottleneck_unit,2864601_0.371:u018,parallel_roughness_iqr_scaled,0.0578569422194405,0.0054324228582568745,0.8,5,equilibrium_files,mean_absolute_EBM_term_contribution,observed-comparison
bottleneck_unit,2864601_0.371:u018,cross_channel_colocation,0.034463641811005356,0.0034522907647975888,0.0,5,equilibrium_files,mean_absolute_EBM_term_contribution,observed-comparison
bottleneck_unit,2864601_0.371:u018,bmag_parallel_expected_k,0.03130282267587796,0.0017333757105049512,0.0,5,equilibrium_files,mean_absolute_EBM_term_contribution,observed-comparison
bottleneck_unit,2864601_0.371:u018,compression_parallel_expected_k,0.04042734298268356,0.007074248159435158,0.0,5,equilibrium_files,mean_absolute_EBM_term_contribution,observed-comparison
bottleneck_unit,2864601_0.371:u018,curvature_parallel_expected_k,0.036042701887195785,0.005546425391510918,0.0,5,equilibrium_files,mean_absolute_EBM_term_contribution,observed-comparison
bottleneck_unit,2864601_0.371:u018,local_shear_abs_mean,0.014425642799335042,0.002180883277727091,0.0,5,equilibrium_files,mean_absolute_EBM_term_contribution,observed-comparison
bottleneck_unit,2864601_0.371:u018,f_Q_integrand_w25_peak,0.05339396849519472,0.003505959100618055,0.0,5,equilibrium_files,mean_absolute_EBM_term_contribution,observed-comparison
bottleneck_unit,2864601_0.371:u018,geodesic_abs_w25_peak,0.08936700193219285,0.00856209719719402,1.0,5,equilibrium_files,mean_absolute_EBM_term_contribution,observed-comparison
bottleneck_unit,2864601_0.371:u019,a_over_LT,0.06103757706534725,0.008591133632999353,0.0,5,equilibrium_files,mean_absolute_EBM_term_contribution,observed-comparison
bottleneck_unit,2864601_0.371:u019,a_over_Ln,0.01839194830798634,0.006074585451579401,0.0,5,equilibrium_files,mean_absolute_EBM_term_contribution,observed-comparison
bottleneck_unit,2864601_0.371:u019,log_f_Q,0.10837270719591115,0.0063298319091246065,0.2,5,equilibrium_files,mean_absolute_EBM_term_contribution,observed-comparison
bottleneck_unit,2864601_0.371:u019,f_stab,0.272364760757414,0.023623647218612195,1.0,5,equilibrium_files,mean_absolute_EBM_term_contribution,observed-comparison
bottleneck_unit,2864601_0.371:u019,log_FSA_grad_x,0.14480977554225433,0.015116763606524962,1.0,5,equilibrium_files,mean_absolute_EBM_term_contribution,observed-comparison
bottleneck_unit,2864601_0.371:u019,bad_curvature_compression,0.09102595080255377,0.013786270138669536,0.0,5,equilibrium_files,mean_absolute_EBM_term_contribution,observed-comparison
bottleneck_unit,2864601_0.371:u019,paper_bad_curvature_feature_mean_square,0.1159430508246442,0.01083075767380059,0.4,5,equilibrium_files,mean_absolute_EBM_term_contribution,observed-comparison
bottleneck_unit,2864601_0.371:u019,geodesic_curvature_abs_mean,0.11373482036921172,0.012569415861004627,0.4,5,equilibrium_files,mean_absolute_EBM_term_contribution,observed-comparison
bottleneck_unit,2864601_0.371:u019,geodesic_curvature_compression,0.13966636244377195,0.012858617316793476,1.0,5,equilibrium_files,mean_absolute_EBM_term_contribution,observed-comparison
bottleneck_unit,2864601_0.371:u019,parallel_roughness_iqr_scaled,0.0764288481649587,0.005572632930708901,0.0,5,equilibrium_files,mean_absolute_EBM_term_contribution,observed-comparison
bottleneck_unit,2864601_0.371:u019,cross_channel_colocation,0.08613445334002283,0.012435513964846837,0.0,5,equilibrium_files,mean_absolute_EBM_term_contribution,observed-comparison
bottleneck_unit,2864601_0.371:u019,bmag_parallel_expected_k,0.08880863486174946,0.01351160674043274,0.2,5,equilibrium_files,mean_absolute_EBM_term_contribution,observed-comparison
bottleneck_unit,2864601_0.371:u019,compression_parallel_expected_k,0.1039211175147299,0.014595410103354326,0.4,5,equilibrium_files,mean_absolute_EBM_term_contribution,observed-comparison
bottleneck_unit,2864601_0.371:u019,curvature_parallel_expected_k,0.08133627030429397,0.012582590821261199,0.0,5,equilibrium_files,mean_absolute_EBM_term_contribution,observed-comparison
bottleneck_unit,2864601_0.371:u019,local_shear_abs_mean,0.10900725804869131,0.011407367103781724,0.4,5,equilibrium_files,mean_absolute_EBM_term_contribution,observed-comparison
bottleneck_unit,2864601_0.371:u019,f_Q_integrand_w25_peak,0.09495049293715449,0.010135021557325466,0.0,5,equilibrium_files,mean_absolute_EBM_term_contribution,observed-comparison
bottleneck_unit,2864601_0.371:u019,geodesic_abs_w25_peak,0.04519978113067345,0.01812718535269056,0.0,5,equilibrium_files,mean_absolute_EBM_term_contribution,observed-comparison
bottleneck_unit,2864601_0.371:u020,a_over_LT,0.05473699406766257,0.005905700654428186,0.0,5,equilibrium_files,mean_absolute_EBM_term_contribution,observed-comparison
bottleneck_unit,2864601_0.371:u020,a_over_Ln,0.03203034477438702,0.00954584499629169,0.0,5,equilibrium_files,mean_absolute_EBM_term_contribution,observed-comparison
bottleneck_unit,2864601_0.371:u020,log_f_Q,0.029312731905356826,0.0018424989510393865,0.0,5,equilibrium_files,mean_absolute_EBM_term_contribution,observed-comparison
bottleneck_unit,2864601_0.371:u020,f_stab,0.19316398875465038,0.012902344180374564,1.0,5,equilibrium_files,mean_absolute_EBM_term_contribution,observed-comparison
bottleneck_unit,2864601_0.371:u020,log_FSA_grad_x,0.09148794659124197,0.003524916261365843,1.0,5,equilibrium_files,mean_absolute_EBM_term_contribution,observed-comparison
bottleneck_unit,2864601_0.371:u020,bad_curvature_compression,0.07336219352322002,0.003880774856426861,0.0,5,equilibrium_files,mean_absolute_EBM_term_contribution,observed-comparison
bottleneck_unit,2864601_0.371:u020,paper_bad_curvature_feature_mean_square,0.03287435340509581,0.0028933186433474202,0.0,5,equilibrium_files,mean_absolute_EBM_term_contribution,observed-comparison
bottleneck_unit,2864601_0.371:u020,geodesic_curvature_abs_mean,0.027348198061527516,0.003738622133182445,0.0,5,equilibrium_files,mean_absolute_EBM_term_contribution,observed-comparison
bottleneck_unit,2864601_0.371:u020,geodesic_curvature_compression,0.01811544223202146,0.0019022713685116022,0.0,5,equilibrium_files,mean_absolute_EBM_term_contribution,observed-comparison
bottleneck_unit,2864601_0.371:u020,parallel_roughness_iqr_scaled,0.019115417753215215,0.001823820015314237,0.0,5,equilibrium_files,mean_absolute_EBM_term_contribution,observed-comparison
bottleneck_unit,2864601_0.371:u020,cross_channel_colocation,0.04710341582173159,0.00498977593961779,0.0,5,equilibrium_files,mean_absolute_EBM_term_contribution,observed-comparison
bottleneck_unit,2864601_0.371:u020,bmag_parallel_expected_k,0.037594165588748216,0.00475750412991208,0.0,5,equilibrium_files,mean_absolute_EBM_term_contribution,observed-comparison
bottleneck_unit,2864601_0.371:u020,compression_parallel_expected_k,0.08846909867396496,0.00816324716860756,1.0,5,equilibrium_files,mean_absolute_EBM_term_contribution,observed-comparison
bottleneck_unit,2864601_0.371:u020,curvature_parallel_expected_k,0.05095328638274473,0.004241618897289854,0.0,5,equilibrium_files,mean_absolute_EBM_term_contribution,observed-comparison
bottleneck_unit,2864601_0.371:u020,local_shear_abs_mean,0.09767711819358006,0.006492322514512941,1.0,5,equilibrium_files,mean_absolute_EBM_term_contribution,observed-comparison
bottleneck_unit,2864601_0.371:u020,f_Q_integrand_w25_peak,0.11572186907288282,0.010740891150559146,1.0,5,equilibrium_files,mean_absolute_EBM_term_contribution,observed-comparison
bottleneck_unit,2864601_0.371:u020,geodesic_abs_w25_peak,0.028011360542583824,0.008025876828241789,0.0,5,equilibrium_files,mean_absolute_EBM_term_contribution,observed-comparison
bottleneck_unit,2864601_0.371:u021,a_over_LT,0.01384799432790707,0.002446745048885335,0.0,5,equilibrium_files,mean_absolute_EBM_term_contribution,observed-comparison
bottleneck_unit,2864601_0.371:u021,a_over_Ln,0.009699315769851776,0.004349738672717805,0.0,5,equilibrium_files,mean_absolute_EBM_term_contribution,observed-comparison
bottleneck_unit,2864601_0.371:u021,log_f_Q,0.008256363885407195,0.0009744970964608903,0.0,5,equilibrium_files,mean_absolute_EBM_term_contribution,observed-comparison
bottleneck_unit,2864601_0.371:u021,f_stab,0.042751255630731136,0.0052261211752248436,1.0,5,equilibrium_files,mean_absolute_EBM_term_contribution,observed-comparison
bottleneck_unit,2864601_0.371:u021,log_FSA_grad_x,0.024627770319473292,0.004857838788889755,0.0,5,equilibrium_files,mean_absolute_EBM_term_contribution,observed-comparison
bottleneck_unit,2864601_0.371:u021,bad_curvature_compression,0.03358206119017716,0.005258271671394122,0.2,5,equilibrium_files,mean_absolute_EBM_term_contribution,observed-comparison
bottleneck_unit,2864601_0.371:u021,paper_bad_curvature_feature_mean_square,0.014971704957019097,0.0015759682159640174,0.0,5,equilibrium_files,mean_absolute_EBM_term_contribution,observed-comparison
bottleneck_unit,2864601_0.371:u021,geodesic_curvature_abs_mean,0.036495745334284124,0.0033248228122146942,0.8,5,equilibrium_files,mean_absolute_EBM_term_contribution,observed-comparison
bottleneck_unit,2864601_0.371:u021,geodesic_curvature_compression,0.014444327036315827,0.007227592956328513,0.0,5,equilibrium_files,mean_absolute_EBM_term_contribution,observed-comparison
bottleneck_unit,2864601_0.371:u021,parallel_roughness_iqr_scaled,0.014941098950577502,0.0036874066121660876,0.0,5,equilibrium_files,mean_absolute_EBM_term_contribution,observed-comparison
bottleneck_unit,2864601_0.371:u021,cross_channel_colocation,0.010712984075584771,0.002987579817299935,0.0,5,equilibrium_files,mean_absolute_EBM_term_contribution,observed-comparison
bottleneck_unit,2864601_0.371:u021,bmag_parallel_expected_k,0.021868796674724956,0.006557766176855306,0.0,5,equilibrium_files,mean_absolute_EBM_term_contribution,observed-comparison
bottleneck_unit,2864601_0.371:u021,compression_parallel_expected_k,0.06893108182741037,0.008723027689992226,1.0,5,equilibrium_files,mean_absolute_EBM_term_contribution,observed-comparison
bottleneck_unit,2864601_0.371:u021,curvature_parallel_expected_k,0.017986126688739505,0.005937420273312067,0.0,5,equilibrium_files,mean_absolute_EBM_term_contribution,observed-comparison
bottleneck_unit,2864601_0.371:u021,local_shear_abs_mean,0.03502578398818309,0.004475184951671988,0.4,5,equilibrium_files,mean_absolute_EBM_term_contribution,observed-comparison
bottleneck_unit,2864601_0.371:u021,f_Q_integrand_w25_peak,0.03931009839474102,0.004415654867583845,0.6,5,equilibrium_files,mean_absolute_EBM_term_contribution,observed-comparison
bottleneck_unit,2864601_0.371:u021,geodesic_abs_w25_peak,0.08357738867810346,0.01221641687793977,1.0,5,equilibrium_files,mean_absolute_EBM_term_contribution,observed-comparison
bottleneck_unit,2864601_0.371:u022,a_over_LT,0.0,0.0,1.0,5,equilibrium_files,mean_absolute_EBM_term_contribution,observed-comparison
bottleneck_unit,2864601_0.371:u022,a_over_Ln,0.0,0.0,1.0,5,equilibrium_files,mean_absolute_EBM_term_contribution,observed-comparison
bottleneck_unit,2864601_0.371:u022,log_f_Q,0.0,0.0,1.0,5,equilibrium_files,mean_absolute_EBM_term_contribution,observed-comparison
bottleneck_unit,2864601_0.371:u022,f_stab,0.0,0.0,1.0,5,equilibrium_files,mean_absolute_EBM_term_contribution,observed-comparison
bottleneck_unit,2864601_0.371:u022,log_FSA_grad_x,0.0,0.0,1.0,5,equilibrium_files,mean_absolute_EBM_term_contribution,observed-comparison
bottleneck_unit,2864601_0.371:u022,bad_curvature_compression,0.0,0.0,0.0,5,equilibrium_files,mean_absolute_EBM_term_contribution,observed-comparison
bottleneck_unit,2864601_0.371:u022,paper_bad_curvature_feature_mean_square,0.0,0.0,0.0,5,equilibrium_files,mean_absolute_EBM_term_contribution,observed-comparison
bottleneck_unit,2864601_0.371:u022,geodesic_curvature_abs_mean,0.0,0.0,0.0,5,equilibrium_files,mean_absolute_EBM_term_contribution,observed-comparison
bottleneck_unit,2864601_0.371:u022,geodesic_curvature_compression,0.0,0.0,0.0,5,equilibrium_files,mean_absolute_EBM_term_contribution,observed-comparison
bottleneck_unit,2864601_0.371:u022,parallel_roughness_iqr_scaled,0.0,0.0,0.0,5,equilibrium_files,mean_absolute_EBM_term_contribution,observed-comparison
bottleneck_unit,2864601_0.371:u022,cross_channel_colocation,0.0,0.0,0.0,5,equilibrium_files,mean_absolute_EBM_term_contribution,observed-comparison
bottleneck_unit,2864601_0.371:u022,bmag_parallel_expected_k,0.0,0.0,0.0,5,equilibrium_files,mean_absolute_EBM_term_contribution,observed-comparison
bottleneck_unit,2864601_0.371:u022,compression_parallel_expected_k,0.0,0.0,0.0,5,equilibrium_files,mean_absolute_EBM_term_contribution,observed-comparison
bottleneck_unit,2864601_0.371:u022,curvature_parallel_expected_k,0.0,0.0,0.0,5,equilibrium_files,mean_absolute_EBM_term_contribution,observed-comparison
bottleneck_unit,2864601_0.371:u022,local_shear_abs_mean,0.0,0.0,0.0,5,equilibrium_files,mean_absolute_EBM_term_contribution,observed-comparison
bottleneck_unit,2864601_0.371:u022,f_Q_integrand_w25_peak,0.0,0.0,0.0,5,equilibrium_files,mean_absolute_EBM_term_contribution,observed-comparison
bottleneck_unit,2864601_0.371:u022,geodesic_abs_w25_peak,0.0,0.0,0.0,5,equilibrium_files,mean_absolute_EBM_term_contribution,observed-comparison
bottleneck_unit,2864601_0.409:u000,a_over_LT,0.003515813578374709,0.0007782921751353369,0.0,5,equilibrium_files,mean_absolute_EBM_term_contribution,observed-comparison
bottleneck_unit,2864601_0.409:u000,a_over_Ln,0.006910094352226527,0.00108323191087427,0.0,5,equilibrium_files,mean_absolute_EBM_term_contribution,observed-comparison
bottleneck_unit,2864601_0.409:u000,log_f_Q,0.0028204361323234074,0.0003742539819333328,0.0,5,equilibrium_files,mean_absolute_EBM_term_contribution,observed-comparison
bottleneck_unit,2864601_0.409:u000,f_stab,0.014561927082876194,0.000889190709650891,1.0,5,equilibrium_files,mean_absolute_EBM_term_contribution,observed-comparison
bottleneck_unit,2864601_0.409:u000,log_FSA_grad_x,0.007513808378223029,0.001041290622011229,0.0,5,equilibrium_files,mean_absolute_EBM_term_contribution,observed-comparison
bottleneck_unit,2864601_0.409:u000,bad_curvature_compression,0.019257794615118354,0.0009816509245893276,1.0,5,equilibrium_files,mean_absolute_EBM_term_contribution,observed-comparison
bottleneck_unit,2864601_0.409:u000,paper_bad_curvature_feature_mean_square,0.009984015331497613,0.0009532260920741189,0.0,5,equilibrium_files,mean_absolute_EBM_term_contribution,observed-comparison
bottleneck_unit,2864601_0.409:u000,geodesic_curvature_abs_mean,0.028312882462566358,0.000654150582819201,1.0,5,equilibrium_files,mean_absolute_EBM_term_contribution,observed-comparison
bottleneck_unit,2864601_0.409:u000,geodesic_curvature_compression,0.005735765672426232,0.0011351791920022746,0.0,5,equilibrium_files,mean_absolute_EBM_term_contribution,observed-comparison
bottleneck_unit,2864601_0.409:u000,parallel_roughness_iqr_scaled,0.012516743648894619,0.0012199444247559096,0.0,5,equilibrium_files,mean_absolute_EBM_term_contribution,observed-comparison
bottleneck_unit,2864601_0.409:u000,cross_channel_colocation,0.005754556547267845,0.0010603872490615924,0.0,5,equilibrium_files,mean_absolute_EBM_term_contribution,observed-comparison
bottleneck_unit,2864601_0.409:u000,bmag_parallel_expected_k,0.010154974426762645,0.001489645680293123,0.0,5,equilibrium_files,mean_absolute_EBM_term_contribution,observed-comparison
bottleneck_unit,2864601_0.409:u000,compression_parallel_expected_k,0.009020907599190445,0.0008402608740519863,0.0,5,equilibrium_files,mean_absolute_EBM_term_contribution,observed-comparison
bottleneck_unit,2864601_0.409:u000,curvature_parallel_expected_k,0.016570218809093075,0.0008434049637835656,1.0,5,equilibrium_files,mean_absolute_EBM_term_contribution,observed-comparison
bottleneck_unit,2864601_0.409:u000,local_shear_abs_mean,0.004809721683869774,0.0006604446288714418,0.0,5,equilibrium_files,mean_absolute_EBM_term_contribution,observed-comparison
bottleneck_unit,2864601_0.409:u000,f_Q_integrand_w25_peak,0.0077092084306186835,0.0007804826364621716,0.0,5,equilibrium_files,mean_absolute_EBM_term_contribution,observed-comparison
bottleneck_unit,2864601_0.409:u000,geodesic_abs_w25_peak,0.016878394454769345,0.001406229851937008,1.0,5,equilibrium_files,mean_absolute_EBM_term_contribution,observed-comparison
bottleneck_unit,2864601_0.409:u001,a_over_LT,0.0016582751560312386,0.0005588949246559254,0.0,5,equilibrium_files,mean_absolute_EBM_term_contribution,observed-comparison
bottleneck_unit,2864601_0.409:u001,a_over_Ln,0.0010149186482567621,0.00044297973991414653,0.0,5,equilibrium_files,mean_absolute_EBM_term_contribution,observed-comparison
bottleneck_unit,2864601_0.409:u001,log_f_Q,0.0015286595094380297,0.0001629743939175927,0.0,5,equilibrium_files,mean_absolute_EBM_term_contribution,observed-comparison
bottleneck_unit,2864601_0.409:u001,f_stab,0.0022833507743398604,0.0001968664758807555,0.0,5,equilibrium_files,mean_absolute_EBM_term_contribution,observed-comparison
bottleneck_unit,2864601_0.409:u001,log_FSA_grad_x,0.00548190649291492,0.0010093948211843775,0.4,5,equilibrium_files,mean_absolute_EBM_term_contribution,observed-comparison
bottleneck_unit,2864601_0.409:u001,bad_curvature_compression,0.001986377269401458,0.00020478234127498148,0.0,5,equilibrium_files,mean_absolute_EBM_term_contribution,observed-comparison
bottleneck_unit,2864601_0.409:u001,paper_bad_curvature_feature_mean_square,0.0029005896000413923,0.00021018304730282755,0.0,5,equilibrium_files,mean_absolute_EBM_term_contribution,observed-comparison
bottleneck_unit,2864601_0.409:u001,geodesic_curvature_abs_mean,0.012164031596169703,0.0007953538928694865,1.0,5,equilibrium_files,mean_absolute_EBM_term_contribution,observed-comparison
bottleneck_unit,2864601_0.409:u001,geodesic_curvature_compression,0.0024704868836852517,0.0004949065819887554,0.0,5,equilibrium_files,mean_absolute_EBM_term_contribution,observed-comparison
bottleneck_unit,2864601_0.409:u001,parallel_roughness_iqr_scaled,0.00531847066656853,0.0006981380476949189,0.6,5,equilibrium_files,mean_absolute_EBM_term_contribution,observed-comparison
bottleneck_unit,2864601_0.409:u001,cross_channel_colocation,0.002670061524119972,0.0001754025736374062,0.0,5,equilibrium_files,mean_absolute_EBM_term_contribution,observed-comparison
bottleneck_unit,2864601_0.409:u001,bmag_parallel_expected_k,0.00445656260139214,0.0008833189344821102,0.2,5,equilibrium_files,mean_absolute_EBM_term_contribution,observed-comparison
bottleneck_unit,2864601_0.409:u001,compression_parallel_expected_k,0.0027012179985551614,0.00054788996118203,0.0,5,equilibrium_files,mean_absolute_EBM_term_contribution,observed-comparison
bottleneck_unit,2864601_0.409:u001,curvature_parallel_expected_k,0.004740992510421109,0.0005921017875797883,0.8,5,equilibrium_files,mean_absolute_EBM_term_contribution,observed-comparison
bottleneck_unit,2864601_0.409:u001,local_shear_abs_mean,0.011692796511255595,0.0011844866921227246,1.0,5,equilibrium_files,mean_absolute_EBM_term_contribution,observed-comparison
bottleneck_unit,2864601_0.409:u001,f_Q_integrand_w25_peak,0.007265127336856775,0.0002020053172269894,1.0,5,equilibrium_files,mean_absolute_EBM_term_contribution,observed-comparison
bottleneck_unit,2864601_0.409:u001,geodesic_abs_w25_peak,0.0034746420416979355,0.0007374743573545419,0.0,5,equilibrium_files,mean_absolute_EBM_term_contribution,observed-comparison
bottleneck_unit,2864601_0.409:u002,a_over_LT,0.002802893406539642,0.0005760673148159792,0.0,5,equilibrium_files,mean_absolute_EBM_term_contribution,observed-comparison
bottleneck_unit,2864601_0.409:u002,a_over_Ln,0.0034570356677589937,0.0014348784139777055,0.0,5,equilibrium_files,mean_absolute_EBM_term_contribution,observed-comparison
bottleneck_unit,2864601_0.409:u002,log_f_Q,0.006543222886489754,0.0015026069257260291,0.0,5,equilibrium_files,mean_absolute_EBM_term_contribution,observed-comparison
bottleneck_unit,2864601_0.409:u002,f_stab,0.01287717697444254,0.0018936444016057323,0.6,5,equilibrium_files,mean_absolute_EBM_term_contribution,observed-comparison
bottleneck_unit,2864601_0.409:u002,log_FSA_grad_x,0.005109798084995893,0.0013423342905545025,0.0,5,equilibrium_files,mean_absolute_EBM_term_contribution,observed-comparison
bottleneck_unit,2864601_0.409:u002,bad_curvature_compression,0.01713534891736244,0.001534535507035694,1.0,5,equilibrium_files,mean_absolute_EBM_term_contribution,observed-comparison
bottleneck_unit,2864601_0.409:u002,paper_bad_curvature_feature_mean_square,0.011095984812268285,0.0014289890573279927,0.2,5,equilibrium_files,mean_absolute_EBM_term_contribution,observed-comparison
bottleneck_unit,2864601_0.409:u002,geodesic_curvature_abs_mean,0.009658024638855475,0.001427514074798324,0.0,5,equilibrium_files,mean_absolute_EBM_term_contribution,observed-comparison
bottleneck_unit,2864601_0.409:u002,geodesic_curvature_compression,0.012542336069983059,0.001018501553407616,0.8,5,equilibrium_files,mean_absolute_EBM_term_contribution,observed-comparison
bottleneck_unit,2864601_0.409:u002,parallel_roughness_iqr_scaled,0.011524810358882646,0.0014226073360064208,0.6,5,equilibrium_files,mean_absolute_EBM_term_contribution,observed-comparison
bottleneck_unit,2864601_0.409:u002,cross_channel_colocation,0.008398852247267436,0.0012964310123613108,0.0,5,equilibrium_files,mean_absolute_EBM_term_contribution,observed-comparison
bottleneck_unit,2864601_0.409:u002,bmag_parallel_expected_k,0.003333904851894648,0.000995608081466626,0.0,5,equilibrium_files,mean_absolute_EBM_term_contribution,observed-comparison
bottleneck_unit,2864601_0.409:u002,compression_parallel_expected_k,0.0028065037152878447,0.0008638838524576096,0.0,5,equilibrium_files,mean_absolute_EBM_term_contribution,observed-comparison
bottleneck_unit,2864601_0.409:u002,curvature_parallel_expected_k,0.003324565321500405,0.001384449892927144,0.0,5,equilibrium_files,mean_absolute_EBM_term_contribution,observed-comparison
bottleneck_unit,2864601_0.409:u002,local_shear_abs_mean,0.004388518296756269,0.0009729983572735009,0.0,5,equilibrium_files,mean_absolute_EBM_term_contribution,observed-comparison
bottleneck_unit,2864601_0.409:u002,f_Q_integrand_w25_peak,0.013054750243522909,0.0018285048177416644,0.8,5,equilibrium_files,mean_absolute_EBM_term_contribution,observed-comparison
bottleneck_unit,2864601_0.409:u002,geodesic_abs_w25_peak,0.015656603833815674,0.0017506669696501329,1.0,5,equilibrium_files,mean_absolute_EBM_term_contribution,observed-comparison
bottleneck_unit,2864601_0.409:u003,a_over_LT,0.008281447103299647,0.002631908658606082,0.0,5,equilibrium_files,mean_absolute_EBM_term_contribution,observed-comparison
bottleneck_unit,2864601_0.409:u003,a_over_Ln,0.005613993221706455,0.0014439161289076805,0.0,5,equilibrium_files,mean_absolute_EBM_term_contribution,observed-comparison
bottleneck_unit,2864601_0.409:u003,log_f_Q,0.012787614139547907,0.0016357835458500013,0.0,5,equilibrium_files,mean_absolute_EBM_term_contribution,observed-comparison
bottleneck_unit,2864601_0.409:u003,f_stab,0.08003014677274009,0.0015903115539496683,1.0,5,equilibrium_files,mean_absolute_EBM_term_contribution,observed-comparison
bottleneck_unit,2864601_0.409:u003,log_FSA_grad_x,0.021443899260586936,0.0019177870082486878,0.6,5,equilibrium_files,mean_absolute_EBM_term_contribution,observed-comparison
bottleneck_unit,2864601_0.409:u003,bad_curvature_compression,0.037543706651299205,0.0025891340843233893,1.0,5,equilibrium_files,mean_absolute_EBM_term_contribution,observed-comparison
bottleneck_unit,2864601_0.409:u003,paper_bad_curvature_feature_mean_square,0.012402624525815984,0.0015001942630902855,0.0,5,equilibrium_files,mean_absolute_EBM_term_contribution,observed-comparison
bottleneck_unit,2864601_0.409:u003,geodesic_curvature_abs_mean,0.015640558123327663,0.002249652059569297,0.0,5,equilibrium_files,mean_absolute_EBM_term_contribution,observed-comparison
bottleneck_unit,2864601_0.409:u003,geodesic_curvature_compression,0.006067849694564916,0.0005699681722837164,0.0,5,equilibrium_files,mean_absolute_EBM_term_contribution,observed-comparison
bottleneck_unit,2864601_0.409:u003,parallel_roughness_iqr_scaled,0.01294264631980151,0.0013508659345419275,0.0,5,equilibrium_files,mean_absolute_EBM_term_contribution,observed-comparison
bottleneck_unit,2864601_0.409:u003,cross_channel_colocation,0.018904282651660883,0.0018825552923221129,0.4,5,equilibrium_files,mean_absolute_EBM_term_contribution,observed-comparison
bottleneck_unit,2864601_0.409:u003,bmag_parallel_expected_k,0.022154762622898283,0.002846145962333833,0.6,5,equilibrium_files,mean_absolute_EBM_term_contribution,observed-comparison
bottleneck_unit,2864601_0.409:u003,compression_parallel_expected_k,0.009302530382281562,0.003627988907959885,0.0,5,equilibrium_files,mean_absolute_EBM_term_contribution,observed-comparison
bottleneck_unit,2864601_0.409:u003,curvature_parallel_expected_k,0.018610712967807155,0.0019957079900268008,0.0,5,equilibrium_files,mean_absolute_EBM_term_contribution,observed-comparison
bottleneck_unit,2864601_0.409:u003,local_shear_abs_mean,0.017584774400332345,0.00255187455646117,0.2,5,equilibrium_files,mean_absolute_EBM_term_contribution,observed-comparison
bottleneck_unit,2864601_0.409:u003,f_Q_integrand_w25_peak,0.04273076755670287,0.003121130313497075,1.0,5,equilibrium_files,mean_absolute_EBM_term_contribution,observed-comparison
bottleneck_unit,2864601_0.409:u003,geodesic_abs_w25_peak,0.01916190930925115,0.003109469541023338,0.2,5,equilibrium_files,mean_absolute_EBM_term_contribution,observed-comparison
bottleneck_unit,2864601_0.409:u004,a_over_LT,0.0032307188550908554,0.0010340206413153783,0.0,5,equilibrium_files,mean_absolute_EBM_term_contribution,observed-comparison
bottleneck_unit,2864601_0.409:u004,a_over_Ln,0.0023422454994727207,0.000542958787139427,0.0,5,equilibrium_files,mean_absolute_EBM_term_contribution,observed-comparison
bottleneck_unit,2864601_0.409:u004,log_f_Q,0.008978498118149674,0.0007766889939004498,0.0,5,equilibrium_files,mean_absolute_EBM_term_contribution,observed-comparison
bottleneck_unit,2864601_0.409:u004,f_stab,0.0487016200453112,0.0011629748462207523,1.0,5,equilibrium_files,mean_absolute_EBM_term_contribution,observed-comparison
bottleneck_unit,2864601_0.409:u004,log_FSA_grad_x,0.008721209950303867,0.001305375169816195,0.0,5,equilibrium_files,mean_absolute_EBM_term_contribution,observed-comparison
bottleneck_unit,2864601_0.409:u004,bad_curvature_compression,0.011994524943647885,0.001057722353073541,0.0,5,equilibrium_files,mean_absolute_EBM_term_contribution,observed-comparison
bottleneck_unit,2864601_0.409:u004,paper_bad_curvature_feature_mean_square,0.010068034961317154,0.0009078834160954787,0.0,5,equilibrium_files,mean_absolute_EBM_term_contribution,observed-comparison
bottleneck_unit,2864601_0.409:u004,geodesic_curvature_abs_mean,0.026128305588925933,0.0016633509773477755,1.0,5,equilibrium_files,mean_absolute_EBM_term_contribution,observed-comparison
bottleneck_unit,2864601_0.409:u004,geodesic_curvature_compression,0.01264450746394703,0.0011934580066375994,0.4,5,equilibrium_files,mean_absolute_EBM_term_contribution,observed-comparison
bottleneck_unit,2864601_0.409:u004,parallel_roughness_iqr_scaled,0.014305179683595164,0.0025856799264325587,0.6,5,equilibrium_files,mean_absolute_EBM_term_contribution,observed-comparison
bottleneck_unit,2864601_0.409:u004,cross_channel_colocation,0.012682243827458316,0.00036209166246510717,0.0,5,equilibrium_files,mean_absolute_EBM_term_contribution,observed-comparison
bottleneck_unit,2864601_0.409:u004,bmag_parallel_expected_k,0.007469950562580914,0.0012317301048196693,0.0,5,equilibrium_files,mean_absolute_EBM_term_contribution,observed-comparison
bottleneck_unit,2864601_0.409:u004,compression_parallel_expected_k,0.0077200415854691935,0.0009019455389230359,0.0,5,equilibrium_files,mean_absolute_EBM_term_contribution,observed-comparison
bottleneck_unit,2864601_0.409:u004,curvature_parallel_expected_k,0.012030697518321466,0.0023039352964725384,0.2,5,equilibrium_files,mean_absolute_EBM_term_contribution,observed-comparison
bottleneck_unit,2864601_0.409:u004,local_shear_abs_mean,0.04753666418390101,0.001076340606836325,1.0,5,equilibrium_files,mean_absolute_EBM_term_contribution,observed-comparison
bottleneck_unit,2864601_0.409:u004,f_Q_integrand_w25_peak,0.009675755505311434,0.0012384766497485634,0.0,5,equilibrium_files,mean_absolute_EBM_term_contribution,observed-comparison
bottleneck_unit,2864601_0.409:u004,geodesic_abs_w25_peak,0.014994243308033655,0.0018517467393900245,0.8,5,equilibrium_files,mean_absolute_EBM_term_contribution,observed-comparison
bottleneck_unit,2864601_0.409:u005,a_over_LT,0.012869070054384785,0.0036277578708450876,0.0,5,equilibrium_files,mean_absolute_EBM_term_contribution,observed-comparison
bottleneck_unit,2864601_0.409:u005,a_over_Ln,0.005018158750984276,0.0018203781797304006,0.0,5,equilibrium_files,mean_absolute_EBM_term_contribution,observed-comparison
bottleneck_unit,2864601_0.409:u005,log_f_Q,0.017986516876932694,0.0015585973092222853,0.0,5,equilibrium_files,mean_absolute_EBM_term_contribution,observed-comparison
bottleneck_unit,2864601_0.409:u005,f_stab,0.1272023078632845,0.0022549644913359562,1.0,5,equilibrium_files,mean_absolute_EBM_term_contribution,observed-comparison
bottleneck_unit,2864601_0.409:u005,log_FSA_grad_x,0.0324942406607886,0.0015492370238790619,0.2,5,equilibrium_files,mean_absolute_EBM_term_contribution,observed-comparison
bottleneck_unit,2864601_0.409:u005,bad_curvature_compression,0.01425290274618023,0.0027668916755960457,0.0,5,equilibrium_files,mean_absolute_EBM_term_contribution,observed-comparison
bottleneck_unit,2864601_0.409:u005,paper_bad_curvature_feature_mean_square,0.032998022751022274,0.0025312794148960476,0.2,5,equilibrium_files,mean_absolute_EBM_term_contribution,observed-comparison
bottleneck_unit,2864601_0.409:u005,geodesic_curvature_abs_mean,0.03375216695089308,0.0006634148940233936,0.8,5,equilibrium_files,mean_absolute_EBM_term_contribution,observed-comparison
bottleneck_unit,2864601_0.409:u005,geodesic_curvature_compression,0.018612497940952107,0.0013536652559540212,0.0,5,equilibrium_files,mean_absolute_EBM_term_contribution,observed-comparison
bottleneck_unit,2864601_0.409:u005,parallel_roughness_iqr_scaled,0.05340311652824255,0.0025462975917382447,1.0,5,equilibrium_files,mean_absolute_EBM_term_contribution,observed-comparison
bottleneck_unit,2864601_0.409:u005,cross_channel_colocation,0.03741624856846707,0.0033033966874455385,0.8,5,equilibrium_files,mean_absolute_EBM_term_contribution,observed-comparison
bottleneck_unit,2864601_0.409:u005,bmag_parallel_expected_k,0.01789918908349263,0.0011876142366363555,0.0,5,equilibrium_files,mean_absolute_EBM_term_contribution,observed-comparison
bottleneck_unit,2864601_0.409:u005,compression_parallel_expected_k,0.022196406403554286,0.004484105049523462,0.0,5,equilibrium_files,mean_absolute_EBM_term_contribution,observed-comparison
bottleneck_unit,2864601_0.409:u005,curvature_parallel_expected_k,0.025964324942418814,0.0032381517889573464,0.0,5,equilibrium_files,mean_absolute_EBM_term_contribution,observed-comparison
bottleneck_unit,2864601_0.409:u005,local_shear_abs_mean,0.04912181578080632,0.0021769683843606796,1.0,5,equilibrium_files,mean_absolute_EBM_term_contribution,observed-comparison
bottleneck_unit,2864601_0.409:u005,f_Q_integrand_w25_peak,0.022065096936433944,0.001778125182414436,0.0,5,equilibrium_files,mean_absolute_EBM_term_contribution,observed-comparison
bottleneck_unit,2864601_0.409:u005,geodesic_abs_w25_peak,0.017804712361941984,0.0006917576126743402,0.0,5,equilibrium_files,mean_absolute_EBM_term_contribution,observed-comparison
bottleneck_unit,2864601_0.409:u006,a_over_LT,0.007827927341945436,0.0012076953946798966,0.0,5,equilibrium_files,mean_absolute_EBM_term_contribution,observed-comparison
bottleneck_unit,2864601_0.409:u006,a_over_Ln,0.005111428978588921,0.0026714557408539117,0.0,5,equilibrium_files,mean_absolute_EBM_term_contribution,observed-comparison
bottleneck_unit,2864601_0.409:u006,log_f_Q,0.02000081972674294,0.0013228156809750487,0.0,5,equilibrium_files,mean_absolute_EBM_term_contribution,observed-comparison
bottleneck_unit,2864601_0.409:u006,f_stab,0.016342632573531128,0.001594882110158316,0.0,5,equilibrium_files,mean_absolute_EBM_term_contribution,observed-comparison
bottleneck_unit,2864601_0.409:u006,log_FSA_grad_x,0.029841878478039936,0.0012837104664905892,0.0,5,equilibrium_files,mean_absolute_EBM_term_contribution,observed-comparison
bottleneck_unit,2864601_0.409:u006,bad_curvature_compression,0.034278269135246335,0.0023140712309677536,1.0,5,equilibrium_files,mean_absolute_EBM_term_contribution,observed-comparison
bottleneck_unit,2864601_0.409:u006,paper_bad_curvature_feature_mean_square,0.01769472328117869,0.0005526408905836413,0.0,5,equilibrium_files,mean_absolute_EBM_term_contribution,observed-comparison
bottleneck_unit,2864601_0.409:u006,geodesic_curvature_abs_mean,0.03822614003294083,0.0026471904424950387,1.0,5,equilibrium_files,mean_absolute_EBM_term_contribution,observed-comparison
bottleneck_unit,2864601_0.409:u006,geodesic_curvature_compression,0.040957316874879926,0.0024544055325943013,1.0,5,equilibrium_files,mean_absolute_EBM_term_contribution,observed-comparison
bottleneck_unit,2864601_0.409:u006,parallel_roughness_iqr_scaled,0.03456603811043688,0.0018077391347170806,1.0,5,equilibrium_files,mean_absolute_EBM_term_contribution,observed-comparison
bottleneck_unit,2864601_0.409:u006,cross_channel_colocation,0.013608357914688193,0.0014306739245028973,0.0,5,equilibrium_files,mean_absolute_EBM_term_contribution,observed-comparison
bottleneck_unit,2864601_0.409:u006,bmag_parallel_expected_k,0.026143851085027574,0.0015703811169596306,0.0,5,equilibrium_files,mean_absolute_EBM_term_contribution,observed-comparison
bottleneck_unit,2864601_0.409:u006,compression_parallel_expected_k,0.016235355620368635,0.0006649435420710086,0.0,5,equilibrium_files,mean_absolute_EBM_term_contribution,observed-comparison
bottleneck_unit,2864601_0.409:u006,curvature_parallel_expected_k,0.016772683215194952,0.001123089584031422,0.0,5,equilibrium_files,mean_absolute_EBM_term_contribution,observed-comparison
bottleneck_unit,2864601_0.409:u006,local_shear_abs_mean,0.09026062081182541,0.004463547153122818,1.0,5,equilibrium_files,mean_absolute_EBM_term_contribution,observed-comparison
bottleneck_unit,2864601_0.409:u006,f_Q_integrand_w25_peak,0.01069884808409602,0.0025248926776384978,0.0,5,equilibrium_files,mean_absolute_EBM_term_contribution,observed-comparison
bottleneck_unit,2864601_0.409:u006,geodesic_abs_w25_peak,0.01861411770693126,0.0011070980502207502,0.0,5,equilibrium_files,mean_absolute_EBM_term_contribution,observed-comparison
bottleneck_unit,2864601_0.409:u007,a_over_LT,0.008948532200265763,0.0009652078649569206,0.0,5,equilibrium_files,mean_absolute_EBM_term_contribution,observed-comparison
bottleneck_unit,2864601_0.409:u007,a_over_Ln,0.003256370593869768,0.0009679047149036492,0.0,5,equilibrium_files,mean_absolute_EBM_term_contribution,observed-comparison
bottleneck_unit,2864601_0.409:u007,log_f_Q,0.01453005776784121,0.0008023811951065044,0.8,5,equilibrium_files,mean_absolute_EBM_term_contribution,observed-comparison
bottleneck_unit,2864601_0.409:u007,f_stab,0.02018890720508775,0.0016633255401673392,1.0,5,equilibrium_files,mean_absolute_EBM_term_contribution,observed-comparison
bottleneck_unit,2864601_0.409:u007,log_FSA_grad_x,0.017071468566460284,0.0013526865864615168,1.0,5,equilibrium_files,mean_absolute_EBM_term_contribution,observed-comparison
bottleneck_unit,2864601_0.409:u007,bad_curvature_compression,0.008686062493635367,0.0017519325148674363,0.0,5,equilibrium_files,mean_absolute_EBM_term_contribution,observed-comparison
bottleneck_unit,2864601_0.409:u007,paper_bad_curvature_feature_mean_square,0.010908178338217101,0.0009291220470067045,0.0,5,equilibrium_files,mean_absolute_EBM_term_contribution,observed-comparison
bottleneck_unit,2864601_0.409:u007,geodesic_curvature_abs_mean,0.005960235336446577,0.001165643563991975,0.0,5,equilibrium_files,mean_absolute_EBM_term_contribution,observed-comparison
bottleneck_unit,2864601_0.409:u007,geodesic_curvature_compression,0.0160785195746951,0.001207985447542284,1.0,5,equilibrium_files,mean_absolute_EBM_term_contribution,observed-comparison
bottleneck_unit,2864601_0.409:u007,parallel_roughness_iqr_scaled,0.007847417834385934,0.001146166892120789,0.0,5,equilibrium_files,mean_absolute_EBM_term_contribution,observed-comparison
bottleneck_unit,2864601_0.409:u007,cross_channel_colocation,0.009766963038890287,0.0010268376334468935,0.0,5,equilibrium_files,mean_absolute_EBM_term_contribution,observed-comparison
bottleneck_unit,2864601_0.409:u007,bmag_parallel_expected_k,0.00775784871973958,0.001251961081882458,0.0,5,equilibrium_files,mean_absolute_EBM_term_contribution,observed-comparison
bottleneck_unit,2864601_0.409:u007,compression_parallel_expected_k,0.003947108990696476,0.0010947126631379578,0.0,5,equilibrium_files,mean_absolute_EBM_term_contribution,observed-comparison
bottleneck_unit,2864601_0.409:u007,curvature_parallel_expected_k,0.004593254427822672,0.0006963725391615355,0.0,5,equilibrium_files,mean_absolute_EBM_term_contribution,observed-comparison
bottleneck_unit,2864601_0.409:u007,local_shear_abs_mean,0.013000675342534662,0.0021982195033589634,0.4,5,equilibrium_files,mean_absolute_EBM_term_contribution,observed-comparison
bottleneck_unit,2864601_0.409:u007,f_Q_integrand_w25_peak,0.01466107625176546,0.0011627478065143906,0.8,5,equilibrium_files,mean_absolute_EBM_term_contribution,observed-comparison
bottleneck_unit,2864601_0.409:u007,geodesic_abs_w25_peak,0.005507732752644399,0.0005957357319477843,0.0,5,equilibrium_files,mean_absolute_EBM_term_contribution,observed-comparison
bottleneck_unit,2864601_0.409:u008,a_over_LT,0.007499536907897101,0.0015994144080173234,0.0,5,equilibrium_files,mean_absolute_EBM_term_contribution,observed-comparison
bottleneck_unit,2864601_0.409:u008,a_over_Ln,0.006315006892323119,0.0008627412860624476,0.0,5,equilibrium_files,mean_absolute_EBM_term_contribution,observed-comparison
bottleneck_unit,2864601_0.409:u008,log_f_Q,0.011126274623570192,0.0008063344600090337,0.0,5,equilibrium_files,mean_absolute_EBM_term_contribution,observed-comparison
bottleneck_unit,2864601_0.409:u008,f_stab,0.029499679867156174,0.0022067749303364484,1.0,5,equilibrium_files,mean_absolute_EBM_term_contribution,observed-comparison
bottleneck_unit,2864601_0.409:u008,log_FSA_grad_x,0.02515321295280911,0.0019299015287993302,1.0,5,equilibrium_files,mean_absolute_EBM_term_contribution,observed-comparison
bottleneck_unit,2864601_0.409:u008,bad_curvature_compression,0.007579143010532731,0.0015085496128172224,0.0,5,equilibrium_files,mean_absolute_EBM_term_contribution,observed-comparison
bottleneck_unit,2864601_0.409:u008,paper_bad_curvature_feature_mean_square,0.016615007631778655,0.0017473677943655305,0.8,5,equilibrium_files,mean_absolute_EBM_term_contribution,observed-comparison
bottleneck_unit,2864601_0.409:u008,geodesic_curvature_abs_mean,0.01454116529778024,0.00041453324250995366,0.4,5,equilibrium_files,mean_absolute_EBM_term_contribution,observed-comparison
bottleneck_unit,2864601_0.409:u008,geodesic_curvature_compression,0.01033225865107057,0.0013510852944974598,0.0,5,equilibrium_files,mean_absolute_EBM_term_contribution,observed-comparison
bottleneck_unit,2864601_0.409:u008,parallel_roughness_iqr_scaled,0.0291757429069193,0.0020179392445728674,1.0,5,equilibrium_files,mean_absolute_EBM_term_contribution,observed-comparison
bottleneck_unit,2864601_0.409:u008,cross_channel_colocation,0.014690094205134493,0.0009690372282641156,0.8,5,equilibrium_files,mean_absolute_EBM_term_contribution,observed-comparison
bottleneck_unit,2864601_0.409:u008,bmag_parallel_expected_k,0.006941976340823447,0.0009043868165314572,0.0,5,equilibrium_files,mean_absolute_EBM_term_contribution,observed-comparison
bottleneck_unit,2864601_0.409:u008,compression_parallel_expected_k,0.007608683344809482,0.0013763715634454894,0.0,5,equilibrium_files,mean_absolute_EBM_term_contribution,observed-comparison
bottleneck_unit,2864601_0.409:u008,curvature_parallel_expected_k,0.010575211386375846,0.0012221840587563059,0.0,5,equilibrium_files,mean_absolute_EBM_term_contribution,observed-comparison
bottleneck_unit,2864601_0.409:u008,local_shear_abs_mean,0.012423903843788851,0.0011997586362857834,0.0,5,equilibrium_files,mean_absolute_EBM_term_contribution,observed-comparison
bottleneck_unit,2864601_0.409:u008,f_Q_integrand_w25_peak,0.010653128934999884,0.0018888802384038695,0.0,5,equilibrium_files,mean_absolute_EBM_term_contribution,observed-comparison
bottleneck_unit,2864601_0.409:u008,geodesic_abs_w25_peak,0.006666801220012503,0.0010878232882554427,0.0,5,equilibrium_files,mean_absolute_EBM_term_contribution,observed-comparison
bottleneck_unit,2864601_0.409:u009,a_over_LT,0.004262277287017163,0.0008291173561171683,0.0,5,equilibrium_files,mean_absolute_EBM_term_contribution,observed-comparison
bottleneck_unit,2864601_0.409:u009,a_over_Ln,0.00540444186033103,0.0010495193254806128,0.0,5,equilibrium_files,mean_absolute_EBM_term_contribution,observed-comparison
bottleneck_unit,2864601_0.409:u009,log_f_Q,0.006120884457649563,0.0008809001555006947,0.0,5,equilibrium_files,mean_absolute_EBM_term_contribution,observed-comparison
bottleneck_unit,2864601_0.409:u009,f_stab,0.023291346335370437,0.002222492741824807,0.8,5,equilibrium_files,mean_absolute_EBM_term_contribution,observed-comparison
bottleneck_unit,2864601_0.409:u009,log_FSA_grad_x,0.007690984812033441,0.0007427651602174711,0.0,5,equilibrium_files,mean_absolute_EBM_term_contribution,observed-comparison
bottleneck_unit,2864601_0.409:u009,bad_curvature_compression,0.02206136695469329,0.0020371561029983174,0.8,5,equilibrium_files,mean_absolute_EBM_term_contribution,observed-comparison
bottleneck_unit,2864601_0.409:u009,paper_bad_curvature_feature_mean_square,0.010788701640076333,0.0011227202992561813,0.0,5,equilibrium_files,mean_absolute_EBM_term_contribution,observed-comparison
bottleneck_unit,2864601_0.409:u009,geodesic_curvature_abs_mean,0.008875518447512694,0.0012593173833010212,0.0,5,equilibrium_files,mean_absolute_EBM_term_contribution,observed-comparison
bottleneck_unit,2864601_0.409:u009,geodesic_curvature_compression,0.024933947805352942,0.002301493531207595,1.0,5,equilibrium_files,mean_absolute_EBM_term_contribution,observed-comparison
bottleneck_unit,2864601_0.409:u009,parallel_roughness_iqr_scaled,0.01375575491308537,0.003563540492774501,0.0,5,equilibrium_files,mean_absolute_EBM_term_contribution,observed-comparison
bottleneck_unit,2864601_0.409:u009,cross_channel_colocation,0.00643263182921377,0.0006462131937607758,0.0,5,equilibrium_files,mean_absolute_EBM_term_contribution,observed-comparison
bottleneck_unit,2864601_0.409:u009,bmag_parallel_expected_k,0.019400088890565582,0.001457704235813622,0.6,5,equilibrium_files,mean_absolute_EBM_term_contribution,observed-comparison
bottleneck_unit,2864601_0.409:u009,compression_parallel_expected_k,0.006030264567602547,0.0012461930626724421,0.0,5,equilibrium_files,mean_absolute_EBM_term_contribution,observed-comparison
bottleneck_unit,2864601_0.409:u009,curvature_parallel_expected_k,0.02125453901234836,0.0016593761338582725,0.8,5,equilibrium_files,mean_absolute_EBM_term_contribution,observed-comparison
bottleneck_unit,2864601_0.409:u009,local_shear_abs_mean,0.019404098994165835,0.0007519535212292888,0.0,5,equilibrium_files,mean_absolute_EBM_term_contribution,observed-comparison
bottleneck_unit,2864601_0.409:u009,f_Q_integrand_w25_peak,0.029305557957097494,0.00540167215633322,1.0,5,equilibrium_files,mean_absolute_EBM_term_contribution,observed-comparison
bottleneck_unit,2864601_0.409:u009,geodesic_abs_w25_peak,0.006345211660279791,0.0018240436645435823,0.0,5,equilibrium_files,mean_absolute_EBM_term_contribution,observed-comparison
bottleneck_unit,2864601_0.409:u010,a_over_LT,0.006046178206032442,0.0007406664672807107,0.8,5,equilibrium_files,mean_absolute_EBM_term_contribution,observed-comparison
bottleneck_unit,2864601_0.409:u010,a_over_Ln,0.0031816152725871885,0.0005467162283934243,0.0,5,equilibrium_files,mean_absolute_EBM_term_contribution,observed-comparison
bottleneck_unit,2864601_0.409:u010,log_f_Q,0.005183592622756134,0.001054107020891205,0.4,5,equilibrium_files,mean_absolute_EBM_term_contribution,observed-comparison
bottleneck_unit,2864601_0.409:u010,f_stab,0.006704988192667571,0.0008853442948426856,0.8,5,equilibrium_files,mean_absolute_EBM_term_contribution,observed-comparison
bottleneck_unit,2864601_0.409:u010,log_FSA_grad_x,0.0074356729415974866,0.0004542450799850617,1.0,5,equilibrium_files,mean_absolute_EBM_term_contribution,observed-comparison
bottleneck_unit,2864601_0.409:u010,bad_curvature_compression,0.0019642121746227697,0.0003987193411802742,0.0,5,equilibrium_files,mean_absolute_EBM_term_contribution,observed-comparison
bottleneck_unit,2864601_0.409:u010,paper_bad_curvature_feature_mean_square,0.0022334048487281277,0.0001854061385493738,0.0,5,equilibrium_files,mean_absolute_EBM_term_contribution,observed-comparison
bottleneck_unit,2864601_0.409:u010,geodesic_curvature_abs_mean,0.004091981992236251,0.0006305553522793782,0.0,5,equilibrium_files,mean_absolute_EBM_term_contribution,observed-comparison
bottleneck_unit,2864601_0.409:u010,geodesic_curvature_compression,0.003726665157843453,0.0007783412264637278,0.0,5,equilibrium_files,mean_absolute_EBM_term_contribution,observed-comparison
bottleneck_unit,2864601_0.409:u010,parallel_roughness_iqr_scaled,0.005758778509837026,0.00041537230254302964,0.6,5,equilibrium_files,mean_absolute_EBM_term_contribution,observed-comparison
bottleneck_unit,2864601_0.409:u010,cross_channel_colocation,0.002608486509589881,0.0008205726850525222,0.0,5,equilibrium_files,mean_absolute_EBM_term_contribution,observed-comparison
bottleneck_unit,2864601_0.409:u010,bmag_parallel_expected_k,0.0025459954410774347,0.0005876192137311842,0.0,5,equilibrium_files,mean_absolute_EBM_term_contribution,observed-comparison
bottleneck_unit,2864601_0.409:u010,compression_parallel_expected_k,0.005674321221378226,0.0011095723660234967,0.4,5,equilibrium_files,mean_absolute_EBM_term_contribution,observed-comparison
bottleneck_unit,2864601_0.409:u010,curvature_parallel_expected_k,0.0024973930291858565,0.0006943873154655415,0.0,5,equilibrium_files,mean_absolute_EBM_term_contribution,observed-comparison
bottleneck_unit,2864601_0.409:u010,local_shear_abs_mean,0.006878145174518022,0.0006495906365756134,0.8,5,equilibrium_files,mean_absolute_EBM_term_contribution,observed-comparison
bottleneck_unit,2864601_0.409:u010,f_Q_integrand_w25_peak,0.005101839770749622,0.0009172417191387937,0.2,5,equilibrium_files,mean_absolute_EBM_term_contribution,observed-comparison
bottleneck_unit,2864601_0.409:u010,geodesic_abs_w25_peak,0.0034823320326437617,0.000995294835363523,0.0,5,equilibrium_files,mean_absolute_EBM_term_contribution,observed-comparison
bottleneck_unit,2864601_0.409:u011,a_over_LT,0.015013511002269308,0.0024140729665679743,0.0,5,equilibrium_files,mean_absolute_EBM_term_contribution,observed-comparison
bottleneck_unit,2864601_0.409:u011,a_over_Ln,0.004915771669917021,0.0005257931319208343,0.0,5,equilibrium_files,mean_absolute_EBM_term_contribution,observed-comparison
bottleneck_unit,2864601_0.409:u011,log_f_Q,0.00893298007411576,0.0009308900217202289,0.0,5,equilibrium_files,mean_absolute_EBM_term_contribution,observed-comparison
bottleneck_unit,2864601_0.409:u011,f_stab,0.020458233313899128,0.003004781627694006,0.0,5,equilibrium_files,mean_absolute_EBM_term_contribution,observed-comparison
bottleneck_unit,2864601_0.409:u011,log_FSA_grad_x,0.06586518014622865,0.001655391607068307,1.0,5,equilibrium_files,mean_absolute_EBM_term_contribution,observed-comparison
bottleneck_unit,2864601_0.409:u011,bad_curvature_compression,0.025388549340477663,0.0022099143460573346,0.0,5,equilibrium_files,mean_absolute_EBM_term_contribution,observed-comparison
bottleneck_unit,2864601_0.409:u011,paper_bad_curvature_feature_mean_square,0.004236630648209713,0.0006515431752682673,0.0,5,equilibrium_files,mean_absolute_EBM_term_contribution,observed-comparison
bottleneck_unit,2864601_0.409:u011,geodesic_curvature_abs_mean,0.020059128544786312,0.002084781711433587,0.0,5,equilibrium_files,mean_absolute_EBM_term_contribution,observed-comparison
bottleneck_unit,2864601_0.409:u011,geodesic_curvature_compression,0.03281564478584847,0.0012805062167424602,1.0,5,equilibrium_files,mean_absolute_EBM_term_contribution,observed-comparison
bottleneck_unit,2864601_0.409:u011,parallel_roughness_iqr_scaled,0.03804616129707873,0.003986356276652654,1.0,5,equilibrium_files,mean_absolute_EBM_term_contribution,observed-comparison
bottleneck_unit,2864601_0.409:u011,cross_channel_colocation,0.019733393369274908,0.0006619885191086897,0.0,5,equilibrium_files,mean_absolute_EBM_term_contribution,observed-comparison
bottleneck_unit,2864601_0.409:u011,bmag_parallel_expected_k,0.01235305170455395,0.001144933412780168,0.0,5,equilibrium_files,mean_absolute_EBM_term_contribution,observed-comparison
bottleneck_unit,2864601_0.409:u011,compression_parallel_expected_k,0.017401322810823405,0.0024880376015124564,0.0,5,equilibrium_files,mean_absolute_EBM_term_contribution,observed-comparison
bottleneck_unit,2864601_0.409:u011,curvature_parallel_expected_k,0.010477118691248996,0.0006328660191888583,0.0,5,equilibrium_files,mean_absolute_EBM_term_contribution,observed-comparison
bottleneck_unit,2864601_0.409:u011,local_shear_abs_mean,0.031262848403367675,0.0018122007925303815,1.0,5,equilibrium_files,mean_absolute_EBM_term_contribution,observed-comparison
bottleneck_unit,2864601_0.409:u011,f_Q_integrand_w25_peak,0.016419040733661634,0.0021112814130116726,0.0,5,equilibrium_files,mean_absolute_EBM_term_contribution,observed-comparison
bottleneck_unit,2864601_0.409:u011,geodesic_abs_w25_peak,0.035981660747795186,0.0025154471206986473,1.0,5,equilibrium_files,mean_absolute_EBM_term_contribution,observed-comparison
bottleneck_unit,2864601_0.409:u012,a_over_LT,0.0016539950561541485,0.00022531918891041468,0.0,5,equilibrium_files,mean_absolute_EBM_term_contribution,observed-comparison
bottleneck_unit,2864601_0.409:u012,a_over_Ln,0.0005406011501226197,0.0001226351703460423,0.0,5,equilibrium_files,mean_absolute_EBM_term_contribution,observed-comparison
bottleneck_unit,2864601_0.409:u012,log_f_Q,0.003576131523078005,0.00020115504025791753,0.0,5,equilibrium_files,mean_absolute_EBM_term_contribution,observed-comparison
bottleneck_unit,2864601_0.409:u012,f_stab,0.010410530951711022,0.0006825126413791925,1.0,5,equilibrium_files,mean_absolute_EBM_term_contribution,observed-comparison
bottleneck_unit,2864601_0.409:u012,log_FSA_grad_x,0.003951076554325036,0.0003880492119103988,0.4,5,equilibrium_files,mean_absolute_EBM_term_contribution,observed-comparison
bottleneck_unit,2864601_0.409:u012,bad_curvature_compression,0.00412519309509642,0.0006044514241015929,0.6,5,equilibrium_files,mean_absolute_EBM_term_contribution,observed-comparison
bottleneck_unit,2864601_0.409:u012,paper_bad_curvature_feature_mean_square,0.004656900448572168,0.0003364095204895717,1.0,5,equilibrium_files,mean_absolute_EBM_term_contribution,observed-comparison
bottleneck_unit,2864601_0.409:u012,geodesic_curvature_abs_mean,0.0019470060924433607,0.00030799899461332847,0.0,5,equilibrium_files,mean_absolute_EBM_term_contribution,observed-comparison
bottleneck_unit,2864601_0.409:u012,geodesic_curvature_compression,0.0031329280195594084,0.0002486192053706806,0.0,5,equilibrium_files,mean_absolute_EBM_term_contribution,observed-comparison
bottleneck_unit,2864601_0.409:u012,parallel_roughness_iqr_scaled,0.003436300465303247,0.0007439489773486111,0.2,5,equilibrium_files,mean_absolute_EBM_term_contribution,observed-comparison
bottleneck_unit,2864601_0.409:u012,cross_channel_colocation,0.004553602277694769,0.00042086384980864213,0.8,5,equilibrium_files,mean_absolute_EBM_term_contribution,observed-comparison
bottleneck_unit,2864601_0.409:u012,bmag_parallel_expected_k,0.0012214819549293038,0.0003230917024438081,0.0,5,equilibrium_files,mean_absolute_EBM_term_contribution,observed-comparison
bottleneck_unit,2864601_0.409:u012,compression_parallel_expected_k,0.0021452403535133936,0.0005312495846159471,0.0,5,equilibrium_files,mean_absolute_EBM_term_contribution,observed-comparison
bottleneck_unit,2864601_0.409:u012,curvature_parallel_expected_k,0.0023680524486032343,0.0005765390316657578,0.0,5,equilibrium_files,mean_absolute_EBM_term_contribution,observed-comparison
bottleneck_unit,2864601_0.409:u012,local_shear_abs_mean,0.0022320127285313184,0.00038768444108482596,0.0,5,equilibrium_files,mean_absolute_EBM_term_contribution,observed-comparison
bottleneck_unit,2864601_0.409:u012,f_Q_integrand_w25_peak,0.004532437042635426,0.000637160915200125,0.8,5,equilibrium_files,mean_absolute_EBM_term_contribution,observed-comparison
bottleneck_unit,2864601_0.409:u012,geodesic_abs_w25_peak,0.003867851113564515,0.0004755970350152734,0.2,5,equilibrium_files,mean_absolute_EBM_term_contribution,observed-comparison
bottleneck_unit,2864601_0.409:u013,a_over_LT,0.0032008725997780757,0.0007641010553021688,0.0,5,equilibrium_files,mean_absolute_EBM_term_contribution,observed-comparison
bottleneck_unit,2864601_0.409:u013,a_over_Ln,0.0019076721243943707,0.0005758914281185671,0.0,5,equilibrium_files,mean_absolute_EBM_term_contribution,observed-comparison
bottleneck_unit,2864601_0.409:u013,log_f_Q,0.0033526291333663694,0.000507359166794525,0.0,5,equilibrium_files,mean_absolute_EBM_term_contribution,observed-comparison
bottleneck_unit,2864601_0.409:u013,f_stab,0.009582872133925694,0.0007237557443157812,1.0,5,equilibrium_files,mean_absolute_EBM_term_contribution,observed-comparison
bottleneck_unit,2864601_0.409:u013,log_FSA_grad_x,0.003974833067841452,0.0008134910425229993,0.4,5,equilibrium_files,mean_absolute_EBM_term_contribution,observed-comparison
bottleneck_unit,2864601_0.409:u013,bad_curvature_compression,0.0018719399544582336,0.0004280836739467873,0.0,5,equilibrium_files,mean_absolute_EBM_term_contribution,observed-comparison
bottleneck_unit,2864601_0.409:u013,paper_bad_curvature_feature_mean_square,0.0032538533024107073,0.00032354890712071226,0.0,5,equilibrium_files,mean_absolute_EBM_term_contribution,observed-comparison
bottleneck_unit,2864601_0.409:u013,geodesic_curvature_abs_mean,0.003910411150210254,0.00045823791939130897,0.6,5,equilibrium_files,mean_absolute_EBM_term_contribution,observed-comparison
bottleneck_unit,2864601_0.409:u013,geodesic_curvature_compression,0.0028951032283589667,0.0003601349321340873,0.0,5,equilibrium_files,mean_absolute_EBM_term_contribution,observed-comparison
bottleneck_unit,2864601_0.409:u013,parallel_roughness_iqr_scaled,0.004382499785786689,0.0012677766166121498,0.8,5,equilibrium_files,mean_absolute_EBM_term_contribution,observed-comparison
bottleneck_unit,2864601_0.409:u013,cross_channel_colocation,0.004701927261663612,0.00038579158238488627,1.0,5,equilibrium_files,mean_absolute_EBM_term_contribution,observed-comparison
bottleneck_unit,2864601_0.409:u013,bmag_parallel_expected_k,0.0012595728067807932,0.00032080150670200637,0.0,5,equilibrium_files,mean_absolute_EBM_term_contribution,observed-comparison
bottleneck_unit,2864601_0.409:u013,compression_parallel_expected_k,0.0027790785724965657,0.00048801718463062436,0.0,5,equilibrium_files,mean_absolute_EBM_term_contribution,observed-comparison
bottleneck_unit,2864601_0.409:u013,curvature_parallel_expected_k,0.0038333948431793544,0.00046190105733068173,0.2,5,equilibrium_files,mean_absolute_EBM_term_contribution,observed-comparison
bottleneck_unit,2864601_0.409:u013,local_shear_abs_mean,0.002189242014335422,0.0003447723157630057,0.0,5,equilibrium_files,mean_absolute_EBM_term_contribution,observed-comparison
bottleneck_unit,2864601_0.409:u013,f_Q_integrand_w25_peak,0.001802273490316714,0.00017909464670243464,0.0,5,equilibrium_files,mean_absolute_EBM_term_contribution,observed-comparison
bottleneck_unit,2864601_0.409:u013,geodesic_abs_w25_peak,0.005612079060759767,0.0005839610404678373,1.0,5,equilibrium_files,mean_absolute_EBM_term_contribution,observed-comparison
bottleneck_unit,2864601_0.409:u014,a_over_LT,0.007924112962204227,0.0013865236105837632,0.0,5,equilibrium_files,mean_absolute_EBM_term_contribution,observed-comparison
bottleneck_unit,2864601_0.409:u014,a_over_Ln,0.005875076412732761,0.00122192278572534,0.0,5,equilibrium_files,mean_absolute_EBM_term_contribution,observed-comparison
bottleneck_unit,2864601_0.409:u014,log_f_Q,0.019179678498175236,0.002706774979110949,0.0,5,equilibrium_files,mean_absolute_EBM_term_contribution,observed-comparison
bottleneck_unit,2864601_0.409:u014,f_stab,0.049266849104718,0.0031631472187838693,1.0,5,equilibrium_files,mean_absolute_EBM_term_contribution,observed-comparison
bottleneck_unit,2864601_0.409:u014,log_FSA_grad_x,0.03316954309139473,0.00144320827147535,1.0,5,equilibrium_files,mean_absolute_EBM_term_contribution,observed-comparison
bottleneck_unit,2864601_0.409:u014,bad_curvature_compression,0.02085463014761559,0.001852909901796908,0.0,5,equilibrium_files,mean_absolute_EBM_term_contribution,observed-comparison
bottleneck_unit,2864601_0.409:u014,paper_bad_curvature_feature_mean_square,0.02118854443462001,0.0028200952956757026,0.0,5,equilibrium_files,mean_absolute_EBM_term_contribution,observed-comparison
bottleneck_unit,2864601_0.409:u014,geodesic_curvature_abs_mean,0.0338992624014446,0.001435440691815742,1.0,5,equilibrium_files,mean_absolute_EBM_term_contribution,observed-comparison
bottleneck_unit,2864601_0.409:u014,geodesic_curvature_compression,0.01986040322155361,0.0014416134546550803,0.0,5,equilibrium_files,mean_absolute_EBM_term_contribution,observed-comparison
bottleneck_unit,2864601_0.409:u014,parallel_roughness_iqr_scaled,0.01872363796959883,0.0019904793136193374,0.0,5,equilibrium_files,mean_absolute_EBM_term_contribution,observed-comparison
bottleneck_unit,2864601_0.409:u014,cross_channel_colocation,0.01870360963176604,0.0012312927992342822,0.0,5,equilibrium_files,mean_absolute_EBM_term_contribution,observed-comparison
bottleneck_unit,2864601_0.409:u014,bmag_parallel_expected_k,0.017919918356608305,0.0015616858501084504,0.0,5,equilibrium_files,mean_absolute_EBM_term_contribution,observed-comparison
bottleneck_unit,2864601_0.409:u014,compression_parallel_expected_k,0.008908048621132866,0.0010549495578085514,0.0,5,equilibrium_files,mean_absolute_EBM_term_contribution,observed-comparison
bottleneck_unit,2864601_0.409:u014,curvature_parallel_expected_k,0.02177938146981826,0.0017280421698735433,0.0,5,equilibrium_files,mean_absolute_EBM_term_contribution,observed-comparison
bottleneck_unit,2864601_0.409:u014,local_shear_abs_mean,0.06686916917035782,0.00442868693667112,1.0,5,equilibrium_files,mean_absolute_EBM_term_contribution,observed-comparison
bottleneck_unit,2864601_0.409:u014,f_Q_integrand_w25_peak,0.03750693783182974,0.0021762585995881746,1.0,5,equilibrium_files,mean_absolute_EBM_term_contribution,observed-comparison
bottleneck_unit,2864601_0.409:u014,geodesic_abs_w25_peak,0.01042125874045267,0.0009871187365207677,0.0,5,equilibrium_files,mean_absolute_EBM_term_contribution,observed-comparison
bottleneck_unit,2864601_0.409:u015,a_over_LT,0.0016853311031285428,0.0006828585759044473,0.0,5,equilibrium_files,mean_absolute_EBM_term_contribution,observed-comparison
bottleneck_unit,2864601_0.409:u015,a_over_Ln,0.0016585868108325893,0.000349781091721364,0.0,5,equilibrium_files,mean_absolute_EBM_term_contribution,observed-comparison
bottleneck_unit,2864601_0.409:u015,log_f_Q,0.0023767801190133185,0.00023952843443204448,0.0,5,equilibrium_files,mean_absolute_EBM_term_contribution,observed-comparison
bottleneck_unit,2864601_0.409:u015,f_stab,0.004775547209624332,0.0011855961726652214,1.0,5,equilibrium_files,mean_absolute_EBM_term_contribution,observed-comparison
bottleneck_unit,2864601_0.409:u015,log_FSA_grad_x,0.002302264252441773,0.0007143466816027651,0.0,5,equilibrium_files,mean_absolute_EBM_term_contribution,observed-comparison
bottleneck_unit,2864601_0.409:u015,bad_curvature_compression,0.0045439463641367955,0.0008459180505284138,1.0,5,equilibrium_files,mean_absolute_EBM_term_contribution,observed-comparison
bottleneck_unit,2864601_0.409:u015,paper_bad_curvature_feature_mean_square,0.003216733383527126,0.00038180155392838165,0.6,5,equilibrium_files,mean_absolute_EBM_term_contribution,observed-comparison
bottleneck_unit,2864601_0.409:u015,geodesic_curvature_abs_mean,0.0017237448446277288,0.00048816421897232044,0.0,5,equilibrium_files,mean_absolute_EBM_term_contribution,observed-comparison
bottleneck_unit,2864601_0.409:u015,geodesic_curvature_compression,0.002884830650370796,0.0009201145082065543,0.2,5,equilibrium_files,mean_absolute_EBM_term_contribution,observed-comparison
bottleneck_unit,2864601_0.409:u015,parallel_roughness_iqr_scaled,0.001997785420333762,0.0007154006480276157,0.0,5,equilibrium_files,mean_absolute_EBM_term_contribution,observed-comparison
bottleneck_unit,2864601_0.409:u015,cross_channel_colocation,0.002004031776707472,0.00012573301484334576,0.0,5,equilibrium_files,mean_absolute_EBM_term_contribution,observed-comparison
bottleneck_unit,2864601_0.409:u015,bmag_parallel_expected_k,0.0018594182983061175,0.0005556551109353496,0.0,5,equilibrium_files,mean_absolute_EBM_term_contribution,observed-comparison
bottleneck_unit,2864601_0.409:u015,compression_parallel_expected_k,0.0019454977612817226,0.0006053616349255745,0.0,5,equilibrium_files,mean_absolute_EBM_term_contribution,observed-comparison
bottleneck_unit,2864601_0.409:u015,curvature_parallel_expected_k,0.0018805758467102403,0.0009038327009573837,0.0,5,equilibrium_files,mean_absolute_EBM_term_contribution,observed-comparison
bottleneck_unit,2864601_0.409:u015,local_shear_abs_mean,0.0037838967329928337,0.000839045131873291,1.0,5,equilibrium_files,mean_absolute_EBM_term_contribution,observed-comparison
bottleneck_unit,2864601_0.409:u015,f_Q_integrand_w25_peak,0.004498417262293659,0.0010097467017329501,1.0,5,equilibrium_files,mean_absolute_EBM_term_contribution,observed-comparison
bottleneck_unit,2864601_0.409:u015,geodesic_abs_w25_peak,0.0026887112880328466,0.0008167167767607174,0.2,5,equilibrium_files,mean_absolute_EBM_term_contribution,observed-comparison
bottleneck_unit,2864601_0.409:u016,a_over_LT,0.00784892115844869,0.0014434370178051145,0.0,5,equilibrium_files,mean_absolute_EBM_term_contribution,observed-comparison
bottleneck_unit,2864601_0.409:u016,a_over_Ln,0.0043484662415685365,0.0011562330058497415,0.0,5,equilibrium_files,mean_absolute_EBM_term_contribution,observed-comparison
bottleneck_unit,2864601_0.409:u016,log_f_Q,0.019875929466691516,0.0012426436365954277,0.6,5,equilibrium_files,mean_absolute_EBM_term_contribution,observed-comparison
bottleneck_unit,2864601_0.409:u016,f_stab,0.010857865334557158,0.0016578988396978257,0.0,5,equilibrium_files,mean_absolute_EBM_term_contribution,observed-comparison
bottleneck_unit,2864601_0.409:u016,log_FSA_grad_x,0.011767762472454112,0.00129974740621929,0.0,5,equilibrium_files,mean_absolute_EBM_term_contribution,observed-comparison
bottleneck_unit,2864601_0.409:u016,bad_curvature_compression,0.03705679567269286,0.0011044024528038849,1.0,5,equilibrium_files,mean_absolute_EBM_term_contribution,observed-comparison
bottleneck_unit,2864601_0.409:u016,paper_bad_curvature_feature_mean_square,0.029813891899549784,0.0016540527454165716,1.0,5,equilibrium_files,mean_absolute_EBM_term_contribution,observed-comparison
bottleneck_unit,2864601_0.409:u016,geodesic_curvature_abs_mean,0.005424978461065703,0.000529861330962432,0.0,5,equilibrium_files,mean_absolute_EBM_term_contribution,observed-comparison
bottleneck_unit,2864601_0.409:u016,geodesic_curvature_compression,0.058674104509085376,0.0030130766898708258,1.0,5,equilibrium_files,mean_absolute_EBM_term_contribution,observed-comparison
bottleneck_unit,2864601_0.409:u016,parallel_roughness_iqr_scaled,0.021922594746786733,0.00479905662798439,0.4,5,equilibrium_files,mean_absolute_EBM_term_contribution,observed-comparison
bottleneck_unit,2864601_0.409:u016,cross_channel_colocation,0.009526673028968886,0.0011191129021291602,0.0,5,equilibrium_files,mean_absolute_EBM_term_contribution,observed-comparison
bottleneck_unit,2864601_0.409:u016,bmag_parallel_expected_k,0.009670931807221993,0.002641804637903113,0.0,5,equilibrium_files,mean_absolute_EBM_term_contribution,observed-comparison
bottleneck_unit,2864601_0.409:u016,compression_parallel_expected_k,0.01492840702259553,0.0027715488127365868,0.0,5,equilibrium_files,mean_absolute_EBM_term_contribution,observed-comparison
bottleneck_unit,2864601_0.409:u016,curvature_parallel_expected_k,0.010122840483372784,0.0013616222526838212,0.0,5,equilibrium_files,mean_absolute_EBM_term_contribution,observed-comparison
bottleneck_unit,2864601_0.409:u016,local_shear_abs_mean,0.009245939195859532,0.0026695528972777876,0.0,5,equilibrium_files,mean_absolute_EBM_term_contribution,observed-comparison
bottleneck_unit,2864601_0.409:u016,f_Q_integrand_w25_peak,0.03160454080164653,0.0019442493684801697,1.0,5,equilibrium_files,mean_absolute_EBM_term_contribution,observed-comparison
bottleneck_unit,2864601_0.409:u016,geodesic_abs_w25_peak,0.013401752552876078,0.0015168823872777934,0.0,5,equilibrium_files,mean_absolute_EBM_term_contribution,observed-comparison
bottleneck_unit,2864601_0.409:u017,a_over_LT,0.011557503806819537,0.0016735082058147567,0.0,5,equilibrium_files,mean_absolute_EBM_term_contribution,observed-comparison
bottleneck_unit,2864601_0.409:u017,a_over_Ln,0.00462197307540455,0.0017608579812691037,0.0,5,equilibrium_files,mean_absolute_EBM_term_contribution,observed-comparison
bottleneck_unit,2864601_0.409:u017,log_f_Q,0.01809290243749884,0.0019491986113251132,0.8,5,equilibrium_files,mean_absolute_EBM_term_contribution,observed-comparison
bottleneck_unit,2864601_0.409:u017,f_stab,0.037098036383811636,0.003289185518479333,1.0,5,equilibrium_files,mean_absolute_EBM_term_contribution,observed-comparison
bottleneck_unit,2864601_0.409:u017,log_FSA_grad_x,0.01630640386454693,0.0012288370941893356,0.0,5,equilibrium_files,mean_absolute_EBM_term_contribution,observed-comparison
bottleneck_unit,2864601_0.409:u017,bad_curvature_compression,0.0124261455837218,0.001611627698627334,0.0,5,equilibrium_files,mean_absolute_EBM_term_contribution,observed-comparison
bottleneck_unit,2864601_0.409:u017,paper_bad_curvature_feature_mean_square,0.019778485467668326,0.0008205698249597519,1.0,5,equilibrium_files,mean_absolute_EBM_term_contribution,observed-comparison
bottleneck_unit,2864601_0.409:u017,geodesic_curvature_abs_mean,0.020855130423129833,0.0022265378501987528,1.0,5,equilibrium_files,mean_absolute_EBM_term_contribution,observed-comparison
bottleneck_unit,2864601_0.409:u017,geodesic_curvature_compression,0.011495659057824546,0.0017581587048353371,0.0,5,equilibrium_files,mean_absolute_EBM_term_contribution,observed-comparison
bottleneck_unit,2864601_0.409:u017,parallel_roughness_iqr_scaled,0.00635834841329237,0.0012283984225213707,0.0,5,equilibrium_files,mean_absolute_EBM_term_contribution,observed-comparison
bottleneck_unit,2864601_0.409:u017,cross_channel_colocation,0.020381463793018938,0.001545015597190627,1.0,5,equilibrium_files,mean_absolute_EBM_term_contribution,observed-comparison
bottleneck_unit,2864601_0.409:u017,bmag_parallel_expected_k,0.006444284999159379,0.0011952291568636285,0.0,5,equilibrium_files,mean_absolute_EBM_term_contribution,observed-comparison
bottleneck_unit,2864601_0.409:u017,compression_parallel_expected_k,0.006860206844399445,0.0012397483414532209,0.0,5,equilibrium_files,mean_absolute_EBM_term_contribution,observed-comparison
bottleneck_unit,2864601_0.409:u017,curvature_parallel_expected_k,0.01436703285840515,0.0006444590387721511,0.0,5,equilibrium_files,mean_absolute_EBM_term_contribution,observed-comparison
bottleneck_unit,2864601_0.409:u017,local_shear_abs_mean,0.00949963531040025,0.0017571140134492258,0.0,5,equilibrium_files,mean_absolute_EBM_term_contribution,observed-comparison
bottleneck_unit,2864601_0.409:u017,f_Q_integrand_w25_peak,0.017315271826693627,0.002292072895022636,0.2,5,equilibrium_files,mean_absolute_EBM_term_contribution,observed-comparison
bottleneck_unit,2864601_0.409:u017,geodesic_abs_w25_peak,0.008030431879367125,0.0022766589917197987,0.0,5,equilibrium_files,mean_absolute_EBM_term_contribution,observed-comparison
bottleneck_unit,2864601_0.409:u018,a_over_LT,0.007416368280699183,0.002700390120684155,0.0,5,equilibrium_files,mean_absolute_EBM_term_contribution,observed-comparison
bottleneck_unit,2864601_0.409:u018,a_over_Ln,0.005316723225387299,0.0007112749545022711,0.0,5,equilibrium_files,mean_absolute_EBM_term_contribution,observed-comparison
bottleneck_unit,2864601_0.409:u018,log_f_Q,0.006789876842937805,0.0002885412277487161,0.0,5,equilibrium_files,mean_absolute_EBM_term_contribution,observed-comparison
bottleneck_unit,2864601_0.409:u018,f_stab,0.0641174692815121,0.0020364611808506012,1.0,5,equilibrium_files,mean_absolute_EBM_term_contribution,observed-comparison
bottleneck_unit,2864601_0.409:u018,log_FSA_grad_x,0.05026011050461452,0.002368696613679297,1.0,5,equilibrium_files,mean_absolute_EBM_term_contribution,observed-comparison
bottleneck_unit,2864601_0.409:u018,bad_curvature_compression,0.013375892082842187,0.0009352761403662419,0.0,5,equilibrium_files,mean_absolute_EBM_term_contribution,observed-comparison
bottleneck_unit,2864601_0.409:u018,paper_bad_curvature_feature_mean_square,0.01625716075242562,0.0011222440709383094,0.0,5,equilibrium_files,mean_absolute_EBM_term_contribution,observed-comparison
bottleneck_unit,2864601_0.409:u018,geodesic_curvature_abs_mean,0.027762007587614667,0.0010106919407389615,1.0,5,equilibrium_files,mean_absolute_EBM_term_contribution,observed-comparison
bottleneck_unit,2864601_0.409:u018,geodesic_curvature_compression,0.026762397334284604,0.0011376887084925647,1.0,5,equilibrium_files,mean_absolute_EBM_term_contribution,observed-comparison
bottleneck_unit,2864601_0.409:u018,parallel_roughness_iqr_scaled,0.02081118089397444,0.001667528393940461,0.0,5,equilibrium_files,mean_absolute_EBM_term_contribution,observed-comparison
bottleneck_unit,2864601_0.409:u018,cross_channel_colocation,0.007936217017768046,0.0013726606109807787,0.0,5,equilibrium_files,mean_absolute_EBM_term_contribution,observed-comparison
bottleneck_unit,2864601_0.409:u018,bmag_parallel_expected_k,0.01022282722587321,0.0025212419020691577,0.0,5,equilibrium_files,mean_absolute_EBM_term_contribution,observed-comparison
bottleneck_unit,2864601_0.409:u018,compression_parallel_expected_k,0.007434832035191183,0.0017430973198799779,0.0,5,equilibrium_files,mean_absolute_EBM_term_contribution,observed-comparison
bottleneck_unit,2864601_0.409:u018,curvature_parallel_expected_k,0.03409415909421626,0.0015129220002367686,1.0,5,equilibrium_files,mean_absolute_EBM_term_contribution,observed-comparison
bottleneck_unit,2864601_0.409:u018,local_shear_abs_mean,0.0173127039835475,0.002017339106947384,0.0,5,equilibrium_files,mean_absolute_EBM_term_contribution,observed-comparison
bottleneck_unit,2864601_0.409:u018,f_Q_integrand_w25_peak,0.015470614388095837,0.0015275948973419184,0.0,5,equilibrium_files,mean_absolute_EBM_term_contribution,observed-comparison
bottleneck_unit,2864601_0.409:u018,geodesic_abs_w25_peak,0.012188330764592184,0.0011549034717342301,0.0,5,equilibrium_files,mean_absolute_EBM_term_contribution,observed-comparison
bottleneck_unit,2864601_0.409:u019,a_over_LT,0.005625316208729522,0.0014054515981430991,0.0,5,equilibrium_files,mean_absolute_EBM_term_contribution,observed-comparison
bottleneck_unit,2864601_0.409:u019,a_over_Ln,0.004548852240551061,0.0018143849386564337,0.0,5,equilibrium_files,mean_absolute_EBM_term_contribution,observed-comparison
bottleneck_unit,2864601_0.409:u019,log_f_Q,0.013561885199737306,0.0007562058020520265,0.0,5,equilibrium_files,mean_absolute_EBM_term_contribution,observed-comparison
bottleneck_unit,2864601_0.409:u019,f_stab,0.021656668522021125,0.0016672813411901407,0.0,5,equilibrium_files,mean_absolute_EBM_term_contribution,observed-comparison
bottleneck_unit,2864601_0.409:u019,log_FSA_grad_x,0.045910631065748865,0.0021893936648874754,1.0,5,equilibrium_files,mean_absolute_EBM_term_contribution,observed-comparison
bottleneck_unit,2864601_0.409:u019,bad_curvature_compression,0.029293553729062016,0.0011711139127986525,1.0,5,equilibrium_files,mean_absolute_EBM_term_contribution,observed-comparison
bottleneck_unit,2864601_0.409:u019,paper_bad_curvature_feature_mean_square,0.008854640411600126,0.0008211807681971983,0.0,5,equilibrium_files,mean_absolute_EBM_term_contribution,observed-comparison
bottleneck_unit,2864601_0.409:u019,geodesic_curvature_abs_mean,0.03265750459935506,0.0016920163637572324,1.0,5,equilibrium_files,mean_absolute_EBM_term_contribution,observed-comparison
bottleneck_unit,2864601_0.409:u019,geodesic_curvature_compression,0.006603251007701615,0.0014436727249975522,0.0,5,equilibrium_files,mean_absolute_EBM_term_contribution,observed-comparison
bottleneck_unit,2864601_0.409:u019,parallel_roughness_iqr_scaled,0.03424544958416164,0.001919587451003735,1.0,5,equilibrium_files,mean_absolute_EBM_term_contribution,observed-comparison
bottleneck_unit,2864601_0.409:u019,cross_channel_colocation,0.009550292292819007,0.0008639817656624875,0.0,5,equilibrium_files,mean_absolute_EBM_term_contribution,observed-comparison
bottleneck_unit,2864601_0.409:u019,bmag_parallel_expected_k,0.005909798073647237,0.0011340979071877036,0.0,5,equilibrium_files,mean_absolute_EBM_term_contribution,observed-comparison
bottleneck_unit,2864601_0.409:u019,compression_parallel_expected_k,0.007261269724113435,0.0010938699155696127,0.0,5,equilibrium_files,mean_absolute_EBM_term_contribution,observed-comparison
bottleneck_unit,2864601_0.409:u019,curvature_parallel_expected_k,0.007334433457364842,0.0006545571093876878,0.0,5,equilibrium_files,mean_absolute_EBM_term_contribution,observed-comparison
bottleneck_unit,2864601_0.409:u019,local_shear_abs_mean,0.022702192780505715,0.0011276848881327177,0.0,5,equilibrium_files,mean_absolute_EBM_term_contribution,observed-comparison
bottleneck_unit,2864601_0.409:u019,f_Q_integrand_w25_peak,0.00636065527416251,0.0007416365042706904,0.0,5,equilibrium_files,mean_absolute_EBM_term_contribution,observed-comparison
bottleneck_unit,2864601_0.409:u019,geodesic_abs_w25_peak,0.027358985179970513,0.0025472275578860494,1.0,5,equilibrium_files,mean_absolute_EBM_term_contribution,observed-comparison
bottleneck_unit,2864601_0.409:u020,a_over_LT,0.0,0.0,1.0,5,equilibrium_files,mean_absolute_EBM_term_contribution,observed-comparison
bottleneck_unit,2864601_0.409:u020,a_over_Ln,0.0,0.0,1.0,5,equilibrium_files,mean_absolute_EBM_term_contribution,observed-comparison
bottleneck_unit,2864601_0.409:u020,log_f_Q,0.0,0.0,1.0,5,equilibrium_files,mean_absolute_EBM_term_contribution,observed-comparison
bottleneck_unit,2864601_0.409:u020,f_stab,0.0,0.0,1.0,5,equilibrium_files,mean_absolute_EBM_term_contribution,observed-comparison
bottleneck_unit,2864601_0.409:u020,log_FSA_grad_x,0.0,0.0,1.0,5,equilibrium_files,mean_absolute_EBM_term_contribution,observed-comparison
bottleneck_unit,2864601_0.409:u020,bad_curvature_compression,0.0,0.0,0.0,5,equilibrium_files,mean_absolute_EBM_term_contribution,observed-comparison
bottleneck_unit,2864601_0.409:u020,paper_bad_curvature_feature_mean_square,0.0,0.0,0.0,5,equilibrium_files,mean_absolute_EBM_term_contribution,observed-comparison
bottleneck_unit,2864601_0.409:u020,geodesic_curvature_abs_mean,0.0,0.0,0.0,5,equilibrium_files,mean_absolute_EBM_term_contribution,observed-comparison
bottleneck_unit,2864601_0.409:u020,geodesic_curvature_compression,0.0,0.0,0.0,5,equilibrium_files,mean_absolute_EBM_term_contribution,observed-comparison
bottleneck_unit,2864601_0.409:u020,parallel_roughness_iqr_scaled,0.0,0.0,0.0,5,equilibrium_files,mean_absolute_EBM_term_contribution,observed-comparison
bottleneck_unit,2864601_0.409:u020,cross_channel_colocation,0.0,0.0,0.0,5,equilibrium_files,mean_absolute_EBM_term_contribution,observed-comparison
bottleneck_unit,2864601_0.409:u020,bmag_parallel_expected_k,0.0,0.0,0.0,5,equilibrium_files,mean_absolute_EBM_term_contribution,observed-comparison
bottleneck_unit,2864601_0.409:u020,compression_parallel_expected_k,0.0,0.0,0.0,5,equilibrium_files,mean_absolute_EBM_term_contribution,observed-comparison
bottleneck_unit,2864601_0.409:u020,curvature_parallel_expected_k,0.0,0.0,0.0,5,equilibrium_files,mean_absolute_EBM_term_contribution,observed-comparison
bottleneck_unit,2864601_0.409:u020,local_shear_abs_mean,0.0,0.0,0.0,5,equilibrium_files,mean_absolute_EBM_term_contribution,observed-comparison
bottleneck_unit,2864601_0.409:u020,f_Q_integrand_w25_peak,0.0,0.0,0.0,5,equilibrium_files,mean_absolute_EBM_term_contribution,observed-comparison
bottleneck_unit,2864601_0.409:u020,geodesic_abs_w25_peak,0.0,0.0,0.0,5,equilibrium_files,mean_absolute_EBM_term_contribution,observed-comparison
bottleneck_unit,2864601_0.409:u021,a_over_LT,0.011598109037380597,0.001527255150614329,0.0,5,equilibrium_files,mean_absolute_EBM_term_contribution,observed-comparison
bottleneck_unit,2864601_0.409:u021,a_over_Ln,0.010256741642260873,0.003163269873003809,0.0,5,equilibrium_files,mean_absolute_EBM_term_contribution,observed-comparison
bottleneck_unit,2864601_0.409:u021,log_f_Q,0.04588812498054675,0.004311580241484212,0.2,5,equilibrium_files,mean_absolute_EBM_term_contribution,observed-comparison
bottleneck_unit,2864601_0.409:u021,f_stab,0.055225495988607064,0.005538707683644657,0.6,5,equilibrium_files,mean_absolute_EBM_term_contribution,observed-comparison
bottleneck_unit,2864601_0.409:u021,log_FSA_grad_x,0.0650178198717707,0.0023055398190938363,1.0,5,equilibrium_files,mean_absolute_EBM_term_contribution,observed-comparison
bottleneck_unit,2864601_0.409:u021,bad_curvature_compression,0.08001376946553687,0.0033441024598991776,1.0,5,equilibrium_files,mean_absolute_EBM_term_contribution,observed-comparison
bottleneck_unit,2864601_0.409:u021,paper_bad_curvature_feature_mean_square,0.0534139726264536,0.0021258749669748754,0.4,5,equilibrium_files,mean_absolute_EBM_term_contribution,observed-comparison
bottleneck_unit,2864601_0.409:u021,geodesic_curvature_abs_mean,0.02203851071258725,0.003549230584446793,0.0,5,equilibrium_files,mean_absolute_EBM_term_contribution,observed-comparison
bottleneck_unit,2864601_0.409:u021,geodesic_curvature_compression,0.05511480467062576,0.006767983587883794,0.8,5,equilibrium_files,mean_absolute_EBM_term_contribution,observed-comparison
bottleneck_unit,2864601_0.409:u021,parallel_roughness_iqr_scaled,0.0059793351302414414,0.0026540737294910143,0.0,5,equilibrium_files,mean_absolute_EBM_term_contribution,observed-comparison
bottleneck_unit,2864601_0.409:u021,cross_channel_colocation,0.03286777886831275,0.004779108909993808,0.0,5,equilibrium_files,mean_absolute_EBM_term_contribution,observed-comparison
bottleneck_unit,2864601_0.409:u021,bmag_parallel_expected_k,0.008476400124382366,0.0023251010419127935,0.0,5,equilibrium_files,mean_absolute_EBM_term_contribution,observed-comparison
bottleneck_unit,2864601_0.409:u021,compression_parallel_expected_k,0.011359516215862028,0.003651709818918499,0.0,5,equilibrium_files,mean_absolute_EBM_term_contribution,observed-comparison
bottleneck_unit,2864601_0.409:u021,curvature_parallel_expected_k,0.02393342725686746,0.0026194793691434997,0.0,5,equilibrium_files,mean_absolute_EBM_term_contribution,observed-comparison
bottleneck_unit,2864601_0.409:u021,local_shear_abs_mean,0.022642766811161168,0.0029895292076169916,0.0,5,equilibrium_files,mean_absolute_EBM_term_contribution,observed-comparison
bottleneck_unit,2864601_0.409:u021,f_Q_integrand_w25_peak,0.06719540118501208,0.004764279985375588,1.0,5,equilibrium_files,mean_absolute_EBM_term_contribution,observed-comparison
bottleneck_unit,2864601_0.409:u021,geodesic_abs_w25_peak,0.014091869604740851,0.0018800134048272755,0.0,5,equilibrium_files,mean_absolute_EBM_term_contribution,observed-comparison
bottleneck_unit,2864601_0.409:u022,a_over_LT,0.0033236074714258672,0.0015305650142975005,0.0,5,equilibrium_files,mean_absolute_EBM_term_contribution,observed-comparison
bottleneck_unit,2864601_0.409:u022,a_over_Ln,0.004151024835043606,0.001076896499061861,0.0,5,equilibrium_files,mean_absolute_EBM_term_contribution,observed-comparison
bottleneck_unit,2864601_0.409:u022,log_f_Q,0.005339235735066311,0.0004117620867257402,0.0,5,equilibrium_files,mean_absolute_EBM_term_contribution,observed-comparison
bottleneck_unit,2864601_0.409:u022,f_stab,0.030319785657989727,0.0010433130703362908,1.0,5,equilibrium_files,mean_absolute_EBM_term_contribution,observed-comparison
bottleneck_unit,2864601_0.409:u022,log_FSA_grad_x,0.011301961054665107,0.001580293877872096,0.0,5,equilibrium_files,mean_absolute_EBM_term_contribution,observed-comparison
bottleneck_unit,2864601_0.409:u022,bad_curvature_compression,0.003286456305688458,0.0012305054320529668,0.0,5,equilibrium_files,mean_absolute_EBM_term_contribution,observed-comparison
bottleneck_unit,2864601_0.409:u022,paper_bad_curvature_feature_mean_square,0.0030677375067432538,0.0004897875149098013,0.0,5,equilibrium_files,mean_absolute_EBM_term_contribution,observed-comparison
bottleneck_unit,2864601_0.409:u022,geodesic_curvature_abs_mean,0.010227360879135604,0.0008958571894730788,0.0,5,equilibrium_files,mean_absolute_EBM_term_contribution,observed-comparison
bottleneck_unit,2864601_0.409:u022,geodesic_curvature_compression,0.014248776352547569,0.0013183218251360412,1.0,5,equilibrium_files,mean_absolute_EBM_term_contribution,observed-comparison
bottleneck_unit,2864601_0.409:u022,parallel_roughness_iqr_scaled,0.02882706536935356,0.0023286628515650316,1.0,5,equilibrium_files,mean_absolute_EBM_term_contribution,observed-comparison
bottleneck_unit,2864601_0.409:u022,cross_channel_colocation,0.006357013576792423,0.0010374698589748176,0.0,5,equilibrium_files,mean_absolute_EBM_term_contribution,observed-comparison
bottleneck_unit,2864601_0.409:u022,bmag_parallel_expected_k,0.006569466545119392,0.0011510379690115756,0.0,5,equilibrium_files,mean_absolute_EBM_term_contribution,observed-comparison
bottleneck_unit,2864601_0.409:u022,compression_parallel_expected_k,0.016834383474936487,0.002512190419098144,1.0,5,equilibrium_files,mean_absolute_EBM_term_contribution,observed-comparison
bottleneck_unit,2864601_0.409:u022,curvature_parallel_expected_k,0.004523682427998585,0.0007552785813424279,0.0,5,equilibrium_files,mean_absolute_EBM_term_contribution,observed-comparison
bottleneck_unit,2864601_0.409:u022,local_shear_abs_mean,0.008072887913160838,0.0009131714708286665,0.0,5,equilibrium_files,mean_absolute_EBM_term_contribution,observed-comparison
bottleneck_unit,2864601_0.409:u022,f_Q_integrand_w25_peak,0.00545720774165249,0.0010991687039430798,0.0,5,equilibrium_files,mean_absolute_EBM_term_contribution,observed-comparison
bottleneck_unit,2864601_0.409:u022,geodesic_abs_w25_peak,0.02034052904066346,0.0019989803019295907,1.0,5,equilibrium_files,mean_absolute_EBM_term_contribution,observed-comparison
bottleneck_unit,2864601_0.409:u023,a_over_LT,0.00590940489207233,0.0018431136315059011,0.0,5,equilibrium_files,mean_absolute_EBM_term_contribution,observed-comparison
bottleneck_unit,2864601_0.409:u023,a_over_Ln,0.003372790141553377,0.0010564245907400726,0.0,5,equilibrium_files,mean_absolute_EBM_term_contribution,observed-comparison
bottleneck_unit,2864601_0.409:u023,log_f_Q,0.01712990829784179,0.0011743652735016637,0.4,5,equilibrium_files,mean_absolute_EBM_term_contribution,observed-comparison
bottleneck_unit,2864601_0.409:u023,f_stab,0.007422577109863773,0.0011807298357351232,0.0,5,equilibrium_files,mean_absolute_EBM_term_contribution,observed-comparison
bottleneck_unit,2864601_0.409:u023,log_FSA_grad_x,0.02545750837988752,0.0024428392732214954,1.0,5,equilibrium_files,mean_absolute_EBM_term_contribution,observed-comparison
bottleneck_unit,2864601_0.409:u023,bad_curvature_compression,0.011237826809539608,0.0012912039083423949,0.0,5,equilibrium_files,mean_absolute_EBM_term_contribution,observed-comparison
bottleneck_unit,2864601_0.409:u023,paper_bad_curvature_feature_mean_square,0.012378492055862368,0.0009770895107019944,0.0,5,equilibrium_files,mean_absolute_EBM_term_contribution,observed-comparison
bottleneck_unit,2864601_0.409:u023,geodesic_curvature_abs_mean,0.02213709369976807,0.0005231213054810624,1.0,5,equilibrium_files,mean_absolute_EBM_term_contribution,observed-comparison
bottleneck_unit,2864601_0.409:u023,geodesic_curvature_compression,0.008418042803634625,0.0005210176756476361,0.0,5,equilibrium_files,mean_absolute_EBM_term_contribution,observed-comparison
bottleneck_unit,2864601_0.409:u023,parallel_roughness_iqr_scaled,0.008840880112007283,0.0015497466727416292,0.0,5,equilibrium_files,mean_absolute_EBM_term_contribution,observed-comparison
bottleneck_unit,2864601_0.409:u023,cross_channel_colocation,0.010115431456655364,0.0010500887259683861,0.0,5,equilibrium_files,mean_absolute_EBM_term_contribution,observed-comparison
bottleneck_unit,2864601_0.409:u023,bmag_parallel_expected_k,0.017358340964426074,0.001170669403315492,0.6,5,equilibrium_files,mean_absolute_EBM_term_contribution,observed-comparison
bottleneck_unit,2864601_0.409:u023,compression_parallel_expected_k,0.004112580441758664,0.0015338041643232054,0.0,5,equilibrium_files,mean_absolute_EBM_term_contribution,observed-comparison
bottleneck_unit,2864601_0.409:u023,curvature_parallel_expected_k,0.009459225937332621,0.000931713424752288,0.0,5,equilibrium_files,mean_absolute_EBM_term_contribution,observed-comparison
bottleneck_unit,2864601_0.409:u023,local_shear_abs_mean,0.031386566364202374,0.001846047002468726,1.0,5,equilibrium_files,mean_absolute_EBM_term_contribution,observed-comparison
bottleneck_unit,2864601_0.409:u023,f_Q_integrand_w25_peak,0.008862173677819874,0.0015541493837581443,0.0,5,equilibrium_files,mean_absolute_EBM_term_contribution,observed-comparison
bottleneck_unit,2864601_0.409:u023,geodesic_abs_w25_peak,0.022549321609529854,0.0008655378223829432,1.0,5,equilibrium_files,mean_absolute_EBM_term_contribution,observed-comparison
bottleneck_unit,2864601_0.409:u024,a_over_LT,0.009173462524050234,0.0022333035594477952,0.0,5,equilibrium_files,mean_absolute_EBM_term_contribution,observed-comparison
bottleneck_unit,2864601_0.409:u024,a_over_Ln,0.0054824447656692445,0.001384382294130768,0.0,5,equilibrium_files,mean_absolute_EBM_term_contribution,observed-comparison
bottleneck_unit,2864601_0.409:u024,log_f_Q,0.016551004317974516,0.001022711762551351,0.0,5,equilibrium_files,mean_absolute_EBM_term_contribution,observed-comparison
bottleneck_unit,2864601_0.409:u024,f_stab,0.08807543477925261,0.0020186684486811417,1.0,5,equilibrium_files,mean_absolute_EBM_term_contribution,observed-comparison
bottleneck_unit,2864601_0.409:u024,log_FSA_grad_x,0.014604361731012209,0.0007718574578739401,0.0,5,equilibrium_files,mean_absolute_EBM_term_contribution,observed-comparison
bottleneck_unit,2864601_0.409:u024,bad_curvature_compression,0.026697361393857266,0.0013295010989624078,0.8,5,equilibrium_files,mean_absolute_EBM_term_contribution,observed-comparison
bottleneck_unit,2864601_0.409:u024,paper_bad_curvature_feature_mean_square,0.018155287019457032,0.00157643876638116,0.0,5,equilibrium_files,mean_absolute_EBM_term_contribution,observed-comparison
bottleneck_unit,2864601_0.409:u024,geodesic_curvature_abs_mean,0.030713323933106624,0.0031570714324768707,1.0,5,equilibrium_files,mean_absolute_EBM_term_contribution,observed-comparison
bottleneck_unit,2864601_0.409:u024,geodesic_curvature_compression,0.022184308802192017,0.0019232644649055846,0.0,5,equilibrium_files,mean_absolute_EBM_term_contribution,observed-comparison
bottleneck_unit,2864601_0.409:u024,parallel_roughness_iqr_scaled,0.028385175279175022,0.002096855237511587,1.0,5,equilibrium_files,mean_absolute_EBM_term_contribution,observed-comparison
bottleneck_unit,2864601_0.409:u024,cross_channel_colocation,0.014431620017152036,0.0006658281938810105,0.0,5,equilibrium_files,mean_absolute_EBM_term_contribution,observed-comparison
bottleneck_unit,2864601_0.409:u024,bmag_parallel_expected_k,0.007902007791237281,0.0019277556981979426,0.0,5,equilibrium_files,mean_absolute_EBM_term_contribution,observed-comparison
bottleneck_unit,2864601_0.409:u024,compression_parallel_expected_k,0.011171161233156694,0.0026124084877404445,0.0,5,equilibrium_files,mean_absolute_EBM_term_contribution,observed-comparison
bottleneck_unit,2864601_0.409:u024,curvature_parallel_expected_k,0.009557755601007686,0.0018666951380338277,0.0,5,equilibrium_files,mean_absolute_EBM_term_contribution,observed-comparison
bottleneck_unit,2864601_0.409:u024,local_shear_abs_mean,0.0246488808433509,0.0009677383682804926,0.2,5,equilibrium_files,mean_absolute_EBM_term_contribution,observed-comparison
bottleneck_unit,2864601_0.409:u024,f_Q_integrand_w25_peak,0.03265601870429956,0.00214904133619629,1.0,5,equilibrium_files,mean_absolute_EBM_term_contribution,observed-comparison
bottleneck_unit,2864601_0.409:u024,geodesic_abs_w25_peak,0.016601063793213546,0.0019047318430710503,0.0,5,equilibrium_files,mean_absolute_EBM_term_contribution,observed-comparison
bottleneck_unit,2864601_0.409:u025,a_over_LT,0.004167315567501804,0.0015354632286870293,0.0,5,equilibrium_files,mean_absolute_EBM_term_contribution,observed-comparison
bottleneck_unit,2864601_0.409:u025,a_over_Ln,0.0030880343436684903,0.0005904926062875636,0.0,5,equilibrium_files,mean_absolute_EBM_term_contribution,observed-comparison
bottleneck_unit,2864601_0.409:u025,log_f_Q,0.003547974471887084,0.0008749803305523841,0.0,5,equilibrium_files,mean_absolute_EBM_term_contribution,observed-comparison
bottleneck_unit,2864601_0.409:u025,f_stab,0.00654861779469833,0.0007670155093700614,0.0,5,equilibrium_files,mean_absolute_EBM_term_contribution,observed-comparison
bottleneck_unit,2864601_0.409:u025,log_FSA_grad_x,0.023655818916588724,0.0015419984393939775,1.0,5,equilibrium_files,mean_absolute_EBM_term_contribution,observed-comparison
bottleneck_unit,2864601_0.409:u025,bad_curvature_compression,0.017722972897054518,0.001123760650915208,0.4,5,equilibrium_files,mean_absolute_EBM_term_contribution,observed-comparison
bottleneck_unit,2864601_0.409:u025,paper_bad_curvature_feature_mean_square,0.009943350883139818,0.001004101440204343,0.0,5,equilibrium_files,mean_absolute_EBM_term_contribution,observed-comparison
bottleneck_unit,2864601_0.409:u025,geodesic_curvature_abs_mean,0.029724160916978003,0.002103870053536685,1.0,5,equilibrium_files,mean_absolute_EBM_term_contribution,observed-comparison
bottleneck_unit,2864601_0.409:u025,geodesic_curvature_compression,0.026348964745437152,0.0018963442377156073,1.0,5,equilibrium_files,mean_absolute_EBM_term_contribution,observed-comparison
bottleneck_unit,2864601_0.409:u025,parallel_roughness_iqr_scaled,0.012644468086913876,0.002295111462347935,0.0,5,equilibrium_files,mean_absolute_EBM_term_contribution,observed-comparison
bottleneck_unit,2864601_0.409:u025,cross_channel_colocation,0.004745368734348941,0.000377774983184945,0.0,5,equilibrium_files,mean_absolute_EBM_term_contribution,observed-comparison
bottleneck_unit,2864601_0.409:u025,bmag_parallel_expected_k,0.018676181989141352,0.0012958053470090254,0.6,5,equilibrium_files,mean_absolute_EBM_term_contribution,observed-comparison
bottleneck_unit,2864601_0.409:u025,compression_parallel_expected_k,0.007402852390218271,0.002480015112799066,0.0,5,equilibrium_files,mean_absolute_EBM_term_contribution,observed-comparison
bottleneck_unit,2864601_0.409:u025,curvature_parallel_expected_k,0.007720879716403883,0.0008983821599563137,0.0,5,equilibrium_files,mean_absolute_EBM_term_contribution,observed-comparison
bottleneck_unit,2864601_0.409:u025,local_shear_abs_mean,0.007187026323625789,0.0014471803286396565,0.0,5,equilibrium_files,mean_absolute_EBM_term_contribution,observed-comparison
bottleneck_unit,2864601_0.409:u025,f_Q_integrand_w25_peak,0.01633724186153479,0.0013177279989124205,0.0,5,equilibrium_files,mean_absolute_EBM_term_contribution,observed-comparison
bottleneck_unit,2864601_0.409:u025,geodesic_abs_w25_peak,0.02024366484222588,0.0002971196381678874,1.0,5,equilibrium_files,mean_absolute_EBM_term_contribution,observed-comparison
bottleneck_unit,2864601_0.409:u026,a_over_LT,0.004943744620481486,0.0012824959246560805,0.0,5,equilibrium_files,mean_absolute_EBM_term_contribution,observed-comparison
bottleneck_unit,2864601_0.409:u026,a_over_Ln,0.004127795434407329,0.0014798581366097382,0.0,5,equilibrium_files,mean_absolute_EBM_term_contribution,observed-comparison
bottleneck_unit,2864601_0.409:u026,log_f_Q,0.00505726791901189,0.0010758709783691006,0.0,5,equilibrium_files,mean_absolute_EBM_term_contribution,observed-comparison
bottleneck_unit,2864601_0.409:u026,f_stab,0.1115276475533428,0.0021324587458325566,1.0,5,equilibrium_files,mean_absolute_EBM_term_contribution,observed-comparison
bottleneck_unit,2864601_0.409:u026,log_FSA_grad_x,0.010838856815216263,0.0017273516273303459,0.0,5,equilibrium_files,mean_absolute_EBM_term_contribution,observed-comparison
bottleneck_unit,2864601_0.409:u026,bad_curvature_compression,0.044121428332318156,0.002065692793802365,1.0,5,equilibrium_files,mean_absolute_EBM_term_contribution,observed-comparison
bottleneck_unit,2864601_0.409:u026,paper_bad_curvature_feature_mean_square,0.0212616285658944,0.0006570052973730307,0.0,5,equilibrium_files,mean_absolute_EBM_term_contribution,observed-comparison
bottleneck_unit,2864601_0.409:u026,geodesic_curvature_abs_mean,0.061333389197068135,0.0031582253692267062,1.0,5,equilibrium_files,mean_absolute_EBM_term_contribution,observed-comparison
bottleneck_unit,2864601_0.409:u026,geodesic_curvature_compression,0.009943142521288001,0.0015487864758530296,0.0,5,equilibrium_files,mean_absolute_EBM_term_contribution,observed-comparison
bottleneck_unit,2864601_0.409:u026,parallel_roughness_iqr_scaled,0.017545343725048717,0.0011205540810383097,0.0,5,equilibrium_files,mean_absolute_EBM_term_contribution,observed-comparison
bottleneck_unit,2864601_0.409:u026,cross_channel_colocation,0.020829538153135218,0.0009616611182933325,0.0,5,equilibrium_files,mean_absolute_EBM_term_contribution,observed-comparison
bottleneck_unit,2864601_0.409:u026,bmag_parallel_expected_k,0.026730445870231156,0.0022671712633275847,0.0,5,equilibrium_files,mean_absolute_EBM_term_contribution,observed-comparison
bottleneck_unit,2864601_0.409:u026,compression_parallel_expected_k,0.016135368463578076,0.0014382455574933665,0.0,5,equilibrium_files,mean_absolute_EBM_term_contribution,observed-comparison
bottleneck_unit,2864601_0.409:u026,curvature_parallel_expected_k,0.042391324884289795,0.001985220795538681,1.0,5,equilibrium_files,mean_absolute_EBM_term_contribution,observed-comparison
bottleneck_unit,2864601_0.409:u026,local_shear_abs_mean,0.008330447966874831,0.0018749514419375585,0.0,5,equilibrium_files,mean_absolute_EBM_term_contribution,observed-comparison
bottleneck_unit,2864601_0.409:u026,f_Q_integrand_w25_peak,0.03138426856092246,0.0009268584630146268,0.8,5,equilibrium_files,mean_absolute_EBM_term_contribution,observed-comparison
bottleneck_unit,2864601_0.409:u026,geodesic_abs_w25_peak,0.028398422298425152,0.002023169300226707,0.2,5,equilibrium_files,mean_absolute_EBM_term_contribution,observed-comparison
bottleneck_unit,2864601_0.409:u027,a_over_LT,0.008620425613553024,0.0017316484288516867,0.0,5,equilibrium_files,mean_absolute_EBM_term_contribution,observed-comparison
bottleneck_unit,2864601_0.409:u027,a_over_Ln,0.0067997548997294046,0.0020883306916316706,0.0,5,equilibrium_files,mean_absolute_EBM_term_contribution,observed-comparison
bottleneck_unit,2864601_0.409:u027,log_f_Q,0.023345733101208754,0.0014157487251532873,0.0,5,equilibrium_files,mean_absolute_EBM_term_contribution,observed-comparison
bottleneck_unit,2864601_0.409:u027,f_stab,0.044419908216000906,0.005431120728249407,1.0,5,equilibrium_files,mean_absolute_EBM_term_contribution,observed-comparison
bottleneck_unit,2864601_0.409:u027,log_FSA_grad_x,0.02844827977213211,0.0018117053440375873,0.8,5,equilibrium_files,mean_absolute_EBM_term_contribution,observed-comparison
bottleneck_unit,2864601_0.409:u027,bad_curvature_compression,0.041577520945000904,0.0015717569305862466,1.0,5,equilibrium_files,mean_absolute_EBM_term_contribution,observed-comparison
bottleneck_unit,2864601_0.409:u027,paper_bad_curvature_feature_mean_square,0.027375991694646783,0.0025883356848240406,0.2,5,equilibrium_files,mean_absolute_EBM_term_contribution,observed-comparison
bottleneck_unit,2864601_0.409:u027,geodesic_curvature_abs_mean,0.02215790532699039,0.002508754416749173,0.0,5,equilibrium_files,mean_absolute_EBM_term_contribution,observed-comparison
bottleneck_unit,2864601_0.409:u027,geodesic_curvature_compression,0.06810670736287654,0.00416590401332916,1.0,5,equilibrium_files,mean_absolute_EBM_term_contribution,observed-comparison
bottleneck_unit,2864601_0.409:u027,parallel_roughness_iqr_scaled,0.005560696278086685,0.00199226356295823,0.0,5,equilibrium_files,mean_absolute_EBM_term_contribution,observed-comparison
bottleneck_unit,2864601_0.409:u027,cross_channel_colocation,0.013664890628075516,0.001971037137873043,0.0,5,equilibrium_files,mean_absolute_EBM_term_contribution,observed-comparison
bottleneck_unit,2864601_0.409:u027,bmag_parallel_expected_k,0.008627785450979364,0.0027465491122956103,0.0,5,equilibrium_files,mean_absolute_EBM_term_contribution,observed-comparison
bottleneck_unit,2864601_0.409:u027,compression_parallel_expected_k,0.006441455998912865,0.00160725543588877,0.0,5,equilibrium_files,mean_absolute_EBM_term_contribution,observed-comparison
bottleneck_unit,2864601_0.409:u027,curvature_parallel_expected_k,0.019856956129413184,0.0025906670950996244,0.0,5,equilibrium_files,mean_absolute_EBM_term_contribution,observed-comparison
bottleneck_unit,2864601_0.409:u027,local_shear_abs_mean,0.014149745858779891,0.001744679623451026,0.0,5,equilibrium_files,mean_absolute_EBM_term_contribution,observed-comparison
bottleneck_unit,2864601_0.409:u027,f_Q_integrand_w25_peak,0.0434862112860574,0.0015447672130055466,1.0,5,equilibrium_files,mean_absolute_EBM_term_contribution,observed-comparison
bottleneck_unit,2864601_0.409:u027,geodesic_abs_w25_peak,0.01723853250918942,0.0016249110102544938,0.0,5,equilibrium_files,mean_absolute_EBM_term_contribution,observed-comparison
bottleneck_unit,2864601_0.409:u028,a_over_LT,0.02116622063526364,0.003473500790476894,0.0,5,equilibrium_files,mean_absolute_EBM_term_contribution,observed-comparison
bottleneck_unit,2864601_0.409:u028,a_over_Ln,0.005783836218753942,0.0008992273961435355,0.0,5,equilibrium_files,mean_absolute_EBM_term_contribution,observed-comparison
bottleneck_unit,2864601_0.409:u028,log_f_Q,0.014373876297142013,0.0014896349055376398,0.0,5,equilibrium_files,mean_absolute_EBM_term_contribution,observed-comparison
bottleneck_unit,2864601_0.409:u028,f_stab,0.029441851121515445,0.002593661708477709,0.0,5,equilibrium_files,mean_absolute_EBM_term_contribution,observed-comparison
bottleneck_unit,2864601_0.409:u028,log_FSA_grad_x,0.03565282999908841,0.0033355534322956023,0.8,5,equilibrium_files,mean_absolute_EBM_term_contribution,observed-comparison
bottleneck_unit,2864601_0.409:u028,bad_curvature_compression,0.031160777630095515,0.002607380777185368,0.2,5,equilibrium_files,mean_absolute_EBM_term_contribution,observed-comparison
bottleneck_unit,2864601_0.409:u028,paper_bad_curvature_feature_mean_square,0.025405345127142924,0.002396842965558216,0.0,5,equilibrium_files,mean_absolute_EBM_term_contribution,observed-comparison
bottleneck_unit,2864601_0.409:u028,geodesic_curvature_abs_mean,0.045918304451367256,0.0038149413624214644,1.0,5,equilibrium_files,mean_absolute_EBM_term_contribution,observed-comparison
bottleneck_unit,2864601_0.409:u028,geodesic_curvature_compression,0.012128358627313367,0.0011033908819673883,0.0,5,equilibrium_files,mean_absolute_EBM_term_contribution,observed-comparison
bottleneck_unit,2864601_0.409:u028,parallel_roughness_iqr_scaled,0.0334604435322758,0.004990878569864402,0.6,5,equilibrium_files,mean_absolute_EBM_term_contribution,observed-comparison
bottleneck_unit,2864601_0.409:u028,cross_channel_colocation,0.007974310622331632,0.00043392527533313654,0.0,5,equilibrium_files,mean_absolute_EBM_term_contribution,observed-comparison
bottleneck_unit,2864601_0.409:u028,bmag_parallel_expected_k,0.025107329085064096,0.003173372204386924,0.0,5,equilibrium_files,mean_absolute_EBM_term_contribution,observed-comparison
bottleneck_unit,2864601_0.409:u028,compression_parallel_expected_k,0.01929814683375214,0.002837448600884876,0.0,5,equilibrium_files,mean_absolute_EBM_term_contribution,observed-comparison
bottleneck_unit,2864601_0.409:u028,curvature_parallel_expected_k,0.03326876380576346,0.0035250087182891942,0.4,5,equilibrium_files,mean_absolute_EBM_term_contribution,observed-comparison
bottleneck_unit,2864601_0.409:u028,local_shear_abs_mean,0.05822710014263795,0.0023775663993751256,1.0,5,equilibrium_files,mean_absolute_EBM_term_contribution,observed-comparison
bottleneck_unit,2864601_0.409:u028,f_Q_integrand_w25_peak,0.012799611436621805,0.0010461737451982122,0.0,5,equilibrium_files,mean_absolute_EBM_term_contribution,observed-comparison
bottleneck_unit,2864601_0.409:u028,geodesic_abs_w25_peak,0.04548875009085042,0.0019859426015510426,1.0,5,equilibrium_files,mean_absolute_EBM_term_contribution,observed-comparison
bottleneck_unit,2864601_0.409:u029,a_over_LT,0.004844869778128738,0.0008585089655623405,0.0,5,equilibrium_files,mean_absolute_EBM_term_contribution,observed-comparison
bottleneck_unit,2864601_0.409:u029,a_over_Ln,0.0043890729986659615,0.00138337182211727,0.0,5,equilibrium_files,mean_absolute_EBM_term_contribution,observed-comparison
bottleneck_unit,2864601_0.409:u029,log_f_Q,0.02924472491798157,0.0026466280164095927,0.6,5,equilibrium_files,mean_absolute_EBM_term_contribution,observed-comparison
bottleneck_unit,2864601_0.409:u029,f_stab,0.07065970458207153,0.002795165358563979,1.0,5,equilibrium_files,mean_absolute_EBM_term_contribution,observed-comparison
bottleneck_unit,2864601_0.409:u029,log_FSA_grad_x,0.01859172010053955,0.0012863839319338438,0.0,5,equilibrium_files,mean_absolute_EBM_term_contribution,observed-comparison
bottleneck_unit,2864601_0.409:u029,bad_curvature_compression,0.04550554758940776,0.0018543032984707115,1.0,5,equilibrium_files,mean_absolute_EBM_term_contribution,observed-comparison
bottleneck_unit,2864601_0.409:u029,paper_bad_curvature_feature_mean_square,0.03541658643260899,0.0012633139419991107,1.0,5,equilibrium_files,mean_absolute_EBM_term_contribution,observed-comparison
bottleneck_unit,2864601_0.409:u029,geodesic_curvature_abs_mean,0.028057933545058904,0.0016062585586958129,0.4,5,equilibrium_files,mean_absolute_EBM_term_contribution,observed-comparison
bottleneck_unit,2864601_0.409:u029,geodesic_curvature_compression,0.01870562388729526,0.001811210829086379,0.0,5,equilibrium_files,mean_absolute_EBM_term_contribution,observed-comparison
bottleneck_unit,2864601_0.409:u029,parallel_roughness_iqr_scaled,0.023406646027367257,0.001961009958860137,0.0,5,equilibrium_files,mean_absolute_EBM_term_contribution,observed-comparison
bottleneck_unit,2864601_0.409:u029,cross_channel_colocation,0.01881995871979405,0.002039234218999568,0.0,5,equilibrium_files,mean_absolute_EBM_term_contribution,observed-comparison
bottleneck_unit,2864601_0.409:u029,bmag_parallel_expected_k,0.0035335837906671956,0.0009148537475966791,0.0,5,equilibrium_files,mean_absolute_EBM_term_contribution,observed-comparison
bottleneck_unit,2864601_0.409:u029,compression_parallel_expected_k,0.015546228881154608,0.0014437424273964616,0.0,5,equilibrium_files,mean_absolute_EBM_term_contribution,observed-comparison
bottleneck_unit,2864601_0.409:u029,curvature_parallel_expected_k,0.011211882569343825,0.0020908355819978454,0.0,5,equilibrium_files,mean_absolute_EBM_term_contribution,observed-comparison
bottleneck_unit,2864601_0.409:u029,local_shear_abs_mean,0.01076247992987684,0.0016760303981640892,0.0,5,equilibrium_files,mean_absolute_EBM_term_contribution,observed-comparison
bottleneck_unit,2864601_0.409:u029,f_Q_integrand_w25_peak,0.05202252455801863,0.0027774474004189304,1.0,5,equilibrium_files,mean_absolute_EBM_term_contribution,observed-comparison
bottleneck_unit,2864601_0.409:u029,geodesic_abs_w25_peak,0.002824056449601991,0.0010610402865448385,0.0,5,equilibrium_files,mean_absolute_EBM_term_contribution,observed-comparison
bottleneck_unit,2864601_0.409:u030,a_over_LT,0.0054580470288774375,0.0012230465503711267,0.0,5,equilibrium_files,mean_absolute_EBM_term_contribution,observed-comparison
bottleneck_unit,2864601_0.409:u030,a_over_Ln,0.0049701749757847195,0.0018041882649352157,0.0,5,equilibrium_files,mean_absolute_EBM_term_contribution,observed-comparison
bottleneck_unit,2864601_0.409:u030,log_f_Q,0.005815856373788493,0.0005883576690838796,0.0,5,equilibrium_files,mean_absolute_EBM_term_contribution,observed-comparison
bottleneck_unit,2864601_0.409:u030,f_stab,0.00786025364792278,0.0013302972545910566,0.0,5,equilibrium_files,mean_absolute_EBM_term_contribution,observed-comparison
bottleneck_unit,2864601_0.409:u030,log_FSA_grad_x,0.032043436386217164,0.0023377874173940035,1.0,5,equilibrium_files,mean_absolute_EBM_term_contribution,observed-comparison
bottleneck_unit,2864601_0.409:u030,bad_curvature_compression,0.005353292144273064,0.00046456221691060223,0.0,5,equilibrium_files,mean_absolute_EBM_term_contribution,observed-comparison
bottleneck_unit,2864601_0.409:u030,paper_bad_curvature_feature_mean_square,0.0025725540291628166,0.0003679092035607245,0.0,5,equilibrium_files,mean_absolute_EBM_term_contribution,observed-comparison
bottleneck_unit,2864601_0.409:u030,geodesic_curvature_abs_mean,0.004122735393612046,0.0005874941054347058,0.0,5,equilibrium_files,mean_absolute_EBM_term_contribution,observed-comparison
bottleneck_unit,2864601_0.409:u030,geodesic_curvature_compression,0.01592647393213028,0.001322129710293159,1.0,5,equilibrium_files,mean_absolute_EBM_term_contribution,observed-comparison
bottleneck_unit,2864601_0.409:u030,parallel_roughness_iqr_scaled,0.012501741130293417,0.001196989085034044,0.8,5,equilibrium_files,mean_absolute_EBM_term_contribution,observed-comparison
bottleneck_unit,2864601_0.409:u030,cross_channel_colocation,0.007424154285875078,0.0009746455028615458,0.0,5,equilibrium_files,mean_absolute_EBM_term_contribution,observed-comparison
bottleneck_unit,2864601_0.409:u030,bmag_parallel_expected_k,0.011035222068264638,0.0014057172350846153,0.2,5,equilibrium_files,mean_absolute_EBM_term_contribution,observed-comparison
bottleneck_unit,2864601_0.409:u030,compression_parallel_expected_k,0.018428188696729318,0.0020792378694845046,1.0,5,equilibrium_files,mean_absolute_EBM_term_contribution,observed-comparison
bottleneck_unit,2864601_0.409:u030,curvature_parallel_expected_k,0.007875785619163208,0.0015164599909047154,0.0,5,equilibrium_files,mean_absolute_EBM_term_contribution,observed-comparison
bottleneck_unit,2864601_0.409:u030,local_shear_abs_mean,0.025242845132239594,0.0008651672393184177,1.0,5,equilibrium_files,mean_absolute_EBM_term_contribution,observed-comparison
bottleneck_unit,2864601_0.409:u030,f_Q_integrand_w25_peak,0.006875560147238459,0.0009887220302650832,0.0,5,equilibrium_files,mean_absolute_EBM_term_contribution,observed-comparison
bottleneck_unit,2864601_0.409:u030,geodesic_abs_w25_peak,0.00523867611618366,0.0008743536771071637,0.0,5,equilibrium_files,mean_absolute_EBM_term_contribution,observed-comparison
member_output,2864601_0.437,a_over_LT,1.360326829316698,0.009989965505463367,1.0,5,equilibrium_files,mean_absolute_EBM_term_contribution,observed-comparison
member_output,2864601_0.437,a_over_Ln,0.7552637629376087,0.01754986575576788,1.0,5,equilibrium_files,mean_absolute_EBM_term_contribution,observed-comparison
member_output,2864601_0.437,log_f_Q,0.06435734268771265,0.004528325309453536,0.0,5,equilibrium_files,mean_absolute_EBM_term_contribution,observed-comparison
member_output,2864601_0.437,f_stab,0.14383855134124307,0.016553632627352884,1.0,5,equilibrium_files,mean_absolute_EBM_term_contribution,observed-comparison
member_output,2864601_0.437,log_FSA_grad_x,0.0726724843178297,0.00865893163850164,0.0,5,equilibrium_files,mean_absolute_EBM_term_contribution,observed-comparison
member_output,2864601_0.437,bad_curvature_compression,0.09703653864994971,0.007448905474742415,0.2,5,equilibrium_files,mean_absolute_EBM_term_contribution,observed-comparison
member_output,2864601_0.437,paper_bad_curvature_feature_mean_square,0.09797817129799222,0.010943333593763833,0.2,5,equilibrium_files,mean_absolute_EBM_term_contribution,observed-comparison
member_output,2864601_0.437,geodesic_curvature_abs_mean,0.05397037119776864,0.009135686010856852,0.0,5,equilibrium_files,mean_absolute_EBM_term_contribution,observed-comparison
member_output,2864601_0.437,geodesic_curvature_compression,0.10631116098916611,0.0074133394511026645,0.6,5,equilibrium_files,mean_absolute_EBM_term_contribution,observed-comparison
member_output,2864601_0.437,parallel_roughness_iqr_scaled,0.05614071594849588,0.0038470261984963486,0.0,5,equilibrium_files,mean_absolute_EBM_term_contribution,observed-comparison
member_output,2864601_0.437,cross_channel_colocation,0.07676739945937663,0.009753125708068962,0.0,5,equilibrium_files,mean_absolute_EBM_term_contribution,observed-comparison
member_output,2864601_0.437,bmag_parallel_expected_k,0.061420457500700375,0.01708515638035268,0.0,5,equilibrium_files,mean_absolute_EBM_term_contribution,observed-comparison
member_output,2864601_0.437,compression_parallel_expected_k,0.035830201611505255,0.011302611350842602,0.0,5,equilibrium_files,mean_absolute_EBM_term_contribution,observed-comparison
member_output,2864601_0.437,curvature_parallel_expected_k,0.026191312275994492,0.004268835947903797,0.0,5,equilibrium_files,mean_absolute_EBM_term_contribution,observed-comparison
member_output,2864601_0.437,local_shear_abs_mean,0.07054286126023576,0.0070675563281172695,0.0,5,equilibrium_files,mean_absolute_EBM_term_contribution,observed-comparison
member_output,2864601_0.437,f_Q_integrand_w25_peak,0.13768400361154706,0.006823505867213857,1.0,5,equilibrium_files,mean_absolute_EBM_term_contribution,observed-comparison
member_output,2864601_0.437,geodesic_abs_w25_peak,0.025944065313737434,0.004363020744636182,0.0,5,equilibrium_files,mean_absolute_EBM_term_contribution,observed-comparison
member_output,2864601_0.371,a_over_LT,1.367517050749536,0.010368375254385803,1.0,5,equilibrium_files,mean_absolute_EBM_term_contribution,observed-comparison
member_output,2864601_0.371,a_over_Ln,0.7278394934401439,0.019604567329427797,1.0,5,equilibrium_files,mean_absolute_EBM_term_contribution,observed-comparison
member_output,2864601_0.371,log_f_Q,0.059911264671929386,0.006234182087332342,0.0,5,equilibrium_files,mean_absolute_EBM_term_contribution,observed-comparison
member_output,2864601_0.371,f_stab,0.14838325691148382,0.022153788119535382,1.0,5,equilibrium_files,mean_absolute_EBM_term_contribution,observed-comparison
member_output,2864601_0.371,log_FSA_grad_x,0.09257491777864088,0.011362244213280744,0.2,5,equilibrium_files,mean_absolute_EBM_term_contribution,observed-comparison
member_output,2864601_0.371,bad_curvature_compression,0.10508937087619023,0.004314354204083265,0.4,5,equilibrium_files,mean_absolute_EBM_term_contribution,observed-comparison
member_output,2864601_0.371,paper_bad_curvature_feature_mean_square,0.09441034919948457,0.011687574501970964,0.0,5,equilibrium_files,mean_absolute_EBM_term_contribution,observed-comparison
member_output,2864601_0.371,geodesic_curvature_abs_mean,0.052532624009399245,0.014382316596991261,0.0,5,equilibrium_files,mean_absolute_EBM_term_contribution,observed-comparison
member_output,2864601_0.371,geodesic_curvature_compression,0.10607679389271345,0.018008909563646314,0.6,5,equilibrium_files,mean_absolute_EBM_term_contribution,observed-comparison
member_output,2864601_0.371,parallel_roughness_iqr_scaled,0.05665595194790396,0.008919339001636007,0.0,5,equilibrium_files,mean_absolute_EBM_term_contribution,observed-comparison
member_output,2864601_0.371,cross_channel_colocation,0.0672924201633253,0.007450547468621226,0.0,5,equilibrium_files,mean_absolute_EBM_term_contribution,observed-comparison
member_output,2864601_0.371,bmag_parallel_expected_k,0.055298520839038724,0.011338601022655033,0.0,5,equilibrium_files,mean_absolute_EBM_term_contribution,observed-comparison
member_output,2864601_0.371,compression_parallel_expected_k,0.03631506405416048,0.012413533213810212,0.0,5,equilibrium_files,mean_absolute_EBM_term_contribution,observed-comparison
member_output,2864601_0.371,curvature_parallel_expected_k,0.029348367214572096,0.011230355478335627,0.0,5,equilibrium_files,mean_absolute_EBM_term_contribution,observed-comparison
member_output,2864601_0.371,local_shear_abs_mean,0.06839696802154963,0.009884016634581853,0.0,5,equilibrium_files,mean_absolute_EBM_term_contribution,observed-comparison
member_output,2864601_0.371,f_Q_integrand_w25_peak,0.13492609677881678,0.01668100178711626,0.8,5,equilibrium_files,mean_absolute_EBM_term_contribution,observed-comparison
member_output,2864601_0.371,geodesic_abs_w25_peak,0.027077255292621387,0.0074198011999540145,0.0,5,equilibrium_files,mean_absolute_EBM_term_contribution,observed-comparison
member_output,2864601_0.409,a_over_LT,1.3692995822642817,0.015110089578935374,1.0,5,equilibrium_files,mean_absolute_EBM_term_contribution,observed-comparison
member_output,2864601_0.409,a_over_Ln,0.7306083250934013,0.023075608685267916,1.0,5,equilibrium_files,mean_absolute_EBM_term_contribution,observed-comparison
member_output,2864601_0.409,log_f_Q,0.06287574373673008,0.0037795818906230147,0.0,5,equilibrium_files,mean_absolute_EBM_term_contribution,observed-comparison
member_output,2864601_0.409,f_stab,0.15005297678249757,0.02326634648704224,1.0,5,equilibrium_files,mean_absolute_EBM_term_contribution,observed-comparison
member_output,2864601_0.409,log_FSA_grad_x,0.07935654999708201,0.01249372556286854,0.0,5,equilibrium_files,mean_absolute_EBM_term_contribution,observed-comparison
member_output,2864601_0.409,bad_curvature_compression,0.09975311398632383,0.008103501610204714,0.4,5,equilibrium_files,mean_absolute_EBM_term_contribution,observed-comparison
member_output,2864601_0.409,paper_bad_curvature_feature_mean_square,0.09379135760406705,0.00782852304842296,0.0,5,equilibrium_files,mean_absolute_EBM_term_contribution,observed-comparison
member_output,2864601_0.409,geodesic_curvature_abs_mean,0.04107041714891276,0.006192527038508464,0.0,5,equilibrium_files,mean_absolute_EBM_term_contribution,observed-comparison
member_output,2864601_0.409,geodesic_curvature_compression,0.1008401152455495,0.00899772848867237,0.6,5,equilibrium_files,mean_absolute_EBM_term_contribution,observed-comparison
member_output,2864601_0.409,parallel_roughness_iqr_scaled,0.06608716499512227,0.009919047541234792,0.0,5,equilibrium_files,mean_absolute_EBM_term_contribution,observed-comparison
member_output,2864601_0.409,cross_channel_colocation,0.06839195122889882,0.0017455153899948467,0.0,5,equilibrium_files,mean_absolute_EBM_term_contribution,observed-comparison
member_output,2864601_0.409,bmag_parallel_expected_k,0.06226822802266534,0.007975532646680938,0.0,5,equilibrium_files,mean_absolute_EBM_term_contribution,observed-comparison
member_output,2864601_0.409,compression_parallel_expected_k,0.0339730334458712,0.011138947814061684,0.0,5,equilibrium_files,mean_absolute_EBM_term_contribution,observed-comparison
member_output,2864601_0.409,curvature_parallel_expected_k,0.0212409039924233,0.004769467834524028,0.0,5,equilibrium_files,mean_absolute_EBM_term_contribution,observed-comparison
member_output,2864601_0.409,local_shear_abs_mean,0.061005240899315846,0.015025443916880566,0.0,5,equilibrium_files,mean_absolute_EBM_term_contribution,observed-comparison
member_output,2864601_0.409,f_Q_integrand_w25_peak,0.13655383554905148,0.009320773123975223,1.0,5,equilibrium_files,mean_absolute_EBM_term_contribution,observed-comparison
member_output,2864601_0.409,geodesic_abs_w25_peak,0.027370145105652766,0.007321462496318501,0.0,5,equilibrium_files,mean_absolute_EBM_term_contribution,observed-comparison
ensemble_mean_output,stored_validation_top_member_mean,a_over_LT,1.3627999453955824,0.02584826569506427,1.0,5,equilibrium_files,mean_absolute_EBM_term_contribution,observed-comparison
ensemble_mean_output,stored_validation_top_member_mean,a_over_Ln,0.7346604303083508,0.02501701091518415,1.0,5,equilibrium_files,mean_absolute_EBM_term_contribution,observed-comparison
ensemble_mean_output,stored_validation_top_member_mean,log_f_Q,0.06361147313060977,0.006275858733032536,0.0,5,equilibrium_files,mean_absolute_EBM_term_contribution,observed-comparison
ensemble_mean_output,stored_validation_top_member_mean,f_stab,0.15056440288122705,0.012698702165362638,1.0,5,equilibrium_files,mean_absolute_EBM_term_contribution,observed-comparison
ensemble_mean_output,stored_validation_top_member_mean,log_FSA_grad_x,0.07743415542620377,0.011247259935549496,0.0,5,equilibrium_files,mean_absolute_EBM_term_contribution,observed-comparison
ensemble_mean_output,stored_validation_top_member_mean,bad_curvature_compression,0.10314570460516599,0.012708787429103793,0.6,5,equilibrium_files,mean_absolute_EBM_term_contribution,observed-comparison
ensemble_mean_output,stored_validation_top_member_mean,paper_bad_curvature_feature_mean_square,0.09099014257265635,0.004956674379691368,0.0,5,equilibrium_files,mean_absolute_EBM_term_contribution,observed-comparison
ensemble_mean_output,stored_validation_top_member_mean,geodesic_curvature_abs_mean,0.05267296884099572,0.011699226686431185,0.0,5,equilibrium_files,mean_absolute_EBM_term_contribution,observed-comparison
ensemble_mean_output,stored_validation_top_member_mean,geodesic_curvature_compression,0.09815210317273745,0.007500453238994064,0.4,5,equilibrium_files,mean_absolute_EBM_term_contribution,observed-comparison
ensemble_mean_output,stored_validation_top_member_mean,parallel_roughness_iqr_scaled,0.06046491653362457,0.018335245209129925,0.0,5,equilibrium_files,mean_absolute_EBM_term_contribution,observed-comparison
ensemble_mean_output,stored_validation_top_member_mean,cross_channel_colocation,0.06768520477450965,0.004824239103786125,0.0,5,equilibrium_files,mean_absolute_EBM_term_contribution,observed-comparison
ensemble_mean_output,stored_validation_top_member_mean,bmag_parallel_expected_k,0.04908311591335539,0.025604091121966686,0.0,5,equilibrium_files,mean_absolute_EBM_term_contribution,observed-comparison
ensemble_mean_output,stored_validation_top_member_mean,compression_parallel_expected_k,0.03024813708576951,0.009159321919717396,0.0,5,equilibrium_files,mean_absolute_EBM_term_contribution,observed-comparison
ensemble_mean_output,stored_validation_top_member_mean,curvature_parallel_expected_k,0.028989373097605846,0.006293007145620599,0.0,5,equilibrium_files,mean_absolute_EBM_term_contribution,observed-comparison
ensemble_mean_output,stored_validation_top_member_mean,local_shear_abs_mean,0.06596208426373121,0.013074527572779092,0.0,5,equilibrium_files,mean_absolute_EBM_term_contribution,observed-comparison
ensemble_mean_output,stored_validation_top_member_mean,f_Q_integrand_w25_peak,0.13769301609094806,0.005976577822814086,1.0,5,equilibrium_files,mean_absolute_EBM_term_contribution,observed-comparison
ensemble_mean_output,stored_validation_top_member_mean,geodesic_abs_w25_peak,0.024034819315813756,0.006205565320984094,0.0,5,equilibrium_files,mean_absolute_EBM_term_contribution,observed-comparison
true_clipped_log_Q,GX_true_target,a_over_LT,1.364587057959215,0.019564873446980085,1.0,5,equilibrium_files,mean_absolute_EBM_term_contribution,observed-comparison
true_clipped_log_Q,GX_true_target,a_over_Ln,0.7254923608730263,0.0021838716399147137,1.0,5,equilibrium_files,mean_absolute_EBM_term_contribution,observed-comparison
true_clipped_log_Q,GX_true_target,log_f_Q,0.06454218061339675,0.010529817493998835,0.0,5,equilibrium_files,mean_absolute_EBM_term_contribution,observed-comparison
true_clipped_log_Q,GX_true_target,f_stab,0.14670524059169715,0.016961222828864222,1.0,5,equilibrium_files,mean_absolute_EBM_term_contribution,observed-comparison
true_clipped_log_Q,GX_true_target,log_FSA_grad_x,0.08344818777022833,0.008319004866934798,0.0,5,equilibrium_files,mean_absolute_EBM_term_contribution,observed-comparison
true_clipped_log_Q,GX_true_target,bad_curvature_compression,0.1103037249931855,0.018098921704277432,0.6,5,equilibrium_files,mean_absolute_EBM_term_contribution,observed-comparison
true_clipped_log_Q,GX_true_target,paper_bad_curvature_feature_mean_square,0.10417470727517311,0.0096637938791946,0.0,5,equilibrium_files,mean_absolute_EBM_term_contribution,observed-comparison
true_clipped_log_Q,GX_true_target,geodesic_curvature_abs_mean,0.04330721520196248,0.01256814145087598,0.0,5,equilibrium_files,mean_absolute_EBM_term_contribution,observed-comparison
true_clipped_log_Q,GX_true_target,geodesic_curvature_compression,0.10884477558007362,0.014751372816921194,0.4,5,equilibrium_files,mean_absolute_EBM_term_contribution,observed-comparison
true_clipped_log_Q,GX_true_target,parallel_roughness_iqr_scaled,0.0545022164151001,0.0062776417177664735,0.0,5,equilibrium_files,mean_absolute_EBM_term_contribution,observed-comparison
true_clipped_log_Q,GX_true_target,cross_channel_colocation,0.07355171007696237,0.007924717460031169,0.0,5,equilibrium_files,mean_absolute_EBM_term_contribution,observed-comparison
true_clipped_log_Q,GX_true_target,bmag_parallel_expected_k,0.061984260379873646,0.01778055647914053,0.0,5,equilibrium_files,mean_absolute_EBM_term_contribution,observed-comparison
true_clipped_log_Q,GX_true_target,compression_parallel_expected_k,0.038155508711674155,0.01296856161455263,0.0,5,equilibrium_files,mean_absolute_EBM_term_contribution,observed-comparison
true_clipped_log_Q,GX_true_target,curvature_parallel_expected_k,0.025158217986942972,0.0059818028349347165,0.0,5,equilibrium_files,mean_absolute_EBM_term_contribution,observed-comparison
true_clipped_log_Q,GX_true_target,local_shear_abs_mean,0.06523937187931342,0.010447994947547704,0.0,5,equilibrium_files,mean_absolute_EBM_term_contribution,observed-comparison
true_clipped_log_Q,GX_true_target,f_Q_integrand_w25_peak,0.13689033643686677,0.01496831439511731,1.0,5,equilibrium_files,mean_absolute_EBM_term_contribution,observed-comparison
true_clipped_log_Q,GX_true_target,geodesic_abs_w25_peak,0.0320759225016871,0.008799259484655925,0.0,5,equilibrium_files,mean_absolute_EBM_term_contribution,observed-comparison
