entity,entity_type,gradient_set,stratum,n,shift,mean_absolute_change,rms_change,max_absolute_change
2864601_0.437,member,varied,all,1000,32,2.3165345191955565e-07,3.544685268112215e-07,2.682209014892578e-06
2864601_0.437,member,varied,all,1000,64,2.2986531257629395e-07,3.366092826699298e-07,1.9073486328125e-06
2864601_0.437,member,varied,stable_near_floor,240,32,2.0489096641540527e-07,3.20865519831761e-07,2.0265579223632812e-06
2864601_0.437,member,varied,stable_near_floor,240,64,1.9905467828114826e-07,3.1010291460999786e-07,1.7881393432617188e-06
2864601_0.437,member,varied,unstable,760,32,2.401047631313926e-07,3.644368634649689e-07,2.682209014892578e-06
2864601_0.437,member,varied,unstable,760,64,2.3959498656423466e-07,3.445563374293186e-07,1.9073486328125e-06
2864601_0.437,member,fixed,all,1000,32,1.7404556274414062e-07,2.518745881631185e-07,9.5367431640625e-07
2864601_0.437,member,fixed,all,1000,64,1.7616152763366698e-07,2.58379432069892e-07,1.0728836059570312e-06
2864601_0.437,member,fixed,stable_near_floor,23,32,1.5030736508576767e-07,2.2371169644757186e-07,4.76837158203125e-07
2864601_0.437,member,fixed,stable_near_floor,23,64,1.3994133990743887e-07,2.318493101528939e-07,7.152557373046875e-07
2864601_0.437,member,fixed,unstable,977,32,1.7460439441880037e-07,2.524997419466423e-07,9.5367431640625e-07
2864601_0.437,member,fixed,unstable,977,64,1.770142034962087e-07,2.5897124747344093e-07,1.0728836059570312e-06
2864601_0.371,member,varied,all,1000,32,3.434121608734131e-07,5.631369430036623e-07,4.708766937255859e-06
2864601_0.371,member,varied,all,1000,64,3.3462047576904296e-07,5.763386977029835e-07,5.7220458984375e-06
2864601_0.371,member,varied,stable_near_floor,240,32,2.9752651850382485e-07,4.806096139453301e-07,2.86102294921875e-06
2864601_0.371,member,varied,stable_near_floor,240,64,2.54934032758077e-07,4.00806151299908e-07,1.9073486328125e-06
2864601_0.371,member,varied,unstable,760,32,3.5790236372696724e-07,5.867917593637849e-07,4.708766937255859e-06
2864601_0.371,member,varied,unstable,760,64,3.5978461566724276e-07,6.215550928805912e-07,5.7220458984375e-06
2864601_0.371,member,fixed,all,1000,32,2.059638500213623e-07,3.201121816114822e-07,2.5033950805664062e-06
2864601_0.371,member,fixed,all,1000,64,2.1347403526306153e-07,3.361445676726462e-07,2.8014183044433594e-06
2864601_0.371,member,fixed,stable_near_floor,23,32,1.1402627696161685e-07,1.792453316583901e-07,4.76837158203125e-07
2864601_0.371,member,fixed,stable_near_floor,23,64,1.1402627696161685e-07,1.792453316583901e-07,4.76837158203125e-07
2864601_0.371,member,fixed,unstable,977,32,2.0812819411591107e-07,3.2268836884649995e-07,2.5033950805664062e-06
2864601_0.371,member,fixed,unstable,977,64,2.158151800337199e-07,3.3896435371842563e-07,2.8014183044433594e-06
2864601_0.409,member,varied,all,1000,32,2.208501100540161e-07,3.473942962816013e-07,2.8014183044433594e-06
2864601_0.409,member,varied,all,1000,64,2.1748244762420655e-07,3.2510871171804837e-07,1.7881393432617188e-06
2864601_0.409,member,varied,stable_near_floor,240,32,1.12876296043396e-07,1.8908432546444843e-07,1.1324882507324219e-06
2864601_0.409,member,varied,stable_near_floor,240,64,1.4373411734898886e-07,2.32988046052138e-07,1.0132789611816406e-06
2864601_0.409,member,varied,unstable,760,32,2.5494710395210666e-07,3.8406089391127687e-07,2.8014183044433594e-06
2864601_0.409,member,varied,unstable,760,64,2.407713940269069e-07,3.4918636882232296e-07,1.7881393432617188e-06
2864601_0.409,member,fixed,all,1000,32,1.8593668937683105e-07,2.8004352894270145e-07,3.0994415283203125e-06
2864601_0.409,member,fixed,all,1000,64,1.8937885761260986e-07,2.943064214593029e-07,2.7418136596679688e-06
2864601_0.409,member,fixed,stable_near_floor,23,32,1.5549037767493207e-07,2.409961521638512e-07,7.152557373046875e-07
2864601_0.409,member,fixed,stable_near_floor,23,64,1.8658845320991849e-07,2.9200193199910854e-07,9.5367431640625e-07
2864601_0.409,member,fixed,unstable,977,32,1.8665343980584197e-07,2.8089737352251105e-07,3.0994415283203125e-06
2864601_0.409,member,fixed,unstable,977,64,1.8944454778790352e-07,2.9436045513115104e-07,2.7418136596679688e-06
2864601_0.386,member,varied,all,1000,32,3.1329691410064695e-07,5.263884492931462e-07,5.602836608886719e-06
2864601_0.386,member,varied,all,1000,64,2.988055348396301e-07,4.83343058111668e-07,3.4570693969726562e-06
2864601_0.386,member,varied,stable_near_floor,240,32,2.9765069484710695e-07,5.506209261443422e-07,5.602836608886719e-06
2864601_0.386,member,varied,stable_near_floor,240,64,2.936770518620809e-07,4.795959815286452e-07,2.9802322387695312e-06
2864601_0.386,member,varied,unstable,760,32,3.1823782544387017e-07,5.185008533151766e-07,2.86102294921875e-06
2864601_0.386,member,varied,unstable,760,64,3.004250557799088e-07,4.845203250653889e-07,3.4570693969726562e-06
2864601_0.386,member,fixed,all,1000,32,1.9650161266326903e-07,3.0135180892980207e-07,2.5033950805664062e-06
2864601_0.386,member,fixed,all,1000,64,1.9662082195281983e-07,2.8686999411217623e-07,2.0265579223632812e-06
2864601_0.386,member,fixed,stable_near_floor,23,32,1.6067339026409647e-07,2.344991025896408e-07,4.76837158203125e-07
2864601_0.386,member,fixed,stable_near_floor,23,64,2.228695413340693e-07,2.688679974875852e-07,4.76837158203125e-07
2864601_0.386,member,fixed,unstable,977,32,1.9734506109231813e-07,3.0274781617745144e-07,2.5033950805664062e-06
2864601_0.386,member,fixed,unstable,977,64,1.9600288894793882e-07,2.872801968190327e-07,2.0265579223632812e-06
2864601_0.355,member,varied,all,1000,32,2.5413930416107177e-07,3.956153061377709e-07,2.9802322387695312e-06
2864601_0.355,member,varied,all,1000,64,2.483874559402466e-07,3.682670577729096e-07,1.9073486328125e-06
2864601_0.355,member,varied,stable_near_floor,240,32,2.351279060045878e-07,3.512074931172579e-07,1.6689300537109375e-06
2864601_0.355,member,varied,stable_near_floor,240,64,2.687176068623861e-07,4.0198166685904484e-07,1.9073486328125e-06
2864601_0.355,member,varied,unstable,760,32,2.6014290357890884e-07,4.086374369028319e-07,2.9802322387695312e-06
2864601_0.355,member,varied,unstable,760,64,2.4196740828062356e-07,3.569593875670948e-07,1.6689300537109375e-06
2864601_0.355,member,fixed,all,1000,32,1.7705559730529785e-07,2.8038426571923964e-07,2.5033950805664062e-06
2864601_0.355,member,fixed,all,1000,64,1.7756223678588868e-07,2.78051036180801e-07,2.7418136596679688e-06
2864601_0.355,member,fixed,stable_near_floor,23,32,1.5549037767493207e-07,2.1091741011843272e-07,4.76837158203125e-07
2864601_0.355,member,fixed,stable_near_floor,23,64,1.7103941544242526e-07,2.152666802747891e-07,4.76837158203125e-07
2864601_0.355,member,fixed,unstable,977,32,1.7756327391890933e-07,2.818133904288396e-07,2.5033950805664062e-06
2864601_0.355,member,fixed,unstable,977,64,1.7771579348077062e-07,2.7935912293610976e-07,2.7418136596679688e-06
2864601_0.449,member,varied,all,1000,32,2.9699504375457765e-07,4.829450021046474e-07,4.76837158203125e-06
2864601_0.449,member,varied,all,1000,64,2.8023123741149904e-07,4.216133400080384e-07,2.86102294921875e-06
2864601_0.449,member,varied,stable_near_floor,240,32,2.9535343249638875e-07,4.828652633886424e-07,3.337860107421875e-06
2864601_0.449,member,varied,stable_near_floor,240,64,3.0522545178731284e-07,4.695324128782088e-07,2.5033950805664062e-06
2864601_0.449,member,varied,unstable,760,32,2.975134473097952e-07,4.82970180016713e-07,4.76837158203125e-06
2864601_0.449,member,varied,unstable,760,64,2.7233832760861047e-07,4.0530567355872537e-07,2.86102294921875e-06
2864601_0.449,member,fixed,all,1000,32,1.8120557069778444e-07,2.66755862262624e-07,1.430511474609375e-06
2864601_0.449,member,fixed,all,1000,64,2.0047277212142944e-07,3.9480295460418e-07,9.000301361083984e-06
2864601_0.449,member,fixed,stable_near_floor,23,32,1.1402627696161685e-07,2.278168406262181e-07,7.152557373046875e-07
2864601_0.449,member,fixed,stable_near_floor,23,64,1.2439230213994565e-07,1.8601167144906376e-07,4.76837158203125e-07
2864601_0.449,member,fixed,unstable,977,32,1.8278706891265838e-07,2.676042890774548e-07,1.430511474609375e-06
2864601_0.449,member,fixed,unstable,977,64,2.022638169623446e-07,3.984020861027107e-07,9.000301361083984e-06
2864601_0.340,member,varied,all,1000,32,3.1476467847824097e-07,4.6073254256116555e-07,2.86102294921875e-06
2864601_0.340,member,varied,all,1000,64,3.1176209449768067e-07,4.804920960095397e-07,3.2186508178710938e-06
2864601_0.340,member,varied,stable_near_floor,240,32,3.104408582051595e-07,4.4957735972402474e-07,2.1457672119140625e-06
2864601_0.340,member,varied,stable_near_floor,240,64,2.9224902391433717e-07,4.245490931451068e-07,2.1457672119140625e-06
2864601_0.340,member,varied,unstable,760,32,3.1613009540658247e-07,4.6419954194592665e-07,2.86102294921875e-06
2864601_0.340,member,varied,unstable,760,64,3.1792411678715754e-07,4.968513895813273e-07,3.2186508178710938e-06
2864601_0.340,member,fixed,all,1000,32,1.9863247871398926e-07,3.1410131489124197e-07,3.814697265625e-06
2864601_0.340,member,fixed,all,1000,64,1.9762665033340453e-07,2.949947282481971e-07,2.0265579223632812e-06
2864601_0.340,member,fixed,stable_near_floor,23,32,1.6585640285326086e-07,3.602100528612148e-07,1.430511474609375e-06
2864601_0.340,member,fixed,stable_near_floor,23,64,2.228695413340693e-07,2.951588013877837e-07,9.5367431640625e-07
2864601_0.340,member,fixed,unstable,977,32,1.994040751774455e-07,3.1293400818090476e-07,3.814697265625e-06
2864601_0.340,member,fixed,unstable,977,64,1.970323959905025e-07,2.949908646285735e-07,2.0265579223632812e-06
2864601_0.296,member,varied,all,1000,32,2.2824108600616455e-07,3.4267260549439763e-07,2.2649765014648438e-06
2864601_0.296,member,varied,all,1000,64,2.3558735847473145e-07,3.6313918876778754e-07,2.205371856689453e-06
2864601_0.296,member,varied,stable_near_floor,240,32,1.704941193262736e-07,2.523317072075024e-07,1.0728836059570312e-06
2864601_0.296,member,varied,stable_near_floor,240,64,1.8465022246042889e-07,2.895136225046827e-07,2.0265579223632812e-06
2864601_0.296,member,varied,unstable,760,32,2.4647697022086695e-07,3.666049875571986e-07,2.2649765014648438e-06
2864601_0.296,member,varied,unstable,760,64,2.516727698476691e-07,3.8346364232915276e-07,2.205371856689453e-06
2864601_0.296,member,fixed,all,1000,32,1.6182661056518554e-07,2.499347207059259e-07,2.6226043701171875e-06
2864601_0.296,member,fixed,all,1000,64,1.70782208442688e-07,2.478153157017346e-07,1.1920928955078125e-06
2864601_0.296,member,fixed,stable_near_floor,23,32,8.811121401579483e-08,1.3385826162820233e-07,3.5762786865234375e-07
2864601_0.296,member,fixed,stable_near_floor,23,64,1.4512435249660327e-07,1.8265983526298375e-07,3.5762786865234375e-07
2864601_0.296,member,fixed,unstable,977,32,1.6356197814004326e-07,2.5202404766498277e-07,2.6226043701171875e-06
2864601_0.296,member,fixed,unstable,977,64,1.7138623166352724e-07,2.491439684870978e-07,1.1920928955078125e-06
2864601_0.270,member,varied,all,1000,32,2.979710698127747e-07,4.585789082099854e-07,3.5762786865234375e-06
2864601_0.270,member,varied,all,1000,64,2.991035580635071e-07,4.4598736083338756e-07,3.0994415283203125e-06
2864601_0.270,member,varied,stable_near_floor,240,32,2.773478627204895e-07,4.208017301850546e-07,1.9073486328125e-06
2864601_0.270,member,varied,stable_near_floor,240,64,2.8970340887705485e-07,4.3868252568926105e-07,2.1457672119140625e-06
2864601_0.270,member,varied,unstable,760,32,3.044836615261279e-07,4.6987796845878487e-07,3.5762786865234375e-06
2864601_0.270,member,varied,unstable,760,64,3.020720262276499e-07,4.4826942089654784e-07,3.0994415283203125e-06
2864601_0.270,member,fixed,all,1000,32,2.1534040570259094e-07,3.2023166155183195e-07,2.294778823852539e-06
2864601_0.270,member,fixed,all,1000,64,2.1501630544662477e-07,3.4806023418901414e-07,3.337860107421875e-06
2864601_0.270,member,fixed,stable_near_floor,23,32,1.9695447838824728e-07,3.02396694386831e-07,9.5367431640625e-07
2864601_0.270,member,fixed,stable_near_floor,23,64,2.0732050356657608e-07,2.534911790233588e-07,4.76837158203125e-07
2864601_0.270,member,fixed,unstable,977,32,2.1577323715420803e-07,3.206395709435423e-07,2.294778823852539e-06
2864601_0.270,member,fixed,unstable,977,64,2.1519747580818168e-07,3.4997879411315045e-07,3.337860107421875e-06
2864601_0.352,member,varied,all,1000,32,2.7176737785339355e-07,3.999433911681185e-07,2.384185791015625e-06
2864601_0.352,member,varied,all,1000,64,2.6403367519378664e-07,3.959558467820133e-07,3.0994415283203125e-06
2864601_0.352,member,varied,stable_near_floor,240,32,2.520158886909485e-07,3.6146835575271745e-07,1.430511474609375e-06
2864601_0.352,member,varied,stable_near_floor,240,64,2.4084001779556277e-07,3.536646026111802e-07,1.430511474609375e-06
2864601_0.352,member,varied,unstable,760,32,2.7800469022048145e-07,4.11346420161435e-07,2.384185791015625e-06
2864601_0.352,member,varied,unstable,760,64,2.713579880563836e-07,4.0840214367322244e-07,3.0994415283203125e-06
2864601_0.352,member,fixed,all,1000,32,1.8186867237091065e-07,2.700561579431612e-07,1.9073486328125e-06
2864601_0.352,member,fixed,all,1000,64,1.6744434833526611e-07,2.5636104269236327e-07,1.9073486328125e-06
2864601_0.352,member,fixed,stable_near_floor,23,32,1.3475832731827445e-07,1.925403721540566e-07,4.76837158203125e-07
2864601_0.352,member,fixed,stable_near_floor,23,64,1.2439230213994565e-07,1.7221334421983127e-07,2.384185791015625e-07
2864601_0.352,member,fixed,unstable,977,32,1.8297771836498498e-07,2.7161459909260197e-07,1.9073486328125e-06
2864601_0.352,member,fixed,unstable,977,64,1.6845785607579054e-07,2.580115744549032e-07,1.9073486328125e-06
2864601_0.487,member,varied,all,1000,32,2.8371438384056094e-07,4.687989887699978e-07,6.079673767089844e-06
2864601_0.487,member,varied,all,1000,64,2.749450504779816e-07,4.208135971044993e-07,4.0531158447265625e-06
2864601_0.487,member,varied,stable_near_floor,240,32,2.8212865193684896e-07,4.102197028250233e-07,1.430511474609375e-06
2864601_0.487,member,varied,stable_near_floor,240,64,2.836808562278748e-07,4.0101499917009633e-07,1.430511474609375e-06
2864601_0.487,member,varied,unstable,760,32,2.8421514128383835e-07,4.858324960030874e-07,6.079673767089844e-06
2864601_0.487,member,varied,unstable,760,64,2.721863749780153e-07,4.2687505323074906e-07,4.0531158447265625e-06
2864601_0.487,member,fixed,all,1000,32,2.0101666450500489e-07,3.1152890190142953e-07,3.874301910400391e-06
2864601_0.487,member,fixed,all,1000,64,1.8648803234100343e-07,2.7948398023811197e-07,1.9073486328125e-06
2864601_0.487,member,fixed,stable_near_floor,23,32,1.814054406207541e-07,2.4227465531142364e-07,5.960464477539062e-07
2864601_0.487,member,fixed,stable_near_floor,23,64,1.5030736508576767e-07,2.034621282908245e-07,4.76837158203125e-07
2864601_0.487,member,fixed,unstable,977,32,2.0147834121875898e-07,3.129746761708101e-07,3.874301910400391e-06
2864601_0.487,member,fixed,unstable,977,64,1.8733977783421778e-07,2.8102598972795756e-07,1.9073486328125e-06
2864601_0.272,member,varied,all,1000,32,1.97485089302063e-07,2.930467831056513e-07,1.430511474609375e-06
2864601_0.272,member,varied,all,1000,64,2.0599365234375e-07,2.9944142028518107e-07,1.6987323760986328e-06
2864601_0.272,member,varied,stable_near_floor,240,32,2.2550423940022786e-07,3.29312291063339e-07,1.430511474609375e-06
2864601_0.272,member,varied,stable_near_floor,240,64,2.339482307434082e-07,3.229119794507393e-07,9.5367431640625e-07
2864601_0.272,member,varied,unstable,760,32,1.886369366394846e-07,2.8062251447188607e-07,1.430511474609375e-06
2864601_0.272,member,varied,unstable,760,64,1.9716589074385793e-07,2.91637502617222e-07,1.6987323760986328e-06
2864601_0.272,member,fixed,all,1000,32,1.4534592628479003e-07,2.230858610290153e-07,1.5497207641601562e-06
2864601_0.272,member,fixed,all,1000,64,1.469850540161133e-07,2.1975045091898174e-07,9.5367431640625e-07
2864601_0.272,member,fixed,stable_near_floor,23,32,1.9695447838824728e-07,2.4607031180483816e-07,4.76837158203125e-07
2864601_0.272,member,fixed,stable_near_floor,23,64,1.3475832731827445e-07,1.8601167144906376e-07,4.76837158203125e-07
2864601_0.272,member,fixed,unstable,977,32,1.4413098595891542e-07,2.2251617223889103e-07,1.5497207641601562e-06
2864601_0.272,member,fixed,unstable,977,64,1.472728889332579e-07,2.2048251918036323e-07,9.5367431640625e-07
2864601_0.404,member,varied,all,1000,32,2.2824108600616455e-07,3.251367129263826e-07,1.9073486328125e-06
2864601_0.404,member,varied,all,1000,64,2.1973252296447755e-07,3.194838150535145e-07,1.6689300537109375e-06
2864601_0.404,member,varied,stable_near_floor,240,32,2.1557013193766276e-07,2.9527870710098444e-07,9.5367431640625e-07
2864601_0.404,member,varied,stable_near_floor,240,64,2.2426247596740724e-07,3.23484498568844e-07,1.1920928955078125e-06
2864601_0.404,member,varied,unstable,760,32,2.3224243992253355e-07,3.340115002047045e-07,1.9073486328125e-06
2864601_0.404,member,varied,unstable,760,64,2.1830201148986817e-07,3.1820999166742634e-07,1.6689300537109375e-06
2864601_0.404,member,fixed,all,1000,32,1.7237663269042968e-07,2.483956975250138e-07,9.5367431640625e-07
2864601_0.404,member,fixed,all,1000,64,1.636892557144165e-07,2.433533448418992e-07,1.430511474609375e-06
2864601_0.404,member,fixed,stable_near_floor,23,32,2.0213749097741168e-07,2.972447552668461e-07,8.344650268554688e-07
2864601_0.404,member,fixed,stable_near_floor,23,64,1.7622242803158966e-07,2.653985876517111e-07,7.152557373046875e-07
2864601_0.404,member,fixed,unstable,977,32,1.7167601883106367e-07,2.4712941575557775e-07,9.5367431640625e-07
2864601_0.404,member,fixed,unstable,977,64,1.6339420662199585e-07,2.428102548598488e-07,1.430511474609375e-06
2864601_0.274,member,varied,all,1000,32,3.0257552862167356e-07,4.587455643006841e-07,3.337860107421875e-06
2864601_0.274,member,varied,all,1000,64,3.092475235462189e-07,4.4528332760996105e-07,2.384185791015625e-06
2864601_0.274,member,varied,stable_near_floor,240,32,2.883995572725932e-07,4.402204616752728e-07,1.9073486328125e-06
2864601_0.274,member,varied,stable_near_floor,240,64,2.9262155294418334e-07,4.30998539351028e-07,1.430511474609375e-06
2864601_0.274,member,varied,unstable,760,32,3.0705215115296214e-07,4.644421095801128e-07,3.337860107421875e-06
2864601_0.274,member,varied,unstable,760,64,3.1449783005212485e-07,4.4970005211946144e-07,2.384185791015625e-06
2864601_0.274,member,fixed,all,1000,32,2.091825008392334e-07,2.9726770867811537e-07,2.0265579223632812e-06
2864601_0.274,member,fixed,all,1000,64,2.0663440227508546e-07,3.0331495710431615e-07,2.5033950805664062e-06
2864601_0.274,member,fixed,stable_near_floor,23,32,2.746996672257133e-07,3.6277385783396834e-07,9.5367431640625e-07
2864601_0.274,member,fixed,stable_near_floor,23,64,2.0732050356657608e-07,3.2218166575058755e-07,9.5367431640625e-07
2864601_0.274,member,fixed,unstable,977,32,2.0764013151795495e-07,2.9555072990813464e-07,2.0265579223632812e-06
2864601_0.274,member,fixed,unstable,977,64,2.0661825045348435e-07,3.028566476716909e-07,2.5033950805664062e-06
2864601_0.240,member,varied,all,1000,32,2.9808282852172854e-07,4.407873299012812e-07,2.86102294921875e-06
2864601_0.240,member,varied,all,1000,64,2.9268860816955566e-07,4.236308664846768e-07,2.384185791015625e-06
2864601_0.240,member,varied,stable_near_floor,240,32,2.409021059672038e-07,3.6030831105157006e-07,1.7285346984863281e-06
2864601_0.240,member,varied,stable_near_floor,240,64,2.2376577059427898e-07,3.3631759060270833e-07,1.1920928955078125e-06
2864601_0.240,member,varied,unstable,760,32,3.1613989880210476e-07,4.6330643951132233e-07,2.86102294921875e-06
2864601_0.240,member,varied,unstable,760,64,3.144537147722746e-07,4.476794345035581e-07,2.384185791015625e-06
2864601_0.240,member,fixed,all,1000,32,2.2999942302703858e-07,3.555496374614147e-07,4.410743713378906e-06
2864601_0.240,member,fixed,all,1000,64,2.271682024002075e-07,3.2473695494170455e-07,2.5033950805664062e-06
2864601_0.240,member,fixed,stable_near_floor,23,32,1.6067339026409647e-07,2.64231994805769e-07,7.152557373046875e-07
2864601_0.240,member,fixed,stable_near_floor,23,64,1.814054406207541e-07,3.43528572990698e-07,1.0728836059570312e-06
2864601_0.240,member,fixed,unstable,977,32,2.3163145859873526e-07,3.5741841066546364e-07,4.410743713378906e-06
2864601_0.240,member,fixed,unstable,977,64,2.2824552432541472e-07,3.2428145377628687e-07,2.5033950805664062e-06
2864601_0.417,member,varied,all,1000,32,1.7310678958892824e-07,2.8573457424452425e-07,1.7881393432617188e-06
2864601_0.417,member,varied,all,1000,64,1.766681671142578e-07,2.955174905250528e-07,2.1457672119140625e-06
2864601_0.417,member,varied,stable_near_floor,240,32,1.0281801223754883e-07,2.06619882974153e-07,1.1920928955078125e-06
2864601_0.417,member,varied,stable_near_floor,240,64,1.1771917343139649e-07,2.494628254342828e-07,1.9073486328125e-06
2864601_0.417,member,varied,unstable,760,32,1.9530324559462698e-07,3.0650453046587063e-07,1.7881393432617188e-06
2864601_0.417,member,varied,unstable,760,64,1.9528363880358243e-07,3.0863660052710976e-07,2.1457672119140625e-06
2864601_0.417,member,fixed,all,1000,32,1.3238191604614258e-07,2.0428399650493939e-07,1.1920928955078125e-06
2864601_0.417,member,fixed,all,1000,64,1.2674927711486817e-07,1.9955765032715363e-07,1.430511474609375e-06
2864601_0.417,member,fixed,stable_near_floor,23,32,1.1920928955078125e-07,1.8766514104585721e-07,4.76837158203125e-07
2864601_0.417,member,fixed,stable_near_floor,23,64,1.0366025178328804e-07,1.5720855555433917e-07,2.384185791015625e-07
2864601_0.417,member,fixed,unstable,977,32,1.3269201881931895e-07,2.0465897067475325e-07,1.1920928955078125e-06
2864601_0.417,member,fixed,unstable,977,64,1.272928263294294e-07,2.0044684375266618e-07,1.430511474609375e-06
2864601_0.494,member,varied,all,1000,32,2.300739288330078e-07,3.78118543492392e-07,3.337860107421875e-06
2864601_0.494,member,varied,all,1000,64,2.135932445526123e-07,3.4541264495779175e-07,2.384185791015625e-06
2864601_0.494,member,varied,stable_near_floor,240,32,2.45248277982076e-07,4.0886878372485306e-07,2.1457672119140625e-06
2864601_0.494,member,varied,stable_near_floor,240,64,2.459933360417684e-07,3.815444190815349e-07,1.9073486328125e-06
2864601_0.494,member,varied,unstable,760,32,2.2528202910172312e-07,3.6787431560051185e-07,3.337860107421875e-06
2864601_0.494,member,varied,unstable,760,64,2.0336163671393143e-07,3.3318957145688593e-07,2.384185791015625e-06
2864601_0.494,member,fixed,all,1000,32,1.3709068298339843e-07,2.1123098989508024e-07,9.5367431640625e-07
2864601_0.494,member,fixed,all,1000,64,1.3832747936248779e-07,2.107052646037478e-07,1.430511474609375e-06
2864601_0.494,member,fixed,stable_near_floor,23,32,1.0366025178328804e-07,2.1091741011843272e-07,7.152557373046875e-07
2864601_0.494,member,fixed,stable_near_floor,23,64,1.3475832731827445e-07,1.792453316583901e-07,2.384185791015625e-07
2864601_0.494,member,fixed,unstable,977,32,1.3787768392260269e-07,2.1123836641047858e-07,9.5367431640625e-07
2864601_0.494,member,fixed,unstable,977,64,1.3841150238911717e-07,2.1138947664386592e-07,1.430511474609375e-06
2864601_0.260,member,varied,all,1000,32,2.8976798057556155e-07,4.0655982595998464e-07,2.86102294921875e-06
2864601_0.260,member,varied,all,1000,64,2.935528755187988e-07,4.2701642774539215e-07,2.86102294921875e-06
2864601_0.260,member,varied,stable_near_floor,240,32,2.449999252955119e-07,3.4742934242902174e-07,1.1920928955078125e-06
2864601_0.260,member,varied,stable_near_floor,240,64,2.950429916381836e-07,4.079762687360669e-07,1.9073486328125e-06
2864601_0.260,member,varied,unstable,760,32,3.0390526119031405e-07,4.2352091940076715e-07,2.86102294921875e-06
2864601_0.260,member,varied,unstable,760,64,2.9308231253372996e-07,4.3285514314533935e-07,2.86102294921875e-06
2864601_0.260,member,fixed,all,1000,32,2.4077296257019045e-07,3.7859625136763556e-07,5.7220458984375e-06
2864601_0.260,member,fixed,all,1000,64,2.3278594017028808e-07,3.324248348133302e-07,3.4570693969726562e-06
2864601_0.260,member,fixed,stable_near_floor,23,32,3.2134678052819293e-07,3.786083380605796e-07,8.344650268554688e-07
2864601_0.260,member,fixed,stable_near_floor,23,64,2.7988267981487774e-07,3.584906633167802e-07,9.5367431640625e-07
2864601_0.260,member,fixed,unstable,977,32,2.3887613778714634e-07,3.7859596682466767e-07,5.7220458984375e-06
2864601_0.260,member,fixed,unstable,977,64,2.3167721446729365e-07,3.317865368867024e-07,3.4570693969726562e-06
2864601_0.434,member,varied,all,1000,32,2.677440643310547e-07,4.3641631954322634e-07,3.337860107421875e-06
2864601_0.434,member,varied,all,1000,64,2.537965774536133e-07,4.1508333973305706e-07,3.337860107421875e-06
2864601_0.434,member,varied,stable_near_floor,240,32,1.9768873850504559e-07,3.2787069818914667e-07,1.9073486328125e-06
2864601_0.434,member,varied,stable_near_floor,240,64,1.9023815790812176e-07,3.130899097504908e-07,1.9073486328125e-06
2864601_0.434,member,varied,unstable,760,32,2.89866798802426e-07,4.654643934997185e-07,3.337860107421875e-06
2864601_0.434,member,varied,unstable,760,64,2.738676573100843e-07,4.42433624137017e-07,3.337860107421875e-06
2864601_0.434,member,fixed,all,1000,32,1.9128620624542236e-07,2.7949549996964204e-07,2.2351741790771484e-06
2864601_0.434,member,fixed,all,1000,64,1.8946826457977295e-07,2.783347848101613e-07,1.6689300537109375e-06
2864601_0.434,member,fixed,stable_near_floor,23,32,1.2439230213994565e-07,2.2232647138603062e-07,7.152557373046875e-07
2864601_0.434,member,fixed,stable_near_floor,23,64,1.7622242803158966e-07,2.278168406262181e-07,4.76837158203125e-07
2864601_0.434,member,fixed,unstable,977,32,1.9286098597359634e-07,2.807011001062952e-07,2.2351741790771484e-06
2864601_0.434,member,fixed,unstable,977,64,1.8978009082399834e-07,2.794140319819593e-07,1.6689300537109375e-06
2864601_0.460,member,varied,all,1000,32,2.676248550415039e-07,4.2214860795595586e-07,2.384185791015625e-06
2864601_0.460,member,varied,all,1000,64,2.7632713317871094e-07,4.3375025294678356e-07,2.9802322387695312e-06
2864601_0.460,member,varied,stable_near_floor,240,32,1.3460715611775716e-07,2.705836427624805e-07,2.2649765014648438e-06
2864601_0.460,member,varied,stable_near_floor,240,64,1.5621383984883625e-07,3.20542415579659e-07,2.9802322387695312e-06
2864601_0.460,member,varied,unstable,760,32,3.096304441753187e-07,4.5974495982441473e-07,2.384185791015625e-06
2864601_0.460,member,varied,unstable,760,64,3.1425764686182923e-07,4.637942719495535e-07,2.6226043701171875e-06
2864601_0.460,member,fixed,all,1000,32,2.4202466011047365e-07,3.5576159571500626e-07,3.874301910400391e-06
2864601_0.460,member,fixed,all,1000,64,2.5281310081481935e-07,5.393553463403902e-07,1.329183578491211e-05
2864601_0.460,member,fixed,stable_near_floor,23,32,1.1402627696161685e-07,2.049748786976564e-07,7.152557373046875e-07
2864601_0.460,member,fixed,stable_near_floor,23,64,1.5549037767493207e-07,2.3317797037211692e-07,5.960464477539062e-07
2864601_0.460,member,fixed,unstable,977,32,2.4503792808634233e-07,3.585481569106247e-07,3.874301910400391e-06
2864601_0.460,member,fixed,unstable,977,64,2.551042191691872e-07,5.444928851289177e-07,1.329183578491211e-05
2864601_0.402,member,varied,all,1000,32,2.720504999160767e-07,3.9261576572679865e-07,1.9073486328125e-06
2864601_0.402,member,varied,all,1000,64,2.728104591369629e-07,4.095185040002073e-07,1.9073486328125e-06
2864601_0.402,member,varied,stable_near_floor,240,32,2.4338563283284503e-07,3.539666214099351e-07,1.430511474609375e-06
2864601_0.402,member,varied,stable_near_floor,240,64,2.5108456611633303e-07,3.9321375852852626e-07,1.9073486328125e-06
2864601_0.402,member,varied,unstable,760,32,2.8110256320551823e-07,4.0405342748576065e-07,1.9073486328125e-06
2864601_0.402,member,varied,unstable,760,64,2.7967126745926704e-07,4.145341563342623e-07,1.9073486328125e-06
2864601_0.402,member,fixed,all,1000,32,2.010911703109741e-07,2.9307860521604835e-07,2.2649765014648438e-06
2864601_0.402,member,fixed,all,1000,64,2.04429030418396e-07,3.020921490048576e-07,2.7418136596679688e-06
2864601_0.402,member,fixed,stable_near_floor,23,32,1.8658845320991849e-07,2.534911790233588e-07,4.76837158203125e-07
2864601_0.402,member,fixed,stable_near_floor,23,64,2.280525539232337e-07,2.982822619300958e-07,4.76837158203125e-07
2864601_0.402,member,fixed,unstable,977,32,2.0143258535020062e-07,2.9394632522556987e-07,2.2649765014648438e-06
2864601_0.402,member,fixed,unstable,977,64,2.038728983399812e-07,3.021812605686829e-07,2.7418136596679688e-06
2864601_0.279,member,varied,all,1000,32,2.4731457233428957e-07,3.6969102225172207e-07,3.5762786865234375e-06
2864601_0.279,member,varied,all,1000,64,2.53044068813324e-07,3.7383454269998487e-07,2.2649765014648438e-06
2864601_0.279,member,varied,stable_near_floor,240,32,1.8632660309473673e-07,2.833980571338443e-07,1.3113021850585938e-06
2864601_0.279,member,varied,stable_near_floor,240,64,2.0153820514678956e-07,3.326053561160223e-07,2.2649765014648438e-06
2864601_0.279,member,varied,unstable,760,32,2.6657393104151674e-07,3.930246775173455e-07,3.5762786865234375e-06
2864601_0.279,member,varied,unstable,760,64,2.693090783922296e-07,3.859403209517376e-07,2.0265579223632812e-06
2864601_0.279,member,fixed,all,1000,32,2.0942091941833496e-07,2.9343712286663446e-07,9.5367431640625e-07
2864601_0.279,member,fixed,all,1000,64,2.0515918731689454e-07,2.922649194785788e-07,2.2649765014648438e-06
2864601_0.279,member,fixed,stable_near_floor,23,32,9.847723919412364e-08,1.511983471934155e-07,3.5762786865234375e-07
2864601_0.279,member,fixed,stable_near_floor,23,64,1.0884326437245244e-07,1.511983471934155e-07,2.384185791015625e-07
2864601_0.279,member,fixed,unstable,977,32,2.1203269489956e-07,2.95963190766047e-07,9.5367431640625e-07
2864601_0.279,member,fixed,unstable,977,64,2.0742660413134915e-07,2.9477361772140094e-07,2.2649765014648438e-06
2864601_0.353,member,varied,all,1000,32,2.723783254623413e-07,3.965442299053206e-07,2.384185791015625e-06
2864601_0.353,member,varied,all,1000,64,2.4907290935516357e-07,3.815282207769937e-07,2.384185791015625e-06
2864601_0.353,member,varied,stable_near_floor,240,32,2.45248277982076e-07,4.004736163518574e-07,1.9073486328125e-06
2864601_0.353,member,varied,stable_near_floor,240,64,2.222756544748942e-07,3.527727307681948e-07,1.9073486328125e-06
2864601_0.353,member,varied,unstable,760,32,2.8094570887716194e-07,3.952952562337014e-07,2.384185791015625e-06
2864601_0.353,member,varied,unstable,760,64,2.575352003699855e-07,3.901688557393126e-07,2.384185791015625e-06
2864601_0.353,member,fixed,all,1000,32,2.0579993724822998e-07,3.3857556597074667e-07,4.947185516357422e-06
2864601_0.353,member,fixed,all,1000,64,2.0623207092285156e-07,3.5128582845924197e-07,5.9604644775390625e-06
2864601_0.353,member,fixed,stable_near_floor,23,32,1.2439230213994565e-07,2.4354644701731167e-07,9.5367431640625e-07
2864601_0.353,member,fixed,stable_near_floor,23,64,1.2957531472911005e-07,1.8096063707285437e-07,3.5762786865234375e-07
2864601_0.353,member,fixed,unstable,977,32,2.077163912988856e-07,3.404933079416873e-07,4.947185516357422e-06
2864601_0.353,member,fixed,unstable,977,64,2.080366823787943e-07,3.5431043350726885e-07,5.9604644775390625e-06
2864601_0.175,member,varied,all,1000,32,3.134012222290039e-07,4.900411738293035e-07,5.9604644775390625e-06
2864601_0.175,member,varied,all,1000,64,3.300309181213379e-07,4.67385556775223e-07,1.9073486328125e-06
2864601_0.175,member,varied,stable_near_floor,240,32,3.6309162775675456e-07,5.379298552211996e-07,2.86102294921875e-06
2864601_0.175,member,varied,stable_near_floor,240,64,3.668169180552165e-07,5.185518455894385e-07,1.9073486328125e-06
2864601_0.175,member,varied,unstable,760,32,2.9770951522024056e-07,4.7391413981250123e-07,5.9604644775390625e-06
2864601_0.175,member,varied,unstable,760,64,3.1841428656327097e-07,4.500207812550586e-07,1.9073486328125e-06
2864601_0.175,member,fixed,all,1000,32,1.9422173500061036e-07,2.845645847270876e-07,1.430511474609375e-06
2864601_0.175,member,fixed,all,1000,64,2.1000206470489502e-07,3.066241162432624e-07,1.6689300537109375e-06
2864601_0.175,member,fixed,stable_near_floor,23,32,1.9695447838824728e-07,3.2599459924939173e-07,1.1920928955078125e-06
2864601_0.175,member,fixed,stable_near_floor,23,64,2.9024870499320654e-07,4.716256666630175e-07,1.6689300537109375e-06
2864601_0.175,member,fixed,unstable,977,32,1.9415740224941725e-07,2.8351633218212883e-07,1.430511474609375e-06
2864601_0.175,member,fixed,unstable,977,64,2.0811294215972493e-07,3.0165432806138684e-07,1.430511474609375e-06
2864601_0.277,member,varied,all,1000,32,2.7298927307128907e-07,4.0188696943135764e-07,2.1457672119140625e-06
2864601_0.277,member,varied,all,1000,64,2.7482211589813234e-07,3.966161768444014e-07,2.9802322387695312e-06
2864601_0.277,member,varied,stable_near_floor,240,32,1.8738210201263427e-07,3.0611521363986244e-07,1.9073486328125e-06
2864601_0.277,member,varied,stable_near_floor,240,64,2.1929542223612468e-07,3.490181517655954e-07,2.384185791015625e-06
2864601_0.277,member,varied,unstable,760,32,3.0002311656349585e-07,4.276982003356888e-07,2.1457672119140625e-06
2864601_0.277,member,varied,unstable,760,64,2.923568612650821e-07,4.105021169120046e-07,2.9802322387695312e-06
2864601_0.277,member,fixed,all,1000,32,2.3233518004417418e-07,3.6580713766813044e-07,5.304813385009766e-06
2864601_0.277,member,fixed,all,1000,64,2.3203715682029724e-07,4.533222021690819e-07,1.0371208190917969e-05
2864601_0.277,member,fixed,stable_near_floor,23,32,1.0366025178328804e-07,1.491411309650479e-07,3.5762786865234375e-07
2864601_0.277,member,fixed,stable_near_floor,23,64,1.3994133990743887e-07,1.8766514104585721e-07,3.5762786865234375e-07
2864601_0.277,member,fixed,unstable,977,32,2.3536437487529025e-07,3.693797828117485e-07,5.304813385009766e-06
2864601_0.277,member,fixed,unstable,977,64,2.3420522620514447e-07,4.5772232184000305e-07,1.0371208190917969e-05
2864601_0.463,member,varied,all,1000,32,1.188814640045166e-07,1.940357781727079e-07,9.5367431640625e-07
2864601_0.463,member,varied,all,1000,64,1.215338706970215e-07,2.0198852414764794e-07,9.5367431640625e-07
2864601_0.463,member,varied,stable_near_floor,240,32,1.2591481208801268e-07,2.12308866512403e-07,7.152557373046875e-07
2864601_0.463,member,varied,stable_near_floor,240,64,1.2641151746114094e-07,2.13560206620057e-07,9.5367431640625e-07
2864601_0.463,member,varied,unstable,760,32,1.1666040671499151e-07,1.8789649326977866e-07,9.5367431640625e-07
2864601_0.463,member,varied,unstable,760,64,1.199935611925627e-07,1.981939940236672e-07,9.5367431640625e-07
2864601_0.463,member,fixed,all,1000,32,9.0867280960083e-08,1.617060940545884e-07,8.344650268554688e-07
2864601_0.463,member,fixed,all,1000,64,9.173154830932617e-08,1.6477612145278507e-07,9.5367431640625e-07
2864601_0.463,member,fixed,stable_near_floor,23,32,1.3475832731827445e-07,2.278168406262181e-07,7.152557373046875e-07
2864601_0.463,member,fixed,stable_near_floor,23,64,1.0366025178328804e-07,1.7221334421983127e-07,4.76837158203125e-07
2864601_0.463,member,fixed,unstable,977,32,8.983402193629753e-08,1.598206167479061e-07,8.344650268554688e-07
2864601_0.463,member,fixed,unstable,977,64,9.145072929202717e-08,1.645969898362228e-07,9.5367431640625e-07
2864601_0.229,member,varied,all,1000,32,2.9800832271575926e-07,4.375202712698632e-07,3.0994415283203125e-06
2864601_0.229,member,varied,all,1000,64,3.004223108291626e-07,4.3440220260647e-07,2.4437904357910156e-06
2864601_0.229,member,varied,stable_near_floor,240,32,2.7418136596679685e-07,4.0703179387045024e-07,3.0994415283203125e-06
2864601_0.229,member,varied,stable_near_floor,240,64,2.672274907430013e-07,4.155260338290543e-07,2.1457672119140625e-06
2864601_0.229,member,varied,unstable,760,32,3.0553262484701055e-07,4.4671611184008764e-07,2.9802322387695312e-06
2864601_0.229,member,varied,unstable,760,64,3.1090488559321354e-07,4.4019496469988875e-07,2.4437904357910156e-06
2864601_0.229,member,fixed,all,1000,32,2.3657083511352538e-07,3.352887098282378e-07,2.0265579223632812e-06
2864601_0.229,member,fixed,all,1000,64,2.3752450942993163e-07,3.4112920799765946e-07,3.6954879760742188e-06
2864601_0.229,member,fixed,stable_near_floor,23,32,2.332355665123981e-07,3.013733523847047e-07,7.152557373046875e-07
2864601_0.229,member,fixed,stable_near_floor,23,64,1.5549037767493207e-07,2.3051299175943588e-07,4.76837158203125e-07
2864601_0.229,member,fixed,unstable,977,32,2.3664935218397158e-07,3.360458906602357e-07,2.0265579223632812e-06
2864601_0.229,member,fixed,unstable,977,64,2.3945571212221924e-07,3.433041375416662e-07,3.6954879760742188e-06
2864601_0.224,member,varied,all,1000,32,3.1426548957824707e-07,4.780212616312273e-07,2.384185791015625e-06
2864601_0.224,member,varied,all,1000,64,2.856999635696411e-07,4.4125833211092527e-07,2.86102294921875e-06
2864601_0.224,member,varied,stable_near_floor,240,32,3.339101870854696e-07,5.045937452288901e-07,2.384185791015625e-06
2864601_0.224,member,varied,stable_near_floor,240,64,3.224859635035197e-07,4.934399776371419e-07,2.384185791015625e-06
2864601_0.224,member,varied,unstable,760,32,3.0806190089175573e-07,4.6931748192359926e-07,2.384185791015625e-06
2864601_0.224,member,varied,unstable,760,64,2.7408333201157417e-07,4.2344606456086695e-07,2.86102294921875e-06
2864601_0.224,member,fixed,all,1000,32,1.9527971744537354e-07,2.9686950347954107e-07,2.384185791015625e-06
2864601_0.224,member,fixed,all,1000,64,1.8416345119476318e-07,2.88657070122893e-07,3.0994415283203125e-06
2864601_0.224,member,fixed,stable_near_floor,23,32,2.487846042798913e-07,4.2765350641864837e-07,1.6689300537109375e-06
2864601_0.224,member,fixed,stable_near_floor,23,64,2.384185791015625e-07,3.1046202145186583e-07,7.152557373046875e-07
2864601_0.224,member,fixed,unstable,977,32,1.940201346437421e-07,2.9308839567110446e-07,2.384185791015625e-06
2864601_0.224,member,fixed,unstable,977,64,1.8288620662786822e-07,2.881238694942242e-07,3.0994415283203125e-06
2864601_0.373,member,varied,all,1000,32,2.6935338973999024e-07,3.93279586676593e-07,2.5033950805664062e-06
2864601_0.373,member,varied,all,1000,64,2.7367472648620605e-07,3.9901570300906067e-07,1.9073486328125e-06
2864601_0.373,member,varied,stable_near_floor,240,32,2.4419277906417846e-07,3.650949212497349e-07,1.6689300537109375e-06
2864601_0.373,member,varied,stable_near_floor,240,64,2.3475537697474161e-07,3.5070134281725914e-07,1.430511474609375e-06
2864601_0.373,member,varied,unstable,760,32,2.7729884574287814e-07,4.017694431333981e-07,2.5033950805664062e-06
2864601_0.373,member,varied,unstable,760,64,2.859650473845632e-07,4.131005797032715e-07,1.9073486328125e-06
2864601_0.373,member,fixed,all,1000,32,1.9316375255584716e-07,2.818711308390058e-07,2.6226043701171875e-06
2864601_0.373,member,fixed,all,1000,64,1.9709020853042602e-07,3.719863067484235e-07,8.016824722290039e-06
2864601_0.373,member,fixed,stable_near_floor,23,32,1.5030736508576767e-07,2.9094203038187e-07,1.0728836059570312e-06
2864601_0.373,member,fixed,stable_near_floor,23,64,1.5549037767493207e-07,2.4607031180483816e-07,7.152557373046875e-07
2864601_0.373,member,fixed,unstable,977,32,1.941726542056034e-07,2.8165406910113237e-07,2.6226043701171875e-06
2864601_0.373,member,fixed,unstable,977,64,1.9806952901115925e-07,3.744407616402496e-07,8.016824722290039e-06
2864601_0.481,member,varied,all,1000,32,2.9809772968292235e-07,4.52635004767174e-07,3.2186508178710938e-06
2864601_0.481,member,varied,all,1000,64,2.953037619590759e-07,4.7496191994484507e-07,3.337860107421875e-06
2864601_0.481,member,varied,stable_near_floor,240,32,2.6213626066843666e-07,4.275923624653347e-07,3.2186508178710938e-06
2864601_0.481,member,varied,stable_near_floor,240,64,2.6263296604156494e-07,4.577531458686318e-07,2.9653310775756836e-06
2864601_0.481,member,varied,unstable,760,32,3.0945398305591784e-07,4.602602134652443e-07,2.7418136596679688e-06
2864601_0.481,member,varied,unstable,760,64,3.0562085540671095e-07,4.802681805444779e-07,3.337860107421875e-06
2864601_0.481,member,fixed,all,1000,32,2.1161139011383057e-07,3.152687450638012e-07,2.384185791015625e-06
2864601_0.481,member,fixed,all,1000,64,2.0960718393325805e-07,3.2740948905005556e-07,2.6226043701171875e-06
2864601_0.481,member,fixed,stable_near_floor,23,32,1.3994133990743887e-07,2.034621282908245e-07,4.76837158203125e-07
2864601_0.481,member,fixed,stable_near_floor,23,64,2.384185791015625e-07,2.982822619300958e-07,7.152557373046875e-07
2864601_0.481,member,fixed,unstable,977,32,2.1329860726300867e-07,3.1742672870184657e-07,2.384185791015625e-06
2864601_0.481,member,fixed,unstable,977,64,2.089289218156828e-07,3.280640313105712e-07,2.6226043701171875e-06
2864601_0.289,member,varied,all,1000,32,3.804117441177368e-07,5.509644655780568e-07,4.76837158203125e-06
2864601_0.289,member,varied,all,1000,64,3.670603036880493e-07,5.303881980668461e-07,4.76837158203125e-06
2864601_0.289,member,varied,stable_near_floor,240,32,4.209578037261963e-07,6.460874973913341e-07,4.76837158203125e-06
2864601_0.289,member,varied,stable_near_floor,240,64,3.7824114163716633e-07,5.966980174236275e-07,4.76837158203125e-06
2864601_0.289,member,varied,unstable,760,32,3.6760772529401276e-07,5.173043353736174e-07,3.159046173095703e-06
2864601_0.289,member,varied,unstable,760,64,3.635295127567492e-07,5.076519669922638e-07,2.2649765014648438e-06
2864601_0.289,member,fixed,all,1000,32,2.4484097957611085e-07,3.4588705552277004e-07,2.2649765014648438e-06
2864601_0.289,member,fixed,all,1000,64,2.3978948593139647e-07,3.312692692286123e-07,1.6689300537109375e-06
2864601_0.289,member,fixed,stable_near_floor,23,32,7.774518883746603e-08,1.6674485353952295e-07,4.76837158203125e-07
2864601_0.289,member,fixed,stable_near_floor,23,64,1.1920928955078125e-07,1.8096063707285437e-07,4.76837158203125e-07
2864601_0.289,member,fixed,unstable,977,32,2.487746573519438e-07,3.4899822524503465e-07,2.2649765014648438e-06
2864601_0.289,member,fixed,unstable,977,64,2.42628119008934e-07,3.339937812158222e-07,1.6689300537109375e-06
2864601_0.393,member,varied,all,1000,32,2.678334712982178e-07,3.888683494486074e-07,1.7881393432617188e-06
2864601_0.393,member,varied,all,1000,64,2.772212028503418e-07,4.018321295574103e-07,2.682209014892578e-06
2864601_0.393,member,varied,stable_near_floor,240,32,2.3270646731058757e-07,3.479136611739548e-07,1.430511474609375e-06
2864601_0.393,member,varied,stable_near_floor,240,64,2.391636371612549e-07,3.870287980014228e-07,2.682209014892578e-06
2864601_0.393,member,varied,unstable,760,32,2.789262093995747e-07,4.009332098389373e-07,1.7881393432617188e-06
2864601_0.393,member,varied,unstable,760,64,2.8923938148900085e-07,4.0639485373616417e-07,2.1457672119140625e-06
2864601_0.393,member,fixed,all,1000,32,2.079904079437256e-07,2.9730860146819864e-07,1.3113021850585938e-06
2864601_0.393,member,fixed,all,1000,64,2.104043960571289e-07,2.966251961131643e-07,1.5497207641601562e-06
2864601_0.393,member,fixed,stable_near_floor,23,32,1.5549037767493207e-07,2.1669703940066951e-07,4.76837158203125e-07
2864601_0.393,member,fixed,stable_near_floor,23,64,1.5549037767493207e-07,2.049748786976564e-07,4.76837158203125e-07
2864601_0.393,member,fixed,unstable,977,32,2.0922633496131232e-07,2.98944543127196e-07,1.3113021850585938e-06
2864601_0.393,member,fixed,unstable,977,64,2.1169715186346516e-07,2.9844388099081415e-07,1.5497207641601562e-06
2864601_0.406,member,varied,all,1000,32,2.80037522315979e-07,4.213602064830053e-07,3.0994415283203125e-06
2864601_0.406,member,varied,all,1000,64,2.7842074632644653e-07,4.0474232466404733e-07,1.9073486328125e-06
2864601_0.406,member,varied,stable_near_floor,240,32,2.1979212760925293e-07,3.3300011366298456e-07,1.8477439880371094e-06
2864601_0.406,member,varied,stable_near_floor,240,64,2.1904706954956054e-07,3.2782554626464844e-07,1.6689300537109375e-06
2864601_0.406,member,varied,unstable,760,32,2.9906238380231357e-07,4.456382847573306e-07,3.0994415283203125e-06
2864601_0.406,member,varied,unstable,760,64,2.971703284665158e-07,4.261573221771717e-07,1.9073486328125e-06
2864601_0.406,member,fixed,all,1000,32,2.0863115787506103e-07,2.873726700789805e-07,1.430511474609375e-06
2864601_0.406,member,fixed,all,1000,64,2.0845234394073487e-07,2.9359258404951667e-07,1.430511474609375e-06
2864601_0.406,member,fixed,stable_near_floor,23,32,1.7622242803158966e-07,2.3317797037211692e-07,7.152557373046875e-07
2864601_0.406,member,fixed,stable_near_floor,23,64,1.6067339026409647e-07,2.5226952767658144e-07,8.344650268554688e-07
2864601_0.406,member,fixed,unstable,977,32,2.0939410647935976e-07,2.885258765988395e-07,1.430511474609375e-06
2864601_0.406,member,fixed,unstable,977,64,2.0957712995359328e-07,2.9449553934685704e-07,1.430511474609375e-06
2864601_0.206,member,varied,all,1000,32,2.250373363494873e-07,3.4713693433863294e-07,2.6226043701171875e-06
2864601_0.206,member,varied,all,1000,64,2.3587048053741456e-07,3.546404361995703e-07,2.1457672119140625e-06
2864601_0.206,member,varied,stable_near_floor,240,32,1.450379689534505e-07,2.542821050608342e-07,1.6689300537109375e-06
2864601_0.206,member,varied,stable_near_floor,240,64,1.358489195505778e-07,2.2178882180516958e-07,1.3113021850585938e-06
2864601_0.206,member,varied,unstable,760,32,2.5030029447455155e-07,3.716708324243796e-07,2.6226043701171875e-06
2864601_0.206,member,varied,unstable,760,64,2.674562366385209e-07,3.872374686789806e-07,2.1457672119140625e-06
2864601_0.206,member,fixed,all,1000,32,2.1004676818847656e-07,3.153727886087502e-07,3.933906555175781e-06
2864601_0.206,member,fixed,all,1000,64,2.0605325698852538e-07,3.045849836983391e-07,3.516674041748047e-06
2864601_0.206,member,fixed,stable_near_floor,23,32,1.6585640285326086e-07,2.834117539963995e-07,1.0728836059570312e-06
2864601_0.206,member,fixed,stable_near_floor,23,64,1.3475832731827445e-07,2.1382675320932419e-07,7.152557373046875e-07
2864601_0.206,member,fixed,unstable,977,32,2.1108707361602003e-07,3.160862648047883e-07,3.933906555175781e-06
2864601_0.206,member,fixed,unstable,977,64,2.0773164325507172e-07,3.063978472241861e-07,3.516674041748047e-06
2864601_0.284,member,varied,all,1000,32,2.942085266113281e-07,4.515691120226255e-07,2.86102294921875e-06
2864601_0.284,member,varied,all,1000,64,2.789348363876343e-07,4.217331369100307e-07,2.86102294921875e-06
2864601_0.284,member,varied,stable_near_floor,240,32,3.0683974424997963e-07,4.337961525077748e-07,1.430511474609375e-06
2864601_0.284,member,varied,stable_near_floor,240,64,3.085161248842875e-07,4.3955584106908925e-07,1.9073486328125e-06
2864601_0.284,member,varied,unstable,760,32,2.9021972104122764e-07,4.5703805909350875e-07,2.86102294921875e-06
2864601_0.284,member,varied,unstable,760,64,2.6959337686237535e-07,4.159462860496622e-07,2.86102294921875e-06
2864601_0.284,member,fixed,all,1000,32,1.9387900829315184e-07,3.3294243043341383e-07,3.4570693969726562e-06
2864601_0.284,member,fixed,all,1000,64,1.937001943588257e-07,3.1099298175523297e-07,1.9073486328125e-06
2864601_0.284,member,fixed,stable_near_floor,23,32,2.332355665123981e-07,3.4888258763077813e-07,8.344650268554688e-07
2864601_0.284,member,fixed,stable_near_floor,23,64,1.0884326437245244e-07,1.9413824496401955e-07,4.76837158203125e-07
2864601_0.284,member,fixed,unstable,977,32,1.929524977107131e-07,3.3255797103403506e-07,3.4570693969726562e-06
2864601_0.284,member,fixed,unstable,977,64,1.9569784982421625e-07,3.132191174247693e-07,1.9073486328125e-06
2864601_0.235,member,varied,all,1000,32,2.9525160789489746e-07,4.4872688899345716e-07,2.384185791015625e-06
2864601_0.235,member,varied,all,1000,64,2.8970837593078614e-07,4.5180310910483024e-07,2.8908252716064453e-06
2864601_0.235,member,varied,stable_near_floor,240,32,1.7868975798288982e-07,3.1844005766524785e-07,1.5497207641601562e-06
2864601_0.235,member,varied,stable_near_floor,240,64,1.808007558186849e-07,3.2337007583576447e-07,2.5033950805664062e-06
2864601_0.235,member,varied,unstable,760,32,3.320606131302683e-07,4.826173759979934e-07,2.384185791015625e-06
2864601_0.235,member,varied,unstable,760,64,3.241002559661865e-07,4.853507683946144e-07,2.8908252716064453e-06
2864601_0.235,member,fixed,all,1000,32,2.3469328880310059e-07,3.619264756596617e-07,2.562999725341797e-06
2864601_0.235,member,fixed,all,1000,64,2.3277103900909424e-07,3.5758160997272244e-07,2.086162567138672e-06
2864601_0.235,member,fixed,stable_near_floor,23,32,1.6067339026409647e-07,2.371192856186965e-07,4.76837158203125e-07
2864601_0.235,member,fixed,stable_near_floor,23,64,1.814054406207541e-07,2.595131867267784e-07,4.76837158203125e-07
2864601_0.235,member,fixed,unstable,977,32,2.3643582479736578e-07,3.6434990830944034e-07,2.562999725341797e-06
2864601_0.235,member,fixed,unstable,977,64,2.3398025985139908e-07,3.5956818271534416e-07,2.086162567138672e-06
2864601_0.405,member,varied,all,1000,32,2.894848585128784e-07,4.923107777878257e-07,4.887580871582031e-06
2864601_0.405,member,varied,all,1000,64,2.7854740619659426e-07,4.708439194614864e-07,5.125999450683594e-06
2864601_0.405,member,varied,stable_near_floor,240,32,1.3982256253560383e-07,3.294695826036403e-07,2.7418136596679688e-06
2864601_0.405,member,varied,stable_near_floor,240,64,1.3634562492370606e-07,2.7033734660172027e-07,1.7881393432617188e-06
2864601_0.405,member,varied,unstable,760,32,3.367466361899125e-07,5.335060949183364e-07,4.887580871582031e-06
2864601_0.405,member,varied,unstable,760,64,3.234532318617168e-07,5.182895058972155e-07,5.125999450683594e-06
2864601_0.405,member,fixed,all,1000,32,2.1423399448394776e-07,3.0222662823744644e-07,1.5497207641601562e-06
2864601_0.405,member,fixed,all,1000,64,2.2932887077331544e-07,4.1050413820142534e-07,7.987022399902344e-06
2864601_0.405,member,fixed,stable_near_floor,23,32,1.1402627696161685e-07,1.6858739404357614e-07,4.76837158203125e-07
2864601_0.405,member,fixed,stable_near_floor,23,64,1.0884326437245244e-07,2.152666802747891e-07,7.152557373046875e-07
2864601_0.405,member,fixed,unstable,977,32,2.1659302979921244e-07,3.046672690493115e-07,1.5497207641601562e-06
2864601_0.405,member,fixed,unstable,977,64,2.3216527706524977e-07,4.139925104975453e-07,7.987022399902344e-06
2864601_0.398,member,varied,all,1000,32,2.6203691959381105e-07,4.0312171719304316e-07,2.86102294921875e-06
2864601_0.398,member,varied,all,1000,64,2.6279687881469725e-07,4.132546317092525e-07,2.3543834686279297e-06
2864601_0.398,member,varied,stable_near_floor,240,32,2.113481362660726e-07,3.676894864583712e-07,2.86102294921875e-06
2864601_0.398,member,varied,stable_near_floor,240,64,1.821666955947876e-07,3.4344402000848995e-07,1.9669532775878906e-06
2864601_0.398,member,varied,unstable,760,32,2.7804390380257054e-07,4.1368082160452953e-07,1.9073486328125e-06
2864601_0.398,member,varied,unstable,760,64,2.88259041936774e-07,4.329678483536135e-07,2.3543834686279297e-06
2864601_0.398,member,fixed,all,1000,32,2.1332502365112306e-07,3.0512469975243956e-07,1.430511474609375e-06
2864601_0.398,member,fixed,all,1000,64,2.0758807659149169e-07,3.04734757825788e-07,2.86102294921875e-06
2864601_0.398,member,fixed,stable_near_floor,23,32,9.847723919412364e-08,1.511983471934155e-07,3.5762786865234375e-07
2864601_0.398,member,fixed,stable_near_floor,23,64,1.0366025178328804e-07,1.491411309650479e-07,3.5762786865234375e-07
2864601_0.398,member,fixed,unstable,977,32,2.160287074203257e-07,3.078224121722979e-07,1.430511474609375e-06
2864601_0.398,member,fixed,unstable,977,64,2.1003468863917714e-07,3.0745044263249563e-07,2.86102294921875e-06
2864601_0.358,member,varied,all,1000,32,3.0049681663513184e-07,4.359189475184945e-07,3.337860107421875e-06
2864601_0.358,member,varied,all,1000,64,2.669915556907654e-07,3.807377177305174e-07,1.9073486328125e-06
2864601_0.358,member,varied,stable_near_floor,240,32,2.9765069484710695e-07,4.4164202892111945e-07,3.337860107421875e-06
2864601_0.358,member,varied,stable_near_floor,240,64,2.497186263402303e-07,3.6283129070772773e-07,1.430511474609375e-06
2864601_0.358,member,varied,unstable,760,32,3.013955919366134e-07,4.3409598319431983e-07,2.0116567611694336e-06
2864601_0.358,member,varied,unstable,760,64,2.724461649593554e-07,3.862199379864075e-07,1.9073486328125e-06
2864601_0.358,member,fixed,all,1000,32,1.9192695617675782e-07,2.746086315945284e-07,1.1920928955078125e-06
2864601_0.358,member,fixed,all,1000,64,1.9879639148712157e-07,2.895495394466697e-07,2.2649765014648438e-06
2864601_0.358,member,fixed,stable_near_floor,23,32,1.1402627696161685e-07,1.792453316583901e-07,4.76837158203125e-07
2864601_0.358,member,fixed,stable_near_floor,23,64,1.4512435249660327e-07,2.1091741011843272e-07,4.76837158203125e-07
2864601_0.358,member,fixed,unstable,977,32,1.9376085138857793e-07,2.764575889096571e-07,1.1920928955078125e-06
2864601_0.358,member,fixed,unstable,977,64,2.0005990929344903e-07,2.911449080376256e-07,2.2649765014648438e-06
2864601_0.242,member,varied,all,1000,32,2.8423964977264403e-07,4.122607619140487e-07,2.7418136596679688e-06
2864601_0.242,member,varied,all,1000,64,2.87473201751709e-07,4.331503820460791e-07,2.6226043701171875e-06
2864601_0.242,member,varied,stable_near_floor,240,32,2.6188790798187255e-07,3.853662316774478e-07,1.9073486328125e-06
2864601_0.242,member,varied,stable_near_floor,240,64,2.8796494007110595e-07,4.447982056299444e-07,2.1457672119140625e-06
2864601_0.242,member,varied,unstable,760,32,2.912980945486771e-07,4.203964670243868e-07,2.7418136596679688e-06
2864601_0.242,member,varied,unstable,760,64,2.8731791596663624e-07,4.2940648600725615e-07,2.6226043701171875e-06
2864601_0.242,member,fixed,all,1000,32,2.0250678062438965e-07,2.83538205094775e-07,1.430511474609375e-06
2864601_0.242,member,fixed,all,1000,64,1.971423625946045e-07,2.783455543737887e-07,1.430511474609375e-06
2864601_0.242,member,fixed,stable_near_floor,23,32,2.1768652874490488e-07,2.855835233347501e-07,7.152557373046875e-07
2864601_0.242,member,fixed,stable_near_floor,23,64,1.8658845320991849e-07,2.6306022852295423e-07,4.76837158203125e-07
2864601_0.242,member,fixed,unstable,977,32,2.0214942729094865e-07,2.8348987754662825e-07,1.430511474609375e-06
2864601_0.242,member,fixed,unstable,977,64,1.9739081696087652e-07,2.7869529317816147e-07,1.430511474609375e-06
2864601_0.490,member,varied,all,1000,32,2.5747716426849365e-07,3.8500430972699364e-07,2.1457672119140625e-06
2864601_0.490,member,varied,all,1000,64,2.709627151489258e-07,3.9310664071724256e-07,1.7881393432617188e-06
2864601_0.490,member,varied,stable_near_floor,240,32,2.4860103925069174e-07,3.7320393779090984e-07,1.5497207641601562e-06
2864601_0.490,member,varied,stable_near_floor,240,64,2.5822470585505166e-07,3.8426148221957434e-07,1.430511474609375e-06
2864601_0.490,member,varied,unstable,760,32,2.6028015111622056e-07,3.886563146624617e-07,2.1457672119140625e-06
2864601_0.490,member,varied,unstable,760,64,2.7498524439962285e-07,3.9585879021999855e-07,1.7881393432617188e-06
2864601_0.490,member,fixed,all,1000,32,1.8428266048431398e-07,3.023647194816675e-07,2.6226043701171875e-06
2864601_0.490,member,fixed,all,1000,64,1.8642842769622802e-07,2.800978368598308e-07,2.1457672119140625e-06
2864601_0.490,member,fixed,stable_near_floor,23,32,1.1402627696161685e-07,1.792453316583901e-07,4.76837158203125e-07
2864601_0.490,member,fixed,stable_near_floor,23,64,1.9695447838824728e-07,2.941102765769774e-07,7.152557373046875e-07
2864601_0.490,member,fixed,unstable,977,32,1.8593659786509394e-07,3.046642851650064e-07,2.6226043701171875e-06
2864601_0.490,member,fixed,unstable,977,64,1.86180629164072e-07,2.797595080554345e-07,2.1457672119140625e-06
2864601_0.263,member,varied,all,1000,32,2.554580569267273e-07,3.981896563959924e-07,2.384185791015625e-06
2864601_0.263,member,varied,all,1000,64,2.560243010520935e-07,4.011375572147576e-07,2.86102294921875e-06
2864601_0.263,member,varied,stable_near_floor,240,32,1.455346743265788e-07,2.6036554665241727e-07,1.9073486328125e-06
2864601_0.263,member,varied,stable_near_floor,240,64,1.7366061607996623e-07,2.9504832239264195e-07,1.9073486328125e-06
2864601_0.263,member,varied,unstable,760,32,2.9017070406361633e-07,4.326864523086392e-07,2.384185791015625e-06
2864601_0.263,member,varied,unstable,760,64,2.820338857801337e-07,4.2922588948780183e-07,2.86102294921875e-06
2864601_0.263,member,fixed,all,1000,32,2.1323561668395997e-07,3.1056465223799305e-07,1.6689300537109375e-06
2864601_0.263,member,fixed,all,1000,64,2.1470338106155396e-07,3.1560970727327956e-07,2.3245811462402344e-06
2864601_0.263,member,fixed,stable_near_floor,23,32,9.329422660495924e-08,1.406116067456218e-07,2.384185791015625e-07
2864601_0.263,member,fixed,stable_near_floor,23,64,1.5030736508576767e-07,2.034621282908245e-07,4.76837158203125e-07
2864601_0.263,member,fixed,unstable,977,32,2.1605921133269796e-07,3.13457386467169e-07,1.6689300537109375e-06
2864601_0.263,member,fixed,unstable,977,64,2.162193568726523e-07,3.177733432911816e-07,2.3245811462402344e-06
2864601_0.211,member,varied,all,1000,32,2.601146697998047e-07,4.268432356938032e-07,4.0531158447265625e-06
2864601_0.211,member,varied,all,1000,64,2.649873495101929e-07,4.1963294413330005e-07,2.86102294921875e-06
2864601_0.211,member,varied,stable_near_floor,240,32,2.3469328880310059e-07,3.689755395231065e-07,1.6689300537109375e-06
2864601_0.211,member,varied,stable_near_floor,240,64,1.996755599975586e-07,3.070266051623322e-07,1.430511474609375e-06
2864601_0.211,member,varied,unstable,760,32,2.6814247432507964e-07,4.43551516253256e-07,4.0531158447265625e-06
2864601_0.211,member,varied,unstable,760,64,2.8561212514576157e-07,4.493681632894471e-07,2.86102294921875e-06
2864601_0.211,member,fixed,all,1000,32,1.861006021499634e-07,3.17024787139794e-07,4.589557647705078e-06
2864601_0.211,member,fixed,all,1000,64,1.7975270748138429e-07,3.232820572074778e-07,5.304813385009766e-06
2864601_0.211,member,fixed,stable_near_floor,23,32,1.9695447838824728e-07,3.1046202145186583e-07,9.5367431640625e-07
2864601_0.211,member,fixed,stable_near_floor,23,64,1.5549037767493207e-07,2.1669703940066951e-07,4.76837158203125e-07
2864601_0.211,member,fixed,unstable,977,32,1.8584508612797718e-07,3.1717764819949e-07,4.589557647705078e-06
2864601_0.211,member,fixed,unstable,977,64,1.8032387798859862e-07,3.253708435431597e-07,5.304813385009766e-06
2864601_0.292,member,varied,all,1000,32,2.7324259281158447e-07,4.305241779823232e-07,3.5762786865234375e-06
2864601_0.292,member,varied,all,1000,64,2.86489725112915e-07,4.554522307072646e-07,2.9802322387695312e-06
2864601_0.292,member,varied,stable_near_floor,240,32,2.3419658342997233e-07,3.6099581525344706e-07,1.6689300537109375e-06
2864601_0.292,member,varied,stable_near_floor,240,64,2.6418517033259076e-07,4.1739324648349713e-07,2.3543834686279297e-06
2864601_0.292,member,varied,unstable,760,32,2.8557291156367253e-07,4.502554142928721e-07,3.5762786865234375e-06
2864601_0.292,member,varied,unstable,760,64,2.935332687277543e-07,4.668266683935711e-07,2.9802322387695312e-06
2864601_0.292,member,fixed,all,1000,32,1.7925724387168884e-07,2.847166286739451e-07,2.6226043701171875e-06
2864601_0.292,member,fixed,all,1000,64,2.0212307572364806e-07,3.2297087405705167e-07,3.4868717193603516e-06
2864601_0.292,member,fixed,stable_near_floor,23,32,1.9695447838824728e-07,2.384185791015625e-07,4.76837158203125e-07
2864601_0.292,member,fixed,stable_near_floor,23,64,2.1250351615574048e-07,3.013733523847047e-07,8.344650268554688e-07
2864601_0.292,member,fixed,unstable,977,32,1.788406252494976e-07,2.857161807391926e-07,2.6226043701171875e-06
2864601_0.292,member,fixed,unstable,977,64,2.0187870506864487e-07,3.234619378323281e-07,3.4868717193603516e-06
2864601_0.276,member,varied,all,1000,32,3.3264607191085814e-07,4.965059866168933e-07,3.5762786865234375e-06
2864601_0.276,member,varied,all,1000,64,3.4242868423461915e-07,5.03990117388077e-07,3.337860107421875e-06
2864601_0.276,member,varied,stable_near_floor,240,32,3.5464763641357423e-07,5.644111915962613e-07,2.86102294921875e-06
2864601_0.276,member,varied,stable_near_floor,240,64,4.038214683532715e-07,6.367987598038754e-07,3.337860107421875e-06
2864601_0.276,member,varied,unstable,760,32,3.256982094363162e-07,4.7304138627584523e-07,3.5762786865234375e-06
2864601_0.276,member,varied,unstable,760,64,3.2304148924978156e-07,4.5405048395958126e-07,2.384185791015625e-06
2864601_0.276,member,fixed,all,1000,32,2.3268163204193116e-07,3.5187712599573466e-07,3.337860107421875e-06
2864601_0.276,member,fixed,all,1000,64,2.2467970848083495e-07,3.2910387642740036e-07,2.1457672119140625e-06
2864601_0.276,member,fixed,stable_near_floor,23,32,2.539676168690557e-07,2.993161723506121e-07,5.960464477539062e-07
2864601_0.276,member,fixed,stable_near_floor,23,64,1.6585640285326086e-07,2.2232647138603062e-07,4.76837158203125e-07
2864601_0.276,member,fixed,unstable,977,32,2.321805290214359e-07,3.530202163442077e-07,3.337860107421875e-06
2864601_0.276,member,fixed,unstable,977,64,2.2606449459079833e-07,3.3120309382242955e-07,2.1457672119140625e-06
2864601_0.427,member,varied,all,1000,32,2.4576485157012937e-07,3.607335382312023e-07,2.1457672119140625e-06
2864601_0.427,member,varied,all,1000,64,2.3466348648071288e-07,3.634712119029207e-07,3.0994415283203125e-06
2864601_0.427,member,varied,stable_near_floor,240,32,1.8539528052012125e-07,2.9081452727215847e-07,1.5497207641601562e-06
2864601_0.427,member,varied,stable_near_floor,240,64,1.67389710744222e-07,2.571188059497256e-07,1.0728836059570312e-06
2864601_0.427,member,varied,unstable,760,32,2.6482892663855304e-07,3.801508429478241e-07,2.1457672119140625e-06
2864601_0.427,member,varied,unstable,760,64,2.5590783671328894e-07,3.9109310809685926e-07,3.0994415283203125e-06
2864601_0.427,member,fixed,all,1000,32,2.088099718093872e-07,3.773217062519147e-07,7.62939453125e-06
2864601_0.427,member,fixed,all,1000,64,2.046525478363037e-07,3.605599151980494e-07,6.854534149169922e-06
2864601_0.427,member,fixed,stable_near_floor,23,32,7.256217624830164e-08,1.3153011426147712e-07,2.384185791015625e-07
2864601_0.427,member,fixed,stable_near_floor,23,64,8.292820142663043e-08,1.406116067456218e-07,2.384185791015625e-07
2864601_0.427,member,fixed,unstable,977,32,2.1201744294337387e-07,3.8120340355123883e-07,7.62939453125e-06
2864601_0.427,member,fixed,unstable,977,64,2.0751811586846594e-07,3.641407281595161e-07,6.854534149169922e-06
2864601_0.461,member,varied,all,1000,32,2.8689205646514893e-07,4.303549773925292e-07,3.2186508178710938e-06
2864601_0.461,member,varied,all,1000,64,2.7284026145935057e-07,3.9471766864145656e-07,2.1457672119140625e-06
2864601_0.461,member,varied,stable_near_floor,240,32,2.485389510790507e-07,3.891944927396576e-07,1.9073486328125e-06
2864601_0.461,member,varied,stable_near_floor,240,64,2.5499612092971803e-07,3.7759206295712367e-07,2.1457672119140625e-06
2864601_0.461,member,varied,unstable,760,32,2.990035634291799e-07,4.425584139315058e-07,3.2186508178710938e-06
2864601_0.461,member,varied,unstable,760,64,2.7847525320555036e-07,3.999734433549024e-07,2.1457672119140625e-06
2864601_0.461,member,fixed,all,1000,32,1.9022822380065918e-07,2.911741803802408e-07,3.0994415283203125e-06
2864601_0.461,member,fixed,all,1000,64,1.783519983291626e-07,2.663246484541515e-07,1.430511474609375e-06
2864601_0.461,member,fixed,stable_near_floor,23,32,1.7622242803158966e-07,2.6771652325640466e-07,7.152557373046875e-07
2864601_0.461,member,fixed,stable_near_floor,23,64,1.4512435249660327e-07,2.1091741011843272e-07,4.76837158203125e-07
2864601_0.461,member,fixed,unstable,977,32,1.905579405894909e-07,2.917036819243997e-07,3.0994415283203125e-06
2864601_0.461,member,fixed,unstable,977,64,1.7913422540608058e-07,2.6749077952088883e-07,1.430511474609375e-06
2864601_0.471,member,varied,all,1000,32,2.546906471252441e-07,3.7833223680409974e-07,2.1457672119140625e-06
2864601_0.471,member,varied,all,1000,64,2.6047229766845704e-07,3.8004213174062105e-07,2.86102294921875e-06
2864601_0.471,member,varied,stable_near_floor,240,32,2.150734265645345e-07,3.2872740641781284e-07,1.7881393432617188e-06
2864601_0.471,member,varied,stable_near_floor,240,64,2.1109978357950845e-07,2.9412340620697325e-07,1.1920928955078125e-06
2864601_0.471,member,varied,unstable,760,32,2.6720134835494193e-07,3.926972711596678e-07,2.1457672119140625e-06
2864601_0.471,member,varied,unstable,760,64,2.760636179070724e-07,4.033901780355914e-07,2.86102294921875e-06
2864601_0.471,member,fixed,all,1000,32,1.9365549087524415e-07,2.837769563537021e-07,2.384185791015625e-06
2864601_0.471,member,fixed,all,1000,64,1.8852949142456054e-07,2.7613745433768155e-07,1.7881393432617188e-06
2864601_0.471,member,fixed,stable_near_floor,23,32,1.3994133990743887e-07,2.1811801881894664e-07,4.76837158203125e-07
2864601_0.471,member,fixed,stable_near_floor,23,64,1.4512435249660327e-07,2.607008963037427e-07,8.344650268554688e-07
2864601_0.471,member,fixed,unstable,977,32,1.9492000005872368e-07,2.851405678669749e-07,2.384185791015625e-06
2864601_0.471,member,fixed,unstable,977,64,1.8955131148120642e-07,2.764904703861474e-07,1.7881393432617188e-06
2864601_0.440,member,varied,all,1000,32,2.8786063194274904e-07,4.348928848755905e-07,3.814697265625e-06
2864601_0.440,member,varied,all,1000,64,2.6310980319976807e-07,3.7477086949535433e-07,2.1457672119140625e-06
2864601_0.440,member,varied,stable_near_floor,240,32,2.644956111907959e-07,4.071590623294886e-07,2.2649765014648438e-06
2864601_0.440,member,varied,stable_near_floor,240,64,2.514570951461792e-07,3.563060522442562e-07,1.430511474609375e-06
2864601_0.440,member,varied,unstable,760,32,2.95239059548629e-07,4.432905973727778e-07,3.814697265625e-06
2864601_0.440,member,varied,unstable,760,64,2.667896057430067e-07,3.8041570740457063e-07,2.1457672119140625e-06
2864601_0.440,member,fixed,all,1000,32,2.259761095046997e-07,3.154519865700128e-07,2.384185791015625e-06
2864601_0.440,member,fixed,all,1000,64,2.104043960571289e-07,3.114592220494485e-07,2.86102294921875e-06
2864601_0.440,member,fixed,stable_near_floor,23,32,2.1250351615574048e-07,2.930580002997684e-07,7.152557373046875e-07
2864601_0.440,member,fixed,stable_near_floor,23,64,2.9024870499320654e-07,4.099497573953128e-07,1.0728836059570312e-06
2864601_0.440,member,fixed,unstable,977,32,2.2629327393359025e-07,3.159600518676487e-07,2.384185791015625e-06
2864601_0.440,member,fixed,unstable,977,64,2.0852474497675043e-07,3.087623368751152e-07,2.86102294921875e-06
2864601_0.457,member,varied,all,1000,32,2.609379589557648e-07,3.9279629435023047e-07,3.0994415283203125e-06
2864601_0.457,member,varied,all,1000,64,2.5315582752227784e-07,3.7583080028351896e-07,2.1457672119140625e-06
2864601_0.457,member,varied,stable_near_floor,240,32,2.6089449723561604e-07,3.797555399930229e-07,1.430511474609375e-06
2864601_0.457,member,varied,stable_near_floor,240,64,2.391636371612549e-07,3.651037904806346e-07,1.5497207641601562e-06
2864601_0.457,member,varied,unstable,760,32,2.6095168370949595e-07,3.968254024425052e-07,3.0994415283203125e-06
2864601_0.457,member,varied,unstable,760,64,2.575744139520746e-07,3.791552309587165e-07,2.1457672119140625e-06
2864601_0.457,member,fixed,all,1000,32,1.935809850692749e-07,2.7917813647606354e-07,1.430511474609375e-06
2864601_0.457,member,fixed,all,1000,64,1.936107873916626e-07,2.7603913451210316e-07,1.5497207641601562e-06
2864601_0.457,member,fixed,stable_near_floor,23,32,2.0732050356657608e-07,2.855835233347501e-07,7.152557373046875e-07
2864601_0.457,member,fixed,stable_near_floor,23,64,2.1250351615574048e-07,2.618832193594348e-07,4.76837158203125e-07
2864601_0.457,member,fixed,unstable,977,32,1.9325753683443567e-07,2.7902557280702336e-07,1.430511474609375e-06
2864601_0.457,member,fixed,unstable,977,64,1.931660250973189e-07,2.7636364964710487e-07,1.5497207641601562e-06
2864601_0.400,member,varied,all,1000,32,2.2951513528823852e-07,3.7249408498420095e-07,2.9802322387695312e-06
2864601_0.400,member,varied,all,1000,64,2.26534903049469e-07,3.725268691715523e-07,4.76837158203125e-06
2864601_0.400,member,varied,stable_near_floor,240,32,1.9905467828114826e-07,3.826485505408077e-07,2.9802322387695312e-06
2864601_0.400,member,varied,stable_near_floor,240,64,1.9321839014689128e-07,4.056474518878553e-07,4.76837158203125e-06
2864601_0.400,member,varied,unstable,760,32,2.391342269746881e-07,3.692293969821002e-07,2.384185791015625e-06
2864601_0.400,member,varied,unstable,760,64,2.3705590712396722e-07,3.614377412377809e-07,2.384185791015625e-06
2864601_0.400,member,fixed,all,1000,32,1.7477571964263915e-07,2.701385725628776e-07,1.9073486328125e-06
2864601_0.400,member,fixed,all,1000,64,1.8425285816192627e-07,3.064069727034767e-07,4.76837158203125e-06
2864601_0.400,member,fixed,stable_near_floor,23,32,1.7622242803158966e-07,2.5591698720410615e-07,4.76837158203125e-07
2864601_0.400,member,fixed,stable_near_floor,23,64,1.3994133990743887e-07,2.2916888122386668e-07,5.960464477539062e-07
2864601_0.400,member,fixed,unstable,977,32,1.7474166202447553e-07,2.7046436012674455e-07,1.9073486328125e-06
2864601_0.400,member,fixed,unstable,977,64,1.8529601570527653e-07,3.079919947890898e-07,4.76837158203125e-06
2864601_0.385,member,varied,all,1000,32,2.5407969951629636e-07,4.058757376814801e-07,2.384185791015625e-06
2864601_0.385,member,varied,all,1000,64,2.4537742137908934e-07,3.750812010328768e-07,1.9073486328125e-06
2864601_0.385,member,varied,stable_near_floor,240,32,1.728534698486328e-07,2.9006913364390426e-07,1.3113021850585938e-06
2864601_0.385,member,varied,stable_near_floor,240,64,1.7670293649037678e-07,2.700702722893754e-07,1.0728836059570312e-06
2864601_0.385,member,varied,unstable,760,32,2.797300878324007e-07,4.3610339474200925e-07,2.384185791015625e-06
2864601_0.385,member,varied,unstable,760,64,2.6706410081763016e-07,4.0259160267603367e-07,1.9073486328125e-06
2864601_0.385,member,fixed,all,1000,32,1.9994378089904784e-07,3.159791143315491e-07,1.9073486328125e-06
2864601_0.385,member,fixed,all,1000,64,1.9869208335876464e-07,3.07907176035328e-07,1.430511474609375e-06
2864601_0.385,member,fixed,stable_near_floor,23,32,1.8658845320991849e-07,2.7455293900342667e-07,5.960464477539062e-07
2864601_0.385,member,fixed,stable_near_floor,23,64,1.7103941544242526e-07,2.152666802747891e-07,4.76837158203125e-07
2864601_0.385,member,fixed,unstable,977,32,2.0025818472386872e-07,3.1688910784681507e-07,1.9073486328125e-06
2864601_0.385,member,fixed,unstable,977,64,1.99343067352701e-07,3.097544425641702e-07,1.430511474609375e-06
2864601_0.350,member,varied,all,1000,32,2.553611993789673e-07,4.081535224788733e-07,4.410743713378906e-06
2864601_0.350,member,varied,all,1000,64,2.431571483612061e-07,4.1525127686238535e-07,5.125999450683594e-06
2864601_0.350,member,varied,stable_near_floor,240,32,1.4963249365488687e-07,2.6634479632636356e-07,1.9073486328125e-06
2864601_0.350,member,varied,stable_near_floor,240,64,1.3113021850585939e-07,2.4376040752742926e-07,2.0265579223632812e-06
2864601_0.350,member,varied,unstable,760,32,2.887492117128874e-07,4.43615240152581e-07,4.410743713378906e-06
2864601_0.350,member,varied,unstable,760,64,2.7853407357868396e-07,4.5620434916409095e-07,5.125999450683594e-06
2864601_0.350,member,fixed,all,1000,32,1.987665891647339e-07,2.853947790937933e-07,1.430511474609375e-06
2864601_0.350,member,fixed,all,1000,64,1.836121082305908e-07,2.6233747147457614e-07,1.430511474609375e-06
2864601_0.350,member,fixed,stable_near_floor,23,32,1.5549037767493207e-07,2.1382675320932419e-07,4.76837158203125e-07
2864601_0.350,member,fixed,stable_near_floor,23,64,1.1920928955078125e-07,1.6299729962469586e-07,2.384185791015625e-07
2864601_0.350,member,fixed,unstable,977,32,1.9978537408209871e-07,2.8686456043549303e-07,1.430511474609375e-06
2864601_0.350,member,fixed,unstable,977,64,1.8512824418722912e-07,2.6422649744454484e-07,1.430511474609375e-06
2864601_0.416,member,varied,all,1000,32,3.0896067619323733e-07,4.5371968221456427e-07,2.3245811462402344e-06
2864601_0.416,member,varied,all,1000,64,3.1156837940216063e-07,4.527646166765712e-07,2.86102294921875e-06
2864601_0.416,member,varied,stable_near_floor,240,32,3.4483770529429116e-07,4.980384798570659e-07,2.3245811462402344e-06
2864601_0.416,member,varied,stable_near_floor,240,64,3.419816493988037e-07,5.014264728187412e-07,2.205371856689453e-06
2864601_0.416,member,varied,unstable,760,32,2.976310880560624e-07,4.387952877339037e-07,2.1457672119140625e-06
2864601_0.416,member,varied,unstable,760,64,3.019641888769049e-07,4.3627151776197445e-07,2.86102294921875e-06
2864601_0.416,member,fixed,all,1000,32,2.3466348648071288e-07,3.3375940046505014e-07,1.9073486328125e-06
2864601_0.416,member,fixed,all,1000,64,2.3224949836730957e-07,3.3184722045447275e-07,2.2649765014648438e-06
2864601_0.416,member,fixed,stable_near_floor,23,32,2.384185791015625e-07,3.1832306349348166e-07,7.152557373046875e-07
2864601_0.416,member,fixed,stable_near_floor,23,64,1.8658845320991849e-07,2.534911790233588e-07,4.76837158203125e-07
2864601_0.416,member,fixed,unstable,977,32,2.345750861426581e-07,3.3411420222500415e-07,1.9073486328125e-06
2864601_0.416,member,fixed,unstable,977,64,2.3332442573539555e-07,3.3347009127322836e-07,2.2649765014648438e-06
2864601_0.342,member,varied,all,1000,32,1.56499445438385e-07,2.267679400458685e-07,9.5367431640625e-07
2864601_0.342,member,varied,all,1000,64,1.539289951324463e-07,2.275583447601112e-07,1.1920928955078125e-06
2864601_0.342,member,varied,stable_near_floor,240,32,1.8185625473658245e-07,2.482154337782387e-07,9.5367431640625e-07
2864601_0.342,member,varied,stable_near_floor,240,64,1.8111119667689006e-07,2.5819782545788237e-07,1.1920928955078125e-06
2864601_0.342,member,varied,unstable,760,32,1.4849203197579634e-07,2.195602131081526e-07,9.5367431640625e-07
2864601_0.342,member,varied,unstable,760,64,1.4534514201314825e-07,2.1698572646750246e-07,9.5367431640625e-07
2864601_0.342,member,fixed,all,1000,32,1.1208653450012207e-07,1.8137014931770374e-07,7.152557373046875e-07
2864601_0.342,member,fixed,all,1000,64,1.1132657527923584e-07,1.831385446912351e-07,9.5367431640625e-07
2864601_0.342,member,fixed,stable_near_floor,23,32,2.487846042798913e-07,3.0846546041170434e-07,7.152557373046875e-07
2864601_0.342,member,fixed,stable_near_floor,23,64,1.6067339026409647e-07,2.152666802747891e-07,4.76837158203125e-07
2864601_0.342,member,fixed,unstable,977,32,1.0886846325658604e-07,1.772837805059623e-07,6.258487701416016e-07
2864601_0.342,member,fixed,unstable,977,64,1.1016487953240698e-07,1.8231400260410766e-07,9.5367431640625e-07
2864601_0.359,member,varied,all,1000,32,2.5968998670578e-07,3.892627831658735e-07,2.384185791015625e-06
2864601_0.359,member,varied,all,1000,64,2.496317028999329e-07,3.816676540213603e-07,2.0265579223632812e-06
2864601_0.359,member,varied,stable_near_floor,240,32,1.348555088043213e-07,2.4147238610928835e-07,1.430511474609375e-06
2864601_0.359,member,varied,stable_near_floor,240,64,1.3771156469980876e-07,2.744201664607111e-07,1.9073486328125e-06
2864601_0.359,member,varied,unstable,760,32,2.991114007799249e-07,4.2539668047545353e-07,2.384185791015625e-06
2864601_0.359,member,varied,unstable,760,64,2.8497490443681414e-07,4.0974423258471305e-07,2.0265579223632812e-06
2864601_0.359,member,fixed,all,1000,32,2.3862719535827636e-07,4.579745290700406e-07,9.775161743164062e-06
2864601_0.359,member,fixed,all,1000,64,2.2265315055847168e-07,3.244253493019988e-07,2.9802322387695312e-06
2864601_0.359,member,fixed,stable_near_floor,23,32,9.329422660495924e-08,1.4493912670000286e-07,3.5762786865234375e-07
2864601_0.359,member,fixed,stable_near_floor,23,64,1.1402627696161685e-07,1.6109083287529377e-07,3.5762786865234375e-07
2864601_0.359,member,fixed,unstable,977,32,2.420485446738611e-07,4.627998767422031e-07,9.775161743164062e-06
2864601_0.359,member,fixed,unstable,977,64,2.252103850443751e-07,3.27289903656532e-07,2.9802322387695312e-06
2864601_0.475,member,varied,all,1000,32,2.6851892471313476e-07,4.477881687779446e-07,6.020069122314453e-06
2864601_0.475,member,varied,all,1000,64,2.804584801197052e-07,4.4752207109170404e-07,4.589557647705078e-06
2864601_0.475,member,varied,stable_near_floor,240,32,2.465521295865377e-07,4.0143006422885156e-07,2.384185791015625e-06
2864601_0.475,member,varied,stable_near_floor,240,64,2.5136396288871763e-07,4.2646168140141943e-07,2.384185791015625e-06
2864601_0.475,member,varied,unstable,760,32,2.7545580738469176e-07,4.6146103921970914e-07,6.020069122314453e-06
2864601_0.475,member,varied,unstable,760,64,2.8964622240317493e-07,4.5396978270833764e-07,4.589557647705078e-06
2864601_0.475,member,fixed,all,1000,32,1.9775331020355226e-07,2.876624688490294e-07,1.9073486328125e-06
2864601_0.475,member,fixed,all,1000,64,2.09905207157135e-07,3.005909017858904e-07,1.6689300537109375e-06
2864601_0.475,member,fixed,stable_near_floor,23,32,1.5549037767493207e-07,2.534911790233588e-07,5.960464477539062e-07
2864601_0.475,member,fixed,stable_near_floor,23,64,1.2439230213994565e-07,2.1669703940066951e-07,5.960464477539062e-07
2864601_0.475,member,fixed,unstable,977,32,1.9874824106144197e-07,2.8841813849697663e-07,1.9073486328125e-06
2864601_0.475,member,fixed,unstable,977,64,2.1191830522816402e-07,3.0228550306194297e-07,1.6689300537109375e-06
2864601_0.462,member,varied,all,1000,32,2.554953098297119e-07,3.785892133686692e-07,2.1457672119140625e-06
2864601_0.462,member,varied,all,1000,64,2.7301907539367675e-07,4.145084162143991e-07,2.384185791015625e-06
2864601_0.462,member,varied,stable_near_floor,240,32,3.221134344736735e-07,4.859850252548168e-07,2.1457672119140625e-06
2864601_0.462,member,varied,stable_near_floor,240,64,3.349035978317261e-07,5.066869575563759e-07,2.384185791015625e-06
2864601_0.462,member,varied,unstable,760,32,2.3445800731056616e-07,3.3765103001597614e-07,1.5497207641601562e-06
2864601_0.462,member,varied,unstable,760,64,2.5347659462376644e-07,3.8079146386301495e-07,2.1457672119140625e-06
2864601_0.462,member,fixed,all,1000,32,1.8018484115600587e-07,2.5874183380991303e-07,1.7881393432617188e-06
2864601_0.462,member,fixed,all,1000,64,1.8727779388427734e-07,2.7484786874257377e-07,1.430511474609375e-06
2864601_0.462,member,fixed,stable_near_floor,23,32,2.332355665123981e-07,3.593513864364407e-07,1.0728836059570312e-06
2864601_0.462,member,fixed,stable_near_floor,23,64,2.436015916907269e-07,3.362573039699346e-07,9.5367431640625e-07
2864601_0.462,member,fixed,unstable,977,32,1.789359499756609e-07,2.558972172597205e-07,1.7881393432617188e-06
2864601_0.462,member,fixed,unstable,977,64,1.8595184982128008e-07,2.7323597155375486e-07,1.430511474609375e-06
2864601_0.268,member,varied,all,1000,32,2.732276916503906e-07,4.162686787167703e-07,2.86102294921875e-06
2864601_0.268,member,varied,all,1000,64,2.6336312294006347e-07,4.0721632015927677e-07,2.1457672119140625e-06
2864601_0.268,member,varied,stable_near_floor,240,32,2.113481362660726e-07,3.3832527815528894e-07,1.6689300537109375e-06
2864601_0.268,member,varied,stable_near_floor,240,64,2.209097146987915e-07,3.827065744822867e-07,2.1457672119140625e-06
2864601_0.268,member,varied,unstable,760,32,2.927686038770174e-07,4.380102353395543e-07,2.86102294921875e-06
2864601_0.268,member,varied,unstable,760,64,2.767694623846757e-07,4.1465536433028647e-07,2.1457672119140625e-06
2864601_0.268,member,fixed,all,1000,32,1.8434226512908936e-07,2.964630864968532e-07,4.5299530029296875e-06
2864601_0.268,member,fixed,all,1000,64,1.8109381198883057e-07,2.757290670460701e-07,2.384185791015625e-06
2864601_0.268,member,fixed,stable_near_floor,23,32,1.7622242803158966e-07,2.4856855160841317e-07,4.76837158203125e-07
2864601_0.268,member,fixed,stable_near_floor,23,64,1.7622242803158966e-07,2.384185791015625e-07,4.76837158203125e-07
2864601_0.268,member,fixed,unstable,977,32,1.845334178959701e-07,2.974977119609949e-07,4.5299530029296875e-06
2864601_0.268,member,fixed,unstable,977,64,1.8120849144739407e-07,2.765467708342501e-07,2.384185791015625e-06
2864601_0.262,member,varied,all,1000,32,2.7658045291900635e-07,4.0118979389735544e-07,1.9073486328125e-06
2864601_0.262,member,varied,all,1000,64,2.7558207511901855e-07,3.9264998012789503e-07,2.2202730178833008e-06
2864601_0.262,member,varied,stable_near_floor,240,32,2.578521768252055e-07,3.6441515048730373e-07,1.6689300537109375e-06
2864601_0.262,member,varied,stable_near_floor,240,64,2.4686257044474284e-07,3.32265823654383e-07,1.3113021850585938e-06
2864601_0.262,member,varied,unstable,760,32,2.8249464536968033e-07,4.12121651480224e-07,1.9073486328125e-06
2864601_0.262,member,varied,unstable,760,64,2.846513923845793e-07,4.0987460899957637e-07,2.2202730178833008e-06
2864601_0.262,member,fixed,all,1000,32,2.1135807037353515e-07,3.247666974697977e-07,3.933906555175781e-06
2864601_0.262,member,fixed,all,1000,64,2.003312110900879e-07,3.008418605457901e-07,2.1457672119140625e-06
2864601_0.262,member,fixed,stable_near_floor,23,32,2.0732050356657608e-07,2.6306022852295423e-07,4.76837158203125e-07
2864601_0.262,member,fixed,stable_near_floor,23,64,1.9177146579908289e-07,2.7567585959584194e-07,7.152557373046875e-07
2864601_0.262,member,fixed,unstable,977,32,2.114531205644871e-07,3.260787028113937e-07,3.933906555175781e-06
2864601_0.262,member,fixed,unstable,977,64,2.0053271993521903e-07,3.0140899067352983e-07,2.1457672119140625e-06
2864601_0.485,member,varied,all,1000,32,2.622455358505249e-07,3.816143451867556e-07,1.9669532775878906e-06
2864601_0.485,member,varied,all,1000,64,2.57343053817749e-07,3.747113204277581e-07,1.9073486328125e-06
2864601_0.485,member,varied,stable_near_floor,240,32,2.2798776626586915e-07,3.4134448298266443e-07,1.1920928955078125e-06
2864601_0.485,member,varied,stable_near_floor,240,64,2.2066136201222738e-07,3.347210129795374e-07,1.5497207641601562e-06
2864601_0.485,member,varied,unstable,760,32,2.730637788772583e-07,3.9347583186208876e-07,1.9669532775878906e-06
2864601_0.485,member,varied,unstable,760,64,2.689267459668611e-07,3.864811156438895e-07,1.9073486328125e-06
2864601_0.485,member,fixed,all,1000,32,2.125948667526245e-07,3.055722816416422e-07,1.8477439880371094e-06
2864601_0.485,member,fixed,all,1000,64,2.145320177078247e-07,3.0475005906570146e-07,1.430511474609375e-06
2864601_0.485,member,fixed,stable_near_floor,23,32,1.2957531472911005e-07,2.152666802747891e-07,7.152557373046875e-07
2864601_0.485,member,fixed,stable_near_floor,23,64,1.2439230213994565e-07,1.893041690302898e-07,4.76837158203125e-07
2864601_0.485,member,fixed,unstable,977,32,2.1454926767027121e-07,3.073787304524066e-07,1.8477439880371094e-06
2864601_0.485,member,fixed,unstable,977,64,2.1665403762395698e-07,3.0694514382437496e-07,1.430511474609375e-06
2864601_0.473,member,varied,all,1000,32,2.888217568397522e-07,4.2686904992584603e-07,4.291534423828125e-06
2864601_0.473,member,varied,all,1000,64,2.974793314933777e-07,4.411557287054736e-07,3.5762786865234375e-06
2864601_0.473,member,varied,stable_near_floor,240,32,2.8815120458602903e-07,3.971574134241551e-07,1.6689300537109375e-06
2864601_0.473,member,varied,stable_near_floor,240,64,2.924973766009013e-07,4.25759015359415e-07,1.9073486328125e-06
2864601_0.473,member,varied,unstable,760,32,2.890335101830332e-07,4.358310620550286e-07,4.291534423828125e-06
2864601_0.473,member,varied,unstable,760,64,2.990525804067913e-07,4.459074124619975e-07,3.5762786865234375e-06
2864601_0.473,member,fixed,all,1000,32,2.176910638809204e-07,3.07087951319285e-07,2.1457672119140625e-06
2864601_0.473,member,fixed,all,1000,64,2.2390484809875488e-07,3.1560012137139775e-07,1.6689300537109375e-06
2864601_0.473,member,fixed,stable_near_floor,23,32,2.436015916907269e-07,5.100200266784093e-07,2.1457672119140625e-06
2864601_0.473,member,fixed,stable_near_floor,23,64,2.591506294582201e-07,3.5328228966986557e-07,8.344650268554688e-07
2864601_0.473,member,fixed,unstable,977,32,2.1708109239716856e-07,3.0066497439410176e-07,1.5497207641601562e-06
2864601_0.473,member,fixed,unstable,977,64,2.2307511117831712e-07,3.146586653792161e-07,1.6689300537109375e-06
2864601_0.189,member,varied,all,1000,32,2.7623772621154786e-07,4.1328310799895027e-07,2.3543834686279297e-06
2864601_0.189,member,varied,all,1000,64,2.9608607292175294e-07,4.5918696481758936e-07,4.410743713378906e-06
2864601_0.189,member,varied,stable_near_floor,240,32,3.0919909477233887e-07,4.722359560781451e-07,1.9073486328125e-06
2864601_0.189,member,varied,stable_near_floor,240,64,3.1702220439910887e-07,4.7256889593301655e-07,1.9073486328125e-06
2864601_0.189,member,varied,unstable,760,32,2.6582887298182435e-07,3.9283265451773554e-07,2.3543834686279297e-06
2864601_0.189,member,varied,unstable,760,64,2.8947466298153525e-07,4.548793100800793e-07,4.410743713378906e-06
2864601_0.189,member,fixed,all,1000,32,1.9606947898864745e-07,2.9569025639085605e-07,2.2649765014648438e-06
2864601_0.189,member,fixed,all,1000,64,1.9934773445129395e-07,2.85747396122278e-07,1.1920928955078125e-06
2864601_0.189,member,fixed,stable_near_floor,23,32,3.6799389383067255e-07,4.5901129368903537e-07,1.1920928955078125e-06
2864601_0.189,member,fixed,stable_near_floor,23,64,3.628108812415082e-07,4.1889516895080133e-07,7.152557373046875e-07
2864601_0.189,member,fixed,unstable,977,32,1.9202212838335926e-07,2.907422229243618e-07,2.2649765014648438e-06
2864601_0.189,member,fixed,unstable,977,64,1.954995743937966e-07,2.8185612968659845e-07,1.1920928955078125e-06
2864601_0.395,member,varied,all,1000,32,1.6123056411743164e-07,2.621452663868606e-07,1.8477439880371094e-06
2864601_0.395,member,varied,all,1000,64,1.5097856521606445e-07,2.3568342828473502e-07,1.1920928955078125e-06
2864601_0.395,member,varied,stable_near_floor,240,32,9.511907895406088e-08,1.6863129129573099e-07,8.344650268554688e-07
2864601_0.395,member,varied,stable_near_floor,240,64,9.586413701375326e-08,1.704213435112929e-07,9.5367431640625e-07
2864601_0.395,member,varied,unstable,760,32,1.82107875221654e-07,2.8537919767081815e-07,1.8477439880371094e-06
2864601_0.395,member,varied,unstable,760,64,1.6838312149047853e-07,2.528163836771224e-07,1.1920928955078125e-06
2864601_0.395,member,fixed,all,1000,32,1.5211105346679688e-07,2.504813836747491e-07,1.9073486328125e-06
2864601_0.395,member,fixed,all,1000,64,1.4919042587280274e-07,2.418582864436326e-07,1.430511474609375e-06
2864601_0.395,member,fixed,stable_near_floor,23,32,1.1402627696161685e-07,1.925403721540566e-07,4.76837158203125e-07
2864601_0.395,member,fixed,stable_near_floor,23,64,2.0732050356657608e-07,2.722932056046299e-07,7.152557373046875e-07
2864601_0.395,member,fixed,unstable,977,32,1.5300762445924226e-07,2.5168474758015817e-07,1.9073486328125e-06
2864601_0.395,member,fixed,unstable,977,64,1.4782195935595852e-07,2.410955211380354e-07,1.430511474609375e-06
2864601_0.237,member,varied,all,1000,32,2.2596120834350585e-07,3.558547362341236e-07,2.6226043701171875e-06
2864601_0.237,member,varied,all,1000,64,2.1351873874664308e-07,3.238151244244932e-07,1.9073486328125e-06
2864601_0.237,member,varied,stable_near_floor,240,32,1.481423775355021e-07,2.6321401459653544e-07,1.9073486328125e-06
2864601_0.237,member,varied,stable_near_floor,240,64,1.324961582819621e-07,2.263881524287714e-07,1.1920928955078125e-06
2864601_0.237,member,varied,unstable,760,32,2.50535575967086e-07,3.804516102867811e-07,2.6226043701171875e-06
2864601_0.237,member,varied,unstable,760,64,2.391048167881213e-07,3.4897566622983407e-07,1.9073486328125e-06
2864601_0.237,member,fixed,all,1000,32,1.755952835083008e-07,2.6301984707304035e-07,1.4007091522216797e-06
2864601_0.237,member,fixed,all,1000,64,1.6679614782333374e-07,2.4721257706371327e-07,1.430511474609375e-06
2864601_0.237,member,fixed,stable_near_floor,23,32,1.0366025178328804e-07,1.9885484128673055e-07,4.76837158203125e-07
2864601_0.237,member,fixed,stable_near_floor,23,64,1.4512435249660327e-07,2.1091741011843272e-07,4.76837158203125e-07
2864601_0.237,member,fixed,unstable,977,32,1.7728873870755902e-07,2.643428058209768e-07,1.4007091522216797e-06
2864601_0.237,member,fixed,unstable,977,64,1.6730633338373784e-07,2.480030308177049e-07,1.430511474609375e-06
2864601_0.372,member,varied,all,1000,32,2.826899290084839e-07,4.0576740230695633e-07,2.384185791015625e-06
2864601_0.372,member,varied,all,1000,64,2.576708793640137e-07,3.768674238820024e-07,2.1457672119140625e-06
2864601_0.372,member,varied,stable_near_floor,240,32,2.649923165639242e-07,3.629077798392684e-07,1.430511474609375e-06
2864601_0.372,member,varied,stable_near_floor,240,64,2.3692846298217774e-07,3.469550141108935e-07,1.5497207641601562e-06
2864601_0.372,member,varied,unstable,760,32,2.882786487278185e-07,4.183908572618735e-07,2.384185791015625e-06
2864601_0.372,member,varied,unstable,760,64,2.642211161161724e-07,3.8583195746923435e-07,2.1457672119140625e-06
2864601_0.372,member,fixed,all,1000,32,2.1083652973175048e-07,3.6666698462369445e-07,7.152557373046875e-06
2864601_0.372,member,fixed,all,1000,64,2.0493566989898682e-07,3.8570037370199385e-07,8.463859558105469e-06
2864601_0.372,member,fixed,stable_near_floor,23,32,3.1098075534986414e-07,3.786083380605796e-07,9.5367431640625e-07
2864601_0.372,member,fixed,stable_near_floor,23,64,2.643336420473845e-07,3.417252609393272e-07,7.152557373046875e-07
2864601_0.372,member,fixed,unstable,977,32,2.0847898910819203e-07,3.6638117881165277e-07,7.152557373046875e-06
2864601_0.372,member,fixed,unstable,977,64,2.0353735530388635e-07,3.8667536381737645e-07,8.463859558105469e-06
2864601_0.472,member,varied,all,1000,32,2.92658805847168e-07,4.4615181496418287e-07,4.291534423828125e-06
2864601_0.472,member,varied,all,1000,64,2.9218196868896485e-07,4.4457633775619266e-07,4.76837158203125e-06
2864601_0.472,member,varied,stable_near_floor,240,32,3.262112538019816e-07,4.526659498661616e-07,1.7881393432617188e-06
2864601_0.472,member,varied,stable_near_floor,240,64,3.0721227327982585e-07,4.3585153550285343e-07,1.9073486328125e-06
2864601_0.472,member,varied,unstable,760,32,2.820632959667005e-07,4.440748678513364e-07,4.291534423828125e-06
2864601_0.472,member,varied,unstable,760,64,2.874355567129035e-07,4.472961833009613e-07,4.76837158203125e-06
2864601_0.472,member,fixed,all,1000,32,2.1380186080932618e-07,3.262966439961233e-07,2.2649765014648438e-06
2864601_0.472,member,fixed,all,1000,64,2.0694732666015625e-07,3.284697272375225e-07,2.1457672119140625e-06
2864601_0.472,member,fixed,stable_near_floor,23,32,2.280525539232337e-07,3.1441711110867833e-07,7.152557373046875e-07
2864601_0.472,member,fixed,stable_near_floor,23,64,1.7103941544242526e-07,2.7790808923253827e-07,8.344650268554688e-07
2864601_0.472,member,fixed,unstable,977,32,2.1346637878105608e-07,3.2657109920181196e-07,2.2649765014648438e-06
2864601_0.472,member,fixed,unstable,977,64,2.0779265107981625e-07,3.295665787953105e-07,2.1457672119140625e-06
2864601_0.436,member,varied,all,1000,32,3.021061420440674e-07,4.833758462026131e-07,5.125999450683594e-06
2864601_0.436,member,varied,all,1000,64,2.8978288173675536e-07,4.393000310214738e-07,2.86102294921875e-06
2864601_0.436,member,varied,stable_near_floor,240,32,3.203749656677246e-07,5.55262402315551e-07,5.125999450683594e-06
2864601_0.436,member,varied,stable_near_floor,240,64,2.689659595489502e-07,4.095154314712027e-07,1.6689300537109375e-06
2864601_0.436,member,varied,unstable,760,32,2.96337039847123e-07,4.5833837217490456e-07,3.993511199951172e-06
2864601_0.436,member,varied,unstable,760,64,2.9635664663816754e-07,4.482947573397865e-07,2.86102294921875e-06
2864601_0.436,member,fixed,all,1000,32,2.0360946655273437e-07,2.992396563247044e-07,1.430511474609375e-06
2864601_0.436,member,fixed,all,1000,64,2.0432472229003906e-07,2.886520700637166e-07,1.430511474609375e-06
2864601_0.436,member,fixed,stable_near_floor,23,32,2.746996672257133e-07,4.1070265014601855e-07,1.0728836059570312e-06
2864601_0.436,member,fixed,stable_near_floor,23,64,2.1250351615574048e-07,2.951588013877837e-07,7.152557373046875e-07
2864601_0.436,member,fixed,unstable,977,32,2.0193589990434285e-07,2.961105919783308e-07,1.430511474609375e-06
2864601_0.436,member,fixed,unstable,977,64,2.0413218159514537e-07,2.8849712411308405e-07,1.430511474609375e-06
2864601_0.454,member,varied,all,1000,32,2.578496932983398e-07,3.959062145329238e-07,2.86102294921875e-06
2864601_0.454,member,varied,all,1000,64,2.4993717670440673e-07,3.74836629112734e-07,3.3974647521972656e-06
2864601_0.454,member,varied,stable_near_floor,240,32,1.5236437320709228e-07,2.74716691285045e-07,1.9073486328125e-06
2864601_0.454,member,varied,stable_near_floor,240,64,1.5000502268473307e-07,2.3940992882080187e-07,1.1920928955078125e-06
2864601_0.454,member,varied,unstable,760,32,2.911608470113654e-07,4.2709099885899577e-07,2.86102294921875e-06
2864601_0.454,member,varied,unstable,760,64,2.8149469902640897e-07,4.083767467867878e-07,3.3974647521972656e-06
2864601_0.454,member,fixed,all,1000,32,1.787543296813965e-07,2.6888731449967905e-07,1.9073486328125e-06
2864601_0.454,member,fixed,all,1000,64,1.9253790378570556e-07,2.7299846413498763e-07,1.0728836059570312e-06
2864601_0.454,member,fixed,stable_near_floor,23,32,1.5549037767493207e-07,2.3051299175943588e-07,5.960464477539062e-07
2864601_0.454,member,fixed,stable_near_floor,23,64,1.6585640285326086e-07,2.5591698720410615e-07,7.152557373046875e-07
2864601_0.454,member,fixed,unstable,977,32,1.79301996924128e-07,2.697249336063459e-07,1.9073486328125e-06
2864601_0.454,member,fixed,unstable,977,64,1.931660250973189e-07,2.733877290204646e-07,1.0728836059570312e-06
2864601_0.377,member,varied,all,1000,32,2.737194299697876e-07,4.3459639612989853e-07,3.0994415283203125e-06
2864601_0.377,member,varied,all,1000,64,2.648383378982544e-07,4.1006766457836057e-07,2.86102294921875e-06
2864601_0.377,member,varied,stable_near_floor,240,32,2.879028518994649e-07,4.304615522852099e-07,2.384185791015625e-06
2864601_0.377,member,varied,stable_near_floor,240,64,2.7182201544443767e-07,3.8187405552683767e-07,1.0728836059570312e-06
2864601_0.377,member,varied,unstable,760,32,2.692404546235737e-07,4.3589398760977344e-07,3.0994415283203125e-06
2864601_0.377,member,varied,unstable,760,64,2.6263296604156494e-07,4.185765648764547e-07,2.86102294921875e-06
2864601_0.377,member,fixed,all,1000,32,1.8111616373062135e-07,2.9289870801899446e-07,4.291534423828125e-06
2864601_0.377,member,fixed,all,1000,64,1.8712878227233886e-07,2.8013449866004e-07,2.205371856689453e-06
2864601_0.377,member,fixed,stable_near_floor,23,32,1.2957531472911005e-07,2.1811801881894664e-07,7.152557373046875e-07
2864601_0.377,member,fixed,stable_near_floor,23,64,1.9177146579908289e-07,2.823196044465007e-07,7.152557373046875e-07
2864601_0.377,member,fixed,unstable,977,32,1.823295102270745e-07,2.944304171943137e-07,4.291534423828125e-06
2864601_0.377,member,fixed,unstable,977,64,1.8701948675430908e-07,2.8008285270976117e-07,2.205371856689453e-06
2864601_0.212,member,varied,all,1000,32,3.0994415283203126e-07,4.948783093764296e-07,3.5762786865234375e-06
2864601_0.212,member,varied,all,1000,64,3.006458282470703e-07,4.7466549100371694e-07,3.3974647521972656e-06
2864601_0.212,member,varied,stable_near_floor,240,32,3.358970085779826e-07,5.34316246040076e-07,2.205371856689453e-06
2864601_0.212,member,varied,stable_near_floor,240,64,3.19133202234904e-07,4.679613134265446e-07,2.1457672119140625e-06
2864601_0.212,member,varied,unstable,760,32,3.0174851417541504e-07,4.81753945854852e-07,3.5762786865234375e-06
2864601_0.212,member,varied,unstable,760,64,2.9480771014564915e-07,4.7676301426012553e-07,3.3974647521972656e-06
2864601_0.212,member,fixed,all,1000,32,1.9372999668121337e-07,2.7551316212815756e-07,1.430511474609375e-06
2864601_0.212,member,fixed,all,1000,64,1.8668174743652344e-07,2.712085023340087e-07,1.6689300537109375e-06
2864601_0.212,member,fixed,stable_near_floor,23,32,1.5549037767493207e-07,2.278168406262181e-07,4.76837158203125e-07
2864601_0.212,member,fixed,stable_near_floor,23,64,1.8658845320991849e-07,2.4354644701731167e-07,4.76837158203125e-07
2864601_0.212,member,fixed,unstable,977,32,1.9463021289118726e-07,2.7653690881013987e-07,1.430511474609375e-06
2864601_0.212,member,fixed,unstable,977,64,1.8668394371821423e-07,2.718257948178367e-07,1.6689300537109375e-06
2864601_0.123,member,varied,all,1000,32,2.392008900642395e-07,3.667242827445636e-07,2.294778823852539e-06
2864601_0.123,member,varied,all,1000,64,2.4940818548202516e-07,3.695671982808308e-07,1.6689300537109375e-06
2864601_0.123,member,varied,stable_near_floor,240,32,1.1964390675226848e-07,2.432607909186655e-07,2.1457672119140625e-06
2864601_0.123,member,varied,stable_near_floor,240,64,1.2184803684552511e-07,2.107479617851448e-07,1.0728836059570312e-06
2864601_0.123,member,varied,unstable,760,32,2.769557268995988e-07,3.9783047265417347e-07,2.294778823852539e-06
2864601_0.123,member,varied,unstable,760,64,2.8969033768302513e-07,4.0704387651436664e-07,1.6689300537109375e-06
2864601_0.123,member,fixed,all,1000,32,2.014562487602234e-07,2.924359053556653e-07,2.086162567138672e-06
2864601_0.123,member,fixed,all,1000,64,2.067387104034424e-07,2.9238550292359544e-07,1.7881393432617188e-06
2864601_0.123,member,fixed,stable_near_floor,23,32,9.847723919412364e-08,1.511983471934155e-07,4.76837158203125e-07
2864601_0.123,member,fixed,stable_near_floor,23,64,8.811121401579483e-08,1.4279176166737504e-07,4.76837158203125e-07
2864601_0.123,member,fixed,unstable,977,32,2.0388052431807426e-07,2.949471390918549e-07,2.086162567138672e-06
2864601_0.123,member,fixed,unstable,977,64,2.0953137408503491e-07,2.949946204847225e-07,1.7881393432617188e-06
2864601_0.288,member,varied,all,1000,32,2.45705246925354e-07,3.8769631461660365e-07,2.682209014892578e-06
2864601_0.288,member,varied,all,1000,64,2.4425983428955077e-07,3.6981067684503905e-07,1.8477439880371094e-06
2864601_0.288,member,varied,stable_near_floor,240,32,1.2976427872975668e-07,2.3680659824805697e-07,1.430511474609375e-06
2864601_0.288,member,varied,stable_near_floor,240,64,1.2889504432678223e-07,2.513250656308291e-07,1.8477439880371094e-06
2864601_0.288,member,varied,unstable,760,32,2.823181842502795e-07,4.243413856132641e-07,2.682209014892578e-06
2864601_0.288,member,varied,unstable,760,64,2.8069082059358297e-07,4.0000083460627425e-07,1.4901161193847656e-06
2864601_0.288,member,fixed,all,1000,32,2.1800398826599122e-07,3.05134159934191e-07,1.2516975402832031e-06
2864601_0.288,member,fixed,all,1000,64,2.269744873046875e-07,3.241446138588229e-07,1.9073486328125e-06
2864601_0.288,member,fixed,stable_near_floor,23,32,1.2439230213994565e-07,1.8601167144906376e-07,4.76837158203125e-07
2864601_0.288,member,fixed,stable_near_floor,23,64,1.4512435249660327e-07,2.2232647138603062e-07,4.76837158203125e-07
2864601_0.288,member,fixed,unstable,977,32,2.2020774341532493e-07,3.0738279705436895e-07,1.2516975402832031e-06
2864601_0.288,member,fixed,unstable,977,64,2.2890135844141824e-07,3.261588461998554e-07,1.9073486328125e-06
2864601_0.349,member,varied,all,1000,32,2.4467706680297854e-07,3.5886995863872133e-07,1.9073486328125e-06
2864601_0.349,member,varied,all,1000,64,2.5722384452819825e-07,3.7768021179598466e-07,2.0265579223632812e-06
2864601_0.349,member,varied,stable_near_floor,240,32,2.3245811462402343e-07,3.5157478589189823e-07,1.3113021850585938e-06
2864601_0.349,member,varied,stable_near_floor,240,64,2.5952855745951336e-07,3.79653202994086e-07,2.0265579223632812e-06
2864601_0.349,member,varied,unstable,760,32,2.485356832805433e-07,3.611430828767205e-07,1.9073486328125e-06
2864601_0.349,member,varied,unstable,760,64,2.5649604044462505e-07,3.7705501708667926e-07,1.9073486328125e-06
2864601_0.349,member,fixed,all,1000,32,1.7973780632019042e-07,2.5868175490093447e-07,1.430511474609375e-06
2864601_0.349,member,fixed,all,1000,64,1.8072128295898438e-07,2.9923668819262093e-07,4.5299530029296875e-06
2864601_0.349,member,fixed,stable_near_floor,23,32,1.6585640285326086e-07,2.4607031180483816e-07,7.152557373046875e-07
2864601_0.349,member,fixed,stable_near_floor,23,64,1.5549037767493207e-07,2.5104193144906777e-07,5.960464477539062e-07
2864601_0.349,member,fixed,unstable,977,32,1.8006459473343442e-07,2.5897124747344093e-07,1.430511474609375e-06
2864601_0.349,member,fixed,unstable,977,64,1.8131525514069697e-07,3.002780839772175e-07,4.5299530029296875e-06
2864601_0.510,member,varied,all,1000,32,3.0022859573364257e-07,4.7346877449165833e-07,2.86102294921875e-06
2864601_0.510,member,varied,all,1000,64,2.810955047607422e-07,4.222096180186969e-07,2.1457672119140625e-06
2864601_0.510,member,varied,stable_near_floor,240,32,1.224378744761149e-07,2.0040076732414807e-07,1.1920928955078125e-06
2864601_0.510,member,varied,stable_near_floor,240,64,1.231829325358073e-07,2.056144274551909e-07,1.1920928955078125e-06
2864601_0.510,member,varied,unstable,760,32,3.563730340254934e-07,5.313019859493715e-07,2.86102294921875e-06
2864601_0.510,member,varied,unstable,760,64,3.3096263283177424e-07,4.7032241360363317e-07,2.1457672119140625e-06
2864601_0.510,member,fixed,all,1000,32,3.030896186828613e-07,4.2328950963016514e-07,2.384185791015625e-06
2864601_0.510,member,fixed,all,1000,64,2.901554107666016e-07,4.093585211054755e-07,1.6689300537109375e-06
2864601_0.510,member,fixed,stable_near_floor,23,32,1.7622242803158966e-07,2.384185791015625e-07,4.76837158203125e-07
2864601_0.510,member,fixed,stable_near_floor,23,64,1.7622242803158966e-07,2.583200163297469e-07,7.152557373046875e-07
2864601_0.510,member,fixed,unstable,977,32,3.0607625674322903e-07,4.266776873153324e-07,2.384185791015625e-06
2864601_0.510,member,fixed,unstable,977,64,2.928375587736694e-07,4.12248032896262e-07,1.6689300537109375e-06
2864601_0.376,member,varied,all,1000,32,2.385079860687256e-07,3.529141136539156e-07,2.7418136596679688e-06
2864601_0.376,member,varied,all,1000,64,2.498626708984375e-07,3.569517101464863e-07,1.9073486328125e-06
2864601_0.376,member,varied,stable_near_floor,240,32,2.0389755566914877e-07,3.017377826956606e-07,1.3113021850585938e-06
2864601_0.376,member,varied,stable_near_floor,240,64,2.137074867884318e-07,3.232384396192283e-07,1.6689300537109375e-06
2864601_0.376,member,varied,unstable,760,32,2.4943759566859196e-07,3.675978318307472e-07,2.7418136596679688e-06
2864601_0.376,member,varied,unstable,760,64,2.612800974594919e-07,3.6695507765562635e-07,1.9073486328125e-06
2864601_0.376,member,fixed,all,1000,32,1.849830150604248e-07,2.7243707880879673e-07,1.430511474609375e-06
2864601_0.376,member,fixed,all,1000,64,1.9297003746032714e-07,2.819164229519563e-07,2.384185791015625e-06
2864601_0.376,member,fixed,stable_near_floor,23,32,2.0732050356657608e-07,2.9200193199910854e-07,8.344650268554688e-07
2864601_0.376,member,fixed,stable_near_floor,23,64,2.539676168690557e-07,3.0746231804648466e-07,7.152557373046875e-07
2864601_0.376,member,fixed,unstable,977,32,1.8445715811503947e-07,2.719595369219417e-07,1.430511474609375e-06
2864601_0.376,member,fixed,unstable,977,64,1.9153406578540314e-07,2.812870855951632e-07,2.384185791015625e-06
2864601_0.305,member,varied,all,1000,32,2.3756921291351318e-07,3.5071806798403696e-07,1.9073486328125e-06
2864601_0.305,member,varied,all,1000,64,2.334415912628174e-07,3.531487178107871e-07,2.6226043701171875e-06
2864601_0.305,member,varied,stable_near_floor,240,32,2.391636371612549e-07,3.659137832465373e-07,1.7881393432617188e-06
2864601_0.305,member,varied,stable_near_floor,240,64,2.1532177925109862e-07,3.306356914965832e-07,1.7881393432617188e-06
2864601_0.305,member,varied,unstable,760,32,2.3706571051948948e-07,3.457807108286852e-07,1.9073486328125e-06
2864601_0.305,member,varied,unstable,760,64,2.391636371612549e-07,3.599656898369863e-07,2.6226043701171875e-06
2864601_0.305,member,fixed,all,1000,32,1.7473101615905763e-07,2.5730469794169523e-07,9.5367431640625e-07
2864601_0.305,member,fixed,all,1000,64,1.6871094703674315e-07,2.426044503678121e-07,1.1920928955078125e-06
2864601_0.305,member,fixed,stable_near_floor,23,32,1.9177146579908289e-07,2.4732258611015963e-07,5.960464477539062e-07
2864601_0.305,member,fixed,stable_near_floor,23,64,2.280525539232337e-07,2.834117539963995e-07,4.76837158203125e-07
2864601_0.305,member,fixed,unstable,977,32,1.7432985920745006e-07,2.575350299951005e-07,9.5367431640625e-07
2864601_0.305,member,fixed,unstable,977,64,1.673139593618309e-07,2.415607478630998e-07,1.1920928955078125e-06
2864601_0.496,member,varied,all,1000,32,2.613067626953125e-07,4.157055433407329e-07,4.291534423828125e-06
2864601_0.496,member,varied,all,1000,64,2.663731575012207e-07,4.27357405558974e-07,5.245208740234375e-06
2864601_0.496,member,varied,stable_near_floor,240,32,2.016623814900716e-07,3.0856559528219186e-07,1.1920928955078125e-06
2864601_0.496,member,varied,stable_near_floor,240,64,2.3245811462402343e-07,3.771299125517802e-07,1.7881393432617188e-06
2864601_0.496,member,varied,unstable,760,32,2.8014183044433595e-07,4.442024852151046e-07,4.291534423828125e-06
2864601_0.496,member,varied,unstable,760,64,2.7708317104138826e-07,4.420345888171716e-07,5.245208740234375e-06
2864601_0.496,member,fixed,all,1000,32,2.0939111709594726e-07,3.4455918650425843e-07,4.172325134277344e-06
2864601_0.496,member,fixed,all,1000,64,2.1207332611083983e-07,3.3754337155265257e-07,3.2186508178710938e-06
2864601_0.496,member,fixed,stable_near_floor,23,32,1.6585640285326086e-07,2.812232134912436e-07,9.5367431640625e-07
2864601_0.496,member,fixed,stable_near_floor,23,64,1.6067339026409647e-07,2.4732258611015963e-07,7.152557373046875e-07
2864601_0.496,member,fixed,unstable,977,32,2.1041598754383036e-07,3.4591051966672074e-07,4.172325134277344e-06
2864601_0.496,member,fixed,unstable,977,64,2.1328335530682255e-07,3.3937846294042674e-07,3.2186508178710938e-06
2864601_0.261,member,varied,all,1000,32,1.6605854034423828e-07,2.4443446234612107e-07,9.5367431640625e-07
2864601_0.261,member,varied,all,1000,64,1.5752017498016357e-07,2.3284512713206996e-07,1.0728836059570312e-06
2864601_0.261,member,varied,stable_near_floor,240,32,1.734122633934021e-07,2.547346859612543e-07,9.5367431640625e-07
2864601_0.261,member,varied,stable_near_floor,240,64,1.524264613787333e-07,2.332896436899397e-07,9.5367431640625e-07
2864601_0.261,member,varied,unstable,760,32,1.637363120129234e-07,2.4109035193975447e-07,9.5367431640625e-07
2864601_0.261,member,varied,unstable,760,64,1.5912871611745734e-07,2.3270457707154336e-07,1.0728836059570312e-06
2864601_0.261,member,fixed,all,1000,32,1.4048814773559572e-07,2.1742116760083323e-07,1.1920928955078125e-06
2864601_0.261,member,fixed,all,1000,64,1.3877451419830323e-07,2.2041683602257287e-07,1.5497207641601562e-06
2864601_0.261,member,fixed,stable_near_floor,23,32,1.2439230213994565e-07,2.0193804594514842e-07,5.960464477539062e-07
2864601_0.261,member,fixed,stable_near_floor,23,64,1.814054406207541e-07,2.951588013877837e-07,1.0728836059570312e-06
2864601_0.261,member,fixed,unstable,977,32,1.4086706733508387e-07,2.1777240076748728e-07,1.1920928955078125e-06
2864601_0.261,member,fixed,unstable,977,64,1.3777092022929978e-07,2.1834928092955733e-07,1.5497207641601562e-06
2864601_0.252,member,varied,all,1000,32,3.011971712112427e-07,4.374945145309308e-07,3.0994415283203125e-06
2864601_0.252,member,varied,all,1000,64,2.9651075601577757e-07,4.2826239285585436e-07,2.6226043701171875e-06
2864601_0.252,member,varied,stable_near_floor,240,32,3.1702220439910887e-07,4.730541761646989e-07,3.0994415283203125e-06
2864601_0.252,member,varied,stable_near_floor,240,64,2.664824326833089e-07,3.980032928928068e-07,1.6689300537109375e-06
2864601_0.252,member,varied,unstable,760,32,2.9619979230981125e-07,4.2564840535199316e-07,2.6226043701171875e-06
2864601_0.252,member,varied,unstable,760,64,3.059933844365572e-07,4.3738319953322214e-07,2.6226043701171875e-06
2864601_0.252,member,fixed,all,1000,32,2.1492689847946168e-07,3.0741704079216405e-07,1.7881393432617188e-06
2864601_0.252,member,fixed,all,1000,64,2.1186470985412598e-07,3.0577476870226687e-07,3.0994415283203125e-06
2864601_0.252,member,fixed,stable_near_floor,23,32,1.9695447838824728e-07,2.877389012581786e-07,7.152557373046875e-07
2864601_0.252,member,fixed,stable_near_floor,23,64,1.9177146579908289e-07,2.7790808923253827e-07,7.152557373046875e-07
2864601_0.252,member,fixed,unstable,977,32,2.1534999537004298e-07,3.0786513955479786e-07,1.7881393432617188e-06
2864601_0.252,member,fixed,unstable,977,64,2.1233773402328257e-07,3.0640025791550897e-07,3.0994415283203125e-06
2864601_0.208,member,varied,all,1000,32,2.802684903144836e-07,4.1824210955400406e-07,2.9802322387695312e-06
2864601_0.208,member,varied,all,1000,64,2.8853118419647216e-07,4.293083761439649e-07,2.7567148208618164e-06
2864601_0.208,member,varied,stable_near_floor,240,32,2.8312206268310547e-07,4.3423528012166006e-07,2.6226043701171875e-06
2864601_0.208,member,varied,stable_near_floor,240,64,2.7865171432495116e-07,4.240246668469049e-07,1.9073486328125e-06
2864601_0.208,member,varied,unstable,760,32,2.7936736219807675e-07,4.1306300552225994e-07,2.9802322387695312e-06
2864601_0.208,member,varied,unstable,760,64,2.916510167874788e-07,4.309634577936931e-07,2.7567148208618164e-06
2864601_0.208,member,fixed,all,1000,32,1.9299983978271484e-07,2.746636099167293e-07,1.1920928955078125e-06
2864601_0.208,member,fixed,all,1000,64,1.945197582244873e-07,2.8067870893422146e-07,1.3113021850585938e-06
2864601_0.208,member,fixed,stable_near_floor,23,32,2.539676168690557e-07,3.3808978241009157e-07,9.5367431640625e-07
2864601_0.208,member,fixed,stable_near_floor,23,64,1.6067339026409647e-07,2.2916888122386668e-07,4.76837158203125e-07
2864601_0.208,member,fixed,unstable,977,32,1.915645696977754e-07,2.729929841333952e-07,1.1920928955078125e-06
2864601_0.208,member,fixed,unstable,977,64,1.9531655091956304e-07,2.817779038560765e-07,1.3113021850585938e-06
2864601_0.230,member,varied,all,1000,32,2.8990209102630613e-07,4.3823831198698545e-07,2.384185791015625e-06
2864601_0.230,member,varied,all,1000,64,2.9134750366210937e-07,4.277126478205137e-07,2.5033950805664062e-06
2864601_0.230,member,varied,stable_near_floor,240,32,2.2904326518376669e-07,3.5629177063397667e-07,2.0265579223632812e-06
2864601_0.230,member,varied,stable_near_floor,240,64,2.425784866015116e-07,3.6898682285286586e-07,1.430511474609375e-06
2864601_0.230,member,varied,unstable,760,32,3.091206676081607e-07,4.6110037138869716e-07,2.384185791015625e-06
2864601_0.230,member,varied,unstable,760,64,3.067482458917718e-07,4.4464918608331624e-07,2.5033950805664062e-06
2864601_0.230,member,fixed,all,1000,32,2.2573769092559813e-07,3.3629283132924727e-07,2.7418136596679688e-06
2864601_0.230,member,fixed,all,1000,64,2.2380053997039795e-07,3.4976456801517367e-07,4.5299530029296875e-06
2864601_0.230,member,fixed,stable_near_floor,23,32,1.2957531472911005e-07,2.951588013877837e-07,1.3113021850585938e-06
2864601_0.230,member,fixed,stable_near_floor,23,64,1.1920928955078125e-07,2.371192856186965e-07,9.5367431640625e-07
2864601_0.230,member,fixed,unstable,977,32,2.2800149302643666e-07,3.372007379212791e-07,2.7418136596679688e-06
2864601_0.230,member,fixed,unstable,977,64,2.26262770021218e-07,3.519823452987433e-07,4.5299530029296875e-06
2864601_0.452,member,varied,all,1000,32,2.3722648620605469e-07,3.463229905684936e-07,1.8924474716186523e-06
2864601_0.452,member,varied,all,1000,64,2.408847212791443e-07,3.542267262303435e-07,2.2351741790771484e-06
2864601_0.452,member,varied,stable_near_floor,240,32,1.881892482439677e-07,2.838416976758102e-07,1.430511474609375e-06
2864601_0.452,member,varied,stable_near_floor,240,64,2.002653976281484e-07,2.922177011472776e-07,1.3113021850585938e-06
2864601_0.452,member,varied,unstable,760,32,2.5271192977302953e-07,3.638314885298229e-07,1.8924474716186523e-06
2864601_0.452,member,varied,unstable,760,64,2.537118761163009e-07,3.716653298058313e-07,2.2351741790771484e-06
2864601_0.452,member,fixed,all,1000,32,1.9755959510803221e-07,2.806249090560416e-07,1.2516975402832031e-06
2864601_0.452,member,fixed,all,1000,64,1.905858516693115e-07,2.7982301782080644e-07,1.6689300537109375e-06
2864601_0.452,member,fixed,stable_near_floor,23,32,1.5549037767493207e-07,2.409961521638512e-07,7.152557373046875e-07
2864601_0.452,member,fixed,stable_near_floor,23,64,2.1768652874490488e-07,3.6362444249008806e-07,1.430511474609375e-06
2864601_0.452,member,fixed,unstable,977,32,1.985499656310223e-07,2.8149062069432576e-07,1.2516975402832031e-06
2864601_0.452,member,fixed,unstable,977,64,1.8994786234204575e-07,2.7754553397997857e-07,1.6689300537109375e-06
2864601_0.498,member,varied,all,1000,32,2.946630120277405e-07,4.278263902025484e-07,3.5762786865234375e-06
2864601_0.498,member,varied,all,1000,64,2.958774566650391e-07,4.2292635201619844e-07,2.2649765014648438e-06
2864601_0.498,member,varied,stable_near_floor,240,32,3.1404197216033934e-07,4.671658607362035e-07,3.5762786865234375e-06
2864601_0.498,member,varied,stable_near_floor,240,64,3.0497709910074867e-07,4.244085101823306e-07,1.6689300537109375e-06
2864601_0.498,member,varied,unstable,760,32,2.8854334040691977e-07,4.1462867694887983e-07,2.86102294921875e-06
2864601_0.498,member,varied,unstable,760,64,2.930038853695518e-07,4.2245722173045757e-07,2.2649765014648438e-06
2864601_0.498,member,fixed,all,1000,32,2.2970885038375854e-07,3.2470216640216543e-07,2.682209014892578e-06
2864601_0.498,member,fixed,all,1000,64,2.3150444030761718e-07,3.2421036883145953e-07,2.086162567138672e-06
2864601_0.498,member,fixed,stable_near_floor,23,32,2.280525539232337e-07,3.602100528612148e-07,1.3113021850585938e-06
2864601_0.498,member,fixed,stable_near_floor,23,64,1.5549037767493207e-07,2.3051299175943588e-07,7.152557373046875e-07
2864601_0.498,member,fixed,unstable,977,32,2.2974784200974838e-07,3.2381935361068596e-07,2.682209014892578e-06
2864601_0.498,member,fixed,unstable,977,64,2.332939218230233e-07,3.2609194525126183e-07,2.086162567138672e-06
2864601_0.271,member,varied,all,1000,32,3.056973218917847e-07,4.326105056205837e-07,3.5762786865234375e-06
2864601_0.271,member,varied,all,1000,64,2.9146671295166014e-07,4.0949898401218677e-07,2.205371856689453e-06
2864601_0.271,member,varied,stable_near_floor,240,32,2.421438694000244e-07,3.3986409560587786e-07,1.6689300537109375e-06
2864601_0.271,member,varied,stable_near_floor,240,64,2.5480985641479494e-07,3.5191146280495155e-07,1.7285346984863281e-06
2864601_0.271,member,varied,unstable,760,32,3.257668332049721e-07,4.5801348052100984e-07,3.5762786865234375e-06
2864601_0.271,member,varied,unstable,760,64,3.0304256238435446e-07,4.2607050205794057e-07,2.205371856689453e-06
2864601_0.271,member,fixed,all,1000,32,2.352595329284668e-07,3.322257247958601e-07,1.430511474609375e-06
2864601_0.271,member,fixed,all,1000,64,2.2041797637939453e-07,3.202273061824954e-07,2.1457672119140625e-06
2864601_0.271,member,fixed,stable_near_floor,23,32,2.591506294582201e-07,4.2183482023686543e-07,1.430511474609375e-06
2864601_0.271,member,fixed,stable_near_floor,23,64,2.0213749097741168e-07,4.889918988740875e-07,2.1457672119140625e-06
2864601_0.271,member,fixed,unstable,977,32,2.3469710179214711e-07,3.2982301332826666e-07,1.430511474609375e-06
2864601_0.271,member,fixed,unstable,977,64,2.2084832557514234e-07,3.1516746186355817e-07,1.9073486328125e-06
2864601_0.450,member,varied,all,1000,32,3.061890602111816e-07,4.543441998637858e-07,3.337860107421875e-06
2864601_0.450,member,varied,all,1000,64,3.188848495483398e-07,4.932856058426645e-07,2.86102294921875e-06
2864601_0.450,member,varied,stable_near_floor,240,32,3.196299076080322e-07,4.7405057025363167e-07,2.0265579223632812e-06
2864601_0.450,member,varied,stable_near_floor,240,64,3.3229589462280274e-07,5.620457792208845e-07,2.86102294921875e-06
2864601_0.450,member,varied,unstable,760,32,3.019445820858604e-07,4.479410581409258e-07,3.337860107421875e-06
2864601_0.450,member,varied,unstable,760,64,3.1464978268271997e-07,4.694842901720683e-07,2.6226043701171875e-06
2864601_0.450,member,fixed,all,1000,32,2.1672248840332032e-07,3.057898363680997e-07,1.430511474609375e-06
2864601_0.450,member,fixed,all,1000,64,2.2792816162109374e-07,3.105396272577154e-07,1.430511474609375e-06
2864601_0.450,member,fixed,stable_near_floor,23,32,2.9024870499320654e-07,3.7202334289812753e-07,7.152557373046875e-07
2864601_0.450,member,fixed,stable_near_floor,23,64,1.9695447838824728e-07,2.855835233347501e-07,7.152557373046875e-07
2864601_0.450,member,fixed,unstable,977,32,2.1499157439966894e-07,3.0405682913347987e-07,1.430511474609375e-06
2864601_0.450,member,fixed,unstable,977,64,2.2865732714244019e-07,3.1110301221914605e-07,1.430511474609375e-06
2864601_0.46,member,varied,all,1000,32,3.222823143005371e-07,4.774365532146852e-07,2.86102294921875e-06
2864601_0.46,member,varied,all,1000,64,3.184080123901367e-07,4.5316780720764373e-07,2.7418136596679688e-06
2864601_0.46,member,varied,stable_near_floor,240,32,4.147489865620931e-07,5.87491390486251e-07,2.86102294921875e-06
2864601_0.46,member,varied,stable_near_floor,240,64,3.769993782043457e-07,5.245547392056418e-07,2.1457672119140625e-06
2864601_0.46,member,varied,unstable,760,32,2.9308231253372996e-07,4.3696108192746303e-07,2.86102294921875e-06
2864601_0.46,member,varied,unstable,760,64,2.999054758172286e-07,4.2815887918634344e-07,2.7418136596679688e-06
2864601_0.46,member,fixed,all,1000,32,2.033710479736328e-07,2.86114712286735e-07,1.430511474609375e-06
2864601_0.46,member,fixed,all,1000,64,2.0647048950195312e-07,3.0058711595684594e-07,1.9073486328125e-06
2864601_0.46,member,fixed,stable_near_floor,23,32,2.228695413340693e-07,3.2694088454682225e-07,9.5367431640625e-07
2864601_0.46,member,fixed,stable_near_floor,23,64,2.7988267981487774e-07,4.06924256581649e-07,1.1920928955078125e-06
2864601_0.46,member,fixed,unstable,977,32,2.0291202510025508e-07,2.85083174347416e-07,1.430511474609375e-06
2864601_0.46,member,fixed,unstable,977,64,2.0474225984259053e-07,2.9762640883842195e-07,1.9073486328125e-06
2864601_0.308,member,varied,all,1000,32,2.3712217807769776e-07,3.596718684622666e-07,2.384185791015625e-06
2864601_0.308,member,varied,all,1000,64,2.3521482944488526e-07,3.521472603941942e-07,1.9073486328125e-06
2864601_0.308,member,varied,stable_near_floor,240,32,2.3109217484792073e-07,3.5443156636554887e-07,2.384185791015625e-06
2864601_0.308,member,varied,stable_near_floor,240,64,2.2351741790771484e-07,3.3056852779785123e-07,1.5497207641601562e-06
2864601_0.308,member,varied,unstable,760,32,2.390263896239431e-07,3.6131091092098095e-07,2.1457672119140625e-06
2864601_0.308,member,varied,unstable,760,64,2.389087488776759e-07,3.586919962759266e-07,1.9073486328125e-06
2864601_0.308,member,fixed,all,1000,32,1.880526542663574e-07,3.040413883555645e-07,4.0531158447265625e-06
2864601_0.308,member,fixed,all,1000,64,1.7674267292022706e-07,3.745249091852452e-07,8.493661880493164e-06
2864601_0.308,member,fixed,stable_near_floor,23,32,1.5549037767493207e-07,2.079673709842317e-07,4.76837158203125e-07
2864601_0.308,member,fixed,stable_near_floor,23,64,1.9177146579908289e-07,3.0341658495304685e-07,9.5367431640625e-07
2864601_0.308,member,fixed,unstable,977,32,1.8881921758427225e-07,3.0593984263458455e-07,4.0531158447265625e-06
2864601_0.308,member,fixed,unstable,977,64,1.7638887329257743e-07,3.760369358473237e-07,8.493661880493164e-06
2864601_0.163,member,varied,all,1000,32,2.707839012145996e-07,4.0484894616958274e-07,2.2649765014648438e-06
2864601_0.163,member,varied,all,1000,64,2.733767032623291e-07,4.212223810281513e-07,3.4570693969726562e-06
2864601_0.163,member,varied,stable_near_floor,240,32,2.8113524119059245e-07,4.3194522804595604e-07,2.2649765014648438e-06
2864601_0.163,member,varied,stable_near_floor,240,64,2.572933832804362e-07,4.382394097824731e-07,3.4570693969726562e-06
2864601_0.163,member,varied,unstable,760,32,2.675150570116545e-07,3.959071296054101e-07,2.2649765014648438e-06
2864601_0.163,member,varied,unstable,760,64,2.784556464145058e-07,4.157038846948051e-07,2.9802322387695312e-06
2864601_0.163,member,fixed,all,1000,32,1.9110739231109618e-07,2.915198068344105e-07,2.9802322387695312e-06
2864601_0.163,member,fixed,all,1000,64,1.9209086894989014e-07,3.2061641211302403e-07,3.6954879760742188e-06
2864601_0.163,member,fixed,stable_near_floor,23,32,3.0061473017153534e-07,3.686867432755748e-07,7.152557373046875e-07
2864601_0.163,member,fixed,stable_near_floor,23,64,2.332355665123981e-07,3.0341658495304685e-07,7.152557373046875e-07
2864601_0.163,member,fixed,unstable,977,32,1.885294304167358e-07,2.894554406788992e-07,2.9802322387695312e-06
2864601_0.163,member,fixed,unstable,977,64,1.9112226296837768e-07,3.210102182943707e-07,3.6954879760742188e-06
2864601_0.246,member,varied,all,1000,32,2.2061169147491455e-07,3.4180126206246e-07,2.384185791015625e-06
2864601_0.246,member,varied,all,1000,64,2.3809075355529785e-07,3.706826707842004e-07,2.384185791015625e-06
2864601_0.246,member,varied,stable_near_floor,240,32,1.2218952178955077e-07,2.2376563277365576e-07,1.3113021850585938e-06
2864601_0.246,member,varied,stable_near_floor,240,64,1.4180938402811687e-07,2.636424905594044e-07,1.430511474609375e-06
2864601_0.246,member,varied,unstable,760,32,2.5169237663871365e-07,3.713613801182782e-07,2.384185791015625e-06
2864601_0.246,member,varied,unstable,760,64,2.684953965638813e-07,3.9855640052058026e-07,2.384185791015625e-06
2864601_0.246,member,fixed,all,1000,32,1.80661678314209e-07,2.637025619746642e-07,1.6689300537109375e-06
2864601_0.246,member,fixed,all,1000,64,1.8915534019470216e-07,2.6719406721316953e-07,1.1920928955078125e-06
2864601_0.246,member,fixed,stable_near_floor,23,32,1.0884326437245244e-07,1.5916153174674083e-07,4.76837158203125e-07
2864601_0.246,member,fixed,stable_near_floor,23,64,1.1920928955078125e-07,1.7751345208980424e-07,4.76837158203125e-07
2864601_0.246,member,fixed,unstable,977,32,1.823523881613537e-07,2.65668458679676e-07,1.6689300537109375e-06
2864601_0.246,member,fixed,unstable,977,64,1.9080197188846897e-07,2.689452386936952e-07,1.1920928955078125e-06
2864601_0.438,member,varied,all,1000,32,2.7707219123840334e-07,4.110619753091499e-07,2.86102294921875e-06
2864601_0.438,member,varied,all,1000,64,2.836883068084717e-07,4.2186395311358663e-07,3.5762786865234375e-06
2864601_0.438,member,varied,stable_near_floor,240,32,2.2935370604197185e-07,3.3858223340774727e-07,1.519918441772461e-06
2864601_0.438,member,varied,stable_near_floor,240,64,2.1606683731079102e-07,3.0182362384993906e-07,1.1920928955078125e-06
2864601_0.438,member,varied,unstable,760,32,2.921411865635922e-07,4.314279299422128e-07,2.86102294921875e-06
2864601_0.438,member,varied,unstable,760,64,3.0504245507089713e-07,4.5321337335288353e-07,3.5762786865234375e-06
2864601_0.438,member,fixed,all,1000,32,2.1925568580627442e-07,3.8812362072212196e-07,5.4836273193359375e-06
2864601_0.438,member,fixed,all,1000,64,2.2242963314056396e-07,3.9107614234836396e-07,6.4373016357421875e-06
2864601_0.438,member,fixed,stable_near_floor,23,32,1.9177146579908289e-07,3.250455591010043e-07,1.3113021850585938e-06
2864601_0.438,member,fixed,stable_near_floor,23,64,1.3475832731827445e-07,2.1382675320932419e-07,7.152557373046875e-07
2864601_0.438,member,fixed,unstable,977,32,2.1990270429160236e-07,3.8948551321092434e-07,5.4836273193359375e-06
2864601_0.438,member,fixed,unstable,977,64,2.2449354310362708e-07,3.9429003590072704e-07,6.4373016357421875e-06
2864601_0.362,member,varied,all,1000,32,2.922564744949341e-07,4.4088630476715474e-07,3.0100345611572266e-06
2864601_0.362,member,varied,all,1000,64,2.900660037994385e-07,4.3193271913678867e-07,2.7418136596679688e-06
2864601_0.362,member,varied,stable_near_floor,240,32,2.572933832804362e-07,3.71514369064508e-07,1.5497207641601562e-06
2864601_0.362,member,varied,stable_near_floor,240,64,2.3283064365386963e-07,3.469816789598082e-07,1.9073486328125e-06
2864601_0.362,member,varied,unstable,760,32,3.032974506679334e-07,4.6062776299264246e-07,3.0100345611572266e-06
2864601_0.362,member,varied,unstable,760,64,3.081403280559339e-07,4.554794543474228e-07,2.7418136596679688e-06
2864601_0.362,member,fixed,all,1000,32,2.0228326320648192e-07,2.8500004685017346e-07,1.9073486328125e-06
2864601_0.362,member,fixed,all,1000,64,1.9851326942443846e-07,2.822674854063419e-07,1.9073486328125e-06
2864601_0.362,member,fixed,stable_near_floor,23,32,1.3994133990743887e-07,1.7399798612588924e-07,3.5762786865234375e-07
2864601_0.362,member,fixed,stable_near_floor,23,64,1.7622242803158966e-07,2.1382675320932419e-07,4.76837158203125e-07
2864601_0.362,member,fixed,unstable,977,32,2.0375088269049216e-07,2.8709659932230495e-07,1.9073486328125e-06
2864601_0.362,member,fixed,unstable,977,64,1.9903802822897842e-07,2.83679815164789e-07,1.9073486328125e-06
2864601_0.136,member,varied,all,1000,32,2.522915601730347e-07,3.7638663689459556e-07,2.384185791015625e-06
2864601_0.136,member,varied,all,1000,64,2.6379525661468505e-07,4.1208190714502586e-07,3.814697265625e-06
2864601_0.136,member,varied,stable_near_floor,240,32,2.479801575342814e-07,3.6557481718652466e-07,1.1920928955078125e-06
2864601_0.136,member,varied,stable_near_floor,240,64,2.8697152932484944e-07,4.1435321800542305e-07,1.430511474609375e-06
2864601_0.136,member,varied,unstable,760,32,2.536530557431673e-07,3.797369469746433e-07,2.384185791015625e-06
2864601_0.136,member,varied,unstable,760,64,2.5647643365358053e-07,4.1136204564057333e-07,3.814697265625e-06
2864601_0.136,member,fixed,all,1000,32,1.6611814498901367e-07,2.479143048596406e-07,1.7881393432617188e-06
2864601_0.136,member,fixed,all,1000,64,1.7009675502777098e-07,2.4952082295304335e-07,1.1920928955078125e-06
2864601_0.136,member,fixed,stable_near_floor,23,32,2.1768652874490488e-07,3.02396694386831e-07,9.5367431640625e-07
2864601_0.136,member,fixed,stable_near_floor,23,64,1.3475832731827445e-07,1.925403721540566e-07,4.76837158203125e-07
2864601_0.136,member,fixed,unstable,977,32,1.6490415028442257e-07,2.4648666620815904e-07,1.7881393432617188e-06
2864601_0.136,member,fixed,unstable,977,64,1.7092867297794338e-07,2.5070624869832985e-07,1.1920928955078125e-06
2864601_0.250,member,varied,all,1000,32,2.43455171585083e-07,3.587276218736049e-07,1.9073486328125e-06
2864601_0.250,member,varied,all,1000,64,2.467334270477295e-07,3.657887565146922e-07,2.0265579223632812e-06
2864601_0.250,member,varied,stable_near_floor,240,32,2.449999252955119e-07,3.5973781632422757e-07,1.1920928955078125e-06
2864601_0.250,member,varied,stable_near_floor,240,64,2.4065375328063963e-07,3.609445541857457e-07,1.5497207641601562e-06
2864601_0.250,member,varied,unstable,760,32,2.429673546238949e-07,3.584080215572425e-07,1.9073486328125e-06
2864601_0.250,member,varied,unstable,760,64,2.486533240268105e-07,3.673052317850014e-07,2.0265579223632812e-06
2864601_0.250,member,fixed,all,1000,32,1.7282366752624513e-07,2.4812558837726394e-07,1.1920928955078125e-06
2864601_0.250,member,fixed,all,1000,64,1.7009675502777098e-07,2.559779224455929e-07,1.9073486328125e-06
2864601_0.250,member,fixed,stable_near_floor,23,32,1.9177146579908289e-07,2.618832193594348e-07,5.960464477539062e-07
2864601_0.250,member,fixed,stable_near_floor,23,64,2.539676168690557e-07,3.399123820443691e-07,7.152557373046875e-07
2864601_0.250,member,fixed,unstable,977,32,1.723776088156256e-07,2.4779251137623443e-07,1.1920928955078125e-06
2864601_0.250,member,fixed,unstable,977,64,1.6812231303969572e-07,2.5366760491807234e-07,1.9073486328125e-06
2864601_0.247,member,varied,all,1000,32,2.4785101413726805e-07,3.99327627734719e-07,4.827976226806641e-06
2864601_0.247,member,varied,all,1000,64,2.3466348648071288e-07,3.6554237127269956e-07,2.5033950805664062e-06
2864601_0.247,member,varied,stable_near_floor,240,32,2.5232632954915365e-07,3.817238153935858e-07,1.7881393432617188e-06
2864601_0.247,member,varied,stable_near_floor,240,64,2.0849208037058513e-07,2.953351004502643e-07,1.1920928955078125e-06
2864601_0.247,member,varied,unstable,760,32,2.4643775663877787e-07,4.047276816364918e-07,4.827976226806641e-06
2864601_0.247,member,varied,unstable,760,64,2.429281410418059e-07,3.8506279054227647e-07,2.5033950805664062e-06
2864601_0.247,member,fixed,all,1000,32,1.8106773495674132e-07,2.6652823685591186e-07,1.6689300537109375e-06
2864601_0.247,member,fixed,all,1000,64,1.8128007650375366e-07,2.6333317980200214e-07,2.1457672119140625e-06
2864601_0.247,member,fixed,stable_near_floor,23,32,2.280525539232337e-07,2.7901750717359567e-07,5.960464477539062e-07
2864601_0.247,member,fixed,stable_near_floor,23,64,1.4512435249660327e-07,2.079673709842317e-07,4.76837158203125e-07
2864601_0.247,member,fixed,unstable,977,32,1.7996164402917805e-07,2.662271625803883e-07,1.6689300537109375e-06
2864601_0.247,member,fixed,unstable,977,64,1.8213123479665485e-07,2.6449698064106314e-07,2.1457672119140625e-06
2864601_0.382,member,varied,all,1000,32,2.917945384979248e-07,4.7582140037514997e-07,3.814697265625e-06
2864601_0.382,member,varied,all,1000,64,3.0033290386199953e-07,5.253040818976645e-07,4.76837158203125e-06
2864601_0.382,member,varied,stable_near_floor,240,32,2.2376577059427898e-07,3.722905349242773e-07,2.205371856689453e-06
2864601_0.382,member,varied,stable_near_floor,240,64,2.551823854446411e-07,4.811983112597529e-07,3.2186508178710938e-06
2864601_0.382,member,varied,unstable,760,32,3.1327730730960244e-07,5.041171893836316e-07,3.814697265625e-06
2864601_0.382,member,varied,unstable,760,64,3.1459096230958637e-07,5.384822028483234e-07,4.76837158203125e-06
2864601_0.382,member,fixed,all,1000,32,1.913011074066162e-07,2.9469961356458826e-07,2.2649765014648438e-06
2864601_0.382,member,fixed,all,1000,64,1.780092716217041e-07,2.752910385910568e-07,2.115964889526367e-06
2864601_0.382,member,fixed,stable_near_floor,23,32,1.6585640285326086e-07,2.534911790233588e-07,4.76837158203125e-07
2864601_0.382,member,fixed,stable_near_floor,23,64,1.0884326437245244e-07,1.7399798612588924e-07,4.76837158203125e-07
2864601_0.382,member,fixed,unstable,977,32,1.9190011273387022e-07,2.956005170069852e-07,2.2649765014648438e-06
2864601_0.382,member,fixed,unstable,977,64,1.796375399602228e-07,2.7723009234540205e-07,2.115964889526367e-06
2864601_0.307,member,varied,all,1000,32,2.524480223655701e-07,3.7405157387973523e-07,2.1457672119140625e-06
2864601_0.307,member,varied,all,1000,64,2.486482262611389e-07,3.648826289258363e-07,1.9073486328125e-06
2864601_0.307,member,varied,stable_near_floor,240,32,2.853572368621826e-07,3.92384669750255e-07,1.430511474609375e-06
2864601_0.307,member,varied,stable_near_floor,240,64,2.912245690822601e-07,4.2654628142831865e-07,1.9073486328125e-06
2864601_0.307,member,varied,unstable,760,32,2.42055638840324e-07,3.6807251314449434e-07,2.1457672119140625e-06
2864601_0.307,member,varied,unstable,760,64,2.3520306537025853e-07,3.4311521320287097e-07,1.430511474609375e-06
2864601_0.307,member,fixed,all,1000,32,1.871734857559204e-07,2.869744684902296e-07,3.606081008911133e-06
2864601_0.307,member,fixed,all,1000,64,1.7520785331726073e-07,2.5683049391896467e-07,1.8477439880371094e-06
2864601_0.307,member,fixed,stable_near_floor,23,32,1.2957531472911005e-07,1.6299729962469586e-07,3.5762786865234375e-07
2864601_0.307,member,fixed,stable_near_floor,23,64,1.1920928955078125e-07,1.6674485353952295e-07,4.76837158203125e-07
2864601_0.307,member,fixed,unstable,977,32,1.885294304167358e-07,2.8925358148825594e-07,3.606081008911133e-06
2864601_0.307,member,fixed,unstable,977,64,1.7652614089825259e-07,2.585733913513113e-07,1.8477439880371094e-06
2864601_0.339,member,varied,all,1000,32,2.427995204925537e-07,3.8045264700417075e-07,2.6226043701171875e-06
2864601_0.339,member,varied,all,1000,64,2.404749393463135e-07,3.819874234584629e-07,4.291534423828125e-06
2864601_0.339,member,varied,stable_near_floor,240,32,2.4071584145228066e-07,4.001373368113292e-07,2.6226043701171875e-06
2864601_0.339,member,varied,stable_near_floor,240,64,2.1178275346755982e-07,4.1092389288590817e-07,4.291534423828125e-06
2864601_0.339,member,varied,unstable,760,32,2.4345752440000835e-07,3.7402125505667424e-07,1.9073486328125e-06
2864601_0.339,member,varied,unstable,760,64,2.4953562962381464e-07,3.7238273445926436e-07,2.2649765014648438e-06
2864601_0.339,member,fixed,all,1000,32,1.530498266220093e-07,2.651699211566323e-07,3.933906555175781e-06
2864601_0.339,member,fixed,all,1000,64,1.551210880279541e-07,2.7078489178084426e-07,3.814697265625e-06
2864601_0.339,member,fixed,stable_near_floor,23,32,8.811121401579483e-08,1.6299729962469586e-07,4.76837158203125e-07
2864601_0.339,member,fixed,stable_near_floor,23,64,1.3475832731827445e-07,2.6771652325640466e-07,8.344650268554688e-07
2864601_0.339,member,fixed,unstable,977,32,1.5457857594641351e-07,2.6710476274665273e-07,3.933906555175781e-06
2864601_0.339,member,fixed,unstable,977,64,1.5560045701088412e-07,2.708567068576007e-07,3.814697265625e-06
2864601_0.426,member,varied,all,1000,32,2.936422824859619e-07,4.359571486928167e-07,2.3245811462402344e-06
2864601_0.426,member,varied,all,1000,64,3.154575824737549e-07,4.838533470694776e-07,3.814697265625e-06
2864601_0.426,member,varied,stable_near_floor,240,32,3.402431805928548e-07,4.963674985580892e-07,1.9073486328125e-06
2864601_0.426,member,varied,stable_near_floor,240,64,3.779927889506022e-07,5.569659918288821e-07,2.1457672119140625e-06
2864601_0.426,member,varied,unstable,760,32,2.789262093995747e-07,4.150574928888501e-07,2.3245811462402344e-06
2864601_0.426,member,varied,unstable,760,64,2.9570962253369783e-07,4.5834857112732936e-07,3.814697265625e-06
2864601_0.426,member,fixed,all,1000,32,2.009272575378418e-07,2.9335538761301884e-07,1.6093254089355469e-06
2864601_0.426,member,fixed,all,1000,64,1.991391181945801e-07,2.8431478036455966e-07,1.6689300537109375e-06
2864601_0.426,member,fixed,stable_near_floor,23,32,2.280525539232337e-07,3.1441711110867833e-07,7.152557373046875e-07
2864601_0.426,member,fixed,stable_near_floor,23,64,3.0061473017153534e-07,3.882764899280391e-07,9.5367431640625e-07
2864601_0.426,member,fixed,unstable,977,32,2.0028868863624097e-07,2.9284131454379554e-07,1.6093254089355469e-06
2864601_0.426,member,fixed,unstable,977,64,1.9675023480105914e-07,2.814050246620603e-07,1.6689300537109375e-06
2864601_0.379,member,varied,all,1000,32,3.306865692138672e-07,4.459860539175574e-07,1.7881393432617188e-06
2864601_0.379,member,varied,all,1000,64,3.375932574272156e-07,4.676512280362846e-07,2.384185791015625e-06
2864601_0.379,member,varied,stable_near_floor,240,32,2.5990108648935953e-07,3.601901746498374e-07,1.430511474609375e-06
2864601_0.379,member,varied,stable_near_floor,240,64,2.4822851022084557e-07,3.438747655074815e-07,1.3113021850585938e-06
2864601_0.379,member,varied,unstable,760,32,3.5303987954792224e-07,4.6983576277910123e-07,1.7881393432617188e-06
2864601_0.379,member,varied,unstable,760,64,3.658137039134377e-07,5.004178596553702e-07,2.384185791015625e-06
2864601_0.379,member,fixed,all,1000,32,2.5887787342071535e-07,3.6481408600076037e-07,3.2186508178710938e-06
2864601_0.379,member,fixed,all,1000,64,2.648979425430298e-07,3.4892302722090386e-07,1.6689300537109375e-06
2864601_0.379,member,fixed,stable_near_floor,23,32,1.814054406207541e-07,2.3971083018773904e-07,4.76837158203125e-07
2864601_0.379,member,fixed,stable_near_floor,23,64,1.7103941544242526e-07,2.595131867267784e-07,8.344650268554688e-07
2864601_0.379,member,fixed,unstable,977,32,2.607016870894964e-07,3.6724611803799627e-07,3.2186508178710938e-06
2864601_0.379,member,fixed,unstable,977,64,2.6710750868767045e-07,3.5075338678754046e-07,1.6689300537109375e-06
ensemble_mean,ensemble,varied,all,1000,32,9.887991473078727e-08,1.6800828027122912e-07,9.5367431640625e-07
ensemble_mean,ensemble,varied,all,1000,64,1.0851956903934479e-07,1.7999923202360135e-07,9.5367431640625e-07
ensemble_mean,ensemble,varied,stable_near_floor,240,32,1.1352628159026304e-07,1.7148774064138898e-07,7.152557373046875e-07
ensemble_mean,ensemble,varied,stable_near_floor,240,64,1.1532489831248919e-07,1.7235810573471055e-07,4.76837158203125e-07
ensemble_mean,ensemble,varied,unstable,760,32,9.425474624884756e-08,1.6689443320328465e-07,9.5367431640625e-07
ensemble_mean,ensemble,varied,unstable,760,64,1.0637051768993077e-07,1.8234570818155316e-07,9.5367431640625e-07
ensemble_mean,ensemble,fixed,all,1000,32,9.210710413753986e-08,1.6156242025637066e-07,7.152557373046875e-07
ensemble_mean,ensemble,fixed,all,1000,64,9.612285066395998e-08,1.680156839808516e-07,7.152557373046875e-07
ensemble_mean,ensemble,fixed,stable_near_floor,23,32,1.1402627696161685e-07,1.6488172407343975e-07,3.5762786865234375e-07
ensemble_mean,ensemble,fixed,stable_near_floor,23,64,7.256217624830164e-08,1.4493912670000286e-07,4.76837158203125e-07
ensemble_mean,ensemble,fixed,unstable,977,32,9.159109495130264e-08,1.6148345701680877e-07,7.152557373046875e-07
ensemble_mean,ensemble,fixed,unstable,977,64,9.667750318346883e-08,1.6852087273639656e-07,7.152557373046875e-07
ensemble_spread,ensemble,varied,all,1000,32,3.241188824176788e-08,4.5887351073079735e-08,2.384185791015625e-07
ensemble_spread,ensemble,varied,all,1000,64,3.061909228563309e-08,4.3365313361021425e-08,2.682209014892578e-07
ensemble_spread,ensemble,varied,stable_near_floor,240,32,2.4121254682540892e-08,3.312485421314681e-08,1.7881393432617188e-07
ensemble_spread,ensemble,varied,stable_near_floor,240,64,2.7664160976807276e-08,3.6416925781524e-08,1.4901161193847656e-07
ensemble_spread,ensemble,varied,unstable,760,32,3.502998304994483e-08,4.9235037220912644e-08,2.384185791015625e-07
ensemble_spread,ensemble,varied,unstable,760,64,3.1552228488420185e-08,4.533884425675499e-08,2.682209014892578e-07
ensemble_spread,ensemble,fixed,all,1000,32,2.3288652300834656e-08,3.1625553540707235e-08,2.980232238769531e-07
ensemble_spread,ensemble,fixed,all,1000,64,2.339482307434082e-08,3.725374116550687e-08,5.662441253662109e-07
ensemble_spread,ensemble,fixed,stable_near_floor,23,32,2.2918633792711342e-08,2.9417694441151426e-08,8.940696716308594e-08
ensemble_spread,ensemble,fixed,stable_near_floor,23,64,2.8425584668698517e-08,3.9157945646367194e-08,1.1175870895385742e-07
ensemble_spread,ensemble,fixed,unstable,977,32,2.3297363074311458e-08,3.167567573967084e-08,2.980232238769531e-07
ensemble_spread,ensemble,fixed,unstable,977,64,2.327639163455553e-08,3.720773934966711e-08,5.662441253662109e-07
