member_id,layer_index,layer_name,concept,estimand,canonical_function,stable_rows,unstable_rows,derivative_rows,derivative_stable_rows,derivative_unstable_rows,counterexample_max_abs_smd,encoded_r2,encoded_r2_stable_or_near_floor,encoded_r2_unstable,permuted_r2,nonzero_fraction,outer_split_unit,inner_split_unit,encoded_column,used_column,validity_tag,direction_source,mean_directional_derivative,mean_directional_derivative_stable_or_near_floor,mean_directional_derivative_unstable,directional_derivative_ci95_lower,directional_derivative_ci95_upper,bootstrap_p_value,tcav_positive_fraction,counterexample_set_sd,counterexample_sign_agreement,counterexample_subset_max_abs_smd,intervention_rms,random_intervention_rms_median,intervention_to_random_ratio,scale_matched_random_rms_median,intervention_to_scale_matched_random_ratio,orthogonal_complement_ablation_rms,perturbation_validity_tag,bootstrap_fdr_q_value,encoded_generalizes_by_equilibrium,tcav_stable_across_counterexamples,tcav_ci_excludes_zero,tcav_fdr_q_le_0_05,direction_intervention_beats_random,counterexample_balance_pass,use_claim_permitted,use_claim_rule
2864601_0.437,0,canonical_atrous_relu_pool_1,log_f_Q,"native max(log Q, -2)",invariant_tilde_f,240,760,96,25,71,0.12826962831676686,0.6662505132647814,0.7874905437723281,0.6036093349852234,-0.00018144667313313434,0.9,equilibrium_files,equilibrium_files,True,True,observed-comparison,mean_of_five_paired_matched_counterexample_CAVs,-0.03344745561480522,0.020027048885822296,-0.052276503294706345,-0.062127931788563726,-0.0037372612336184887,0.027944111776447105,0.3854166567325592,0.04276752216177414,0.8,0.1564237273561944,0.029292363673448563,0.05608180724084377,0.5223149023649019,0.044020142406225204,0.6654309157642825,0.37931182980537415,deliberately_off_manifold_diagnostic,0.03407818509322818,True,True,True,True,False,True,False,encoded_r2>=0.1; gain_over_permutation>=0.1; counterexample_sign_agreement>=0.8; grouped_CI_excludes_0; BH_FDR_q<=0.05_across_complete_member_layer_concept_family; scale_matched_intervention_ratio>1; parent_and_subset_matched_max_abs_SMD<=0.25
2864601_0.437,0,canonical_atrous_relu_pool_1,f_stab,"native max(log Q, -2)",invariant_tilde_f,240,760,96,25,71,0.02292347458380587,0.77704086624156,0.8343065298156546,0.7525828674056144,-0.00024223340875106913,0.8,equilibrium_files,equilibrium_files,True,True,observed-comparison,mean_of_five_paired_matched_counterexample_CAVs,0.16066457331180573,0.17727185785770416,0.15481695532798767,0.07534318082034588,0.27125774323940277,0.003992015968063872,0.6666666865348816,0.023835957655759236,1.0,0.06642991098589622,0.09116122871637344,0.03952181898057461,2.3066050872096793,0.059567954391241074,1.5303736656395552,0.87185138463974,deliberately_off_manifold_diagnostic,0.005544466622310933,True,True,True,True,True,True,True,encoded_r2>=0.1; gain_over_permutation>=0.1; counterexample_sign_agreement>=0.8; grouped_CI_excludes_0; BH_FDR_q<=0.05_across_complete_member_layer_concept_family; scale_matched_intervention_ratio>1; parent_and_subset_matched_max_abs_SMD<=0.25
2864601_0.437,0,canonical_atrous_relu_pool_1,log_compression,"native max(log Q, -2)",invariant_tilde_f,240,760,96,25,71,0.16822386368782752,0.8341650441515271,0.8423767924433154,0.8311318922514797,-0.006307478980146719,0.6,equilibrium_files,equilibrium_files,True,True,observed-comparison,mean_of_five_paired_matched_counterexample_CAVs,0.23234029114246368,-0.07674521207809448,0.3411732316017151,0.1313977651298046,0.35666232034564016,0.003992015968063872,0.71875,0.010812888123194758,1.0,0.19265640776457565,0.1180262565612793,0.0439545139670372,2.685190800876349,0.0426311269402504,2.7685464831060846,1.2424068450927734,deliberately_off_manifold_diagnostic,0.005544466622310933,True,True,True,True,True,True,True,encoded_r2>=0.1; gain_over_permutation>=0.1; counterexample_sign_agreement>=0.8; grouped_CI_excludes_0; BH_FDR_q<=0.05_across_complete_member_layer_concept_family; scale_matched_intervention_ratio>1; parent_and_subset_matched_max_abs_SMD<=0.25
2864601_0.437,0,canonical_atrous_relu_pool_1,bad_curvature,"native max(log Q, -2)",invariant_tilde_f,240,760,96,25,71,0.08989400942972435,0.9885166596486687,0.9795153156700782,0.9898792555582082,-0.003489515284592404,0.8,equilibrium_files,equilibrium_files,True,True,observed-comparison,mean_of_five_paired_matched_counterexample_CAVs,-0.17732678353786469,0.07175180315971375,-0.2650304436683655,-0.2755056984722614,-0.09490778371691704,0.003992015968063872,0.21875,0.0034714775647214594,1.0,0.1173347572611531,0.09454421699047089,0.057087745517492294,1.6561210489824219,0.04736507870256901,1.996074314246689,1.6800562143325806,deliberately_off_manifold_diagnostic,0.005544466622310933,True,True,True,True,True,True,True,encoded_r2>=0.1; gain_over_permutation>=0.1; counterexample_sign_agreement>=0.8; grouped_CI_excludes_0; BH_FDR_q<=0.05_across_complete_member_layer_concept_family; scale_matched_intervention_ratio>1; parent_and_subset_matched_max_abs_SMD<=0.25
2864601_0.437,0,canonical_atrous_relu_pool_1,geodesic_curvature,"native max(log Q, -2)",invariant_tilde_f,240,760,96,25,71,0.08521070653895317,0.8405042844018631,0.882652821134511,0.8264558617040438,-0.002579342967895748,0.8333333333333334,equilibrium_files,equilibrium_files,True,True,observed-comparison,mean_of_five_paired_matched_counterexample_CAVs,-0.19638411700725555,0.04492936283349991,-0.2813536524772644,-0.27169919535517695,-0.12143481727689506,0.003992015968063872,0.21875,0.0018857877630522452,1.0,0.10390734863862941,0.08736924827098846,0.04296140559017658,2.0336682906614683,0.04153839498758316,2.1033371245351504,1.6534556150436401,deliberately_off_manifold_diagnostic,0.005544466622310933,True,True,True,True,True,True,True,encoded_r2>=0.1; gain_over_permutation>=0.1; counterexample_sign_agreement>=0.8; grouped_CI_excludes_0; BH_FDR_q<=0.05_across_complete_member_layer_concept_family; scale_matched_intervention_ratio>1; parent_and_subset_matched_max_abs_SMD<=0.25
2864601_0.437,0,canonical_atrous_relu_pool_1,parallel_scale,"native max(log Q, -2)",invariant_tilde_f,240,760,96,25,71,0.09600375315699965,0.8659937075041803,0.8765661010010067,0.8629615579489934,-0.0033641896787486303,0.7666666666666667,equilibrium_files,equilibrium_files,True,True,observed-comparison,mean_of_five_paired_matched_counterexample_CAVs,-0.21418289840221405,0.02390298992395401,-0.2980159819126129,-0.2889340505003929,-0.1481050252914429,0.003992015968063872,0.1979166716337204,0.0018665416419243338,1.0,0.10932221107578115,0.08289257436990738,0.04897257313132286,1.692632611883105,0.05475722625851631,1.5138198194802686,1.7181577682495117,deliberately_off_manifold_diagnostic,0.005544466622310933,True,True,True,True,True,True,True,encoded_r2>=0.1; gain_over_permutation>=0.1; counterexample_sign_agreement>=0.8; grouped_CI_excludes_0; BH_FDR_q<=0.05_across_complete_member_layer_concept_family; scale_matched_intervention_ratio>1; parent_and_subset_matched_max_abs_SMD<=0.25
2864601_0.437,0,canonical_atrous_relu_pool_1,cross_channel_colocation,"native max(log Q, -2)",invariant_tilde_f,240,760,96,25,71,0.13987804404973891,0.8005768362284709,0.753943582710262,0.8028955354483378,-0.003138921145344975,0.8666666666666667,equilibrium_files,equilibrium_files,True,True,observed-comparison,mean_of_five_paired_matched_counterexample_CAVs,-0.17784148454666138,0.045392218977212906,-0.2564448416233063,-0.2550637774169445,-0.10859864484518768,0.003992015968063872,0.1979166716337204,0.008924786810046138,1.0,0.17404653716116802,0.08017062395811081,0.04604623094201088,1.7410898203389344,0.05498006008565426,1.4581763612701004,1.7208266258239746,deliberately_off_manifold_diagnostic,0.005544466622310933,True,True,True,True,True,True,True,encoded_r2>=0.1; gain_over_permutation>=0.1; counterexample_sign_agreement>=0.8; grouped_CI_excludes_0; BH_FDR_q<=0.05_across_complete_member_layer_concept_family; scale_matched_intervention_ratio>1; parent_and_subset_matched_max_abs_SMD<=0.25
2864601_0.437,0,canonical_atrous_relu_pool_1,log_FSA_grad_x,"native max(log Q, -2)",invariant_tilde_f,240,760,96,25,71,0.23066774123381684,0.853335585178985,0.930102975857653,0.8272745669854472,-0.003697025817528843,0.9666666666666667,equilibrium_files,equilibrium_files,True,True,observed-comparison,mean_of_five_paired_matched_counterexample_CAVs,0.10432741791009903,-0.13709037005901337,0.18933367729187012,-0.009601160220336162,0.23737853579223145,0.0718562874251497,0.7291666865348816,0.025397983219827384,1.0,0.2533992373996738,0.1076415553689003,0.045092884451150894,2.3871073380880827,0.053890520706772804,1.997411677548928,0.8957375288009644,deliberately_off_manifold_diagnostic,0.0842065868263473,True,True,False,False,True,False,False,encoded_r2>=0.1; gain_over_permutation>=0.1; counterexample_sign_agreement>=0.8; grouped_CI_excludes_0; BH_FDR_q<=0.05_across_complete_member_layer_concept_family; scale_matched_intervention_ratio>1; parent_and_subset_matched_max_abs_SMD<=0.25
2864601_0.437,0,canonical_atrous_relu_pool_1,local_Qz_concentration,"native max(log Q, -2)",invariant_tilde_f,240,760,96,25,71,0.05774796919682034,0.11612104395788281,-0.12264733012755968,0.17784624407046445,-0.006002477853321864,0.9666666666666667,equilibrium_files,equilibrium_files,True,True,observed-comparison,mean_of_five_paired_matched_counterexample_CAVs,-0.05439011752605438,-0.13290107250213623,-0.026745405048131943,-0.16070709973573685,0.03823812296614048,0.2315369261477046,0.46875,0.04233510083333331,0.8,0.06907663206858955,0.08136709779500961,0.05071588419377804,1.604371077986489,0.045387910678982735,1.7927041932046313,0.4782920479774475,deliberately_off_manifold_diagnostic,0.2516705718996789,True,True,False,False,True,True,False,encoded_r2>=0.1; gain_over_permutation>=0.1; counterexample_sign_agreement>=0.8; grouped_CI_excludes_0; BH_FDR_q<=0.05_across_complete_member_layer_concept_family; scale_matched_intervention_ratio>1; parent_and_subset_matched_max_abs_SMD<=0.25
2864601_0.437,0,canonical_atrous_relu_pool_1,log10_zonal_phi2,"native max(log Q, -2)",invariant_tilde_f,240,760,96,25,71,0.3520757464011924,0.029547372875244005,-3.238779093169831,-3.417662804763596,-0.013302952507365795,0.26666666666666666,equilibrium_files,equilibrium_files,True,True,observed-comparison,mean_of_five_paired_matched_counterexample_CAVs,0.048440635204315186,0.15009938180446625,0.012645299546420574,-0.036854872666299346,0.14659592807292937,0.2954091816367265,0.53125,0.08436720130255164,0.6,0.40612482534259603,0.0857265442609787,0.04731169529259205,1.8119524935814666,0.05596351809799671,1.5318290767722016,0.6888418793678284,deliberately_off_manifold_diagnostic,0.3120519524331618,False,False,False,False,True,False,False,encoded_r2>=0.1; gain_over_permutation>=0.1; counterexample_sign_agreement>=0.8; grouped_CI_excludes_0; BH_FDR_q<=0.05_across_complete_member_layer_concept_family; scale_matched_intervention_ratio>1; parent_and_subset_matched_max_abs_SMD<=0.25
2864601_0.437,1,canonical_atrous_relu_pool_2,log_f_Q,"native max(log Q, -2)",invariant_tilde_f,240,760,96,25,71,0.12826962831676686,0.8368762183989719,0.8431165028945125,0.8273460439941255,-0.0006930825071249647,0.6896551724137931,equilibrium_files,equilibrium_files,True,True,observed-comparison,mean_of_five_paired_matched_counterexample_CAVs,0.12594997882843018,0.04604655131697655,0.15408502519130707,0.06610662750899791,0.18979617469012736,0.003992015968063872,0.6041666865348816,0.08242011030858411,1.0,0.1564869140018166,0.0692543163895607,0.059003252536058426,1.1737372672334898,0.061132630333304405,1.1328535352065767,0.5043529272079468,deliberately_off_manifold_diagnostic,0.005544466622310933,True,True,True,True,True,True,True,encoded_r2>=0.1; gain_over_permutation>=0.1; counterexample_sign_agreement>=0.8; grouped_CI_excludes_0; BH_FDR_q<=0.05_across_complete_member_layer_concept_family; scale_matched_intervention_ratio>1; parent_and_subset_matched_max_abs_SMD<=0.25
2864601_0.437,1,canonical_atrous_relu_pool_2,f_stab,"native max(log Q, -2)",invariant_tilde_f,240,760,96,25,71,0.02292347458380587,0.8728057232869844,0.9095078949903802,0.8576095642145929,-0.0032949178278141034,0.5172413793103449,equilibrium_files,equilibrium_files,True,True,observed-comparison,mean_of_five_paired_matched_counterexample_CAVs,0.19490216672420502,0.17129680514335632,0.2032139152288437,0.09676190409809352,0.3162875413894653,0.003992015968063872,0.6354166865348816,0.015746552030331106,1.0,0.03465144563101228,0.09918196499347687,0.050796495750546455,1.9525355741180217,0.04952394589781761,2.0027072398091676,0.9597248435020447,deliberately_off_manifold_diagnostic,0.005544466622310933,True,True,True,True,True,True,True,encoded_r2>=0.1; gain_over_permutation>=0.1; counterexample_sign_agreement>=0.8; grouped_CI_excludes_0; BH_FDR_q<=0.05_across_complete_member_layer_concept_family; scale_matched_intervention_ratio>1; parent_and_subset_matched_max_abs_SMD<=0.25
2864601_0.437,1,canonical_atrous_relu_pool_2,log_compression,"native max(log Q, -2)",invariant_tilde_f,240,760,96,25,71,0.16822386368782752,0.8069006992023512,0.7699382726685706,0.8147061121541741,-0.0011488562673109826,0.6896551724137931,equilibrium_files,equilibrium_files,True,True,observed-comparison,mean_of_five_paired_matched_counterexample_CAVs,0.17225277423858643,-0.06016869470477104,0.2540912926197052,0.08970006816089153,0.26808406710624694,0.003992015968063872,0.71875,0.01230969732948755,1.0,0.18780687100718424,0.08471044152975082,0.06462209485471249,1.3108587971374535,0.06288207322359085,1.3471318165440327,0.5581665635108948,deliberately_off_manifold_diagnostic,0.005544466622310933,True,True,True,True,True,True,True,encoded_r2>=0.1; gain_over_permutation>=0.1; counterexample_sign_agreement>=0.8; grouped_CI_excludes_0; BH_FDR_q<=0.05_across_complete_member_layer_concept_family; scale_matched_intervention_ratio>1; parent_and_subset_matched_max_abs_SMD<=0.25
2864601_0.437,1,canonical_atrous_relu_pool_2,bad_curvature,"native max(log Q, -2)",invariant_tilde_f,240,760,96,25,71,0.08989400942972435,0.9635700985316547,0.9543948550439469,0.9648334134104698,-0.0019194613215114398,0.6551724137931034,equilibrium_files,equilibrium_files,True,True,observed-comparison,mean_of_five_paired_matched_counterexample_CAVs,-0.10799580067396164,0.0853695273399353,-0.17608219385147095,-0.20260108336806298,-0.010369370738044392,0.027944111776447105,0.2708333432674408,0.005786300676795741,1.0,0.14841861629713235,0.08756706118583679,0.06193244084715843,1.413912643971863,0.05550256557762623,1.5777119539341828,0.6974098086357117,deliberately_off_manifold_diagnostic,0.03407818509322818,True,True,True,True,True,True,True,encoded_r2>=0.1; gain_over_permutation>=0.1; counterexample_sign_agreement>=0.8; grouped_CI_excludes_0; BH_FDR_q<=0.05_across_complete_member_layer_concept_family; scale_matched_intervention_ratio>1; parent_and_subset_matched_max_abs_SMD<=0.25
2864601_0.437,1,canonical_atrous_relu_pool_2,geodesic_curvature,"native max(log Q, -2)",invariant_tilde_f,240,760,96,25,71,0.08521070653895317,0.8475959109065738,0.8486344047604031,0.84506778502148,-0.000638059145950276,0.7931034482758621,equilibrium_files,equilibrium_files,True,True,observed-comparison,mean_of_five_paired_matched_counterexample_CAVs,-0.15063415467739105,0.06410706043243408,-0.22624725103378296,-0.24659919925034046,-0.06502137109637264,0.007984031936127744,0.2604166567325592,0.0069846319135389075,1.0,0.1054698417148718,0.08996816724538803,0.04683580994606018,1.9209269007838763,0.05753324367105961,1.5637596892636847,0.6508808732032776,deliberately_off_manifold_diagnostic,0.010324179227751393,True,True,True,True,True,True,True,encoded_r2>=0.1; gain_over_permutation>=0.1; counterexample_sign_agreement>=0.8; grouped_CI_excludes_0; BH_FDR_q<=0.05_across_complete_member_layer_concept_family; scale_matched_intervention_ratio>1; parent_and_subset_matched_max_abs_SMD<=0.25
2864601_0.437,1,canonical_atrous_relu_pool_2,parallel_scale,"native max(log Q, -2)",invariant_tilde_f,240,760,96,25,71,0.09600375315699965,0.5851025924325635,0.6054841933562354,0.5783759432876306,-0.001526400446902887,1.0,equilibrium_files,equilibrium_files,True,True,observed-comparison,mean_of_five_paired_matched_counterexample_CAVs,-0.17889843881130219,0.04395624250173569,-0.2573683261871338,-0.2671584941446781,-0.08790389969944966,0.003992015968063872,0.21875,0.0032074416467940607,1.0,0.1055908465811305,0.08738750964403152,0.043079257011413574,2.028528709789,0.06053720600903034,1.4435339092292419,0.637389063835144,deliberately_off_manifold_diagnostic,0.005544466622310933,True,True,True,True,True,True,True,encoded_r2>=0.1; gain_over_permutation>=0.1; counterexample_sign_agreement>=0.8; grouped_CI_excludes_0; BH_FDR_q<=0.05_across_complete_member_layer_concept_family; scale_matched_intervention_ratio>1; parent_and_subset_matched_max_abs_SMD<=0.25
2864601_0.437,1,canonical_atrous_relu_pool_2,cross_channel_colocation,"native max(log Q, -2)",invariant_tilde_f,240,760,96,25,71,0.13987804404973891,0.7574119351606717,0.8095307531386432,0.7497283875954213,-0.0011057544835331168,0.5517241379310345,equilibrium_files,equilibrium_files,True,True,observed-comparison,mean_of_five_paired_matched_counterexample_CAVs,-0.12960156798362732,0.05067332088947296,-0.19307862222194672,-0.21550868265330791,-0.04577933307737116,0.003992015968063872,0.2395833283662796,0.0071457788300368,1.0,0.1539827851010057,0.08088264614343643,0.05880344472825527,1.3754746259715636,0.0495871864259243,1.631119891511949,0.6256469488143921,deliberately_off_manifold_diagnostic,0.005544466622310933,True,True,True,True,True,True,True,encoded_r2>=0.1; gain_over_permutation>=0.1; counterexample_sign_agreement>=0.8; grouped_CI_excludes_0; BH_FDR_q<=0.05_across_complete_member_layer_concept_family; scale_matched_intervention_ratio>1; parent_and_subset_matched_max_abs_SMD<=0.25
2864601_0.437,1,canonical_atrous_relu_pool_2,log_FSA_grad_x,"native max(log Q, -2)",invariant_tilde_f,240,760,96,25,71,0.23066774123381684,0.8984190094544947,0.9114361187359652,0.8927798907024023,-0.002077625906827363,0.8620689655172413,equilibrium_files,equilibrium_files,True,True,observed-comparison,mean_of_five_paired_matched_counterexample_CAVs,0.05582989752292633,-0.11554139852523804,0.1161719337105751,-0.037428340036422016,0.15340347513556477,0.23952095808383234,0.6145833134651184,0.015844134789533056,1.0,0.2644496155666682,0.0836467370390892,0.058467425405979156,1.4306553855975859,0.06754434108734131,1.238397409650143,0.6092073917388916,deliberately_off_manifold_diagnostic,0.2584758540473011,True,True,False,False,True,False,False,encoded_r2>=0.1; gain_over_permutation>=0.1; counterexample_sign_agreement>=0.8; grouped_CI_excludes_0; BH_FDR_q<=0.05_across_complete_member_layer_concept_family; scale_matched_intervention_ratio>1; parent_and_subset_matched_max_abs_SMD<=0.25
2864601_0.437,1,canonical_atrous_relu_pool_2,local_Qz_concentration,"native max(log Q, -2)",invariant_tilde_f,240,760,96,25,71,0.05774796919682034,0.22380095147322798,-0.0461463257078627,0.2936418581114507,-0.0016965593889544106,0.5517241379310345,equilibrium_files,equilibrium_files,True,True,observed-comparison,mean_of_five_paired_matched_counterexample_CAVs,-0.05943658947944641,-0.10940799862146378,-0.04184102267026901,-0.12692358084022998,0.0075343860429711515,0.09580838323353294,0.40625,0.019323158268901793,1.0,0.10099362034272787,0.05736611410975456,0.04867948219180107,1.1784454461476699,0.055539991706609726,1.032879414400912,0.40486520528793335,deliberately_off_manifold_diagnostic,0.11054813450023032,True,True,False,False,True,True,False,encoded_r2>=0.1; gain_over_permutation>=0.1; counterexample_sign_agreement>=0.8; grouped_CI_excludes_0; BH_FDR_q<=0.05_across_complete_member_layer_concept_family; scale_matched_intervention_ratio>1; parent_and_subset_matched_max_abs_SMD<=0.25
2864601_0.437,1,canonical_atrous_relu_pool_2,log10_zonal_phi2,"native max(log Q, -2)",invariant_tilde_f,240,760,96,25,71,0.3520757464011924,0.027092116553119827,-3.231354628368522,-3.487017207103059,-0.022794824652794254,0.41379310344827586,equilibrium_files,equilibrium_files,True,True,observed-comparison,mean_of_five_paired_matched_counterexample_CAVs,0.1513867825269699,0.1684112548828125,0.14539220929145813,0.053984013944864274,0.25451359152793884,0.007984031936127744,0.5729166865348816,0.023776002763488294,1.0,0.38922491212431165,0.09771762043237686,0.047928906977176666,2.038803440247639,0.05337020382285118,1.8309396148593633,0.8959920406341553,deliberately_off_manifold_diagnostic,0.010324179227751393,False,True,True,True,True,False,False,encoded_r2>=0.1; gain_over_permutation>=0.1; counterexample_sign_agreement>=0.8; grouped_CI_excludes_0; BH_FDR_q<=0.05_across_complete_member_layer_concept_family; scale_matched_intervention_ratio>1; parent_and_subset_matched_max_abs_SMD<=0.25
2864601_0.437,2,canonical_atrous_relu_pool_3,log_f_Q,"native max(log Q, -2)",invariant_tilde_f,240,760,96,25,71,0.12826962831676686,0.8227834425148741,0.8145867380423497,0.8183863439282506,-0.0023118109857105384,0.7692307692307693,equilibrium_files,equilibrium_files,True,True,observed-comparison,mean_of_five_paired_matched_counterexample_CAVs,0.6124558448791504,0.20479145646095276,0.7559996843338013,0.4249395690858364,0.8328739881515501,0.003992015968063872,0.7604166865348816,0.017177906905785863,1.0,0.14199052580181648,0.2171579748392105,0.09149116650223732,2.3735403442899607,0.10141566768288612,2.141266530120729,0.7800394892692566,deliberately_off_manifold_diagnostic,0.005544466622310933,True,True,True,True,True,True,True,encoded_r2>=0.1; gain_over_permutation>=0.1; counterexample_sign_agreement>=0.8; grouped_CI_excludes_0; BH_FDR_q<=0.05_across_complete_member_layer_concept_family; scale_matched_intervention_ratio>1; parent_and_subset_matched_max_abs_SMD<=0.25
2864601_0.437,2,canonical_atrous_relu_pool_3,f_stab,"native max(log Q, -2)",invariant_tilde_f,240,760,96,25,71,0.02292347458380587,0.8900386346851858,0.9065079983814266,0.8816056360649664,-0.0041839766607352225,0.9615384615384616,equilibrium_files,equilibrium_files,True,True,observed-comparison,mean_of_five_paired_matched_counterexample_CAVs,0.6556951403617859,0.36845076084136963,0.7568373680114746,0.42471556589007375,0.9609732940793034,0.003992015968063872,0.7083333134651184,0.01209470226971488,1.0,0.06739282752418829,0.2374156266450882,0.11272063851356506,2.106230321047348,0.10175581276416779,2.3331898217483604,0.979939341545105,deliberately_off_manifold_diagnostic,0.005544466622310933,True,True,True,True,True,True,True,encoded_r2>=0.1; gain_over_permutation>=0.1; counterexample_sign_agreement>=0.8; grouped_CI_excludes_0; BH_FDR_q<=0.05_across_complete_member_layer_concept_family; scale_matched_intervention_ratio>1; parent_and_subset_matched_max_abs_SMD<=0.25
2864601_0.437,2,canonical_atrous_relu_pool_3,log_compression,"native max(log Q, -2)",invariant_tilde_f,240,760,96,25,71,0.16822386368782752,0.7449985909243819,0.6995974113741317,0.7544751482368195,-0.0032834851587271174,0.8461538461538461,equilibrium_files,equilibrium_files,True,True,observed-comparison,mean_of_five_paired_matched_counterexample_CAVs,0.5779615044593811,0.034128107130527496,0.7694520950317383,0.44063502326607706,0.7348484963178633,0.003992015968063872,0.8229166865348816,0.014956682073448163,1.0,0.18347555121332543,0.18478533625602722,0.08147182315587997,2.2680888815078752,0.08439196646213531,2.1896081345483998,0.47690439224243164,deliberately_off_manifold_diagnostic,0.005544466622310933,True,True,True,True,True,True,True,encoded_r2>=0.1; gain_over_permutation>=0.1; counterexample_sign_agreement>=0.8; grouped_CI_excludes_0; BH_FDR_q<=0.05_across_complete_member_layer_concept_family; scale_matched_intervention_ratio>1; parent_and_subset_matched_max_abs_SMD<=0.25
2864601_0.437,2,canonical_atrous_relu_pool_3,bad_curvature,"native max(log Q, -2)",invariant_tilde_f,240,760,96,25,71,0.08989400942972435,0.8327848798782881,0.8309287542193601,0.8322284049339127,-0.002051511774118442,0.46153846153846156,equilibrium_files,equilibrium_files,True,True,observed-comparison,mean_of_five_paired_matched_counterexample_CAVs,-0.13626974821090698,0.2050873190164566,-0.256465882062912,-0.3454558901488781,0.06890762932598586,0.25948103792415167,0.3958333432674408,0.03362086857597869,1.0,0.15419628848377032,0.1788932979106903,0.12585604935884476,1.4214119926855806,0.10854799300432205,1.6480571677043105,0.6232799887657166,deliberately_off_manifold_diagnostic,0.2780153977758768,True,True,False,False,True,True,False,encoded_r2>=0.1; gain_over_permutation>=0.1; counterexample_sign_agreement>=0.8; grouped_CI_excludes_0; BH_FDR_q<=0.05_across_complete_member_layer_concept_family; scale_matched_intervention_ratio>1; parent_and_subset_matched_max_abs_SMD<=0.25
2864601_0.437,2,canonical_atrous_relu_pool_3,geodesic_curvature,"native max(log Q, -2)",invariant_tilde_f,240,760,96,25,71,0.08521070653895317,0.8207037663776053,0.8473490860570023,0.8106695290136539,-0.0032275856786514456,0.9230769230769231,equilibrium_files,equilibrium_files,True,True,observed-comparison,mean_of_five_paired_matched_counterexample_CAVs,-0.16580615937709808,0.12655912339687347,-0.26875168085098267,-0.3719076178967953,0.041241774428635816,0.1317365269461078,0.4479166567325592,0.025361951006763604,1.0,0.12412855993133705,0.17656636238098145,0.10601441189646721,1.6654939571179688,0.07871890813112259,2.242998112815205,0.541458785533905,deliberately_off_manifold_diagnostic,0.14970059880239522,True,True,False,False,True,True,False,encoded_r2>=0.1; gain_over_permutation>=0.1; counterexample_sign_agreement>=0.8; grouped_CI_excludes_0; BH_FDR_q<=0.05_across_complete_member_layer_concept_family; scale_matched_intervention_ratio>1; parent_and_subset_matched_max_abs_SMD<=0.25
2864601_0.437,2,canonical_atrous_relu_pool_3,parallel_scale,"native max(log Q, -2)",invariant_tilde_f,240,760,96,25,71,0.09600375315699965,0.5611051543329091,0.617030635059787,0.5465853772498152,-0.0005333740236621587,0.6153846153846154,equilibrium_files,equilibrium_files,True,True,observed-comparison,mean_of_five_paired_matched_counterexample_CAVs,-0.3213948905467987,0.06748887151479721,-0.45832571387290955,-0.5031848147511482,-0.14892164878547193,0.007984031936127744,0.34375,0.033981403676365526,1.0,0.1520662388591998,0.1712178736925125,0.11817169934511185,1.4488906789135965,0.09271134063601494,1.8467845736878568,0.4902983605861664,deliberately_off_manifold_diagnostic,0.010324179227751393,True,True,True,True,True,True,True,encoded_r2>=0.1; gain_over_permutation>=0.1; counterexample_sign_agreement>=0.8; grouped_CI_excludes_0; BH_FDR_q<=0.05_across_complete_member_layer_concept_family; scale_matched_intervention_ratio>1; parent_and_subset_matched_max_abs_SMD<=0.25
2864601_0.437,2,canonical_atrous_relu_pool_3,cross_channel_colocation,"native max(log Q, -2)",invariant_tilde_f,240,760,96,25,71,0.13987804404973891,0.7915393820507197,0.7537623999117617,0.7929045427704589,-0.0031674884046599683,0.6538461538461539,equilibrium_files,equilibrium_files,True,True,observed-comparison,mean_of_five_paired_matched_counterexample_CAVs,0.1487669199705124,0.224455788731575,0.12211588770151138,-0.062325733713805676,0.36153679713606823,0.17165668662674652,0.53125,0.03475888444542356,1.0,0.16071552681203655,0.18461288511753082,0.10482962429523468,1.7610755200037753,0.0970156379044056,1.9029188397383854,0.7376351952552795,deliberately_off_manifold_diagnostic,0.19215300741799984,True,True,False,False,True,True,False,encoded_r2>=0.1; gain_over_permutation>=0.1; counterexample_sign_agreement>=0.8; grouped_CI_excludes_0; BH_FDR_q<=0.05_across_complete_member_layer_concept_family; scale_matched_intervention_ratio>1; parent_and_subset_matched_max_abs_SMD<=0.25
2864601_0.437,2,canonical_atrous_relu_pool_3,log_FSA_grad_x,"native max(log Q, -2)",invariant_tilde_f,240,760,96,25,71,0.23066774123381684,0.8810775382012361,0.8885174316210096,0.8768864983334939,-0.0007777385212965893,0.9615384615384616,equilibrium_files,equilibrium_files,True,True,observed-comparison,mean_of_five_paired_matched_counterexample_CAVs,0.3219766616821289,-0.1519162505865097,0.48884034156799316,0.14176352135837078,0.4886852204799651,0.003992015968063872,0.6666666865348816,0.04097539030405296,1.0,0.25190487608300344,0.1573355495929718,0.1182844378054142,1.3301458121802912,0.09912852570414543,1.5871874263776347,0.3761182725429535,deliberately_off_manifold_diagnostic,0.005544466622310933,True,True,True,True,True,False,False,encoded_r2>=0.1; gain_over_permutation>=0.1; counterexample_sign_agreement>=0.8; grouped_CI_excludes_0; BH_FDR_q<=0.05_across_complete_member_layer_concept_family; scale_matched_intervention_ratio>1; parent_and_subset_matched_max_abs_SMD<=0.25
2864601_0.437,2,canonical_atrous_relu_pool_3,local_Qz_concentration,"native max(log Q, -2)",invariant_tilde_f,240,760,96,25,71,0.05774796919682034,0.24444621053661442,-0.08790345817030154,0.33048166430677584,-0.0016377499936375273,0.6923076923076923,equilibrium_files,equilibrium_files,True,True,observed-comparison,mean_of_five_paired_matched_counterexample_CAVs,0.2859741151332855,-0.08052834868431091,0.4150242805480957,0.16596752479672433,0.426149296760559,0.003992015968063872,0.7083333134651184,0.016664613755272867,1.0,0.0950148358914572,0.1228461042046547,0.09891999512910843,1.2418733345499904,0.12758804112672806,0.9628340016807423,0.23826077580451965,deliberately_off_manifold_diagnostic,0.005544466622310933,True,True,True,True,False,True,False,encoded_r2>=0.1; gain_over_permutation>=0.1; counterexample_sign_agreement>=0.8; grouped_CI_excludes_0; BH_FDR_q<=0.05_across_complete_member_layer_concept_family; scale_matched_intervention_ratio>1; parent_and_subset_matched_max_abs_SMD<=0.25
2864601_0.437,2,canonical_atrous_relu_pool_3,log10_zonal_phi2,"native max(log Q, -2)",invariant_tilde_f,240,760,96,25,71,0.3520757464011924,0.04651385098276084,-3.1380720705665937,-3.425698818787592,-0.008800919391567241,0.5384615384615384,equilibrium_files,equilibrium_files,True,True,observed-comparison,mean_of_five_paired_matched_counterexample_CAVs,0.5784651637077332,0.402147114276886,0.6405488848686218,0.3577296271920204,0.8459610283374785,0.003992015968063872,0.6875,0.026830219857119992,1.0,0.4229162752291142,0.23106734454631805,0.06611812859773636,3.4947653457062446,0.09728226810693741,2.3752257121751885,0.9062504172325134,deliberately_off_manifold_diagnostic,0.005544466622310933,False,True,True,True,True,False,False,encoded_r2>=0.1; gain_over_permutation>=0.1; counterexample_sign_agreement>=0.8; grouped_CI_excludes_0; BH_FDR_q<=0.05_across_complete_member_layer_concept_family; scale_matched_intervention_ratio>1; parent_and_subset_matched_max_abs_SMD<=0.25
2864601_0.437,3,canonical_atrous_relu_pool_4,log_f_Q,"native max(log Q, -2)",invariant_tilde_f,240,760,96,25,71,0.12826962831676686,0.8699366216898822,0.8657783260640579,0.8659707251905502,-0.003222772838918919,0.7419354838709677,equilibrium_files,equilibrium_files,True,True,observed-comparison,mean_of_five_paired_matched_counterexample_CAVs,0.612586498260498,0.17220301926136017,0.7676509618759155,0.47110672742128373,0.7495143994688988,0.003992015968063872,0.8645833134651184,0.01657378637931555,1.0,0.15465729035508918,0.18077723681926727,0.08208483085036278,2.202322097109716,0.09607335925102234,1.8816583309731993,1.379063367843628,deliberately_off_manifold_diagnostic,0.005544466622310933,True,True,True,True,True,True,True,encoded_r2>=0.1; gain_over_permutation>=0.1; counterexample_sign_agreement>=0.8; grouped_CI_excludes_0; BH_FDR_q<=0.05_across_complete_member_layer_concept_family; scale_matched_intervention_ratio>1; parent_and_subset_matched_max_abs_SMD<=0.25
2864601_0.437,3,canonical_atrous_relu_pool_4,f_stab,"native max(log Q, -2)",invariant_tilde_f,240,760,96,25,71,0.02292347458380587,0.8172043460211786,0.8537561087848657,0.8003576399098563,-0.0012821006732379736,0.4838709677419355,equilibrium_files,equilibrium_files,True,True,observed-comparison,mean_of_five_paired_matched_counterexample_CAVs,0.6379668116569519,0.2222752720117569,0.7843369245529175,0.5002337373793125,0.794455748796463,0.003992015968063872,0.875,0.007703027475573741,1.0,0.06673690767147676,0.19005092978477478,0.11361847445368767,1.672711508393311,0.08677520975470543,2.19015235252104,1.3935154676437378,deliberately_off_manifold_diagnostic,0.005544466622310933,True,True,True,True,True,True,True,encoded_r2>=0.1; gain_over_permutation>=0.1; counterexample_sign_agreement>=0.8; grouped_CI_excludes_0; BH_FDR_q<=0.05_across_complete_member_layer_concept_family; scale_matched_intervention_ratio>1; parent_and_subset_matched_max_abs_SMD<=0.25
2864601_0.437,3,canonical_atrous_relu_pool_4,log_compression,"native max(log Q, -2)",invariant_tilde_f,240,760,96,25,71,0.16822386368782752,0.7367813073062373,0.7033230154962606,0.7432964279431735,-0.0007672627840293877,0.7741935483870968,equilibrium_files,equilibrium_files,True,True,observed-comparison,mean_of_five_paired_matched_counterexample_CAVs,0.4082392752170563,0.0724252238869667,0.5264837145805359,0.33114382028579714,0.4792614318430424,0.003992015968063872,0.8125,0.023442008459393763,1.0,0.17890851425626886,0.11681818217039108,0.06047464907169342,1.931688467210479,0.09069397673010826,1.2880478547988314,0.7434312701225281,deliberately_off_manifold_diagnostic,0.005544466622310933,True,True,True,True,True,True,True,encoded_r2>=0.1; gain_over_permutation>=0.1; counterexample_sign_agreement>=0.8; grouped_CI_excludes_0; BH_FDR_q<=0.05_across_complete_member_layer_concept_family; scale_matched_intervention_ratio>1; parent_and_subset_matched_max_abs_SMD<=0.25
2864601_0.437,3,canonical_atrous_relu_pool_4,bad_curvature,"native max(log Q, -2)",invariant_tilde_f,240,760,96,25,71,0.08989400942972435,0.8695815471615285,0.8185243761073052,0.8769787777706665,-0.0018905386458345497,0.8709677419354839,equilibrium_files,equilibrium_files,True,True,observed-comparison,mean_of_five_paired_matched_counterexample_CAVs,0.17070530354976654,0.1689590960741043,0.17132017016410828,0.07528522051870823,0.26206904128193853,0.003992015968063872,0.5520833134651184,0.02889644734491095,1.0,0.12495997463275911,0.09669163823127747,0.07143982499837875,1.3534696961179815,0.09215617924928665,1.0492149199211285,0.40327513217926025,deliberately_off_manifold_diagnostic,0.005544466622310933,True,True,True,True,True,True,True,encoded_r2>=0.1; gain_over_permutation>=0.1; counterexample_sign_agreement>=0.8; grouped_CI_excludes_0; BH_FDR_q<=0.05_across_complete_member_layer_concept_family; scale_matched_intervention_ratio>1; parent_and_subset_matched_max_abs_SMD<=0.25
2864601_0.437,3,canonical_atrous_relu_pool_4,geodesic_curvature,"native max(log Q, -2)",invariant_tilde_f,240,760,96,25,71,0.08521070653895317,0.7430520471354443,0.7516909933051521,0.7368769254915233,-0.001749505689790709,0.8387096774193549,equilibrium_files,equilibrium_files,True,True,observed-comparison,mean_of_five_paired_matched_counterexample_CAVs,0.21863853931427002,0.19319671392440796,0.22759689390659332,0.11064836904406548,0.3224919386208057,0.003992015968063872,0.625,0.02298471780855717,1.0,0.12369463505182046,0.11122191697359085,0.094746433198452,1.1738902797599777,0.10127954930067062,1.0981675742197876,0.517935037612915,deliberately_off_manifold_diagnostic,0.005544466622310933,True,True,True,True,True,True,True,encoded_r2>=0.1; gain_over_permutation>=0.1; counterexample_sign_agreement>=0.8; grouped_CI_excludes_0; BH_FDR_q<=0.05_across_complete_member_layer_concept_family; scale_matched_intervention_ratio>1; parent_and_subset_matched_max_abs_SMD<=0.25
2864601_0.437,3,canonical_atrous_relu_pool_4,parallel_scale,"native max(log Q, -2)",invariant_tilde_f,240,760,96,25,71,0.09600375315699965,0.5166638720745287,0.48646643419920754,0.520449425855682,-0.0004306966191847117,0.6129032258064516,equilibrium_files,equilibrium_files,True,True,observed-comparison,mean_of_five_paired_matched_counterexample_CAVs,0.08158301562070847,0.11312935501337051,0.07047514617443085,-0.014504680759273466,0.1716060236096382,0.10778443113772455,0.5729166865348816,0.014266876331002768,1.0,0.13806425612823103,0.0911191999912262,0.10548824071884155,0.8637853790176172,0.11264889314770699,0.8088778987978984,0.18177548050880432,deliberately_off_manifold_diagnostic,0.12341728756228003,True,True,False,False,False,True,False,encoded_r2>=0.1; gain_over_permutation>=0.1; counterexample_sign_agreement>=0.8; grouped_CI_excludes_0; BH_FDR_q<=0.05_across_complete_member_layer_concept_family; scale_matched_intervention_ratio>1; parent_and_subset_matched_max_abs_SMD<=0.25
2864601_0.437,3,canonical_atrous_relu_pool_4,cross_channel_colocation,"native max(log Q, -2)",invariant_tilde_f,240,760,96,25,71,0.13987804404973891,0.7641131042724187,0.6281188361838068,0.7746566568711608,-0.0026405139245979647,0.5806451612903226,equilibrium_files,equilibrium_files,True,True,observed-comparison,mean_of_five_paired_matched_counterexample_CAVs,0.5652360320091248,0.23808111250400543,0.6804314255714417,0.4369092583656311,0.6978501483798026,0.003992015968063872,0.8854166865348816,0.017199854417406357,1.0,0.16976932064569736,0.1724092662334442,0.06953936815261841,2.4793044690175603,0.10591933876276016,1.6277411495138698,0.930097758769989,deliberately_off_manifold_diagnostic,0.005544466622310933,True,True,True,True,True,True,True,encoded_r2>=0.1; gain_over_permutation>=0.1; counterexample_sign_agreement>=0.8; grouped_CI_excludes_0; BH_FDR_q<=0.05_across_complete_member_layer_concept_family; scale_matched_intervention_ratio>1; parent_and_subset_matched_max_abs_SMD<=0.25
2864601_0.437,3,canonical_atrous_relu_pool_4,log_FSA_grad_x,"native max(log Q, -2)",invariant_tilde_f,240,760,96,25,71,0.23066774123381684,0.8608369385830873,0.8953235782821082,0.8479639777986904,-0.0012661758733287787,0.9032258064516129,equilibrium_files,equilibrium_files,True,True,observed-comparison,mean_of_five_paired_matched_counterexample_CAVs,0.19333519041538239,-0.02337479777634144,0.2696414887905121,0.1292439453303814,0.26193799898028375,0.003992015968063872,0.7083333134651184,0.016675384248299265,1.0,0.2560559230574787,0.07766545563936234,0.09794161841273308,0.792977049981699,0.07852870598435402,0.9890072001802287,0.33012837171554565,deliberately_off_manifold_diagnostic,0.005544466622310933,True,True,True,True,False,False,False,encoded_r2>=0.1; gain_over_permutation>=0.1; counterexample_sign_agreement>=0.8; grouped_CI_excludes_0; BH_FDR_q<=0.05_across_complete_member_layer_concept_family; scale_matched_intervention_ratio>1; parent_and_subset_matched_max_abs_SMD<=0.25
2864601_0.437,3,canonical_atrous_relu_pool_4,local_Qz_concentration,"native max(log Q, -2)",invariant_tilde_f,240,760,96,25,71,0.05774796919682034,0.39336337411958744,-0.07573045051864735,0.514912193288597,-0.0022611525186060355,0.6774193548387096,equilibrium_files,equilibrium_files,True,True,observed-comparison,mean_of_five_paired_matched_counterexample_CAVs,0.4035601317882538,0.09967027604579926,0.5105634927749634,0.32716596126556396,0.48366886824369426,0.003992015968063872,0.8645833134651184,0.014018507317448404,1.0,0.08182186344685782,0.11915025860071182,0.08575145155191422,1.3894838681369477,0.09151577576994896,1.301964143321366,0.7270374298095703,deliberately_off_manifold_diagnostic,0.005544466622310933,True,True,True,True,True,True,True,encoded_r2>=0.1; gain_over_permutation>=0.1; counterexample_sign_agreement>=0.8; grouped_CI_excludes_0; BH_FDR_q<=0.05_across_complete_member_layer_concept_family; scale_matched_intervention_ratio>1; parent_and_subset_matched_max_abs_SMD<=0.25
2864601_0.437,3,canonical_atrous_relu_pool_4,log10_zonal_phi2,"native max(log Q, -2)",invariant_tilde_f,240,760,96,25,71,0.3520757464011924,0.05094941041269718,-3.1044811563011114,-3.451082125748382,-0.01445786499545676,0.5161290322580645,equilibrium_files,equilibrium_files,True,True,observed-comparison,mean_of_five_paired_matched_counterexample_CAVs,0.6592914462089539,0.28658679127693176,0.7905256152153015,0.4855413921177387,0.8661416321992873,0.003992015968063872,0.8645833134651184,0.007489700670727742,1.0,0.42014981737521695,0.20980165898799896,0.08614541217684746,2.435436243050277,0.07126137614250183,2.9441146150259185,1.174416184425354,deliberately_off_manifold_diagnostic,0.005544466622310933,False,True,True,True,True,False,False,encoded_r2>=0.1; gain_over_permutation>=0.1; counterexample_sign_agreement>=0.8; grouped_CI_excludes_0; BH_FDR_q<=0.05_across_complete_member_layer_concept_family; scale_matched_intervention_ratio>1; parent_and_subset_matched_max_abs_SMD<=0.25
2864601_0.437,4,canonical_atrous_relu_pool_5,log_f_Q,"native max(log Q, -2)",invariant_tilde_f,240,760,96,25,71,0.12826962831676686,0.8568092815338719,0.8772913346611686,0.8424760225403641,-0.004364976284165101,0.7,equilibrium_files,equilibrium_files,True,True,observed-comparison,mean_of_five_paired_matched_counterexample_CAVs,0.5249394774436951,0.037272606045007706,0.6966531276702881,0.4436629220843315,0.6168596297502518,0.003992015968063872,0.8541666865348816,0.02184546540901818,1.0,0.14819845572339282,0.1383654922246933,0.09539145976305008,1.4505018852671885,0.08329904079437256,1.6610694541640012,0.9695320725440979,deliberately_off_manifold_diagnostic,0.005544466622310933,True,True,True,True,True,True,True,encoded_r2>=0.1; gain_over_permutation>=0.1; counterexample_sign_agreement>=0.8; grouped_CI_excludes_0; BH_FDR_q<=0.05_across_complete_member_layer_concept_family; scale_matched_intervention_ratio>1; parent_and_subset_matched_max_abs_SMD<=0.25
2864601_0.437,4,canonical_atrous_relu_pool_5,f_stab,"native max(log Q, -2)",invariant_tilde_f,240,760,96,25,71,0.02292347458380587,0.727070535600705,0.7693808702528198,0.7056977993686214,-0.007060653839449538,0.9,equilibrium_files,equilibrium_files,True,True,observed-comparison,mean_of_five_paired_matched_counterexample_CAVs,0.6775655746459961,0.16679584980010986,0.8574140071868896,0.5627577722072601,0.8071885094046592,0.003992015968063872,0.8541666865348816,0.011251775645947697,1.0,0.05588677348425075,0.17570488154888153,0.11828724667429924,1.4854084991316114,0.08694390952587128,2.020899249953768,1.1835014820098877,deliberately_off_manifold_diagnostic,0.005544466622310933,True,True,True,True,True,True,True,encoded_r2>=0.1; gain_over_permutation>=0.1; counterexample_sign_agreement>=0.8; grouped_CI_excludes_0; BH_FDR_q<=0.05_across_complete_member_layer_concept_family; scale_matched_intervention_ratio>1; parent_and_subset_matched_max_abs_SMD<=0.25
2864601_0.437,4,canonical_atrous_relu_pool_5,log_compression,"native max(log Q, -2)",invariant_tilde_f,240,760,96,25,71,0.16822386368782752,0.5061255639990938,0.4587444360217715,0.5145979740986488,-0.004392533913888164,0.9,equilibrium_files,equilibrium_files,True,True,observed-comparison,mean_of_five_paired_matched_counterexample_CAVs,0.347299724817276,-0.04089606925845146,0.48398837447166443,0.27512051463127135,0.41804295331239694,0.003992015968063872,0.75,0.010053726272281308,1.0,0.19403743972288215,0.10056619346141815,0.11916200444102287,0.8439451311109122,0.08537221699953079,1.1779733149248175,0.5751712918281555,deliberately_off_manifold_diagnostic,0.005544466622310933,True,True,True,True,True,True,True,encoded_r2>=0.1; gain_over_permutation>=0.1; counterexample_sign_agreement>=0.8; grouped_CI_excludes_0; BH_FDR_q<=0.05_across_complete_member_layer_concept_family; scale_matched_intervention_ratio>1; parent_and_subset_matched_max_abs_SMD<=0.25
2864601_0.437,4,canonical_atrous_relu_pool_5,bad_curvature,"native max(log Q, -2)",invariant_tilde_f,240,760,96,25,71,0.08989400942972435,0.5167161346058384,0.5299468268816102,0.5121724078257265,-0.003681298414046408,0.9,equilibrium_files,equilibrium_files,True,True,observed-comparison,mean_of_five_paired_matched_counterexample_CAVs,0.13582800328731537,0.1424444615840912,0.13349828124046326,0.06443202570080757,0.21221944689750669,0.003992015968063872,0.5625,0.02521724470548273,1.0,0.10754775579037713,0.07895711809396744,0.10231934487819672,0.7716734131552523,0.07345347106456757,1.074926983703221,0.24573703110218048,deliberately_off_manifold_diagnostic,0.005544466622310933,True,True,True,True,True,True,True,encoded_r2>=0.1; gain_over_permutation>=0.1; counterexample_sign_agreement>=0.8; grouped_CI_excludes_0; BH_FDR_q<=0.05_across_complete_member_layer_concept_family; scale_matched_intervention_ratio>1; parent_and_subset_matched_max_abs_SMD<=0.25
2864601_0.437,4,canonical_atrous_relu_pool_5,geodesic_curvature,"native max(log Q, -2)",invariant_tilde_f,240,760,96,25,71,0.08521070653895317,0.5481237941633053,0.6433763682191789,0.515031770956557,-0.000597914606198735,0.9,equilibrium_files,equilibrium_files,True,True,observed-comparison,mean_of_five_paired_matched_counterexample_CAVs,0.1474170684814453,0.1251692920923233,0.15525075793266296,0.0717737402766943,0.2380307178944349,0.003992015968063872,0.6354166865348816,0.024166539683199807,1.0,0.10360676995533356,0.08279408514499664,0.08745591714978218,0.9466950647055543,0.07389569282531738,1.1204182812212646,0.24137373268604279,deliberately_off_manifold_diagnostic,0.005544466622310933,True,True,True,True,True,True,True,encoded_r2>=0.1; gain_over_permutation>=0.1; counterexample_sign_agreement>=0.8; grouped_CI_excludes_0; BH_FDR_q<=0.05_across_complete_member_layer_concept_family; scale_matched_intervention_ratio>1; parent_and_subset_matched_max_abs_SMD<=0.25
2864601_0.437,4,canonical_atrous_relu_pool_5,parallel_scale,"native max(log Q, -2)",invariant_tilde_f,240,760,96,25,71,0.09600375315699965,0.3071203963596053,0.3077575926140852,0.30308304921004126,-0.0026812509355749192,0.8,equilibrium_files,equilibrium_files,True,True,observed-comparison,mean_of_five_paired_matched_counterexample_CAVs,-0.02312961034476757,0.041554082185029984,-0.045905545353889465,-0.14289189614355563,0.0871597396209836,0.6467065868263473,0.59375,0.02096199626528009,0.8,0.1117440452643254,0.10080011188983917,0.08237599954009056,1.2236587410485018,0.08992365375161171,1.1209521375573834,0.31880420446395874,deliberately_off_manifold_diagnostic,0.6644245755065212,True,True,False,False,True,True,False,encoded_r2>=0.1; gain_over_permutation>=0.1; counterexample_sign_agreement>=0.8; grouped_CI_excludes_0; BH_FDR_q<=0.05_across_complete_member_layer_concept_family; scale_matched_intervention_ratio>1; parent_and_subset_matched_max_abs_SMD<=0.25
2864601_0.437,4,canonical_atrous_relu_pool_5,cross_channel_colocation,"native max(log Q, -2)",invariant_tilde_f,240,760,96,25,71,0.13987804404973891,0.4076952368078637,0.2593423308910153,0.41553235475396033,-0.004034871446617849,0.8,equilibrium_files,equilibrium_files,True,True,observed-comparison,mean_of_five_paired_matched_counterexample_CAVs,0.3035915195941925,0.052108123898506165,0.3921419382095337,0.23697049617767335,0.37303288429975506,0.003992015968063872,0.7604166865348816,0.029410421571926294,1.0,0.16532084032729147,0.0900193527340889,0.10768600553274155,0.8359429090971234,0.09420784190297127,0.955539909584212,0.44140520691871643,deliberately_off_manifold_diagnostic,0.005544466622310933,True,True,True,True,False,True,False,encoded_r2>=0.1; gain_over_permutation>=0.1; counterexample_sign_agreement>=0.8; grouped_CI_excludes_0; BH_FDR_q<=0.05_across_complete_member_layer_concept_family; scale_matched_intervention_ratio>1; parent_and_subset_matched_max_abs_SMD<=0.25
2864601_0.437,4,canonical_atrous_relu_pool_5,log_FSA_grad_x,"native max(log Q, -2)",invariant_tilde_f,240,760,96,25,71,0.23066774123381684,0.7327385646753284,0.7741189250178502,0.715697444265727,-0.0015663423010499056,0.8,equilibrium_files,equilibrium_files,True,True,observed-comparison,mean_of_five_paired_matched_counterexample_CAVs,0.12308380007743835,-0.10990295559167862,0.20512138307094574,0.03776790509000421,0.20359231196343894,0.007984031936127744,0.6354166865348816,0.047769652285803724,1.0,0.24560648216138686,0.08492738008499146,0.08211242407560349,1.0342817307012657,0.08303476125001907,1.0227930905861664,0.3649214208126068,deliberately_off_manifold_diagnostic,0.010324179227751393,True,True,True,True,True,True,True,encoded_r2>=0.1; gain_over_permutation>=0.1; counterexample_sign_agreement>=0.8; grouped_CI_excludes_0; BH_FDR_q<=0.05_across_complete_member_layer_concept_family; scale_matched_intervention_ratio>1; parent_and_subset_matched_max_abs_SMD<=0.25
2864601_0.437,4,canonical_atrous_relu_pool_5,local_Qz_concentration,"native max(log Q, -2)",invariant_tilde_f,240,760,96,25,71,0.05774796919682034,0.33859331464364717,-0.04654235479588098,0.4383467626096177,-0.003365142170849156,0.7,equilibrium_files,equilibrium_files,True,True,observed-comparison,mean_of_five_paired_matched_counterexample_CAVs,0.2728408873081207,-0.05384477600455284,0.3878709673881531,0.20947886854410172,0.33917901664972305,0.003992015968063872,0.75,0.013761205640433127,1.0,0.07930856274665858,0.08506128191947937,0.09505315124988556,0.894881240663568,0.09212329238653183,0.9233417490397369,0.43202343583106995,deliberately_off_manifold_diagnostic,0.005544466622310933,True,True,True,True,False,True,False,encoded_r2>=0.1; gain_over_permutation>=0.1; counterexample_sign_agreement>=0.8; grouped_CI_excludes_0; BH_FDR_q<=0.05_across_complete_member_layer_concept_family; scale_matched_intervention_ratio>1; parent_and_subset_matched_max_abs_SMD<=0.25
2864601_0.437,4,canonical_atrous_relu_pool_5,log10_zonal_phi2,"native max(log Q, -2)",invariant_tilde_f,240,760,96,25,71,0.3520757464011924,0.043619520989971905,-3.1463306110368032,-3.4529258948321955,-0.002814699013723443,0.6,equilibrium_files,equilibrium_files,True,True,observed-comparison,mean_of_five_paired_matched_counterexample_CAVs,0.6588285565376282,0.24797433614730835,0.8034956455230713,0.5454887628555298,0.7949422955513,0.003992015968063872,0.8645833134651184,0.029317045003362893,1.0,0.4180006736363922,0.1785985827445984,0.0975714884698391,1.8304382309367564,0.09015165269374847,1.9810905003739685,0.9589194059371948,deliberately_off_manifold_diagnostic,0.005544466622310933,False,True,True,True,True,False,False,encoded_r2>=0.1; gain_over_permutation>=0.1; counterexample_sign_agreement>=0.8; grouped_CI_excludes_0; BH_FDR_q<=0.05_across_complete_member_layer_concept_family; scale_matched_intervention_ratio>1; parent_and_subset_matched_max_abs_SMD<=0.25
2864601_0.371,0,canonical_atrous_relu_pool_1,log_f_Q,"native max(log Q, -2)",invariant_tilde_f,240,760,96,25,71,0.12826962831676686,0.8358410823557845,0.8467983397688978,0.8243901095084786,-0.0010774086358944501,0.90625,equilibrium_files,equilibrium_files,True,True,observed-comparison,mean_of_five_paired_matched_counterexample_CAVs,-0.6294673681259155,-0.16800858080387115,-0.7919526696205139,-0.8946690022945404,-0.4385519325733185,0.003992015968063872,0.1666666716337204,0.20038789010384592,1.0,0.1441344583272696,0.21279405057430267,0.17805837094783783,1.1950802955320796,0.14869432151317596,1.4310839069630965,0.29936712980270386,deliberately_off_manifold_diagnostic,0.005544466622310933,True,True,True,True,True,True,True,encoded_r2>=0.1; gain_over_permutation>=0.1; counterexample_sign_agreement>=0.8; grouped_CI_excludes_0; BH_FDR_q<=0.05_across_complete_member_layer_concept_family; scale_matched_intervention_ratio>1; parent_and_subset_matched_max_abs_SMD<=0.25
2864601_0.371,0,canonical_atrous_relu_pool_1,f_stab,"native max(log Q, -2)",invariant_tilde_f,240,760,96,25,71,0.02292347458380587,0.8697760625979492,0.9042832350788166,0.855164099020004,-0.004249494830579126,0.90625,equilibrium_files,equilibrium_files,True,True,observed-comparison,mean_of_five_paired_matched_counterexample_CAVs,0.32728785276412964,0.2675943970680237,0.34830668568611145,0.07874797657132149,0.5591935172677039,0.007984031936127744,0.71875,0.0344615917953224,1.0,0.06428875773720759,0.17418017983436584,0.11563456803560257,1.5062985298716016,0.1689573973417282,1.030911830880504,0.5258126258850098,deliberately_off_manifold_diagnostic,0.010324179227751393,True,True,True,True,True,True,True,encoded_r2>=0.1; gain_over_permutation>=0.1; counterexample_sign_agreement>=0.8; grouped_CI_excludes_0; BH_FDR_q<=0.05_across_complete_member_layer_concept_family; scale_matched_intervention_ratio>1; parent_and_subset_matched_max_abs_SMD<=0.25
2864601_0.371,0,canonical_atrous_relu_pool_1,log_compression,"native max(log Q, -2)",invariant_tilde_f,240,760,96,25,71,0.16822386368782752,0.8896364517638894,0.8672165437340307,0.8944129859890125,-0.006022670105191086,0.53125,equilibrium_files,equilibrium_files,True,True,observed-comparison,mean_of_five_paired_matched_counterexample_CAVs,0.3437190353870392,-0.0959039106965065,0.4985157549381256,0.14604855813086032,0.5611051067709922,0.003992015968063872,0.78125,0.05541608074149858,1.0,0.1680975453093012,0.17022259533405304,0.14016415178775787,1.2144517208066927,0.07356326282024384,2.3139620077755656,0.7368366718292236,deliberately_off_manifold_diagnostic,0.005544466622310933,True,True,True,True,True,True,True,encoded_r2>=0.1; gain_over_permutation>=0.1; counterexample_sign_agreement>=0.8; grouped_CI_excludes_0; BH_FDR_q<=0.05_across_complete_member_layer_concept_family; scale_matched_intervention_ratio>1; parent_and_subset_matched_max_abs_SMD<=0.25
2864601_0.371,0,canonical_atrous_relu_pool_1,bad_curvature,"native max(log Q, -2)",invariant_tilde_f,240,760,96,25,71,0.08989400942972435,0.9930533546495018,0.9920229521329736,0.9931807217596621,-0.0020971504342157665,0.625,equilibrium_files,equilibrium_files,True,True,observed-comparison,mean_of_five_paired_matched_counterexample_CAVs,-0.7026743292808533,0.02074326202273369,-0.9573988318443298,-1.0650460571050644,-0.36184979081153873,0.003992015968063872,0.2083333283662796,0.03124975786673403,1.0,0.12625462962192535,0.272481769323349,0.12338041886687279,2.208468505990049,0.11993119493126869,2.2719841112189822,1.2684402465820312,deliberately_off_manifold_diagnostic,0.005544466622310933,True,True,True,True,True,True,True,encoded_r2>=0.1; gain_over_permutation>=0.1; counterexample_sign_agreement>=0.8; grouped_CI_excludes_0; BH_FDR_q<=0.05_across_complete_member_layer_concept_family; scale_matched_intervention_ratio>1; parent_and_subset_matched_max_abs_SMD<=0.25
2864601_0.371,0,canonical_atrous_relu_pool_1,geodesic_curvature,"native max(log Q, -2)",invariant_tilde_f,240,760,96,25,71,0.08521070653895317,0.965529797063226,0.9697383494815844,0.9638545241830341,-0.003408493991834627,0.84375,equilibrium_files,equilibrium_files,True,True,observed-comparison,mean_of_five_paired_matched_counterexample_CAVs,-0.7464976906776428,-0.02374291978776455,-1.0009887218475342,-1.1129769504070282,-0.41705179885029836,0.003992015968063872,0.2083333283662796,0.020043427614783435,1.0,0.11297264012003003,0.2744884490966797,0.13084818795323372,2.097762707992443,0.1438983455300331,1.9075163657068666,1.196187973022461,deliberately_off_manifold_diagnostic,0.005544466622310933,True,True,True,True,True,True,True,encoded_r2>=0.1; gain_over_permutation>=0.1; counterexample_sign_agreement>=0.8; grouped_CI_excludes_0; BH_FDR_q<=0.05_across_complete_member_layer_concept_family; scale_matched_intervention_ratio>1; parent_and_subset_matched_max_abs_SMD<=0.25
2864601_0.371,0,canonical_atrous_relu_pool_1,parallel_scale,"native max(log Q, -2)",invariant_tilde_f,240,760,96,25,71,0.09600375315699965,0.8878414421913261,0.8699850547624793,0.891057347722361,-0.0008230772369068884,0.8125,equilibrium_files,equilibrium_files,True,True,observed-comparison,mean_of_five_paired_matched_counterexample_CAVs,-1.013519048690796,-0.11530257016420364,-1.3297920227050781,-1.4282707899808884,-0.6584683343768122,0.003992015968063872,0.1666666716337204,0.06003986890523411,1.0,0.1343844168054129,0.3174290657043457,0.1426716074347496,2.2248930352138974,0.13014230877161026,2.4390920116640107,1.158852458000183,deliberately_off_manifold_diagnostic,0.005544466622310933,True,True,True,True,True,True,True,encoded_r2>=0.1; gain_over_permutation>=0.1; counterexample_sign_agreement>=0.8; grouped_CI_excludes_0; BH_FDR_q<=0.05_across_complete_member_layer_concept_family; scale_matched_intervention_ratio>1; parent_and_subset_matched_max_abs_SMD<=0.25
2864601_0.371,0,canonical_atrous_relu_pool_1,cross_channel_colocation,"native max(log Q, -2)",invariant_tilde_f,240,760,96,25,71,0.13987804404973891,0.861958206874708,0.8348796925798067,0.8630612755800521,-0.001773188826623473,0.875,equilibrium_files,equilibrium_files,True,True,observed-comparison,mean_of_five_paired_matched_counterexample_CAVs,-0.983333170413971,-0.08951698243618011,-1.298057198524475,-1.349939540028572,-0.6193015709519388,0.003992015968063872,0.1666666716337204,0.07873665922276538,1.0,0.16224457956246033,0.31785517930984497,0.09406052902340889,3.379262083787985,0.1240779235959053,2.561738382607287,1.2391024827957153,deliberately_off_manifold_diagnostic,0.005544466622310933,True,True,True,True,True,True,True,encoded_r2>=0.1; gain_over_permutation>=0.1; counterexample_sign_agreement>=0.8; grouped_CI_excludes_0; BH_FDR_q<=0.05_across_complete_member_layer_concept_family; scale_matched_intervention_ratio>1; parent_and_subset_matched_max_abs_SMD<=0.25
2864601_0.371,0,canonical_atrous_relu_pool_1,log_FSA_grad_x,"native max(log Q, -2)",invariant_tilde_f,240,760,96,25,71,0.23066774123381684,0.9646490059775015,0.9663383551676246,0.9635645953899431,-0.0017784447785620383,0.9375,equilibrium_files,equilibrium_files,True,True,observed-comparison,mean_of_five_paired_matched_counterexample_CAVs,0.18984371423721313,-0.18957532942295074,0.3234419524669647,-0.10233762208372355,0.4586843580007553,0.2155688622754491,0.65625,0.0704055348581181,1.0,0.24506034680337696,0.17794406414031982,0.14749825745821,1.2064146872429047,0.11634158715605736,1.5294966184502075,0.7180876135826111,deliberately_off_manifold_diagnostic,0.23775977456851005,True,True,False,False,True,True,False,encoded_r2>=0.1; gain_over_permutation>=0.1; counterexample_sign_agreement>=0.8; grouped_CI_excludes_0; BH_FDR_q<=0.05_across_complete_member_layer_concept_family; scale_matched_intervention_ratio>1; parent_and_subset_matched_max_abs_SMD<=0.25
2864601_0.371,0,canonical_atrous_relu_pool_1,local_Qz_concentration,"native max(log Q, -2)",invariant_tilde_f,240,760,96,25,71,0.05774796919682034,0.1843949969882822,-0.15412011047149599,0.2720150490154467,-0.0008236702803459117,0.71875,equilibrium_files,equilibrium_files,True,True,observed-comparison,mean_of_five_paired_matched_counterexample_CAVs,-0.39484748244285583,-0.3151675760746002,-0.42290377616882324,-0.6254344061017036,-0.2121909275650979,0.003992015968063872,0.28125,0.28295559664972464,0.8,0.0879928743494224,0.175092875957489,0.1280665174126625,1.367202602951213,0.11807098612189293,1.4829458252913075,0.5896391868591309,deliberately_off_manifold_diagnostic,0.005544466622310933,True,True,True,True,True,True,True,encoded_r2>=0.1; gain_over_permutation>=0.1; counterexample_sign_agreement>=0.8; grouped_CI_excludes_0; BH_FDR_q<=0.05_across_complete_member_layer_concept_family; scale_matched_intervention_ratio>1; parent_and_subset_matched_max_abs_SMD<=0.25
2864601_0.371,0,canonical_atrous_relu_pool_1,log10_zonal_phi2,"native max(log Q, -2)",invariant_tilde_f,240,760,96,25,71,0.3520757464011924,0.02380657646891904,-3.267039415112734,-3.43358449142523,-0.004061251845068892,0.28125,equilibrium_files,equilibrium_files,True,True,observed-comparison,mean_of_five_paired_matched_counterexample_CAVs,0.5123870968818665,0.3075571358203888,0.5845104455947876,0.29583339020609856,0.7569807380437851,0.003992015968063872,0.7916666865348816,0.2973199821427446,1.0,0.3872816976763133,0.19909362494945526,0.12396600469946861,1.6060340529011878,0.1422068029642105,1.4000288368733076,0.46070054173469543,deliberately_off_manifold_diagnostic,0.005544466622310933,False,True,True,True,True,False,False,encoded_r2>=0.1; gain_over_permutation>=0.1; counterexample_sign_agreement>=0.8; grouped_CI_excludes_0; BH_FDR_q<=0.05_across_complete_member_layer_concept_family; scale_matched_intervention_ratio>1; parent_and_subset_matched_max_abs_SMD<=0.25
2864601_0.371,1,canonical_atrous_relu_pool_2,log_f_Q,"native max(log Q, -2)",invariant_tilde_f,240,760,96,25,71,0.12826962831676686,0.8260592417826658,0.8354674276662857,0.8148017251868869,-0.006487901219521808,0.6451612903225806,equilibrium_files,equilibrium_files,True,True,observed-comparison,mean_of_five_paired_matched_counterexample_CAVs,0.33432912826538086,0.2800430953502655,0.35344383120536804,0.14548234194517135,0.5511252209544181,0.003992015968063872,0.7291666865348816,0.14532989512704356,1.0,0.143842434532844,0.16319748759269714,0.08785832300782204,1.8575074279322137,0.10934237763285637,1.4925364815156335,0.6095201373100281,deliberately_off_manifold_diagnostic,0.005544466622310933,True,True,True,True,True,True,True,encoded_r2>=0.1; gain_over_permutation>=0.1; counterexample_sign_agreement>=0.8; grouped_CI_excludes_0; BH_FDR_q<=0.05_across_complete_member_layer_concept_family; scale_matched_intervention_ratio>1; parent_and_subset_matched_max_abs_SMD<=0.25
2864601_0.371,1,canonical_atrous_relu_pool_2,f_stab,"native max(log Q, -2)",invariant_tilde_f,240,760,96,25,71,0.02292347458380587,0.8756187360851674,0.9050525160724829,0.8627490756124032,-0.003089396825042501,0.5161290322580645,equilibrium_files,equilibrium_files,True,True,observed-comparison,mean_of_five_paired_matched_counterexample_CAVs,0.583551824092865,0.4395543336868286,0.6342552304267883,0.38186027482151985,0.8286458030343056,0.003992015968063872,0.8333333134651184,0.018428496453684117,1.0,0.04840252262228645,0.21536420285701752,0.08931732550263405,2.4112253881881656,0.08272882178425789,2.603254805424997,0.912870466709137,deliberately_off_manifold_diagnostic,0.005544466622310933,True,True,True,True,True,True,True,encoded_r2>=0.1; gain_over_permutation>=0.1; counterexample_sign_agreement>=0.8; grouped_CI_excludes_0; BH_FDR_q<=0.05_across_complete_member_layer_concept_family; scale_matched_intervention_ratio>1; parent_and_subset_matched_max_abs_SMD<=0.25
2864601_0.371,1,canonical_atrous_relu_pool_2,log_compression,"native max(log Q, -2)",invariant_tilde_f,240,760,96,25,71,0.16822386368782752,0.7782159761753479,0.7181432177091033,0.7914744983411118,-0.004132396933768767,0.8387096774193549,equilibrium_files,equilibrium_files,True,True,observed-comparison,mean_of_five_paired_matched_counterexample_CAVs,0.27487310767173767,0.058355774730443954,0.35111162066459656,0.14996879324316978,0.3992697142064571,0.003992015968063872,0.6875,0.03091345439431603,1.0,0.18727446716993226,0.12090582400560379,0.10199055820703506,1.18546094982804,0.13429248705506325,0.9003171112322121,0.3328705132007599,deliberately_off_manifold_diagnostic,0.005544466622310933,True,True,True,True,False,True,False,encoded_r2>=0.1; gain_over_permutation>=0.1; counterexample_sign_agreement>=0.8; grouped_CI_excludes_0; BH_FDR_q<=0.05_across_complete_member_layer_concept_family; scale_matched_intervention_ratio>1; parent_and_subset_matched_max_abs_SMD<=0.25
2864601_0.371,1,canonical_atrous_relu_pool_2,bad_curvature,"native max(log Q, -2)",invariant_tilde_f,240,760,96,25,71,0.08989400942972435,0.9616076481924936,0.9256327724127459,0.9670915266541819,-0.0009440000443858843,0.8709677419354839,equilibrium_files,equilibrium_files,True,True,observed-comparison,mean_of_five_paired_matched_counterexample_CAVs,-0.1607614904642105,0.1643354743719101,-0.2752322256565094,-0.3101950719952583,-0.012805045000277581,0.03992015968063872,0.3645833432674408,0.013707099453206834,1.0,0.1271790908462426,0.12192076444625854,0.12245294824242592,0.9956539731888383,0.12975753098726273,0.9396045340769204,1.126182198524475,deliberately_off_manifold_diagnostic,0.04829051574270813,True,True,True,True,False,True,False,encoded_r2>=0.1; gain_over_permutation>=0.1; counterexample_sign_agreement>=0.8; grouped_CI_excludes_0; BH_FDR_q<=0.05_across_complete_member_layer_concept_family; scale_matched_intervention_ratio>1; parent_and_subset_matched_max_abs_SMD<=0.25
2864601_0.371,1,canonical_atrous_relu_pool_2,geodesic_curvature,"native max(log Q, -2)",invariant_tilde_f,240,760,96,25,71,0.08521070653895317,0.8253289770252112,0.8370208404676797,0.8195152209855645,-0.0032735915854367192,0.7419354838709677,equilibrium_files,equilibrium_files,True,True,observed-comparison,mean_of_five_paired_matched_counterexample_CAVs,-0.24648790061473846,0.11921553313732147,-0.3752567172050476,-0.4102441154420376,-0.10416454430669547,0.007984031936127744,0.3229166567325592,0.015854083544481326,1.0,0.08463076697467951,0.14057791233062744,0.08555879816412926,1.6430561829650043,0.09421517327427864,1.4920941865847646,0.47067615389823914,deliberately_off_manifold_diagnostic,0.010324179227751393,True,True,True,True,True,True,True,encoded_r2>=0.1; gain_over_permutation>=0.1; counterexample_sign_agreement>=0.8; grouped_CI_excludes_0; BH_FDR_q<=0.05_across_complete_member_layer_concept_family; scale_matched_intervention_ratio>1; parent_and_subset_matched_max_abs_SMD<=0.25
2864601_0.371,1,canonical_atrous_relu_pool_2,parallel_scale,"native max(log Q, -2)",invariant_tilde_f,240,760,96,25,71,0.09600375315699965,0.6235708361772232,0.5020787858419901,0.6476278848577499,-0.0023429507123782223,0.6774193548387096,equilibrium_files,equilibrium_files,True,True,observed-comparison,mean_of_five_paired_matched_counterexample_CAVs,-0.42992833256721497,0.009346059523522854,-0.5846024751663208,-0.6051350921392441,-0.272580923140049,0.003992015968063872,0.2395833283662796,0.009177503410817666,1.0,0.1297400972817795,0.1537756770849228,0.08179128915071487,1.880098463805406,0.081255953758955,1.8924850422788322,0.6837415099143982,deliberately_off_manifold_diagnostic,0.005544466622310933,True,True,True,True,True,True,True,encoded_r2>=0.1; gain_over_permutation>=0.1; counterexample_sign_agreement>=0.8; grouped_CI_excludes_0; BH_FDR_q<=0.05_across_complete_member_layer_concept_family; scale_matched_intervention_ratio>1; parent_and_subset_matched_max_abs_SMD<=0.25
2864601_0.371,1,canonical_atrous_relu_pool_2,cross_channel_colocation,"native max(log Q, -2)",invariant_tilde_f,240,760,96,25,71,0.13987804404973891,0.8257023656610485,0.7356136556586144,0.8324895849046888,-0.0028748640936071546,0.6129032258064516,equilibrium_files,equilibrium_files,True,True,observed-comparison,mean_of_five_paired_matched_counterexample_CAVs,-0.2221256047487259,0.1158599928021431,-0.34113454818725586,-0.3873001106083393,-0.07151095531880867,0.011976047904191617,0.3333333432674408,0.01807622153553486,1.0,0.15963643836930047,0.12555940449237823,0.10143131017684937,1.2378761969401817,0.09781952947378159,1.2835821759501687,1.4296194314956665,deliberately_off_manifold_diagnostic,0.015353907569476433,True,True,True,True,True,True,True,encoded_r2>=0.1; gain_over_permutation>=0.1; counterexample_sign_agreement>=0.8; grouped_CI_excludes_0; BH_FDR_q<=0.05_across_complete_member_layer_concept_family; scale_matched_intervention_ratio>1; parent_and_subset_matched_max_abs_SMD<=0.25
2864601_0.371,1,canonical_atrous_relu_pool_2,log_FSA_grad_x,"native max(log Q, -2)",invariant_tilde_f,240,760,96,25,71,0.23066774123381684,0.902859606290498,0.9101020983834589,0.8990760162376027,-0.0042089474837399,0.9032258064516129,equilibrium_files,equilibrium_files,True,True,observed-comparison,mean_of_five_paired_matched_counterexample_CAVs,0.17392359673976898,-0.10581329464912415,0.27242255210876465,0.0785191336646676,0.27868038415908813,0.003992015968063872,0.6145833134651184,0.03104735399581077,1.0,0.24831456437187466,0.09838207066059113,0.09710714966058731,1.0131290126881487,0.12677615135908127,0.7760297942941442,0.3620050549507141,deliberately_off_manifold_diagnostic,0.005544466622310933,True,True,True,True,False,True,False,encoded_r2>=0.1; gain_over_permutation>=0.1; counterexample_sign_agreement>=0.8; grouped_CI_excludes_0; BH_FDR_q<=0.05_across_complete_member_layer_concept_family; scale_matched_intervention_ratio>1; parent_and_subset_matched_max_abs_SMD<=0.25
2864601_0.371,1,canonical_atrous_relu_pool_2,local_Qz_concentration,"native max(log Q, -2)",invariant_tilde_f,240,760,96,25,71,0.05774796919682034,0.24678069047411355,-0.08696229312470583,0.3331782006264372,-0.002312751572521199,0.5806451612903226,equilibrium_files,equilibrium_files,True,True,observed-comparison,mean_of_five_paired_matched_counterexample_CAVs,-0.09639663249254227,-0.09086478501558304,-0.09834448248147964,-0.21532936878502368,0.02313091983087356,0.13972055888223553,0.4583333432674408,0.056334971877464765,1.0,0.09608956077030087,0.10817822813987732,0.07919241860508919,1.366017480528438,0.12682079896330833,0.8530006830439172,0.3468320071697235,deliberately_off_manifold_diagnostic,0.1575795776867318,True,True,False,False,False,True,False,encoded_r2>=0.1; gain_over_permutation>=0.1; counterexample_sign_agreement>=0.8; grouped_CI_excludes_0; BH_FDR_q<=0.05_across_complete_member_layer_concept_family; scale_matched_intervention_ratio>1; parent_and_subset_matched_max_abs_SMD<=0.25
2864601_0.371,1,canonical_atrous_relu_pool_2,log10_zonal_phi2,"native max(log Q, -2)",invariant_tilde_f,240,760,96,25,71,0.3520757464011924,0.047145270438502584,-3.1280642049097853,-3.4460650348147377,-0.005050896074892952,0.3870967741935484,equilibrium_files,equilibrium_files,True,True,observed-comparison,mean_of_five_paired_matched_counterexample_CAVs,0.5521703958511353,0.4589136838912964,0.5850073099136353,0.3759388066828251,0.7894431844353674,0.003992015968063872,0.8229166865348816,0.09774514513991765,1.0,0.39671229964806637,0.2137460559606552,0.09608663991093636,2.224513794620964,0.10584107786417007,2.0194999925734294,0.7419694662094116,deliberately_off_manifold_diagnostic,0.005544466622310933,False,True,True,True,True,False,False,encoded_r2>=0.1; gain_over_permutation>=0.1; counterexample_sign_agreement>=0.8; grouped_CI_excludes_0; BH_FDR_q<=0.05_across_complete_member_layer_concept_family; scale_matched_intervention_ratio>1; parent_and_subset_matched_max_abs_SMD<=0.25
2864601_0.371,2,canonical_atrous_relu_pool_3,log_f_Q,"native max(log Q, -2)",invariant_tilde_f,240,760,96,25,71,0.12826962831676686,0.8036196440551774,0.8140940616164157,0.7909684890221094,-0.0023946726282109143,0.6666666666666666,equilibrium_files,equilibrium_files,True,True,observed-comparison,mean_of_five_paired_matched_counterexample_CAVs,0.3675236999988556,0.2979866564273834,0.39200857281684875,0.2099614754319191,0.5306747332215308,0.003992015968063872,0.78125,0.009305260191218244,1.0,0.1536253436777469,0.156400665640831,0.07614130526781082,2.054084377601946,0.07890746742486954,1.9820768647751286,1.2416141033172607,deliberately_off_manifold_diagnostic,0.005544466622310933,True,True,True,True,True,True,True,encoded_r2>=0.1; gain_over_permutation>=0.1; counterexample_sign_agreement>=0.8; grouped_CI_excludes_0; BH_FDR_q<=0.05_across_complete_member_layer_concept_family; scale_matched_intervention_ratio>1; parent_and_subset_matched_max_abs_SMD<=0.25
2864601_0.371,2,canonical_atrous_relu_pool_3,f_stab,"native max(log Q, -2)",invariant_tilde_f,240,760,96,25,71,0.02292347458380587,0.8073484940539426,0.8572534077578051,0.7860845811899427,-0.004424171568043311,0.6666666666666666,equilibrium_files,equilibrium_files,True,True,observed-comparison,mean_of_five_paired_matched_counterexample_CAVs,0.42226433753967285,0.43648838996887207,0.41725584864616394,0.20230749994516373,0.6557368293404578,0.003992015968063872,0.6875,0.0079172855533947,1.0,0.06330296638362773,0.21199463307857513,0.10020457208156586,2.1156183662559123,0.09492754936218262,2.2332255968153105,1.2550206184387207,deliberately_off_manifold_diagnostic,0.005544466622310933,True,True,True,True,True,True,True,encoded_r2>=0.1; gain_over_permutation>=0.1; counterexample_sign_agreement>=0.8; grouped_CI_excludes_0; BH_FDR_q<=0.05_across_complete_member_layer_concept_family; scale_matched_intervention_ratio>1; parent_and_subset_matched_max_abs_SMD<=0.25
2864601_0.371,2,canonical_atrous_relu_pool_3,log_compression,"native max(log Q, -2)",invariant_tilde_f,240,760,96,25,71,0.16822386368782752,0.629032112782695,0.5298776587244739,0.6508857892500046,-0.003085838487916215,0.9444444444444444,equilibrium_files,equilibrium_files,True,True,observed-comparison,mean_of_five_paired_matched_counterexample_CAVs,0.24886518716812134,0.08818374574184418,0.3054431676864624,0.17821368835866452,0.3300035700201988,0.003992015968063872,0.8020833134651184,0.012858134253472642,1.0,0.19036888850280106,0.08674059063196182,0.07510805875062943,1.1548772804787064,0.08837462961673737,0.9815100895827,0.7425036430358887,deliberately_off_manifold_diagnostic,0.005544466622310933,True,True,True,True,False,True,False,encoded_r2>=0.1; gain_over_permutation>=0.1; counterexample_sign_agreement>=0.8; grouped_CI_excludes_0; BH_FDR_q<=0.05_across_complete_member_layer_concept_family; scale_matched_intervention_ratio>1; parent_and_subset_matched_max_abs_SMD<=0.25
2864601_0.371,2,canonical_atrous_relu_pool_3,bad_curvature,"native max(log Q, -2)",invariant_tilde_f,240,760,96,25,71,0.08989400942972435,0.6178159925970073,0.7109133814836538,0.6011782815251463,-0.0016208222816771478,0.5,equilibrium_files,equilibrium_files,True,True,observed-comparison,mean_of_five_paired_matched_counterexample_CAVs,0.17967312037944794,0.3762524425983429,0.11045502126216888,-0.017796770390123125,0.4446277081966398,0.09580838323353294,0.5104166865348816,0.018545883927684238,1.0,0.11544852917843515,0.1536918580532074,0.09107671305537224,1.687498954422815,0.09277368709445,1.656631991964904,0.66285240650177,deliberately_off_manifold_diagnostic,0.11054813450023032,True,True,False,False,True,True,False,encoded_r2>=0.1; gain_over_permutation>=0.1; counterexample_sign_agreement>=0.8; grouped_CI_excludes_0; BH_FDR_q<=0.05_across_complete_member_layer_concept_family; scale_matched_intervention_ratio>1; parent_and_subset_matched_max_abs_SMD<=0.25
2864601_0.371,2,canonical_atrous_relu_pool_3,geodesic_curvature,"native max(log Q, -2)",invariant_tilde_f,240,760,96,25,71,0.08521070653895317,0.6134630907325243,0.616901371939085,0.6068277228404024,-0.002117358488196608,0.8333333333333334,equilibrium_files,equilibrium_files,True,True,observed-comparison,mean_of_five_paired_matched_counterexample_CAVs,0.13082273304462433,0.2661150097846985,0.083184614777565,-0.0026998050147085404,0.2729451529681679,0.059880239520958084,0.5833333134651184,0.012510499526469805,1.0,0.0973598515434297,0.11590081453323364,0.09643444046378136,1.2018612227730343,0.0909762941300869,1.2739671981748037,0.5804170966148376,deliberately_off_manifold_diagnostic,0.07072469234758828,True,True,False,False,True,True,False,encoded_r2>=0.1; gain_over_permutation>=0.1; counterexample_sign_agreement>=0.8; grouped_CI_excludes_0; BH_FDR_q<=0.05_across_complete_member_layer_concept_family; scale_matched_intervention_ratio>1; parent_and_subset_matched_max_abs_SMD<=0.25
2864601_0.371,2,canonical_atrous_relu_pool_3,parallel_scale,"native max(log Q, -2)",invariant_tilde_f,240,760,96,25,71,0.09600375315699965,0.5444137764078181,0.5025074835165813,0.5508782413726302,-0.0015295666497725513,0.6111111111111112,equilibrium_files,equilibrium_files,True,True,observed-comparison,mean_of_five_paired_matched_counterexample_CAVs,-0.02571667730808258,0.21971452236175537,-0.1121361255645752,-0.17358501069247723,0.13179691955447187,0.7704590818363274,0.4270833432674408,0.010756606408225162,1.0,0.1407348822846566,0.11823464184999466,0.08195735141634941,1.4426361980556683,0.06804335117340088,1.7376369595419674,0.46328815817832947,deliberately_off_manifold_diagnostic,0.7756299481573765,True,True,False,False,True,True,False,encoded_r2>=0.1; gain_over_permutation>=0.1; counterexample_sign_agreement>=0.8; grouped_CI_excludes_0; BH_FDR_q<=0.05_across_complete_member_layer_concept_family; scale_matched_intervention_ratio>1; parent_and_subset_matched_max_abs_SMD<=0.25
2864601_0.371,2,canonical_atrous_relu_pool_3,cross_channel_colocation,"native max(log Q, -2)",invariant_tilde_f,240,760,96,25,71,0.13987804404973891,0.5000516495268206,0.38278847322460685,0.5058988138609709,-0.0018333057757637938,0.7222222222222222,equilibrium_files,equilibrium_files,True,True,observed-comparison,mean_of_five_paired_matched_counterexample_CAVs,0.3403482735157013,0.48885685205459595,0.2880563735961914,0.0837520843371749,0.6804723918437956,0.003992015968063872,0.59375,0.017912766278477318,1.0,0.19296082669844547,0.1985722929239273,0.1058206632733345,1.8764982828638637,0.08798736706376076,2.256827309993607,0.9212718605995178,deliberately_off_manifold_diagnostic,0.005544466622310933,True,True,True,True,True,True,True,encoded_r2>=0.1; gain_over_permutation>=0.1; counterexample_sign_agreement>=0.8; grouped_CI_excludes_0; BH_FDR_q<=0.05_across_complete_member_layer_concept_family; scale_matched_intervention_ratio>1; parent_and_subset_matched_max_abs_SMD<=0.25
2864601_0.371,2,canonical_atrous_relu_pool_3,log_FSA_grad_x,"native max(log Q, -2)",invariant_tilde_f,240,760,96,25,71,0.23066774123381684,0.8501986469521114,0.8666741685897946,0.8427236281477414,-0.0023566583274423625,1.0,equilibrium_files,equilibrium_files,True,True,observed-comparison,mean_of_five_paired_matched_counterexample_CAVs,-0.026851022616028786,-0.21377304196357727,0.03896660357713699,-0.16515749022364618,0.0959600683301687,0.6906187624750499,0.6145833134651184,0.011622996052404378,1.0,0.2583807013273934,0.10518093407154083,0.08340884745121002,1.2610285033978725,0.0951581560075283,1.1053275776300204,0.42749184370040894,deliberately_off_manifold_diagnostic,0.7047130229337244,True,True,False,False,True,False,False,encoded_r2>=0.1; gain_over_permutation>=0.1; counterexample_sign_agreement>=0.8; grouped_CI_excludes_0; BH_FDR_q<=0.05_across_complete_member_layer_concept_family; scale_matched_intervention_ratio>1; parent_and_subset_matched_max_abs_SMD<=0.25
2864601_0.371,2,canonical_atrous_relu_pool_3,local_Qz_concentration,"native max(log Q, -2)",invariant_tilde_f,240,760,96,25,71,0.05774796919682034,0.2758184519962664,-0.057886424000642256,0.36221329847465966,-0.00026365569757791363,0.6111111111111112,equilibrium_files,equilibrium_files,True,True,observed-comparison,mean_of_five_paired_matched_counterexample_CAVs,0.08931330591440201,-0.07394645363092422,0.14679913222789764,0.004126152303069835,0.16575502716004847,0.05189620758483034,0.7708333134651184,0.02636985921482811,1.0,0.09055243414421024,0.07138439267873764,0.07666216790676117,0.9311554137832038,0.07340311259031296,0.972498170168308,0.3461349904537201,deliberately_off_manifold_diagnostic,0.0622754491017964,True,True,False,False,False,True,False,encoded_r2>=0.1; gain_over_permutation>=0.1; counterexample_sign_agreement>=0.8; grouped_CI_excludes_0; BH_FDR_q<=0.05_across_complete_member_layer_concept_family; scale_matched_intervention_ratio>1; parent_and_subset_matched_max_abs_SMD<=0.25
2864601_0.371,2,canonical_atrous_relu_pool_3,log10_zonal_phi2,"native max(log Q, -2)",invariant_tilde_f,240,760,96,25,71,0.3520757464011924,0.022595306005099736,-3.245384757469803,-3.5254748615825546,-0.017582433237822936,0.4444444444444444,equilibrium_files,equilibrium_files,True,True,observed-comparison,mean_of_five_paired_matched_counterexample_CAVs,0.4179411828517914,0.4880748987197876,0.3932461142539978,0.17629779912531376,0.7253512859344479,0.003992015968063872,0.6458333134651184,0.003832867406265564,1.0,0.3955450721319757,0.21572700142860413,0.07491074874997139,2.879787013591778,0.08376920223236084,2.575254337867703,1.0137264728546143,deliberately_off_manifold_diagnostic,0.005544466622310933,False,True,True,True,True,False,False,encoded_r2>=0.1; gain_over_permutation>=0.1; counterexample_sign_agreement>=0.8; grouped_CI_excludes_0; BH_FDR_q<=0.05_across_complete_member_layer_concept_family; scale_matched_intervention_ratio>1; parent_and_subset_matched_max_abs_SMD<=0.25
2864601_0.371,3,canonical_atrous_relu_pool_4,log_f_Q,"native max(log Q, -2)",invariant_tilde_f,240,760,96,25,71,0.12826962831676686,0.8439275075416688,0.8618775510091938,0.8300447051953073,-0.0013462235834396097,0.7894736842105263,equilibrium_files,equilibrium_files,True,True,observed-comparison,mean_of_five_paired_matched_counterexample_CAVs,0.35694456100463867,0.12198726832866669,0.43967604637145996,0.2633997894823551,0.451978126168251,0.003992015968063872,0.8333333134651184,0.006838219708984413,1.0,0.1553964760122767,0.10516759753227234,0.0631187204271555,1.6661870966418737,0.07259908318519592,1.4486077911479416,1.1671185493469238,deliberately_off_manifold_diagnostic,0.005544466622310933,True,True,True,True,True,True,True,encoded_r2>=0.1; gain_over_permutation>=0.1; counterexample_sign_agreement>=0.8; grouped_CI_excludes_0; BH_FDR_q<=0.05_across_complete_member_layer_concept_family; scale_matched_intervention_ratio>1; parent_and_subset_matched_max_abs_SMD<=0.25
2864601_0.371,3,canonical_atrous_relu_pool_4,f_stab,"native max(log Q, -2)",invariant_tilde_f,240,760,96,25,71,0.02292347458380587,0.7625430402161348,0.8203298510006992,0.7374819226520376,-0.0012223688135590827,1.0,equilibrium_files,equilibrium_files,True,True,observed-comparison,mean_of_five_paired_matched_counterexample_CAVs,0.42867064476013184,0.1805628538131714,0.5160325765609741,0.34475625604391097,0.5178328871726989,0.003992015968063872,0.875,0.010083760265422483,1.0,0.05178912460098362,0.11306144297122955,0.06946653127670288,1.6275671304340364,0.0830804742872715,1.3608666048329403,1.2929548025131226,deliberately_off_manifold_diagnostic,0.005544466622310933,True,True,True,True,True,True,True,encoded_r2>=0.1; gain_over_permutation>=0.1; counterexample_sign_agreement>=0.8; grouped_CI_excludes_0; BH_FDR_q<=0.05_across_complete_member_layer_concept_family; scale_matched_intervention_ratio>1; parent_and_subset_matched_max_abs_SMD<=0.25
2864601_0.371,3,canonical_atrous_relu_pool_4,log_compression,"native max(log Q, -2)",invariant_tilde_f,240,760,96,25,71,0.16822386368782752,0.6769337458668666,0.6435555809514375,0.6830568786193429,-0.0072199979071134734,0.8421052631578947,equilibrium_files,equilibrium_files,True,True,observed-comparison,mean_of_five_paired_matched_counterexample_CAVs,0.27087679505348206,0.07027017325162888,0.3415129482746124,0.1779275942593813,0.3768571317195892,0.003992015968063872,0.7395833134651184,0.0121390086747722,1.0,0.17545073631986516,0.09311078488826752,0.07163343206048012,1.2998230324864801,0.07081786915659904,1.3147922409578903,0.7983711957931519,deliberately_off_manifold_diagnostic,0.005544466622310933,True,True,True,True,True,True,True,encoded_r2>=0.1; gain_over_permutation>=0.1; counterexample_sign_agreement>=0.8; grouped_CI_excludes_0; BH_FDR_q<=0.05_across_complete_member_layer_concept_family; scale_matched_intervention_ratio>1; parent_and_subset_matched_max_abs_SMD<=0.25
2864601_0.371,3,canonical_atrous_relu_pool_4,bad_curvature,"native max(log Q, -2)",invariant_tilde_f,240,760,96,25,71,0.08989400942972435,0.5334701784535105,0.39817228702042085,0.5524579721824388,-0.0028605703642843316,0.8947368421052632,equilibrium_files,equilibrium_files,True,True,observed-comparison,mean_of_five_paired_matched_counterexample_CAVs,0.0839005708694458,0.11163999885320663,0.07413315773010254,0.019626439362764363,0.15029821954667563,0.023952095808383235,0.6041666865348816,0.01733351628113825,1.0,0.10578185064810677,0.0644465833902359,0.07457105442881584,0.8642305500957537,0.08246909081935883,0.7814634883195255,0.37681660056114197,deliberately_off_manifold_diagnostic,0.029692680754194095,True,True,True,True,False,True,False,encoded_r2>=0.1; gain_over_permutation>=0.1; counterexample_sign_agreement>=0.8; grouped_CI_excludes_0; BH_FDR_q<=0.05_across_complete_member_layer_concept_family; scale_matched_intervention_ratio>1; parent_and_subset_matched_max_abs_SMD<=0.25
2864601_0.371,3,canonical_atrous_relu_pool_4,geodesic_curvature,"native max(log Q, -2)",invariant_tilde_f,240,760,96,25,71,0.08521070653895317,0.5498097617951685,0.5956975731622398,0.5304508928001297,-0.002550397275431493,0.7894736842105263,equilibrium_files,equilibrium_files,True,True,observed-comparison,mean_of_five_paired_matched_counterexample_CAVs,0.13399235904216766,0.12973839044570923,0.13549020886421204,0.06201775493100286,0.21623564325273034,0.003992015968063872,0.65625,0.021143822585512385,1.0,0.10840040073092684,0.07871872186660767,0.07018281146883965,1.1216239449392515,0.07826521620154381,1.0057944727820851,0.5320342183113098,deliberately_off_manifold_diagnostic,0.005544466622310933,True,True,True,True,True,True,True,encoded_r2>=0.1; gain_over_permutation>=0.1; counterexample_sign_agreement>=0.8; grouped_CI_excludes_0; BH_FDR_q<=0.05_across_complete_member_layer_concept_family; scale_matched_intervention_ratio>1; parent_and_subset_matched_max_abs_SMD<=0.25
2864601_0.371,3,canonical_atrous_relu_pool_4,parallel_scale,"native max(log Q, -2)",invariant_tilde_f,240,760,96,25,71,0.09600375315699965,0.3385091940197459,0.26565448693211213,0.3504826120069583,-0.0007981444454421283,0.8947368421052632,equilibrium_files,equilibrium_files,True,True,observed-comparison,mean_of_five_paired_matched_counterexample_CAVs,-0.03530452400445938,0.0413970984518528,-0.06231212615966797,-0.11858868449926377,0.04724135212600229,0.4031936127744511,0.5520833134651184,0.02082738014669181,1.0,0.11937556867398927,0.08306635916233063,0.06965171545743942,1.1925960274889167,0.06842762231826782,1.2139302280002613,0.32425814867019653,deliberately_off_manifold_diagnostic,0.4199933466400532,True,True,False,False,True,True,False,encoded_r2>=0.1; gain_over_permutation>=0.1; counterexample_sign_agreement>=0.8; grouped_CI_excludes_0; BH_FDR_q<=0.05_across_complete_member_layer_concept_family; scale_matched_intervention_ratio>1; parent_and_subset_matched_max_abs_SMD<=0.25
2864601_0.371,3,canonical_atrous_relu_pool_4,cross_channel_colocation,"native max(log Q, -2)",invariant_tilde_f,240,760,96,25,71,0.13987804404973891,0.4428255288598568,0.35159503491100397,0.4455343817406967,-0.00013464989002143213,0.7894736842105263,equilibrium_files,equilibrium_files,True,True,observed-comparison,mean_of_five_paired_matched_counterexample_CAVs,0.24640017747879028,0.13417845964431763,0.28591489791870117,0.1622535739094019,0.3298142187297344,0.003992015968063872,0.8958333134651184,0.03188497045841923,1.0,0.15832690003864414,0.08836208283901215,0.07408272475004196,1.1927488241982096,0.06384730711579323,1.3839594311904027,0.8651323914527893,deliberately_off_manifold_diagnostic,0.005544466622310933,True,True,True,True,True,True,True,encoded_r2>=0.1; gain_over_permutation>=0.1; counterexample_sign_agreement>=0.8; grouped_CI_excludes_0; BH_FDR_q<=0.05_across_complete_member_layer_concept_family; scale_matched_intervention_ratio>1; parent_and_subset_matched_max_abs_SMD<=0.25
2864601_0.371,3,canonical_atrous_relu_pool_4,log_FSA_grad_x,"native max(log Q, -2)",invariant_tilde_f,240,760,96,25,71,0.23066774123381684,0.7818728345961147,0.7921128952569566,0.7752384713547831,-0.004259473503444466,0.5263157894736842,equilibrium_files,equilibrium_files,True,True,observed-comparison,mean_of_five_paired_matched_counterexample_CAVs,0.093404121696949,-0.019072452560067177,0.13300855457782745,0.029532447503879667,0.16351644955575464,0.003992015968063872,0.625,0.015160824155202975,1.0,0.25568281703222634,0.0630774274468422,0.07018318399786949,0.8987541438524219,0.07064707204699516,0.8928526776719414,0.33048680424690247,deliberately_off_manifold_diagnostic,0.005544466622310933,True,True,True,True,False,False,False,encoded_r2>=0.1; gain_over_permutation>=0.1; counterexample_sign_agreement>=0.8; grouped_CI_excludes_0; BH_FDR_q<=0.05_across_complete_member_layer_concept_family; scale_matched_intervention_ratio>1; parent_and_subset_matched_max_abs_SMD<=0.25
2864601_0.371,3,canonical_atrous_relu_pool_4,local_Qz_concentration,"native max(log Q, -2)",invariant_tilde_f,240,760,96,25,71,0.05774796919682034,0.3831105940607953,-0.07165010241217962,0.5009383369738882,-0.000801330426495328,0.5789473684210527,equilibrium_files,equilibrium_files,True,True,observed-comparison,mean_of_five_paired_matched_counterexample_CAVs,0.27065208554267883,0.08248426765203476,0.33690837025642395,0.15566058158874513,0.39386211186647413,0.003992015968063872,0.78125,0.012268304320465167,1.0,0.06424858273670742,0.10897587984800339,0.07355577126145363,1.4815408496044336,0.07297418266534805,1.4933484126537646,1.2312899827957153,deliberately_off_manifold_diagnostic,0.005544466622310933,True,True,True,True,True,True,True,encoded_r2>=0.1; gain_over_permutation>=0.1; counterexample_sign_agreement>=0.8; grouped_CI_excludes_0; BH_FDR_q<=0.05_across_complete_member_layer_concept_family; scale_matched_intervention_ratio>1; parent_and_subset_matched_max_abs_SMD<=0.25
2864601_0.371,3,canonical_atrous_relu_pool_4,log10_zonal_phi2,"native max(log Q, -2)",invariant_tilde_f,240,760,96,25,71,0.3520757464011924,0.030537521805936496,-3.2059925638754745,-3.504393049891756,0.0043842240536227095,0.5789473684210527,equilibrium_files,equilibrium_files,True,True,observed-comparison,mean_of_five_paired_matched_counterexample_CAVs,0.4990854263305664,0.25553467869758606,0.5848426222801208,0.38014222830533984,0.6366614013910293,0.003992015968063872,0.8854166865348816,0.022420683284055453,1.0,0.43201143588614466,0.14513258635997772,0.06736118905246258,2.154543118990148,0.0774352066218853,1.874245484597949,1.16395103931427,deliberately_off_manifold_diagnostic,0.005544466622310933,False,True,True,True,True,False,False,encoded_r2>=0.1; gain_over_permutation>=0.1; counterexample_sign_agreement>=0.8; grouped_CI_excludes_0; BH_FDR_q<=0.05_across_complete_member_layer_concept_family; scale_matched_intervention_ratio>1; parent_and_subset_matched_max_abs_SMD<=0.25
2864601_0.371,4,canonical_atrous_relu_pool_5,log_f_Q,"native max(log Q, -2)",invariant_tilde_f,240,760,96,25,71,0.12826962831676686,0.8642501693766378,0.8871581094089305,0.8492735723905388,-0.0022935585353380805,0.8260869565217391,equilibrium_files,equilibrium_files,True,True,observed-comparison,mean_of_five_paired_matched_counterexample_CAVs,0.21728156507015228,0.03860341012477875,0.2801964581012726,0.18507101833820344,0.24885245971381664,0.003992015968063872,0.8541666865348816,0.002548694545732439,1.0,0.15075495184261126,0.05393179506063461,0.025683924555778503,2.0998268758931062,0.040669796988368034,1.3260896059072937,0.9403214454650879,deliberately_off_manifold_diagnostic,0.005544466622310933,True,True,True,True,True,True,True,encoded_r2>=0.1; gain_over_permutation>=0.1; counterexample_sign_agreement>=0.8; grouped_CI_excludes_0; BH_FDR_q<=0.05_across_complete_member_layer_concept_family; scale_matched_intervention_ratio>1; parent_and_subset_matched_max_abs_SMD<=0.25
2864601_0.371,4,canonical_atrous_relu_pool_5,f_stab,"native max(log Q, -2)",invariant_tilde_f,240,760,96,25,71,0.02292347458380587,0.7657873794978394,0.8285348767983423,0.739296032106775,-0.0018851290362495998,0.5217391304347826,equilibrium_files,equilibrium_files,True,True,observed-comparison,mean_of_five_paired_matched_counterexample_CAVs,0.24403171241283417,0.0745607390999794,0.30370455980300903,0.2079454753547907,0.2920701138675213,0.003992015968063872,0.9166666865348816,0.003236754760667021,1.0,0.05692162797893598,0.06435196101665497,0.030574701726436615,2.104745341178999,0.03969782032072544,1.6210451983696972,1.2200016975402832,deliberately_off_manifold_diagnostic,0.005544466622310933,True,True,True,True,True,True,True,encoded_r2>=0.1; gain_over_permutation>=0.1; counterexample_sign_agreement>=0.8; grouped_CI_excludes_0; BH_FDR_q<=0.05_across_complete_member_layer_concept_family; scale_matched_intervention_ratio>1; parent_and_subset_matched_max_abs_SMD<=0.25
2864601_0.371,4,canonical_atrous_relu_pool_5,log_compression,"native max(log Q, -2)",invariant_tilde_f,240,760,96,25,71,0.16822386368782752,0.6447922955228766,0.6682739446809736,0.6368595417336256,-0.0036549705874002747,0.8260869565217391,equilibrium_files,equilibrium_files,True,True,observed-comparison,mean_of_five_paired_matched_counterexample_CAVs,0.15548808872699738,0.009543459862470627,0.20687703788280487,0.12489865105599166,0.18719683066010476,0.003992015968063872,0.7708333134651184,0.00774215704686327,1.0,0.17394053199194337,0.04193512722849846,0.03614714741706848,1.1601227268267627,0.03464889898896217,1.2102874392013843,0.6268457770347595,deliberately_off_manifold_diagnostic,0.005544466622310933,True,True,True,True,True,True,True,encoded_r2>=0.1; gain_over_permutation>=0.1; counterexample_sign_agreement>=0.8; grouped_CI_excludes_0; BH_FDR_q<=0.05_across_complete_member_layer_concept_family; scale_matched_intervention_ratio>1; parent_and_subset_matched_max_abs_SMD<=0.25
2864601_0.371,4,canonical_atrous_relu_pool_5,bad_curvature,"native max(log Q, -2)",invariant_tilde_f,240,760,96,25,71,0.08989400942972435,0.5367458104712655,0.4888680917921354,0.5419502817850333,-0.0028028526905559126,0.8260869565217391,equilibrium_files,equilibrium_files,True,True,observed-comparison,mean_of_five_paired_matched_counterexample_CAVs,0.056780774146318436,0.04495872184634209,0.06094345450401306,0.030552662396803498,0.085998891107738,0.003992015968063872,0.6458333134651184,0.01016466298086641,1.0,0.10302540365558673,0.028777461498975754,0.03635099716484547,0.791655353179858,0.03283435106277466,0.8764437416155202,0.2102259248495102,deliberately_off_manifold_diagnostic,0.005544466622310933,True,True,True,True,False,True,False,encoded_r2>=0.1; gain_over_permutation>=0.1; counterexample_sign_agreement>=0.8; grouped_CI_excludes_0; BH_FDR_q<=0.05_across_complete_member_layer_concept_family; scale_matched_intervention_ratio>1; parent_and_subset_matched_max_abs_SMD<=0.25
2864601_0.371,4,canonical_atrous_relu_pool_5,geodesic_curvature,"native max(log Q, -2)",invariant_tilde_f,240,760,96,25,71,0.08521070653895317,0.5315311134936253,0.5755041335902837,0.5124353493569874,-0.0008772399384113783,0.8260869565217391,equilibrium_files,equilibrium_files,True,True,observed-comparison,mean_of_five_paired_matched_counterexample_CAVs,0.07661562412977219,0.04243700951337814,0.08865034580230713,0.050581850670278074,0.10363523345440624,0.003992015968063872,0.8229166865348816,0.015450047451018044,1.0,0.12642914989084542,0.030338957905769348,0.030722422525286674,0.9875184120262096,0.03171809855848551,0.9565188105405139,0.2092207968235016,deliberately_off_manifold_diagnostic,0.005544466622310933,True,True,True,True,False,True,False,encoded_r2>=0.1; gain_over_permutation>=0.1; counterexample_sign_agreement>=0.8; grouped_CI_excludes_0; BH_FDR_q<=0.05_across_complete_member_layer_concept_family; scale_matched_intervention_ratio>1; parent_and_subset_matched_max_abs_SMD<=0.25
2864601_0.371,4,canonical_atrous_relu_pool_5,parallel_scale,"native max(log Q, -2)",invariant_tilde_f,240,760,96,25,71,0.09600375315699965,0.3008187066008602,0.23645903438109273,0.31074968879966636,-0.0013557708859357476,0.6521739130434783,equilibrium_files,equilibrium_files,True,True,observed-comparison,mean_of_five_paired_matched_counterexample_CAVs,0.004477213602513075,0.010108922608196735,0.002494218060746789,-0.02468443950638175,0.03353525651618837,0.7504990019960079,0.6458333134651184,0.0078089408265712024,0.6,0.11712842630308669,0.027337465435266495,0.03576632961630821,0.764335220542215,0.0359678640961647,0.760052511380055,0.2628917098045349,deliberately_off_manifold_diagnostic,0.7606408804013594,True,False,False,False,False,True,False,encoded_r2>=0.1; gain_over_permutation>=0.1; counterexample_sign_agreement>=0.8; grouped_CI_excludes_0; BH_FDR_q<=0.05_across_complete_member_layer_concept_family; scale_matched_intervention_ratio>1; parent_and_subset_matched_max_abs_SMD<=0.25
2864601_0.371,4,canonical_atrous_relu_pool_5,cross_channel_colocation,"native max(log Q, -2)",invariant_tilde_f,240,760,96,25,71,0.13987804404973891,0.39551805308385457,0.269803449629499,0.401037254489117,-0.0007490360625892478,0.782608695652174,equilibrium_files,equilibrium_files,True,True,observed-comparison,mean_of_five_paired_matched_counterexample_CAVs,0.15758366882801056,0.04452979564666748,0.19739137589931488,0.1335073221474886,0.18293200656771658,0.003992015968063872,0.90625,0.024714425139213854,1.0,0.17085151555671527,0.039271920919418335,0.039890484884381294,0.9844934458240905,0.03780772350728512,1.0387274682605814,0.3813474476337433,deliberately_off_manifold_diagnostic,0.005544466622310933,True,True,True,True,True,True,True,encoded_r2>=0.1; gain_over_permutation>=0.1; counterexample_sign_agreement>=0.8; grouped_CI_excludes_0; BH_FDR_q<=0.05_across_complete_member_layer_concept_family; scale_matched_intervention_ratio>1; parent_and_subset_matched_max_abs_SMD<=0.25
2864601_0.371,4,canonical_atrous_relu_pool_5,log_FSA_grad_x,"native max(log Q, -2)",invariant_tilde_f,240,760,96,25,71,0.23066774123381684,0.7851609578897506,0.808674826294381,0.7744760285276183,-0.003417293105537178,0.8260869565217391,equilibrium_files,equilibrium_files,True,True,observed-comparison,mean_of_five_paired_matched_counterexample_CAVs,0.03614218905568123,-0.02426503598690033,0.057412341237068176,0.006469978601671756,0.06187170892953873,0.01996007984031936,0.625,0.015412769345323294,1.0,0.25112141911711955,0.02868577092885971,0.02904346212744713,0.9876842782372909,0.03864347189664841,0.7423186768926853,0.3339928686618805,deliberately_off_manifold_diagnostic,0.0249500998003992,True,True,True,True,False,False,False,encoded_r2>=0.1; gain_over_permutation>=0.1; counterexample_sign_agreement>=0.8; grouped_CI_excludes_0; BH_FDR_q<=0.05_across_complete_member_layer_concept_family; scale_matched_intervention_ratio>1; parent_and_subset_matched_max_abs_SMD<=0.25
2864601_0.371,4,canonical_atrous_relu_pool_5,local_Qz_concentration,"native max(log Q, -2)",invariant_tilde_f,240,760,96,25,71,0.05774796919682034,0.37173434399613403,-0.05200845226211204,0.48151210468741135,-0.0013856872410302756,0.6956521739130435,equilibrium_files,equilibrium_files,True,True,observed-comparison,mean_of_five_paired_matched_counterexample_CAVs,0.15626086294651031,0.007246977649629116,0.2087305337190628,0.12778973318636416,0.18626790940761567,0.003992015968063872,0.8020833134651184,0.0070398560731009165,1.0,0.06779799072569752,0.04243644326925278,0.04624518007040024,0.9176403509436157,0.03247341886162758,1.3068055276248745,0.5882187485694885,deliberately_off_manifold_diagnostic,0.005544466622310933,True,True,True,True,True,True,True,encoded_r2>=0.1; gain_over_permutation>=0.1; counterexample_sign_agreement>=0.8; grouped_CI_excludes_0; BH_FDR_q<=0.05_across_complete_member_layer_concept_family; scale_matched_intervention_ratio>1; parent_and_subset_matched_max_abs_SMD<=0.25
2864601_0.371,4,canonical_atrous_relu_pool_5,log10_zonal_phi2,"native max(log Q, -2)",invariant_tilde_f,240,760,96,25,71,0.3520757464011924,0.034450585360756625,-3.1940913430088225,-3.4699416475108835,-0.0055229905373193056,0.5217391304347826,equilibrium_files,equilibrium_files,True,True,observed-comparison,mean_of_five_paired_matched_counterexample_CAVs,0.21140336990356445,0.08197806030511856,0.2569756507873535,0.1704210162162781,0.2560461282730102,0.003992015968063872,0.9166666865348816,0.014600061253209565,1.0,0.42358060222386323,0.05978472903370857,0.030247515998780727,1.976516981960386,0.04095716029405594,1.4596893096220114,0.8589723706245422,deliberately_off_manifold_diagnostic,0.005544466622310933,False,True,True,True,True,False,False,encoded_r2>=0.1; gain_over_permutation>=0.1; counterexample_sign_agreement>=0.8; grouped_CI_excludes_0; BH_FDR_q<=0.05_across_complete_member_layer_concept_family; scale_matched_intervention_ratio>1; parent_and_subset_matched_max_abs_SMD<=0.25
2864601_0.409,0,canonical_atrous_relu_pool_1,log_f_Q,"native max(log Q, -2)",invariant_tilde_f,240,760,96,25,71,0.12826962831676686,0.8323096681509095,0.8303849723034765,0.8258296242303198,-0.0020785615034597527,0.8846153846153846,equilibrium_files,equilibrium_files,True,True,observed-comparison,mean_of_five_paired_matched_counterexample_CAVs,-0.2681010067462921,0.08677275478839874,-0.39305657148361206,-0.41084975823760034,-0.135289415717125,0.003992015968063872,0.21875,0.33452387789509563,0.8,0.14155900762050252,0.134581059217453,0.13622713834047318,0.9879166578475272,0.1386270970106125,0.9708135142377703,0.5373808145523071,deliberately_off_manifold_diagnostic,0.005544466622310933,True,True,True,True,False,True,False,encoded_r2>=0.1; gain_over_permutation>=0.1; counterexample_sign_agreement>=0.8; grouped_CI_excludes_0; BH_FDR_q<=0.05_across_complete_member_layer_concept_family; scale_matched_intervention_ratio>1; parent_and_subset_matched_max_abs_SMD<=0.25
2864601_0.409,0,canonical_atrous_relu_pool_1,f_stab,"native max(log Q, -2)",invariant_tilde_f,240,760,96,25,71,0.02292347458380587,0.8689319655011323,0.8755316068933088,0.8628973734654969,-0.0024314161231933085,0.7307692307692307,equilibrium_files,equilibrium_files,True,True,observed-comparison,mean_of_five_paired_matched_counterexample_CAVs,0.40424537658691406,0.34855613112449646,0.4238543212413788,0.1855428744107485,0.6160926133394241,0.003992015968063872,0.6875,0.08662544565462413,1.0,0.05098416896720928,0.19660639762878418,0.11484778672456741,1.7118866913847766,0.14915553480386734,1.3181300840583123,0.8317751288414001,deliberately_off_manifold_diagnostic,0.005544466622310933,True,True,True,True,True,True,True,encoded_r2>=0.1; gain_over_permutation>=0.1; counterexample_sign_agreement>=0.8; grouped_CI_excludes_0; BH_FDR_q<=0.05_across_complete_member_layer_concept_family; scale_matched_intervention_ratio>1; parent_and_subset_matched_max_abs_SMD<=0.25
2864601_0.409,0,canonical_atrous_relu_pool_1,log_compression,"native max(log Q, -2)",invariant_tilde_f,240,760,96,25,71,0.16822386368782752,0.8874613781538789,0.8459632661770217,0.89687343782042,0.004486591584574429,0.9230769230769231,equilibrium_files,equilibrium_files,True,True,observed-comparison,mean_of_five_paired_matched_counterexample_CAVs,0.28441211581230164,-0.2308187037706375,0.4658314883708954,0.10319113042205573,0.465004838258028,0.007984031936127744,0.65625,0.060855878845669356,1.0,0.1901172135334244,0.18114212155342102,0.14086031913757324,1.285969836377454,0.08966550976037979,2.020198424539172,0.608298659324646,deliberately_off_manifold_diagnostic,0.010324179227751393,True,True,True,True,True,True,True,encoded_r2>=0.1; gain_over_permutation>=0.1; counterexample_sign_agreement>=0.8; grouped_CI_excludes_0; BH_FDR_q<=0.05_across_complete_member_layer_concept_family; scale_matched_intervention_ratio>1; parent_and_subset_matched_max_abs_SMD<=0.25
2864601_0.409,0,canonical_atrous_relu_pool_1,bad_curvature,"native max(log Q, -2)",invariant_tilde_f,240,760,96,25,71,0.08989400942972435,0.9861016190662045,0.9871955008349098,0.9858583352567986,-0.0007988133105933937,0.5,equilibrium_files,equilibrium_files,True,True,observed-comparison,mean_of_five_paired_matched_counterexample_CAVs,-0.45959213376045227,0.253685861825943,-0.7107463479042053,-0.671979084610939,-0.2536600217223169,0.003992015968063872,0.3125,0.028248401774709914,1.0,0.11037737950070198,0.21939146518707275,0.10888397693634033,2.0149104703930982,0.1050608940422535,2.0882314698258484,1.1920933723449707,deliberately_off_manifold_diagnostic,0.005544466622310933,True,True,True,True,True,True,True,encoded_r2>=0.1; gain_over_permutation>=0.1; counterexample_sign_agreement>=0.8; grouped_CI_excludes_0; BH_FDR_q<=0.05_across_complete_member_layer_concept_family; scale_matched_intervention_ratio>1; parent_and_subset_matched_max_abs_SMD<=0.25
2864601_0.409,0,canonical_atrous_relu_pool_1,geodesic_curvature,"native max(log Q, -2)",invariant_tilde_f,240,760,96,25,71,0.08521070653895317,0.9433583416384081,0.9580760497804716,0.9384388893164122,-0.0013609857328293895,0.8076923076923077,equilibrium_files,equilibrium_files,True,True,observed-comparison,mean_of_five_paired_matched_counterexample_CAVs,-0.5544989109039307,0.21218818426132202,-0.8244591951370239,-0.7661644518375397,-0.29582015499472625,0.003992015968063872,0.2291666716337204,0.05415378383060938,1.0,0.12931958139044095,0.22570757567882538,0.1352313607931137,1.6690475815305035,0.10978870838880539,2.0558359688457695,0.9252442717552185,deliberately_off_manifold_diagnostic,0.005544466622310933,True,True,True,True,True,True,True,encoded_r2>=0.1; gain_over_permutation>=0.1; counterexample_sign_agreement>=0.8; grouped_CI_excludes_0; BH_FDR_q<=0.05_across_complete_member_layer_concept_family; scale_matched_intervention_ratio>1; parent_and_subset_matched_max_abs_SMD<=0.25
2864601_0.409,0,canonical_atrous_relu_pool_1,parallel_scale,"native max(log Q, -2)",invariant_tilde_f,240,760,96,25,71,0.09600375315699965,0.7289181635214332,0.7219221695501843,0.7288996168862909,-0.001307945891614315,0.8461538461538461,equilibrium_files,equilibrium_files,True,True,observed-comparison,mean_of_five_paired_matched_counterexample_CAVs,-0.6989684104919434,0.16155095398426056,-1.0019679069519043,-0.9199061080813408,-0.4905753128230573,0.003992015968063872,0.2083333283662796,0.011942394067042186,1.0,0.11257098625867688,0.24047023057937622,0.10982406511902809,2.1895950611439567,0.12821945920586586,1.8754581564197943,0.9020278453826904,deliberately_off_manifold_diagnostic,0.005544466622310933,True,True,True,True,True,True,True,encoded_r2>=0.1; gain_over_permutation>=0.1; counterexample_sign_agreement>=0.8; grouped_CI_excludes_0; BH_FDR_q<=0.05_across_complete_member_layer_concept_family; scale_matched_intervention_ratio>1; parent_and_subset_matched_max_abs_SMD<=0.25
2864601_0.409,0,canonical_atrous_relu_pool_1,cross_channel_colocation,"native max(log Q, -2)",invariant_tilde_f,240,760,96,25,71,0.13987804404973891,0.8517372616604612,0.7769911344576206,0.857328663688738,-0.0035614696660140055,0.8076923076923077,equilibrium_files,equilibrium_files,True,True,observed-comparison,mean_of_five_paired_matched_counterexample_CAVs,-0.5955838561058044,0.19402004778385162,-0.8736133575439453,-0.8056479871273041,-0.35025121569633483,0.003992015968063872,0.2395833283662796,0.02727121733876251,1.0,0.16228612866123235,0.22661849856376648,0.11410859227180481,1.9859897843973475,0.08994287252426147,2.5195826217651396,0.9086796045303345,deliberately_off_manifold_diagnostic,0.005544466622310933,True,True,True,True,True,True,True,encoded_r2>=0.1; gain_over_permutation>=0.1; counterexample_sign_agreement>=0.8; grouped_CI_excludes_0; BH_FDR_q<=0.05_across_complete_member_layer_concept_family; scale_matched_intervention_ratio>1; parent_and_subset_matched_max_abs_SMD<=0.25
2864601_0.409,0,canonical_atrous_relu_pool_1,log_FSA_grad_x,"native max(log Q, -2)",invariant_tilde_f,240,760,96,25,71,0.23066774123381684,0.93165211132638,0.9228280867689178,0.9332925267937124,-0.0020343422305300063,0.6538461538461539,equilibrium_files,equilibrium_files,True,True,observed-comparison,mean_of_five_paired_matched_counterexample_CAVs,0.2901812195777893,-0.31353557109832764,0.5027576088905334,0.04896983038634062,0.5216000840067861,0.01996007984031936,0.65625,0.04169797212638063,1.0,0.2538353415672822,0.20856332778930664,0.11166474595665932,1.8677634198913307,0.11749519780278206,1.7750795920985996,1.067936897277832,deliberately_off_manifold_diagnostic,0.0249500998003992,True,True,True,True,True,False,False,encoded_r2>=0.1; gain_over_permutation>=0.1; counterexample_sign_agreement>=0.8; grouped_CI_excludes_0; BH_FDR_q<=0.05_across_complete_member_layer_concept_family; scale_matched_intervention_ratio>1; parent_and_subset_matched_max_abs_SMD<=0.25
2864601_0.409,0,canonical_atrous_relu_pool_1,local_Qz_concentration,"native max(log Q, -2)",invariant_tilde_f,240,760,96,25,71,0.05774796919682034,0.19009629179244647,-0.11611624182489,0.26933731915680914,-0.0006518064253864253,0.8461538461538461,equilibrium_files,equilibrium_files,True,True,observed-comparison,mean_of_five_paired_matched_counterexample_CAVs,-0.47369709610939026,-0.35819733142852783,-0.5143659710884094,-0.7273402228951454,-0.23190268389880675,0.003992015968063872,0.34375,0.29947431505028366,1.0,0.0955917044770101,0.21457722783088684,0.12671330198645592,1.6934072782178977,0.10633762553334236,2.017886206830956,0.6254863739013672,deliberately_off_manifold_diagnostic,0.005544466622310933,True,True,True,True,True,True,True,encoded_r2>=0.1; gain_over_permutation>=0.1; counterexample_sign_agreement>=0.8; grouped_CI_excludes_0; BH_FDR_q<=0.05_across_complete_member_layer_concept_family; scale_matched_intervention_ratio>1; parent_and_subset_matched_max_abs_SMD<=0.25
2864601_0.409,0,canonical_atrous_relu_pool_1,log10_zonal_phi2,"native max(log Q, -2)",invariant_tilde_f,240,760,96,25,71,0.3520757464011924,0.026725866837597034,-3.270188401318433,-3.3693260655083668,-0.005442647848653337,0.2692307692307692,equilibrium_files,equilibrium_files,True,True,observed-comparison,mean_of_five_paired_matched_counterexample_CAVs,0.6525607109069824,0.31305035948753357,0.7721065282821655,0.45633352398872373,0.8576080843806265,0.003992015968063872,0.75,0.32328575312098745,1.0,0.36485750429785335,0.22050823271274567,0.1448313519358635,1.5225172572468604,0.11512383073568344,1.9154004110497131,0.6606016159057617,deliberately_off_manifold_diagnostic,0.005544466622310933,False,True,True,True,True,False,False,encoded_r2>=0.1; gain_over_permutation>=0.1; counterexample_sign_agreement>=0.8; grouped_CI_excludes_0; BH_FDR_q<=0.05_across_complete_member_layer_concept_family; scale_matched_intervention_ratio>1; parent_and_subset_matched_max_abs_SMD<=0.25
2864601_0.409,1,canonical_atrous_relu_pool_2,log_f_Q,"native max(log Q, -2)",invariant_tilde_f,240,760,96,25,71,0.12826962831676686,0.8515205194328743,0.8627196619735586,0.8406508178560339,-0.0016076891358240974,0.6666666666666666,equilibrium_files,equilibrium_files,True,True,observed-comparison,mean_of_five_paired_matched_counterexample_CAVs,0.2312951683998108,0.038456011563539505,0.29919636249542236,0.14055942073464395,0.3188665241003036,0.003992015968063872,0.6354166865348816,0.19638456522681474,1.0,0.14822002652349026,0.10194623470306396,0.1315521001815796,0.7749495033705197,0.10448174178600311,0.9757325343203762,0.33508825302124023,deliberately_off_manifold_diagnostic,0.005544466622310933,True,True,True,True,False,True,False,encoded_r2>=0.1; gain_over_permutation>=0.1; counterexample_sign_agreement>=0.8; grouped_CI_excludes_0; BH_FDR_q<=0.05_across_complete_member_layer_concept_family; scale_matched_intervention_ratio>1; parent_and_subset_matched_max_abs_SMD<=0.25
2864601_0.409,1,canonical_atrous_relu_pool_2,f_stab,"native max(log Q, -2)",invariant_tilde_f,240,760,96,25,71,0.02292347458380587,0.840461167976743,0.9050616099679272,0.8156775984257654,-0.002657174799976403,0.9,equilibrium_files,equilibrium_files,True,True,observed-comparison,mean_of_five_paired_matched_counterexample_CAVs,0.7311602234840393,0.2435881644487381,0.9028407335281372,0.571191580593586,0.9089553833007812,0.003992015968063872,0.84375,0.03252936830774171,1.0,0.05963351992927413,0.207464337348938,0.09261085838079453,2.2401729233076795,0.1118757352232933,1.8544176441375688,0.7460048794746399,deliberately_off_manifold_diagnostic,0.005544466622310933,True,True,True,True,True,True,True,encoded_r2>=0.1; gain_over_permutation>=0.1; counterexample_sign_agreement>=0.8; grouped_CI_excludes_0; BH_FDR_q<=0.05_across_complete_member_layer_concept_family; scale_matched_intervention_ratio>1; parent_and_subset_matched_max_abs_SMD<=0.25
2864601_0.409,1,canonical_atrous_relu_pool_2,log_compression,"native max(log Q, -2)",invariant_tilde_f,240,760,96,25,71,0.16822386368782752,0.8109448186752687,0.8142861927988208,0.8089539899054201,-0.0011543490964951442,1.0,equilibrium_files,equilibrium_files,True,True,observed-comparison,mean_of_five_paired_matched_counterexample_CAVs,0.1795760542154312,-0.14613433182239532,0.2942628860473633,0.06551871821284294,0.2941655158996582,0.003992015968063872,0.6041666865348816,0.08132029214340443,1.0,0.16670999563162978,0.11360573768615723,0.10743055865168571,1.0574806564535595,0.09364646673202515,1.213134266039601,0.33091655373573303,deliberately_off_manifold_diagnostic,0.005544466622310933,True,True,True,True,True,True,True,encoded_r2>=0.1; gain_over_permutation>=0.1; counterexample_sign_agreement>=0.8; grouped_CI_excludes_0; BH_FDR_q<=0.05_across_complete_member_layer_concept_family; scale_matched_intervention_ratio>1; parent_and_subset_matched_max_abs_SMD<=0.25
2864601_0.409,1,canonical_atrous_relu_pool_2,bad_curvature,"native max(log Q, -2)",invariant_tilde_f,240,760,96,25,71,0.08989400942972435,0.973371442434201,0.9716412914331166,0.973509283159265,-0.00021768580126613202,0.6,equilibrium_files,equilibrium_files,True,True,observed-comparison,mean_of_five_paired_matched_counterexample_CAVs,-0.05526955425739288,0.14603833854198456,-0.1261526346206665,-0.1402687430381775,0.04430106747895479,0.29141716566866266,0.3854166567325592,0.0366896951989235,0.8,0.10751876453840478,0.0888967216014862,0.11957340687513351,0.7434489317036693,0.11075826361775398,0.8026193143320145,0.3050796687602997,deliberately_off_manifold_diagnostic,0.3100182613496411,True,True,False,False,False,True,False,encoded_r2>=0.1; gain_over_permutation>=0.1; counterexample_sign_agreement>=0.8; grouped_CI_excludes_0; BH_FDR_q<=0.05_across_complete_member_layer_concept_family; scale_matched_intervention_ratio>1; parent_and_subset_matched_max_abs_SMD<=0.25
2864601_0.409,1,canonical_atrous_relu_pool_2,geodesic_curvature,"native max(log Q, -2)",invariant_tilde_f,240,760,96,25,71,0.08521070653895317,0.8703272643961583,0.8956434570498752,0.8613913900074409,-0.0015508229514749061,0.9,equilibrium_files,equilibrium_files,True,True,observed-comparison,mean_of_five_paired_matched_counterexample_CAVs,-0.27196720242500305,0.09389214217662811,-0.4007909595966339,-0.35841368958354,-0.19368666447699076,0.003992015968063872,0.25,0.03797879879617737,1.0,0.11577799159284623,0.10138814151287079,0.11043034866452217,0.9181184587298477,0.12436433881521225,0.8152509190236533,0.3774873614311218,deliberately_off_manifold_diagnostic,0.005544466622310933,True,True,True,True,False,True,False,encoded_r2>=0.1; gain_over_permutation>=0.1; counterexample_sign_agreement>=0.8; grouped_CI_excludes_0; BH_FDR_q<=0.05_across_complete_member_layer_concept_family; scale_matched_intervention_ratio>1; parent_and_subset_matched_max_abs_SMD<=0.25
2864601_0.409,1,canonical_atrous_relu_pool_2,parallel_scale,"native max(log Q, -2)",invariant_tilde_f,240,760,96,25,71,0.09600375315699965,0.6765362740599778,0.7123012053039565,0.6670098924979363,-0.0015599084348718595,0.5333333333333333,equilibrium_files,equilibrium_files,True,True,observed-comparison,mean_of_five_paired_matched_counterexample_CAVs,-0.3183370530605316,0.04728469252586365,-0.44707706570625305,-0.39488519355654716,-0.24549884386360651,0.003992015968063872,0.2083333283662796,0.020183702829970947,1.0,0.12483654156378643,0.09388750791549683,0.13268840312957764,0.7075788516635506,0.12074701115489006,0.7775555437563685,0.5761818885803223,deliberately_off_manifold_diagnostic,0.005544466622310933,True,True,True,True,False,True,False,encoded_r2>=0.1; gain_over_permutation>=0.1; counterexample_sign_agreement>=0.8; grouped_CI_excludes_0; BH_FDR_q<=0.05_across_complete_member_layer_concept_family; scale_matched_intervention_ratio>1; parent_and_subset_matched_max_abs_SMD<=0.25
2864601_0.409,1,canonical_atrous_relu_pool_2,cross_channel_colocation,"native max(log Q, -2)",invariant_tilde_f,240,760,96,25,71,0.13987804404973891,0.7492385944844361,0.7404509080233163,0.7473433952702565,-0.0008573423595681362,0.6666666666666666,equilibrium_files,equilibrium_files,True,True,observed-comparison,mean_of_five_paired_matched_counterexample_CAVs,-0.15677668154239655,0.0787585899233818,-0.23971165716648102,-0.22486696764826775,-0.08618407472968104,0.003992015968063872,0.2604166567325592,0.04990207057655227,1.0,0.16109655730264694,0.07506512850522995,0.09413992241024971,0.7973782703803998,0.09467557817697525,0.7928668612396762,0.44207558035850525,deliberately_off_manifold_diagnostic,0.005544466622310933,True,True,True,True,False,True,False,encoded_r2>=0.1; gain_over_permutation>=0.1; counterexample_sign_agreement>=0.8; grouped_CI_excludes_0; BH_FDR_q<=0.05_across_complete_member_layer_concept_family; scale_matched_intervention_ratio>1; parent_and_subset_matched_max_abs_SMD<=0.25
2864601_0.409,1,canonical_atrous_relu_pool_2,log_FSA_grad_x,"native max(log Q, -2)",invariant_tilde_f,240,760,96,25,71,0.23066774123381684,0.9355819533667754,0.9373128963418873,0.9340223877863738,-0.0013043250229842762,0.8333333333333334,equilibrium_files,equilibrium_files,True,True,observed-comparison,mean_of_five_paired_matched_counterexample_CAVs,-0.12508058547973633,-0.20972006022930145,-0.09527794271707535,-0.24040586575865744,-0.016431971127167353,0.01996007984031936,0.4479166567325592,0.04678934677502272,1.0,0.2583274756864753,0.10985590517520905,0.098674226552248,1.1133191413164039,0.08606203645467758,1.276473456830898,0.5111979842185974,deliberately_off_manifold_diagnostic,0.0249500998003992,True,True,True,True,True,False,False,encoded_r2>=0.1; gain_over_permutation>=0.1; counterexample_sign_agreement>=0.8; grouped_CI_excludes_0; BH_FDR_q<=0.05_across_complete_member_layer_concept_family; scale_matched_intervention_ratio>1; parent_and_subset_matched_max_abs_SMD<=0.25
2864601_0.409,1,canonical_atrous_relu_pool_2,local_Qz_concentration,"native max(log Q, -2)",invariant_tilde_f,240,760,96,25,71,0.05774796919682034,0.27136677595265357,-0.10773265943552124,0.36953748714168655,-0.002143238534609626,0.9,equilibrium_files,equilibrium_files,True,True,observed-comparison,mean_of_five_paired_matched_counterexample_CAVs,-0.47132134437561035,-0.28347310423851013,-0.5374651551246643,-0.6388231083750725,-0.3275355510413648,0.003992015968063872,0.3125,0.03939462626599302,1.0,0.08560054986259372,0.16754283010959625,0.11152064800262451,1.5023480683653607,0.08224421367049217,2.0371382086629124,0.607070803642273,deliberately_off_manifold_diagnostic,0.005544466622310933,True,True,True,True,True,True,True,encoded_r2>=0.1; gain_over_permutation>=0.1; counterexample_sign_agreement>=0.8; grouped_CI_excludes_0; BH_FDR_q<=0.05_across_complete_member_layer_concept_family; scale_matched_intervention_ratio>1; parent_and_subset_matched_max_abs_SMD<=0.25
2864601_0.409,1,canonical_atrous_relu_pool_2,log10_zonal_phi2,"native max(log Q, -2)",invariant_tilde_f,240,760,96,25,71,0.3520757464011924,0.05231010181329154,-3.121576779964574,-3.3710339759699934,-0.008450852175649448,0.3,equilibrium_files,equilibrium_files,True,True,observed-comparison,mean_of_five_paired_matched_counterexample_CAVs,0.6607173681259155,0.2646244764328003,0.8001867532730103,0.5169782117009163,0.8381192833185194,0.003992015968063872,0.8333333134651184,0.04262198406574587,1.0,0.3911107309989091,0.19215738773345947,0.12118981033563614,1.585590300053099,0.10190367698669434,1.8856766842530093,0.6602972745895386,deliberately_off_manifold_diagnostic,0.005544466622310933,False,True,True,True,True,False,False,encoded_r2>=0.1; gain_over_permutation>=0.1; counterexample_sign_agreement>=0.8; grouped_CI_excludes_0; BH_FDR_q<=0.05_across_complete_member_layer_concept_family; scale_matched_intervention_ratio>1; parent_and_subset_matched_max_abs_SMD<=0.25
2864601_0.409,2,canonical_atrous_relu_pool_3,log_f_Q,"native max(log Q, -2)",invariant_tilde_f,240,760,96,25,71,0.12826962831676686,0.8224833624685592,0.8392056040896547,0.8081623345650681,-0.0007536512376054016,1.0,equilibrium_files,equilibrium_files,True,True,observed-comparison,mean_of_five_paired_matched_counterexample_CAVs,0.8505998253822327,0.3138258755207062,1.039604663848877,0.5760069012641906,1.1601455450057983,0.003992015968063872,0.71875,0.02265561673255063,1.0,0.1355365977449636,0.2835710048675537,0.21768339723348618,1.3026763109700865,0.15505609661340714,1.8288284760228792,0.406493604183197,deliberately_off_manifold_diagnostic,0.005544466622310933,True,True,True,True,True,True,True,encoded_r2>=0.1; gain_over_permutation>=0.1; counterexample_sign_agreement>=0.8; grouped_CI_excludes_0; BH_FDR_q<=0.05_across_complete_member_layer_concept_family; scale_matched_intervention_ratio>1; parent_and_subset_matched_max_abs_SMD<=0.25
2864601_0.409,2,canonical_atrous_relu_pool_3,f_stab,"native max(log Q, -2)",invariant_tilde_f,240,760,96,25,71,0.02292347458380587,0.847794535555227,0.89101469645766,0.8298257342435962,-0.000954327065914029,1.0,equilibrium_files,equilibrium_files,True,True,observed-comparison,mean_of_five_paired_matched_counterexample_CAVs,1.0545248985290527,0.6247239112854004,1.205863356590271,0.7099866688251495,1.450138223171234,0.003992015968063872,0.8020833134651184,0.02019944844119384,1.0,0.03410257489797997,0.3432249426841736,0.23236249387264252,1.4771099111730768,0.19047880172729492,1.8019062466361089,0.7581372857093811,deliberately_off_manifold_diagnostic,0.005544466622310933,True,True,True,True,True,True,True,encoded_r2>=0.1; gain_over_permutation>=0.1; counterexample_sign_agreement>=0.8; grouped_CI_excludes_0; BH_FDR_q<=0.05_across_complete_member_layer_concept_family; scale_matched_intervention_ratio>1; parent_and_subset_matched_max_abs_SMD<=0.25
2864601_0.409,2,canonical_atrous_relu_pool_3,log_compression,"native max(log Q, -2)",invariant_tilde_f,240,760,96,25,71,0.16822386368782752,0.7204723255848882,0.67475626952919,0.7298729738285391,-0.0016497606194090242,0.9166666666666666,equilibrium_files,equilibrium_files,True,True,observed-comparison,mean_of_five_paired_matched_counterexample_CAVs,0.4841446578502655,-0.01470140926539898,0.6597946882247925,0.3136506550014019,0.6705297783017158,0.003992015968063872,0.65625,0.04508816740804804,1.0,0.19909336438877562,0.19654162228107452,0.22522035986185074,0.8726636543944445,0.15916037559509277,1.2348652831850586,0.2291453331708908,deliberately_off_manifold_diagnostic,0.005544466622310933,True,True,True,True,True,True,True,encoded_r2>=0.1; gain_over_permutation>=0.1; counterexample_sign_agreement>=0.8; grouped_CI_excludes_0; BH_FDR_q<=0.05_across_complete_member_layer_concept_family; scale_matched_intervention_ratio>1; parent_and_subset_matched_max_abs_SMD<=0.25
2864601_0.409,2,canonical_atrous_relu_pool_3,bad_curvature,"native max(log Q, -2)",invariant_tilde_f,240,760,96,25,71,0.08989400942972435,0.42743822352360517,0.4730404353855696,0.4173308515152476,-0.0010716343223189373,0.9166666666666666,equilibrium_files,equilibrium_files,True,True,observed-comparison,mean_of_five_paired_matched_counterexample_CAVs,0.37560024857521057,0.5004431009292603,0.3316415250301361,0.12047243416309357,0.6516667857766152,0.003992015968063872,0.6041666865348816,0.04970051337525894,1.0,0.12204844151602476,0.224972203373909,0.16355395317077637,1.3755228718868213,0.1892038807272911,1.1890464535353402,0.4435337781906128,deliberately_off_manifold_diagnostic,0.005544466622310933,True,True,True,True,True,True,True,encoded_r2>=0.1; gain_over_permutation>=0.1; counterexample_sign_agreement>=0.8; grouped_CI_excludes_0; BH_FDR_q<=0.05_across_complete_member_layer_concept_family; scale_matched_intervention_ratio>1; parent_and_subset_matched_max_abs_SMD<=0.25
2864601_0.409,2,canonical_atrous_relu_pool_3,geodesic_curvature,"native max(log Q, -2)",invariant_tilde_f,240,760,96,25,71,0.08521070653895317,0.7065278994762166,0.7662611019367083,0.6856273666360029,-0.00278082689350323,0.9166666666666666,equilibrium_files,equilibrium_files,True,True,observed-comparison,mean_of_five_paired_matched_counterexample_CAVs,0.34578290581703186,0.46779781579971313,0.30281996726989746,0.0990116348490119,0.618302585184574,0.007984031936127744,0.65625,0.04320494674951452,1.0,0.10754498741940188,0.20622892677783966,0.1615292727947235,1.2767278847340684,0.22163314372301102,0.9304967809127728,0.3884904086589813,deliberately_off_manifold_diagnostic,0.010324179227751393,True,True,True,True,False,True,False,encoded_r2>=0.1; gain_over_permutation>=0.1; counterexample_sign_agreement>=0.8; grouped_CI_excludes_0; BH_FDR_q<=0.05_across_complete_member_layer_concept_family; scale_matched_intervention_ratio>1; parent_and_subset_matched_max_abs_SMD<=0.25
2864601_0.409,2,canonical_atrous_relu_pool_3,parallel_scale,"native max(log Q, -2)",invariant_tilde_f,240,760,96,25,71,0.09600375315699965,0.4860633681167358,0.5296416724489345,0.47378143982101284,-0.0007738912626560346,0.6666666666666666,equilibrium_files,equilibrium_files,True,True,observed-comparison,mean_of_five_paired_matched_counterexample_CAVs,-0.15728121995925903,0.2714611887931824,-0.3082468807697296,-0.3595626667141914,0.07199755627661937,0.17964071856287425,0.4270833432674408,0.036650186365437425,1.0,0.12810251358453062,0.17179203033447266,0.22408639639616013,0.7666330178774584,0.18091776221990585,0.9495586736567034,0.23422932624816895,deliberately_off_manifold_diagnostic,0.1996007984031936,True,True,False,False,False,True,False,encoded_r2>=0.1; gain_over_permutation>=0.1; counterexample_sign_agreement>=0.8; grouped_CI_excludes_0; BH_FDR_q<=0.05_across_complete_member_layer_concept_family; scale_matched_intervention_ratio>1; parent_and_subset_matched_max_abs_SMD<=0.25
2864601_0.409,2,canonical_atrous_relu_pool_3,cross_channel_colocation,"native max(log Q, -2)",invariant_tilde_f,240,760,96,25,71,0.13987804404973891,0.36784677508464836,0.24780032566312027,0.37251625795151766,-0.0013695937060305141,0.8333333333333334,equilibrium_files,equilibrium_files,True,True,observed-comparison,mean_of_five_paired_matched_counterexample_CAVs,0.679962158203125,0.5637825131416321,0.7208704948425293,0.40328213125467305,1.0085545897483823,0.003992015968063872,0.7395833134651184,0.037465679490147265,1.0,0.16607601419434725,0.2724035084247589,0.2857188731431961,0.9533969717437468,0.17659345269203186,1.5425459113697375,0.40902242064476013,deliberately_off_manifold_diagnostic,0.005544466622310933,True,True,True,True,True,True,True,encoded_r2>=0.1; gain_over_permutation>=0.1; counterexample_sign_agreement>=0.8; grouped_CI_excludes_0; BH_FDR_q<=0.05_across_complete_member_layer_concept_family; scale_matched_intervention_ratio>1; parent_and_subset_matched_max_abs_SMD<=0.25
2864601_0.409,2,canonical_atrous_relu_pool_3,log_FSA_grad_x,"native max(log Q, -2)",invariant_tilde_f,240,760,96,25,71,0.23066774123381684,0.9043206292804904,0.9159939539650866,0.8991907297332129,-0.003197899479827404,1.0,equilibrium_files,equilibrium_files,True,True,observed-comparison,mean_of_five_paired_matched_counterexample_CAVs,-0.002975535811856389,-0.30256402492523193,0.10251335054636002,-0.1768637154251337,0.1842619910836219,0.9940119760479041,0.5104166865348816,0.0115036915801473,0.6,0.24007843054764863,0.17341969907283783,0.16353650391101837,1.060434183961747,0.17537163943052292,0.9888696920207649,0.2927130162715912,deliberately_off_manifold_diagnostic,0.9940119760479041,True,False,False,False,False,True,False,encoded_r2>=0.1; gain_over_permutation>=0.1; counterexample_sign_agreement>=0.8; grouped_CI_excludes_0; BH_FDR_q<=0.05_across_complete_member_layer_concept_family; scale_matched_intervention_ratio>1; parent_and_subset_matched_max_abs_SMD<=0.25
2864601_0.409,2,canonical_atrous_relu_pool_3,local_Qz_concentration,"native max(log Q, -2)",invariant_tilde_f,240,760,96,25,71,0.05774796919682034,0.18109841022040107,-0.09460309555466062,0.25242154777319925,-0.0009844260746456612,0.75,equilibrium_files,equilibrium_files,True,True,observed-comparison,mean_of_five_paired_matched_counterexample_CAVs,0.09780780225992203,-0.17240723967552185,0.1929539144039154,-0.05114166801795363,0.23954012654721726,0.21956087824351297,0.5625,0.06584815529842163,0.8,0.07922318711056688,0.14004617929458618,0.19485154747962952,0.718732702439672,0.13725681602954865,1.020322220387489,0.22357966005802155,deliberately_off_manifold_diagnostic,0.24039512216443024,True,True,False,False,True,True,False,encoded_r2>=0.1; gain_over_permutation>=0.1; counterexample_sign_agreement>=0.8; grouped_CI_excludes_0; BH_FDR_q<=0.05_across_complete_member_layer_concept_family; scale_matched_intervention_ratio>1; parent_and_subset_matched_max_abs_SMD<=0.25
2864601_0.409,2,canonical_atrous_relu_pool_3,log10_zonal_phi2,"native max(log Q, -2)",invariant_tilde_f,240,760,96,25,71,0.3520757464011924,0.023540103270429547,-3.2818056936692583,-3.3911934496986804,-0.0012967547409847846,0.5833333333333334,equilibrium_files,equilibrium_files,True,True,observed-comparison,mean_of_five_paired_matched_counterexample_CAVs,1.0045416355133057,0.6551159024238586,1.1275787353515625,0.6436829179525375,1.3710701555013654,0.003992015968063872,0.7916666865348816,0.05020086400116271,1.0,0.41167219727670407,0.34732377529144287,0.2185661569237709,1.5891013511875887,0.198914997279644,1.7460914463033617,0.8036266565322876,deliberately_off_manifold_diagnostic,0.005544466622310933,False,True,True,True,True,False,False,encoded_r2>=0.1; gain_over_permutation>=0.1; counterexample_sign_agreement>=0.8; grouped_CI_excludes_0; BH_FDR_q<=0.05_across_complete_member_layer_concept_family; scale_matched_intervention_ratio>1; parent_and_subset_matched_max_abs_SMD<=0.25
2864601_0.409,3,canonical_atrous_relu_pool_4,log_f_Q,"native max(log Q, -2)",invariant_tilde_f,240,760,96,25,71,0.12826962831676686,0.8815274823876178,0.887903528838602,0.873872599616606,-0.0008288851705622324,0.8421052631578947,equilibrium_files,equilibrium_files,True,True,observed-comparison,mean_of_five_paired_matched_counterexample_CAVs,1.3957347869873047,0.514671802520752,1.7059683799743652,1.1141936659812928,1.710500285029411,0.003992015968063872,0.84375,0.02083094912898044,1.0,0.13587478566250424,0.3863489627838135,0.12790963426232338,3.0204836798412695,0.13467109948396683,2.868833508185696,0.8248476386070251,deliberately_off_manifold_diagnostic,0.005544466622310933,True,True,True,True,True,True,True,encoded_r2>=0.1; gain_over_permutation>=0.1; counterexample_sign_agreement>=0.8; grouped_CI_excludes_0; BH_FDR_q<=0.05_across_complete_member_layer_concept_family; scale_matched_intervention_ratio>1; parent_and_subset_matched_max_abs_SMD<=0.25
2864601_0.409,3,canonical_atrous_relu_pool_4,f_stab,"native max(log Q, -2)",invariant_tilde_f,240,760,96,25,71,0.02292347458380587,0.8756100600321205,0.9124555119292359,0.8604553179125748,-0.0017048862346971116,0.8947368421052632,equilibrium_files,equilibrium_files,True,True,observed-comparison,mean_of_five_paired_matched_counterexample_CAVs,1.087239384651184,0.5042330026626587,1.2925232648849487,0.8502245679497719,1.3530317395925522,0.003992015968063872,0.8958333134651184,0.044727226625620065,1.0,0.05101845890911498,0.3121793866157532,0.19841227680444717,1.5733874518431819,0.18867332488298416,1.6546026673848457,0.9036948680877686,deliberately_off_manifold_diagnostic,0.005544466622310933,True,True,True,True,True,True,True,encoded_r2>=0.1; gain_over_permutation>=0.1; counterexample_sign_agreement>=0.8; grouped_CI_excludes_0; BH_FDR_q<=0.05_across_complete_member_layer_concept_family; scale_matched_intervention_ratio>1; parent_and_subset_matched_max_abs_SMD<=0.25
2864601_0.409,3,canonical_atrous_relu_pool_4,log_compression,"native max(log Q, -2)",invariant_tilde_f,240,760,96,25,71,0.16822386368782752,0.8094399467218577,0.7223885807871286,0.8294670594422389,-0.0009138202462581901,0.8947368421052632,equilibrium_files,equilibrium_files,True,True,observed-comparison,mean_of_five_paired_matched_counterexample_CAVs,1.0300496816635132,0.32083943486213684,1.2797714471817017,0.7786993235349655,1.2896463841199874,0.003992015968063872,0.84375,0.026032287249791574,1.0,0.1829291381405248,0.3034203052520752,0.15497396141290665,1.9578792623339725,0.16444151103496552,1.845156392339148,0.5304995179176331,deliberately_off_manifold_diagnostic,0.005544466622310933,True,True,True,True,True,True,True,encoded_r2>=0.1; gain_over_permutation>=0.1; counterexample_sign_agreement>=0.8; grouped_CI_excludes_0; BH_FDR_q<=0.05_across_complete_member_layer_concept_family; scale_matched_intervention_ratio>1; parent_and_subset_matched_max_abs_SMD<=0.25
2864601_0.409,3,canonical_atrous_relu_pool_4,bad_curvature,"native max(log Q, -2)",invariant_tilde_f,240,760,96,25,71,0.08989400942972435,0.6121129301743216,0.6326684087767134,0.6068975588195407,-0.0018475200185203988,0.8421052631578947,equilibrium_files,equilibrium_files,True,True,observed-comparison,mean_of_five_paired_matched_counterexample_CAVs,0.20336782932281494,0.27730706334114075,0.17733289301395416,-0.0012237861752510044,0.38695596009492866,0.059880239520958084,0.6354166865348816,0.059616828327094994,1.0,0.1042460097243101,0.17872121930122375,0.14205048233270645,1.258152850777572,0.1781921684741974,1.0029689903409138,0.30012941360473633,deliberately_off_manifold_diagnostic,0.07072469234758828,True,True,False,False,True,True,False,encoded_r2>=0.1; gain_over_permutation>=0.1; counterexample_sign_agreement>=0.8; grouped_CI_excludes_0; BH_FDR_q<=0.05_across_complete_member_layer_concept_family; scale_matched_intervention_ratio>1; parent_and_subset_matched_max_abs_SMD<=0.25
2864601_0.409,3,canonical_atrous_relu_pool_4,geodesic_curvature,"native max(log Q, -2)",invariant_tilde_f,240,760,96,25,71,0.08521070653895317,0.6399333885911704,0.7037689050270337,0.6169149838337351,-0.0025740744547573247,1.0,equilibrium_files,equilibrium_files,True,True,observed-comparison,mean_of_five_paired_matched_counterexample_CAVs,0.37112900614738464,0.37350767850875854,0.37029147148132324,0.14956028237938881,0.5930857345461844,0.003992015968063872,0.7291666865348816,0.08889509188071841,1.0,0.10018676903171402,0.21916058659553528,0.19017423689365387,1.1524199606389938,0.13558530062437057,1.6164037368822457,0.3545647859573364,deliberately_off_manifold_diagnostic,0.005544466622310933,True,True,True,True,True,True,True,encoded_r2>=0.1; gain_over_permutation>=0.1; counterexample_sign_agreement>=0.8; grouped_CI_excludes_0; BH_FDR_q<=0.05_across_complete_member_layer_concept_family; scale_matched_intervention_ratio>1; parent_and_subset_matched_max_abs_SMD<=0.25
2864601_0.409,3,canonical_atrous_relu_pool_4,parallel_scale,"native max(log Q, -2)",invariant_tilde_f,240,760,96,25,71,0.09600375315699965,0.49072536009947054,0.38637027684142145,0.5103424331121711,-0.00410376293540371,1.0,equilibrium_files,equilibrium_files,True,True,observed-comparison,mean_of_five_paired_matched_counterexample_CAVs,-0.06278356164693832,0.1439875066280365,-0.13559022545814514,-0.27773371785879136,0.1264695432037115,0.590818363273453,0.59375,0.1100846463240755,0.6,0.14281576524861136,0.19110864400863647,0.15774080157279968,1.2115359000533357,0.18586945533752441,1.0281874644846734,0.23368817567825317,deliberately_off_manifold_diagnostic,0.6111914102828825,True,False,False,False,True,True,False,encoded_r2>=0.1; gain_over_permutation>=0.1; counterexample_sign_agreement>=0.8; grouped_CI_excludes_0; BH_FDR_q<=0.05_across_complete_member_layer_concept_family; scale_matched_intervention_ratio>1; parent_and_subset_matched_max_abs_SMD<=0.25
2864601_0.409,3,canonical_atrous_relu_pool_4,cross_channel_colocation,"native max(log Q, -2)",invariant_tilde_f,240,760,96,25,71,0.13987804404973891,0.54642989547592,0.3791705399556393,0.5576092882555902,-0.0009501098242712391,0.631578947368421,equilibrium_files,equilibrium_files,True,True,observed-comparison,mean_of_five_paired_matched_counterexample_CAVs,0.9181758761405945,0.49054184556007385,1.0687510967254639,0.7218319177627563,1.1478057295083999,0.003992015968063872,0.875,0.039207751565695684,1.0,0.17692266775423648,0.26818716526031494,0.17897357046604156,1.498473571052776,0.18151982128620148,1.4774538855316823,0.6752194166183472,deliberately_off_manifold_diagnostic,0.005544466622310933,True,True,True,True,True,True,True,encoded_r2>=0.1; gain_over_permutation>=0.1; counterexample_sign_agreement>=0.8; grouped_CI_excludes_0; BH_FDR_q<=0.05_across_complete_member_layer_concept_family; scale_matched_intervention_ratio>1; parent_and_subset_matched_max_abs_SMD<=0.25
2864601_0.409,3,canonical_atrous_relu_pool_4,log_FSA_grad_x,"native max(log Q, -2)",invariant_tilde_f,240,760,96,25,71,0.23066774123381684,0.9032094509624709,0.9128527234114303,0.8986893567958227,-0.001719232834914708,0.8947368421052632,equilibrium_files,equilibrium_files,True,True,observed-comparison,mean_of_five_paired_matched_counterexample_CAVs,0.39335188269615173,0.0017652703681960702,0.5312345027923584,0.2239268571138382,0.5898203417658806,0.003992015968063872,0.6145833134651184,0.061428399455578576,1.0,0.24696328570767095,0.19049064815044403,0.17972193658351898,1.0599187376434747,0.1512390598654747,1.2595334057212677,0.303604394197464,deliberately_off_manifold_diagnostic,0.005544466622310933,True,True,True,True,True,True,True,encoded_r2>=0.1; gain_over_permutation>=0.1; counterexample_sign_agreement>=0.8; grouped_CI_excludes_0; BH_FDR_q<=0.05_across_complete_member_layer_concept_family; scale_matched_intervention_ratio>1; parent_and_subset_matched_max_abs_SMD<=0.25
2864601_0.409,3,canonical_atrous_relu_pool_4,local_Qz_concentration,"native max(log Q, -2)",invariant_tilde_f,240,760,96,25,71,0.05774796919682034,0.3768630385907292,-0.12730952025106812,0.5075084315615026,-0.0008315931042364166,0.42105263157894735,equilibrium_files,equilibrium_files,True,True,observed-comparison,mean_of_five_paired_matched_counterexample_CAVs,0.7646989822387695,0.22062528133392334,0.9562742114067078,0.5423975929617881,0.999146631360054,0.003992015968063872,0.7395833134651184,0.07324669455215171,1.0,0.10759182278685876,0.2505932152271271,0.19628483057022095,1.2766815168504695,0.15941781550645828,1.5719272932640025,0.33524569869041443,deliberately_off_manifold_diagnostic,0.005544466622310933,True,True,True,True,True,True,True,encoded_r2>=0.1; gain_over_permutation>=0.1; counterexample_sign_agreement>=0.8; grouped_CI_excludes_0; BH_FDR_q<=0.05_across_complete_member_layer_concept_family; scale_matched_intervention_ratio>1; parent_and_subset_matched_max_abs_SMD<=0.25
2864601_0.409,3,canonical_atrous_relu_pool_4,log10_zonal_phi2,"native max(log Q, -2)",invariant_tilde_f,240,760,96,25,71,0.3520757464011924,0.024766123446169352,-3.234082632514488,-3.521428287455975,-0.008409986961823712,0.47368421052631576,equilibrium_files,equilibrium_files,True,True,observed-comparison,mean_of_five_paired_matched_counterexample_CAVs,1.2451380491256714,0.6287044286727905,1.462192177772522,0.9734384462237358,1.5485057055950164,0.003992015968063872,0.875,0.02465127318428013,1.0,0.3607467339733111,0.35422080755233765,0.18627284467220306,1.90162343939979,0.18401863425970078,1.9249181419987875,0.9991758465766907,deliberately_off_manifold_diagnostic,0.005544466622310933,False,True,True,True,True,False,False,encoded_r2>=0.1; gain_over_permutation>=0.1; counterexample_sign_agreement>=0.8; grouped_CI_excludes_0; BH_FDR_q<=0.05_across_complete_member_layer_concept_family; scale_matched_intervention_ratio>1; parent_and_subset_matched_max_abs_SMD<=0.25
2864601_0.409,4,canonical_atrous_relu_pool_5,log_f_Q,"native max(log Q, -2)",invariant_tilde_f,240,760,96,25,71,0.12826962831676686,0.9038762882234375,0.9100443707223378,0.8972697638248084,-0.0005365757910542612,0.7741935483870968,equilibrium_files,equilibrium_files,True,True,observed-comparison,mean_of_five_paired_matched_counterexample_CAVs,0.8485115170478821,0.1395002156496048,1.0981636047363281,0.7280337065458298,0.9900881692767143,0.003992015968063872,0.90625,0.008525514436641695,1.0,0.16337641484982107,0.2110038697719574,0.13709181547164917,1.5391427201253556,0.14030411839485168,1.5039036072921148,0.849951982498169,deliberately_off_manifold_diagnostic,0.005544466622310933,True,True,True,True,True,True,True,encoded_r2>=0.1; gain_over_permutation>=0.1; counterexample_sign_agreement>=0.8; grouped_CI_excludes_0; BH_FDR_q<=0.05_across_complete_member_layer_concept_family; scale_matched_intervention_ratio>1; parent_and_subset_matched_max_abs_SMD<=0.25
2864601_0.409,4,canonical_atrous_relu_pool_5,f_stab,"native max(log Q, -2)",invariant_tilde_f,240,760,96,25,71,0.02292347458380587,0.8679204242388996,0.9088408860399699,0.8512747852510317,-0.0017936813824954712,0.7741935483870968,equilibrium_files,equilibrium_files,True,True,observed-comparison,mean_of_five_paired_matched_counterexample_CAVs,0.8994103074073792,0.25459253787994385,1.1264588832855225,0.7344958245754242,1.0830620169639587,0.003992015968063872,0.9375,0.024256479630748472,1.0,0.062274569833914516,0.23056519031524658,0.1356109119951725,1.7001964438042736,0.14149783179163933,1.6294609422338158,0.9584968090057373,deliberately_off_manifold_diagnostic,0.005544466622310933,True,True,True,True,True,True,True,encoded_r2>=0.1; gain_over_permutation>=0.1; counterexample_sign_agreement>=0.8; grouped_CI_excludes_0; BH_FDR_q<=0.05_across_complete_member_layer_concept_family; scale_matched_intervention_ratio>1; parent_and_subset_matched_max_abs_SMD<=0.25
2864601_0.409,4,canonical_atrous_relu_pool_5,log_compression,"native max(log Q, -2)",invariant_tilde_f,240,760,96,25,71,0.16822386368782752,0.8389365261108245,0.770984278850398,0.8544930526002924,-0.0031444328392811194,0.967741935483871,equilibrium_files,equilibrium_files,True,True,observed-comparison,mean_of_five_paired_matched_counterexample_CAVs,0.6121067404747009,0.03365704417228699,0.8157860636711121,0.5137541785836219,0.7220240831375122,0.003992015968063872,0.8020833134651184,0.032123808603341214,1.0,0.17697143377148336,0.1633317619562149,0.11486921831965446,1.421893213390731,0.21570904552936554,0.7571855021442749,0.5494779944419861,deliberately_off_manifold_diagnostic,0.005544466622310933,True,True,True,True,False,True,False,encoded_r2>=0.1; gain_over_permutation>=0.1; counterexample_sign_agreement>=0.8; grouped_CI_excludes_0; BH_FDR_q<=0.05_across_complete_member_layer_concept_family; scale_matched_intervention_ratio>1; parent_and_subset_matched_max_abs_SMD<=0.25
2864601_0.409,4,canonical_atrous_relu_pool_5,bad_curvature,"native max(log Q, -2)",invariant_tilde_f,240,760,96,25,71,0.08989400942972435,0.6920220915050297,0.6531235719111029,0.6965979533202282,-0.001589547530724822,0.967741935483871,equilibrium_files,equilibrium_files,True,True,observed-comparison,mean_of_five_paired_matched_counterexample_CAVs,0.24531041085720062,0.15083234012126923,0.27857735753059387,0.13363156355917455,0.36990381479263296,0.003992015968063872,0.5833333134651184,0.04632654270180561,1.0,0.12447882714777873,0.12546169757843018,0.11317921429872513,1.1085224292800502,0.1453614979982376,0.8631012978412709,0.24070937931537628,deliberately_off_manifold_diagnostic,0.005544466622310933,True,True,True,True,False,True,False,encoded_r2>=0.1; gain_over_permutation>=0.1; counterexample_sign_agreement>=0.8; grouped_CI_excludes_0; BH_FDR_q<=0.05_across_complete_member_layer_concept_family; scale_matched_intervention_ratio>1; parent_and_subset_matched_max_abs_SMD<=0.25
2864601_0.409,4,canonical_atrous_relu_pool_5,geodesic_curvature,"native max(log Q, -2)",invariant_tilde_f,240,760,96,25,71,0.08521070653895317,0.649117066037834,0.7093061512393564,0.6272462231093577,-0.0012868211399930107,0.7096774193548387,equilibrium_files,equilibrium_files,True,True,observed-comparison,mean_of_five_paired_matched_counterexample_CAVs,0.2654106616973877,0.11611233651638031,0.31798049807548523,0.12282134424895048,0.4043480381369591,0.003992015968063872,0.6145833134651184,0.034049799472214544,1.0,0.11335558002613642,0.14675606787204742,0.16204576194286346,0.9056458256760389,0.14544172585010529,1.0090368978658621,0.2454138696193695,deliberately_off_manifold_diagnostic,0.005544466622310933,True,True,True,True,True,True,True,encoded_r2>=0.1; gain_over_permutation>=0.1; counterexample_sign_agreement>=0.8; grouped_CI_excludes_0; BH_FDR_q<=0.05_across_complete_member_layer_concept_family; scale_matched_intervention_ratio>1; parent_and_subset_matched_max_abs_SMD<=0.25
2864601_0.409,4,canonical_atrous_relu_pool_5,parallel_scale,"native max(log Q, -2)",invariant_tilde_f,240,760,96,25,71,0.09600375315699965,0.46400913652745135,0.3900148447816897,0.4769344924788963,-0.0028602438205727054,0.9354838709677419,equilibrium_files,equilibrium_files,True,True,observed-comparison,mean_of_five_paired_matched_counterexample_CAVs,0.06786097586154938,0.037814248353242874,0.07844080775976181,-0.10485929325222967,0.20916700474917888,0.3992015968063872,0.6666666865348816,0.07342373511092369,0.8,0.11559816640347662,0.15220831334590912,0.1053529866039753,1.44474606987711,0.1327270045876503,1.1467772803189704,0.26530101895332336,deliberately_off_manifold_diagnostic,0.4187429337129936,True,True,False,False,True,True,False,encoded_r2>=0.1; gain_over_permutation>=0.1; counterexample_sign_agreement>=0.8; grouped_CI_excludes_0; BH_FDR_q<=0.05_across_complete_member_layer_concept_family; scale_matched_intervention_ratio>1; parent_and_subset_matched_max_abs_SMD<=0.25
2864601_0.409,4,canonical_atrous_relu_pool_5,cross_channel_colocation,"native max(log Q, -2)",invariant_tilde_f,240,760,96,25,71,0.13987804404973891,0.5736509234864389,0.41531539557075425,0.584266914824392,-0.0065827284777078,0.5806451612903226,equilibrium_files,equilibrium_files,True,True,observed-comparison,mean_of_five_paired_matched_counterexample_CAVs,0.6515905857086182,0.15643541514873505,0.8259410262107849,0.5599911451339722,0.7265850871801376,0.003992015968063872,0.8958333134651184,0.06536137605192574,1.0,0.1976939495735091,0.15687239170074463,0.11742439493536949,1.335943794192743,0.13722972944378853,1.143137076321367,0.4897744655609131,deliberately_off_manifold_diagnostic,0.005544466622310933,True,True,True,True,True,True,True,encoded_r2>=0.1; gain_over_permutation>=0.1; counterexample_sign_agreement>=0.8; grouped_CI_excludes_0; BH_FDR_q<=0.05_across_complete_member_layer_concept_family; scale_matched_intervention_ratio>1; parent_and_subset_matched_max_abs_SMD<=0.25
2864601_0.409,4,canonical_atrous_relu_pool_5,log_FSA_grad_x,"native max(log Q, -2)",invariant_tilde_f,240,760,96,25,71,0.23066774123381684,0.9024375578388714,0.9189017289366319,0.8957968841313055,-0.004247851919553902,0.8387096774193549,equilibrium_files,equilibrium_files,True,True,observed-comparison,mean_of_five_paired_matched_counterexample_CAVs,0.2523983418941498,-0.04118277132511139,0.35577192902565,0.13251736387610435,0.36365078687667846,0.003992015968063872,0.6354166865348816,0.052771863188965956,1.0,0.22428389369586713,0.12745827436447144,0.13296296820044518,0.9585997972933692,0.1869756504893303,0.6816838130040083,0.25897151231765747,deliberately_off_manifold_diagnostic,0.005544466622310933,True,True,True,True,False,True,False,encoded_r2>=0.1; gain_over_permutation>=0.1; counterexample_sign_agreement>=0.8; grouped_CI_excludes_0; BH_FDR_q<=0.05_across_complete_member_layer_concept_family; scale_matched_intervention_ratio>1; parent_and_subset_matched_max_abs_SMD<=0.25
2864601_0.409,4,canonical_atrous_relu_pool_5,local_Qz_concentration,"native max(log Q, -2)",invariant_tilde_f,240,760,96,25,71,0.05774796919682034,0.4204123089278389,-0.05309529432899307,0.543112948210486,-0.0023231699083516855,0.8709677419354839,equilibrium_files,equilibrium_files,True,True,observed-comparison,mean_of_five_paired_matched_counterexample_CAVs,0.6140496134757996,0.04122129827737808,0.8157497048377991,0.512653112411499,0.7235181391239166,0.003992015968063872,0.8333333134651184,0.03975288131544485,1.0,0.10098798924797055,0.16526886820793152,0.10688193514943123,1.5462750368139362,0.1741275191307068,0.9491254974113217,0.5466306209564209,deliberately_off_manifold_diagnostic,0.005544466622310933,True,True,True,True,False,True,False,encoded_r2>=0.1; gain_over_permutation>=0.1; counterexample_sign_agreement>=0.8; grouped_CI_excludes_0; BH_FDR_q<=0.05_across_complete_member_layer_concept_family; scale_matched_intervention_ratio>1; parent_and_subset_matched_max_abs_SMD<=0.25
2864601_0.409,4,canonical_atrous_relu_pool_5,log10_zonal_phi2,"native max(log Q, -2)",invariant_tilde_f,240,760,96,25,71,0.3520757464011924,0.030797703036996915,-3.1970181734336194,-3.528334216809882,-0.010749039417468298,0.3548387096774194,equilibrium_files,equilibrium_files,True,True,observed-comparison,mean_of_five_paired_matched_counterexample_CAVs,0.9807057976722717,0.3256736695766449,1.2113510370254517,0.7830176323652267,1.214690899848938,0.003992015968063872,0.9375,0.021755488059271362,1.0,0.404408046887513,0.26791590452194214,0.16591934859752655,1.6147357543684095,0.21241270005702972,1.2612988980885353,1.0059012174606323,deliberately_off_manifold_diagnostic,0.005544466622310933,False,True,True,True,True,False,False,encoded_r2>=0.1; gain_over_permutation>=0.1; counterexample_sign_agreement>=0.8; grouped_CI_excludes_0; BH_FDR_q<=0.05_across_complete_member_layer_concept_family; scale_matched_intervention_ratio>1; parent_and_subset_matched_max_abs_SMD<=0.25
