candidate,pair_id,high_row_id,low_row_id,high_equilibrium_file,low_equilibrium_file,nuisance_distance_iqr_units,candidate_high,candidate_low,candidate_contrast,high_stable_or_near_floor,low_stable_or_near_floor,max_abs_nuisance_smd_before,max_abs_nuisance_smd_after,nuisance_features,validity_tag,target_native_high_minus_low,log_Q_high_minus_low,log10_Q_stds_high_minus_low,log10_zonal_phi2_high_minus_low,Qz_localization_high_minus_low,Qz_positive_fraction_high_minus_low
f_Q_integrand_w25_peak,f_Q_integrand_w25_peak:0000,21159,16936,20241103-01-random_equilibria_and_flux_tubes_random_aspect_ratio/20241103-01-063_generate_flux_tubes_nfp3/nfp3_randomAspect_finiteBeta_maxm4_maxn4_LMN8_002116.h5,20241103-01-random_equilibria_and_flux_tubes_random_aspect_ratio/20241103-01-063_generate_flux_tubes_nfp3/nfp3_randomAspect_finiteBeta_maxm4_maxn4_LMN8_001056.h5,0.39534507741931507,6.907195767860635,1.9166718754729812,4.990523892387654,False,False,3.41483158213731,4.150938629839606,log_f_Q|f_stab|log_FSA_grad_x|bad_curvature_compression|geodesic_curvature_compression|parallel_roughness_iqr_scaled|nfp|iota|shat|aspect|rho|aspect/rho|equilibrium_class_1|equilibrium_class_2|equilibrium_class_3|equilibrium_class_4,observed-comparison,0.4752159118652344,0.47521597826714057,0.206383677073675,-0.08645729922267964,6.48684669337227,0.0
f_Q_integrand_w25_peak,f_Q_integrand_w25_peak:0001,2721,4415,20241103-01-random_equilibria_and_flux_tubes_random_aspect_ratio/20241103-01-062_generate_flux_tubes_nfp2/nfp2_randomAspect_finiteBeta_maxm4_maxn4_LMN8_000685.h5,20241103-01-random_equilibria_and_flux_tubes_random_aspect_ratio/20241103-01-062_generate_flux_tubes_nfp2/nfp2_randomAspect_finiteBeta_maxm4_maxn4_LMN8_001111.h5,0.41281743403200355,6.757262249997803,1.3457764356533817,5.411485814344421,False,False,3.41483158213731,4.150938629839606,log_f_Q|f_stab|log_FSA_grad_x|bad_curvature_compression|geodesic_curvature_compression|parallel_roughness_iqr_scaled|nfp|iota|shat|aspect|rho|aspect/rho|equilibrium_class_1|equilibrium_class_2|equilibrium_class_3|equilibrium_class_4,observed-comparison,0.5411385297775269,0.5411384865727813,0.235013458664036,0.31118276297639424,1.8438022691624258,0.0
f_Q_integrand_w25_peak,f_Q_integrand_w25_peak:0002,62299,54858,20241115-01-random_heliotrons/20241115-01-022_heliotrons_finiteBeta_randomAspect_randomNfpUpTo8_noTorsion_flux_tubes/heliotron_randomAspect_finiteBeta_maxm1_maxn1_LMN8_002807.h5,20241115-01-random_heliotrons/20241115-01-022_heliotrons_finiteBeta_randomAspect_randomNfpUpTo8_noTorsion_flux_tubes/heliotron_randomAspect_finiteBeta_maxm1_maxn1_LMN8_000945.h5,0.41352025208389576,8.121514880208172,1.701551826776789,6.419963053431383,False,False,3.41483158213731,4.150938629839606,log_f_Q|f_stab|log_FSA_grad_x|bad_curvature_compression|geodesic_curvature_compression|parallel_roughness_iqr_scaled|nfp|iota|shat|aspect|rho|aspect/rho|equilibrium_class_1|equilibrium_class_2|equilibrium_class_3|equilibrium_class_4,observed-comparison,0.6263322830200195,0.6263323302265187,0.27201267485498226,-0.3798545360622831,2.112466697627498,0.0
f_Q_integrand_w25_peak,f_Q_integrand_w25_peak:0003,7467,75622,20241103-01-random_equilibria_and_flux_tubes_random_aspect_ratio/20241103-01-062_generate_flux_tubes_nfp2/nfp2_randomAspect_finiteBeta_maxm4_maxn4_LMN8_001878.h5,20241115-01-random_heliotrons/20241115-01-023_heliotrons_finiteBeta_randomAspect_randomNfpUpTo8_withTorsion_flux_tubes/heliotron_randomAspect_finiteBeta_maxm1_maxn1_LMN8_002939.h5,0.42702851162595784,6.8760927013053,1.8601929473622636,5.015899753943036,False,False,3.41483158213731,4.150938629839606,log_f_Q|f_stab|log_FSA_grad_x|bad_curvature_compression|geodesic_curvature_compression|parallel_roughness_iqr_scaled|nfp|iota|shat|aspect|rho|aspect/rho|equilibrium_class_1|equilibrium_class_2|equilibrium_class_3|equilibrium_class_4,observed-comparison,0.2460172176361084,0.2460173958977756,0.10684399749061158,-0.05234001255492293,1.3558224244591046,0.0
f_Q_integrand_w25_peak,f_Q_integrand_w25_peak:0004,19750,69935,20241103-01-random_equilibria_and_flux_tubes_random_aspect_ratio/20241103-01-063_generate_flux_tubes_nfp3/nfp3_randomAspect_finiteBeta_maxm4_maxn4_LMN8_001762.h5,20241115-01-random_heliotrons/20241115-01-023_heliotrons_finiteBeta_randomAspect_randomNfpUpTo8_withTorsion_flux_tubes/heliotron_randomAspect_finiteBeta_maxm1_maxn1_LMN8_001517.h5,0.4339861736846848,6.47484991379112,1.825359833909706,4.649490079881414,False,False,3.41483158213731,4.150938629839606,log_f_Q|f_stab|log_FSA_grad_x|bad_curvature_compression|geodesic_curvature_compression|parallel_roughness_iqr_scaled|nfp|iota|shat|aspect|rho|aspect/rho|equilibrium_class_1|equilibrium_class_2|equilibrium_class_3|equilibrium_class_4,observed-comparison,0.5486034154891968,0.548603334278883,0.2382554008310439,0.12257723498485018,0.29783243130211545,0.0
f_Q_integrand_w25_peak,f_Q_integrand_w25_peak:0005,73436,21328,20241115-01-random_heliotrons/20241115-01-023_heliotrons_finiteBeta_randomAspect_randomNfpUpTo8_withTorsion_flux_tubes/heliotron_randomAspect_finiteBeta_maxm1_maxn1_LMN8_002393.h5,20241103-01-random_equilibria_and_flux_tubes_random_aspect_ratio/20241103-01-063_generate_flux_tubes_nfp3/nfp3_randomAspect_finiteBeta_maxm4_maxn4_LMN8_002158.h5,0.43868895178753636,8.257549681273055,1.9205460608527287,6.337003620420326,False,False,3.41483158213731,4.150938629839606,log_f_Q|f_stab|log_FSA_grad_x|bad_curvature_compression|geodesic_curvature_compression|parallel_roughness_iqr_scaled|nfp|iota|shat|aspect|rho|aspect/rho|equilibrium_class_1|equilibrium_class_2|equilibrium_class_3|equilibrium_class_4,observed-comparison,-0.6178181171417236,-0.6178182120368974,-0.26831504030695763,-0.6820947997429856,0.9243555041663614,0.0
f_Q_integrand_w25_peak,f_Q_integrand_w25_peak:0006,18022,29695,20241103-01-random_equilibria_and_flux_tubes_random_aspect_ratio/20241103-01-063_generate_flux_tubes_nfp3/nfp3_randomAspect_finiteBeta_maxm4_maxn4_LMN8_001329.h5,20241103-01-random_equilibria_and_flux_tubes_random_aspect_ratio/20241103-01-064_generate_flux_tubes_nfp4/nfp4_randomAspect_finiteBeta_maxm4_maxn4_LMN8_001052.h5,0.45470764241632866,6.366124467910086,1.4931434920779403,4.872980975832146,False,False,3.41483158213731,4.150938629839606,log_f_Q|f_stab|log_FSA_grad_x|bad_curvature_compression|geodesic_curvature_compression|parallel_roughness_iqr_scaled|nfp|iota|shat|aspect|rho|aspect/rho|equilibrium_class_1|equilibrium_class_2|equilibrium_class_3|equilibrium_class_4,observed-comparison,0.817581057548523,0.8175811180766566,0.35507096808898275,0.4791455605364213,3.3507886299999607,0.0
f_Q_integrand_w25_peak,f_Q_integrand_w25_peak:0007,33091,29844,20241103-01-random_equilibria_and_flux_tubes_random_aspect_ratio/20241103-01-064_generate_flux_tubes_nfp4/nfp4_randomAspect_finiteBeta_maxm4_maxn4_LMN8_001902.h5,20241103-01-random_equilibria_and_flux_tubes_random_aspect_ratio/20241103-01-064_generate_flux_tubes_nfp4/nfp4_randomAspect_finiteBeta_maxm4_maxn4_LMN8_001089.h5,0.4743544116656426,7.52355902896921,0.987928716491582,6.535630312477628,False,False,3.41483158213731,4.150938629839606,log_f_Q|f_stab|log_FSA_grad_x|bad_curvature_compression|geodesic_curvature_compression|parallel_roughness_iqr_scaled|nfp|iota|shat|aspect|rho|aspect/rho|equilibrium_class_1|equilibrium_class_2|equilibrium_class_3|equilibrium_class_4,observed-comparison,1.4155083894729614,1.4155084449754303,0.6147475067402821,0.2567942198761748,4.620032142595307,0.0
f_Q_integrand_w25_peak,f_Q_integrand_w25_peak:0008,19436,52094,20241103-01-random_equilibria_and_flux_tubes_random_aspect_ratio/20241103-01-063_generate_flux_tubes_nfp3/nfp3_randomAspect_finiteBeta_maxm4_maxn4_LMN8_001683.h5,20241115-01-random_heliotrons/20241115-01-022_heliotrons_finiteBeta_randomAspect_randomNfpUpTo8_noTorsion_flux_tubes/heliotron_randomAspect_finiteBeta_maxm1_maxn1_LMN8_000254.h5,0.49176117131261904,6.950792662788368,1.7446282216087194,5.206164441179649,False,False,3.41483158213731,4.150938629839606,log_f_Q|f_stab|log_FSA_grad_x|bad_curvature_compression|geodesic_curvature_compression|parallel_roughness_iqr_scaled|nfp|iota|shat|aspect|rho|aspect/rho|equilibrium_class_1|equilibrium_class_2|equilibrium_class_3|equilibrium_class_4,observed-comparison,-0.17305588722229004,-0.1730557276361866,-0.07515714757414793,0.0895467641280755,0.9442579320814866,0.0
f_Q_integrand_w25_peak,f_Q_integrand_w25_peak:0009,37567,51074,20241103-01-random_equilibria_and_flux_tubes_random_aspect_ratio/20241103-01-064_generate_flux_tubes_nfp4/nfp4_randomAspect_finiteBeta_maxm4_maxn4_LMN8_003021.h5,20241103-01-random_equilibria_and_flux_tubes_random_aspect_ratio/20241103-01-065_generate_flux_tubes_nfp5/nfp5_randomAspect_finiteBeta_maxm4_maxn4_LMN8_003199.h5,0.4944535522186351,7.2706827607136715,1.897315866885171,5.3733668938285,False,False,3.41483158213731,4.150938629839606,log_f_Q|f_stab|log_FSA_grad_x|bad_curvature_compression|geodesic_curvature_compression|parallel_roughness_iqr_scaled|nfp|iota|shat|aspect|rho|aspect/rho|equilibrium_class_1|equilibrium_class_2|equilibrium_class_3|equilibrium_class_4,observed-comparison,0.8079010248184204,0.8079010659353223,0.3508669748594656,-0.4164784430661738,1.915549148351905,0.0
f_Q_integrand_w25_peak,f_Q_integrand_w25_peak:0010,58905,51920,20241115-01-random_heliotrons/20241115-01-022_heliotrons_finiteBeta_randomAspect_randomNfpUpTo8_noTorsion_flux_tubes/heliotron_randomAspect_finiteBeta_maxm1_maxn1_LMN8_001958.h5,20241115-01-random_heliotrons/20241115-01-022_heliotrons_finiteBeta_randomAspect_randomNfpUpTo8_noTorsion_flux_tubes/heliotron_randomAspect_finiteBeta_maxm1_maxn1_LMN8_000211.h5,0.5066518850659606,6.546665242429828,1.7708981003018087,4.77576714212802,False,False,3.41483158213731,4.150938629839606,log_f_Q|f_stab|log_FSA_grad_x|bad_curvature_compression|geodesic_curvature_compression|parallel_roughness_iqr_scaled|nfp|iota|shat|aspect|rho|aspect/rho|equilibrium_class_1|equilibrium_class_2|equilibrium_class_3|equilibrium_class_4,observed-comparison,0.10053467750549316,0.10053457361087004,0.043661610559697195,0.1839969889553732,-0.15595967813607836,0.0
f_Q_integrand_w25_peak,f_Q_integrand_w25_peak:0011,66546,72098,20241115-01-random_heliotrons/20241115-01-023_heliotrons_finiteBeta_randomAspect_randomNfpUpTo8_withTorsion_flux_tubes/heliotron_randomAspect_finiteBeta_maxm1_maxn1_LMN8_000669.h5,20241115-01-random_heliotrons/20241115-01-023_heliotrons_finiteBeta_randomAspect_randomNfpUpTo8_withTorsion_flux_tubes/heliotron_randomAspect_finiteBeta_maxm1_maxn1_LMN8_002058.h5,0.5087962865046887,8.648832864587659,1.6149539825036054,7.033878882084053,False,False,3.41483158213731,4.150938629839606,log_f_Q|f_stab|log_FSA_grad_x|bad_curvature_compression|geodesic_curvature_compression|parallel_roughness_iqr_scaled|nfp|iota|shat|aspect|rho|aspect/rho|equilibrium_class_1|equilibrium_class_2|equilibrium_class_3|equilibrium_class_4,observed-comparison,1.0038920640945435,1.003892231909451,0.43598485674381404,-0.2911390538972555,3.4634664154446075,0.0
f_Q_integrand_w25_peak,f_Q_integrand_w25_peak:0012,69693,62436,20241115-01-random_heliotrons/20241115-01-023_heliotrons_finiteBeta_randomAspect_randomNfpUpTo8_withTorsion_flux_tubes/heliotron_randomAspect_finiteBeta_maxm1_maxn1_LMN8_001456.h5,20241115-01-random_heliotrons/20241115-01-022_heliotrons_finiteBeta_randomAspect_randomNfpUpTo8_noTorsion_flux_tubes/heliotron_randomAspect_finiteBeta_maxm1_maxn1_LMN8_002841.h5,0.5209834435310455,7.062270963236179,1.7526644802729725,5.309606482963206,False,False,3.41483158213731,4.150938629839606,log_f_Q|f_stab|log_FSA_grad_x|bad_curvature_compression|geodesic_curvature_compression|parallel_roughness_iqr_scaled|nfp|iota|shat|aspect|rho|aspect/rho|equilibrium_class_1|equilibrium_class_2|equilibrium_class_3|equilibrium_class_4,observed-comparison,-0.21871042251586914,-0.21871051712189837,-0.09498477072024691,-0.3441100848656288,1.506769756385046,0.0
f_Q_integrand_w25_peak,f_Q_integrand_w25_peak:0013,56061,56153,20241115-01-random_heliotrons/20241115-01-022_heliotrons_finiteBeta_randomAspect_randomNfpUpTo8_noTorsion_flux_tubes/heliotron_randomAspect_finiteBeta_maxm1_maxn1_LMN8_001246.h5,20241115-01-random_heliotrons/20241115-01-022_heliotrons_finiteBeta_randomAspect_randomNfpUpTo8_noTorsion_flux_tubes/heliotron_randomAspect_finiteBeta_maxm1_maxn1_LMN8_001269.h5,0.5304353078869394,8.222809969753053,1.6223907788870944,6.600419190865958,False,False,3.41483158213731,4.150938629839606,log_f_Q|f_stab|log_FSA_grad_x|bad_curvature_compression|geodesic_curvature_compression|parallel_roughness_iqr_scaled|nfp|iota|shat|aspect|rho|aspect/rho|equilibrium_class_1|equilibrium_class_2|equilibrium_class_3|equilibrium_class_4,observed-comparison,0.5923612117767334,0.5923613109758805,0.2572592486498011,0.24624647545708078,0.8257652500190948,0.0
f_Q_integrand_w25_peak,f_Q_integrand_w25_peak:0014,11036,20655,20241103-01-random_equilibria_and_flux_tubes_random_aspect_ratio/20241103-01-062_generate_flux_tubes_nfp2/nfp2_randomAspect_finiteBeta_maxm4_maxn4_LMN8_002776.h5,20241103-01-random_equilibria_and_flux_tubes_random_aspect_ratio/20241103-01-063_generate_flux_tubes_nfp3/nfp3_randomAspect_finiteBeta_maxm4_maxn4_LMN8_001989.h5,0.5353533812448855,7.614629513746346,1.794189689144332,5.820439824602014,False,False,3.41483158213731,4.150938629839606,log_f_Q|f_stab|log_FSA_grad_x|bad_curvature_compression|geodesic_curvature_compression|parallel_roughness_iqr_scaled|nfp|iota|shat|aspect|rho|aspect/rho|equilibrium_class_1|equilibrium_class_2|equilibrium_class_3|equilibrium_class_4,observed-comparison,1.374259352684021,1.3742592711775334,0.5968332181767874,0.5110059580871418,-0.4127999582880566,0.0
f_Q_integrand_w25_peak,f_Q_integrand_w25_peak:0015,99242,97597,20241122-01-QUASR/20241122-01-031_QUASR_finite_beta_equilibria_with_maxF_below_threshold_and_enough_iota_flux_tubes/QUASR_finiteBeta_003598.h5,20241122-01-QUASR/20241122-01-031_QUASR_finite_beta_equilibria_with_maxF_below_threshold_and_enough_iota_flux_tubes/QUASR_finiteBeta_003187.h5,0.5423112735777972,6.745557006203022,1.788739232677122,4.9568177735259,False,False,3.41483158213731,4.150938629839606,log_f_Q|f_stab|log_FSA_grad_x|bad_curvature_compression|geodesic_curvature_compression|parallel_roughness_iqr_scaled|nfp|iota|shat|aspect|rho|aspect/rho|equilibrium_class_1|equilibrium_class_2|equilibrium_class_3|equilibrium_class_4,observed-comparison,0.29734301567077637,0.2973428941539762,0.12913437816421447,1.0271711566378743,0.7815672096187174,0.0
f_Q_integrand_w25_peak,f_Q_integrand_w25_peak:0016,36909,44838,20241103-01-random_equilibria_and_flux_tubes_random_aspect_ratio/20241103-01-064_generate_flux_tubes_nfp4/nfp4_randomAspect_finiteBeta_maxm4_maxn4_LMN8_002857.h5,20241103-01-random_equilibria_and_flux_tubes_random_aspect_ratio/20241103-01-065_generate_flux_tubes_nfp5/nfp5_randomAspect_finiteBeta_maxm4_maxn4_LMN8_001640.h5,0.5445041153481848,8.135390242336214,1.95176894246012,6.183621299876094,False,False,3.41483158213731,4.150938629839606,log_f_Q|f_stab|log_FSA_grad_x|bad_curvature_compression|geodesic_curvature_compression|parallel_roughness_iqr_scaled|nfp|iota|shat|aspect|rho|aspect/rho|equilibrium_class_1|equilibrium_class_2|equilibrium_class_3|equilibrium_class_4,observed-comparison,1.258272647857666,1.258272628578723,0.5464608593216392,-0.06684370593991629,0.7610570891332302,0.0
f_Q_integrand_w25_peak,f_Q_integrand_w25_peak:0017,21853,14707,20241103-01-random_equilibria_and_flux_tubes_random_aspect_ratio/20241103-01-063_generate_flux_tubes_nfp3/nfp3_randomAspect_finiteBeta_maxm4_maxn4_LMN8_002290.h5,20241103-01-random_equilibria_and_flux_tubes_random_aspect_ratio/20241103-01-063_generate_flux_tubes_nfp3/nfp3_randomAspect_finiteBeta_maxm4_maxn4_LMN8_000497.h5,0.547644430085509,7.344663118897637,1.7356518475103255,5.6090112713873115,False,False,3.41483158213731,4.150938629839606,log_f_Q|f_stab|log_FSA_grad_x|bad_curvature_compression|geodesic_curvature_compression|parallel_roughness_iqr_scaled|nfp|iota|shat|aspect|rho|aspect/rho|equilibrium_class_1|equilibrium_class_2|equilibrium_class_3|equilibrium_class_4,observed-comparison,0.8851677179336548,0.8851677398431756,0.38442346497266444,0.7485108023688959,2.601705940236902,0.0
f_Q_integrand_w25_peak,f_Q_integrand_w25_peak:0018,33735,73456,20241103-01-random_equilibria_and_flux_tubes_random_aspect_ratio/20241103-01-064_generate_flux_tubes_nfp4/nfp4_randomAspect_finiteBeta_maxm4_maxn4_LMN8_002063.h5,20241115-01-random_heliotrons/20241115-01-023_heliotrons_finiteBeta_randomAspect_randomNfpUpTo8_withTorsion_flux_tubes/heliotron_randomAspect_finiteBeta_maxm1_maxn1_LMN8_002398.h5,0.5533329839507464,6.993419148796255,1.8853386190153696,5.108080529780885,False,False,3.41483158213731,4.150938629839606,log_f_Q|f_stab|log_FSA_grad_x|bad_curvature_compression|geodesic_curvature_compression|parallel_roughness_iqr_scaled|nfp|iota|shat|aspect|rho|aspect/rho|equilibrium_class_1|equilibrium_class_2|equilibrium_class_3|equilibrium_class_4,observed-comparison,0.4657435417175293,0.46574345408014173,0.20226981208956607,-0.5861833943272737,2.201591335075496,0.0
f_Q_integrand_w25_peak,f_Q_integrand_w25_peak:0019,77539,76799,20241122-01-QUASR/20241122-01-030_QUASR_vacuum_equilibria_with_maxF_below_threshold_and_enough_iota_flux_tubes/QUASR_vacuum_000043.h5,20241122-01-QUASR/20241122-01-030_QUASR_vacuum_equilibria_with_maxF_below_threshold_and_enough_iota_flux_tubes/QUASR_vacuum_000006.h5,0.5588575599412795,9.576969859708184,1.841267686483129,7.735702173225055,False,False,3.41483158213731,4.150938629839606,log_f_Q|f_stab|log_FSA_grad_x|bad_curvature_compression|geodesic_curvature_compression|parallel_roughness_iqr_scaled|nfp|iota|shat|aspect|rho|aspect/rho|equilibrium_class_1|equilibrium_class_2|equilibrium_class_3|equilibrium_class_4,observed-comparison,0.5579173564910889,0.5579173120743497,0.24230040999218472,0.5096386027749604,4.644447723652304,0.0
f_Q_integrand_w25_peak,f_Q_integrand_w25_peak:0020,79428,81414,20241122-01-QUASR/20241122-01-030_QUASR_vacuum_equilibria_with_maxF_below_threshold_and_enough_iota_flux_tubes/QUASR_vacuum_000138.h5,20241122-01-QUASR/20241122-01-030_QUASR_vacuum_equilibria_with_maxF_below_threshold_and_enough_iota_flux_tubes/QUASR_vacuum_000238.h5,0.5653297433619157,6.3046910168433525,1.355434808375114,4.949256208468238,False,False,3.41483158213731,4.150938629839606,log_f_Q|f_stab|log_FSA_grad_x|bad_curvature_compression|geodesic_curvature_compression|parallel_roughness_iqr_scaled|nfp|iota|shat|aspect|rho|aspect/rho|equilibrium_class_1|equilibrium_class_2|equilibrium_class_3|equilibrium_class_4,observed-comparison,-0.21004772186279297,-0.21004777211838266,-0.0912225883670853,0.0025117645517618303,-0.08678529058426254,0.0
f_Q_integrand_w25_peak,f_Q_integrand_w25_peak:0021,56178,51313,20241115-01-random_heliotrons/20241115-01-022_heliotrons_finiteBeta_randomAspect_randomNfpUpTo8_noTorsion_flux_tubes/heliotron_randomAspect_finiteBeta_maxm1_maxn1_LMN8_001276.h5,20241115-01-random_heliotrons/20241115-01-022_heliotrons_finiteBeta_randomAspect_randomNfpUpTo8_noTorsion_flux_tubes/heliotron_randomAspect_finiteBeta_maxm1_maxn1_LMN8_000059.h5,0.5810074815038628,8.54489659445395,1.5614355511085471,6.983461043345404,False,False,3.41483158213731,4.150938629839606,log_f_Q|f_stab|log_FSA_grad_x|bad_curvature_compression|geodesic_curvature_compression|parallel_roughness_iqr_scaled|nfp|iota|shat|aspect|rho|aspect/rho|equilibrium_class_1|equilibrium_class_2|equilibrium_class_3|equilibrium_class_4,observed-comparison,0.5994484424591064,0.5994485123823265,0.2603371811127575,-0.2628675261963105,1.3808545796776102,0.0
f_Q_integrand_w25_peak,f_Q_integrand_w25_peak:0022,73996,69157,20241115-01-random_heliotrons/20241115-01-023_heliotrons_finiteBeta_randomAspect_randomNfpUpTo8_withTorsion_flux_tubes/heliotron_randomAspect_finiteBeta_maxm1_maxn1_LMN8_002533.h5,20241115-01-random_heliotrons/20241115-01-023_heliotrons_finiteBeta_randomAspect_randomNfpUpTo8_withTorsion_flux_tubes/heliotron_randomAspect_finiteBeta_maxm1_maxn1_LMN8_001322.h5,0.5832767158834727,7.465256867571002,1.7098682261780243,5.755388641392978,False,False,3.41483158213731,4.150938629839606,log_f_Q|f_stab|log_FSA_grad_x|bad_curvature_compression|geodesic_curvature_compression|parallel_roughness_iqr_scaled|nfp|iota|shat|aspect|rho|aspect/rho|equilibrium_class_1|equilibrium_class_2|equilibrium_class_3|equilibrium_class_4,observed-comparison,0.8116034269332886,0.8116035812607008,0.35247495683443963,-0.8259871630555583,3.795477203214738,0.0
f_Q_integrand_w25_peak,f_Q_integrand_w25_peak:0023,41772,65165,20241103-01-random_equilibria_and_flux_tubes_random_aspect_ratio/20241103-01-065_generate_flux_tubes_nfp5/nfp5_randomAspect_finiteBeta_maxm4_maxn4_LMN8_000873.h5,20241115-01-random_heliotrons/20241115-01-023_heliotrons_finiteBeta_randomAspect_randomNfpUpTo8_withTorsion_flux_tubes/heliotron_randomAspect_finiteBeta_maxm1_maxn1_LMN8_000323.h5,0.5978993122087534,9.882658937730508,1.5810960906167568,8.30156284711375,False,False,3.41483158213731,4.150938629839606,log_f_Q|f_stab|log_FSA_grad_x|bad_curvature_compression|geodesic_curvature_compression|parallel_roughness_iqr_scaled|nfp|iota|shat|aspect|rho|aspect/rho|equilibrium_class_1|equilibrium_class_2|equilibrium_class_3|equilibrium_class_4,observed-comparison,1.1696949005126953,1.1696949099010907,0.507992044880365,-0.4535383630517568,1.8003315152672938,0.0
f_Q_integrand_w25_peak,f_Q_integrand_w25_peak:0024,64338,10068,20241115-01-random_heliotrons/20241115-01-023_heliotrons_finiteBeta_randomAspect_randomNfpUpTo8_withTorsion_flux_tubes/heliotron_randomAspect_finiteBeta_maxm1_maxn1_LMN8_000117.h5,20241103-01-random_equilibria_and_flux_tubes_random_aspect_ratio/20241103-01-062_generate_flux_tubes_nfp2/nfp2_randomAspect_finiteBeta_maxm4_maxn4_LMN8_002532.h5,0.6044983909660718,7.227882049920384,1.903973360168055,5.323908689752329,False,False,3.41483158213731,4.150938629839606,log_f_Q|f_stab|log_FSA_grad_x|bad_curvature_compression|geodesic_curvature_compression|parallel_roughness_iqr_scaled|nfp|iota|shat|aspect|rho|aspect/rho|equilibrium_class_1|equilibrium_class_2|equilibrium_class_3|equilibrium_class_4,observed-comparison,0.6887331008911133,0.6887332711252641,0.29911305915287845,0.335527961271601,1.5557537745109762,0.0
f_Q_integrand_w25_peak,f_Q_integrand_w25_peak:0025,47595,67361,20241103-01-random_equilibria_and_flux_tubes_random_aspect_ratio/20241103-01-065_generate_flux_tubes_nfp5/nfp5_randomAspect_finiteBeta_maxm4_maxn4_LMN8_002329.h5,20241115-01-random_heliotrons/20241115-01-023_heliotrons_finiteBeta_randomAspect_randomNfpUpTo8_withTorsion_flux_tubes/heliotron_randomAspect_finiteBeta_maxm1_maxn1_LMN8_000872.h5,0.6101365952844068,7.094055151151692,1.4891322631993402,5.604922887952352,False,False,3.41483158213731,4.150938629839606,log_f_Q|f_stab|log_FSA_grad_x|bad_curvature_compression|geodesic_curvature_compression|parallel_roughness_iqr_scaled|nfp|iota|shat|aspect|rho|aspect/rho|equilibrium_class_1|equilibrium_class_2|equilibrium_class_3|equilibrium_class_4,observed-comparison,1.5205327272415161,1.5205326538661037,0.6603589411277562,-0.5420775956973037,2.1338120464326966,0.0
f_Q_integrand_w25_peak,f_Q_integrand_w25_peak:0026,30959,73381,20241103-01-random_equilibria_and_flux_tubes_random_aspect_ratio/20241103-01-064_generate_flux_tubes_nfp4/nfp4_randomAspect_finiteBeta_maxm4_maxn4_LMN8_001369.h5,20241115-01-random_heliotrons/20241115-01-023_heliotrons_finiteBeta_randomAspect_randomNfpUpTo8_withTorsion_flux_tubes/heliotron_randomAspect_finiteBeta_maxm1_maxn1_LMN8_002379.h5,0.610732764983541,9.645257417139367,1.3091766266104137,8.336080790528953,False,False,3.41483158213731,4.150938629839606,log_f_Q|f_stab|log_FSA_grad_x|bad_curvature_compression|geodesic_curvature_compression|parallel_roughness_iqr_scaled|nfp|iota|shat|aspect|rho|aspect/rho|equilibrium_class_1|equilibrium_class_2|equilibrium_class_3|equilibrium_class_4,observed-comparison,1.2020354270935059,1.2020354357550813,0.5220373568006026,-0.3018546928089936,3.7853126189254866,0.0
f_Q_integrand_w25_peak,f_Q_integrand_w25_peak:0027,80563,81005,20241122-01-QUASR/20241122-01-030_QUASR_vacuum_equilibria_with_maxF_below_threshold_and_enough_iota_flux_tubes/QUASR_vacuum_000195.h5,20241122-01-QUASR/20241122-01-030_QUASR_vacuum_equilibria_with_maxF_below_threshold_and_enough_iota_flux_tubes/QUASR_vacuum_000217.h5,0.6118381196163388,6.628834173639166,1.7523053756644738,4.876528797974692,False,False,3.41483158213731,4.150938629839606,log_f_Q|f_stab|log_FSA_grad_x|bad_curvature_compression|geodesic_curvature_compression|parallel_roughness_iqr_scaled|nfp|iota|shat|aspect|rho|aspect/rho|equilibrium_class_1|equilibrium_class_2|equilibrium_class_3|equilibrium_class_4,observed-comparison,0.09109807014465332,0.09109797443847256,0.03956334761119229,-0.07658446998148338,0.5547258320447157,0.0
f_Q_integrand_w25_peak,f_Q_integrand_w25_peak:0028,77258,77721,20241122-01-QUASR/20241122-01-030_QUASR_vacuum_equilibria_with_maxF_below_threshold_and_enough_iota_flux_tubes/QUASR_vacuum_000029.h5,20241122-01-QUASR/20241122-01-030_QUASR_vacuum_equilibria_with_maxF_below_threshold_and_enough_iota_flux_tubes/QUASR_vacuum_000053.h5,0.6128277879173747,10.041883210016971,1.9581411819941668,8.083742028022805,False,False,3.41483158213731,4.150938629839606,log_f_Q|f_stab|log_FSA_grad_x|bad_curvature_compression|geodesic_curvature_compression|parallel_roughness_iqr_scaled|nfp|iota|shat|aspect|rho|aspect/rho|equilibrium_class_1|equilibrium_class_2|equilibrium_class_3|equilibrium_class_4,observed-comparison,-0.34510040283203125,-0.34510038781373087,-0.14987519413017547,0.6090464965236767,1.7380322890994342,0.0
f_Q_integrand_w25_peak,f_Q_integrand_w25_peak:0029,373,20505,20241103-01-random_equilibria_and_flux_tubes_random_aspect_ratio/20241103-01-062_generate_flux_tubes_nfp2/nfp2_randomAspect_finiteBeta_maxm4_maxn4_LMN8_000094.h5,20241103-01-random_equilibria_and_flux_tubes_random_aspect_ratio/20241103-01-063_generate_flux_tubes_nfp3/nfp3_randomAspect_finiteBeta_maxm4_maxn4_LMN8_001951.h5,0.6135219880571204,7.221869607047527,1.167406914865878,6.054462692181649,False,False,3.41483158213731,4.150938629839606,log_f_Q|f_stab|log_FSA_grad_x|bad_curvature_compression|geodesic_curvature_compression|parallel_roughness_iqr_scaled|nfp|iota|shat|aspect|rho|aspect/rho|equilibrium_class_1|equilibrium_class_2|equilibrium_class_3|equilibrium_class_4,observed-comparison,0.696990966796875,0.6969910262066012,0.3026993566176117,0.13459241120323395,0.10112523620006275,0.0
f_Q_integrand_w25_peak,f_Q_integrand_w25_peak:0030,51451,60247,20241115-01-random_heliotrons/20241115-01-022_heliotrons_finiteBeta_randomAspect_randomNfpUpTo8_noTorsion_flux_tubes/heliotron_randomAspect_finiteBeta_maxm1_maxn1_LMN8_000094.h5,20241115-01-random_heliotrons/20241115-01-022_heliotrons_finiteBeta_randomAspect_randomNfpUpTo8_noTorsion_flux_tubes/heliotron_randomAspect_finiteBeta_maxm1_maxn1_LMN8_002293.h5,0.6301103399038818,9.766349313342113,1.9218275566794825,7.844521756662631,False,False,3.41483158213731,4.150938629839606,log_f_Q|f_stab|log_FSA_grad_x|bad_curvature_compression|geodesic_curvature_compression|parallel_roughness_iqr_scaled|nfp|iota|shat|aspect|rho|aspect/rho|equilibrium_class_1|equilibrium_class_2|equilibrium_class_3|equilibrium_class_4,observed-comparison,1.07456374168396,1.0745636895302322,0.466677080816579,-0.06710311073142228,1.7929440207504181,0.0
f_Q_integrand_w25_peak,f_Q_integrand_w25_peak:0031,85352,95282,20241122-01-QUASR/20241122-01-031_QUASR_finite_beta_equilibria_with_maxF_below_threshold_and_enough_iota_flux_tubes/QUASR_finiteBeta_000114.h5,20241122-01-QUASR/20241122-01-031_QUASR_finite_beta_equilibria_with_maxF_below_threshold_and_enough_iota_flux_tubes/QUASR_finiteBeta_002608.h5,0.6519032598790852,8.796650559533177,1.593594278950149,7.203056280583028,False,False,3.41483158213731,4.150938629839606,log_f_Q|f_stab|log_FSA_grad_x|bad_curvature_compression|geodesic_curvature_compression|parallel_roughness_iqr_scaled|nfp|iota|shat|aspect|rho|aspect/rho|equilibrium_class_1|equilibrium_class_2|equilibrium_class_3|equilibrium_class_4,observed-comparison,0.41052865982055664,0.41052860136719094,0.17829030623723086,-0.444833102921079,2.865741380915569,0.0
f_Q_integrand_w25_peak,f_Q_integrand_w25_peak:0032,69811,70118,20241115-01-random_heliotrons/20241115-01-023_heliotrons_finiteBeta_randomAspect_randomNfpUpTo8_withTorsion_flux_tubes/heliotron_randomAspect_finiteBeta_maxm1_maxn1_LMN8_001486.h5,20241115-01-random_heliotrons/20241115-01-023_heliotrons_finiteBeta_randomAspect_randomNfpUpTo8_withTorsion_flux_tubes/heliotron_randomAspect_finiteBeta_maxm1_maxn1_LMN8_001562.h5,0.6558712967514111,8.37190989043984,1.653494341863915,6.7184155485759245,False,False,3.41483158213731,4.150938629839606,log_f_Q|f_stab|log_FSA_grad_x|bad_curvature_compression|geodesic_curvature_compression|parallel_roughness_iqr_scaled|nfp|iota|shat|aspect|rho|aspect/rho|equilibrium_class_1|equilibrium_class_2|equilibrium_class_3|equilibrium_class_4,observed-comparison,0.7759157419204712,0.775915803408215,0.33697595184171614,-0.8100661465384084,4.962375024937437,0.0
f_Q_integrand_w25_peak,f_Q_integrand_w25_peak:0033,20323,23675,20241103-01-random_equilibria_and_flux_tubes_random_aspect_ratio/20241103-01-063_generate_flux_tubes_nfp3/nfp3_randomAspect_finiteBeta_maxm4_maxn4_LMN8_001906.h5,20241103-01-random_equilibria_and_flux_tubes_random_aspect_ratio/20241103-01-063_generate_flux_tubes_nfp3/nfp3_randomAspect_finiteBeta_maxm4_maxn4_LMN8_002745.h5,0.6569621955655243,10.978856304904092,1.948741322331439,9.030114982572652,False,False,3.41483158213731,4.150938629839606,log_f_Q|f_stab|log_FSA_grad_x|bad_curvature_compression|geodesic_curvature_compression|parallel_roughness_iqr_scaled|nfp|iota|shat|aspect|rho|aspect/rho|equilibrium_class_1|equilibrium_class_2|equilibrium_class_3|equilibrium_class_4,observed-comparison,1.401343584060669,1.4013437069767651,0.6085958391898565,0.4856565879223278,3.8341304413692114,0.0
f_Q_integrand_w25_peak,f_Q_integrand_w25_peak:0034,5817,16772,20241103-01-random_equilibria_and_flux_tubes_random_aspect_ratio/20241103-01-062_generate_flux_tubes_nfp2/nfp2_randomAspect_finiteBeta_maxm4_maxn4_LMN8_001464.h5,20241103-01-random_equilibria_and_flux_tubes_random_aspect_ratio/20241103-01-063_generate_flux_tubes_nfp3/nfp3_randomAspect_finiteBeta_maxm4_maxn4_LMN8_001015.h5,0.658496087460631,9.1196827307865,1.3271454699095022,7.7925372608769985,False,False,3.41483158213731,4.150938629839606,log_f_Q|f_stab|log_FSA_grad_x|bad_curvature_compression|geodesic_curvature_compression|parallel_roughness_iqr_scaled|nfp|iota|shat|aspect|rho|aspect/rho|equilibrium_class_1|equilibrium_class_2|equilibrium_class_3|equilibrium_class_4,observed-comparison,1.6355900764465332,1.635590234006948,0.7103278132840659,0.8370804732883853,0.22560549319736456,0.0
f_Q_integrand_w25_peak,f_Q_integrand_w25_peak:0035,11871,10041,20241103-01-random_equilibria_and_flux_tubes_random_aspect_ratio/20241103-01-062_generate_flux_tubes_nfp2/nfp2_randomAspect_finiteBeta_maxm4_maxn4_LMN8_002986.h5,20241103-01-random_equilibria_and_flux_tubes_random_aspect_ratio/20241103-01-062_generate_flux_tubes_nfp2/nfp2_randomAspect_finiteBeta_maxm4_maxn4_LMN8_002525.h5,0.6585203596061963,9.143672207052587,1.901302706408448,7.2423695006441395,False,False,3.41483158213731,4.150938629839606,log_f_Q|f_stab|log_FSA_grad_x|bad_curvature_compression|geodesic_curvature_compression|parallel_roughness_iqr_scaled|nfp|iota|shat|aspect|rho|aspect/rho|equilibrium_class_1|equilibrium_class_2|equilibrium_class_3|equilibrium_class_4,observed-comparison,1.5165269374847412,1.5165270180580306,0.6586193155997959,0.6701828865829869,1.3385205570771506,0.0
f_Q_integrand_w25_peak,f_Q_integrand_w25_peak:0036,41931,40003,20241103-01-random_equilibria_and_flux_tubes_random_aspect_ratio/20241103-01-065_generate_flux_tubes_nfp5/nfp5_randomAspect_finiteBeta_maxm4_maxn4_LMN8_000913.h5,20241103-01-random_equilibria_and_flux_tubes_random_aspect_ratio/20241103-01-065_generate_flux_tubes_nfp5/nfp5_randomAspect_finiteBeta_maxm4_maxn4_LMN8_000430.h5,0.6588119437953964,8.283867817192965,1.8012567242213606,6.482611092971604,False,False,3.41483158213731,4.150938629839606,log_f_Q|f_stab|log_FSA_grad_x|bad_curvature_compression|geodesic_curvature_compression|parallel_roughness_iqr_scaled|nfp|iota|shat|aspect|rho|aspect/rho|equilibrium_class_1|equilibrium_class_2|equilibrium_class_3|equilibrium_class_4,observed-comparison,0.5364319086074829,0.5364318033423283,0.2329693721089836,-0.45202821442846386,1.8335727117734102,0.0
f_Q_integrand_w25_peak,f_Q_integrand_w25_peak:0037,52468,71080,20241115-01-random_heliotrons/20241115-01-022_heliotrons_finiteBeta_randomAspect_randomNfpUpTo8_noTorsion_flux_tubes/heliotron_randomAspect_finiteBeta_maxm1_maxn1_LMN8_000348.h5,20241115-01-random_heliotrons/20241115-01-023_heliotrons_finiteBeta_randomAspect_randomNfpUpTo8_withTorsion_flux_tubes/heliotron_randomAspect_finiteBeta_maxm1_maxn1_LMN8_001803.h5,0.6689298400877318,7.474810914475757,1.9718071708742926,5.5030037436014645,False,False,3.41483158213731,4.150938629839606,log_f_Q|f_stab|log_FSA_grad_x|bad_curvature_compression|geodesic_curvature_compression|parallel_roughness_iqr_scaled|nfp|iota|shat|aspect|rho|aspect/rho|equilibrium_class_1|equilibrium_class_2|equilibrium_class_3|equilibrium_class_4,observed-comparison,0.9514811038970947,0.9514812027433885,0.41322303598612287,0.31960978355598635,0.3273398553297453,0.0
f_Q_integrand_w25_peak,f_Q_integrand_w25_peak:0038,80478,80633,20241122-01-QUASR/20241122-01-030_QUASR_vacuum_equilibria_with_maxF_below_threshold_and_enough_iota_flux_tubes/QUASR_vacuum_000191.h5,20241122-01-QUASR/20241122-01-030_QUASR_vacuum_equilibria_with_maxF_below_threshold_and_enough_iota_flux_tubes/QUASR_vacuum_000199.h5,0.6723155649870699,6.761757605667935,1.27728182429584,5.484475781372095,False,False,3.41483158213731,4.150938629839606,log_f_Q|f_stab|log_FSA_grad_x|bad_curvature_compression|geodesic_curvature_compression|parallel_roughness_iqr_scaled|nfp|iota|shat|aspect|rho|aspect/rho|equilibrium_class_1|equilibrium_class_2|equilibrium_class_3|equilibrium_class_4,observed-comparison,0.3783845901489258,0.3783846137722091,0.16433034979836358,-0.17502097874285538,0.48259964159160407,0.0
f_Q_integrand_w25_peak,f_Q_integrand_w25_peak:0039,4798,76030,20241103-01-random_equilibria_and_flux_tubes_random_aspect_ratio/20241103-01-062_generate_flux_tubes_nfp2/nfp2_randomAspect_finiteBeta_maxm4_maxn4_LMN8_001207.h5,20241115-01-random_heliotrons/20241115-01-023_heliotrons_finiteBeta_randomAspect_randomNfpUpTo8_withTorsion_flux_tubes/heliotron_randomAspect_finiteBeta_maxm1_maxn1_LMN8_003042.h5,0.6769665204713766,8.209302962471838,1.519528375619994,6.689774586851844,False,False,3.41483158213731,4.150938629839606,log_f_Q|f_stab|log_FSA_grad_x|bad_curvature_compression|geodesic_curvature_compression|parallel_roughness_iqr_scaled|nfp|iota|shat|aspect|rho|aspect/rho|equilibrium_class_1|equilibrium_class_2|equilibrium_class_3|equilibrium_class_4,observed-comparison,0.7807754278182983,0.780775334141629,0.33908641922387706,0.27700451125721837,1.4200108868180334,0.0
f_Q_integrand_w25_peak,f_Q_integrand_w25_peak:0040,88775,98192,20241122-01-QUASR/20241122-01-031_QUASR_finite_beta_equilibria_with_maxF_below_threshold_and_enough_iota_flux_tubes/QUASR_finiteBeta_000977.h5,20241122-01-QUASR/20241122-01-031_QUASR_finite_beta_equilibria_with_maxF_below_threshold_and_enough_iota_flux_tubes/QUASR_finiteBeta_003335.h5,0.6858354865002735,11.07019864062912,1.5322842073934142,9.537914433235706,False,False,3.41483158213731,4.150938629839606,log_f_Q|f_stab|log_FSA_grad_x|bad_curvature_compression|geodesic_curvature_compression|parallel_roughness_iqr_scaled|nfp|iota|shat|aspect|rho|aspect/rho|equilibrium_class_1|equilibrium_class_2|equilibrium_class_3|equilibrium_class_4,observed-comparison,0.44350874423980713,0.4435088144313384,0.19261343078298365,-0.7478292817374563,3.354139141596426,0.0
f_Q_integrand_w25_peak,f_Q_integrand_w25_peak:0041,78468,80288,20241122-01-QUASR/20241122-01-030_QUASR_vacuum_equilibria_with_maxF_below_threshold_and_enough_iota_flux_tubes/QUASR_vacuum_000090.h5,20241122-01-QUASR/20241122-01-030_QUASR_vacuum_equilibria_with_maxF_below_threshold_and_enough_iota_flux_tubes/QUASR_vacuum_000181.h5,0.7003957427468118,9.16334938827553,1.6692549860801267,7.494094402195403,False,False,3.41483158213731,4.150938629839606,log_f_Q|f_stab|log_FSA_grad_x|bad_curvature_compression|geodesic_curvature_compression|parallel_roughness_iqr_scaled|nfp|iota|shat|aspect|rho|aspect/rho|equilibrium_class_1|equilibrium_class_2|equilibrium_class_3|equilibrium_class_4,observed-comparison,1.6511197090148926,1.6511195918531139,0.7170721277041567,0.48480915061090035,6.007562540328049,0.0
f_Q_integrand_w25_peak,f_Q_integrand_w25_peak:0042,90804,92730,20241122-01-QUASR/20241122-01-031_QUASR_finite_beta_equilibria_with_maxF_below_threshold_and_enough_iota_flux_tubes/QUASR_finiteBeta_001488.h5,20241122-01-QUASR/20241122-01-031_QUASR_finite_beta_equilibria_with_maxF_below_threshold_and_enough_iota_flux_tubes/QUASR_finiteBeta_001970.h5,0.7011021944698426,8.842030701296821,1.8072195478064637,7.034811153490358,False,False,3.41483158213731,4.150938629839606,log_f_Q|f_stab|log_FSA_grad_x|bad_curvature_compression|geodesic_curvature_compression|parallel_roughness_iqr_scaled|nfp|iota|shat|aspect|rho|aspect/rho|equilibrium_class_1|equilibrium_class_2|equilibrium_class_3|equilibrium_class_4,observed-comparison,1.042614459991455,1.0426143044712841,0.4528016391852757,0.8325139500253591,0.4392387969742728,0.0
f_Q_integrand_w25_peak,f_Q_integrand_w25_peak:0043,30783,71173,20241103-01-random_equilibria_and_flux_tubes_random_aspect_ratio/20241103-01-064_generate_flux_tubes_nfp4/nfp4_randomAspect_finiteBeta_maxm4_maxn4_LMN8_001325.h5,20241115-01-random_heliotrons/20241115-01-023_heliotrons_finiteBeta_randomAspect_randomNfpUpTo8_withTorsion_flux_tubes/heliotron_randomAspect_finiteBeta_maxm1_maxn1_LMN8_001826.h5,0.7057853029227792,8.544337841819301,1.9286217724719636,6.615716069347338,False,False,3.41483158213731,4.150938629839606,log_f_Q|f_stab|log_FSA_grad_x|bad_curvature_compression|geodesic_curvature_compression|parallel_roughness_iqr_scaled|nfp|iota|shat|aspect|rho|aspect/rho|equilibrium_class_1|equilibrium_class_2|equilibrium_class_3|equilibrium_class_4,observed-comparison,1.1944620609283447,1.1944620849636958,0.5187482923423863,0.6377153005674417,2.555714726271849,0.0
f_Q_integrand_w25_peak,f_Q_integrand_w25_peak:0044,52267,50006,20241115-01-random_heliotrons/20241115-01-022_heliotrons_finiteBeta_randomAspect_randomNfpUpTo8_noTorsion_flux_tubes/heliotron_randomAspect_finiteBeta_maxm1_maxn1_LMN8_000298.h5,20241103-01-random_equilibria_and_flux_tubes_random_aspect_ratio/20241103-01-065_generate_flux_tubes_nfp5/nfp5_randomAspect_finiteBeta_maxm4_maxn4_LMN8_002932.h5,0.7086421223850775,8.739002235274176,1.8857407026244979,6.853261532649679,False,False,3.41483158213731,4.150938629839606,log_f_Q|f_stab|log_FSA_grad_x|bad_curvature_compression|geodesic_curvature_compression|parallel_roughness_iqr_scaled|nfp|iota|shat|aspect|rho|aspect/rho|equilibrium_class_1|equilibrium_class_2|equilibrium_class_3|equilibrium_class_4,observed-comparison,0.6020768880844116,0.6020768685569438,0.2614786616958701,-0.40503596871153147,-0.023185016485677945,0.0
f_Q_integrand_w25_peak,f_Q_integrand_w25_peak:0045,60782,75989,20241115-01-random_heliotrons/20241115-01-022_heliotrons_finiteBeta_randomAspect_randomNfpUpTo8_noTorsion_flux_tubes/heliotron_randomAspect_finiteBeta_maxm1_maxn1_LMN8_002427.h5,20241115-01-random_heliotrons/20241115-01-023_heliotrons_finiteBeta_randomAspect_randomNfpUpTo8_withTorsion_flux_tubes/heliotron_randomAspect_finiteBeta_maxm1_maxn1_LMN8_003031.h5,0.7113065644669251,7.067246783770629,1.4364131940836338,5.630833589686995,False,False,3.41483158213731,4.150938629839606,log_f_Q|f_stab|log_FSA_grad_x|bad_curvature_compression|geodesic_curvature_compression|parallel_roughness_iqr_scaled|nfp|iota|shat|aspect|rho|aspect/rho|equilibrium_class_1|equilibrium_class_2|equilibrium_class_3|equilibrium_class_4,observed-comparison,1.788948655128479,1.7889486144133793,0.7769305116481987,-0.1367459414492298,0.9018715325110034,0.0
f_Q_integrand_w25_peak,f_Q_integrand_w25_peak:0046,42053,47366,20241103-01-random_equilibria_and_flux_tubes_random_aspect_ratio/20241103-01-065_generate_flux_tubes_nfp5/nfp5_randomAspect_finiteBeta_maxm4_maxn4_LMN8_000943.h5,20241103-01-random_equilibria_and_flux_tubes_random_aspect_ratio/20241103-01-065_generate_flux_tubes_nfp5/nfp5_randomAspect_finiteBeta_maxm4_maxn4_LMN8_002272.h5,0.7128985895445401,8.77967878352997,1.3519336569500982,7.427745126579872,False,False,3.41483158213731,4.150938629839606,log_f_Q|f_stab|log_FSA_grad_x|bad_curvature_compression|geodesic_curvature_compression|parallel_roughness_iqr_scaled|nfp|iota|shat|aspect|rho|aspect/rho|equilibrium_class_1|equilibrium_class_2|equilibrium_class_3|equilibrium_class_4,observed-comparison,1.481857180595398,1.481857194654331,0.6435624026070088,1.5147723098624137,6.595782556273747,0.0
f_Q_integrand_w25_peak,f_Q_integrand_w25_peak:0047,78618,77802,20241122-01-QUASR/20241122-01-030_QUASR_vacuum_equilibria_with_maxF_below_threshold_and_enough_iota_flux_tubes/QUASR_vacuum_000098.h5,20241122-01-QUASR/20241122-01-030_QUASR_vacuum_equilibria_with_maxF_below_threshold_and_enough_iota_flux_tubes/QUASR_vacuum_000057.h5,0.7144638536110363,6.5853929041459285,1.935271244534111,4.650121659611818,False,False,3.41483158213731,4.150938629839606,log_f_Q|f_stab|log_FSA_grad_x|bad_curvature_compression|geodesic_curvature_compression|parallel_roughness_iqr_scaled|nfp|iota|shat|aspect|rho|aspect/rho|equilibrium_class_1|equilibrium_class_2|equilibrium_class_3|equilibrium_class_4,observed-comparison,0.2816922664642334,0.28169216978164835,0.12233735493152376,0.26130965684822516,0.5051158395155713,0.0
f_Q_integrand_w25_peak,f_Q_integrand_w25_peak:0048,5052,51961,20241103-01-random_equilibria_and_flux_tubes_random_aspect_ratio/20241103-01-062_generate_flux_tubes_nfp2/nfp2_randomAspect_finiteBeta_maxm4_maxn4_LMN8_001272.h5,20241115-01-random_heliotrons/20241115-01-022_heliotrons_finiteBeta_randomAspect_randomNfpUpTo8_noTorsion_flux_tubes/heliotron_randomAspect_finiteBeta_maxm1_maxn1_LMN8_000221.h5,0.7174439779141611,7.328253737570866,1.1831063187502375,6.1451474188206285,False,False,3.41483158213731,4.150938629839606,log_f_Q|f_stab|log_FSA_grad_x|bad_curvature_compression|geodesic_curvature_compression|parallel_roughness_iqr_scaled|nfp|iota|shat|aspect|rho|aspect/rho|equilibrium_class_1|equilibrium_class_2|equilibrium_class_3|equilibrium_class_4,observed-comparison,0.8266854286193848,0.8266855402285789,0.3590249683904805,0.6037126791760559,0.40524305483566514,0.0
f_Q_integrand_w25_peak,f_Q_integrand_w25_peak:0049,91710,97117,20241122-01-QUASR/20241122-01-031_QUASR_finite_beta_equilibria_with_maxF_below_threshold_and_enough_iota_flux_tubes/QUASR_finiteBeta_001715.h5,20241122-01-QUASR/20241122-01-031_QUASR_finite_beta_equilibria_with_maxF_below_threshold_and_enough_iota_flux_tubes/QUASR_finiteBeta_003067.h5,0.7203949902715067,7.009517724105814,1.600045098791704,5.40947262531411,False,False,3.41483158213731,4.150938629839606,log_f_Q|f_stab|log_FSA_grad_x|bad_curvature_compression|geodesic_curvature_compression|parallel_roughness_iqr_scaled|nfp|iota|shat|aspect|rho|aspect/rho|equilibrium_class_1|equilibrium_class_2|equilibrium_class_3|equilibrium_class_4,observed-comparison,0.7551947832107544,0.7551948503689443,0.3279769562769844,0.031517545048199924,0.14239299037188946,0.0
f_Q_integrand_w25_peak,f_Q_integrand_w25_peak:0050,77333,77779,20241122-01-QUASR/20241122-01-030_QUASR_vacuum_equilibria_with_maxF_below_threshold_and_enough_iota_flux_tubes/QUASR_vacuum_000033.h5,20241122-01-QUASR/20241122-01-030_QUASR_vacuum_equilibria_with_maxF_below_threshold_and_enough_iota_flux_tubes/QUASR_vacuum_000056.h5,0.720499433261038,9.616505289092911,1.5829879387256642,8.033517350367248,False,False,3.41483158213731,4.150938629839606,log_f_Q|f_stab|log_FSA_grad_x|bad_curvature_compression|geodesic_curvature_compression|parallel_roughness_iqr_scaled|nfp|iota|shat|aspect|rho|aspect/rho|equilibrium_class_1|equilibrium_class_2|equilibrium_class_3|equilibrium_class_4,observed-comparison,0.7623945474624634,0.7623945001414434,0.33110372444481684,0.25805579142900636,4.212095990898703,0.0
f_Q_integrand_w25_peak,f_Q_integrand_w25_peak:0051,16897,79505,20241103-01-random_equilibria_and_flux_tubes_random_aspect_ratio/20241103-01-063_generate_flux_tubes_nfp3/nfp3_randomAspect_finiteBeta_maxm4_maxn4_LMN8_001047.h5,20241122-01-QUASR/20241122-01-030_QUASR_vacuum_equilibria_with_maxF_below_threshold_and_enough_iota_flux_tubes/QUASR_vacuum_000142.h5,0.7284720644608713,9.446000362836502,1.6671424601147509,7.778857902721751,False,False,3.41483158213731,4.150938629839606,log_f_Q|f_stab|log_FSA_grad_x|bad_curvature_compression|geodesic_curvature_compression|parallel_roughness_iqr_scaled|nfp|iota|shat|aspect|rho|aspect/rho|equilibrium_class_1|equilibrium_class_2|equilibrium_class_3|equilibrium_class_4,observed-comparison,1.164452075958252,1.164452138943082,0.5057151383834192,0.22524002248992192,0.9650719455848156,0.0
f_Q_integrand_w25_peak,f_Q_integrand_w25_peak:0052,16804,23416,20241103-01-random_equilibria_and_flux_tubes_random_aspect_ratio/20241103-01-063_generate_flux_tubes_nfp3/nfp3_randomAspect_finiteBeta_maxm4_maxn4_LMN8_001023.h5,20241103-01-random_equilibria_and_flux_tubes_random_aspect_ratio/20241103-01-063_generate_flux_tubes_nfp3/nfp3_randomAspect_finiteBeta_maxm4_maxn4_LMN8_002680.h5,0.7346627658567376,9.792791531440614,1.4451380653239096,8.347653466116704,False,False,3.41483158213731,4.150938629839606,log_f_Q|f_stab|log_FSA_grad_x|bad_curvature_compression|geodesic_curvature_compression|parallel_roughness_iqr_scaled|nfp|iota|shat|aspect|rho|aspect/rho|equilibrium_class_1|equilibrium_class_2|equilibrium_class_3|equilibrium_class_4,observed-comparison,1.4841192960739136,1.484119242874788,0.6445447976669525,0.09013283881971726,4.69656931048537,0.0
f_Q_integrand_w25_peak,f_Q_integrand_w25_peak:0053,11465,79003,20241103-01-random_equilibria_and_flux_tubes_random_aspect_ratio/20241103-01-062_generate_flux_tubes_nfp2/nfp2_randomAspect_finiteBeta_maxm4_maxn4_LMN8_002884.h5,20241122-01-QUASR/20241122-01-030_QUASR_vacuum_equilibria_with_maxF_below_threshold_and_enough_iota_flux_tubes/QUASR_vacuum_000117.h5,0.7385672676435836,9.58682617617316,1.4245480470993175,8.162278129073842,False,False,3.41483158213731,4.150938629839606,log_f_Q|f_stab|log_FSA_grad_x|bad_curvature_compression|geodesic_curvature_compression|parallel_roughness_iqr_scaled|nfp|iota|shat|aspect|rho|aspect/rho|equilibrium_class_1|equilibrium_class_2|equilibrium_class_3|equilibrium_class_4,observed-comparison,0.8312242031097412,0.8312242820992524,0.3609961189396973,-0.18136821307017081,0.6949098044227022,0.0
f_Q_integrand_w25_peak,f_Q_integrand_w25_peak:0054,74656,75793,20241115-01-random_heliotrons/20241115-01-023_heliotrons_finiteBeta_randomAspect_randomNfpUpTo8_withTorsion_flux_tubes/heliotron_randomAspect_finiteBeta_maxm1_maxn1_LMN8_002698.h5,20241115-01-random_heliotrons/20241115-01-023_heliotrons_finiteBeta_randomAspect_randomNfpUpTo8_withTorsion_flux_tubes/heliotron_randomAspect_finiteBeta_maxm1_maxn1_LMN8_002982.h5,0.7424227233154237,10.869028476352419,1.6483405849652422,9.220687891387177,False,False,3.41483158213731,4.150938629839606,log_f_Q|f_stab|log_FSA_grad_x|bad_curvature_compression|geodesic_curvature_compression|parallel_roughness_iqr_scaled|nfp|iota|shat|aspect|rho|aspect/rho|equilibrium_class_1|equilibrium_class_2|equilibrium_class_3|equilibrium_class_4,observed-comparison,0.4462869167327881,0.4462868850546782,0.19381993152503751,0.4055598017225217,1.599891053344114,0.0
f_Q_integrand_w25_peak,f_Q_integrand_w25_peak:0055,52451,72586,20241115-01-random_heliotrons/20241115-01-022_heliotrons_finiteBeta_randomAspect_randomNfpUpTo8_noTorsion_flux_tubes/heliotron_randomAspect_finiteBeta_maxm1_maxn1_LMN8_000344.h5,20241115-01-random_heliotrons/20241115-01-023_heliotrons_finiteBeta_randomAspect_randomNfpUpTo8_withTorsion_flux_tubes/heliotron_randomAspect_finiteBeta_maxm1_maxn1_LMN8_002180.h5,0.7526137915255853,9.224412034521187,1.8991441781251728,7.325267856396014,False,False,3.41483158213731,4.150938629839606,log_f_Q|f_stab|log_FSA_grad_x|bad_curvature_compression|geodesic_curvature_compression|parallel_roughness_iqr_scaled|nfp|iota|shat|aspect|rho|aspect/rho|equilibrium_class_1|equilibrium_class_2|equilibrium_class_3|equilibrium_class_4,observed-comparison,1.1918989419937134,1.1918990329191321,0.5176351729826012,-0.031024302874573695,1.1802151662856089,0.0
f_Q_integrand_w25_peak,f_Q_integrand_w25_peak:0056,88391,92535,20241122-01-QUASR/20241122-01-031_QUASR_finite_beta_equilibria_with_maxF_below_threshold_and_enough_iota_flux_tubes/QUASR_finiteBeta_000881.h5,20241122-01-QUASR/20241122-01-031_QUASR_finite_beta_equilibria_with_maxF_below_threshold_and_enough_iota_flux_tubes/QUASR_finiteBeta_001921.h5,0.7572230771429989,6.584011133937321,1.486164255140238,5.097846878797083,False,False,3.41483158213731,4.150938629839606,log_f_Q|f_stab|log_FSA_grad_x|bad_curvature_compression|geodesic_curvature_compression|parallel_roughness_iqr_scaled|nfp|iota|shat|aspect|rho|aspect/rho|equilibrium_class_1|equilibrium_class_2|equilibrium_class_3|equilibrium_class_4,observed-comparison,1.3437070846557617,1.3437071606706927,0.5835646051731681,-0.22254367151034998,2.228195749572153,0.0
f_Q_integrand_w25_peak,f_Q_integrand_w25_peak:0057,74930,24443,20241115-01-random_heliotrons/20241115-01-023_heliotrons_finiteBeta_randomAspect_randomNfpUpTo8_withTorsion_flux_tubes/heliotron_randomAspect_finiteBeta_maxm1_maxn1_LMN8_002766.h5,20241103-01-random_equilibria_and_flux_tubes_random_aspect_ratio/20241103-01-063_generate_flux_tubes_nfp3/nfp3_randomAspect_finiteBeta_maxm4_maxn4_LMN8_002937.h5,0.7603826578776326,8.700630543097294,1.204976723516134,7.495653819581159,False,False,3.41483158213731,4.150938629839606,log_f_Q|f_stab|log_FSA_grad_x|bad_curvature_compression|geodesic_curvature_compression|parallel_roughness_iqr_scaled|nfp|iota|shat|aspect|rho|aspect/rho|equilibrium_class_1|equilibrium_class_2|equilibrium_class_3|equilibrium_class_4,observed-comparison,1.7639852166175842,1.7639852979505464,0.7660890810583859,-0.05364773802744069,0.7974747089193697,0.0
f_Q_integrand_w25_peak,f_Q_integrand_w25_peak:0058,71263,42354,20241115-01-random_heliotrons/20241115-01-023_heliotrons_finiteBeta_randomAspect_randomNfpUpTo8_withTorsion_flux_tubes/heliotron_randomAspect_finiteBeta_maxm1_maxn1_LMN8_001849.h5,20241103-01-random_equilibria_and_flux_tubes_random_aspect_ratio/20241103-01-065_generate_flux_tubes_nfp5/nfp5_randomAspect_finiteBeta_maxm4_maxn4_LMN8_001018.h5,0.7664404281805405,6.46236963214289,1.3726101047374093,5.08975952740548,False,False,3.41483158213731,4.150938629839606,log_f_Q|f_stab|log_FSA_grad_x|bad_curvature_compression|geodesic_curvature_compression|parallel_roughness_iqr_scaled|nfp|iota|shat|aspect|rho|aspect/rho|equilibrium_class_1|equilibrium_class_2|equilibrium_class_3|equilibrium_class_4,observed-comparison,1.494895100593567,1.4948951105042392,0.6492246975161429,1.1220819199582495,0.7365724155628084,0.0
f_Q_integrand_w25_peak,f_Q_integrand_w25_peak:0059,70987,65390,20241115-01-random_heliotrons/20241115-01-023_heliotrons_finiteBeta_randomAspect_randomNfpUpTo8_withTorsion_flux_tubes/heliotron_randomAspect_finiteBeta_maxm1_maxn1_LMN8_001780.h5,20241115-01-random_heliotrons/20241115-01-023_heliotrons_finiteBeta_randomAspect_randomNfpUpTo8_withTorsion_flux_tubes/heliotron_randomAspect_finiteBeta_maxm1_maxn1_LMN8_000380.h5,0.7702182457232478,8.583387306415787,1.6554803127939803,6.927906993621807,False,False,3.41483158213731,4.150938629839606,log_f_Q|f_stab|log_FSA_grad_x|bad_curvature_compression|geodesic_curvature_compression|parallel_roughness_iqr_scaled|nfp|iota|shat|aspect|rho|aspect/rho|equilibrium_class_1|equilibrium_class_2|equilibrium_class_3|equilibrium_class_4,observed-comparison,1.3693625926971436,1.3693625161532237,0.5947065844904975,0.7059397527937857,0.4327185370610587,0.0
f_Q_integrand_w25_peak,f_Q_integrand_w25_peak:0060,84032,79784,20241122-01-QUASR/20241122-01-030_QUASR_vacuum_equilibria_with_maxF_below_threshold_and_enough_iota_flux_tubes/QUASR_vacuum_000369.h5,20241122-01-QUASR/20241122-01-030_QUASR_vacuum_equilibria_with_maxF_below_threshold_and_enough_iota_flux_tubes/QUASR_vacuum_000156.h5,0.7803895909490335,6.65094960211212,1.6475685601223615,5.003381041989758,False,False,3.41483158213731,4.150938629839606,log_f_Q|f_stab|log_FSA_grad_x|bad_curvature_compression|geodesic_curvature_compression|parallel_roughness_iqr_scaled|nfp|iota|shat|aspect|rho|aspect/rho|equilibrium_class_1|equilibrium_class_2|equilibrium_class_3|equilibrium_class_4,observed-comparison,0.8801417350769043,0.8801416894199592,0.38224067900809366,0.3943845191003664,0.09454544733642423,0.0
f_Q_integrand_w25_peak,f_Q_integrand_w25_peak:0061,5384,38722,20241103-01-random_equilibria_and_flux_tubes_random_aspect_ratio/20241103-01-062_generate_flux_tubes_nfp2/nfp2_randomAspect_finiteBeta_maxm4_maxn4_LMN8_001355.h5,20241103-01-random_equilibria_and_flux_tubes_random_aspect_ratio/20241103-01-065_generate_flux_tubes_nfp5/nfp5_randomAspect_finiteBeta_maxm4_maxn4_LMN8_000110.h5,0.7810705228352846,9.291904956693088,1.836469290779,7.455435665914088,False,False,3.41483158213731,4.150938629839606,log_f_Q|f_stab|log_FSA_grad_x|bad_curvature_compression|geodesic_curvature_compression|parallel_roughness_iqr_scaled|nfp|iota|shat|aspect|rho|aspect/rho|equilibrium_class_1|equilibrium_class_2|equilibrium_class_3|equilibrium_class_4,observed-comparison,1.2694623470306396,1.269462485101277,0.5513205522626735,0.9648179931749798,3.3330787212117996,0.0
f_Q_integrand_w25_peak,f_Q_integrand_w25_peak:0062,28887,26655,20241103-01-random_equilibria_and_flux_tubes_random_aspect_ratio/20241103-01-064_generate_flux_tubes_nfp4/nfp4_randomAspect_finiteBeta_maxm4_maxn4_LMN8_000850.h5,20241103-01-random_equilibria_and_flux_tubes_random_aspect_ratio/20241103-01-064_generate_flux_tubes_nfp4/nfp4_randomAspect_finiteBeta_maxm4_maxn4_LMN8_000291.h5,0.7828264080299666,7.631351168990367,1.7470697014896754,5.884281467500692,False,False,3.41483158213731,4.150938629839606,log_f_Q|f_stab|log_FSA_grad_x|bad_curvature_compression|geodesic_curvature_compression|parallel_roughness_iqr_scaled|nfp|iota|shat|aspect|rho|aspect/rho|equilibrium_class_1|equilibrium_class_2|equilibrium_class_3|equilibrium_class_4,observed-comparison,0.9288651943206787,0.9288652242120752,0.40340104130713095,0.2686634342721501,1.7697635121260786,0.0
f_Q_integrand_w25_peak,f_Q_integrand_w25_peak:0063,84448,82482,20241122-01-QUASR/20241122-01-030_QUASR_vacuum_equilibria_with_maxF_below_threshold_and_enough_iota_flux_tubes/QUASR_vacuum_000390.h5,20241122-01-QUASR/20241122-01-030_QUASR_vacuum_equilibria_with_maxF_below_threshold_and_enough_iota_flux_tubes/QUASR_vacuum_000291.h5,0.7831012454337235,6.310798833401618,1.1121699168042931,5.198628916597325,False,False,3.41483158213731,4.150938629839606,log_f_Q|f_stab|log_FSA_grad_x|bad_curvature_compression|geodesic_curvature_compression|parallel_roughness_iqr_scaled|nfp|iota|shat|aspect|rho|aspect/rho|equilibrium_class_1|equilibrium_class_2|equilibrium_class_3|equilibrium_class_4,observed-comparison,-0.025809288024902344,-0.02580938934973087,-0.011208875375880778,-0.2770689108770309,0.061110820391754084,0.0
f_Q_integrand_w25_peak,f_Q_integrand_w25_peak:0064,57550,64695,20241115-01-random_heliotrons/20241115-01-022_heliotrons_finiteBeta_randomAspect_randomNfpUpTo8_noTorsion_flux_tubes/heliotron_randomAspect_finiteBeta_maxm1_maxn1_LMN8_001619.h5,20241115-01-random_heliotrons/20241115-01-023_heliotrons_finiteBeta_randomAspect_randomNfpUpTo8_withTorsion_flux_tubes/heliotron_randomAspect_finiteBeta_maxm1_maxn1_LMN8_000206.h5,0.7872784056872968,6.682621959674188,1.6532673757019358,5.029354583972252,False,False,3.41483158213731,4.150938629839606,log_f_Q|f_stab|log_FSA_grad_x|bad_curvature_compression|geodesic_curvature_compression|parallel_roughness_iqr_scaled|nfp|iota|shat|aspect|rho|aspect/rho|equilibrium_class_1|equilibrium_class_2|equilibrium_class_3|equilibrium_class_4,observed-comparison,0.8509989976882935,0.8509988993448188,0.3695841260911955,0.23796478763211815,0.9881078764649271,0.0
f_Q_integrand_w25_peak,f_Q_integrand_w25_peak:0065,337,19744,20241103-01-random_equilibria_and_flux_tubes_random_aspect_ratio/20241103-01-062_generate_flux_tubes_nfp2/nfp2_randomAspect_finiteBeta_maxm4_maxn4_LMN8_000085.h5,20241103-01-random_equilibria_and_flux_tubes_random_aspect_ratio/20241103-01-063_generate_flux_tubes_nfp3/nfp3_randomAspect_finiteBeta_maxm4_maxn4_LMN8_001760.h5,0.7988064169604648,8.437409702128377,1.207024297898544,7.230385404229834,False,False,3.41483158213731,4.150938629839606,log_f_Q|f_stab|log_FSA_grad_x|bad_curvature_compression|geodesic_curvature_compression|parallel_roughness_iqr_scaled|nfp|iota|shat|aspect|rho|aspect/rho|equilibrium_class_1|equilibrium_class_2|equilibrium_class_3|equilibrium_class_4,observed-comparison,1.655698299407959,1.6556983737929616,0.7190606674344708,1.0253014649811194,-1.2092453030591641,0.0
f_Q_integrand_w25_peak,f_Q_integrand_w25_peak:0066,46972,43112,20241103-01-random_equilibria_and_flux_tubes_random_aspect_ratio/20241103-01-065_generate_flux_tubes_nfp5/nfp5_randomAspect_finiteBeta_maxm4_maxn4_LMN8_002173.h5,20241103-01-random_equilibria_and_flux_tubes_random_aspect_ratio/20241103-01-065_generate_flux_tubes_nfp5/nfp5_randomAspect_finiteBeta_maxm4_maxn4_LMN8_001208.h5,0.8085898600347262,11.767299561947853,1.1852986267840528,10.5820009351638,False,False,3.41483158213731,4.150938629839606,log_f_Q|f_stab|log_FSA_grad_x|bad_curvature_compression|geodesic_curvature_compression|parallel_roughness_iqr_scaled|nfp|iota|shat|aspect|rho|aspect/rho|equilibrium_class_1|equilibrium_class_2|equilibrium_class_3|equilibrium_class_4,observed-comparison,2.0628443360328674,2.062844339830355,0.8958819138136797,-0.1277252595331933,1.5403918621364798,0.0
f_Q_integrand_w25_peak,f_Q_integrand_w25_peak:0067,95566,95181,20241122-01-QUASR/20241122-01-031_QUASR_finite_beta_equilibria_with_maxF_below_threshold_and_enough_iota_flux_tubes/QUASR_finiteBeta_002679.h5,20241122-01-QUASR/20241122-01-031_QUASR_finite_beta_equilibria_with_maxF_below_threshold_and_enough_iota_flux_tubes/QUASR_finiteBeta_002583.h5,0.813651268905255,10.618145831450441,1.4056029956004144,9.212542835850027,False,False,3.41483158213731,4.150938629839606,log_f_Q|f_stab|log_FSA_grad_x|bad_curvature_compression|geodesic_curvature_compression|parallel_roughness_iqr_scaled|nfp|iota|shat|aspect|rho|aspect/rho|equilibrium_class_1|equilibrium_class_2|equilibrium_class_3|equilibrium_class_4,observed-comparison,0.7947595119476318,0.7947595946708712,0.34515970640522453,0.08514025945039327,0.38824198586771375,0.0
f_Q_integrand_w25_peak,f_Q_integrand_w25_peak:0068,51743,56940,20241115-01-random_heliotrons/20241115-01-022_heliotrons_finiteBeta_randomAspect_randomNfpUpTo8_noTorsion_flux_tubes/heliotron_randomAspect_finiteBeta_maxm1_maxn1_LMN8_000167.h5,20241115-01-random_heliotrons/20241115-01-022_heliotrons_finiteBeta_randomAspect_randomNfpUpTo8_noTorsion_flux_tubes/heliotron_randomAspect_finiteBeta_maxm1_maxn1_LMN8_001466.h5,0.8169140584327829,10.1231530204911,1.9322074780379948,8.190945542453106,False,False,3.41483158213731,4.150938629839606,log_f_Q|f_stab|log_FSA_grad_x|bad_curvature_compression|geodesic_curvature_compression|parallel_roughness_iqr_scaled|nfp|iota|shat|aspect|rho|aspect/rho|equilibrium_class_1|equilibrium_class_2|equilibrium_class_3|equilibrium_class_4,observed-comparison,-0.6766942739486694,-0.6766943732663235,-0.29388463224454353,-1.1294651982648283,2.686276029440756,0.0
f_Q_integrand_w25_peak,f_Q_integrand_w25_peak:0069,95506,93659,20241122-01-QUASR/20241122-01-031_QUASR_finite_beta_equilibria_with_maxF_below_threshold_and_enough_iota_flux_tubes/QUASR_finiteBeta_002664.h5,20241122-01-QUASR/20241122-01-031_QUASR_finite_beta_equilibria_with_maxF_below_threshold_and_enough_iota_flux_tubes/QUASR_finiteBeta_002202.h5,0.8378981897171668,10.721924903549702,1.3161690815979776,9.405755821951725,False,False,3.41483158213731,4.150938629839606,log_f_Q|f_stab|log_FSA_grad_x|bad_curvature_compression|geodesic_curvature_compression|parallel_roughness_iqr_scaled|nfp|iota|shat|aspect|rho|aspect/rho|equilibrium_class_1|equilibrium_class_2|equilibrium_class_3|equilibrium_class_4,observed-comparison,0.9551446437835693,0.9551447025131454,0.4148140737205821,0.8087010035571021,0.27382521900849444,0.0
f_Q_integrand_w25_peak,f_Q_integrand_w25_peak:0070,37817,31026,20241103-01-random_equilibria_and_flux_tubes_random_aspect_ratio/20241103-01-064_generate_flux_tubes_nfp4/nfp4_randomAspect_finiteBeta_maxm4_maxn4_LMN8_003084.h5,20241103-01-random_equilibria_and_flux_tubes_random_aspect_ratio/20241103-01-064_generate_flux_tubes_nfp4/nfp4_randomAspect_finiteBeta_maxm4_maxn4_LMN8_001385.h5,0.8381518406828655,10.435679647596826,0.7588121397890474,9.67686750780778,False,False,3.41483158213731,4.150938629839606,log_f_Q|f_stab|log_FSA_grad_x|bad_curvature_compression|geodesic_curvature_compression|parallel_roughness_iqr_scaled|nfp|iota|shat|aspect|rho|aspect/rho|equilibrium_class_1|equilibrium_class_2|equilibrium_class_3|equilibrium_class_4,observed-comparison,1.9397374987602234,1.9397374111794472,0.8424172540165329,0.23811689121326046,1.420407074430793,0.0
f_Q_integrand_w25_peak,f_Q_integrand_w25_peak:0071,32037,66312,20241103-01-random_equilibria_and_flux_tubes_random_aspect_ratio/20241103-01-064_generate_flux_tubes_nfp4/nfp4_randomAspect_finiteBeta_maxm4_maxn4_LMN8_001638.h5,20241115-01-random_heliotrons/20241115-01-023_heliotrons_finiteBeta_randomAspect_randomNfpUpTo8_withTorsion_flux_tubes/heliotron_randomAspect_finiteBeta_maxm1_maxn1_LMN8_000610.h5,0.8390404204046327,10.171298629069206,1.860731147552783,8.310567481516422,False,False,3.41483158213731,4.150938629839606,log_f_Q|f_stab|log_FSA_grad_x|bad_curvature_compression|geodesic_curvature_compression|parallel_roughness_iqr_scaled|nfp|iota|shat|aspect|rho|aspect/rho|equilibrium_class_1|equilibrium_class_2|equilibrium_class_3|equilibrium_class_4,observed-comparison,-0.11933624744415283,-0.11933625184012908,-0.05182707566518485,-0.7351491624720661,0.538215931786713,0.0
f_Q_integrand_w25_peak,f_Q_integrand_w25_peak:0072,10974,89362,20241103-01-random_equilibria_and_flux_tubes_random_aspect_ratio/20241103-01-062_generate_flux_tubes_nfp2/nfp2_randomAspect_finiteBeta_maxm4_maxn4_LMN8_002761.h5,20241122-01-QUASR/20241122-01-031_QUASR_finite_beta_equilibria_with_maxF_below_threshold_and_enough_iota_flux_tubes/QUASR_finiteBeta_001124.h5,0.8485400047810211,10.33615300381356,1.3959646015461735,8.940188402267387,False,False,3.41483158213731,4.150938629839606,log_f_Q|f_stab|log_FSA_grad_x|bad_curvature_compression|geodesic_curvature_compression|parallel_roughness_iqr_scaled|nfp|iota|shat|aspect|rho|aspect/rho|equilibrium_class_1|equilibrium_class_2|equilibrium_class_3|equilibrium_class_4,observed-comparison,2.380906507372856,2.380906402375504,1.0340145124798048,1.2532513643929455,2.645183116657643,0.0
f_Q_integrand_w25_peak,f_Q_integrand_w25_peak:0073,13121,15479,20241103-01-random_equilibria_and_flux_tubes_random_aspect_ratio/20241103-01-063_generate_flux_tubes_nfp3/nfp3_randomAspect_finiteBeta_maxm4_maxn4_LMN8_000099.h5,20241103-01-random_equilibria_and_flux_tubes_random_aspect_ratio/20241103-01-063_generate_flux_tubes_nfp3/nfp3_randomAspect_finiteBeta_maxm4_maxn4_LMN8_000691.h5,0.8593017477429882,6.820119057632841,1.3925290176313774,5.427590040001464,False,False,3.41483158213731,4.150938629839606,log_f_Q|f_stab|log_FSA_grad_x|bad_curvature_compression|geodesic_curvature_compression|parallel_roughness_iqr_scaled|nfp|iota|shat|aspect|rho|aspect/rho|equilibrium_class_1|equilibrium_class_2|equilibrium_class_3|equilibrium_class_4,observed-comparison,1.7408885955810547,1.7408885736078992,0.7560583011263337,1.1384497815426247,0.2158299618833186,0.0
f_Q_integrand_w25_peak,f_Q_integrand_w25_peak:0074,87592,6724,20241122-01-QUASR/20241122-01-031_QUASR_finite_beta_equilibria_with_maxF_below_threshold_and_enough_iota_flux_tubes/QUASR_finiteBeta_000677.h5,20241103-01-random_equilibria_and_flux_tubes_random_aspect_ratio/20241103-01-062_generate_flux_tubes_nfp2/nfp2_randomAspect_finiteBeta_maxm4_maxn4_LMN8_001691.h5,0.8766239301870788,7.028920281272208,1.109573714289465,5.9193465669827425,False,False,3.41483158213731,4.150938629839606,log_f_Q|f_stab|log_FSA_grad_x|bad_curvature_compression|geodesic_curvature_compression|parallel_roughness_iqr_scaled|nfp|iota|shat|aspect|rho|aspect/rho|equilibrium_class_1|equilibrium_class_2|equilibrium_class_3|equilibrium_class_4,observed-comparison,2.3131167888641357,2.3131168096742156,1.0045738664391661,-0.13365275941441537,0.2526310144109143,0.0
f_Q_integrand_w25_peak,f_Q_integrand_w25_peak:0075,66256,72828,20241115-01-random_heliotrons/20241115-01-023_heliotrons_finiteBeta_randomAspect_randomNfpUpTo8_withTorsion_flux_tubes/heliotron_randomAspect_finiteBeta_maxm1_maxn1_LMN8_000596.h5,20241115-01-random_heliotrons/20241115-01-023_heliotrons_finiteBeta_randomAspect_randomNfpUpTo8_withTorsion_flux_tubes/heliotron_randomAspect_finiteBeta_maxm1_maxn1_LMN8_002241.h5,0.8808215806692047,7.916695724746157,1.3111064331465854,6.605589291599571,False,False,3.41483158213731,4.150938629839606,log_f_Q|f_stab|log_FSA_grad_x|bad_curvature_compression|geodesic_curvature_compression|parallel_roughness_iqr_scaled|nfp|iota|shat|aspect|rho|aspect/rho|equilibrium_class_1|equilibrium_class_2|equilibrium_class_3|equilibrium_class_4,observed-comparison,1.659812331199646,1.6598123588483185,0.7208473484426448,-0.4348696580363871,0.8552031754883853,0.0
f_Q_integrand_w25_peak,f_Q_integrand_w25_peak:0076,80422,81809,20241122-01-QUASR/20241122-01-030_QUASR_vacuum_equilibria_with_maxF_below_threshold_and_enough_iota_flux_tubes/QUASR_vacuum_000188.h5,20241122-01-QUASR/20241122-01-030_QUASR_vacuum_equilibria_with_maxF_below_threshold_and_enough_iota_flux_tubes/QUASR_vacuum_000258.h5,0.8833148163273313,13.20359744824221,0.9100451231775571,12.293552325064653,False,False,3.41483158213731,4.150938629839606,log_f_Q|f_stab|log_FSA_grad_x|bad_curvature_compression|geodesic_curvature_compression|parallel_roughness_iqr_scaled|nfp|iota|shat|aspect|rho|aspect/rho|equilibrium_class_1|equilibrium_class_2|equilibrium_class_3|equilibrium_class_4,observed-comparison,0.9850990772247314,0.9850991757268532,0.4278231361456143,1.4068669360140025,1.9182571461033489,0.0
f_Q_integrand_w25_peak,f_Q_integrand_w25_peak:0077,81328,69619,20241122-01-QUASR/20241122-01-030_QUASR_vacuum_equilibria_with_maxF_below_threshold_and_enough_iota_flux_tubes/QUASR_vacuum_000233.h5,20241115-01-random_heliotrons/20241115-01-023_heliotrons_finiteBeta_randomAspect_randomNfpUpTo8_withTorsion_flux_tubes/heliotron_randomAspect_finiteBeta_maxm1_maxn1_LMN8_001438.h5,0.8872116910083899,8.926668914883068,1.818259844506119,7.108409070376949,False,False,3.41483158213731,4.150938629839606,log_f_Q|f_stab|log_FSA_grad_x|bad_curvature_compression|geodesic_curvature_compression|parallel_roughness_iqr_scaled|nfp|iota|shat|aspect|rho|aspect/rho|equilibrium_class_1|equilibrium_class_2|equilibrium_class_3|equilibrium_class_4,observed-comparison,0.9854962825775146,0.9854963671498091,0.4279956341888632,-0.2103744915917427,0.48406614655651925,0.0
f_Q_integrand_w25_peak,f_Q_integrand_w25_peak:0078,23144,13384,20241103-01-random_equilibria_and_flux_tubes_random_aspect_ratio/20241103-01-063_generate_flux_tubes_nfp3/nfp3_randomAspect_finiteBeta_maxm4_maxn4_LMN8_002612.h5,20241103-01-random_equilibria_and_flux_tubes_random_aspect_ratio/20241103-01-063_generate_flux_tubes_nfp3/nfp3_randomAspect_finiteBeta_maxm4_maxn4_LMN8_000165.h5,0.8887977607697867,12.154592331493456,1.4128011332783086,10.741791198215147,False,False,3.41483158213731,4.150938629839606,log_f_Q|f_stab|log_FSA_grad_x|bad_curvature_compression|geodesic_curvature_compression|parallel_roughness_iqr_scaled|nfp|iota|shat|aspect|rho|aspect/rho|equilibrium_class_1|equilibrium_class_2|equilibrium_class_3|equilibrium_class_4,observed-comparison,3.028341330587864,3.0283414296716966,1.3151919722254224,0.5292502101651522,3.541534922811481,0.0
f_Q_integrand_w25_peak,f_Q_integrand_w25_peak:0079,7895,62584,20241103-01-random_equilibria_and_flux_tubes_random_aspect_ratio/20241103-01-062_generate_flux_tubes_nfp2/nfp2_randomAspect_finiteBeta_maxm4_maxn4_LMN8_001985.h5,20241115-01-random_heliotrons/20241115-01-022_heliotrons_finiteBeta_randomAspect_randomNfpUpTo8_noTorsion_flux_tubes/heliotron_randomAspect_finiteBeta_maxm1_maxn1_LMN8_002878.h5,0.8913350204007779,7.15343265532146,1.4249030887037009,5.728529566617759,False,False,3.41483158213731,4.150938629839606,log_f_Q|f_stab|log_FSA_grad_x|bad_curvature_compression|geodesic_curvature_compression|parallel_roughness_iqr_scaled|nfp|iota|shat|aspect|rho|aspect/rho|equilibrium_class_1|equilibrium_class_2|equilibrium_class_3|equilibrium_class_4,observed-comparison,-1.6173697710037231,-1.6173697861855456,-0.7024147733374247,-0.6238186674217912,0.410723243344721,0.0
f_Q_integrand_w25_peak,f_Q_integrand_w25_peak:0080,67908,83542,20241115-01-random_heliotrons/20241115-01-023_heliotrons_finiteBeta_randomAspect_randomNfpUpTo8_withTorsion_flux_tubes/heliotron_randomAspect_finiteBeta_maxm1_maxn1_LMN8_001010.h5,20241122-01-QUASR/20241122-01-030_QUASR_vacuum_equilibria_with_maxF_below_threshold_and_enough_iota_flux_tubes/QUASR_vacuum_000345.h5,0.893454080805444,10.147778194415627,1.5112823949473093,8.636495799468317,False,False,3.41483158213731,4.150938629839606,log_f_Q|f_stab|log_FSA_grad_x|bad_curvature_compression|geodesic_curvature_compression|parallel_roughness_iqr_scaled|nfp|iota|shat|aspect|rho|aspect/rho|equilibrium_class_1|equilibrium_class_2|equilibrium_class_3|equilibrium_class_4,observed-comparison,1.2484475374221802,1.2484475926385794,0.5421939004283338,0.38918987935757565,1.773727365480783,0.0
f_Q_integrand_w25_peak,f_Q_integrand_w25_peak:0081,97856,100493,20241122-01-QUASR/20241122-01-031_QUASR_finite_beta_equilibria_with_maxF_below_threshold_and_enough_iota_flux_tubes/QUASR_finiteBeta_003251.h5,20241122-01-QUASR/20241122-01-031_QUASR_finite_beta_equilibria_with_maxF_below_threshold_and_enough_iota_flux_tubes/QUASR_finiteBeta_003911.h5,0.8959759193295938,8.103123529105467,1.296664944305615,6.806458584799852,False,False,3.41483158213731,4.150938629839606,log_f_Q|f_stab|log_FSA_grad_x|bad_curvature_compression|geodesic_curvature_compression|parallel_roughness_iqr_scaled|nfp|iota|shat|aspect|rho|aspect/rho|equilibrium_class_1|equilibrium_class_2|equilibrium_class_3|equilibrium_class_4,observed-comparison,0.97554612159729,0.9755461474730978,0.42367430868954226,0.1781677895563527,0.37852880249540166,0.0
f_Q_integrand_w25_peak,f_Q_integrand_w25_peak:0082,1570,1516,20241103-01-random_equilibria_and_flux_tubes_random_aspect_ratio/20241103-01-062_generate_flux_tubes_nfp2/nfp2_randomAspect_finiteBeta_maxm4_maxn4_LMN8_000395.h5,20241103-01-random_equilibria_and_flux_tubes_random_aspect_ratio/20241103-01-062_generate_flux_tubes_nfp2/nfp2_randomAspect_finiteBeta_maxm4_maxn4_LMN8_000381.h5,0.9031901814878324,9.42583758329206,1.618774240435891,7.807063342856169,False,False,3.41483158213731,4.150938629839606,log_f_Q|f_stab|log_FSA_grad_x|bad_curvature_compression|geodesic_curvature_compression|parallel_roughness_iqr_scaled|nfp|iota|shat|aspect|rho|aspect/rho|equilibrium_class_1|equilibrium_class_2|equilibrium_class_3|equilibrium_class_4,observed-comparison,1.201939344406128,1.201939146924738,0.5219955390929155,0.5784925819352379,3.243482873999991,0.0
f_Q_integrand_w25_peak,f_Q_integrand_w25_peak:0083,60264,70627,20241115-01-random_heliotrons/20241115-01-022_heliotrons_finiteBeta_randomAspect_randomNfpUpTo8_noTorsion_flux_tubes/heliotron_randomAspect_finiteBeta_maxm1_maxn1_LMN8_002298.h5,20241115-01-random_heliotrons/20241115-01-023_heliotrons_finiteBeta_randomAspect_randomNfpUpTo8_withTorsion_flux_tubes/heliotron_randomAspect_finiteBeta_maxm1_maxn1_LMN8_001690.h5,0.9215398618402441,10.20749303144339,1.2245570383334319,8.982935993109958,False,False,3.41483158213731,4.150938629839606,log_f_Q|f_stab|log_FSA_grad_x|bad_curvature_compression|geodesic_curvature_compression|parallel_roughness_iqr_scaled|nfp|iota|shat|aspect|rho|aspect/rho|equilibrium_class_1|equilibrium_class_2|equilibrium_class_3|equilibrium_class_4,observed-comparison,0.939507246017456,0.9395072551456856,0.4080228166178418,-0.34406563201960594,0.5381427753720422,0.0
f_Q_integrand_w25_peak,f_Q_integrand_w25_peak:0084,91132,92350,20241122-01-QUASR/20241122-01-031_QUASR_finite_beta_equilibria_with_maxF_below_threshold_and_enough_iota_flux_tubes/QUASR_finiteBeta_001570.h5,20241122-01-QUASR/20241122-01-031_QUASR_finite_beta_equilibria_with_maxF_below_threshold_and_enough_iota_flux_tubes/QUASR_finiteBeta_001875.h5,0.9254751853713307,11.682617785397758,1.2400922320241916,10.442525553373567,False,False,3.41483158213731,4.150938629839606,log_f_Q|f_stab|log_FSA_grad_x|bad_curvature_compression|geodesic_curvature_compression|parallel_roughness_iqr_scaled|nfp|iota|shat|aspect|rho|aspect/rho|equilibrium_class_1|equilibrium_class_2|equilibrium_class_3|equilibrium_class_4,observed-comparison,0.5067996978759766,0.5067997927767087,0.220100353432636,0.9836020965274173,7.544077104621946,0.0
f_Q_integrand_w25_peak,f_Q_integrand_w25_peak:0085,31970,29867,20241103-01-random_equilibria_and_flux_tubes_random_aspect_ratio/20241103-01-064_generate_flux_tubes_nfp4/nfp4_randomAspect_finiteBeta_maxm4_maxn4_LMN8_001621.h5,20241103-01-random_equilibria_and_flux_tubes_random_aspect_ratio/20241103-01-064_generate_flux_tubes_nfp4/nfp4_randomAspect_finiteBeta_maxm4_maxn4_LMN8_001095.h5,0.9273656341441594,11.519201998944796,0.8472031712047583,10.671998827740037,False,False,3.41483158213731,4.150938629839606,log_f_Q|f_stab|log_FSA_grad_x|bad_curvature_compression|geodesic_curvature_compression|parallel_roughness_iqr_scaled|nfp|iota|shat|aspect|rho|aspect/rho|equilibrium_class_1|equilibrium_class_2|equilibrium_class_3|equilibrium_class_4,observed-comparison,2.3138476610183716,2.313847562862771,1.004891228516589,-0.6112534748563229,2.067713013292801,0.0
f_Q_integrand_w25_peak,f_Q_integrand_w25_peak:0086,93600,97611,20241122-01-QUASR/20241122-01-031_QUASR_finite_beta_equilibria_with_maxF_below_threshold_and_enough_iota_flux_tubes/QUASR_finiteBeta_002187.h5,20241122-01-QUASR/20241122-01-031_QUASR_finite_beta_equilibria_with_maxF_below_threshold_and_enough_iota_flux_tubes/QUASR_finiteBeta_003190.h5,0.9332613114572128,7.343761960989785,1.5687506000963458,5.77501136089344,False,False,3.41483158213731,4.150938629839606,log_f_Q|f_stab|log_FSA_grad_x|bad_curvature_compression|geodesic_curvature_compression|parallel_roughness_iqr_scaled|nfp|iota|shat|aspect|rho|aspect/rho|equilibrium_class_1|equilibrium_class_2|equilibrium_class_3|equilibrium_class_4,observed-comparison,0.9285609722137451,0.9285609801401238,0.40326890978553087,0.27275544658108464,0.2356628281380897,0.0
f_Q_integrand_w25_peak,f_Q_integrand_w25_peak:0087,13625,64449,20241103-01-random_equilibria_and_flux_tubes_random_aspect_ratio/20241103-01-063_generate_flux_tubes_nfp3/nfp3_randomAspect_finiteBeta_maxm4_maxn4_LMN8_000226.h5,20241115-01-random_heliotrons/20241115-01-023_heliotrons_finiteBeta_randomAspect_randomNfpUpTo8_withTorsion_flux_tubes/heliotron_randomAspect_finiteBeta_maxm1_maxn1_LMN8_000144.h5,0.9387875520308218,12.012125344088888,1.443507782416856,10.568617561672031,False,False,3.41483158213731,4.150938629839606,log_f_Q|f_stab|log_FSA_grad_x|bad_curvature_compression|geodesic_curvature_compression|parallel_roughness_iqr_scaled|nfp|iota|shat|aspect|rho|aspect/rho|equilibrium_class_1|equilibrium_class_2|equilibrium_class_3|equilibrium_class_4,observed-comparison,0.6862046718597412,0.6862046878458008,0.2980149093875747,0.2972001446399599,4.589287549865641,0.0
f_Q_integrand_w25_peak,f_Q_integrand_w25_peak:0088,92099,80856,20241122-01-QUASR/20241122-01-031_QUASR_finite_beta_equilibria_with_maxF_below_threshold_and_enough_iota_flux_tubes/QUASR_finiteBeta_001812.h5,20241122-01-QUASR/20241122-01-030_QUASR_vacuum_equilibria_with_maxF_below_threshold_and_enough_iota_flux_tubes/QUASR_vacuum_000210.h5,0.940972079441099,12.335602892081527,1.6070275930629896,10.728575299018537,False,False,3.41483158213731,4.150938629839606,log_f_Q|f_stab|log_FSA_grad_x|bad_curvature_compression|geodesic_curvature_compression|parallel_roughness_iqr_scaled|nfp|iota|shat|aspect|rho|aspect/rho|equilibrium_class_1|equilibrium_class_2|equilibrium_class_3|equilibrium_class_4,observed-comparison,0.7251176834106445,0.7251177181019046,0.3149146237019348,1.1596905225248761,2.820614055384369,0.0
f_Q_integrand_w25_peak,f_Q_integrand_w25_peak:0089,74281,63988,20241115-01-random_heliotrons/20241115-01-023_heliotrons_finiteBeta_randomAspect_randomNfpUpTo8_withTorsion_flux_tubes/heliotron_randomAspect_finiteBeta_maxm1_maxn1_LMN8_002604.h5,20241115-01-random_heliotrons/20241115-01-023_heliotrons_finiteBeta_randomAspect_randomNfpUpTo8_withTorsion_flux_tubes/heliotron_randomAspect_finiteBeta_maxm1_maxn1_LMN8_000029.h5,0.9723526087578674,11.117022633544309,1.2835851467346517,9.833437486809657,False,False,3.41483158213731,4.150938629839606,log_f_Q|f_stab|log_FSA_grad_x|bad_curvature_compression|geodesic_curvature_compression|parallel_roughness_iqr_scaled|nfp|iota|shat|aspect|rho|aspect/rho|equilibrium_class_1|equilibrium_class_2|equilibrium_class_3|equilibrium_class_4,observed-comparison,1.335706114768982,1.3357060136495886,0.5800897511730061,-0.799628565227199,1.5415848414593007,0.0
f_Q_integrand_w25_peak,f_Q_integrand_w25_peak:0090,87724,77680,20241122-01-QUASR/20241122-01-031_QUASR_finite_beta_equilibria_with_maxF_below_threshold_and_enough_iota_flux_tubes/QUASR_finiteBeta_000711.h5,20241122-01-QUASR/20241122-01-030_QUASR_vacuum_equilibria_with_maxF_below_threshold_and_enough_iota_flux_tubes/QUASR_vacuum_000051.h5,0.9728878585803729,7.111584723937179,0.960985408473717,6.150599315463462,False,False,3.41483158213731,4.150938629839606,log_f_Q|f_stab|log_FSA_grad_x|bad_curvature_compression|geodesic_curvature_compression|parallel_roughness_iqr_scaled|nfp|iota|shat|aspect|rho|aspect/rho|equilibrium_class_1|equilibrium_class_2|equilibrium_class_3|equilibrium_class_4,observed-comparison,1.4886530637741089,1.4886529450859638,0.6465137595198588,0.7671805294130947,0.37532426184680934,0.0
f_Q_integrand_w25_peak,f_Q_integrand_w25_peak:0091,65090,70300,20241115-01-random_heliotrons/20241115-01-023_heliotrons_finiteBeta_randomAspect_randomNfpUpTo8_withTorsion_flux_tubes/heliotron_randomAspect_finiteBeta_maxm1_maxn1_LMN8_000305.h5,20241115-01-random_heliotrons/20241115-01-023_heliotrons_finiteBeta_randomAspect_randomNfpUpTo8_withTorsion_flux_tubes/heliotron_randomAspect_finiteBeta_maxm1_maxn1_LMN8_001608.h5,0.9806529653694143,13.700178879127405,1.2061767673906574,12.494002111736748,False,False,3.41483158213731,4.150938629839606,log_f_Q|f_stab|log_FSA_grad_x|bad_curvature_compression|geodesic_curvature_compression|parallel_roughness_iqr_scaled|nfp|iota|shat|aspect|rho|aspect/rho|equilibrium_class_1|equilibrium_class_2|equilibrium_class_3|equilibrium_class_4,observed-comparison,1.526696801185608,1.5266968752855137,0.6630360284754359,-0.5801040122146368,1.8956332694559215,0.0
f_Q_integrand_w25_peak,f_Q_integrand_w25_peak:0092,60442,59743,20241115-01-random_heliotrons/20241115-01-022_heliotrons_finiteBeta_randomAspect_randomNfpUpTo8_noTorsion_flux_tubes/heliotron_randomAspect_finiteBeta_maxm1_maxn1_LMN8_002342.h5,20241115-01-random_heliotrons/20241115-01-022_heliotrons_finiteBeta_randomAspect_randomNfpUpTo8_noTorsion_flux_tubes/heliotron_randomAspect_finiteBeta_maxm1_maxn1_LMN8_002167.h5,0.9828663871197265,11.866738918158594,0.6702785415611155,11.196460376597479,False,False,3.41483158213731,4.150938629839606,log_f_Q|f_stab|log_FSA_grad_x|bad_curvature_compression|geodesic_curvature_compression|parallel_roughness_iqr_scaled|nfp|iota|shat|aspect|rho|aspect/rho|equilibrium_class_1|equilibrium_class_2|equilibrium_class_3|equilibrium_class_4,observed-comparison,0.6456631422042847,0.6456631353626496,0.280407936856351,-0.7047252003298543,1.3227063681713565,0.0
f_Q_integrand_w25_peak,f_Q_integrand_w25_peak:0093,37048,71974,20241103-01-random_equilibria_and_flux_tubes_random_aspect_ratio/20241103-01-064_generate_flux_tubes_nfp4/nfp4_randomAspect_finiteBeta_maxm4_maxn4_LMN8_002891.h5,20241115-01-random_heliotrons/20241115-01-023_heliotrons_finiteBeta_randomAspect_randomNfpUpTo8_withTorsion_flux_tubes/heliotron_randomAspect_finiteBeta_maxm1_maxn1_LMN8_002027.h5,0.9831804299192656,13.612017127671207,1.9480034024125248,11.664013725258682,False,False,3.41483158213731,4.150938629839606,log_f_Q|f_stab|log_FSA_grad_x|bad_curvature_compression|geodesic_curvature_compression|parallel_roughness_iqr_scaled|nfp|iota|shat|aspect|rho|aspect/rho|equilibrium_class_1|equilibrium_class_2|equilibrium_class_3|equilibrium_class_4,observed-comparison,1.3329116106033325,1.3329116278203075,0.5788761648270404,0.43420030500544027,3.5791939767911614,0.0
f_Q_integrand_w25_peak,f_Q_integrand_w25_peak:0094,83295,100032,20241122-01-QUASR/20241122-01-030_QUASR_vacuum_equilibria_with_maxF_below_threshold_and_enough_iota_flux_tubes/QUASR_vacuum_000332.h5,20241122-01-QUASR/20241122-01-031_QUASR_finite_beta_equilibria_with_maxF_below_threshold_and_enough_iota_flux_tubes/QUASR_finiteBeta_003795.h5,0.9899481532816061,7.117579419684293,1.2097542932287342,5.907825126455559,False,False,3.41483158213731,4.150938629839606,log_f_Q|f_stab|log_FSA_grad_x|bad_curvature_compression|geodesic_curvature_compression|parallel_roughness_iqr_scaled|nfp|iota|shat|aspect|rho|aspect/rho|equilibrium_class_1|equilibrium_class_2|equilibrium_class_3|equilibrium_class_4,observed-comparison,1.1442313194274902,1.144231340999867,0.4969333574170003,0.39794527140990466,0.4462143359471855,0.0
f_Q_integrand_w25_peak,f_Q_integrand_w25_peak:0095,94634,82992,20241122-01-QUASR/20241122-01-031_QUASR_finite_beta_equilibria_with_maxF_below_threshold_and_enough_iota_flux_tubes/QUASR_finiteBeta_002446.h5,20241122-01-QUASR/20241122-01-030_QUASR_vacuum_equilibria_with_maxF_below_threshold_and_enough_iota_flux_tubes/QUASR_vacuum_000317.h5,1.0193238744959383,6.311804947816131,0.8924330638525387,5.419371883963592,False,False,3.41483158213731,4.150938629839606,log_f_Q|f_stab|log_FSA_grad_x|bad_curvature_compression|geodesic_curvature_compression|parallel_roughness_iqr_scaled|nfp|iota|shat|aspect|rho|aspect/rho|equilibrium_class_1|equilibrium_class_2|equilibrium_class_3|equilibrium_class_4,observed-comparison,1.0199196338653564,1.0199195512639923,0.44294543309919276,0.14821255460644234,-1.5575889723065395,0.0
f_Q_integrand_w25_peak,f_Q_integrand_w25_peak:0096,13767,10769,20241103-01-random_equilibria_and_flux_tubes_random_aspect_ratio/20241103-01-063_generate_flux_tubes_nfp3/nfp3_randomAspect_finiteBeta_maxm4_maxn4_LMN8_000262.h5,20241103-01-random_equilibria_and_flux_tubes_random_aspect_ratio/20241103-01-062_generate_flux_tubes_nfp2/nfp2_randomAspect_finiteBeta_maxm4_maxn4_LMN8_002709.h5,1.0251831414212658,14.812938358093925,0.891876116885401,13.921062241208524,False,False,3.41483158213731,4.150938629839606,log_f_Q|f_stab|log_FSA_grad_x|bad_curvature_compression|geodesic_curvature_compression|parallel_roughness_iqr_scaled|nfp|iota|shat|aspect|rho|aspect/rho|equilibrium_class_1|equilibrium_class_2|equilibrium_class_3|equilibrium_class_4,observed-comparison,2.2047929167747498,2.204792975426597,0.9575294229668231,1.0124968245545323,3.753383964303854,0.0
f_Q_integrand_w25_peak,f_Q_integrand_w25_peak:0097,11221,4387,20241103-01-random_equilibria_and_flux_tubes_random_aspect_ratio/20241103-01-062_generate_flux_tubes_nfp2/nfp2_randomAspect_finiteBeta_maxm4_maxn4_LMN8_002823.h5,20241103-01-random_equilibria_and_flux_tubes_random_aspect_ratio/20241103-01-062_generate_flux_tubes_nfp2/nfp2_randomAspect_finiteBeta_maxm4_maxn4_LMN8_001104.h5,1.0295172350952153,10.551101907137257,0.7650427012656497,9.786059205871608,False,False,3.41483158213731,4.150938629839606,log_f_Q|f_stab|log_FSA_grad_x|bad_curvature_compression|geodesic_curvature_compression|parallel_roughness_iqr_scaled|nfp|iota|shat|aspect|rho|aspect/rho|equilibrium_class_1|equilibrium_class_2|equilibrium_class_3|equilibrium_class_4,observed-comparison,2.47446496039629,2.474465020621907,1.0746465041187103,0.8820060803789278,5.50754735708559,0.0
f_Q_integrand_w25_peak,f_Q_integrand_w25_peak:0098,13676,35442,20241103-01-random_equilibria_and_flux_tubes_random_aspect_ratio/20241103-01-063_generate_flux_tubes_nfp3/nfp3_randomAspect_finiteBeta_maxm4_maxn4_LMN8_000239.h5,20241103-01-random_equilibria_and_flux_tubes_random_aspect_ratio/20241103-01-064_generate_flux_tubes_nfp4/nfp4_randomAspect_finiteBeta_maxm4_maxn4_LMN8_002489.h5,1.0535946827866893,12.601388310792656,0.6389987230357945,11.962389587756862,False,False,3.41483158213731,4.150938629839606,log_f_Q|f_stab|log_FSA_grad_x|bad_curvature_compression|geodesic_curvature_compression|parallel_roughness_iqr_scaled|nfp|iota|shat|aspect|rho|aspect/rho|equilibrium_class_1|equilibrium_class_2|equilibrium_class_3|equilibrium_class_4,observed-comparison,3.040955441072583,3.0409554503199727,1.3206701717875824,1.4502866835357437,2.292963704697343,0.0
f_Q_integrand_w25_peak,f_Q_integrand_w25_peak:0099,61258,66242,20241115-01-random_heliotrons/20241115-01-022_heliotrons_finiteBeta_randomAspect_randomNfpUpTo8_noTorsion_flux_tubes/heliotron_randomAspect_finiteBeta_maxm1_maxn1_LMN8_002546.h5,20241115-01-random_heliotrons/20241115-01-023_heliotrons_finiteBeta_randomAspect_randomNfpUpTo8_withTorsion_flux_tubes/heliotron_randomAspect_finiteBeta_maxm1_maxn1_LMN8_000593.h5,1.0549930490667165,8.308690592102826,1.4893047185249015,6.819385873577924,False,False,3.41483158213731,4.150938629839606,log_f_Q|f_stab|log_FSA_grad_x|bad_curvature_compression|geodesic_curvature_compression|parallel_roughness_iqr_scaled|nfp|iota|shat|aspect|rho|aspect/rho|equilibrium_class_1|equilibrium_class_2|equilibrium_class_3|equilibrium_class_4,observed-comparison,2.3998653888702393,2.399865451169499,1.0422483227531711,0.3506307920160397,0.4420767074697878,0.0
f_Q_integrand_w25_peak,f_Q_integrand_w25_peak:0100,55347,52690,20241115-01-random_heliotrons/20241115-01-022_heliotrons_finiteBeta_randomAspect_randomNfpUpTo8_noTorsion_flux_tubes/heliotron_randomAspect_finiteBeta_maxm1_maxn1_LMN8_001068.h5,20241115-01-random_heliotrons/20241115-01-022_heliotrons_finiteBeta_randomAspect_randomNfpUpTo8_noTorsion_flux_tubes/heliotron_randomAspect_finiteBeta_maxm1_maxn1_LMN8_000403.h5,1.0558176397280474,13.61657515218631,0.6875787573512286,12.928996394835082,False,False,3.41483158213731,4.150938629839606,log_f_Q|f_stab|log_FSA_grad_x|bad_curvature_compression|geodesic_curvature_compression|parallel_roughness_iqr_scaled|nfp|iota|shat|aspect|rho|aspect/rho|equilibrium_class_1|equilibrium_class_2|equilibrium_class_3|equilibrium_class_4,observed-comparison,0.3059828281402588,0.3059827221870637,0.13288660780357742,-0.9182262709034519,1.6860848284464038,0.0
f_Q_integrand_w25_peak,f_Q_integrand_w25_peak:0101,90868,100092,20241122-01-QUASR/20241122-01-031_QUASR_finite_beta_equilibria_with_maxF_below_threshold_and_enough_iota_flux_tubes/QUASR_finiteBeta_001504.h5,20241122-01-QUASR/20241122-01-031_QUASR_finite_beta_equilibria_with_maxF_below_threshold_and_enough_iota_flux_tubes/QUASR_finiteBeta_003810.h5,1.0636951706533373,10.685010102235134,1.1053199783981658,9.579690123836968,False,False,3.41483158213731,4.150938629839606,log_f_Q|f_stab|log_FSA_grad_x|bad_curvature_compression|geodesic_curvature_compression|parallel_roughness_iqr_scaled|nfp|iota|shat|aspect|rho|aspect/rho|equilibrium_class_1|equilibrium_class_2|equilibrium_class_3|equilibrium_class_4,observed-comparison,1.1731176376342773,1.173117774317054,0.509478576008521,-0.18418567952403758,0.9493047446894944,0.0
f_Q_integrand_w25_peak,f_Q_integrand_w25_peak:0102,58944,88606,20241115-01-random_heliotrons/20241115-01-022_heliotrons_finiteBeta_randomAspect_randomNfpUpTo8_noTorsion_flux_tubes/heliotron_randomAspect_finiteBeta_maxm1_maxn1_LMN8_001968.h5,20241122-01-QUASR/20241122-01-031_QUASR_finite_beta_equilibria_with_maxF_below_threshold_and_enough_iota_flux_tubes/QUASR_finiteBeta_000935.h5,1.0795857675267186,7.32089174540185,0.522626912600805,6.7982648328010455,False,False,3.41483158213731,4.150938629839606,log_f_Q|f_stab|log_FSA_grad_x|bad_curvature_compression|geodesic_curvature_compression|parallel_roughness_iqr_scaled|nfp|iota|shat|aspect|rho|aspect/rho|equilibrium_class_1|equilibrium_class_2|equilibrium_class_3|equilibrium_class_4,observed-comparison,1.1999195218086243,1.1999195573687667,0.5211184424930477,1.1918113304111002,0.4250283622468256,0.0
f_Q_integrand_w25_peak,f_Q_integrand_w25_peak:0103,30941,22455,20241103-01-random_equilibria_and_flux_tubes_random_aspect_ratio/20241103-01-064_generate_flux_tubes_nfp4/nfp4_randomAspect_finiteBeta_maxm4_maxn4_LMN8_001364.h5,20241103-01-random_equilibria_and_flux_tubes_random_aspect_ratio/20241103-01-063_generate_flux_tubes_nfp3/nfp3_randomAspect_finiteBeta_maxm4_maxn4_LMN8_002440.h5,1.0854889022738632,14.656530628619869,0.8619672482229954,13.794563380396873,False,False,3.41483158213731,4.150938629839606,log_f_Q|f_stab|log_FSA_grad_x|bad_curvature_compression|geodesic_curvature_compression|parallel_roughness_iqr_scaled|nfp|iota|shat|aspect|rho|aspect/rho|equilibrium_class_1|equilibrium_class_2|equilibrium_class_3|equilibrium_class_4,observed-comparison,1.8785773515701294,1.8785774134554392,0.8158558044917807,-0.03295016282361918,2.546390331117184,0.0
f_Q_integrand_w25_peak,f_Q_integrand_w25_peak:0104,93763,98434,20241122-01-QUASR/20241122-01-031_QUASR_finite_beta_equilibria_with_maxF_below_threshold_and_enough_iota_flux_tubes/QUASR_finiteBeta_002228.h5,20241122-01-QUASR/20241122-01-031_QUASR_finite_beta_equilibria_with_maxF_below_threshold_and_enough_iota_flux_tubes/QUASR_finiteBeta_003396.h5,1.0857528773477196,8.931677883686575,1.2038062840567185,7.727871599629856,False,False,3.41483158213731,4.150938629839606,log_f_Q|f_stab|log_FSA_grad_x|bad_curvature_compression|geodesic_curvature_compression|parallel_roughness_iqr_scaled|nfp|iota|shat|aspect|rho|aspect/rho|equilibrium_class_1|equilibrium_class_2|equilibrium_class_3|equilibrium_class_4,observed-comparison,1.1301567554473877,1.1301567003240542,0.49082081863672367,-0.07095993362024788,0.3048071741558456,0.0
f_Q_integrand_w25_peak,f_Q_integrand_w25_peak:0105,78218,79680,20241122-01-QUASR/20241122-01-030_QUASR_vacuum_equilibria_with_maxF_below_threshold_and_enough_iota_flux_tubes/QUASR_vacuum_000078.h5,20241122-01-QUASR/20241122-01-030_QUASR_vacuum_equilibria_with_maxF_below_threshold_and_enough_iota_flux_tubes/QUASR_vacuum_000151.h5,1.0903630029514986,7.227699382259744,0.9049526632764351,6.322746718983309,False,False,3.41483158213731,4.150938629839606,log_f_Q|f_stab|log_FSA_grad_x|bad_curvature_compression|geodesic_curvature_compression|parallel_roughness_iqr_scaled|nfp|iota|shat|aspect|rho|aspect/rho|equilibrium_class_1|equilibrium_class_2|equilibrium_class_3|equilibrium_class_4,observed-comparison,1.6163723468780518,1.6163723379354695,0.7019815870664327,0.31699004950893317,0.31699336825729496,0.0
f_Q_integrand_w25_peak,f_Q_integrand_w25_peak:0106,1392,716,20241103-01-random_equilibria_and_flux_tubes_random_aspect_ratio/20241103-01-062_generate_flux_tubes_nfp2/nfp2_randomAspect_finiteBeta_maxm4_maxn4_LMN8_000350.h5,20241103-01-random_equilibria_and_flux_tubes_random_aspect_ratio/20241103-01-062_generate_flux_tubes_nfp2/nfp2_randomAspect_finiteBeta_maxm4_maxn4_LMN8_000180.h5,1.1063149495523383,8.362590301545767,0.6814170774898707,7.681173224055897,False,False,3.41483158213731,4.150938629839606,log_f_Q|f_stab|log_FSA_grad_x|bad_curvature_compression|geodesic_curvature_compression|parallel_roughness_iqr_scaled|nfp|iota|shat|aspect|rho|aspect/rho|equilibrium_class_1|equilibrium_class_2|equilibrium_class_3|equilibrium_class_4,observed-comparison,1.5737240314483643,1.5737241332710286,0.6834597071175854,0.3108192898209525,1.4668876350516489,0.0
f_Q_integrand_w25_peak,f_Q_integrand_w25_peak:0107,60070,63901,20241115-01-random_heliotrons/20241115-01-022_heliotrons_finiteBeta_randomAspect_randomNfpUpTo8_noTorsion_flux_tubes/heliotron_randomAspect_finiteBeta_maxm1_maxn1_LMN8_002249.h5,20241115-01-random_heliotrons/20241115-01-023_heliotrons_finiteBeta_randomAspect_randomNfpUpTo8_withTorsion_flux_tubes/heliotron_randomAspect_finiteBeta_maxm1_maxn1_LMN8_000007.h5,1.117628326165334,8.234881016535958,1.192606924374694,7.042274092161264,False,False,3.41483158213731,4.150938629839606,log_f_Q|f_stab|log_FSA_grad_x|bad_curvature_compression|geodesic_curvature_compression|parallel_roughness_iqr_scaled|nfp|iota|shat|aspect|rho|aspect/rho|equilibrium_class_1|equilibrium_class_2|equilibrium_class_3|equilibrium_class_4,observed-comparison,2.203203797340393,2.203203877984484,0.9568392867165068,0.20112192224424064,0.848383549694127,0.0
f_Q_integrand_w25_peak,f_Q_integrand_w25_peak:0108,6232,89256,20241103-01-random_equilibria_and_flux_tubes_random_aspect_ratio/20241103-01-062_generate_flux_tubes_nfp2/nfp2_randomAspect_finiteBeta_maxm4_maxn4_LMN8_001568.h5,20241122-01-QUASR/20241122-01-031_QUASR_finite_beta_equilibria_with_maxF_below_threshold_and_enough_iota_flux_tubes/QUASR_finiteBeta_001097.h5,1.1192950876968903,9.060486358973126,1.5500772447753222,7.510409114197804,False,False,3.41483158213731,4.150938629839606,log_f_Q|f_stab|log_FSA_grad_x|bad_curvature_compression|geodesic_curvature_compression|parallel_roughness_iqr_scaled|nfp|iota|shat|aspect|rho|aspect/rho|equilibrium_class_1|equilibrium_class_2|equilibrium_class_3|equilibrium_class_4,observed-comparison,2.9635645765811205,2.9635646377226332,1.287059768926549,1.490639131972024,0.7744924895382235,0.0
f_Q_integrand_w25_peak,f_Q_integrand_w25_peak:0109,82247,80456,20241122-01-QUASR/20241122-01-030_QUASR_vacuum_equilibria_with_maxF_below_threshold_and_enough_iota_flux_tubes/QUASR_vacuum_000279.h5,20241122-01-QUASR/20241122-01-030_QUASR_vacuum_equilibria_with_maxF_below_threshold_and_enough_iota_flux_tubes/QUASR_vacuum_000190.h5,1.1328587000890893,8.231527286287418,0.9401467286010914,7.2913805576863275,False,False,3.41483158213731,4.150938629839606,log_f_Q|f_stab|log_FSA_grad_x|bad_curvature_compression|geodesic_curvature_compression|parallel_roughness_iqr_scaled|nfp|iota|shat|aspect|rho|aspect/rho|equilibrium_class_1|equilibrium_class_2|equilibrium_class_3|equilibrium_class_4,observed-comparison,1.3796254396438599,1.3796255578785,0.5991637668793279,0.21913941259176595,0.13412784823219037,0.0
f_Q_integrand_w25_peak,f_Q_integrand_w25_peak:0110,59584,75256,20241115-01-random_heliotrons/20241115-01-022_heliotrons_finiteBeta_randomAspect_randomNfpUpTo8_noTorsion_flux_tubes/heliotron_randomAspect_finiteBeta_maxm1_maxn1_LMN8_002128.h5,20241115-01-random_heliotrons/20241115-01-023_heliotrons_finiteBeta_randomAspect_randomNfpUpTo8_withTorsion_flux_tubes/heliotron_randomAspect_finiteBeta_maxm1_maxn1_LMN8_002848.h5,1.1452353206061,13.764337818109045,1.8590387819437977,11.905299036165246,False,False,3.41483158213731,4.150938629839606,log_f_Q|f_stab|log_FSA_grad_x|bad_curvature_compression|geodesic_curvature_compression|parallel_roughness_iqr_scaled|nfp|iota|shat|aspect|rho|aspect/rho|equilibrium_class_1|equilibrium_class_2|equilibrium_class_3|equilibrium_class_4,observed-comparison,0.09928238391876221,0.0992824222391262,0.04311780812844124,-1.6738598535298195,3.943092665878887,0.0
f_Q_integrand_w25_peak,f_Q_integrand_w25_peak:0111,62461,7271,20241115-01-random_heliotrons/20241115-01-022_heliotrons_finiteBeta_randomAspect_randomNfpUpTo8_noTorsion_flux_tubes/heliotron_randomAspect_finiteBeta_maxm1_maxn1_LMN8_002847.h5,20241103-01-random_equilibria_and_flux_tubes_random_aspect_ratio/20241103-01-062_generate_flux_tubes_nfp2/nfp2_randomAspect_finiteBeta_maxm4_maxn4_LMN8_001828.h5,1.1453802312294865,12.009250441264415,0.6696317127940731,11.339618728470342,False,False,3.41483158213731,4.150938629839606,log_f_Q|f_stab|log_FSA_grad_x|bad_curvature_compression|geodesic_curvature_compression|parallel_roughness_iqr_scaled|nfp|iota|shat|aspect|rho|aspect/rho|equilibrium_class_1|equilibrium_class_2|equilibrium_class_3|equilibrium_class_4,observed-comparison,0.732013463973999,0.732013423419509,0.3179093904702014,-1.0926783125142954,0.4186638004908947,0.0
f_Q_integrand_w25_peak,f_Q_integrand_w25_peak:0112,58616,35565,20241115-01-random_heliotrons/20241115-01-022_heliotrons_finiteBeta_randomAspect_randomNfpUpTo8_noTorsion_flux_tubes/heliotron_randomAspect_finiteBeta_maxm1_maxn1_LMN8_001886.h5,20241103-01-random_equilibria_and_flux_tubes_random_aspect_ratio/20241103-01-064_generate_flux_tubes_nfp4/nfp4_randomAspect_finiteBeta_maxm4_maxn4_LMN8_002520.h5,1.1767945904408947,13.555070358918858,1.7775302825977377,11.77754007632112,False,False,3.41483158213731,4.150938629839606,log_f_Q|f_stab|log_FSA_grad_x|bad_curvature_compression|geodesic_curvature_compression|parallel_roughness_iqr_scaled|nfp|iota|shat|aspect|rho|aspect/rho|equilibrium_class_1|equilibrium_class_2|equilibrium_class_3|equilibrium_class_4,observed-comparison,2.5296189934015274,2.5296189761807244,1.0985995626730418,0.3943431266454762,1.9897750731162254,0.0
f_Q_integrand_w25_peak,f_Q_integrand_w25_peak:0113,62995,21189,20241115-01-random_heliotrons/20241115-01-022_heliotrons_finiteBeta_randomAspect_randomNfpUpTo8_noTorsion_flux_tubes/heliotron_randomAspect_finiteBeta_maxm1_maxn1_LMN8_002981.h5,20241103-01-random_equilibria_and_flux_tubes_random_aspect_ratio/20241103-01-063_generate_flux_tubes_nfp3/nfp3_randomAspect_finiteBeta_maxm4_maxn4_LMN8_002123.h5,1.1776030899773806,13.607956332029175,0.9765780188590395,12.631378313170137,False,False,3.41483158213731,4.150938629839606,log_f_Q|f_stab|log_FSA_grad_x|bad_curvature_compression|geodesic_curvature_compression|parallel_roughness_iqr_scaled|nfp|iota|shat|aspect|rho|aspect/rho|equilibrium_class_1|equilibrium_class_2|equilibrium_class_3|equilibrium_class_4,observed-comparison,1.4933642148971558,1.4933641764988945,0.6485598213254636,0.3366045802724401,-0.747561012359784,0.0
f_Q_integrand_w25_peak,f_Q_integrand_w25_peak:0114,60687,65373,20241115-01-random_heliotrons/20241115-01-022_heliotrons_finiteBeta_randomAspect_randomNfpUpTo8_noTorsion_flux_tubes/heliotron_randomAspect_finiteBeta_maxm1_maxn1_LMN8_002403.h5,20241115-01-random_heliotrons/20241115-01-023_heliotrons_finiteBeta_randomAspect_randomNfpUpTo8_withTorsion_flux_tubes/heliotron_randomAspect_finiteBeta_maxm1_maxn1_LMN8_000375.h5,1.1838291217255108,14.605771608645677,1.1956888493567164,13.41008275928896,False,False,3.41483158213731,4.150938629839606,log_f_Q|f_stab|log_FSA_grad_x|bad_curvature_compression|geodesic_curvature_compression|parallel_roughness_iqr_scaled|nfp|iota|shat|aspect|rho|aspect/rho|equilibrium_class_1|equilibrium_class_2|equilibrium_class_3|equilibrium_class_4,observed-comparison,1.7715349197387695,1.7715348551067276,0.7693678120721286,-1.0326666785793261,0.9517676053196553,0.0
f_Q_integrand_w25_peak,f_Q_integrand_w25_peak:0115,55270,63815,20241115-01-random_heliotrons/20241115-01-022_heliotrons_finiteBeta_randomAspect_randomNfpUpTo8_noTorsion_flux_tubes/heliotron_randomAspect_finiteBeta_maxm1_maxn1_LMN8_001048.h5,20241115-01-random_heliotrons/20241115-01-022_heliotrons_finiteBeta_randomAspect_randomNfpUpTo8_noTorsion_flux_tubes/heliotron_randomAspect_finiteBeta_maxm1_maxn1_LMN8_003186.h5,1.1930365839078432,7.336537643181508,1.5550263150840744,5.781511328097434,False,False,3.41483158213731,4.150938629839606,log_f_Q|f_stab|log_FSA_grad_x|bad_curvature_compression|geodesic_curvature_compression|parallel_roughness_iqr_scaled|nfp|iota|shat|aspect|rho|aspect/rho|equilibrium_class_1|equilibrium_class_2|equilibrium_class_3|equilibrium_class_4,observed-comparison,0.8083999156951904,0.8083997673087047,0.3510835581140431,-0.949179825440948,1.132629756761685,0.0
f_Q_integrand_w25_peak,f_Q_integrand_w25_peak:0116,93730,89374,20241122-01-QUASR/20241122-01-031_QUASR_finite_beta_equilibria_with_maxF_below_threshold_and_enough_iota_flux_tubes/QUASR_finiteBeta_002220.h5,20241122-01-QUASR/20241122-01-031_QUASR_finite_beta_equilibria_with_maxF_below_threshold_and_enough_iota_flux_tubes/QUASR_finiteBeta_001127.h5,1.204136422002599,15.429458513323084,1.2239286561115903,14.205529857211493,False,False,3.41483158213731,4.150938629839606,log_f_Q|f_stab|log_FSA_grad_x|bad_curvature_compression|geodesic_curvature_compression|parallel_roughness_iqr_scaled|nfp|iota|shat|aspect|rho|aspect/rho|equilibrium_class_1|equilibrium_class_2|equilibrium_class_3|equilibrium_class_4,observed-comparison,2.1909661914687604,2.1909662986914196,0.9515245735576754,0.21391832393439053,1.1129778832266979,0.0
f_Q_integrand_w25_peak,f_Q_integrand_w25_peak:0117,16861,31450,20241103-01-random_equilibria_and_flux_tubes_random_aspect_ratio/20241103-01-063_generate_flux_tubes_nfp3/nfp3_randomAspect_finiteBeta_maxm4_maxn4_LMN8_001038.h5,20241103-01-random_equilibria_and_flux_tubes_random_aspect_ratio/20241103-01-064_generate_flux_tubes_nfp4/nfp4_randomAspect_finiteBeta_maxm4_maxn4_LMN8_001491.h5,1.2095892390530607,14.045354144379422,1.5585037286304217,12.486850415749,False,False,3.41483158213731,4.150938629839606,log_f_Q|f_stab|log_FSA_grad_x|bad_curvature_compression|geodesic_curvature_compression|parallel_roughness_iqr_scaled|nfp|iota|shat|aspect|rho|aspect/rho|equilibrium_class_1|equilibrium_class_2|equilibrium_class_3|equilibrium_class_4,observed-comparison,2.3520135581493378,2.3520136779560543,1.0214665616972862,0.17552670332136405,2.5211073046741417,0.0
f_Q_integrand_w25_peak,f_Q_integrand_w25_peak:0118,78199,90585,20241122-01-QUASR/20241122-01-030_QUASR_vacuum_equilibria_with_maxF_below_threshold_and_enough_iota_flux_tubes/QUASR_vacuum_000077.h5,20241122-01-QUASR/20241122-01-031_QUASR_finite_beta_equilibria_with_maxF_below_threshold_and_enough_iota_flux_tubes/QUASR_finiteBeta_001433.h5,1.2126118783782982,9.429375661651639,0.981637021229985,8.447738640421655,False,False,3.41483158213731,4.150938629839606,log_f_Q|f_stab|log_FSA_grad_x|bad_curvature_compression|geodesic_curvature_compression|parallel_roughness_iqr_scaled|nfp|iota|shat|aspect|rho|aspect/rho|equilibrium_class_1|equilibrium_class_2|equilibrium_class_3|equilibrium_class_4,observed-comparison,1.5453141927719116,1.545314222829091,0.6711214397812864,1.5055708952423124,1.6905191504193835,0.0
f_Q_integrand_w25_peak,f_Q_integrand_w25_peak:0119,68200,70502,20241115-01-random_heliotrons/20241115-01-023_heliotrons_finiteBeta_randomAspect_randomNfpUpTo8_withTorsion_flux_tubes/heliotron_randomAspect_finiteBeta_maxm1_maxn1_LMN8_001083.h5,20241115-01-random_heliotrons/20241115-01-023_heliotrons_finiteBeta_randomAspect_randomNfpUpTo8_withTorsion_flux_tubes/heliotron_randomAspect_finiteBeta_maxm1_maxn1_LMN8_001658.h5,1.2259634315385266,13.503326248287687,1.5288973190320607,11.974428929255627,False,False,3.41483158213731,4.150938629839606,log_f_Q|f_stab|log_FSA_grad_x|bad_curvature_compression|geodesic_curvature_compression|parallel_roughness_iqr_scaled|nfp|iota|shat|aspect|rho|aspect/rho|equilibrium_class_1|equilibrium_class_2|equilibrium_class_3|equilibrium_class_4,observed-comparison,1.5210611522197723,1.5210612005981572,0.660588486056915,-0.3960779277568039,1.7561246241873796,0.0
f_Q_integrand_w25_peak,f_Q_integrand_w25_peak:0120,59792,35209,20241115-01-random_heliotrons/20241115-01-022_heliotrons_finiteBeta_randomAspect_randomNfpUpTo8_noTorsion_flux_tubes/heliotron_randomAspect_finiteBeta_maxm1_maxn1_LMN8_002180.h5,20241103-01-random_equilibria_and_flux_tubes_random_aspect_ratio/20241103-01-064_generate_flux_tubes_nfp4/nfp4_randomAspect_finiteBeta_maxm4_maxn4_LMN8_002431.h5,1.2280516511883373,16.51553086882596,1.1751852423960762,15.340345626429883,False,False,3.41483158213731,4.150938629839606,log_f_Q|f_stab|log_FSA_grad_x|bad_curvature_compression|geodesic_curvature_compression|parallel_roughness_iqr_scaled|nfp|iota|shat|aspect|rho|aspect/rho|equilibrium_class_1|equilibrium_class_2|equilibrium_class_3|equilibrium_class_4,observed-comparison,1.813568502664566,1.813568506358148,0.7876227948648661,-0.1378794707916309,2.0318700481254686,0.0
f_Q_integrand_w25_peak,f_Q_integrand_w25_peak:0121,92837,90961,20241122-01-QUASR/20241122-01-031_QUASR_finite_beta_equilibria_with_maxF_below_threshold_and_enough_iota_flux_tubes/QUASR_finiteBeta_001996.h5,20241122-01-QUASR/20241122-01-031_QUASR_finite_beta_equilibria_with_maxF_below_threshold_and_enough_iota_flux_tubes/QUASR_finiteBeta_001527.h5,1.2343983852356581,13.87646686396007,0.7531391977308989,13.123327666229171,False,False,3.41483158213731,4.150938629839606,log_f_Q|f_stab|log_FSA_grad_x|bad_curvature_compression|geodesic_curvature_compression|parallel_roughness_iqr_scaled|nfp|iota|shat|aspect|rho|aspect/rho|equilibrium_class_1|equilibrium_class_2|equilibrium_class_3|equilibrium_class_4,observed-comparison,1.563704252243042,1.5637042271443715,0.6791081171775896,-0.9543246795942236,1.7105272046694806,0.0
f_Q_integrand_w25_peak,f_Q_integrand_w25_peak:0122,10580,15731,20241103-01-random_equilibria_and_flux_tubes_random_aspect_ratio/20241103-01-062_generate_flux_tubes_nfp2/nfp2_randomAspect_finiteBeta_maxm4_maxn4_LMN8_002661.h5,20241103-01-random_equilibria_and_flux_tubes_random_aspect_ratio/20241103-01-063_generate_flux_tubes_nfp3/nfp3_randomAspect_finiteBeta_maxm4_maxn4_LMN8_000754.h5,1.2726744763347526,17.273408599557815,0.5698953001881251,16.70351329936969,False,False,3.41483158213731,4.150938629839606,log_f_Q|f_stab|log_FSA_grad_x|bad_curvature_compression|geodesic_curvature_compression|parallel_roughness_iqr_scaled|nfp|iota|shat|aspect|rho|aspect/rho|equilibrium_class_1|equilibrium_class_2|equilibrium_class_3|equilibrium_class_4,observed-comparison,2.140632212162018,2.140632310612133,0.9296648002826571,0.5778316462028796,0.785073914820295,0.0
f_Q_integrand_w25_peak,f_Q_integrand_w25_peak:0123,81402,7975,20241122-01-QUASR/20241122-01-030_QUASR_vacuum_equilibria_with_maxF_below_threshold_and_enough_iota_flux_tubes/QUASR_vacuum_000237.h5,20241103-01-random_equilibria_and_flux_tubes_random_aspect_ratio/20241103-01-062_generate_flux_tubes_nfp2/nfp2_randomAspect_finiteBeta_maxm4_maxn4_LMN8_002005.h5,1.2734557849342296,12.367406232071662,0.6839461045799795,11.683460127491683,False,False,3.41483158213731,4.150938629839606,log_f_Q|f_stab|log_FSA_grad_x|bad_curvature_compression|geodesic_curvature_compression|parallel_roughness_iqr_scaled|nfp|iota|shat|aspect|rho|aspect/rho|equilibrium_class_1|equilibrium_class_2|equilibrium_class_3|equilibrium_class_4,observed-comparison,2.1829884350299835,2.1829884587579724,0.9480598416970718,2.1124142455494264,1.7416389498282636,0.0
f_Q_integrand_w25_peak,f_Q_integrand_w25_peak:0124,98833,97262,20241122-01-QUASR/20241122-01-031_QUASR_finite_beta_equilibria_with_maxF_below_threshold_and_enough_iota_flux_tubes/QUASR_finiteBeta_003496.h5,20241122-01-QUASR/20241122-01-031_QUASR_finite_beta_equilibria_with_maxF_below_threshold_and_enough_iota_flux_tubes/QUASR_finiteBeta_003103.h5,1.2885510354542349,9.863129817949455,0.9187242632094265,8.944405554740028,False,False,3.41483158213731,4.150938629839606,log_f_Q|f_stab|log_FSA_grad_x|bad_curvature_compression|geodesic_curvature_compression|parallel_roughness_iqr_scaled|nfp|iota|shat|aspect|rho|aspect/rho|equilibrium_class_1|equilibrium_class_2|equilibrium_class_3|equilibrium_class_4,observed-comparison,1.7737843990325928,1.773784464566486,0.7703448050469389,0.5098524135269528,-0.12974203072687662,0.0
f_Q_integrand_w25_peak,f_Q_integrand_w25_peak:0125,81242,91464,20241122-01-QUASR/20241122-01-030_QUASR_vacuum_equilibria_with_maxF_below_threshold_and_enough_iota_flux_tubes/QUASR_vacuum_000229.h5,20241122-01-QUASR/20241122-01-031_QUASR_finite_beta_equilibria_with_maxF_below_threshold_and_enough_iota_flux_tubes/QUASR_finiteBeta_001653.h5,1.2913171058997832,7.2766118501078685,1.1256723667303483,6.15093948337752,False,False,3.41483158213731,4.150938629839606,log_f_Q|f_stab|log_FSA_grad_x|bad_curvature_compression|geodesic_curvature_compression|parallel_roughness_iqr_scaled|nfp|iota|shat|aspect|rho|aspect/rho|equilibrium_class_1|equilibrium_class_2|equilibrium_class_3|equilibrium_class_4,observed-comparison,2.160813271999359,2.1608131825867596,0.9384292416212334,0.871939979624115,0.07602931901400312,0.0
f_Q_integrand_w25_peak,f_Q_integrand_w25_peak:0126,84889,64239,20241122-01-QUASR/20241122-01-030_QUASR_vacuum_equilibria_with_maxF_below_threshold_and_enough_iota_flux_tubes/QUASR_vacuum_000412.h5,20241115-01-random_heliotrons/20241115-01-023_heliotrons_finiteBeta_randomAspect_randomNfpUpTo8_withTorsion_flux_tubes/heliotron_randomAspect_finiteBeta_maxm1_maxn1_LMN8_000092.h5,1.3057142716607957,7.039791032765397,1.2190340228235492,5.820757009941848,False,False,3.41483158213731,4.150938629839606,log_f_Q|f_stab|log_FSA_grad_x|bad_curvature_compression|geodesic_curvature_compression|parallel_roughness_iqr_scaled|nfp|iota|shat|aspect|rho|aspect/rho|equilibrium_class_1|equilibrium_class_2|equilibrium_class_3|equilibrium_class_4,observed-comparison,1.5857049226760864,1.5857048809163874,0.68866287970904,-0.03235559261710752,-0.026720338552624456,0.0
f_Q_integrand_w25_peak,f_Q_integrand_w25_peak:0127,80532,11239,20241122-01-QUASR/20241122-01-030_QUASR_vacuum_equilibria_with_maxF_below_threshold_and_enough_iota_flux_tubes/QUASR_vacuum_000194.h5,20241103-01-random_equilibria_and_flux_tubes_random_aspect_ratio/20241103-01-062_generate_flux_tubes_nfp2/nfp2_randomAspect_finiteBeta_maxm4_maxn4_LMN8_002827.h5,1.3151570320179178,8.356159903727768,1.3502986285408907,7.005861275186877,False,False,3.41483158213731,4.150938629839606,log_f_Q|f_stab|log_FSA_grad_x|bad_curvature_compression|geodesic_curvature_compression|parallel_roughness_iqr_scaled|nfp|iota|shat|aspect|rho|aspect/rho|equilibrium_class_1|equilibrium_class_2|equilibrium_class_3|equilibrium_class_4,observed-comparison,2.229304611682892,2.229304729452309,0.9681747424819596,0.7885347404885727,-0.8470711010023135,0.0
f_Q_integrand_w25_peak,f_Q_integrand_w25_peak:0128,57853,49487,20241115-01-random_heliotrons/20241115-01-022_heliotrons_finiteBeta_randomAspect_randomNfpUpTo8_noTorsion_flux_tubes/heliotron_randomAspect_finiteBeta_maxm1_maxn1_LMN8_001694.h5,20241103-01-random_equilibria_and_flux_tubes_random_aspect_ratio/20241103-01-065_generate_flux_tubes_nfp5/nfp5_randomAspect_finiteBeta_maxm4_maxn4_LMN8_002802.h5,1.3204363994408415,14.070063741612923,0.6479885819654227,13.4220751596475,False,False,3.41483158213731,4.150938629839606,log_f_Q|f_stab|log_FSA_grad_x|bad_curvature_compression|geodesic_curvature_compression|parallel_roughness_iqr_scaled|nfp|iota|shat|aspect|rho|aspect/rho|equilibrium_class_1|equilibrium_class_2|equilibrium_class_3|equilibrium_class_4,observed-comparison,1.72358638048172,1.7235864928135562,0.7485441029119063,-0.5125540642448755,1.2454195955089136,0.0
f_Q_integrand_w25_peak,f_Q_integrand_w25_peak:0129,51375,16916,20241115-01-random_heliotrons/20241115-01-022_heliotrons_finiteBeta_randomAspect_randomNfpUpTo8_noTorsion_flux_tubes/heliotron_randomAspect_finiteBeta_maxm1_maxn1_LMN8_000075.h5,20241103-01-random_equilibria_and_flux_tubes_random_aspect_ratio/20241103-01-063_generate_flux_tubes_nfp3/nfp3_randomAspect_finiteBeta_maxm4_maxn4_LMN8_001051.h5,1.3445695158536508,17.401034073434445,0.46542617731749725,16.93560789611695,False,False,3.41483158213731,4.150938629839606,log_f_Q|f_stab|log_FSA_grad_x|bad_curvature_compression|geodesic_curvature_compression|parallel_roughness_iqr_scaled|nfp|iota|shat|aspect|rho|aspect/rho|equilibrium_class_1|equilibrium_class_2|equilibrium_class_3|equilibrium_class_4,observed-comparison,2.059134215116501,2.0591342622334925,0.8942706475859292,-0.3868558197290377,1.8572798445722278,0.0
f_Q_integrand_w25_peak,f_Q_integrand_w25_peak:0130,79163,94443,20241122-01-QUASR/20241122-01-030_QUASR_vacuum_equilibria_with_maxF_below_threshold_and_enough_iota_flux_tubes/QUASR_vacuum_000125.h5,20241122-01-QUASR/20241122-01-031_QUASR_finite_beta_equilibria_with_maxF_below_threshold_and_enough_iota_flux_tubes/QUASR_finiteBeta_002398.h5,1.3470468433261165,15.862747230271845,1.0034375245972336,14.859309705674612,False,False,3.41483158213731,4.150938629839606,log_f_Q|f_stab|log_FSA_grad_x|bad_curvature_compression|geodesic_curvature_compression|parallel_roughness_iqr_scaled|nfp|iota|shat|aspect|rho|aspect/rho|equilibrium_class_1|equilibrium_class_2|equilibrium_class_3|equilibrium_class_4,observed-comparison,1.3131647109985352,1.3131646624527975,0.5703001667335964,1.3154661575864999,2.596704581588806,0.0
f_Q_integrand_w25_peak,f_Q_integrand_w25_peak:0131,3737,52246,20241103-01-random_equilibria_and_flux_tubes_random_aspect_ratio/20241103-01-062_generate_flux_tubes_nfp2/nfp2_randomAspect_finiteBeta_maxm4_maxn4_LMN8_000940.h5,20241115-01-random_heliotrons/20241115-01-022_heliotrons_finiteBeta_randomAspect_randomNfpUpTo8_noTorsion_flux_tubes/heliotron_randomAspect_finiteBeta_maxm1_maxn1_LMN8_000292.h5,1.3557061705627584,9.138670068961767,0.5305826302795216,8.608087438682245,False,False,3.41483158213731,4.150938629839606,log_f_Q|f_stab|log_FSA_grad_x|bad_curvature_compression|geodesic_curvature_compression|parallel_roughness_iqr_scaled|nfp|iota|shat|aspect|rho|aspect/rho|equilibrium_class_1|equilibrium_class_2|equilibrium_class_3|equilibrium_class_4,observed-comparison,1.9311646223068237,1.9311646767231663,0.8386941627473483,0.48623503590364936,1.6005700278760944,0.0
f_Q_integrand_w25_peak,f_Q_integrand_w25_peak:0132,93143,90002,20241122-01-QUASR/20241122-01-031_QUASR_finite_beta_equilibria_with_maxF_below_threshold_and_enough_iota_flux_tubes/QUASR_finiteBeta_002073.h5,20241122-01-QUASR/20241122-01-031_QUASR_finite_beta_equilibria_with_maxF_below_threshold_and_enough_iota_flux_tubes/QUASR_finiteBeta_001288.h5,1.3579523219714549,18.280167198109634,0.9998684494824827,17.28029874862715,False,False,3.41483158213731,4.150938629839606,log_f_Q|f_stab|log_FSA_grad_x|bad_curvature_compression|geodesic_curvature_compression|parallel_roughness_iqr_scaled|nfp|iota|shat|aspect|rho|aspect/rho|equilibrium_class_1|equilibrium_class_2|equilibrium_class_3|equilibrium_class_4,observed-comparison,2.8649960104376078,2.8649959443500106,1.2442519293064054,0.7404730165013282,4.678676478097774,0.0
f_Q_integrand_w25_peak,f_Q_integrand_w25_peak:0133,8384,54206,20241103-01-random_equilibria_and_flux_tubes_random_aspect_ratio/20241103-01-062_generate_flux_tubes_nfp2/nfp2_randomAspect_finiteBeta_maxm4_maxn4_LMN8_002108.h5,20241115-01-random_heliotrons/20241115-01-022_heliotrons_finiteBeta_randomAspect_randomNfpUpTo8_noTorsion_flux_tubes/heliotron_randomAspect_finiteBeta_maxm1_maxn1_LMN8_000782.h5,1.3667554631637762,17.784899704512334,0.9104025167190961,16.87449718779324,False,False,3.41483158213731,4.150938629839606,log_f_Q|f_stab|log_FSA_grad_x|bad_curvature_compression|geodesic_curvature_compression|parallel_roughness_iqr_scaled|nfp|iota|shat|aspect|rho|aspect/rho|equilibrium_class_1|equilibrium_class_2|equilibrium_class_3|equilibrium_class_4,observed-comparison,2.1434189081192017,2.1434189230769647,0.9308750106993364,1.0737013974553826,1.8949288834983142,0.0
f_Q_integrand_w25_peak,f_Q_integrand_w25_peak:0134,82538,18136,20241122-01-QUASR/20241122-01-030_QUASR_vacuum_equilibria_with_maxF_below_threshold_and_enough_iota_flux_tubes/QUASR_vacuum_000294.h5,20241103-01-random_equilibria_and_flux_tubes_random_aspect_ratio/20241103-01-063_generate_flux_tubes_nfp3/nfp3_randomAspect_finiteBeta_maxm4_maxn4_LMN8_001357.h5,1.3820873288277304,6.8336086626757835,0.5081686809600862,6.325439981715697,False,False,3.41483158213731,4.150938629839606,log_f_Q|f_stab|log_FSA_grad_x|bad_curvature_compression|geodesic_curvature_compression|parallel_roughness_iqr_scaled|nfp|iota|shat|aspect|rho|aspect/rho|equilibrium_class_1|equilibrium_class_2|equilibrium_class_3|equilibrium_class_4,observed-comparison,2.5251596570014954,2.52515965464072,1.0966629039351856,0.9730046483192822,0.16455062072862603,0.0
f_Q_integrand_w25_peak,f_Q_integrand_w25_peak:0135,91484,87976,20241122-01-QUASR/20241122-01-031_QUASR_finite_beta_equilibria_with_maxF_below_threshold_and_enough_iota_flux_tubes/QUASR_finiteBeta_001658.h5,20241122-01-QUASR/20241122-01-031_QUASR_finite_beta_equilibria_with_maxF_below_threshold_and_enough_iota_flux_tubes/QUASR_finiteBeta_000777.h5,1.3917553844075023,9.492545584449493,0.5335944139112111,8.958951170538281,False,False,3.41483158213731,4.150938629839606,log_f_Q|f_stab|log_FSA_grad_x|bad_curvature_compression|geodesic_curvature_compression|parallel_roughness_iqr_scaled|nfp|iota|shat|aspect|rho|aspect/rho|equilibrium_class_1|equilibrium_class_2|equilibrium_class_3|equilibrium_class_4,observed-comparison,2.5001957416534424,2.5001957866452384,1.085821233817787,0.3697166468470138,0.4925875979486509,0.0
f_Q_integrand_w25_peak,f_Q_integrand_w25_peak:0136,77236,83861,20241122-01-QUASR/20241122-01-030_QUASR_vacuum_equilibria_with_maxF_below_threshold_and_enough_iota_flux_tubes/QUASR_vacuum_000028.h5,20241122-01-QUASR/20241122-01-030_QUASR_vacuum_equilibria_with_maxF_below_threshold_and_enough_iota_flux_tubes/QUASR_vacuum_000361.h5,1.3933557124948048,15.85488657104324,0.6278942393184701,15.22699233172477,False,False,3.41483158213731,4.150938629839606,log_f_Q|f_stab|log_FSA_grad_x|bad_curvature_compression|geodesic_curvature_compression|parallel_roughness_iqr_scaled|nfp|iota|shat|aspect|rho|aspect/rho|equilibrium_class_1|equilibrium_class_2|equilibrium_class_3|equilibrium_class_4,observed-comparison,2.239208400249481,2.239208460444446,0.9724758782020989,1.5214839496552361,1.69608100278115,0.0
f_Q_integrand_w25_peak,f_Q_integrand_w25_peak:0137,77471,12907,20241122-01-QUASR/20241122-01-030_QUASR_vacuum_equilibria_with_maxF_below_threshold_and_enough_iota_flux_tubes/QUASR_vacuum_000040.h5,20241103-01-random_equilibria_and_flux_tubes_random_aspect_ratio/20241103-01-063_generate_flux_tubes_nfp3/nfp3_randomAspect_finiteBeta_maxm4_maxn4_LMN8_000045.h5,1.3978771898374593,9.813740284899051,0.5897998948932809,9.22394039000577,False,False,3.41483158213731,4.150938629839606,log_f_Q|f_stab|log_FSA_grad_x|bad_curvature_compression|geodesic_curvature_compression|parallel_roughness_iqr_scaled|nfp|iota|shat|aspect|rho|aspect/rho|equilibrium_class_1|equilibrium_class_2|equilibrium_class_3|equilibrium_class_4,observed-comparison,2.0007097125053406,2.000709689378313,0.8688971779873703,0.8039721204052535,0.7032112436466955,0.0
f_Q_integrand_w25_peak,f_Q_integrand_w25_peak:0138,80815,65147,20241122-01-QUASR/20241122-01-030_QUASR_vacuum_equilibria_with_maxF_below_threshold_and_enough_iota_flux_tubes/QUASR_vacuum_000208.h5,20241115-01-random_heliotrons/20241115-01-023_heliotrons_finiteBeta_randomAspect_randomNfpUpTo8_withTorsion_flux_tubes/heliotron_randomAspect_finiteBeta_maxm1_maxn1_LMN8_000319.h5,1.418008042516673,7.197009432725822,1.1161422516593023,6.08086718106652,False,False,3.41483158213731,4.150938629839606,log_f_Q|f_stab|log_FSA_grad_x|bad_curvature_compression|geodesic_curvature_compression|parallel_roughness_iqr_scaled|nfp|iota|shat|aspect|rho|aspect/rho|equilibrium_class_1|equilibrium_class_2|equilibrium_class_3|equilibrium_class_4,observed-comparison,1.3988466262817383,1.3988466460721718,0.6075113794180153,-0.027625546512921817,0.2846874614105952,0.0
f_Q_integrand_w25_peak,f_Q_integrand_w25_peak:0139,82335,81335,20241122-01-QUASR/20241122-01-030_QUASR_vacuum_equilibria_with_maxF_below_threshold_and_enough_iota_flux_tubes/QUASR_vacuum_000284.h5,20241122-01-QUASR/20241122-01-030_QUASR_vacuum_equilibria_with_maxF_below_threshold_and_enough_iota_flux_tubes/QUASR_vacuum_000234.h5,1.429011659423814,9.81986907314529,0.6173742109171545,9.202494862228136,False,False,3.41483158213731,4.150938629839606,log_f_Q|f_stab|log_FSA_grad_x|bad_curvature_compression|geodesic_curvature_compression|parallel_roughness_iqr_scaled|nfp|iota|shat|aspect|rho|aspect/rho|equilibrium_class_1|equilibrium_class_2|equilibrium_class_3|equilibrium_class_4,observed-comparison,1.873016357421875,1.873016417161152,0.8134406944872875,-0.15547546763224795,0.2807158143836097,0.0
f_Q_integrand_w25_peak,f_Q_integrand_w25_peak:0140,85459,90973,20241122-01-QUASR/20241122-01-031_QUASR_finite_beta_equilibria_with_maxF_below_threshold_and_enough_iota_flux_tubes/QUASR_finiteBeta_000140.h5,20241122-01-QUASR/20241122-01-031_QUASR_finite_beta_equilibria_with_maxF_below_threshold_and_enough_iota_flux_tubes/QUASR_finiteBeta_001530.h5,1.4309081019039456,17.065547710485742,0.9379367578520845,16.127610952633656,False,False,3.41483158213731,4.150938629839606,log_f_Q|f_stab|log_FSA_grad_x|bad_curvature_compression|geodesic_curvature_compression|parallel_roughness_iqr_scaled|nfp|iota|shat|aspect|rho|aspect/rho|equilibrium_class_1|equilibrium_class_2|equilibrium_class_3|equilibrium_class_4,observed-comparison,1.8696850538253784,1.8696850691165818,0.8119939084142316,0.5923182558933761,6.5320916275302325,0.0
f_Q_integrand_w25_peak,f_Q_integrand_w25_peak:0141,73016,12108,20241115-01-random_heliotrons/20241115-01-023_heliotrons_finiteBeta_randomAspect_randomNfpUpTo8_withTorsion_flux_tubes/heliotron_randomAspect_finiteBeta_maxm1_maxn1_LMN8_002288.h5,20241103-01-random_equilibria_and_flux_tubes_random_aspect_ratio/20241103-01-062_generate_flux_tubes_nfp2/nfp2_randomAspect_finiteBeta_maxm4_maxn4_LMN8_003045.h5,1.4517472850396327,16.241255498211107,0.47138610789324786,15.76986939031786,False,False,3.41483158213731,4.150938629839606,log_f_Q|f_stab|log_FSA_grad_x|bad_curvature_compression|geodesic_curvature_compression|parallel_roughness_iqr_scaled|nfp|iota|shat|aspect|rho|aspect/rho|equilibrium_class_1|equilibrium_class_2|equilibrium_class_3|equilibrium_class_4,observed-comparison,2.1362412571907043,2.136241311881201,0.927757813763769,1.4572377703255595,1.2509874042324884,0.0
f_Q_integrand_w25_peak,f_Q_integrand_w25_peak:0142,94115,88745,20241122-01-QUASR/20241122-01-031_QUASR_finite_beta_equilibria_with_maxF_below_threshold_and_enough_iota_flux_tubes/QUASR_finiteBeta_002316.h5,20241122-01-QUASR/20241122-01-031_QUASR_finite_beta_equilibria_with_maxF_below_threshold_and_enough_iota_flux_tubes/QUASR_finiteBeta_000970.h5,1.453424417229224,17.17369182413367,0.6034427868961493,16.57024903723752,False,False,3.41483158213731,4.150938629839606,log_f_Q|f_stab|log_FSA_grad_x|bad_curvature_compression|geodesic_curvature_compression|parallel_roughness_iqr_scaled|nfp|iota|shat|aspect|rho|aspect/rho|equilibrium_class_1|equilibrium_class_2|equilibrium_class_3|equilibrium_class_4,observed-comparison,2.1984823346138,2.198482394567569,0.9547887725221429,1.3831991821368828,1.6606274943049186,0.0
f_Q_integrand_w25_peak,f_Q_integrand_w25_peak:0143,20579,88927,20241103-01-random_equilibria_and_flux_tubes_random_aspect_ratio/20241103-01-063_generate_flux_tubes_nfp3/nfp3_randomAspect_finiteBeta_maxm4_maxn4_LMN8_001970.h5,20241122-01-QUASR/20241122-01-031_QUASR_finite_beta_equilibria_with_maxF_below_threshold_and_enough_iota_flux_tubes/QUASR_finiteBeta_001015.h5,1.4663270158069253,13.51285463005715,1.7012987366429488,11.811555893414202,False,False,3.41483158213731,4.150938629839606,log_f_Q|f_stab|log_FSA_grad_x|bad_curvature_compression|geodesic_curvature_compression|parallel_roughness_iqr_scaled|nfp|iota|shat|aspect|rho|aspect/rho|equilibrium_class_1|equilibrium_class_2|equilibrium_class_3|equilibrium_class_4,observed-comparison,1.5992074012756348,1.5992074916215129,0.6945269890295641,0.35852195291668665,1.0161193380287126,0.0
f_Q_integrand_w25_peak,f_Q_integrand_w25_peak:0144,86237,89860,20241122-01-QUASR/20241122-01-031_QUASR_finite_beta_equilibria_with_maxF_below_threshold_and_enough_iota_flux_tubes/QUASR_finiteBeta_000335.h5,20241122-01-QUASR/20241122-01-031_QUASR_finite_beta_equilibria_with_maxF_below_threshold_and_enough_iota_flux_tubes/QUASR_finiteBeta_001252.h5,1.4687165947940612,17.80759601969152,1.0018460662097466,16.805749953481772,False,False,3.41483158213731,4.150938629839606,log_f_Q|f_stab|log_FSA_grad_x|bad_curvature_compression|geodesic_curvature_compression|parallel_roughness_iqr_scaled|nfp|iota|shat|aspect|rho|aspect/rho|equilibrium_class_1|equilibrium_class_2|equilibrium_class_3|equilibrium_class_4,observed-comparison,3.7646997570991516,3.7646998824549756,1.6349883849720168,1.2348110534175354,5.561503355819278,0.0
f_Q_integrand_w25_peak,f_Q_integrand_w25_peak:0145,80729,48502,20241122-01-QUASR/20241122-01-030_QUASR_vacuum_equilibria_with_maxF_below_threshold_and_enough_iota_flux_tubes/QUASR_vacuum_000204.h5,20241103-01-random_equilibria_and_flux_tubes_random_aspect_ratio/20241103-01-065_generate_flux_tubes_nfp5/nfp5_randomAspect_finiteBeta_maxm4_maxn4_LMN8_002556.h5,1.4700563711403034,8.348680215393578,0.8810181707601044,7.4676620446334745,False,False,3.41483158213731,4.150938629839606,log_f_Q|f_stab|log_FSA_grad_x|bad_curvature_compression|geodesic_curvature_compression|parallel_roughness_iqr_scaled|nfp|iota|shat|aspect|rho|aspect/rho|equilibrium_class_1|equilibrium_class_2|equilibrium_class_3|equilibrium_class_4,observed-comparison,2.264369010925293,2.264368978847954,0.9834029525065677,0.9390064938495131,-0.49281510194117284,0.0
f_Q_integrand_w25_peak,f_Q_integrand_w25_peak:0146,83899,9583,20241122-01-QUASR/20241122-01-030_QUASR_vacuum_equilibria_with_maxF_below_threshold_and_enough_iota_flux_tubes/QUASR_vacuum_000363.h5,20241103-01-random_equilibria_and_flux_tubes_random_aspect_ratio/20241103-01-062_generate_flux_tubes_nfp2/nfp2_randomAspect_finiteBeta_maxm4_maxn4_LMN8_002409.h5,1.4712660812563858,15.040886470202395,0.5881003146805606,14.452786155521835,False,False,3.41483158213731,4.150938629839606,log_f_Q|f_stab|log_FSA_grad_x|bad_curvature_compression|geodesic_curvature_compression|parallel_roughness_iqr_scaled|nfp|iota|shat|aspect|rho|aspect/rho|equilibrium_class_1|equilibrium_class_2|equilibrium_class_3|equilibrium_class_4,observed-comparison,3.0436793863773346,3.0436794480110483,1.3218531889535337,0.2764930538257396,0.9212289288719759,0.0
f_Q_integrand_w25_peak,f_Q_integrand_w25_peak:0147,81367,20119,20241122-01-QUASR/20241122-01-030_QUASR_vacuum_equilibria_with_maxF_below_threshold_and_enough_iota_flux_tubes/QUASR_vacuum_000235.h5,20241103-01-random_equilibria_and_flux_tubes_random_aspect_ratio/20241103-01-063_generate_flux_tubes_nfp3/nfp3_randomAspect_finiteBeta_maxm4_maxn4_LMN8_001854.h5,1.4877042113621723,11.021594475681527,0.5616557746620547,10.459938701019471,False,False,3.41483158213731,4.150938629839606,log_f_Q|f_stab|log_FSA_grad_x|bad_curvature_compression|geodesic_curvature_compression|parallel_roughness_iqr_scaled|nfp|iota|shat|aspect|rho|aspect/rho|equilibrium_class_1|equilibrium_class_2|equilibrium_class_3|equilibrium_class_4,observed-comparison,3.0829601287841797,3.0829601802857955,1.3389125942255755,1.0085924671601405,0.21842782695676966,0.0
f_Q_integrand_w25_peak,f_Q_integrand_w25_peak:0148,81932,70754,20241122-01-QUASR/20241122-01-030_QUASR_vacuum_equilibria_with_maxF_below_threshold_and_enough_iota_flux_tubes/QUASR_vacuum_000264.h5,20241115-01-random_heliotrons/20241115-01-023_heliotrons_finiteBeta_randomAspect_randomNfpUpTo8_withTorsion_flux_tubes/heliotron_randomAspect_finiteBeta_maxm1_maxn1_LMN8_001721.h5,1.494541563290571,10.783420976076231,0.7389818229536543,10.044439153122577,False,False,3.41483158213731,4.150938629839606,log_f_Q|f_stab|log_FSA_grad_x|bad_curvature_compression|geodesic_curvature_compression|parallel_roughness_iqr_scaled|nfp|iota|shat|aspect|rho|aspect/rho|equilibrium_class_1|equilibrium_class_2|equilibrium_class_3|equilibrium_class_4,observed-comparison,2.1385743618011475,2.1385744002919598,0.928771061186354,0.7784422061527632,0.049623962863190485,0.0
f_Q_integrand_w25_peak,f_Q_integrand_w25_peak:0149,86844,88038,20241122-01-QUASR/20241122-01-031_QUASR_finite_beta_equilibria_with_maxF_below_threshold_and_enough_iota_flux_tubes/QUASR_finiteBeta_000488.h5,20241122-01-QUASR/20241122-01-031_QUASR_finite_beta_equilibria_with_maxF_below_threshold_and_enough_iota_flux_tubes/QUASR_finiteBeta_000793.h5,1.5149541684829408,18.009807838463452,0.5237972941173978,17.486010544346055,False,False,3.41483158213731,4.150938629839606,log_f_Q|f_stab|log_FSA_grad_x|bad_curvature_compression|geodesic_curvature_compression|parallel_roughness_iqr_scaled|nfp|iota|shat|aspect|rho|aspect/rho|equilibrium_class_1|equilibrium_class_2|equilibrium_class_3|equilibrium_class_4,observed-comparison,2.782600700855255,2.7826006601225504,1.2084681120315695,0.3904697596017103,5.316351137165443,0.0
f_Q_integrand_w25_peak,f_Q_integrand_w25_peak:0150,63758,60547,20241115-01-random_heliotrons/20241115-01-022_heliotrons_finiteBeta_randomAspect_randomNfpUpTo8_noTorsion_flux_tubes/heliotron_randomAspect_finiteBeta_maxm1_maxn1_LMN8_003172.h5,20241115-01-random_heliotrons/20241115-01-022_heliotrons_finiteBeta_randomAspect_randomNfpUpTo8_noTorsion_flux_tubes/heliotron_randomAspect_finiteBeta_maxm1_maxn1_LMN8_002368.h5,1.5224068440428233,16.019398961475936,0.46462775930482253,15.554771202171114,False,False,3.41483158213731,4.150938629839606,log_f_Q|f_stab|log_FSA_grad_x|bad_curvature_compression|geodesic_curvature_compression|parallel_roughness_iqr_scaled|nfp|iota|shat|aspect|rho|aspect/rho|equilibrium_class_1|equilibrium_class_2|equilibrium_class_3|equilibrium_class_4,observed-comparison,2.219734489917755,2.2197344137374455,0.9640184071769222,0.29932990565484524,0.16979082474545915,0.0
f_Q_integrand_w25_peak,f_Q_integrand_w25_peak:0151,96408,88570,20241122-01-QUASR/20241122-01-031_QUASR_finite_beta_equilibria_with_maxF_below_threshold_and_enough_iota_flux_tubes/QUASR_finiteBeta_002889.h5,20241122-01-QUASR/20241122-01-031_QUASR_finite_beta_equilibria_with_maxF_below_threshold_and_enough_iota_flux_tubes/QUASR_finiteBeta_000926.h5,1.5341462680368594,7.7908274078578055,0.3939902983827761,7.39683710947503,False,False,3.41483158213731,4.150938629839606,log_f_Q|f_stab|log_FSA_grad_x|bad_curvature_compression|geodesic_curvature_compression|parallel_roughness_iqr_scaled|nfp|iota|shat|aspect|rho|aspect/rho|equilibrium_class_1|equilibrium_class_2|equilibrium_class_3|equilibrium_class_4,observed-comparison,3.2890502214431763,3.2890503413064804,1.4284164139314115,1.5832923742470457,0.05086062657227286,0.0
f_Q_integrand_w25_peak,f_Q_integrand_w25_peak:0152,89792,87526,20241122-01-QUASR/20241122-01-031_QUASR_finite_beta_equilibria_with_maxF_below_threshold_and_enough_iota_flux_tubes/QUASR_finiteBeta_001235.h5,20241122-01-QUASR/20241122-01-031_QUASR_finite_beta_equilibria_with_maxF_below_threshold_and_enough_iota_flux_tubes/QUASR_finiteBeta_000661.h5,1.536507491500428,11.66421208427435,0.5345201396581255,11.129691944616225,False,False,3.41483158213731,4.150938629839606,log_f_Q|f_stab|log_FSA_grad_x|bad_curvature_compression|geodesic_curvature_compression|parallel_roughness_iqr_scaled|nfp|iota|shat|aspect|rho|aspect/rho|equilibrium_class_1|equilibrium_class_2|equilibrium_class_3|equilibrium_class_4,observed-comparison,2.295945107936859,2.295945102234519,0.9971162886532492,1.4508625471609182,0.7824121400267159,0.0
f_Q_integrand_w25_peak,f_Q_integrand_w25_peak:0153,14023,26894,20241103-01-random_equilibria_and_flux_tubes_random_aspect_ratio/20241103-01-063_generate_flux_tubes_nfp3/nfp3_randomAspect_finiteBeta_maxm4_maxn4_LMN8_000326.h5,20241103-01-random_equilibria_and_flux_tubes_random_aspect_ratio/20241103-01-064_generate_flux_tubes_nfp4/nfp4_randomAspect_finiteBeta_maxm4_maxn4_LMN8_000351.h5,1.563274606004143,18.50338243249387,0.788269051333934,17.715113381159934,False,False,3.41483158213731,4.150938629839606,log_f_Q|f_stab|log_FSA_grad_x|bad_curvature_compression|geodesic_curvature_compression|parallel_roughness_iqr_scaled|nfp|iota|shat|aspect|rho|aspect/rho|equilibrium_class_1|equilibrium_class_2|equilibrium_class_3|equilibrium_class_4,observed-comparison,2.20110160112381,2.201101572028964,0.9559262668407522,-0.22397516995131356,3.634606054633605,0.0
f_Q_integrand_w25_peak,f_Q_integrand_w25_peak:0154,11257,16907,20241103-01-random_equilibria_and_flux_tubes_random_aspect_ratio/20241103-01-062_generate_flux_tubes_nfp2/nfp2_randomAspect_finiteBeta_maxm4_maxn4_LMN8_002832.h5,20241103-01-random_equilibria_and_flux_tubes_random_aspect_ratio/20241103-01-063_generate_flux_tubes_nfp3/nfp3_randomAspect_finiteBeta_maxm4_maxn4_LMN8_001049.h5,1.5729866966592998,19.399159290055454,0.4575684499849166,18.94159084007054,False,False,3.41483158213731,4.150938629839606,log_f_Q|f_stab|log_FSA_grad_x|bad_curvature_compression|geodesic_curvature_compression|parallel_roughness_iqr_scaled|nfp|iota|shat|aspect|rho|aspect/rho|equilibrium_class_1|equilibrium_class_2|equilibrium_class_3|equilibrium_class_4,observed-comparison,3.6045807003974915,3.604580787092427,1.5654495454087214,1.1845230974744188,1.9458633205442843,0.0
f_Q_integrand_w25_peak,f_Q_integrand_w25_peak:0155,64462,69914,20241115-01-random_heliotrons/20241115-01-023_heliotrons_finiteBeta_randomAspect_randomNfpUpTo8_withTorsion_flux_tubes/heliotron_randomAspect_finiteBeta_maxm1_maxn1_LMN8_000148.h5,20241115-01-random_heliotrons/20241115-01-023_heliotrons_finiteBeta_randomAspect_randomNfpUpTo8_withTorsion_flux_tubes/heliotron_randomAspect_finiteBeta_maxm1_maxn1_LMN8_001511.h5,1.5749375287130196,20.680804190478852,1.1233839407904298,19.557420249688423,False,False,3.41483158213731,4.150938629839606,log_f_Q|f_stab|log_FSA_grad_x|bad_curvature_compression|geodesic_curvature_compression|parallel_roughness_iqr_scaled|nfp|iota|shat|aspect|rho|aspect/rho|equilibrium_class_1|equilibrium_class_2|equilibrium_class_3|equilibrium_class_4,observed-comparison,3.441084712743759,3.441084773000936,1.4944441286756105,1.2417694230315741,2.0033548113363775,0.0
f_Q_integrand_w25_peak,f_Q_integrand_w25_peak:0156,93850,99735,20241122-01-QUASR/20241122-01-031_QUASR_finite_beta_equilibria_with_maxF_below_threshold_and_enough_iota_flux_tubes/QUASR_finiteBeta_002250.h5,20241122-01-QUASR/20241122-01-031_QUASR_finite_beta_equilibria_with_maxF_below_threshold_and_enough_iota_flux_tubes/QUASR_finiteBeta_003721.h5,1.5766132854776196,19.34468222125939,1.2207283072832655,18.123953913976123,False,False,3.41483158213731,4.150938629839606,log_f_Q|f_stab|log_FSA_grad_x|bad_curvature_compression|geodesic_curvature_compression|parallel_roughness_iqr_scaled|nfp|iota|shat|aspect|rho|aspect/rho|equilibrium_class_1|equilibrium_class_2|equilibrium_class_3|equilibrium_class_4,observed-comparison,1.3651756048202515,1.3651755294616874,0.592888199274561,-0.9492451103877458,1.7189193068088469,0.0
f_Q_integrand_w25_peak,f_Q_integrand_w25_peak:0157,80981,80256,20241122-01-QUASR/20241122-01-030_QUASR_vacuum_equilibria_with_maxF_below_threshold_and_enough_iota_flux_tubes/QUASR_vacuum_000216.h5,20241122-01-QUASR/20241122-01-030_QUASR_vacuum_equilibria_with_maxF_below_threshold_and_enough_iota_flux_tubes/QUASR_vacuum_000180.h5,1.6041710834752387,10.027385199972748,0.4903892855852226,9.536995914387525,False,False,3.41483158213731,4.150938629839606,log_f_Q|f_stab|log_FSA_grad_x|bad_curvature_compression|geodesic_curvature_compression|parallel_roughness_iqr_scaled|nfp|iota|shat|aspect|rho|aspect/rho|equilibrium_class_1|equilibrium_class_2|equilibrium_class_3|equilibrium_class_4,observed-comparison,2.465133786201477,2.4651337766886043,1.0705939963691837,0.5222215525589091,0.6157768539369368,0.0
f_Q_integrand_w25_peak,f_Q_integrand_w25_peak:0158,57562,62017,20241115-01-random_heliotrons/20241115-01-022_heliotrons_finiteBeta_randomAspect_randomNfpUpTo8_noTorsion_flux_tubes/heliotron_randomAspect_finiteBeta_maxm1_maxn1_LMN8_001622.h5,20241115-01-random_heliotrons/20241115-01-022_heliotrons_finiteBeta_randomAspect_randomNfpUpTo8_noTorsion_flux_tubes/heliotron_randomAspect_finiteBeta_maxm1_maxn1_LMN8_002736.h5,1.6205326134397084,9.705211669851865,0.437622437796745,9.26758923205512,False,False,3.41483158213731,4.150938629839606,log_f_Q|f_stab|log_FSA_grad_x|bad_curvature_compression|geodesic_curvature_compression|parallel_roughness_iqr_scaled|nfp|iota|shat|aspect|rho|aspect/rho|equilibrium_class_1|equilibrium_class_2|equilibrium_class_3|equilibrium_class_4,observed-comparison,2.713814437389374,2.7138144303177927,1.1785946319964344,0.8035210048049345,0.5790547406350668,0.0
f_Q_integrand_w25_peak,f_Q_integrand_w25_peak:0159,77437,86782,20241122-01-QUASR/20241122-01-030_QUASR_vacuum_equilibria_with_maxF_below_threshold_and_enough_iota_flux_tubes/QUASR_vacuum_000038.h5,20241122-01-QUASR/20241122-01-031_QUASR_finite_beta_equilibria_with_maxF_below_threshold_and_enough_iota_flux_tubes/QUASR_finiteBeta_000473.h5,1.6257040969020569,19.404473542109443,0.3933938412913246,19.01107970081812,False,True,3.41483158213731,4.150938629839606,log_f_Q|f_stab|log_FSA_grad_x|bad_curvature_compression|geodesic_curvature_compression|parallel_roughness_iqr_scaled|nfp|iota|shat|aspect|rho|aspect/rho|equilibrium_class_1|equilibrium_class_2|equilibrium_class_3|equilibrium_class_4,observed-comparison,4.836683988571167,4.83668399956407,2.1005451717204258,3.8813173603012414,5.02416643565042,0.0
f_Q_integrand_w25_peak,f_Q_integrand_w25_peak:0160,85847,24230,20241122-01-QUASR/20241122-01-031_QUASR_finite_beta_equilibria_with_maxF_below_threshold_and_enough_iota_flux_tubes/QUASR_finiteBeta_000238.h5,20241103-01-random_equilibria_and_flux_tubes_random_aspect_ratio/20241103-01-063_generate_flux_tubes_nfp3/nfp3_randomAspect_finiteBeta_maxm4_maxn4_LMN8_002884.h5,1.625772795961968,10.687213142406856,0.6294238499447934,10.057789292462063,False,False,3.41483158213731,4.150938629839606,log_f_Q|f_stab|log_FSA_grad_x|bad_curvature_compression|geodesic_curvature_compression|parallel_roughness_iqr_scaled|nfp|iota|shat|aspect|rho|aspect/rho|equilibrium_class_1|equilibrium_class_2|equilibrium_class_3|equilibrium_class_4,observed-comparison,3.118989519774914,3.1189894678196044,1.354559914988414,2.431608711997809,1.1671109018092425,0.0
f_Q_integrand_w25_peak,f_Q_integrand_w25_peak:0161,87262,8018,20241122-01-QUASR/20241122-01-031_QUASR_finite_beta_equilibria_with_maxF_below_threshold_and_enough_iota_flux_tubes/QUASR_finiteBeta_000594.h5,20241103-01-random_equilibria_and_flux_tubes_random_aspect_ratio/20241103-01-062_generate_flux_tubes_nfp2/nfp2_randomAspect_finiteBeta_maxm4_maxn4_LMN8_002016.h5,1.6401417289633864,19.719085909248168,0.6436166114764478,19.075469297771722,False,False,3.41483158213731,4.150938629839606,log_f_Q|f_stab|log_FSA_grad_x|bad_curvature_compression|geodesic_curvature_compression|parallel_roughness_iqr_scaled|nfp|iota|shat|aspect|rho|aspect/rho|equilibrium_class_1|equilibrium_class_2|equilibrium_class_3|equilibrium_class_4,observed-comparison,3.179975777864456,3.1799757215453686,1.3810459084534652,1.1059220432345451,1.7243095547166234,0.0
f_Q_integrand_w25_peak,f_Q_integrand_w25_peak:0162,94643,7764,20241122-01-QUASR/20241122-01-031_QUASR_finite_beta_equilibria_with_maxF_below_threshold_and_enough_iota_flux_tubes/QUASR_finiteBeta_002448.h5,20241103-01-random_equilibria_and_flux_tubes_random_aspect_ratio/20241103-01-062_generate_flux_tubes_nfp2/nfp2_randomAspect_finiteBeta_maxm4_maxn4_LMN8_001952.h5,1.657057921300941,10.71826354550311,1.1216808194810335,9.596582726022076,False,False,3.41483158213731,4.150938629839606,log_f_Q|f_stab|log_FSA_grad_x|bad_curvature_compression|geodesic_curvature_compression|parallel_roughness_iqr_scaled|nfp|iota|shat|aspect|rho|aspect/rho|equilibrium_class_1|equilibrium_class_2|equilibrium_class_3|equilibrium_class_4,observed-comparison,3.3952421098947525,3.3952422259372925,1.47453496344948,0.8006873796362566,-0.8118712880451566,0.0
f_Q_integrand_w25_peak,f_Q_integrand_w25_peak:0163,92753,28836,20241122-01-QUASR/20241122-01-031_QUASR_finite_beta_equilibria_with_maxF_below_threshold_and_enough_iota_flux_tubes/QUASR_finiteBeta_001975.h5,20241103-01-random_equilibria_and_flux_tubes_random_aspect_ratio/20241103-01-064_generate_flux_tubes_nfp4/nfp4_randomAspect_finiteBeta_maxm4_maxn4_LMN8_000837.h5,1.6587900675446106,17.230963495876797,0.6738223874392416,16.557141108437555,False,False,3.41483158213731,4.150938629839606,log_f_Q|f_stab|log_FSA_grad_x|bad_curvature_compression|geodesic_curvature_compression|parallel_roughness_iqr_scaled|nfp|iota|shat|aspect|rho|aspect/rho|equilibrium_class_1|equilibrium_class_2|equilibrium_class_3|equilibrium_class_4,observed-comparison,2.199909657239914,2.199909563323986,0.9554085840377995,-0.27959501127325326,0.807783793126446,0.0
f_Q_integrand_w25_peak,f_Q_integrand_w25_peak:0164,87461,89950,20241122-01-QUASR/20241122-01-031_QUASR_finite_beta_equilibria_with_maxF_below_threshold_and_enough_iota_flux_tubes/QUASR_finiteBeta_000644.h5,20241122-01-QUASR/20241122-01-031_QUASR_finite_beta_equilibria_with_maxF_below_threshold_and_enough_iota_flux_tubes/QUASR_finiteBeta_001274.h5,1.659700436739036,22.715449671897996,0.9936874962447655,21.721762175653232,False,False,3.41483158213731,4.150938629839606,log_f_Q|f_stab|log_FSA_grad_x|bad_curvature_compression|geodesic_curvature_compression|parallel_roughness_iqr_scaled|nfp|iota|shat|aspect|rho|aspect/rho|equilibrium_class_1|equilibrium_class_2|equilibrium_class_3|equilibrium_class_4,observed-comparison,3.483617126941681,3.483617103789503,1.5129156852395689,0.744550880005773,3.5843176222751163,0.0
f_Q_integrand_w25_peak,f_Q_integrand_w25_peak:0165,91802,35630,20241122-01-QUASR/20241122-01-031_QUASR_finite_beta_equilibria_with_maxF_below_threshold_and_enough_iota_flux_tubes/QUASR_finiteBeta_001738.h5,20241103-01-random_equilibria_and_flux_tubes_random_aspect_ratio/20241103-01-064_generate_flux_tubes_nfp4/nfp4_randomAspect_finiteBeta_maxm4_maxn4_LMN8_002536.h5,1.6635197251276186,12.607663338165025,0.455431645471916,12.152231692693109,False,False,3.41483158213731,4.150938629839606,log_f_Q|f_stab|log_FSA_grad_x|bad_curvature_compression|geodesic_curvature_compression|parallel_roughness_iqr_scaled|nfp|iota|shat|aspect|rho|aspect/rho|equilibrium_class_1|equilibrium_class_2|equilibrium_class_3|equilibrium_class_4,observed-comparison,2.2968235164880753,2.296823451716461,0.9974977509864389,1.6430558572195406,1.721549460865055,0.0
f_Q_integrand_w25_peak,f_Q_integrand_w25_peak:0166,83759,20537,20241122-01-QUASR/20241122-01-030_QUASR_vacuum_equilibria_with_maxF_below_threshold_and_enough_iota_flux_tubes/QUASR_vacuum_000355.h5,20241103-01-random_equilibria_and_flux_tubes_random_aspect_ratio/20241103-01-063_generate_flux_tubes_nfp3/nfp3_randomAspect_finiteBeta_maxm4_maxn4_LMN8_001959.h5,1.6677715966696887,16.031352894048986,0.3293463875427649,15.70200650650622,False,False,3.41483158213731,4.150938629839606,log_f_Q|f_stab|log_FSA_grad_x|bad_curvature_compression|geodesic_curvature_compression|parallel_roughness_iqr_scaled|nfp|iota|shat|aspect|rho|aspect/rho|equilibrium_class_1|equilibrium_class_2|equilibrium_class_3|equilibrium_class_4,observed-comparison,3.873758614063263,3.87375859629075,1.6823519825943596,0.47982425978521903,1.203961814142759,0.0
f_Q_integrand_w25_peak,f_Q_integrand_w25_peak:0167,90755,64792,20241122-01-QUASR/20241122-01-031_QUASR_finite_beta_equilibria_with_maxF_below_threshold_and_enough_iota_flux_tubes/QUASR_finiteBeta_001476.h5,20241115-01-random_heliotrons/20241115-01-023_heliotrons_finiteBeta_randomAspect_randomNfpUpTo8_withTorsion_flux_tubes/heliotron_randomAspect_finiteBeta_maxm1_maxn1_LMN8_000230.h5,1.6967674457858066,11.82335208003183,1.8837784511336235,9.939573628898206,False,False,3.41483158213731,4.150938629839606,log_f_Q|f_stab|log_FSA_grad_x|bad_curvature_compression|geodesic_curvature_compression|parallel_roughness_iqr_scaled|nfp|iota|shat|aspect|rho|aspect/rho|equilibrium_class_1|equilibrium_class_2|equilibrium_class_3|equilibrium_class_4,observed-comparison,1.6759942770004272,1.6759942620578947,0.7278750597132562,-0.5146867238445738,0.7666884954199775,0.0
f_Q_integrand_w25_peak,f_Q_integrand_w25_peak:0168,89145,6727,20241122-01-QUASR/20241122-01-031_QUASR_finite_beta_equilibria_with_maxF_below_threshold_and_enough_iota_flux_tubes/QUASR_finiteBeta_001070.h5,20241103-01-random_equilibria_and_flux_tubes_random_aspect_ratio/20241103-01-062_generate_flux_tubes_nfp2/nfp2_randomAspect_finiteBeta_maxm4_maxn4_LMN8_001692.h5,1.7019245457540155,16.532172576001656,0.45115144084897557,16.08102113515268,False,False,3.41483158213731,4.150938629839606,log_f_Q|f_stab|log_FSA_grad_x|bad_curvature_compression|geodesic_curvature_compression|parallel_roughness_iqr_scaled|nfp|iota|shat|aspect|rho|aspect/rho|equilibrium_class_1|equilibrium_class_2|equilibrium_class_3|equilibrium_class_4,observed-comparison,2.614883929491043,2.614883821963569,1.1356296146968632,-0.01690851867596299,0.7262987894959918,0.0
f_Q_integrand_w25_peak,f_Q_integrand_w25_peak:0169,81434,79230,20241122-01-QUASR/20241122-01-030_QUASR_vacuum_equilibria_with_maxF_below_threshold_and_enough_iota_flux_tubes/QUASR_vacuum_000239.h5,20241122-01-QUASR/20241122-01-030_QUASR_vacuum_equilibria_with_maxF_below_threshold_and_enough_iota_flux_tubes/QUASR_vacuum_000129.h5,1.7172796749738448,12.216564944579027,0.5147244161582125,11.701840528420814,False,False,3.41483158213731,4.150938629839606,log_f_Q|f_stab|log_FSA_grad_x|bad_curvature_compression|geodesic_curvature_compression|parallel_roughness_iqr_scaled|nfp|iota|shat|aspect|rho|aspect/rho|equilibrium_class_1|equilibrium_class_2|equilibrium_class_3|equilibrium_class_4,observed-comparison,2.2682588696479797,2.268258962315909,0.9850923508613953,0.21871127400568013,0.33617404034957765,0.0
f_Q_integrand_w25_peak,f_Q_integrand_w25_peak:0170,92661,80359,20241122-01-QUASR/20241122-01-031_QUASR_finite_beta_equilibria_with_maxF_below_threshold_and_enough_iota_flux_tubes/QUASR_finiteBeta_001952.h5,20241122-01-QUASR/20241122-01-030_QUASR_vacuum_equilibria_with_maxF_below_threshold_and_enough_iota_flux_tubes/QUASR_vacuum_000185.h5,1.7203993635707457,21.8255834027883,0.4879872784183725,21.337596124369927,False,False,3.41483158213731,4.150938629839606,log_f_Q|f_stab|log_FSA_grad_x|bad_curvature_compression|geodesic_curvature_compression|parallel_roughness_iqr_scaled|nfp|iota|shat|aspect|rho|aspect/rho|equilibrium_class_1|equilibrium_class_2|equilibrium_class_3|equilibrium_class_4,observed-comparison,1.1413267254829407,1.1413267095971897,0.4956718920268547,-1.1137350044336887,1.144349674130859,0.0
f_Q_integrand_w25_peak,f_Q_integrand_w25_peak:0171,91523,71460,20241122-01-QUASR/20241122-01-031_QUASR_finite_beta_equilibria_with_maxF_below_threshold_and_enough_iota_flux_tubes/QUASR_finiteBeta_001668.h5,20241115-01-random_heliotrons/20241115-01-023_heliotrons_finiteBeta_randomAspect_randomNfpUpTo8_withTorsion_flux_tubes/heliotron_randomAspect_finiteBeta_maxm1_maxn1_LMN8_001898.h5,1.7374565662125037,10.544173276947415,0.35664009044378486,10.18753318650363,False,False,3.41483158213731,4.150938629839606,log_f_Q|f_stab|log_FSA_grad_x|bad_curvature_compression|geodesic_curvature_compression|parallel_roughness_iqr_scaled|nfp|iota|shat|aspect|rho|aspect/rho|equilibrium_class_1|equilibrium_class_2|equilibrium_class_3|equilibrium_class_4,observed-comparison,3.4217153936624527,3.421715473207193,1.486032148656858,1.2236062823882004,0.6456878332521585,0.0
f_Q_integrand_w25_peak,f_Q_integrand_w25_peak:0172,61878,57972,20241115-01-random_heliotrons/20241115-01-022_heliotrons_finiteBeta_randomAspect_randomNfpUpTo8_noTorsion_flux_tubes/heliotron_randomAspect_finiteBeta_maxm1_maxn1_LMN8_002701.h5,20241115-01-random_heliotrons/20241115-01-022_heliotrons_finiteBeta_randomAspect_randomNfpUpTo8_noTorsion_flux_tubes/heliotron_randomAspect_finiteBeta_maxm1_maxn1_LMN8_001724.h5,1.7412052931591306,22.19107877533409,0.4664043228964647,21.724674452437625,False,False,3.41483158213731,4.150938629839606,log_f_Q|f_stab|log_FSA_grad_x|bad_curvature_compression|geodesic_curvature_compression|parallel_roughness_iqr_scaled|nfp|iota|shat|aspect|rho|aspect/rho|equilibrium_class_1|equilibrium_class_2|equilibrium_class_3|equilibrium_class_4,observed-comparison,1.9282545000314713,1.9282544215560404,0.8374302549873351,-0.03845277510247691,1.9470969382507024,0.0
f_Q_integrand_w25_peak,f_Q_integrand_w25_peak:0173,85565,86008,20241122-01-QUASR/20241122-01-031_QUASR_finite_beta_equilibria_with_maxF_below_threshold_and_enough_iota_flux_tubes/QUASR_finiteBeta_000167.h5,20241122-01-QUASR/20241122-01-031_QUASR_finite_beta_equilibria_with_maxF_below_threshold_and_enough_iota_flux_tubes/QUASR_finiteBeta_000278.h5,1.7460013341444183,19.698626371727435,0.33415159698512814,19.36447477474231,False,True,3.41483158213731,4.150938629839606,log_f_Q|f_stab|log_FSA_grad_x|bad_curvature_compression|geodesic_curvature_compression|parallel_roughness_iqr_scaled|nfp|iota|shat|aspect|rho|aspect/rho|equilibrium_class_1|equilibrium_class_2|equilibrium_class_3|equilibrium_class_4,observed-comparison,4.744588375091553,5.603231894327186,2.4334526925306017,3.0999799264998127,4.596777258180442,0.0
f_Q_integrand_w25_peak,f_Q_integrand_w25_peak:0174,80512,26622,20241122-01-QUASR/20241122-01-030_QUASR_vacuum_equilibria_with_maxF_below_threshold_and_enough_iota_flux_tubes/QUASR_vacuum_000193.h5,20241103-01-random_equilibria_and_flux_tubes_random_aspect_ratio/20241103-01-064_generate_flux_tubes_nfp4/nfp4_randomAspect_finiteBeta_maxm4_maxn4_LMN8_000283.h5,1.7922558789921519,17.448364716652275,1.489510717439398,15.958853999212877,False,False,3.41483158213731,4.150938629839606,log_f_Q|f_stab|log_FSA_grad_x|bad_curvature_compression|geodesic_curvature_compression|parallel_roughness_iqr_scaled|nfp|iota|shat|aspect|rho|aspect/rho|equilibrium_class_1|equilibrium_class_2|equilibrium_class_3|equilibrium_class_4,observed-comparison,4.162850379943848,4.162850501778615,1.8079030019106352,1.7591011561393732,0.6257908687948932,0.0
f_Q_integrand_w25_peak,f_Q_integrand_w25_peak:0175,77444,83955,20241122-01-QUASR/20241122-01-030_QUASR_vacuum_equilibria_with_maxF_below_threshold_and_enough_iota_flux_tubes/QUASR_vacuum_000039.h5,20241122-01-QUASR/20241122-01-030_QUASR_vacuum_equilibria_with_maxF_below_threshold_and_enough_iota_flux_tubes/QUASR_vacuum_000365.h5,1.8164196441333085,23.61200875671432,0.8985443110514139,22.713464445662908,False,False,3.41483158213731,4.150938629839606,log_f_Q|f_stab|log_FSA_grad_x|bad_curvature_compression|geodesic_curvature_compression|parallel_roughness_iqr_scaled|nfp|iota|shat|aspect|rho|aspect/rho|equilibrium_class_1|equilibrium_class_2|equilibrium_class_3|equilibrium_class_4,observed-comparison,3.5117177069187164,3.511717811777168,1.5251196676561862,1.732629367590463,2.6803387674355603,0.0
f_Q_integrand_w25_peak,f_Q_integrand_w25_peak:0176,67498,74502,20241115-01-random_heliotrons/20241115-01-023_heliotrons_finiteBeta_randomAspect_randomNfpUpTo8_withTorsion_flux_tubes/heliotron_randomAspect_finiteBeta_maxm1_maxn1_LMN8_000907.h5,20241115-01-random_heliotrons/20241115-01-023_heliotrons_finiteBeta_randomAspect_randomNfpUpTo8_withTorsion_flux_tubes/heliotron_randomAspect_finiteBeta_maxm1_maxn1_LMN8_002659.h5,1.8333070574976296,23.51531617248341,0.46721301452753544,23.048103157955875,False,False,3.41483158213731,4.150938629839606,log_f_Q|f_stab|log_FSA_grad_x|bad_curvature_compression|geodesic_curvature_compression|parallel_roughness_iqr_scaled|nfp|iota|shat|aspect|rho|aspect/rho|equilibrium_class_1|equilibrium_class_2|equilibrium_class_3|equilibrium_class_4,observed-comparison,2.9752373099327087,2.975237326447603,1.292129153228778,0.5816729347930292,2.3717886317256855,0.0
f_Q_integrand_w25_peak,f_Q_integrand_w25_peak:0177,93059,94355,20241122-01-QUASR/20241122-01-031_QUASR_finite_beta_equilibria_with_maxF_below_threshold_and_enough_iota_flux_tubes/QUASR_finiteBeta_002052.h5,20241122-01-QUASR/20241122-01-031_QUASR_finite_beta_equilibria_with_maxF_below_threshold_and_enough_iota_flux_tubes/QUASR_finiteBeta_002376.h5,1.8395144653634545,24.55395162947939,0.6423396431320332,23.911611986347356,False,False,3.41483158213731,4.150938629839606,log_f_Q|f_stab|log_FSA_grad_x|bad_curvature_compression|geodesic_curvature_compression|parallel_roughness_iqr_scaled|nfp|iota|shat|aspect|rho|aspect/rho|equilibrium_class_1|equilibrium_class_2|equilibrium_class_3|equilibrium_class_4,observed-comparison,2.5781546235084534,2.5781546221231277,1.1196783258814378,0.24053016201745397,3.102684236731755,0.0
f_Q_integrand_w25_peak,f_Q_integrand_w25_peak:0178,84649,54481,20241122-01-QUASR/20241122-01-030_QUASR_vacuum_equilibria_with_maxF_below_threshold_and_enough_iota_flux_tubes/QUASR_vacuum_000400.h5,20241115-01-random_heliotrons/20241115-01-022_heliotrons_finiteBeta_randomAspect_randomNfpUpTo8_noTorsion_flux_tubes/heliotron_randomAspect_finiteBeta_maxm1_maxn1_LMN8_000851.h5,1.880724078787912,13.062158705939325,0.5841218092044748,12.47803689673485,False,False,3.41483158213731,4.150938629839606,log_f_Q|f_stab|log_FSA_grad_x|bad_curvature_compression|geodesic_curvature_compression|parallel_roughness_iqr_scaled|nfp|iota|shat|aspect|rho|aspect/rho|equilibrium_class_1|equilibrium_class_2|equilibrium_class_3|equilibrium_class_4,observed-comparison,4.211487293243408,4.211487264909716,1.8290256797561084,1.9426794461384138,-1.3006864186168912,0.0
f_Q_integrand_w25_peak,f_Q_integrand_w25_peak:0179,71351,27397,20241115-01-random_heliotrons/20241115-01-023_heliotrons_finiteBeta_randomAspect_randomNfpUpTo8_withTorsion_flux_tubes/heliotron_randomAspect_finiteBeta_maxm1_maxn1_LMN8_001871.h5,20241103-01-random_equilibria_and_flux_tubes_random_aspect_ratio/20241103-01-064_generate_flux_tubes_nfp4/nfp4_randomAspect_finiteBeta_maxm4_maxn4_LMN8_000477.h5,1.8815973635664043,23.003798362923497,0.8883708930442964,22.1154274698792,False,False,3.41483158213731,4.150938629839606,log_f_Q|f_stab|log_FSA_grad_x|bad_curvature_compression|geodesic_curvature_compression|parallel_roughness_iqr_scaled|nfp|iota|shat|aspect|rho|aspect/rho|equilibrium_class_1|equilibrium_class_2|equilibrium_class_3|equilibrium_class_4,observed-comparison,2.876685544848442,2.8766854736767784,1.2493286273890671,0.08209107504169794,1.2150901771322764,0.0
f_Q_integrand_w25_peak,f_Q_integrand_w25_peak:0180,92789,58799,20241122-01-QUASR/20241122-01-031_QUASR_finite_beta_equilibria_with_maxF_below_threshold_and_enough_iota_flux_tubes/QUASR_finiteBeta_001984.h5,20241115-01-random_heliotrons/20241115-01-022_heliotrons_finiteBeta_randomAspect_randomNfpUpTo8_noTorsion_flux_tubes/heliotron_randomAspect_finiteBeta_maxm1_maxn1_LMN8_001931.h5,1.8903319017524178,17.09501072082753,1.0171717578195005,16.07783896300803,False,False,3.41483158213731,4.150938629839606,log_f_Q|f_stab|log_FSA_grad_x|bad_curvature_compression|geodesic_curvature_compression|parallel_roughness_iqr_scaled|nfp|iota|shat|aspect|rho|aspect/rho|equilibrium_class_1|equilibrium_class_2|equilibrium_class_3|equilibrium_class_4,observed-comparison,2.3944027721881866,2.3944026713661817,1.039875867628738,0.6529990759215776,-4.773157436843147,0.0
f_Q_integrand_w25_peak,f_Q_integrand_w25_peak:0181,63599,62074,20241115-01-random_heliotrons/20241115-01-022_heliotrons_finiteBeta_randomAspect_randomNfpUpTo8_noTorsion_flux_tubes/heliotron_randomAspect_finiteBeta_maxm1_maxn1_LMN8_003132.h5,20241115-01-random_heliotrons/20241115-01-022_heliotrons_finiteBeta_randomAspect_randomNfpUpTo8_noTorsion_flux_tubes/heliotron_randomAspect_finiteBeta_maxm1_maxn1_LMN8_002750.h5,1.9157394383973212,10.783982214168871,1.6234975869723587,9.160484627196512,False,False,3.41483158213731,4.150938629839606,log_f_Q|f_stab|log_FSA_grad_x|bad_curvature_compression|geodesic_curvature_compression|parallel_roughness_iqr_scaled|nfp|iota|shat|aspect|rho|aspect/rho|equilibrium_class_1|equilibrium_class_2|equilibrium_class_3|equilibrium_class_4,observed-comparison,0.8754394054412842,0.8754393695181477,0.38019848742259355,-0.7065390288336252,1.8150721558945488,0.0
f_Q_integrand_w25_peak,f_Q_integrand_w25_peak:0182,93846,11016,20241122-01-QUASR/20241122-01-031_QUASR_finite_beta_equilibria_with_maxF_below_threshold_and_enough_iota_flux_tubes/QUASR_finiteBeta_002249.h5,20241103-01-random_equilibria_and_flux_tubes_random_aspect_ratio/20241103-01-062_generate_flux_tubes_nfp2/nfp2_randomAspect_finiteBeta_maxm4_maxn4_LMN8_002771.h5,1.9480983980237874,26.11632009866534,0.3859608121118251,25.730359286553515,False,True,3.41483158213731,4.150938629839606,log_f_Q|f_stab|log_FSA_grad_x|bad_curvature_compression|geodesic_curvature_compression|parallel_roughness_iqr_scaled|nfp|iota|shat|aspect|rho|aspect/rho|equilibrium_class_1|equilibrium_class_2|equilibrium_class_3|equilibrium_class_4,observed-comparison,4.978133916854858,5.0566530749181995,2.1960765273360847,3.834556300094173,1.299923662406484,0.0
f_Q_integrand_w25_peak,f_Q_integrand_w25_peak:0183,88973,88896,20241122-01-QUASR/20241122-01-031_QUASR_finite_beta_equilibria_with_maxF_below_threshold_and_enough_iota_flux_tubes/QUASR_finiteBeta_001027.h5,20241122-01-QUASR/20241122-01-031_QUASR_finite_beta_equilibria_with_maxF_below_threshold_and_enough_iota_flux_tubes/QUASR_finiteBeta_001007.h5,1.9903253345059997,15.914993180071566,0.4843510121649054,15.43064216790666,False,False,3.41483158213731,4.150938629839606,log_f_Q|f_stab|log_FSA_grad_x|bad_curvature_compression|geodesic_curvature_compression|parallel_roughness_iqr_scaled|nfp|iota|shat|aspect|rho|aspect/rho|equilibrium_class_1|equilibrium_class_2|equilibrium_class_3|equilibrium_class_4,observed-comparison,3.1194912493228912,3.1194911721565948,1.354777802413516,0.26667383838507935,0.8411796800893481,0.0
f_Q_integrand_w25_peak,f_Q_integrand_w25_peak:0184,20961,1766,20241103-01-random_equilibria_and_flux_tubes_random_aspect_ratio/20241103-01-063_generate_flux_tubes_nfp3/nfp3_randomAspect_finiteBeta_maxm4_maxn4_LMN8_002066.h5,20241103-01-random_equilibria_and_flux_tubes_random_aspect_ratio/20241103-01-062_generate_flux_tubes_nfp2/nfp2_randomAspect_finiteBeta_maxm4_maxn4_LMN8_000444.h5,1.9930796362790903,22.197459299105855,0.26907014367177723,21.92838915543408,False,False,3.41483158213731,4.150938629839606,log_f_Q|f_stab|log_FSA_grad_x|bad_curvature_compression|geodesic_curvature_compression|parallel_roughness_iqr_scaled|nfp|iota|shat|aspect|rho|aspect/rho|equilibrium_class_1|equilibrium_class_2|equilibrium_class_3|equilibrium_class_4,observed-comparison,2.0273733735084534,2.027373416582181,0.8804770875789839,-0.3040134558682432,-0.29003690621794176,0.0
f_stab,f_stab:0000,86741,86794,20241122-01-QUASR/20241122-01-031_QUASR_finite_beta_equilibria_with_maxF_below_threshold_and_enough_iota_flux_tubes/QUASR_finiteBeta_000462.h5,20241122-01-QUASR/20241122-01-031_QUASR_finite_beta_equilibria_with_maxF_below_threshold_and_enough_iota_flux_tubes/QUASR_finiteBeta_000476.h5,0.20520118806067297,1.2464818106306934,0.7300603969682934,0.5164214136624,False,False,2.3207450993621284,2.1921022729505095,log_f_Q|log_FSA_grad_x|bad_curvature_compression|geodesic_curvature_compression|parallel_roughness_iqr_scaled|nfp|iota|shat|aspect|rho|aspect/rho|equilibrium_class_1|equilibrium_class_2|equilibrium_class_3|equilibrium_class_4,observed-comparison,0.1325232982635498,0.13252347887275606,0.0575542155970602,0.2780623018216938,-0.5801756676113143,0.0
f_stab,f_stab:0001,100559,97622,20241122-01-QUASR/20241122-01-031_QUASR_finite_beta_equilibria_with_maxF_below_threshold_and_enough_iota_flux_tubes/QUASR_finiteBeta_003927.h5,20241122-01-QUASR/20241122-01-031_QUASR_finite_beta_equilibria_with_maxF_below_threshold_and_enough_iota_flux_tubes/QUASR_finiteBeta_003193.h5,0.22037126584075045,1.2294211394834262,0.7386222433762303,0.49079889610719596,False,False,2.3207450993621284,2.1921022729505095,log_f_Q|log_FSA_grad_x|bad_curvature_compression|geodesic_curvature_compression|parallel_roughness_iqr_scaled|nfp|iota|shat|aspect|rho|aspect/rho|equilibrium_class_1|equilibrium_class_2|equilibrium_class_3|equilibrium_class_4,observed-comparison,0.27671313285827637,0.27671320172892555,0.12017501658065366,0.960941189799826,-0.911364753872403,0.0
f_stab,f_stab:0002,66425,74930,20241115-01-random_heliotrons/20241115-01-023_heliotrons_finiteBeta_randomAspect_randomNfpUpTo8_withTorsion_flux_tubes/heliotron_randomAspect_finiteBeta_maxm1_maxn1_LMN8_000638.h5,20241115-01-random_heliotrons/20241115-01-023_heliotrons_finiteBeta_randomAspect_randomNfpUpTo8_withTorsion_flux_tubes/heliotron_randomAspect_finiteBeta_maxm1_maxn1_LMN8_002766.h5,0.22074341894945357,1.3721976651560375,0.7088624950238241,0.6633351701322133,False,False,2.3207450993621284,2.1921022729505095,log_f_Q|log_FSA_grad_x|bad_curvature_compression|geodesic_curvature_compression|parallel_roughness_iqr_scaled|nfp|iota|shat|aspect|rho|aspect/rho|equilibrium_class_1|equilibrium_class_2|equilibrium_class_3|equilibrium_class_4,observed-comparison,0.6155991554260254,0.615599100521862,0.2673512924212499,0.9942833135248021,-0.16194557526520992,0.0
f_stab,f_stab:0003,72825,73436,20241115-01-random_heliotrons/20241115-01-023_heliotrons_finiteBeta_randomAspect_randomNfpUpTo8_withTorsion_flux_tubes/heliotron_randomAspect_finiteBeta_maxm1_maxn1_LMN8_002240.h5,20241115-01-random_heliotrons/20241115-01-023_heliotrons_finiteBeta_randomAspect_randomNfpUpTo8_withTorsion_flux_tubes/heliotron_randomAspect_finiteBeta_maxm1_maxn1_LMN8_002393.h5,0.23312452947649598,1.2374173881792807,0.7157210360043011,0.5216963521749796,False,False,2.3207450993621284,2.1921022729505095,log_f_Q|log_FSA_grad_x|bad_curvature_compression|geodesic_curvature_compression|parallel_roughness_iqr_scaled|nfp|iota|shat|aspect|rho|aspect/rho|equilibrium_class_1|equilibrium_class_2|equilibrium_class_3|equilibrium_class_4,observed-comparison,0.8228034973144531,0.8228034740364436,0.3573390084648531,0.9981241522208915,-1.244310132256642,0.0
f_stab,f_stab:0004,69834,67013,20241115-01-random_heliotrons/20241115-01-023_heliotrons_finiteBeta_randomAspect_randomNfpUpTo8_withTorsion_flux_tubes/heliotron_randomAspect_finiteBeta_maxm1_maxn1_LMN8_001491.h5,20241115-01-random_heliotrons/20241115-01-023_heliotrons_finiteBeta_randomAspect_randomNfpUpTo8_withTorsion_flux_tubes/heliotron_randomAspect_finiteBeta_maxm1_maxn1_LMN8_000785.h5,0.259129285765859,1.3538540397958423,0.6578349530085568,0.6960190867872855,False,False,2.3207450993621284,2.1921022729505095,log_f_Q|log_FSA_grad_x|bad_curvature_compression|geodesic_curvature_compression|parallel_roughness_iqr_scaled|nfp|iota|shat|aspect|rho|aspect/rho|equilibrium_class_1|equilibrium_class_2|equilibrium_class_3|equilibrium_class_4,observed-comparison,0.09445726871490479,0.09445726642559871,0.04102226958430277,1.5761293510507806,-2.355880261335175,0.0
f_stab,f_stab:0005,21424,13756,20241103-01-random_equilibria_and_flux_tubes_random_aspect_ratio/20241103-01-063_generate_flux_tubes_nfp3/nfp3_randomAspect_finiteBeta_maxm4_maxn4_LMN8_002182.h5,20241103-01-random_equilibria_and_flux_tubes_random_aspect_ratio/20241103-01-063_generate_flux_tubes_nfp3/nfp3_randomAspect_finiteBeta_maxm4_maxn4_LMN8_000259.h5,0.2971387857286792,1.2916764983640474,0.7539201883572075,0.5377563100068399,False,False,2.3207450993621284,2.1921022729505095,log_f_Q|log_FSA_grad_x|bad_curvature_compression|geodesic_curvature_compression|parallel_roughness_iqr_scaled|nfp|iota|shat|aspect|rho|aspect/rho|equilibrium_class_1|equilibrium_class_2|equilibrium_class_3|equilibrium_class_4,observed-comparison,-0.798810601234436,-0.7988105556362062,-0.346919016398875,-0.4407185572476169,-1.82825056393339,0.0
f_stab,f_stab:0006,70449,68073,20241115-01-random_heliotrons/20241115-01-023_heliotrons_finiteBeta_randomAspect_randomNfpUpTo8_withTorsion_flux_tubes/heliotron_randomAspect_finiteBeta_maxm1_maxn1_LMN8_001645.h5,20241115-01-random_heliotrons/20241115-01-023_heliotrons_finiteBeta_randomAspect_randomNfpUpTo8_withTorsion_flux_tubes/heliotron_randomAspect_finiteBeta_maxm1_maxn1_LMN8_001051.h5,0.2987202588398089,1.3601685108328496,0.5419380573514613,0.8182304534813883,False,False,2.3207450993621284,2.1921022729505095,log_f_Q|log_FSA_grad_x|bad_curvature_compression|geodesic_curvature_compression|parallel_roughness_iqr_scaled|nfp|iota|shat|aspect|rho|aspect/rho|equilibrium_class_1|equilibrium_class_2|equilibrium_class_3|equilibrium_class_4,observed-comparison,0.028241872787475586,0.02824198375326059,0.012265337702042522,0.10589359207304416,0.482165477964807,0.0
f_stab,f_stab:0007,337,19521,20241103-01-random_equilibria_and_flux_tubes_random_aspect_ratio/20241103-01-062_generate_flux_tubes_nfp2/nfp2_randomAspect_finiteBeta_maxm4_maxn4_LMN8_000085.h5,20241103-01-random_equilibria_and_flux_tubes_random_aspect_ratio/20241103-01-063_generate_flux_tubes_nfp3/nfp3_randomAspect_finiteBeta_maxm4_maxn4_LMN8_001704.h5,0.2995908767548904,1.4673250201780395,0.8042257978719082,0.6630992223061313,False,False,2.3207450993621284,2.1921022729505095,log_f_Q|log_FSA_grad_x|bad_curvature_compression|geodesic_curvature_compression|parallel_roughness_iqr_scaled|nfp|iota|shat|aspect|rho|aspect/rho|equilibrium_class_1|equilibrium_class_2|equilibrium_class_3|equilibrium_class_4,observed-comparison,0.6611312627792358,0.6611313153051399,0.2871256820504611,1.2332447983098795,-3.1080512415718236,0.0
f_stab,f_stab:0008,52261,51201,20241115-01-random_heliotrons/20241115-01-022_heliotrons_finiteBeta_randomAspect_randomNfpUpTo8_noTorsion_flux_tubes/heliotron_randomAspect_finiteBeta_maxm1_maxn1_LMN8_000296.h5,20241115-01-random_heliotrons/20241115-01-022_heliotrons_finiteBeta_randomAspect_randomNfpUpTo8_noTorsion_flux_tubes/heliotron_randomAspect_finiteBeta_maxm1_maxn1_LMN8_000031.h5,0.3052796838562828,1.4961198715005144,0.7234535182757856,0.7726663532247288,False,False,2.3207450993621284,2.1921022729505095,log_f_Q|log_FSA_grad_x|bad_curvature_compression|geodesic_curvature_compression|parallel_roughness_iqr_scaled|nfp|iota|shat|aspect|rho|aspect/rho|equilibrium_class_1|equilibrium_class_2|equilibrium_class_3|equilibrium_class_4,observed-comparison,0.6433069705963135,0.6433069967911438,0.2793846788761468,0.7854901900161142,-1.0969036147048496,0.0
f_stab,f_stab:0009,77411,77680,20241122-01-QUASR/20241122-01-030_QUASR_vacuum_equilibria_with_maxF_below_threshold_and_enough_iota_flux_tubes/QUASR_vacuum_000037.h5,20241122-01-QUASR/20241122-01-030_QUASR_vacuum_equilibria_with_maxF_below_threshold_and_enough_iota_flux_tubes/QUASR_vacuum_000051.h5,0.31954810246249243,1.245994619844176,0.5467549943761254,0.6992396254680506,False,False,2.3207450993621284,2.1921022729505095,log_f_Q|log_FSA_grad_x|bad_curvature_compression|geodesic_curvature_compression|parallel_roughness_iqr_scaled|nfp|iota|shat|aspect|rho|aspect/rho|equilibrium_class_1|equilibrium_class_2|equilibrium_class_3|equilibrium_class_4,observed-comparison,-0.24840283393859863,-0.24840285675585938,-0.10787998997807369,1.0197848455139316,0.3742746790559348,0.0
f_stab,f_stab:0010,63968,70897,20241115-01-random_heliotrons/20241115-01-023_heliotrons_finiteBeta_randomAspect_randomNfpUpTo8_withTorsion_flux_tubes/heliotron_randomAspect_finiteBeta_maxm1_maxn1_LMN8_000024.h5,20241115-01-random_heliotrons/20241115-01-023_heliotrons_finiteBeta_randomAspect_randomNfpUpTo8_withTorsion_flux_tubes/heliotron_randomAspect_finiteBeta_maxm1_maxn1_LMN8_001757.h5,0.3209045348272795,1.2617724665067487,0.4657220613984334,0.7960504051083153,False,False,2.3207450993621284,2.1921022729505095,log_f_Q|log_FSA_grad_x|bad_curvature_compression|geodesic_curvature_compression|parallel_roughness_iqr_scaled|nfp|iota|shat|aspect|rho|aspect/rho|equilibrium_class_1|equilibrium_class_2|equilibrium_class_3|equilibrium_class_4,observed-comparison,0.6803065538406372,0.6803066877794499,0.2954534405044935,0.78886541817784,-1.9447204036520689,0.0
f_stab,f_stab:0011,95267,95578,20241122-01-QUASR/20241122-01-031_QUASR_finite_beta_equilibria_with_maxF_below_threshold_and_enough_iota_flux_tubes/QUASR_finiteBeta_002604.h5,20241122-01-QUASR/20241122-01-031_QUASR_finite_beta_equilibria_with_maxF_below_threshold_and_enough_iota_flux_tubes/QUASR_finiteBeta_002682.h5,0.3332840450154883,1.3593920883546413,0.7934473886735572,0.5659446996810841,False,False,2.3207450993621284,2.1921022729505095,log_f_Q|log_FSA_grad_x|bad_curvature_compression|geodesic_curvature_compression|parallel_roughness_iqr_scaled|nfp|iota|shat|aspect|rho|aspect/rho|equilibrium_class_1|equilibrium_class_2|equilibrium_class_3|equilibrium_class_4,observed-comparison,0.26144838333129883,0.2614483550745419,0.11354557791155573,0.28550535096877616,-0.41969679938206794,0.0
f_stab,f_stab:0012,30941,16861,20241103-01-random_equilibria_and_flux_tubes_random_aspect_ratio/20241103-01-064_generate_flux_tubes_nfp4/nfp4_randomAspect_finiteBeta_maxm4_maxn4_LMN8_001364.h5,20241103-01-random_equilibria_and_flux_tubes_random_aspect_ratio/20241103-01-063_generate_flux_tubes_nfp3/nfp3_randomAspect_finiteBeta_maxm4_maxn4_LMN8_001038.h5,0.34798520301748637,1.2457917424619724,0.6810104413282728,0.5647813011336996,False,False,2.3207450993621284,2.1921022729505095,log_f_Q|log_FSA_grad_x|bad_curvature_compression|geodesic_curvature_compression|parallel_roughness_iqr_scaled|nfp|iota|shat|aspect|rho|aspect/rho|equilibrium_class_1|equilibrium_class_2|equilibrium_class_3|equilibrium_class_4,observed-comparison,0.36068224906921387,0.3606822508279093,0.1566423112550055,0.42654788017434186,0.5668078709080042,0.0
f_stab,f_stab:0013,29999,33550,20241103-01-random_equilibria_and_flux_tubes_random_aspect_ratio/20241103-01-064_generate_flux_tubes_nfp4/nfp4_randomAspect_finiteBeta_maxm4_maxn4_LMN8_001128.h5,20241103-01-random_equilibria_and_flux_tubes_random_aspect_ratio/20241103-01-064_generate_flux_tubes_nfp4/nfp4_randomAspect_finiteBeta_maxm4_maxn4_LMN8_002016.h5,0.36142336981343726,1.292578644267427,0.782500494273338,0.510078149994089,False,False,2.3207450993621284,2.1921022729505095,log_f_Q|log_FSA_grad_x|bad_curvature_compression|geodesic_curvature_compression|parallel_roughness_iqr_scaled|nfp|iota|shat|aspect|rho|aspect/rho|equilibrium_class_1|equilibrium_class_2|equilibrium_class_3|equilibrium_class_4,observed-comparison,-0.31126976013183594,-0.3112696833064845,-0.13518270584377878,0.29519293157882787,-0.6494325165313355,0.0
f_stab,f_stab:0014,73263,21328,20241115-01-random_heliotrons/20241115-01-023_heliotrons_finiteBeta_randomAspect_randomNfpUpTo8_withTorsion_flux_tubes/heliotron_randomAspect_finiteBeta_maxm1_maxn1_LMN8_002349.h5,20241103-01-random_equilibria_and_flux_tubes_random_aspect_ratio/20241103-01-063_generate_flux_tubes_nfp3/nfp3_randomAspect_finiteBeta_maxm4_maxn4_LMN8_002158.h5,0.37145730171493296,1.2428354764607241,0.6584156606047411,0.584419815855983,False,False,2.3207450993621284,2.1921022729505095,log_f_Q|log_FSA_grad_x|bad_curvature_compression|geodesic_curvature_compression|parallel_roughness_iqr_scaled|nfp|iota|shat|aspect|rho|aspect/rho|equilibrium_class_1|equilibrium_class_2|equilibrium_class_3|equilibrium_class_4,observed-comparison,-0.6124740839004517,-0.6124741000289975,-0.2659941219512538,0.4623382482907027,-0.4339190051611741,0.0
f_stab,f_stab:0015,20519,37205,20241103-01-random_equilibria_and_flux_tubes_random_aspect_ratio/20241103-01-063_generate_flux_tubes_nfp3/nfp3_randomAspect_finiteBeta_maxm4_maxn4_LMN8_001955.h5,20241103-01-random_equilibria_and_flux_tubes_random_aspect_ratio/20241103-01-064_generate_flux_tubes_nfp4/nfp4_randomAspect_finiteBeta_maxm4_maxn4_LMN8_002931.h5,0.37685376624900147,1.2989446639480209,0.7841958942613001,0.5147487696867208,False,False,2.3207450993621284,2.1921022729505095,log_f_Q|log_FSA_grad_x|bad_curvature_compression|geodesic_curvature_compression|parallel_roughness_iqr_scaled|nfp|iota|shat|aspect|rho|aspect/rho|equilibrium_class_1|equilibrium_class_2|equilibrium_class_3|equilibrium_class_4,observed-comparison,-0.7790887355804443,-0.7790888299086811,-0.33835397974180126,0.2338090840694862,-3.3460853818479883,0.0
f_stab,f_stab:0016,76958,78134,20241122-01-QUASR/20241122-01-030_QUASR_vacuum_equilibria_with_maxF_below_threshold_and_enough_iota_flux_tubes/QUASR_vacuum_000014.h5,20241122-01-QUASR/20241122-01-030_QUASR_vacuum_equilibria_with_maxF_below_threshold_and_enough_iota_flux_tubes/QUASR_vacuum_000074.h5,0.37750235353973377,1.5121997325352667,0.7919442758046662,0.7202554567306005,False,False,2.3207450993621284,2.1921022729505095,log_f_Q|log_FSA_grad_x|bad_curvature_compression|geodesic_curvature_compression|parallel_roughness_iqr_scaled|nfp|iota|shat|aspect|rho|aspect/rho|equilibrium_class_1|equilibrium_class_2|equilibrium_class_3|equilibrium_class_4,observed-comparison,-0.017171621322631836,-0.017171621330099196,-0.007457540388994155,1.1449394643559831,0.7278841180988238,0.0
f_stab,f_stab:0017,98632,94623,20241122-01-QUASR/20241122-01-031_QUASR_finite_beta_equilibria_with_maxF_below_threshold_and_enough_iota_flux_tubes/QUASR_finiteBeta_003445.h5,20241122-01-QUASR/20241122-01-031_QUASR_finite_beta_equilibria_with_maxF_below_threshold_and_enough_iota_flux_tubes/QUASR_finiteBeta_002443.h5,0.3804494626748533,1.4072994484721537,0.6542044192331486,0.7530950292390051,False,False,2.3207450993621284,2.1921022729505095,log_f_Q|log_FSA_grad_x|bad_curvature_compression|geodesic_curvature_compression|parallel_roughness_iqr_scaled|nfp|iota|shat|aspect|rho|aspect/rho|equilibrium_class_1|equilibrium_class_2|equilibrium_class_3|equilibrium_class_4,observed-comparison,1.528938889503479,1.528938849914629,0.6640097056854276,1.6661398666968679,-0.4243603648809817,0.0
f_stab,f_stab:0018,62995,58616,20241115-01-random_heliotrons/20241115-01-022_heliotrons_finiteBeta_randomAspect_randomNfpUpTo8_noTorsion_flux_tubes/heliotron_randomAspect_finiteBeta_maxm1_maxn1_LMN8_002981.h5,20241115-01-random_heliotrons/20241115-01-022_heliotrons_finiteBeta_randomAspect_randomNfpUpTo8_noTorsion_flux_tubes/heliotron_randomAspect_finiteBeta_maxm1_maxn1_LMN8_001886.h5,0.3996441323272376,1.379018501100914,0.7399685992745212,0.6390499018263928,False,False,2.3207450993621284,2.1921022729505095,log_f_Q|log_FSA_grad_x|bad_curvature_compression|geodesic_curvature_compression|parallel_roughness_iqr_scaled|nfp|iota|shat|aspect|rho|aspect/rho|equilibrium_class_1|equilibrium_class_2|equilibrium_class_3|equilibrium_class_4,observed-comparison,0.5477886199951172,0.5477885658550545,0.23790155140054625,0.6773182178186025,-1.640202777695865,0.0
f_stab,f_stab:0019,66034,20029,20241115-01-random_heliotrons/20241115-01-023_heliotrons_finiteBeta_randomAspect_randomNfpUpTo8_withTorsion_flux_tubes/heliotron_randomAspect_finiteBeta_maxm1_maxn1_LMN8_000541.h5,20241103-01-random_equilibria_and_flux_tubes_random_aspect_ratio/20241103-01-063_generate_flux_tubes_nfp3/nfp3_randomAspect_finiteBeta_maxm4_maxn4_LMN8_001832.h5,0.40525767493365633,1.27631509724458,0.5203925830962742,0.7559225141483058,False,False,2.3207450993621284,2.1921022729505095,log_f_Q|log_FSA_grad_x|bad_curvature_compression|geodesic_curvature_compression|parallel_roughness_iqr_scaled|nfp|iota|shat|aspect|rho|aspect/rho|equilibrium_class_1|equilibrium_class_2|equilibrium_class_3|equilibrium_class_4,observed-comparison,0.16169023513793945,0.16169022314080772,0.07022117168775832,-0.3665701449145443,0.9606266536059094,0.0
f_stab,f_stab:0020,11465,87837,20241103-01-random_equilibria_and_flux_tubes_random_aspect_ratio/20241103-01-062_generate_flux_tubes_nfp2/nfp2_randomAspect_finiteBeta_maxm4_maxn4_LMN8_002884.h5,20241122-01-QUASR/20241122-01-031_QUASR_finite_beta_equilibria_with_maxF_below_threshold_and_enough_iota_flux_tubes/QUASR_finiteBeta_000740.h5,0.41007556082149726,1.7186184927177888,0.4820240891028467,1.236594403614942,False,False,2.3207450993621284,2.1921022729505095,log_f_Q|log_FSA_grad_x|bad_curvature_compression|geodesic_curvature_compression|parallel_roughness_iqr_scaled|nfp|iota|shat|aspect|rho|aspect/rho|equilibrium_class_1|equilibrium_class_2|equilibrium_class_3|equilibrium_class_4,observed-comparison,2.4959142804145813,2.4959143230881473,1.0839618178204724,1.909955558471357,-0.014930233550588312,0.0
f_stab,f_stab:0021,98549,92730,20241122-01-QUASR/20241122-01-031_QUASR_finite_beta_equilibria_with_maxF_below_threshold_and_enough_iota_flux_tubes/QUASR_finiteBeta_003425.h5,20241122-01-QUASR/20241122-01-031_QUASR_finite_beta_equilibria_with_maxF_below_threshold_and_enough_iota_flux_tubes/QUASR_finiteBeta_001970.h5,0.41488381327240376,1.3412049717241612,0.5541890895146461,0.7870158822095151,False,False,2.3207450993621284,2.1921022729505095,log_f_Q|log_FSA_grad_x|bad_curvature_compression|geodesic_curvature_compression|parallel_roughness_iqr_scaled|nfp|iota|shat|aspect|rho|aspect/rho|equilibrium_class_1|equilibrium_class_2|equilibrium_class_3|equilibrium_class_4,observed-comparison,0.7747740745544434,0.7747740869159041,0.3364801106692076,1.2979443981688819,-0.6471895169923152,0.0
f_stab,f_stab:0022,60687,59792,20241115-01-random_heliotrons/20241115-01-022_heliotrons_finiteBeta_randomAspect_randomNfpUpTo8_noTorsion_flux_tubes/heliotron_randomAspect_finiteBeta_maxm1_maxn1_LMN8_002403.h5,20241115-01-random_heliotrons/20241115-01-022_heliotrons_finiteBeta_randomAspect_randomNfpUpTo8_noTorsion_flux_tubes/heliotron_randomAspect_finiteBeta_maxm1_maxn1_LMN8_002180.h5,0.4168427577098711,1.2995314974592418,0.6911833004658566,0.6083481969933852,False,False,2.3207450993621284,2.1921022729505095,log_f_Q|log_FSA_grad_x|bad_curvature_compression|geodesic_curvature_compression|parallel_roughness_iqr_scaled|nfp|iota|shat|aspect|rho|aspect/rho|equilibrium_class_1|equilibrium_class_2|equilibrium_class_3|equilibrium_class_4,observed-comparison,0.7105247974395752,0.7105247369894307,0.30857697253026917,0.5139210546397316,-1.0615626038412738,0.0
f_stab,f_stab:0023,11257,51375,20241103-01-random_equilibria_and_flux_tubes_random_aspect_ratio/20241103-01-062_generate_flux_tubes_nfp2/nfp2_randomAspect_finiteBeta_maxm4_maxn4_LMN8_002832.h5,20241115-01-random_heliotrons/20241115-01-022_heliotrons_finiteBeta_randomAspect_randomNfpUpTo8_noTorsion_flux_tubes/heliotron_randomAspect_finiteBeta_maxm1_maxn1_LMN8_000075.h5,0.41770235887259655,1.8213932029258817,0.5477024058205228,1.2736907971053588,False,False,2.3207450993621284,2.1921022729505095,log_f_Q|log_FSA_grad_x|bad_curvature_compression|geodesic_curvature_compression|parallel_roughness_iqr_scaled|nfp|iota|shat|aspect|rho|aspect/rho|equilibrium_class_1|equilibrium_class_2|equilibrium_class_3|equilibrium_class_4,observed-comparison,0.8692758083343506,0.8692758430999028,0.3775217019100847,1.1869605166437949,-0.07276252144384276,0.0
f_stab,f_stab:0024,68127,50457,20241115-01-random_heliotrons/20241115-01-023_heliotrons_finiteBeta_randomAspect_randomNfpUpTo8_withTorsion_flux_tubes/heliotron_randomAspect_finiteBeta_maxm1_maxn1_LMN8_001064.h5,20241103-01-random_equilibria_and_flux_tubes_random_aspect_ratio/20241103-01-065_generate_flux_tubes_nfp5/nfp5_randomAspect_finiteBeta_maxm4_maxn4_LMN8_003045.h5,0.4186330322150536,1.2352114286781888,0.7827362166925673,0.45247521198562146,False,False,2.3207450993621284,2.1921022729505095,log_f_Q|log_FSA_grad_x|bad_curvature_compression|geodesic_curvature_compression|parallel_roughness_iqr_scaled|nfp|iota|shat|aspect|rho|aspect/rho|equilibrium_class_1|equilibrium_class_2|equilibrium_class_3|equilibrium_class_4,observed-comparison,0.5985255241394043,0.5985254263572044,0.25993628994572493,1.2015716227873752,-0.9210326637972863,0.0
f_stab,f_stab:0025,62867,51961,20241115-01-random_heliotrons/20241115-01-022_heliotrons_finiteBeta_randomAspect_randomNfpUpTo8_noTorsion_flux_tubes/heliotron_randomAspect_finiteBeta_maxm1_maxn1_LMN8_002949.h5,20241115-01-random_heliotrons/20241115-01-022_heliotrons_finiteBeta_randomAspect_randomNfpUpTo8_noTorsion_flux_tubes/heliotron_randomAspect_finiteBeta_maxm1_maxn1_LMN8_000221.h5,0.4189137716309009,1.2708792187920068,0.7399346349272543,0.5309445838647525,False,False,2.3207450993621284,2.1921022729505095,log_f_Q|log_FSA_grad_x|bad_curvature_compression|geodesic_curvature_compression|parallel_roughness_iqr_scaled|nfp|iota|shat|aspect|rho|aspect/rho|equilibrium_class_1|equilibrium_class_2|equilibrium_class_3|equilibrium_class_4,observed-comparison,0.45413947105407715,0.45413939068910136,0.19723023139118168,0.40232361204933337,0.4332582928035793,0.0
f_stab,f_stab:0026,66256,37817,20241115-01-random_heliotrons/20241115-01-023_heliotrons_finiteBeta_randomAspect_randomNfpUpTo8_withTorsion_flux_tubes/heliotron_randomAspect_finiteBeta_maxm1_maxn1_LMN8_000596.h5,20241103-01-random_equilibria_and_flux_tubes_random_aspect_ratio/20241103-01-064_generate_flux_tubes_nfp4/nfp4_randomAspect_finiteBeta_maxm4_maxn4_LMN8_003084.h5,0.42402007197641817,1.6792130171690125,0.7271106059428204,0.9521024112261921,False,False,2.3207450993621284,2.1921022729505095,log_f_Q|log_FSA_grad_x|bad_curvature_compression|geodesic_curvature_compression|parallel_roughness_iqr_scaled|nfp|iota|shat|aspect|rho|aspect/rho|equilibrium_class_1|equilibrium_class_2|equilibrium_class_3|equilibrium_class_4,observed-comparison,0.4018857479095459,0.4018859103031813,0.17453683319933688,0.1727686517536582,-0.8069286698361617,0.0
f_stab,f_stab:0027,59183,51107,20241115-01-random_heliotrons/20241115-01-022_heliotrons_finiteBeta_randomAspect_randomNfpUpTo8_noTorsion_flux_tubes/heliotron_randomAspect_finiteBeta_maxm1_maxn1_LMN8_002027.h5,20241115-01-random_heliotrons/20241115-01-022_heliotrons_finiteBeta_randomAspect_randomNfpUpTo8_noTorsion_flux_tubes/heliotron_randomAspect_finiteBeta_maxm1_maxn1_LMN8_000008.h5,0.4269407728182439,1.2470892221285959,0.7919241732787755,0.45516504884982034,False,False,2.3207450993621284,2.1921022729505095,log_f_Q|log_FSA_grad_x|bad_curvature_compression|geodesic_curvature_compression|parallel_roughness_iqr_scaled|nfp|iota|shat|aspect|rho|aspect/rho|equilibrium_class_1|equilibrium_class_2|equilibrium_class_3|equilibrium_class_4,observed-comparison,-0.36432600021362305,-0.36432590499742945,-0.15822473015479177,0.36329247616436844,-2.177272539602863,0.0
f_stab,f_stab:0028,85260,85434,20241122-01-QUASR/20241122-01-031_QUASR_finite_beta_equilibria_with_maxF_below_threshold_and_enough_iota_flux_tubes/QUASR_finiteBeta_000091.h5,20241122-01-QUASR/20241122-01-031_QUASR_finite_beta_equilibria_with_maxF_below_threshold_and_enough_iota_flux_tubes/QUASR_finiteBeta_000134.h5,0.4314461523048603,1.2774862144179966,0.7239839304557124,0.5535022839622842,False,False,2.3207450993621284,2.1921022729505095,log_f_Q|log_FSA_grad_x|bad_curvature_compression|geodesic_curvature_compression|parallel_roughness_iqr_scaled|nfp|iota|shat|aspect|rho|aspect/rho|equilibrium_class_1|equilibrium_class_2|equilibrium_class_3|equilibrium_class_4,observed-comparison,0.09445309638977051,0.09445325124902304,0.041020525815272046,0.3539701056521981,-1.030164490991841,0.0
f_stab,f_stab:0029,79054,14707,20241122-01-QUASR/20241122-01-030_QUASR_vacuum_equilibria_with_maxF_below_threshold_and_enough_iota_flux_tubes/QUASR_vacuum_000120.h5,20241103-01-random_equilibria_and_flux_tubes_random_aspect_ratio/20241103-01-063_generate_flux_tubes_nfp3/nfp3_randomAspect_finiteBeta_maxm4_maxn4_LMN8_000497.h5,0.4345749998996569,1.4353571467595243,0.7014209651849145,0.7339361815746098,False,False,2.3207450993621284,2.1921022729505095,log_f_Q|log_FSA_grad_x|bad_curvature_compression|geodesic_curvature_compression|parallel_roughness_iqr_scaled|nfp|iota|shat|aspect|rho|aspect/rho|equilibrium_class_1|equilibrium_class_2|equilibrium_class_3|equilibrium_class_4,observed-comparison,0.2193291187286377,0.21932914947312376,0.09525343933671115,0.9075087770865347,-0.6656792367398117,0.0
f_stab,f_stab:0030,53943,60617,20241115-01-random_heliotrons/20241115-01-022_heliotrons_finiteBeta_randomAspect_randomNfpUpTo8_noTorsion_flux_tubes/heliotron_randomAspect_finiteBeta_maxm1_maxn1_LMN8_000717.h5,20241115-01-random_heliotrons/20241115-01-022_heliotrons_finiteBeta_randomAspect_randomNfpUpTo8_noTorsion_flux_tubes/heliotron_randomAspect_finiteBeta_maxm1_maxn1_LMN8_002386.h5,0.4366619639942926,1.369454277061883,0.7693532744741477,0.6001010025877352,False,False,2.3207450993621284,2.1921022729505095,log_f_Q|log_FSA_grad_x|bad_curvature_compression|geodesic_curvature_compression|parallel_roughness_iqr_scaled|nfp|iota|shat|aspect|rho|aspect/rho|equilibrium_class_1|equilibrium_class_2|equilibrium_class_3|equilibrium_class_4,observed-comparison,0.7149616479873657,0.7149615697839735,0.3105038645300663,0.38790618560955503,0.5040083128769299,0.0
f_stab,f_stab:0031,60080,51684,20241115-01-random_heliotrons/20241115-01-022_heliotrons_finiteBeta_randomAspect_randomNfpUpTo8_noTorsion_flux_tubes/heliotron_randomAspect_finiteBeta_maxm1_maxn1_LMN8_002252.h5,20241115-01-random_heliotrons/20241115-01-022_heliotrons_finiteBeta_randomAspect_randomNfpUpTo8_noTorsion_flux_tubes/heliotron_randomAspect_finiteBeta_maxm1_maxn1_LMN8_000152.h5,0.4404395581086283,1.3232896816355413,0.7762707504777611,0.5470189311577802,False,False,2.3207450993621284,2.1921022729505095,log_f_Q|log_FSA_grad_x|bad_curvature_compression|geodesic_curvature_compression|parallel_roughness_iqr_scaled|nfp|iota|shat|aspect|rho|aspect/rho|equilibrium_class_1|equilibrium_class_2|equilibrium_class_3|equilibrium_class_4,observed-comparison,0.5055887699127197,0.5055889033224927,0.21957447082447534,0.7268067536172661,-0.8227597221197769,0.0
f_stab,f_stab:0032,64988,73996,20241115-01-random_heliotrons/20241115-01-023_heliotrons_finiteBeta_randomAspect_randomNfpUpTo8_withTorsion_flux_tubes/heliotron_randomAspect_finiteBeta_maxm1_maxn1_LMN8_000279.h5,20241115-01-random_heliotrons/20241115-01-023_heliotrons_finiteBeta_randomAspect_randomNfpUpTo8_withTorsion_flux_tubes/heliotron_randomAspect_finiteBeta_maxm1_maxn1_LMN8_002533.h5,0.4453665390685101,1.3977053220082378,0.5072569418028324,0.8904483802054054,False,False,2.3207450993621284,2.1921022729505095,log_f_Q|log_FSA_grad_x|bad_curvature_compression|geodesic_curvature_compression|parallel_roughness_iqr_scaled|nfp|iota|shat|aspect|rho|aspect/rho|equilibrium_class_1|equilibrium_class_2|equilibrium_class_3|equilibrium_class_4,observed-comparison,1.1980903148651123,1.1980900903443437,0.5203239150595171,0.9817813854845567,-2.9909951770580014,0.0
f_stab,f_stab:0033,82685,88368,20241122-01-QUASR/20241122-01-030_QUASR_vacuum_equilibria_with_maxF_below_threshold_and_enough_iota_flux_tubes/QUASR_vacuum_000301.h5,20241122-01-QUASR/20241122-01-031_QUASR_finite_beta_equilibria_with_maxF_below_threshold_and_enough_iota_flux_tubes/QUASR_finiteBeta_000875.h5,0.4470164687253704,1.4384159591924262,0.8067240402390391,0.631691918953387,False,False,2.3207450993621284,2.1921022729505095,log_f_Q|log_FSA_grad_x|bad_curvature_compression|geodesic_curvature_compression|parallel_roughness_iqr_scaled|nfp|iota|shat|aspect|rho|aspect/rho|equilibrium_class_1|equilibrium_class_2|equilibrium_class_3|equilibrium_class_4,observed-comparison,-1.2086873054504395,-1.2086871968678055,-0.5249261799467972,1.356290938387581,-5.578252498006398,0.0
f_stab,f_stab:0034,3436,17316,20241103-01-random_equilibria_and_flux_tubes_random_aspect_ratio/20241103-01-062_generate_flux_tubes_nfp2/nfp2_randomAspect_finiteBeta_maxm4_maxn4_LMN8_000865.h5,20241103-01-random_equilibria_and_flux_tubes_random_aspect_ratio/20241103-01-063_generate_flux_tubes_nfp3/nfp3_randomAspect_finiteBeta_maxm4_maxn4_LMN8_001151.h5,0.4473612274364456,1.6642354849344108,0.786152596094012,0.8780828888403988,False,False,2.3207450993621284,2.1921022729505095,log_f_Q|log_FSA_grad_x|bad_curvature_compression|geodesic_curvature_compression|parallel_roughness_iqr_scaled|nfp|iota|shat|aspect|rho|aspect/rho|equilibrium_class_1|equilibrium_class_2|equilibrium_class_3|equilibrium_class_4,observed-comparison,-0.07288599014282227,-0.07288594463660392,-0.03165396356398298,0.28951474052989457,-4.983593868796807,0.0
f_stab,f_stab:0035,79003,79230,20241122-01-QUASR/20241122-01-030_QUASR_vacuum_equilibria_with_maxF_below_threshold_and_enough_iota_flux_tubes/QUASR_vacuum_000117.h5,20241122-01-QUASR/20241122-01-030_QUASR_vacuum_equilibria_with_maxF_below_threshold_and_enough_iota_flux_tubes/QUASR_vacuum_000129.h5,0.44964567262882726,1.3373796164683904,0.6736217469601895,0.6637578695082009,False,False,2.3207450993621284,2.1921022729505095,log_f_Q|log_FSA_grad_x|bad_curvature_compression|geodesic_curvature_compression|parallel_roughness_iqr_scaled|nfp|iota|shat|aspect|rho|aspect/rho|equilibrium_class_1|equilibrium_class_2|equilibrium_class_3|equilibrium_class_4,observed-comparison,0.3810344338417053,0.3810343981014963,0.16548113651080676,0.6551107236299691,0.041047731480144956,0.0
f_stab,f_stab:0036,1267,15479,20241103-01-random_equilibria_and_flux_tubes_random_aspect_ratio/20241103-01-062_generate_flux_tubes_nfp2/nfp2_randomAspect_finiteBeta_maxm4_maxn4_LMN8_000319.h5,20241103-01-random_equilibria_and_flux_tubes_random_aspect_ratio/20241103-01-063_generate_flux_tubes_nfp3/nfp3_randomAspect_finiteBeta_maxm4_maxn4_LMN8_000691.h5,0.4554666840674096,1.4995662822049738,0.5747685545671118,0.9247977276378619,False,False,2.3207450993621284,2.1921022729505095,log_f_Q|log_FSA_grad_x|bad_curvature_compression|geodesic_curvature_compression|parallel_roughness_iqr_scaled|nfp|iota|shat|aspect|rho|aspect/rho|equilibrium_class_1|equilibrium_class_2|equilibrium_class_3|equilibrium_class_4,observed-comparison,0.32493770122528076,0.32493763805164555,0.14111862316850576,1.287022156577201,-1.0175482991036708,0.0
f_stab,f_stab:0037,76085,23675,20241115-01-random_heliotrons/20241115-01-023_heliotrons_finiteBeta_randomAspect_randomNfpUpTo8_withTorsion_flux_tubes/heliotron_randomAspect_finiteBeta_maxm1_maxn1_LMN8_003055.h5,20241103-01-random_equilibria_and_flux_tubes_random_aspect_ratio/20241103-01-063_generate_flux_tubes_nfp3/nfp3_randomAspect_finiteBeta_maxm4_maxn4_LMN8_002745.h5,0.45658397006038004,1.2596642027133866,0.7737251845778842,0.48593901813550244,False,False,2.3207450993621284,2.1921022729505095,log_f_Q|log_FSA_grad_x|bad_curvature_compression|geodesic_curvature_compression|parallel_roughness_iqr_scaled|nfp|iota|shat|aspect|rho|aspect/rho|equilibrium_class_1|equilibrium_class_2|equilibrium_class_3|equilibrium_class_4,observed-comparison,0.7795019149780273,0.7795018465328101,0.3385333505825949,0.952655256932777,-0.02329358598429776,0.0
f_stab,f_stab:0038,10974,20323,20241103-01-random_equilibria_and_flux_tubes_random_aspect_ratio/20241103-01-062_generate_flux_tubes_nfp2/nfp2_randomAspect_finiteBeta_maxm4_maxn4_LMN8_002761.h5,20241103-01-random_equilibria_and_flux_tubes_random_aspect_ratio/20241103-01-063_generate_flux_tubes_nfp3/nfp3_randomAspect_finiteBeta_maxm4_maxn4_LMN8_001906.h5,0.461034132191982,1.5445572354697543,0.7789672482586395,0.7655899872111148,False,False,2.3207450993621284,2.1921022729505095,log_f_Q|log_FSA_grad_x|bad_curvature_compression|geodesic_curvature_compression|parallel_roughness_iqr_scaled|nfp|iota|shat|aspect|rho|aspect/rho|equilibrium_class_1|equilibrium_class_2|equilibrium_class_3|equilibrium_class_4,observed-comparison,-0.12997746467590332,-0.12997767191296106,-0.056448585682430164,0.3514412772281229,-1.6934737693576665,0.0
f_stab,f_stab:0039,91710,91018,20241122-01-QUASR/20241122-01-031_QUASR_finite_beta_equilibria_with_maxF_below_threshold_and_enough_iota_flux_tubes/QUASR_finiteBeta_001715.h5,20241122-01-QUASR/20241122-01-031_QUASR_finite_beta_equilibria_with_maxF_below_threshold_and_enough_iota_flux_tubes/QUASR_finiteBeta_001542.h5,0.46983528071912184,1.3374659767894894,0.7817982304524073,0.5556677463370822,False,False,2.3207450993621284,2.1921022729505095,log_f_Q|log_FSA_grad_x|bad_curvature_compression|geodesic_curvature_compression|parallel_roughness_iqr_scaled|nfp|iota|shat|aspect|rho|aspect/rho|equilibrium_class_1|equilibrium_class_2|equilibrium_class_3|equilibrium_class_4,observed-comparison,0.8264102935791016,0.8264104490242918,0.3589054977984384,0.3161678318383945,0.2037567095251549,0.0
f_stab,f_stab:0040,51467,51963,20241115-01-random_heliotrons/20241115-01-022_heliotrons_finiteBeta_randomAspect_randomNfpUpTo8_noTorsion_flux_tubes/heliotron_randomAspect_finiteBeta_maxm1_maxn1_LMN8_000098.h5,20241115-01-random_heliotrons/20241115-01-022_heliotrons_finiteBeta_randomAspect_randomNfpUpTo8_noTorsion_flux_tubes/heliotron_randomAspect_finiteBeta_maxm1_maxn1_LMN8_000222.h5,0.47002677332448767,1.3776808580947353,0.7677540766667863,0.609926781427949,False,False,2.3207450993621284,2.1921022729505095,log_f_Q|log_FSA_grad_x|bad_curvature_compression|geodesic_curvature_compression|parallel_roughness_iqr_scaled|nfp|iota|shat|aspect|rho|aspect/rho|equilibrium_class_1|equilibrium_class_2|equilibrium_class_3|equilibrium_class_4,observed-comparison,0.7355161905288696,0.7355162015592633,0.3194306276876281,0.31757786532445287,-1.088389579580887,0.0
f_stab,f_stab:0041,77030,85402,20241122-01-QUASR/20241122-01-030_QUASR_vacuum_equilibria_with_maxF_below_threshold_and_enough_iota_flux_tubes/QUASR_vacuum_000018.h5,20241122-01-QUASR/20241122-01-031_QUASR_finite_beta_equilibria_with_maxF_below_threshold_and_enough_iota_flux_tubes/QUASR_finiteBeta_000126.h5,0.4820363981268157,1.3798476299013556,0.7269150455127752,0.6529325843885804,False,False,2.3207450993621284,2.1921022729505095,log_f_Q|log_FSA_grad_x|bad_curvature_compression|geodesic_curvature_compression|parallel_roughness_iqr_scaled|nfp|iota|shat|aspect|rho|aspect/rho|equilibrium_class_1|equilibrium_class_2|equilibrium_class_3|equilibrium_class_4,observed-comparison,0.221726655960083,0.22172672626693934,0.09629469370820454,0.06998819070564755,-1.4507351020196282,0.0
f_stab,f_stab:0042,11871,68291,20241103-01-random_equilibria_and_flux_tubes_random_aspect_ratio/20241103-01-062_generate_flux_tubes_nfp2/nfp2_randomAspect_finiteBeta_maxm4_maxn4_LMN8_002986.h5,20241115-01-random_heliotrons/20241115-01-023_heliotrons_finiteBeta_randomAspect_randomNfpUpTo8_withTorsion_flux_tubes/heliotron_randomAspect_finiteBeta_maxm1_maxn1_LMN8_001105.h5,0.4832720042413151,1.3141776236624547,0.7659932439442324,0.5481843797182223,False,False,2.3207450993621284,2.1921022729505095,log_f_Q|log_FSA_grad_x|bad_curvature_compression|geodesic_curvature_compression|parallel_roughness_iqr_scaled|nfp|iota|shat|aspect|rho|aspect/rho|equilibrium_class_1|equilibrium_class_2|equilibrium_class_3|equilibrium_class_4,observed-comparison,-0.1369643211364746,-0.1369643691543354,-0.05948286974108763,0.44984126661570856,0.31979563617452555,0.0
f_stab,f_stab:0043,14023,61878,20241103-01-random_equilibria_and_flux_tubes_random_aspect_ratio/20241103-01-063_generate_flux_tubes_nfp3/nfp3_randomAspect_finiteBeta_maxm4_maxn4_LMN8_000326.h5,20241115-01-random_heliotrons/20241115-01-022_heliotrons_finiteBeta_randomAspect_randomNfpUpTo8_noTorsion_flux_tubes/heliotron_randomAspect_finiteBeta_maxm1_maxn1_LMN8_002701.h5,0.48654252198874987,1.2578413929202765,0.5757369055423679,0.6821044873779086,False,False,2.3207450993621284,2.1921022729505095,log_f_Q|log_FSA_grad_x|bad_curvature_compression|geodesic_curvature_compression|parallel_roughness_iqr_scaled|nfp|iota|shat|aspect|rho|aspect/rho|equilibrium_class_1|equilibrium_class_2|equilibrium_class_3|equilibrium_class_4,observed-comparison,0.9421505928039551,0.9421506606436272,0.40917083303903057,0.5424615586813395,2.0729177903480913,0.0
f_stab,f_stab:0044,66739,75793,20241115-01-random_heliotrons/20241115-01-023_heliotrons_finiteBeta_randomAspect_randomNfpUpTo8_withTorsion_flux_tubes/heliotron_randomAspect_finiteBeta_maxm1_maxn1_LMN8_000717.h5,20241115-01-random_heliotrons/20241115-01-023_heliotrons_finiteBeta_randomAspect_randomNfpUpTo8_withTorsion_flux_tubes/heliotron_randomAspect_finiteBeta_maxm1_maxn1_LMN8_002982.h5,0.4944258660230684,1.2590114512541142,0.584572010718252,0.6744394405358621,False,False,2.3207450993621284,2.1921022729505095,log_f_Q|log_FSA_grad_x|bad_curvature_compression|geodesic_curvature_compression|parallel_roughness_iqr_scaled|nfp|iota|shat|aspect|rho|aspect/rho|equilibrium_class_1|equilibrium_class_2|equilibrium_class_3|equilibrium_class_4,observed-comparison,0.18906807899475098,0.18906793699974456,0.08211116174382083,0.9526976900263552,-0.47628973373684635,0.0
f_stab,f_stab:0045,21755,24443,20241103-01-random_equilibria_and_flux_tubes_random_aspect_ratio/20241103-01-063_generate_flux_tubes_nfp3/nfp3_randomAspect_finiteBeta_maxm4_maxn4_LMN8_002265.h5,20241103-01-random_equilibria_and_flux_tubes_random_aspect_ratio/20241103-01-063_generate_flux_tubes_nfp3/nfp3_randomAspect_finiteBeta_maxm4_maxn4_LMN8_002937.h5,0.4951111288938433,1.3515559155906736,0.5682015762920756,0.783354339298598,False,False,2.3207450993621284,2.1921022729505095,log_f_Q|log_FSA_grad_x|bad_curvature_compression|geodesic_curvature_compression|parallel_roughness_iqr_scaled|nfp|iota|shat|aspect|rho|aspect/rho|equilibrium_class_1|equilibrium_class_2|equilibrium_class_3|equilibrium_class_4,observed-comparison,1.9036090970039368,1.9036091610660417,0.8267269543514604,1.3198291750561304,0.6005798871590082,0.0
f_stab,f_stab:0046,75910,50006,20241115-01-random_heliotrons/20241115-01-023_heliotrons_finiteBeta_randomAspect_randomNfpUpTo8_withTorsion_flux_tubes/heliotron_randomAspect_finiteBeta_maxm1_maxn1_LMN8_003012.h5,20241103-01-random_equilibria_and_flux_tubes_random_aspect_ratio/20241103-01-065_generate_flux_tubes_nfp5/nfp5_randomAspect_finiteBeta_maxm4_maxn4_LMN8_002932.h5,0.4952702135287178,1.2452981284771407,0.7810437885033541,0.4642543399737866,False,False,2.3207450993621284,2.1921022729505095,log_f_Q|log_FSA_grad_x|bad_curvature_compression|geodesic_curvature_compression|parallel_roughness_iqr_scaled|nfp|iota|shat|aspect|rho|aspect/rho|equilibrium_class_1|equilibrium_class_2|equilibrium_class_3|equilibrium_class_4,observed-comparison,0.03708791732788086,0.03708793090561069,0.01610708373751568,1.1812550136899147,-2.1520571818633165,0.0
f_stab,f_stab:0047,78662,80456,20241122-01-QUASR/20241122-01-030_QUASR_vacuum_equilibria_with_maxF_below_threshold_and_enough_iota_flux_tubes/QUASR_vacuum_000100.h5,20241122-01-QUASR/20241122-01-030_QUASR_vacuum_equilibria_with_maxF_below_threshold_and_enough_iota_flux_tubes/QUASR_vacuum_000190.h5,0.498785834728902,1.3377049973048454,0.7080719372476407,0.6296330600572047,False,False,2.3207450993621284,2.1921022729505095,log_f_Q|log_FSA_grad_x|bad_curvature_compression|geodesic_curvature_compression|parallel_roughness_iqr_scaled|nfp|iota|shat|aspect|rho|aspect/rho|equilibrium_class_1|equilibrium_class_2|equilibrium_class_3|equilibrium_class_4,observed-comparison,0.18848001956939697,0.18848001734794595,0.08185583148324216,0.23319854057544354,0.3481194493287434,0.0
f_stab,f_stab:0048,77750,7975,20241122-01-QUASR/20241122-01-030_QUASR_vacuum_equilibria_with_maxF_below_threshold_and_enough_iota_flux_tubes/QUASR_vacuum_000054.h5,20241103-01-random_equilibria_and_flux_tubes_random_aspect_ratio/20241103-01-062_generate_flux_tubes_nfp2/nfp2_randomAspect_finiteBeta_maxm4_maxn4_LMN8_002005.h5,0.5019992026839316,1.4521644459978464,0.476777346143015,0.9753870998548315,False,False,2.3207450993621284,2.1921022729505095,log_f_Q|log_FSA_grad_x|bad_curvature_compression|geodesic_curvature_compression|parallel_roughness_iqr_scaled|nfp|iota|shat|aspect|rho|aspect/rho|equilibrium_class_1|equilibrium_class_2|equilibrium_class_3|equilibrium_class_4,observed-comparison,1.6046012938022614,1.6046013164366453,0.6968694973831286,1.2908086195857158,0.6427039654024149,0.0
f_stab,f_stab:0049,60782,61196,20241115-01-random_heliotrons/20241115-01-022_heliotrons_finiteBeta_randomAspect_randomNfpUpTo8_noTorsion_flux_tubes/heliotron_randomAspect_finiteBeta_maxm1_maxn1_LMN8_002427.h5,20241115-01-random_heliotrons/20241115-01-022_heliotrons_finiteBeta_randomAspect_randomNfpUpTo8_noTorsion_flux_tubes/heliotron_randomAspect_finiteBeta_maxm1_maxn1_LMN8_002531.h5,0.5180069015904816,1.246908549313553,0.7677872296755881,0.4791213196379649,False,False,2.3207450993621284,2.1921022729505095,log_f_Q|log_FSA_grad_x|bad_curvature_compression|geodesic_curvature_compression|parallel_roughness_iqr_scaled|nfp|iota|shat|aspect|rho|aspect/rho|equilibrium_class_1|equilibrium_class_2|equilibrium_class_3|equilibrium_class_4,observed-comparison,0.7080583572387695,0.7080582279175616,0.307505781250792,0.21174931717011447,-1.6377911741398616,0.0
f_stab,f_stab:0050,78696,79200,20241122-01-QUASR/20241122-01-030_QUASR_vacuum_equilibria_with_maxF_below_threshold_and_enough_iota_flux_tubes/QUASR_vacuum_000102.h5,20241122-01-QUASR/20241122-01-030_QUASR_vacuum_equilibria_with_maxF_below_threshold_and_enough_iota_flux_tubes/QUASR_vacuum_000127.h5,0.5193586674225147,1.3144773235623974,0.7273481720555495,0.587129151506848,False,False,2.3207450993621284,2.1921022729505095,log_f_Q|log_FSA_grad_x|bad_curvature_compression|geodesic_curvature_compression|parallel_roughness_iqr_scaled|nfp|iota|shat|aspect|rho|aspect/rho|equilibrium_class_1|equilibrium_class_2|equilibrium_class_3|equilibrium_class_4,observed-comparison,0.9243859052658081,0.92438590673722,0.40145569844510864,1.1034151309077627,-1.0468599702276542,0.0
f_stab,f_stab:0051,95106,100550,20241122-01-QUASR/20241122-01-031_QUASR_finite_beta_equilibria_with_maxF_below_threshold_and_enough_iota_flux_tubes/QUASR_finiteBeta_002564.h5,20241122-01-QUASR/20241122-01-031_QUASR_finite_beta_equilibria_with_maxF_below_threshold_and_enough_iota_flux_tubes/QUASR_finiteBeta_003925.h5,0.5204350386522084,1.2380417309713019,0.7720581881000692,0.46598354287123267,False,False,2.3207450993621284,2.1921022729505095,log_f_Q|log_FSA_grad_x|bad_curvature_compression|geodesic_curvature_compression|parallel_roughness_iqr_scaled|nfp|iota|shat|aspect|rho|aspect/rho|equilibrium_class_1|equilibrium_class_2|equilibrium_class_3|equilibrium_class_4,observed-comparison,-0.03137516975402832,-0.031375212459867186,-0.013626081639862342,0.0011725241410185383,-0.23818135228796122,0.0
f_stab,f_stab:0052,74705,57603,20241115-01-random_heliotrons/20241115-01-023_heliotrons_finiteBeta_randomAspect_randomNfpUpTo8_withTorsion_flux_tubes/heliotron_randomAspect_finiteBeta_maxm1_maxn1_LMN8_002710.h5,20241115-01-random_heliotrons/20241115-01-022_heliotrons_finiteBeta_randomAspect_randomNfpUpTo8_noTorsion_flux_tubes/heliotron_randomAspect_finiteBeta_maxm1_maxn1_LMN8_001632.h5,0.5210186743469027,1.2701440735137417,0.6840659974948737,0.586078076018868,False,False,2.3207450993621284,2.1921022729505095,log_f_Q|log_FSA_grad_x|bad_curvature_compression|geodesic_curvature_compression|parallel_roughness_iqr_scaled|nfp|iota|shat|aspect|rho|aspect/rho|equilibrium_class_1|equilibrium_class_2|equilibrium_class_3|equilibrium_class_4,observed-comparison,0.305111289024353,0.30511113159571623,0.13250808081927656,0.6770968361495286,-0.5330517570262514,0.0
f_stab,f_stab:0053,11632,6724,20241103-01-random_equilibria_and_flux_tubes_random_aspect_ratio/20241103-01-062_generate_flux_tubes_nfp2/nfp2_randomAspect_finiteBeta_maxm4_maxn4_LMN8_002926.h5,20241103-01-random_equilibria_and_flux_tubes_random_aspect_ratio/20241103-01-062_generate_flux_tubes_nfp2/nfp2_randomAspect_finiteBeta_maxm4_maxn4_LMN8_001691.h5,0.5260222322072339,1.6823834057450782,0.5710821818980585,1.1113012238470197,False,False,2.3207450993621284,2.1921022729505095,log_f_Q|log_FSA_grad_x|bad_curvature_compression|geodesic_curvature_compression|parallel_roughness_iqr_scaled|nfp|iota|shat|aspect|rho|aspect/rho|equilibrium_class_1|equilibrium_class_2|equilibrium_class_3|equilibrium_class_4,observed-comparison,1.6036651134490967,1.6036650292221866,0.6964628730124125,1.4065335609085035,-0.06936613933995739,0.0
f_stab,f_stab:0054,64584,54368,20241115-01-random_heliotrons/20241115-01-023_heliotrons_finiteBeta_randomAspect_randomNfpUpTo8_withTorsion_flux_tubes/heliotron_randomAspect_finiteBeta_maxm1_maxn1_LMN8_000178.h5,20241115-01-random_heliotrons/20241115-01-022_heliotrons_finiteBeta_randomAspect_randomNfpUpTo8_noTorsion_flux_tubes/heliotron_randomAspect_finiteBeta_maxm1_maxn1_LMN8_000823.h5,0.5287632416667902,1.2780203269141506,0.7182130924319026,0.559807234482248,False,False,2.3207450993621284,2.1921022729505095,log_f_Q|log_FSA_grad_x|bad_curvature_compression|geodesic_curvature_compression|parallel_roughness_iqr_scaled|nfp|iota|shat|aspect|rho|aspect/rho|equilibrium_class_1|equilibrium_class_2|equilibrium_class_3|equilibrium_class_4,observed-comparison,-0.3141288757324219,-0.3141289154525537,-0.13642445458729724,0.5500758200418716,-0.3177626003490821,0.0
f_stab,f_stab:0055,64462,67498,20241115-01-random_heliotrons/20241115-01-023_heliotrons_finiteBeta_randomAspect_randomNfpUpTo8_withTorsion_flux_tubes/heliotron_randomAspect_finiteBeta_maxm1_maxn1_LMN8_000148.h5,20241115-01-random_heliotrons/20241115-01-023_heliotrons_finiteBeta_randomAspect_randomNfpUpTo8_withTorsion_flux_tubes/heliotron_randomAspect_finiteBeta_maxm1_maxn1_LMN8_000907.h5,0.5377473737619773,1.3814136153794465,0.5879221295180925,0.793491485861354,False,False,2.3207450993621284,2.1921022729505095,log_f_Q|log_FSA_grad_x|bad_curvature_compression|geodesic_curvature_compression|parallel_roughness_iqr_scaled|nfp|iota|shat|aspect|rho|aspect/rho|equilibrium_class_1|equilibrium_class_2|equilibrium_class_3|equilibrium_class_4,observed-comparison,0.6342875957489014,0.6342876470940255,0.27546762507233247,1.1735514608736672,0.2898050941813488,0.0
f_stab,f_stab:0056,78578,1516,20241122-01-QUASR/20241122-01-030_QUASR_vacuum_equilibria_with_maxF_below_threshold_and_enough_iota_flux_tubes/QUASR_vacuum_000096.h5,20241103-01-random_equilibria_and_flux_tubes_random_aspect_ratio/20241103-01-062_generate_flux_tubes_nfp2/nfp2_randomAspect_finiteBeta_maxm4_maxn4_LMN8_000381.h5,0.537947533428429,1.2775143632951338,0.7350160938238987,0.5424982694712351,False,False,2.3207450993621284,2.1921022729505095,log_f_Q|log_FSA_grad_x|bad_curvature_compression|geodesic_curvature_compression|parallel_roughness_iqr_scaled|nfp|iota|shat|aspect|rho|aspect/rho|equilibrium_class_1|equilibrium_class_2|equilibrium_class_3|equilibrium_class_4,observed-comparison,0.2089841365814209,0.20898405511146834,0.09076062194067569,0.36295873101015774,0.47043497653633226,0.0
f_stab,f_stab:0057,51656,57189,20241115-01-random_heliotrons/20241115-01-022_heliotrons_finiteBeta_randomAspect_randomNfpUpTo8_noTorsion_flux_tubes/heliotron_randomAspect_finiteBeta_maxm1_maxn1_LMN8_000145.h5,20241115-01-random_heliotrons/20241115-01-022_heliotrons_finiteBeta_randomAspect_randomNfpUpTo8_noTorsion_flux_tubes/heliotron_randomAspect_finiteBeta_maxm1_maxn1_LMN8_001528.h5,0.5395920273380296,1.4778008267563887,0.49129894660415396,0.9865018801522347,False,False,2.3207450993621284,2.1921022729505095,log_f_Q|log_FSA_grad_x|bad_curvature_compression|geodesic_curvature_compression|parallel_roughness_iqr_scaled|nfp|iota|shat|aspect|rho|aspect/rho|equilibrium_class_1|equilibrium_class_2|equilibrium_class_3|equilibrium_class_4,observed-comparison,0.6449646949768066,0.6449647053065273,0.2801046125369816,1.121906984064205,-1.6169713493399311,0.0
f_stab,f_stab:0058,44506,69811,20241103-01-random_equilibria_and_flux_tubes_random_aspect_ratio/20241103-01-065_generate_flux_tubes_nfp5/nfp5_randomAspect_finiteBeta_maxm4_maxn4_LMN8_001557.h5,20241115-01-random_heliotrons/20241115-01-023_heliotrons_finiteBeta_randomAspect_randomNfpUpTo8_withTorsion_flux_tubes/heliotron_randomAspect_finiteBeta_maxm1_maxn1_LMN8_001486.h5,0.542094364565848,1.2368776358211508,0.5769907450219962,0.6598868907991546,False,False,2.3207450993621284,2.1921022729505095,log_f_Q|log_FSA_grad_x|bad_curvature_compression|geodesic_curvature_compression|parallel_roughness_iqr_scaled|nfp|iota|shat|aspect|rho|aspect/rho|equilibrium_class_1|equilibrium_class_2|equilibrium_class_3|equilibrium_class_4,observed-comparison,0.5938074588775635,0.5938073329616338,0.2578872480189245,1.189688494541045,-4.118870288934261,0.0
f_stab,f_stab:0059,9909,11091,20241103-01-random_equilibria_and_flux_tubes_random_aspect_ratio/20241103-01-062_generate_flux_tubes_nfp2/nfp2_randomAspect_finiteBeta_maxm4_maxn4_LMN8_002492.h5,20241103-01-random_equilibria_and_flux_tubes_random_aspect_ratio/20241103-01-062_generate_flux_tubes_nfp2/nfp2_randomAspect_finiteBeta_maxm4_maxn4_LMN8_002790.h5,0.5465496230009829,1.6768137581280556,0.7854829890828005,0.8913307690452551,False,False,2.3207450993621284,2.1921022729505095,log_f_Q|log_FSA_grad_x|bad_curvature_compression|geodesic_curvature_compression|parallel_roughness_iqr_scaled|nfp|iota|shat|aspect|rho|aspect/rho|equilibrium_class_1|equilibrium_class_2|equilibrium_class_3|equilibrium_class_4,observed-comparison,0.03881645202636719,0.038816330750817585,0.01685771825281157,0.10288087837184379,-0.2451505206414979,0.0
f_stab,f_stab:0060,78745,48502,20241122-01-QUASR/20241122-01-030_QUASR_vacuum_equilibria_with_maxF_below_threshold_and_enough_iota_flux_tubes/QUASR_vacuum_000104.h5,20241103-01-random_equilibria_and_flux_tubes_random_aspect_ratio/20241103-01-065_generate_flux_tubes_nfp5/nfp5_randomAspect_finiteBeta_maxm4_maxn4_LMN8_002556.h5,0.5532737718041492,1.516812972308634,0.5827335590284062,0.9340794132802279,False,False,2.3207450993621284,2.1921022729505095,log_f_Q|log_FSA_grad_x|bad_curvature_compression|geodesic_curvature_compression|parallel_roughness_iqr_scaled|nfp|iota|shat|aspect|rho|aspect/rho|equilibrium_class_1|equilibrium_class_2|equilibrium_class_3|equilibrium_class_4,observed-comparison,0.6928608417510986,0.6928607856892179,0.3009056159519789,1.273747582392038,-0.47235107124974807,0.0
f_stab,f_stab:0061,30959,51743,20241103-01-random_equilibria_and_flux_tubes_random_aspect_ratio/20241103-01-064_generate_flux_tubes_nfp4/nfp4_randomAspect_finiteBeta_maxm4_maxn4_LMN8_001369.h5,20241115-01-random_heliotrons/20241115-01-022_heliotrons_finiteBeta_randomAspect_randomNfpUpTo8_noTorsion_flux_tubes/heliotron_randomAspect_finiteBeta_maxm1_maxn1_LMN8_000167.h5,0.5562472630548748,1.2336014889371427,0.5675750813775241,0.6660264075596186,False,False,2.3207450993621284,2.1921022729505095,log_f_Q|log_FSA_grad_x|bad_curvature_compression|geodesic_curvature_compression|parallel_roughness_iqr_scaled|nfp|iota|shat|aspect|rho|aspect/rho|equilibrium_class_1|equilibrium_class_2|equilibrium_class_3|equilibrium_class_4,observed-comparison,1.1947919130325317,1.1947919533051277,0.5188915523428246,1.2087407702985984,0.88459596566475,0.0
f_stab,f_stab:0062,82249,92535,20241122-01-QUASR/20241122-01-030_QUASR_vacuum_equilibria_with_maxF_below_threshold_and_enough_iota_flux_tubes/QUASR_vacuum_000280.h5,20241122-01-QUASR/20241122-01-031_QUASR_finite_beta_equilibria_with_maxF_below_threshold_and_enough_iota_flux_tubes/QUASR_finiteBeta_001921.h5,0.5604182443215453,1.347897334219919,0.6956754311311993,0.6522219030887196,False,False,2.3207450993621284,2.1921022729505095,log_f_Q|log_FSA_grad_x|bad_curvature_compression|geodesic_curvature_compression|parallel_roughness_iqr_scaled|nfp|iota|shat|aspect|rho|aspect/rho|equilibrium_class_1|equilibrium_class_2|equilibrium_class_3|equilibrium_class_4,observed-comparison,0.21233868598937988,0.21233863930436558,0.092217499344731,-0.016489836904612143,0.14829485976719137,0.0
f_stab,f_stab:0063,5181,19744,20241103-01-random_equilibria_and_flux_tubes_random_aspect_ratio/20241103-01-062_generate_flux_tubes_nfp2/nfp2_randomAspect_finiteBeta_maxm4_maxn4_LMN8_001304.h5,20241103-01-random_equilibria_and_flux_tubes_random_aspect_ratio/20241103-01-063_generate_flux_tubes_nfp3/nfp3_randomAspect_finiteBeta_maxm4_maxn4_LMN8_001760.h5,0.561961556276958,1.8398421836989869,0.5314980842352534,1.3083440994637336,False,False,2.3207450993621284,2.1921022729505095,log_f_Q|log_FSA_grad_x|bad_curvature_compression|geodesic_curvature_compression|parallel_roughness_iqr_scaled|nfp|iota|shat|aspect|rho|aspect/rho|equilibrium_class_1|equilibrium_class_2|equilibrium_class_3|equilibrium_class_4,observed-comparison,1.6703507900238037,1.6703507061638319,0.7254240945301522,1.0624480467368376,-1.651139189567658,0.0
f_stab,f_stab:0064,64338,63143,20241115-01-random_heliotrons/20241115-01-023_heliotrons_finiteBeta_randomAspect_randomNfpUpTo8_withTorsion_flux_tubes/heliotron_randomAspect_finiteBeta_maxm1_maxn1_LMN8_000117.h5,20241115-01-random_heliotrons/20241115-01-022_heliotrons_finiteBeta_randomAspect_randomNfpUpTo8_noTorsion_flux_tubes/heliotron_randomAspect_finiteBeta_maxm1_maxn1_LMN8_003018.h5,0.5644240208013398,1.2609270426770747,0.7377207598562273,0.5232062828208474,False,False,2.3207450993621284,2.1921022729505095,log_f_Q|log_FSA_grad_x|bad_curvature_compression|geodesic_curvature_compression|parallel_roughness_iqr_scaled|nfp|iota|shat|aspect|rho|aspect/rho|equilibrium_class_1|equilibrium_class_2|equilibrium_class_3|equilibrium_class_4,observed-comparison,0.4370245933532715,0.4370246120769483,0.18979737748092806,0.8282709929856059,0.47408844909094316,0.0
f_stab,f_stab:0065,72972,21287,20241115-01-random_heliotrons/20241115-01-023_heliotrons_finiteBeta_randomAspect_randomNfpUpTo8_withTorsion_flux_tubes/heliotron_randomAspect_finiteBeta_maxm1_maxn1_LMN8_002277.h5,20241103-01-random_equilibria_and_flux_tubes_random_aspect_ratio/20241103-01-063_generate_flux_tubes_nfp3/nfp3_randomAspect_finiteBeta_maxm4_maxn4_LMN8_002148.h5,0.5801360052745689,1.4495901513639895,0.6501613673089478,0.7994287840550417,False,False,2.3207450993621284,2.1921022729505095,log_f_Q|log_FSA_grad_x|bad_curvature_compression|geodesic_curvature_compression|parallel_roughness_iqr_scaled|nfp|iota|shat|aspect|rho|aspect/rho|equilibrium_class_1|equilibrium_class_2|equilibrium_class_3|equilibrium_class_4,observed-comparison,0.15558338165283203,0.15558338032442443,0.0675690035507528,0.38472528604019185,-2.543111324944558,0.0
f_stab,f_stab:0066,72073,58777,20241115-01-random_heliotrons/20241115-01-023_heliotrons_finiteBeta_randomAspect_randomNfpUpTo8_withTorsion_flux_tubes/heliotron_randomAspect_finiteBeta_maxm1_maxn1_LMN8_002052.h5,20241115-01-random_heliotrons/20241115-01-022_heliotrons_finiteBeta_randomAspect_randomNfpUpTo8_noTorsion_flux_tubes/heliotron_randomAspect_finiteBeta_maxm1_maxn1_LMN8_001926.h5,0.5862585790792909,1.237399516060872,0.7158732487052667,0.5215262673556053,False,False,2.3207450993621284,2.1921022729505095,log_f_Q|log_FSA_grad_x|bad_curvature_compression|geodesic_curvature_compression|parallel_roughness_iqr_scaled|nfp|iota|shat|aspect|rho|aspect/rho|equilibrium_class_1|equilibrium_class_2|equilibrium_class_3|equilibrium_class_4,observed-comparison,0.3465491533279419,0.3465492056820598,0.15050440773567364,0.23991411502990923,1.0237037091414969,0.0
f_stab,f_stab:0067,100596,92921,20241122-01-QUASR/20241122-01-031_QUASR_finite_beta_equilibria_with_maxF_below_threshold_and_enough_iota_flux_tubes/QUASR_finiteBeta_003936.h5,20241122-01-QUASR/20241122-01-031_QUASR_finite_beta_equilibria_with_maxF_below_threshold_and_enough_iota_flux_tubes/QUASR_finiteBeta_002017.h5,0.5866914361755456,1.2805823752765975,0.7223272981257023,0.5582550771508952,False,False,2.3207450993621284,2.1921022729505095,log_f_Q|log_FSA_grad_x|bad_curvature_compression|geodesic_curvature_compression|parallel_roughness_iqr_scaled|nfp|iota|shat|aspect|rho|aspect/rho|equilibrium_class_1|equilibrium_class_2|equilibrium_class_3|equilibrium_class_4,observed-comparison,0.3403279781341553,0.3403278512127992,0.1478025078197096,1.190806381889688,-1.1474888676988828,0.0
f_stab,f_stab:0068,73472,88866,20241115-01-random_heliotrons/20241115-01-023_heliotrons_finiteBeta_randomAspect_randomNfpUpTo8_withTorsion_flux_tubes/heliotron_randomAspect_finiteBeta_maxm1_maxn1_LMN8_002402.h5,20241122-01-QUASR/20241122-01-031_QUASR_finite_beta_equilibria_with_maxF_below_threshold_and_enough_iota_flux_tubes/QUASR_finiteBeta_001000.h5,0.5916534614484107,1.2933617776723578,0.5672565836305098,0.726105194041848,False,False,2.3207450993621284,2.1921022729505095,log_f_Q|log_FSA_grad_x|bad_curvature_compression|geodesic_curvature_compression|parallel_roughness_iqr_scaled|nfp|iota|shat|aspect|rho|aspect/rho|equilibrium_class_1|equilibrium_class_2|equilibrium_class_3|equilibrium_class_4,observed-comparison,1.157055139541626,1.1570552023509855,0.5025026896384834,0.5059490764160612,2.8110464695512043,0.0
f_stab,f_stab:0069,69263,35442,20241115-01-random_heliotrons/20241115-01-023_heliotrons_finiteBeta_randomAspect_randomNfpUpTo8_withTorsion_flux_tubes/heliotron_randomAspect_finiteBeta_maxm1_maxn1_LMN8_001349.h5,20241103-01-random_equilibria_and_flux_tubes_random_aspect_ratio/20241103-01-064_generate_flux_tubes_nfp4/nfp4_randomAspect_finiteBeta_maxm4_maxn4_LMN8_002489.h5,0.595402769401546,1.2712908898043322,0.5151930418140024,0.7560978479903299,False,False,2.3207450993621284,2.1921022729505095,log_f_Q|log_FSA_grad_x|bad_curvature_compression|geodesic_curvature_compression|parallel_roughness_iqr_scaled|nfp|iota|shat|aspect|rho|aspect/rho|equilibrium_class_1|equilibrium_class_2|equilibrium_class_3|equilibrium_class_4,observed-comparison,2.357983725145459,2.3579838180132926,1.0240593605803345,1.6653018240136241,0.5768901174069532,0.0
f_stab,f_stab:0070,5817,16772,20241103-01-random_equilibria_and_flux_tubes_random_aspect_ratio/20241103-01-062_generate_flux_tubes_nfp2/nfp2_randomAspect_finiteBeta_maxm4_maxn4_LMN8_001464.h5,20241103-01-random_equilibria_and_flux_tubes_random_aspect_ratio/20241103-01-063_generate_flux_tubes_nfp3/nfp3_randomAspect_finiteBeta_maxm4_maxn4_LMN8_001015.h5,0.5954818711399243,1.3066108673070838,0.7739498982712938,0.53266096903579,False,False,2.3207450993621284,2.1921022729505095,log_f_Q|log_FSA_grad_x|bad_curvature_compression|geodesic_curvature_compression|parallel_roughness_iqr_scaled|nfp|iota|shat|aspect|rho|aspect/rho|equilibrium_class_1|equilibrium_class_2|equilibrium_class_3|equilibrium_class_4,observed-comparison,1.6355900764465332,1.635590234006948,0.7103278132840659,0.8370804732883853,0.22560549319736456,0.0
f_stab,f_stab:0071,79428,94259,20241122-01-QUASR/20241122-01-030_QUASR_vacuum_equilibria_with_maxF_below_threshold_and_enough_iota_flux_tubes/QUASR_vacuum_000138.h5,20241122-01-QUASR/20241122-01-031_QUASR_finite_beta_equilibria_with_maxF_below_threshold_and_enough_iota_flux_tubes/QUASR_finiteBeta_002352.h5,0.5959320707753539,1.2449133181228174,0.5665114950449867,0.6784018230778307,False,False,2.3207450993621284,2.1921022729505095,log_f_Q|log_FSA_grad_x|bad_curvature_compression|geodesic_curvature_compression|parallel_roughness_iqr_scaled|nfp|iota|shat|aspect|rho|aspect/rho|equilibrium_class_1|equilibrium_class_2|equilibrium_class_3|equilibrium_class_4,observed-comparison,0.25990891456604004,0.2599089664394627,0.11287702992183613,1.1762017466160883,-1.5717926877866282,0.0
f_stab,f_stab:0072,5052,7271,20241103-01-random_equilibria_and_flux_tubes_random_aspect_ratio/20241103-01-062_generate_flux_tubes_nfp2/nfp2_randomAspect_finiteBeta_maxm4_maxn4_LMN8_001272.h5,20241103-01-random_equilibria_and_flux_tubes_random_aspect_ratio/20241103-01-062_generate_flux_tubes_nfp2/nfp2_randomAspect_finiteBeta_maxm4_maxn4_LMN8_001828.h5,0.5987781619623934,1.5532058843905594,0.5372832766802297,1.0159226077103298,False,False,2.3207450993621284,2.1921022729505095,log_f_Q|log_FSA_grad_x|bad_curvature_compression|geodesic_curvature_compression|parallel_roughness_iqr_scaled|nfp|iota|shat|aspect|rho|aspect/rho|equilibrium_class_1|equilibrium_class_2|equilibrium_class_3|equilibrium_class_4,observed-comparison,0.5882744789123535,0.5882745472407107,0.2554843897107745,0.2796099468137231,0.11226433874836483,0.0
f_stab,f_stab:0073,95218,95181,20241122-01-QUASR/20241122-01-031_QUASR_finite_beta_equilibria_with_maxF_below_threshold_and_enough_iota_flux_tubes/QUASR_finiteBeta_002592.h5,20241122-01-QUASR/20241122-01-031_QUASR_finite_beta_equilibria_with_maxF_below_threshold_and_enough_iota_flux_tubes/QUASR_finiteBeta_002583.h5,0.6012407748700526,1.3126692580268646,0.7114098805646906,0.6012593774621741,False,False,2.3207450993621284,2.1921022729505095,log_f_Q|log_FSA_grad_x|bad_curvature_compression|geodesic_curvature_compression|parallel_roughness_iqr_scaled|nfp|iota|shat|aspect|rho|aspect/rho|equilibrium_class_1|equilibrium_class_2|equilibrium_class_3|equilibrium_class_4,observed-comparison,0.9795923233032227,0.979592265657216,0.4254315154900332,0.2853559513708692,0.13709797556680692,0.0
f_stab,f_stab:0074,77904,93018,20241122-01-QUASR/20241122-01-030_QUASR_vacuum_equilibria_with_maxF_below_threshold_and_enough_iota_flux_tubes/QUASR_vacuum_000062.h5,20241122-01-QUASR/20241122-01-031_QUASR_finite_beta_equilibria_with_maxF_below_threshold_and_enough_iota_flux_tubes/QUASR_finiteBeta_002042.h5,0.6078319774776556,1.5150311188641161,0.5770928266389166,0.9379382922251995,False,False,2.3207450993621284,2.1921022729505095,log_f_Q|log_FSA_grad_x|bad_curvature_compression|geodesic_curvature_compression|parallel_roughness_iqr_scaled|nfp|iota|shat|aspect|rho|aspect/rho|equilibrium_class_1|equilibrium_class_2|equilibrium_class_3|equilibrium_class_4,observed-comparison,2.1203302443027496,2.1203301682077607,0.9208476918656243,1.515879735565749,-0.2912334400187264,0.0
f_stab,f_stab:0075,37535,40003,20241103-01-random_equilibria_and_flux_tubes_random_aspect_ratio/20241103-01-064_generate_flux_tubes_nfp4/nfp4_randomAspect_finiteBeta_maxm4_maxn4_LMN8_003013.h5,20241103-01-random_equilibria_and_flux_tubes_random_aspect_ratio/20241103-01-065_generate_flux_tubes_nfp5/nfp5_randomAspect_finiteBeta_maxm4_maxn4_LMN8_000430.h5,0.6193997460030611,1.319668633222696,0.7456398259091301,0.5740288073135658,False,False,2.3207450993621284,2.1921022729505095,log_f_Q|log_FSA_grad_x|bad_curvature_compression|geodesic_curvature_compression|parallel_roughness_iqr_scaled|nfp|iota|shat|aspect|rho|aspect/rho|equilibrium_class_1|equilibrium_class_2|equilibrium_class_3|equilibrium_class_4,observed-comparison,1.3796812295913696,1.3796812549431783,0.599187955807176,0.38372588699772003,0.7231991475505408,0.0
f_stab,f_stab:0076,97812,100493,20241122-01-QUASR/20241122-01-031_QUASR_finite_beta_equilibria_with_maxF_below_threshold_and_enough_iota_flux_tubes/QUASR_finiteBeta_003240.h5,20241122-01-QUASR/20241122-01-031_QUASR_finite_beta_equilibria_with_maxF_below_threshold_and_enough_iota_flux_tubes/QUASR_finiteBeta_003911.h5,0.6268738337481106,1.3006907698253922,0.7104440064763464,0.5902467633490458,False,False,2.3207450993621284,2.1921022729505095,log_f_Q|log_FSA_grad_x|bad_curvature_compression|geodesic_curvature_compression|parallel_roughness_iqr_scaled|nfp|iota|shat|aspect|rho|aspect/rho|equilibrium_class_1|equilibrium_class_2|equilibrium_class_3|equilibrium_class_4,observed-comparison,0.5671863555908203,0.5671864395820685,0.24632594092084448,0.2644321946706536,0.04633889544600267,0.0
f_stab,f_stab:0077,70987,58983,20241115-01-random_heliotrons/20241115-01-023_heliotrons_finiteBeta_randomAspect_randomNfpUpTo8_withTorsion_flux_tubes/heliotron_randomAspect_finiteBeta_maxm1_maxn1_LMN8_001780.h5,20241115-01-random_heliotrons/20241115-01-022_heliotrons_finiteBeta_randomAspect_randomNfpUpTo8_noTorsion_flux_tubes/heliotron_randomAspect_finiteBeta_maxm1_maxn1_LMN8_001977.h5,0.6279332205498087,1.3526886387353514,0.8016415331755304,0.551047105559821,False,False,2.3207450993621284,2.1921022729505095,log_f_Q|log_FSA_grad_x|bad_curvature_compression|geodesic_curvature_compression|parallel_roughness_iqr_scaled|nfp|iota|shat|aspect|rho|aspect/rho|equilibrium_class_1|equilibrium_class_2|equilibrium_class_3|equilibrium_class_4,observed-comparison,0.5818519592285156,0.5818519593504252,0.25269509523048483,0.5713467076137398,0.5713836843550499,0.0
f_stab,f_stab:0078,39672,2023,20241103-01-random_equilibria_and_flux_tubes_random_aspect_ratio/20241103-01-065_generate_flux_tubes_nfp5/nfp5_randomAspect_finiteBeta_maxm4_maxn4_LMN8_000347.h5,20241103-01-random_equilibria_and_flux_tubes_random_aspect_ratio/20241103-01-062_generate_flux_tubes_nfp2/nfp2_randomAspect_finiteBeta_maxm4_maxn4_LMN8_000509.h5,0.647416640568552,1.2739668668225295,0.7445736462782572,0.5293932205442723,False,False,2.3207450993621284,2.1921022729505095,log_f_Q|log_FSA_grad_x|bad_curvature_compression|geodesic_curvature_compression|parallel_roughness_iqr_scaled|nfp|iota|shat|aspect|rho|aspect/rho|equilibrium_class_1|equilibrium_class_2|equilibrium_class_3|equilibrium_class_4,observed-comparison,-2.0203124284744263,-2.020312531116157,-0.8774105839837387,0.151953503423627,-1.5155396554636682,0.0
f_stab,f_stab:0079,71263,29416,20241115-01-random_heliotrons/20241115-01-023_heliotrons_finiteBeta_randomAspect_randomNfpUpTo8_withTorsion_flux_tubes/heliotron_randomAspect_finiteBeta_maxm1_maxn1_LMN8_001849.h5,20241103-01-random_equilibria_and_flux_tubes_random_aspect_ratio/20241103-01-064_generate_flux_tubes_nfp4/nfp4_randomAspect_finiteBeta_maxm4_maxn4_LMN8_000982.h5,0.6480091248979898,1.386494729526638,0.7089000131091128,0.6775947164175253,False,False,2.3207450993621284,2.1921022729505095,log_f_Q|log_FSA_grad_x|bad_curvature_compression|geodesic_curvature_compression|parallel_roughness_iqr_scaled|nfp|iota|shat|aspect|rho|aspect/rho|equilibrium_class_1|equilibrium_class_2|equilibrium_class_3|equilibrium_class_4,observed-comparison,1.4920052289962769,1.4920053391457273,0.6479696857611792,1.1446216163010372,-1.6091343195062398,0.0
f_stab,f_stab:0080,77086,4387,20241122-01-QUASR/20241122-01-030_QUASR_vacuum_equilibria_with_maxF_below_threshold_and_enough_iota_flux_tubes/QUASR_vacuum_000021.h5,20241103-01-random_equilibria_and_flux_tubes_random_aspect_ratio/20241103-01-062_generate_flux_tubes_nfp2/nfp2_randomAspect_finiteBeta_maxm4_maxn4_LMN8_001104.h5,0.6490079468277832,1.439743656096871,0.4923689539049973,0.9473747021918737,False,False,2.3207450993621284,2.1921022729505095,log_f_Q|log_FSA_grad_x|bad_curvature_compression|geodesic_curvature_compression|parallel_roughness_iqr_scaled|nfp|iota|shat|aspect|rho|aspect/rho|equilibrium_class_1|equilibrium_class_2|equilibrium_class_3|equilibrium_class_4,observed-comparison,2.2073112204670906,2.207311295526624,0.9586231154899306,1.017316360559286,0.2693146397235837,0.0
f_stab,f_stab:0081,83464,93659,20241122-01-QUASR/20241122-01-030_QUASR_vacuum_equilibria_with_maxF_below_threshold_and_enough_iota_flux_tubes/QUASR_vacuum_000341.h5,20241122-01-QUASR/20241122-01-031_QUASR_finite_beta_equilibria_with_maxF_below_threshold_and_enough_iota_flux_tubes/QUASR_finiteBeta_002202.h5,0.6628247955257526,1.3085252392348126,0.6620541924938927,0.6464710467409198,False,False,2.3207450993621284,2.1921022729505095,log_f_Q|log_FSA_grad_x|bad_curvature_compression|geodesic_curvature_compression|parallel_roughness_iqr_scaled|nfp|iota|shat|aspect|rho|aspect/rho|equilibrium_class_1|equilibrium_class_2|equilibrium_class_3|equilibrium_class_4,observed-comparison,0.49702954292297363,0.4970295420122637,0.21585718743882665,0.3252261599001692,0.9678075434264486,0.0
f_stab,f_stab:0082,64932,88047,20241115-01-random_heliotrons/20241115-01-023_heliotrons_finiteBeta_randomAspect_randomNfpUpTo8_withTorsion_flux_tubes/heliotron_randomAspect_finiteBeta_maxm1_maxn1_LMN8_000265.h5,20241122-01-QUASR/20241122-01-031_QUASR_finite_beta_equilibria_with_maxF_below_threshold_and_enough_iota_flux_tubes/QUASR_finiteBeta_000795.h5,0.6838937639689119,1.4268870538839125,0.6332222392089344,0.7936648146749781,False,False,2.3207450993621284,2.1921022729505095,log_f_Q|log_FSA_grad_x|bad_curvature_compression|geodesic_curvature_compression|parallel_roughness_iqr_scaled|nfp|iota|shat|aspect|rho|aspect/rho|equilibrium_class_1|equilibrium_class_2|equilibrium_class_3|equilibrium_class_4,observed-comparison,0.050064802169799805,0.0500648425932817,0.02174288487561693,0.7479353575858259,-0.3333038916876925,0.0
f_stab,f_stab:0083,83098,82992,20241122-01-QUASR/20241122-01-030_QUASR_vacuum_equilibria_with_maxF_below_threshold_and_enough_iota_flux_tubes/QUASR_vacuum_000322.h5,20241122-01-QUASR/20241122-01-030_QUASR_vacuum_equilibria_with_maxF_below_threshold_and_enough_iota_flux_tubes/QUASR_vacuum_000317.h5,0.6867496065925176,1.2549588732678034,0.7412116858948191,0.5137471873729843,False,False,2.3207450993621284,2.1921022729505095,log_f_Q|log_FSA_grad_x|bad_curvature_compression|geodesic_curvature_compression|parallel_roughness_iqr_scaled|nfp|iota|shat|aspect|rho|aspect/rho|equilibrium_class_1|equilibrium_class_2|equilibrium_class_3|equilibrium_class_4,observed-comparison,-0.0716848373413086,-0.07168482308707236,-0.03113232310292635,0.6018549990462275,0.05698188662020476,0.0
f_stab,f_stab:0084,98957,97611,20241122-01-QUASR/20241122-01-031_QUASR_finite_beta_equilibria_with_maxF_below_threshold_and_enough_iota_flux_tubes/QUASR_finiteBeta_003527.h5,20241122-01-QUASR/20241122-01-031_QUASR_finite_beta_equilibria_with_maxF_below_threshold_and_enough_iota_flux_tubes/QUASR_finiteBeta_003190.h5,0.6870653085289264,1.2878312835138546,0.5938054904257425,0.6940257930881121,False,False,2.3207450993621284,2.1921022729505095,log_f_Q|log_FSA_grad_x|bad_curvature_compression|geodesic_curvature_compression|parallel_roughness_iqr_scaled|nfp|iota|shat|aspect|rho|aspect/rho|equilibrium_class_1|equilibrium_class_2|equilibrium_class_3|equilibrium_class_4,observed-comparison,0.8369195461273193,0.8369196427586623,0.36346958264652796,0.41362628320115447,-0.1716245204173723,0.0
f_stab,f_stab:0085,10580,68200,20241103-01-random_equilibria_and_flux_tubes_random_aspect_ratio/20241103-01-062_generate_flux_tubes_nfp2/nfp2_randomAspect_finiteBeta_maxm4_maxn4_LMN8_002661.h5,20241115-01-random_heliotrons/20241115-01-023_heliotrons_finiteBeta_randomAspect_randomNfpUpTo8_withTorsion_flux_tubes/heliotron_randomAspect_finiteBeta_maxm1_maxn1_LMN8_001083.h5,0.6874458547572584,1.5927226490692703,0.6955805618340549,0.8971420872352154,False,False,2.3207450993621284,2.1921022729505095,log_f_Q|log_FSA_grad_x|bad_curvature_compression|geodesic_curvature_compression|parallel_roughness_iqr_scaled|nfp|iota|shat|aspect|rho|aspect/rho|equilibrium_class_1|equilibrium_class_2|equilibrium_class_3|equilibrium_class_4,observed-comparison,0.650331974029541,0.6503319995995005,0.28243559883117075,1.239987502082345,-1.0316126390708944,0.0
f_stab,f_stab:0086,93522,99614,20241122-01-QUASR/20241122-01-031_QUASR_finite_beta_equilibria_with_maxF_below_threshold_and_enough_iota_flux_tubes/QUASR_finiteBeta_002168.h5,20241122-01-QUASR/20241122-01-031_QUASR_finite_beta_equilibria_with_maxF_below_threshold_and_enough_iota_flux_tubes/QUASR_finiteBeta_003691.h5,0.6915878382031737,1.4075828754732551,0.7631254707294565,0.6444574047437986,False,False,2.3207450993621284,2.1921022729505095,log_f_Q|log_FSA_grad_x|bad_curvature_compression|geodesic_curvature_compression|parallel_roughness_iqr_scaled|nfp|iota|shat|aspect|rho|aspect/rho|equilibrium_class_1|equilibrium_class_2|equilibrium_class_3|equilibrium_class_4,observed-comparison,0.9646868705749512,0.9646869508101856,0.41895821950093726,0.38916120705241997,0.3224646117255332,0.0
f_stab,f_stab:0087,65090,59584,20241115-01-random_heliotrons/20241115-01-023_heliotrons_finiteBeta_randomAspect_randomNfpUpTo8_withTorsion_flux_tubes/heliotron_randomAspect_finiteBeta_maxm1_maxn1_LMN8_000305.h5,20241115-01-random_heliotrons/20241115-01-022_heliotrons_finiteBeta_randomAspect_randomNfpUpTo8_noTorsion_flux_tubes/heliotron_randomAspect_finiteBeta_maxm1_maxn1_LMN8_002128.h5,0.7007451883873079,1.3332248052331732,0.5935193395968673,0.7397054656363059,False,False,2.3207450993621284,2.1921022729505095,log_f_Q|log_FSA_grad_x|bad_curvature_compression|geodesic_curvature_compression|parallel_roughness_iqr_scaled|nfp|iota|shat|aspect|rho|aspect/rho|equilibrium_class_1|equilibrium_class_2|equilibrium_class_3|equilibrium_class_4,observed-comparison,1.2675645351409912,1.267564591444504,0.5504963075202981,1.1805159199616317,-2.0065150478663814,0.0
f_stab,f_stab:0088,97500,100032,20241122-01-QUASR/20241122-01-031_QUASR_finite_beta_equilibria_with_maxF_below_threshold_and_enough_iota_flux_tubes/QUASR_finiteBeta_003162.h5,20241122-01-QUASR/20241122-01-031_QUASR_finite_beta_equilibria_with_maxF_below_threshold_and_enough_iota_flux_tubes/QUASR_finiteBeta_003795.h5,0.7275349661686277,1.4229889463219694,0.7806274068991096,0.6423615394228598,False,False,2.3207450993621284,2.1921022729505095,log_f_Q|log_FSA_grad_x|bad_curvature_compression|geodesic_curvature_compression|parallel_roughness_iqr_scaled|nfp|iota|shat|aspect|rho|aspect/rho|equilibrium_class_1|equilibrium_class_2|equilibrium_class_3|equilibrium_class_4,observed-comparison,1.1663882732391357,1.1663882843872715,0.5065559956659929,0.5279692707667414,-0.158155342560663,0.0
f_stab,f_stab:0089,77258,89653,20241122-01-QUASR/20241122-01-030_QUASR_vacuum_equilibria_with_maxF_below_threshold_and_enough_iota_flux_tubes/QUASR_vacuum_000029.h5,20241122-01-QUASR/20241122-01-031_QUASR_finite_beta_equilibria_with_maxF_below_threshold_and_enough_iota_flux_tubes/QUASR_finiteBeta_001200.h5,0.7292100758039464,1.2740023823423803,0.46005542521650283,0.8139469571258775,False,False,2.3207450993621284,2.1921022729505095,log_f_Q|log_FSA_grad_x|bad_curvature_compression|geodesic_curvature_compression|parallel_roughness_iqr_scaled|nfp|iota|shat|aspect|rho|aspect/rho|equilibrium_class_1|equilibrium_class_2|equilibrium_class_3|equilibrium_class_4,observed-comparison,-0.07002389430999756,-0.07002388107012525,-0.030410985150204906,-0.1665025426972,2.3277900201133024,0.0
f_stab,f_stab:0090,60599,88956,20241115-01-random_heliotrons/20241115-01-022_heliotrons_finiteBeta_randomAspect_randomNfpUpTo8_noTorsion_flux_tubes/heliotron_randomAspect_finiteBeta_maxm1_maxn1_LMN8_002381.h5,20241122-01-QUASR/20241122-01-031_QUASR_finite_beta_equilibria_with_maxF_below_threshold_and_enough_iota_flux_tubes/QUASR_finiteBeta_001022.h5,0.7304288604998899,1.5033911264808966,0.44742672796043115,1.0559643985204654,False,False,2.3207450993621284,2.1921022729505095,log_f_Q|log_FSA_grad_x|bad_curvature_compression|geodesic_curvature_compression|parallel_roughness_iqr_scaled|nfp|iota|shat|aspect|rho|aspect/rho|equilibrium_class_1|equilibrium_class_2|equilibrium_class_3|equilibrium_class_4,observed-comparison,1.1808369159698486,1.1808370522021001,0.5128310157982741,1.2076572894924162,0.45815894175752714,0.0
f_stab,f_stab:0091,82403,10041,20241122-01-QUASR/20241122-01-030_QUASR_vacuum_equilibria_with_maxF_below_threshold_and_enough_iota_flux_tubes/QUASR_vacuum_000287.h5,20241103-01-random_equilibria_and_flux_tubes_random_aspect_ratio/20241103-01-062_generate_flux_tubes_nfp2/nfp2_randomAspect_finiteBeta_maxm4_maxn4_LMN8_002525.h5,0.7366869372389635,1.2319372017584886,0.6977167327475278,0.5342204690109609,False,False,2.3207450993621284,2.1921022729505095,log_f_Q|log_FSA_grad_x|bad_curvature_compression|geodesic_curvature_compression|parallel_roughness_iqr_scaled|nfp|iota|shat|aspect|rho|aspect/rho|equilibrium_class_1|equilibrium_class_2|equilibrium_class_3|equilibrium_class_4,observed-comparison,1.3617722988128662,1.3617724106023301,0.5914102435326813,0.5436013930858477,-0.445590988296344,0.0
f_stab,f_stab:0092,60070,52552,20241115-01-random_heliotrons/20241115-01-022_heliotrons_finiteBeta_randomAspect_randomNfpUpTo8_noTorsion_flux_tubes/heliotron_randomAspect_finiteBeta_maxm1_maxn1_LMN8_002249.h5,20241115-01-random_heliotrons/20241115-01-022_heliotrons_finiteBeta_randomAspect_randomNfpUpTo8_noTorsion_flux_tubes/heliotron_randomAspect_finiteBeta_maxm1_maxn1_LMN8_000369.h5,0.7552480857972237,1.677288637233118,0.6240982281284012,1.0531904091047166,False,False,2.3207450993621284,2.1921022729505095,log_f_Q|log_FSA_grad_x|bad_curvature_compression|geodesic_curvature_compression|parallel_roughness_iqr_scaled|nfp|iota|shat|aspect|rho|aspect/rho|equilibrium_class_1|equilibrium_class_2|equilibrium_class_3|equilibrium_class_4,observed-comparison,1.5538690090179443,1.553869023212468,0.6748367423815708,0.5090790703294231,-0.4512288638283217,0.0
f_stab,f_stab:0093,80478,23416,20241122-01-QUASR/20241122-01-030_QUASR_vacuum_equilibria_with_maxF_below_threshold_and_enough_iota_flux_tubes/QUASR_vacuum_000191.h5,20241103-01-random_equilibria_and_flux_tubes_random_aspect_ratio/20241103-01-063_generate_flux_tubes_nfp3/nfp3_randomAspect_finiteBeta_maxm4_maxn4_LMN8_002680.h5,0.7580618416673965,1.4732982746862382,0.4871271813546933,0.9861710933315448,False,False,2.3207450993621284,2.1921022729505095,log_f_Q|log_FSA_grad_x|bad_curvature_compression|geodesic_curvature_compression|parallel_roughness_iqr_scaled|nfp|iota|shat|aspect|rho|aspect/rho|equilibrium_class_1|equilibrium_class_2|equilibrium_class_3|equilibrium_class_4,observed-comparison,2.125465512275696,2.1254655058295304,0.923077940657469,1.0093616987846699,-0.032355990896215436,0.0
f_stab,f_stab:0094,99242,81809,20241122-01-QUASR/20241122-01-031_QUASR_finite_beta_equilibria_with_maxF_below_threshold_and_enough_iota_flux_tubes/QUASR_finiteBeta_003598.h5,20241122-01-QUASR/20241122-01-030_QUASR_vacuum_equilibria_with_maxF_below_threshold_and_enough_iota_flux_tubes/QUASR_vacuum_000258.h5,0.7644453186450838,1.2614309928782916,0.731169026308704,0.5302619665695877,False,False,2.3207450993621284,2.1921022729505095,log_f_Q|log_FSA_grad_x|bad_curvature_compression|geodesic_curvature_compression|parallel_roughness_iqr_scaled|nfp|iota|shat|aspect|rho|aspect/rho|equilibrium_class_1|equilibrium_class_2|equilibrium_class_3|equilibrium_class_4,observed-comparison,0.9944515228271484,0.9944514350696243,0.4318847707715078,1.288861945470009,0.7356814570898893,0.0
f_stab,f_stab:0095,76692,51313,20241122-01-QUASR/20241122-01-030_QUASR_vacuum_equilibria_with_maxF_below_threshold_and_enough_iota_flux_tubes/QUASR_vacuum_000001.h5,20241115-01-random_heliotrons/20241115-01-022_heliotrons_finiteBeta_randomAspect_randomNfpUpTo8_noTorsion_flux_tubes/heliotron_randomAspect_finiteBeta_maxm1_maxn1_LMN8_000059.h5,0.7656672379113713,1.2705280364587093,0.7366823829915369,0.5338456534671724,False,False,2.3207450993621284,2.1921022729505095,log_f_Q|log_FSA_grad_x|bad_curvature_compression|geodesic_curvature_compression|parallel_roughness_iqr_scaled|nfp|iota|shat|aspect|rho|aspect/rho|equilibrium_class_1|equilibrium_class_2|equilibrium_class_3|equilibrium_class_4,observed-comparison,0.4591095447540283,0.4591095347378813,0.1993887375258312,0.1816530195896353,0.43653487582482375,0.0
f_stab,f_stab:0096,13121,31450,20241103-01-random_equilibria_and_flux_tubes_random_aspect_ratio/20241103-01-063_generate_flux_tubes_nfp3/nfp3_randomAspect_finiteBeta_maxm4_maxn4_LMN8_000099.h5,20241103-01-random_equilibria_and_flux_tubes_random_aspect_ratio/20241103-01-064_generate_flux_tubes_nfp4/nfp4_randomAspect_finiteBeta_maxm4_maxn4_LMN8_001491.h5,0.7670042636627387,1.373980422597772,0.6355418195483654,0.7384386030494067,False,False,2.3207450993621284,2.1921022729505095,log_f_Q|log_FSA_grad_x|bad_curvature_compression|geodesic_curvature_compression|parallel_roughness_iqr_scaled|nfp|iota|shat|aspect|rho|aspect/rho|equilibrium_class_1|equilibrium_class_2|equilibrium_class_3|equilibrium_class_4,observed-comparison,2.7700915038585663,2.770091527549467,1.2030354647816832,1.2286079123536946,0.7583966005964233,0.0
f_stab,f_stab:0097,81385,79680,20241122-01-QUASR/20241122-01-030_QUASR_vacuum_equilibria_with_maxF_below_threshold_and_enough_iota_flux_tubes/QUASR_vacuum_000236.h5,20241122-01-QUASR/20241122-01-030_QUASR_vacuum_equilibria_with_maxF_below_threshold_and_enough_iota_flux_tubes/QUASR_vacuum_000151.h5,0.7919908081934569,1.3458409412079952,0.7352192074555971,0.6106217337523981,False,False,2.3207450993621284,2.1921022729505095,log_f_Q|log_FSA_grad_x|bad_curvature_compression|geodesic_curvature_compression|parallel_roughness_iqr_scaled|nfp|iota|shat|aspect|rho|aspect/rho|equilibrium_class_1|equilibrium_class_2|equilibrium_class_3|equilibrium_class_4,observed-comparison,0.2625685930252075,0.26256856282213636,0.1140320779549211,0.39680766674119095,0.9023963827633217,0.0
f_stab,f_stab:0098,2545,56446,20241103-01-random_equilibria_and_flux_tubes_random_aspect_ratio/20241103-01-062_generate_flux_tubes_nfp2/nfp2_randomAspect_finiteBeta_maxm4_maxn4_LMN8_000641.h5,20241115-01-random_heliotrons/20241115-01-022_heliotrons_finiteBeta_randomAspect_randomNfpUpTo8_noTorsion_flux_tubes/heliotron_randomAspect_finiteBeta_maxm1_maxn1_LMN8_001343.h5,0.8025938946824951,1.3316025666604479,0.553004533362932,0.7785980332975159,False,False,2.3207450993621284,2.1921022729505095,log_f_Q|log_FSA_grad_x|bad_curvature_compression|geodesic_curvature_compression|parallel_roughness_iqr_scaled|nfp|iota|shat|aspect|rho|aspect/rho|equilibrium_class_1|equilibrium_class_2|equilibrium_class_3|equilibrium_class_4,observed-comparison,1.1624414920806885,1.1624416203221712,0.5048419812405938,0.7185778321312936,1.7651996952527007,0.0
f_stab,f_stab:0099,12569,22455,20241103-01-random_equilibria_and_flux_tubes_random_aspect_ratio/20241103-01-062_generate_flux_tubes_nfp2/nfp2_randomAspect_finiteBeta_maxm4_maxn4_LMN8_003161.h5,20241103-01-random_equilibria_and_flux_tubes_random_aspect_ratio/20241103-01-063_generate_flux_tubes_nfp3/nfp3_randomAspect_finiteBeta_maxm4_maxn4_LMN8_002440.h5,0.8156676579816399,1.3101320612539193,0.7300664805843282,0.5800655806695911,False,False,2.3207450993621284,2.1921022729505095,log_f_Q|log_FSA_grad_x|bad_curvature_compression|geodesic_curvature_compression|parallel_roughness_iqr_scaled|nfp|iota|shat|aspect|rho|aspect/rho|equilibrium_class_1|equilibrium_class_2|equilibrium_class_3|equilibrium_class_4,observed-comparison,2.097880482673645,2.0978805183747053,0.911097932822468,0.6504751695687674,-0.6735226872169375,0.0
f_stab,f_stab:0100,67908,58841,20241115-01-random_heliotrons/20241115-01-023_heliotrons_finiteBeta_randomAspect_randomNfpUpTo8_withTorsion_flux_tubes/heliotron_randomAspect_finiteBeta_maxm1_maxn1_LMN8_001010.h5,20241115-01-random_heliotrons/20241115-01-022_heliotrons_finiteBeta_randomAspect_randomNfpUpTo8_noTorsion_flux_tubes/heliotron_randomAspect_finiteBeta_maxm1_maxn1_LMN8_001942.h5,0.8187584137383798,1.4171161408778434,0.6063414696676057,0.8107746712102377,False,False,2.3207450993621284,2.1921022729505095,log_f_Q|log_FSA_grad_x|bad_curvature_compression|geodesic_curvature_compression|parallel_roughness_iqr_scaled|nfp|iota|shat|aspect|rho|aspect/rho|equilibrium_class_1|equilibrium_class_2|equilibrium_class_3|equilibrium_class_4,observed-comparison,1.0198884010314941,1.0198884198034661,0.44293191287767253,0.7762528812932638,0.2499766353123296,0.0
f_stab,f_stab:0101,52451,12907,20241115-01-random_heliotrons/20241115-01-022_heliotrons_finiteBeta_randomAspect_randomNfpUpTo8_noTorsion_flux_tubes/heliotron_randomAspect_finiteBeta_maxm1_maxn1_LMN8_000344.h5,20241103-01-random_equilibria_and_flux_tubes_random_aspect_ratio/20241103-01-063_generate_flux_tubes_nfp3/nfp3_randomAspect_finiteBeta_maxm4_maxn4_LMN8_000045.h5,0.8283816810436757,1.3858962090075477,0.5748572855339816,0.8110389234735661,False,False,2.3207450993621284,2.1921022729505095,log_f_Q|log_FSA_grad_x|bad_curvature_compression|geodesic_curvature_compression|parallel_roughness_iqr_scaled|nfp|iota|shat|aspect|rho|aspect/rho|equilibrium_class_1|equilibrium_class_2|equilibrium_class_3|equilibrium_class_4,observed-comparison,1.9261006712913513,1.926100764571906,0.8364949336432129,0.6650770233318365,1.452994722663665,0.0
f_stab,f_stab:0102,78468,13384,20241122-01-QUASR/20241122-01-030_QUASR_vacuum_equilibria_with_maxF_below_threshold_and_enough_iota_flux_tubes/QUASR_vacuum_000090.h5,20241103-01-random_equilibria_and_flux_tubes_random_aspect_ratio/20241103-01-063_generate_flux_tubes_nfp3/nfp3_randomAspect_finiteBeta_maxm4_maxn4_LMN8_000165.h5,0.8462189582517813,1.2905246404672859,0.5179189062496515,0.7726057342176343,False,False,2.3207450993621284,2.1921022729505095,log_f_Q|log_FSA_grad_x|bad_curvature_compression|geodesic_curvature_compression|parallel_roughness_iqr_scaled|nfp|iota|shat|aspect|rho|aspect/rho|equilibrium_class_1|equilibrium_class_2|equilibrium_class_3|equilibrium_class_4,observed-comparison,2.7897122278809547,2.789712145359662,1.2115565908281836,1.0855036287939583,5.731557691341655,0.0
f_stab,f_stab:0103,92230,98434,20241122-01-QUASR/20241122-01-031_QUASR_finite_beta_equilibria_with_maxF_below_threshold_and_enough_iota_flux_tubes/QUASR_finiteBeta_001845.h5,20241122-01-QUASR/20241122-01-031_QUASR_finite_beta_equilibria_with_maxF_below_threshold_and_enough_iota_flux_tubes/QUASR_finiteBeta_003396.h5,0.8465320922008582,1.5088331146585465,0.7815255631586,0.7273075514999465,False,False,2.3207450993621284,2.1921022729505095,log_f_Q|log_FSA_grad_x|bad_curvature_compression|geodesic_curvature_compression|parallel_roughness_iqr_scaled|nfp|iota|shat|aspect|rho|aspect/rho|equilibrium_class_1|equilibrium_class_2|equilibrium_class_3|equilibrium_class_4,observed-comparison,0.6028342247009277,0.6028342658100505,0.26180759514350316,0.22199292681753657,0.347984267424847,0.0
f_stab,f_stab:0104,67945,76092,20241115-01-random_heliotrons/20241115-01-023_heliotrons_finiteBeta_randomAspect_randomNfpUpTo8_withTorsion_flux_tubes/heliotron_randomAspect_finiteBeta_maxm1_maxn1_LMN8_001019.h5,20241115-01-random_heliotrons/20241115-01-023_heliotrons_finiteBeta_randomAspect_randomNfpUpTo8_withTorsion_flux_tubes/heliotron_randomAspect_finiteBeta_maxm1_maxn1_LMN8_003057.h5,0.8479491693770893,1.2697406914931053,0.6745722305174239,0.5951684609756814,False,False,2.3207450993621284,2.1921022729505095,log_f_Q|log_FSA_grad_x|bad_curvature_compression|geodesic_curvature_compression|parallel_roughness_iqr_scaled|nfp|iota|shat|aspect|rho|aspect/rho|equilibrium_class_1|equilibrium_class_2|equilibrium_class_3|equilibrium_class_4,observed-comparison,1.0156928300857544,1.015692830886045,0.4411097917625021,0.9505010196215238,-1.2019499121593038,0.0
f_stab,f_stab:0105,81328,26655,20241122-01-QUASR/20241122-01-030_QUASR_vacuum_equilibria_with_maxF_below_threshold_and_enough_iota_flux_tubes/QUASR_vacuum_000233.h5,20241103-01-random_equilibria_and_flux_tubes_random_aspect_ratio/20241103-01-064_generate_flux_tubes_nfp4/nfp4_randomAspect_finiteBeta_maxm4_maxn4_LMN8_000291.h5,0.8509125008731256,1.4371132431591358,0.7068760675667453,0.7302371755923905,False,False,2.3207450993621284,2.1921022729505095,log_f_Q|log_FSA_grad_x|bad_curvature_compression|geodesic_curvature_compression|parallel_roughness_iqr_scaled|nfp|iota|shat|aspect|rho|aspect/rho|equilibrium_class_1|equilibrium_class_2|equilibrium_class_3|equilibrium_class_4,observed-comparison,0.5742192268371582,0.5742193114321439,0.24938027835726495,0.073086881393845,-1.2810059448340267,0.0
f_stab,f_stab:0106,95686,100092,20241122-01-QUASR/20241122-01-031_QUASR_finite_beta_equilibria_with_maxF_below_threshold_and_enough_iota_flux_tubes/QUASR_finiteBeta_002709.h5,20241122-01-QUASR/20241122-01-031_QUASR_finite_beta_equilibria_with_maxF_below_threshold_and_enough_iota_flux_tubes/QUASR_finiteBeta_003810.h5,0.88799238720824,1.316978868886722,0.6883701796316366,0.6286086892550855,False,False,2.3207450993621284,2.1921022729505095,log_f_Q|log_FSA_grad_x|bad_curvature_compression|geodesic_curvature_compression|parallel_roughness_iqr_scaled|nfp|iota|shat|aspect|rho|aspect/rho|equilibrium_class_1|equilibrium_class_2|equilibrium_class_3|equilibrium_class_4,observed-comparison,0.9496719837188721,0.9496720484688086,0.4124373302677611,0.25769733325571054,0.14643667713044062,0.0
f_stab,f_stab:0107,58944,88606,20241115-01-random_heliotrons/20241115-01-022_heliotrons_finiteBeta_randomAspect_randomNfpUpTo8_noTorsion_flux_tubes/heliotron_randomAspect_finiteBeta_maxm1_maxn1_LMN8_001968.h5,20241122-01-QUASR/20241122-01-031_QUASR_finite_beta_equilibria_with_maxF_below_threshold_and_enough_iota_flux_tubes/QUASR_finiteBeta_000935.h5,0.8923793614801503,1.540667904153065,0.45680226852574873,1.0838656356273164,False,False,2.3207450993621284,2.1921022729505095,log_f_Q|log_FSA_grad_x|bad_curvature_compression|geodesic_curvature_compression|parallel_roughness_iqr_scaled|nfp|iota|shat|aspect|rho|aspect/rho|equilibrium_class_1|equilibrium_class_2|equilibrium_class_3|equilibrium_class_4,observed-comparison,1.1999195218086243,1.1999195573687667,0.5211184424930477,1.1918113304111002,0.4250283622468256,0.0
f_stab,f_stab:0108,6232,89256,20241103-01-random_equilibria_and_flux_tubes_random_aspect_ratio/20241103-01-062_generate_flux_tubes_nfp2/nfp2_randomAspect_finiteBeta_maxm4_maxn4_LMN8_001568.h5,20241122-01-QUASR/20241122-01-031_QUASR_finite_beta_equilibria_with_maxF_below_threshold_and_enough_iota_flux_tubes/QUASR_finiteBeta_001097.h5,0.8995388776548412,1.8496409005072583,0.672404149467177,1.1772367510400814,False,False,2.3207450993621284,2.1921022729505095,log_f_Q|log_FSA_grad_x|bad_curvature_compression|geodesic_curvature_compression|parallel_roughness_iqr_scaled|nfp|iota|shat|aspect|rho|aspect/rho|equilibrium_class_1|equilibrium_class_2|equilibrium_class_3|equilibrium_class_4,observed-comparison,2.9635645765811205,2.9635646377226332,1.287059768926549,1.490639131972024,0.7744924895382235,0.0
f_stab,f_stab:0109,93362,89374,20241122-01-QUASR/20241122-01-031_QUASR_finite_beta_equilibria_with_maxF_below_threshold_and_enough_iota_flux_tubes/QUASR_finiteBeta_002128.h5,20241122-01-QUASR/20241122-01-031_QUASR_finite_beta_equilibria_with_maxF_below_threshold_and_enough_iota_flux_tubes/QUASR_finiteBeta_001127.h5,0.9068594366864886,1.463852884707557,0.5452221178766354,0.9186307668309215,False,False,2.3207450993621284,2.1921022729505095,log_f_Q|log_FSA_grad_x|bad_curvature_compression|geodesic_curvature_compression|parallel_roughness_iqr_scaled|nfp|iota|shat|aspect|rho|aspect/rho|equilibrium_class_1|equilibrium_class_2|equilibrium_class_3|equilibrium_class_4,observed-comparison,2.6905370380263776,2.690537108050406,1.1684854193822245,1.112113420774389,0.19085585163655305,0.0
f_stab,f_stab:0110,61258,55795,20241115-01-random_heliotrons/20241115-01-022_heliotrons_finiteBeta_randomAspect_randomNfpUpTo8_noTorsion_flux_tubes/heliotron_randomAspect_finiteBeta_maxm1_maxn1_LMN8_002546.h5,20241115-01-random_heliotrons/20241115-01-022_heliotrons_finiteBeta_randomAspect_randomNfpUpTo8_noTorsion_flux_tubes/heliotron_randomAspect_finiteBeta_maxm1_maxn1_LMN8_001180.h5,0.9122014413124793,1.6788583136999238,0.6774425810220683,1.0014157326778554,False,False,2.3207450993621284,2.1921022729505095,log_f_Q|log_FSA_grad_x|bad_curvature_compression|geodesic_curvature_compression|parallel_roughness_iqr_scaled|nfp|iota|shat|aspect|rho|aspect/rho|equilibrium_class_1|equilibrium_class_2|equilibrium_class_3|equilibrium_class_4,observed-comparison,1.8215203285217285,1.8215204350322554,0.7910762736085191,0.3989429976950276,-0.1641953941304295,0.0
f_stab,f_stab:0111,64321,67265,20241115-01-random_heliotrons/20241115-01-023_heliotrons_finiteBeta_randomAspect_randomNfpUpTo8_withTorsion_flux_tubes/heliotron_randomAspect_finiteBeta_maxm1_maxn1_LMN8_000112.h5,20241115-01-random_heliotrons/20241115-01-023_heliotrons_finiteBeta_randomAspect_randomNfpUpTo8_withTorsion_flux_tubes/heliotron_randomAspect_finiteBeta_maxm1_maxn1_LMN8_000848.h5,0.9225980204305019,1.2510980599211354,0.5723709344568908,0.6787271254642446,False,False,2.3207450993621284,2.1921022729505095,log_f_Q|log_FSA_grad_x|bad_curvature_compression|geodesic_curvature_compression|parallel_roughness_iqr_scaled|nfp|iota|shat|aspect|rho|aspect/rho|equilibrium_class_1|equilibrium_class_2|equilibrium_class_3|equilibrium_class_4,observed-comparison,1.6234334707260132,1.6234335011512193,0.705048211286851,1.5308235922132079,0.07593153018088539,0.0
f_stab,f_stab:0112,58994,60589,20241115-01-random_heliotrons/20241115-01-022_heliotrons_finiteBeta_randomAspect_randomNfpUpTo8_noTorsion_flux_tubes/heliotron_randomAspect_finiteBeta_maxm1_maxn1_LMN8_001980.h5,20241115-01-random_heliotrons/20241115-01-022_heliotrons_finiteBeta_randomAspect_randomNfpUpTo8_noTorsion_flux_tubes/heliotron_randomAspect_finiteBeta_maxm1_maxn1_LMN8_002379.h5,0.9236235466766773,1.2807893492804405,0.8049489590920867,0.4758403901883538,False,False,2.3207450993621284,2.1921022729505095,log_f_Q|log_FSA_grad_x|bad_curvature_compression|geodesic_curvature_compression|parallel_roughness_iqr_scaled|nfp|iota|shat|aspect|rho|aspect/rho|equilibrium_class_1|equilibrium_class_2|equilibrium_class_3|equilibrium_class_4,observed-comparison,0.3405272960662842,0.34052726220530705,0.14788911091338663,0.261746668026116,-0.4568613175072618,0.0
f_stab,f_stab:0113,65878,716,20241115-01-random_heliotrons/20241115-01-023_heliotrons_finiteBeta_randomAspect_randomNfpUpTo8_withTorsion_flux_tubes/heliotron_randomAspect_finiteBeta_maxm1_maxn1_LMN8_000502.h5,20241103-01-random_equilibria_and_flux_tubes_random_aspect_ratio/20241103-01-062_generate_flux_tubes_nfp2/nfp2_randomAspect_finiteBeta_maxm4_maxn4_LMN8_000180.h5,0.941008091251737,1.501548955726913,0.564590163875459,0.936958791851454,False,False,2.3207450993621284,2.1921022729505095,log_f_Q|log_FSA_grad_x|bad_curvature_compression|geodesic_curvature_compression|parallel_roughness_iqr_scaled|nfp|iota|shat|aspect|rho|aspect/rho|equilibrium_class_1|equilibrium_class_2|equilibrium_class_3|equilibrium_class_4,observed-comparison,0.08928942680358887,0.08928945248358544,0.03877791650578377,0.4380713627462107,-1.8327667613201226,0.0
f_stab,f_stab:0114,60442,59743,20241115-01-random_heliotrons/20241115-01-022_heliotrons_finiteBeta_randomAspect_randomNfpUpTo8_noTorsion_flux_tubes/heliotron_randomAspect_finiteBeta_maxm1_maxn1_LMN8_002342.h5,20241115-01-random_heliotrons/20241115-01-022_heliotrons_finiteBeta_randomAspect_randomNfpUpTo8_noTorsion_flux_tubes/heliotron_randomAspect_finiteBeta_maxm1_maxn1_LMN8_002167.h5,0.9430317566790384,1.232827448595298,0.6237389636644722,0.6090884849308257,False,False,2.3207450993621284,2.1921022729505095,log_f_Q|log_FSA_grad_x|bad_curvature_compression|geodesic_curvature_compression|parallel_roughness_iqr_scaled|nfp|iota|shat|aspect|rho|aspect/rho|equilibrium_class_1|equilibrium_class_2|equilibrium_class_3|equilibrium_class_4,observed-comparison,0.6456631422042847,0.6456631353626496,0.280407936856351,-0.7047252003298543,1.3227063681713565,0.0
f_stab,f_stab:0115,80563,31026,20241122-01-QUASR/20241122-01-030_QUASR_vacuum_equilibria_with_maxF_below_threshold_and_enough_iota_flux_tubes/QUASR_vacuum_000195.h5,20241103-01-random_equilibria_and_flux_tubes_random_aspect_ratio/20241103-01-064_generate_flux_tubes_nfp4/nfp4_randomAspect_finiteBeta_maxm4_maxn4_LMN8_001385.h5,0.9450133041196702,1.339970581190647,0.6859549703215473,0.6540156108690998,False,False,2.3207450993621284,2.1921022729505095,log_f_Q|log_FSA_grad_x|bad_curvature_compression|geodesic_curvature_compression|parallel_roughness_iqr_scaled|nfp|iota|shat|aspect|rho|aspect/rho|equilibrium_class_1|equilibrium_class_2|equilibrium_class_3|equilibrium_class_4,observed-comparison,1.651974618434906,1.651974573182372,0.7174434413775839,0.614036347303708,0.09948119081027729,0.0
f_stab,f_stab:0116,30783,35209,20241103-01-random_equilibria_and_flux_tubes_random_aspect_ratio/20241103-01-064_generate_flux_tubes_nfp4/nfp4_randomAspect_finiteBeta_maxm4_maxn4_LMN8_001325.h5,20241103-01-random_equilibria_and_flux_tubes_random_aspect_ratio/20241103-01-064_generate_flux_tubes_nfp4/nfp4_randomAspect_finiteBeta_maxm4_maxn4_LMN8_002431.h5,0.9466434275163131,1.2399944315031346,0.5498356585104057,0.6901587729927289,False,False,2.3207450993621284,2.1921022729505095,log_f_Q|log_FSA_grad_x|bad_curvature_compression|geodesic_curvature_compression|parallel_roughness_iqr_scaled|nfp|iota|shat|aspect|rho|aspect/rho|equilibrium_class_1|equilibrium_class_2|equilibrium_class_3|equilibrium_class_4,observed-comparison,2.398050218820572,2.398050200340568,1.0414599693348965,1.1948537999357327,2.351010404380226,0.0
f_stab,f_stab:0117,80422,10769,20241122-01-QUASR/20241122-01-030_QUASR_vacuum_equilibria_with_maxF_below_threshold_and_enough_iota_flux_tubes/QUASR_vacuum_000188.h5,20241103-01-random_equilibria_and_flux_tubes_random_aspect_ratio/20241103-01-062_generate_flux_tubes_nfp2/nfp2_randomAspect_finiteBeta_maxm4_maxn4_LMN8_002709.h5,0.9545011327065626,1.2976842176477463,0.4765534540968419,0.8211307635509044,False,False,2.3207450993621284,2.1921022729505095,log_f_Q|log_FSA_grad_x|bad_curvature_compression|geodesic_curvature_compression|parallel_roughness_iqr_scaled|nfp|iota|shat|aspect|rho|aspect/rho|equilibrium_class_1|equilibrium_class_2|equilibrium_class_3|equilibrium_class_4,observed-comparison,1.9932519793510437,1.9932520661787025,0.8656583733836659,1.6389742629101764,1.836203725635692,0.0
f_stab,f_stab:0118,78330,52690,20241122-01-QUASR/20241122-01-030_QUASR_vacuum_equilibria_with_maxF_below_threshold_and_enough_iota_flux_tubes/QUASR_vacuum_000084.h5,20241115-01-random_heliotrons/20241115-01-022_heliotrons_finiteBeta_randomAspect_randomNfpUpTo8_noTorsion_flux_tubes/heliotron_randomAspect_finiteBeta_maxm1_maxn1_LMN8_000403.h5,0.9692237520855448,1.4033521124675572,0.6688689269350886,0.7344831855324686,False,False,2.3207450993621284,2.1921022729505095,log_f_Q|log_FSA_grad_x|bad_curvature_compression|geodesic_curvature_compression|parallel_roughness_iqr_scaled|nfp|iota|shat|aspect|rho|aspect/rho|equilibrium_class_1|equilibrium_class_2|equilibrium_class_3|equilibrium_class_4,observed-comparison,0.7464854717254639,0.7464854590998846,0.32419451570809554,0.151769444436179,1.7226704660469874,0.0
f_stab,f_stab:0119,78618,91464,20241122-01-QUASR/20241122-01-030_QUASR_vacuum_equilibria_with_maxF_below_threshold_and_enough_iota_flux_tubes/QUASR_vacuum_000098.h5,20241122-01-QUASR/20241122-01-031_QUASR_finite_beta_equilibria_with_maxF_below_threshold_and_enough_iota_flux_tubes/QUASR_finiteBeta_001653.h5,0.976860718858009,1.523196557544079,0.5174836707440389,1.00571288680004,False,False,2.3207450993621284,2.1921022729505095,log_f_Q|log_FSA_grad_x|bad_curvature_compression|geodesic_curvature_compression|parallel_roughness_iqr_scaled|nfp|iota|shat|aspect|rho|aspect/rho|equilibrium_class_1|equilibrium_class_2|equilibrium_class_3|equilibrium_class_4,observed-comparison,1.4241682887077332,1.4241682550589108,0.6185084144738677,1.0330443107703047,1.0615096201539567,0.0
f_stab,f_stab:0120,57550,27397,20241115-01-random_heliotrons/20241115-01-022_heliotrons_finiteBeta_randomAspect_randomNfpUpTo8_noTorsion_flux_tubes/heliotron_randomAspect_finiteBeta_maxm1_maxn1_LMN8_001619.h5,20241103-01-random_equilibria_and_flux_tubes_random_aspect_ratio/20241103-01-064_generate_flux_tubes_nfp4/nfp4_randomAspect_finiteBeta_maxm4_maxn4_LMN8_000477.h5,0.9961957653876895,1.6498918936218256,0.5573125261826051,1.0925793674392206,False,False,2.3207450993621284,2.1921022729505095,log_f_Q|log_FSA_grad_x|bad_curvature_compression|geodesic_curvature_compression|parallel_roughness_iqr_scaled|nfp|iota|shat|aspect|rho|aspect/rho|equilibrium_class_1|equilibrium_class_2|equilibrium_class_3|equilibrium_class_4,observed-comparison,2.4558965414762497,2.455896503055119,1.0665822994023308,0.8782103743634047,0.6708137558185538,0.0
f_stab,f_stab:0121,81746,20505,20241122-01-QUASR/20241122-01-030_QUASR_vacuum_equilibria_with_maxF_below_threshold_and_enough_iota_flux_tubes/QUASR_vacuum_000254.h5,20241103-01-random_equilibria_and_flux_tubes_random_aspect_ratio/20241103-01-063_generate_flux_tubes_nfp3/nfp3_randomAspect_finiteBeta_maxm4_maxn4_LMN8_001951.h5,1.0065282476196384,1.4233939272584213,0.5765241891673716,0.8468697380910497,False,False,2.3207450993621284,2.1921022729505095,log_f_Q|log_FSA_grad_x|bad_curvature_compression|geodesic_curvature_compression|parallel_roughness_iqr_scaled|nfp|iota|shat|aspect|rho|aspect/rho|equilibrium_class_1|equilibrium_class_2|equilibrium_class_3|equilibrium_class_4,observed-comparison,1.2685801982879639,1.2685802987146946,0.5509374235829707,0.10280838400061443,-2.5889476492406596,0.0
f_stab,f_stab:0122,84448,35565,20241122-01-QUASR/20241122-01-030_QUASR_vacuum_equilibria_with_maxF_below_threshold_and_enough_iota_flux_tubes/QUASR_vacuum_000390.h5,20241103-01-random_equilibria_and_flux_tubes_random_aspect_ratio/20241103-01-064_generate_flux_tubes_nfp4/nfp4_randomAspect_finiteBeta_maxm4_maxn4_LMN8_002520.h5,1.0101839793966303,1.5340994675487092,0.44512010096380483,1.0889793665849044,False,False,2.3207450993621284,2.1921022729505095,log_f_Q|log_FSA_grad_x|bad_curvature_compression|geodesic_curvature_compression|parallel_roughness_iqr_scaled|nfp|iota|shat|aspect|rho|aspect/rho|equilibrium_class_1|equilibrium_class_2|equilibrium_class_3|equilibrium_class_4,observed-comparison,2.2230401188135147,2.2230400643958843,0.9654540330169821,1.2393375087327487,-0.8013308462512891,0.0
f_stab,f_stab:0123,84032,90961,20241122-01-QUASR/20241122-01-030_QUASR_vacuum_equilibria_with_maxF_below_threshold_and_enough_iota_flux_tubes/QUASR_vacuum_000369.h5,20241122-01-QUASR/20241122-01-031_QUASR_finite_beta_equilibria_with_maxF_below_threshold_and_enough_iota_flux_tubes/QUASR_finiteBeta_001527.h5,1.018894407908465,1.3348597493206948,0.6222081386916204,0.7126516106290745,False,False,2.3207450993621284,2.1921022729505095,log_f_Q|log_FSA_grad_x|bad_curvature_compression|geodesic_curvature_compression|parallel_roughness_iqr_scaled|nfp|iota|shat|aspect|rho|aspect/rho|equilibrium_class_1|equilibrium_class_2|equilibrium_class_3|equilibrium_class_4,observed-comparison,1.3816466331481934,1.381646573217789,0.6000414826890227,0.26139589111091344,0.32406131937443106,0.0
f_stab,f_stab:0124,6627,57782,20241103-01-random_equilibria_and_flux_tubes_random_aspect_ratio/20241103-01-062_generate_flux_tubes_nfp2/nfp2_randomAspect_finiteBeta_maxm4_maxn4_LMN8_001667.h5,20241115-01-random_heliotrons/20241115-01-022_heliotrons_finiteBeta_randomAspect_randomNfpUpTo8_noTorsion_flux_tubes/heliotron_randomAspect_finiteBeta_maxm1_maxn1_LMN8_001677.h5,1.0443808157272427,1.5791554658567122,0.6304374754331242,0.948717990423588,False,False,2.3207450993621284,2.1921022729505095,log_f_Q|log_FSA_grad_x|bad_curvature_compression|geodesic_curvature_compression|parallel_roughness_iqr_scaled|nfp|iota|shat|aspect|rho|aspect/rho|equilibrium_class_1|equilibrium_class_2|equilibrium_class_3|equilibrium_class_4,observed-comparison,1.5018644332885742,1.5018643463981736,0.6522513982079607,0.9985162530042905,-0.037644047642971135,0.0
f_stab,f_stab:0125,78218,11239,20241122-01-QUASR/20241122-01-030_QUASR_vacuum_equilibria_with_maxF_below_threshold_and_enough_iota_flux_tubes/QUASR_vacuum_000078.h5,20241103-01-random_equilibria_and_flux_tubes_random_aspect_ratio/20241103-01-062_generate_flux_tubes_nfp2/nfp2_randomAspect_finiteBeta_maxm4_maxn4_LMN8_002827.h5,1.0467072177536454,1.4526849206985097,0.45761650859659414,0.9950684121019155,False,False,2.3207450993621284,2.1921022729505095,log_f_Q|log_FSA_grad_x|bad_curvature_compression|geodesic_curvature_compression|parallel_roughness_iqr_scaled|nfp|iota|shat|aspect|rho|aspect/rho|equilibrium_class_1|equilibrium_class_2|equilibrium_class_3|equilibrium_class_4,observed-comparison,2.536233961582184,2.536233996927906,1.1014724296812186,0.9355859619485629,-0.6894500780290411,0.0
f_stab,f_stab:0126,84064,87891,20241122-01-QUASR/20241122-01-030_QUASR_vacuum_equilibria_with_maxF_below_threshold_and_enough_iota_flux_tubes/QUASR_vacuum_000371.h5,20241122-01-QUASR/20241122-01-031_QUASR_finite_beta_equilibria_with_maxF_below_threshold_and_enough_iota_flux_tubes/QUASR_finiteBeta_000754.h5,1.0497718326521472,1.2944841140218613,0.35939588342902806,0.9350882305928332,False,True,2.3207450993621284,2.1921022729505095,log_f_Q|log_FSA_grad_x|bad_curvature_compression|geodesic_curvature_compression|parallel_roughness_iqr_scaled|nfp|iota|shat|aspect|rho|aspect/rho|equilibrium_class_1|equilibrium_class_2|equilibrium_class_3|equilibrium_class_4,observed-comparison,4.616236209869385,5.254124966974059,2.281837480386939,3.7746280424156993,0.1512645487344173,0.0
f_stab,f_stab:0127,92099,18136,20241122-01-QUASR/20241122-01-031_QUASR_finite_beta_equilibria_with_maxF_below_threshold_and_enough_iota_flux_tubes/QUASR_finiteBeta_001812.h5,20241103-01-random_equilibria_and_flux_tubes_random_aspect_ratio/20241103-01-063_generate_flux_tubes_nfp3/nfp3_randomAspect_finiteBeta_maxm4_maxn4_LMN8_001357.h5,1.0639119096624332,1.294561481723311,0.46805315944687487,0.8265083222764362,False,False,2.3207450993621284,2.1921022729505095,log_f_Q|log_FSA_grad_x|bad_curvature_compression|geodesic_curvature_compression|parallel_roughness_iqr_scaled|nfp|iota|shat|aspect|rho|aspect/rho|equilibrium_class_1|equilibrium_class_2|equilibrium_class_3|equilibrium_class_4,observed-comparison,1.6142945885658264,1.6142946286438817,0.7010792493860969,1.691339634944803,3.080097810300695,0.0
f_stab,f_stab:0128,86286,87702,20241122-01-QUASR/20241122-01-031_QUASR_finite_beta_equilibria_with_maxF_below_threshold_and_enough_iota_flux_tubes/QUASR_finiteBeta_000348.h5,20241122-01-QUASR/20241122-01-031_QUASR_finite_beta_equilibria_with_maxF_below_threshold_and_enough_iota_flux_tubes/QUASR_finiteBeta_000705.h5,1.0667800278046842,1.7060141028829463,0.8102538185090208,0.8957602843739255,False,False,2.3207450993621284,2.1921022729505095,log_f_Q|log_FSA_grad_x|bad_curvature_compression|geodesic_curvature_compression|parallel_roughness_iqr_scaled|nfp|iota|shat|aspect|rho|aspect/rho|equilibrium_class_1|equilibrium_class_2|equilibrium_class_3|equilibrium_class_4,observed-comparison,0.010999202728271484,0.01099927985319793,0.0047769265451533816,0.7430097612314178,2.725095001393677,0.0
f_stab,f_stab:0129,94634,29867,20241122-01-QUASR/20241122-01-031_QUASR_finite_beta_equilibria_with_maxF_below_threshold_and_enough_iota_flux_tubes/QUASR_finiteBeta_002446.h5,20241103-01-random_equilibria_and_flux_tubes_random_aspect_ratio/20241103-01-064_generate_flux_tubes_nfp4/nfp4_randomAspect_finiteBeta_maxm4_maxn4_LMN8_001095.h5,1.0792081713445105,1.3958144840136768,0.7204906102792301,0.6753238737344467,False,False,2.3207450993621284,2.1921022729505095,log_f_Q|log_FSA_grad_x|bad_curvature_compression|geodesic_curvature_compression|parallel_roughness_iqr_scaled|nfp|iota|shat|aspect|rho|aspect/rho|equilibrium_class_1|equilibrium_class_2|equilibrium_class_3|equilibrium_class_4,observed-comparison,2.152954936027527,2.1529548475953795,0.9350164100975299,0.36307090078443877,-1.1180292875145794,0.0
f_stab,f_stab:0130,78199,21189,20241122-01-QUASR/20241122-01-030_QUASR_vacuum_equilibria_with_maxF_below_threshold_and_enough_iota_flux_tubes/QUASR_vacuum_000077.h5,20241103-01-random_equilibria_and_flux_tubes_random_aspect_ratio/20241103-01-063_generate_flux_tubes_nfp3/nfp3_randomAspect_finiteBeta_maxm4_maxn4_LMN8_002123.h5,1.0844072938565326,1.6966589990694747,0.5469247041471116,1.149734294922363,False,False,2.3207450993621284,2.1921022729505095,log_f_Q|log_FSA_grad_x|bad_curvature_compression|geodesic_curvature_compression|parallel_roughness_iqr_scaled|nfp|iota|shat|aspect|rho|aspect/rho|equilibrium_class_1|equilibrium_class_2|equilibrium_class_3|equilibrium_class_4,observed-comparison,1.1986976861953735,1.1986977088290878,0.5205878004145438,1.5951261947777515,-0.43440551027146235,0.0
f_stab,f_stab:0131,93600,89362,20241122-01-QUASR/20241122-01-031_QUASR_finite_beta_equilibria_with_maxF_below_threshold_and_enough_iota_flux_tubes/QUASR_finiteBeta_002187.h5,20241122-01-QUASR/20241122-01-031_QUASR_finite_beta_equilibria_with_maxF_below_threshold_and_enough_iota_flux_tubes/QUASR_finiteBeta_001124.h5,1.0988814903771593,1.2823837084598917,0.8079226353225933,0.47446107313729835,False,False,2.3207450993621284,2.1921022729505095,log_f_Q|log_FSA_grad_x|bad_curvature_compression|geodesic_curvature_compression|parallel_roughness_iqr_scaled|nfp|iota|shat|aspect|rho|aspect/rho|equilibrium_class_1|equilibrium_class_2|equilibrium_class_3|equilibrium_class_4,observed-comparison,2.7629288882017136,2.762928814279201,1.1999247379329516,0.8400735997909523,0.6586386809341145,0.0
f_stab,f_stab:0132,87724,88570,20241122-01-QUASR/20241122-01-031_QUASR_finite_beta_equilibria_with_maxF_below_threshold_and_enough_iota_flux_tubes/QUASR_finiteBeta_000711.h5,20241122-01-QUASR/20241122-01-031_QUASR_finite_beta_equilibria_with_maxF_below_threshold_and_enough_iota_flux_tubes/QUASR_finiteBeta_000926.h5,1.1284653552429083,1.325703244245014,0.42957220090086984,0.8961310433441443,False,False,2.3207450993621284,2.1921022729505095,log_f_Q|log_FSA_grad_x|bad_curvature_compression|geodesic_curvature_compression|parallel_roughness_iqr_scaled|nfp|iota|shat|aspect|rho|aspect/rho|equilibrium_class_1|equilibrium_class_2|equilibrium_class_3|equilibrium_class_4,observed-comparison,2.9197131395339966,2.9197130692646764,1.268015274722456,1.5625612771796715,0.20768486376424233,0.0
f_stab,f_stab:0133,83295,15731,20241122-01-QUASR/20241122-01-030_QUASR_vacuum_equilibria_with_maxF_below_threshold_and_enough_iota_flux_tubes/QUASR_vacuum_000332.h5,20241103-01-random_equilibria_and_flux_tubes_random_aspect_ratio/20241103-01-063_generate_flux_tubes_nfp3/nfp3_randomAspect_finiteBeta_maxm4_maxn4_LMN8_000754.h5,1.1328180389147453,1.2913357308756224,0.49539464425465796,0.7959410866209644,False,False,2.3207450993621284,2.1921022729505095,log_f_Q|log_FSA_grad_x|bad_curvature_compression|geodesic_curvature_compression|parallel_roughness_iqr_scaled|nfp|iota|shat|aspect|rho|aspect/rho|equilibrium_class_1|equilibrium_class_2|equilibrium_class_3|equilibrium_class_4,observed-comparison,2.391519844532013,2.3915198850653248,1.0386238894457696,0.5339830816380606,0.28772447354158026,0.0
f_stab,f_stab:0134,84600,90585,20241122-01-QUASR/20241122-01-030_QUASR_vacuum_equilibria_with_maxF_below_threshold_and_enough_iota_flux_tubes/QUASR_vacuum_000398.h5,20241122-01-QUASR/20241122-01-031_QUASR_finite_beta_equilibria_with_maxF_below_threshold_and_enough_iota_flux_tubes/QUASR_finiteBeta_001433.h5,1.1339880389157793,1.5636638754398196,0.6975442417435893,0.8661196336962302,False,False,2.3207450993621284,2.1921022729505095,log_f_Q|log_FSA_grad_x|bad_curvature_compression|geodesic_curvature_compression|parallel_roughness_iqr_scaled|nfp|iota|shat|aspect|rho|aspect/rho|equilibrium_class_1|equilibrium_class_2|equilibrium_class_3|equilibrium_class_4,observed-comparison,1.8943275213241577,1.8943274804341748,0.8226959716702522,0.6916882774791449,0.0393153301986644,0.0
f_stab,f_stab:0135,11221,70502,20241103-01-random_equilibria_and_flux_tubes_random_aspect_ratio/20241103-01-062_generate_flux_tubes_nfp2/nfp2_randomAspect_finiteBeta_maxm4_maxn4_LMN8_002823.h5,20241115-01-random_heliotrons/20241115-01-023_heliotrons_finiteBeta_randomAspect_randomNfpUpTo8_withTorsion_flux_tubes/heliotron_randomAspect_finiteBeta_maxm1_maxn1_LMN8_001658.h5,1.1473971793995337,1.2322907961520537,0.5676642399847941,0.6646265561672596,False,False,2.3207450993621284,2.1921022729505095,log_f_Q|log_FSA_grad_x|bad_curvature_compression|geodesic_curvature_compression|parallel_roughness_iqr_scaled|nfp|iota|shat|aspect|rho|aspect/rho|equilibrium_class_1|equilibrium_class_2|equilibrium_class_3|equilibrium_class_4,observed-comparison,2.0870172679424286,2.0870173319106975,0.9063801108852632,0.943228126797773,5.3781497906069236,0.0
f_stab,f_stab:0136,98833,97262,20241122-01-QUASR/20241122-01-031_QUASR_finite_beta_equilibria_with_maxF_below_threshold_and_enough_iota_flux_tubes/QUASR_finiteBeta_003496.h5,20241122-01-QUASR/20241122-01-031_QUASR_finite_beta_equilibria_with_maxF_below_threshold_and_enough_iota_flux_tubes/QUASR_finiteBeta_003103.h5,1.1543699886894343,1.6407808851769428,0.5671264482746383,1.0736544369023044,False,False,2.3207450993621284,2.1921022729505095,log_f_Q|log_FSA_grad_x|bad_curvature_compression|geodesic_curvature_compression|parallel_roughness_iqr_scaled|nfp|iota|shat|aspect|rho|aspect/rho|equilibrium_class_1|equilibrium_class_2|equilibrium_class_3|equilibrium_class_4,observed-comparison,1.7737843990325928,1.773784464566486,0.7703448050469389,0.5098524135269528,-0.12974203072687662,0.0
f_stab,f_stab:0137,81242,62146,20241122-01-QUASR/20241122-01-030_QUASR_vacuum_equilibria_with_maxF_below_threshold_and_enough_iota_flux_tubes/QUASR_vacuum_000229.h5,20241115-01-random_heliotrons/20241115-01-022_heliotrons_finiteBeta_randomAspect_randomNfpUpTo8_noTorsion_flux_tubes/heliotron_randomAspect_finiteBeta_maxm1_maxn1_LMN8_002768.h5,1.161181430452502,1.501730100067224,0.7666919220912808,0.7350381779759433,False,False,2.3207450993621284,2.1921022729505095,log_f_Q|log_FSA_grad_x|bad_curvature_compression|geodesic_curvature_compression|parallel_roughness_iqr_scaled|nfp|iota|shat|aspect|rho|aspect/rho|equilibrium_class_1|equilibrium_class_2|equilibrium_class_3|equilibrium_class_4,observed-comparison,1.1164581775665283,1.1164581362089754,0.48487160783154704,0.3284144334178595,-0.4397409412234514,0.0
f_stab,f_stab:0138,73016,12108,20241115-01-random_heliotrons/20241115-01-023_heliotrons_finiteBeta_randomAspect_randomNfpUpTo8_withTorsion_flux_tubes/heliotron_randomAspect_finiteBeta_maxm1_maxn1_LMN8_002288.h5,20241103-01-random_equilibria_and_flux_tubes_random_aspect_ratio/20241103-01-062_generate_flux_tubes_nfp2/nfp2_randomAspect_finiteBeta_maxm4_maxn4_LMN8_003045.h5,1.1822339296701,1.933764436268169,0.43856748106333815,1.4951969552048308,False,False,2.3207450993621284,2.1921022729505095,log_f_Q|log_FSA_grad_x|bad_curvature_compression|geodesic_curvature_compression|parallel_roughness_iqr_scaled|nfp|iota|shat|aspect|rho|aspect/rho|equilibrium_class_1|equilibrium_class_2|equilibrium_class_3|equilibrium_class_4,observed-comparison,2.1362412571907043,2.136241311881201,0.927757813763769,1.4572377703255595,1.2509874042324884,0.0
f_stab,f_stab:0139,82247,94443,20241122-01-QUASR/20241122-01-030_QUASR_vacuum_equilibria_with_maxF_below_threshold_and_enough_iota_flux_tubes/QUASR_vacuum_000279.h5,20241122-01-QUASR/20241122-01-031_QUASR_finite_beta_equilibria_with_maxF_below_threshold_and_enough_iota_flux_tubes/QUASR_finiteBeta_002398.h5,1.1943636654927625,1.4830889491470554,0.5749943222158412,0.9080946269312141,False,False,2.3207450993621284,2.1921022729505095,log_f_Q|log_FSA_grad_x|bad_curvature_compression|geodesic_curvature_compression|parallel_roughness_iqr_scaled|nfp|iota|shat|aspect|rho|aspect/rho|equilibrium_class_1|equilibrium_class_2|equilibrium_class_3|equilibrium_class_4,observed-comparison,1.59315824508667,1.5931583742518187,0.6918998907355206,0.46866098408113305,0.19668904948985477,0.0
f_stab,f_stab:0140,8384,54206,20241103-01-random_equilibria_and_flux_tubes_random_aspect_ratio/20241103-01-062_generate_flux_tubes_nfp2/nfp2_randomAspect_finiteBeta_maxm4_maxn4_LMN8_002108.h5,20241115-01-random_heliotrons/20241115-01-022_heliotrons_finiteBeta_randomAspect_randomNfpUpTo8_noTorsion_flux_tubes/heliotron_randomAspect_finiteBeta_maxm1_maxn1_LMN8_000782.h5,1.215734004744157,1.579588146415116,0.4165352811270873,1.1630528652880288,False,False,2.3207450993621284,2.1921022729505095,log_f_Q|log_FSA_grad_x|bad_curvature_compression|geodesic_curvature_compression|parallel_roughness_iqr_scaled|nfp|iota|shat|aspect|rho|aspect/rho|equilibrium_class_1|equilibrium_class_2|equilibrium_class_3|equilibrium_class_4,observed-comparison,2.1434189081192017,2.1434189230769647,0.9308750106993364,1.0737013974553826,1.8949288834983142,0.0
f_stab,f_stab:0141,84889,60272,20241122-01-QUASR/20241122-01-030_QUASR_vacuum_equilibria_with_maxF_below_threshold_and_enough_iota_flux_tubes/QUASR_vacuum_000412.h5,20241115-01-random_heliotrons/20241115-01-022_heliotrons_finiteBeta_randomAspect_randomNfpUpTo8_noTorsion_flux_tubes/heliotron_randomAspect_finiteBeta_maxm1_maxn1_LMN8_002300.h5,1.22621295669397,1.388994692968198,0.6512446026492826,0.7377500903189154,False,False,2.3207450993621284,2.1921022729505095,log_f_Q|log_FSA_grad_x|bad_curvature_compression|geodesic_curvature_compression|parallel_roughness_iqr_scaled|nfp|iota|shat|aspect|rho|aspect/rho|equilibrium_class_1|equilibrium_class_2|equilibrium_class_3|equilibrium_class_4,observed-comparison,1.2118078470230103,1.211807828610982,0.526281453092911,0.9536201384283106,-2.667896856883346,0.0
f_stab,f_stab:0142,80532,88745,20241122-01-QUASR/20241122-01-030_QUASR_vacuum_equilibria_with_maxF_below_threshold_and_enough_iota_flux_tubes/QUASR_vacuum_000194.h5,20241122-01-QUASR/20241122-01-031_QUASR_finite_beta_equilibria_with_maxF_below_threshold_and_enough_iota_flux_tubes/QUASR_finiteBeta_000970.h5,1.228328489591975,1.5753668794331377,0.4520912104833384,1.1232756689497994,False,False,2.3207450993621284,2.1921022729505095,log_f_Q|log_FSA_grad_x|bad_curvature_compression|geodesic_curvature_compression|parallel_roughness_iqr_scaled|nfp|iota|shat|aspect|rho|aspect/rho|equilibrium_class_1|equilibrium_class_2|equilibrium_class_3|equilibrium_class_4,observed-comparison,2.257094442844391,2.2570945666196547,0.9802437154167276,0.8687091011503326,-0.9884390046046951,0.0
f_stab,f_stab:0143,77236,83861,20241122-01-QUASR/20241122-01-030_QUASR_vacuum_equilibria_with_maxF_below_threshold_and_enough_iota_flux_tubes/QUASR_vacuum_000028.h5,20241122-01-QUASR/20241122-01-030_QUASR_vacuum_equilibria_with_maxF_below_threshold_and_enough_iota_flux_tubes/QUASR_vacuum_000361.h5,1.2286488748034279,1.8974316467444556,0.6826966438599427,1.214735002884513,False,False,2.3207450993621284,2.1921022729505095,log_f_Q|log_FSA_grad_x|bad_curvature_compression|geodesic_curvature_compression|parallel_roughness_iqr_scaled|nfp|iota|shat|aspect|rho|aspect/rho|equilibrium_class_1|equilibrium_class_2|equilibrium_class_3|equilibrium_class_4,observed-comparison,2.239208400249481,2.239208460444446,0.9724758782020989,1.5214839496552361,1.69608100278115,0.0
f_stab,f_stab:0144,84754,24615,20241122-01-QUASR/20241122-01-030_QUASR_vacuum_equilibria_with_maxF_below_threshold_and_enough_iota_flux_tubes/QUASR_vacuum_000405.h5,20241103-01-random_equilibria_and_flux_tubes_random_aspect_ratio/20241103-01-063_generate_flux_tubes_nfp3/nfp3_randomAspect_finiteBeta_maxm4_maxn4_LMN8_002980.h5,1.2342387713119911,1.3691510603345411,0.45736823982178465,0.9117828205127565,False,False,2.3207450993621284,2.1921022729505095,log_f_Q|log_FSA_grad_x|bad_curvature_compression|geodesic_curvature_compression|parallel_roughness_iqr_scaled|nfp|iota|shat|aspect|rho|aspect/rho|equilibrium_class_1|equilibrium_class_2|equilibrium_class_3|equilibrium_class_4,observed-comparison,1.5871921181678772,1.5871921800217947,0.689308805503458,1.004553906618804,-1.0473995491118087,0.0
f_stab,f_stab:0145,81402,8018,20241122-01-QUASR/20241122-01-030_QUASR_vacuum_equilibria_with_maxF_below_threshold_and_enough_iota_flux_tubes/QUASR_vacuum_000237.h5,20241103-01-random_equilibria_and_flux_tubes_random_aspect_ratio/20241103-01-062_generate_flux_tubes_nfp2/nfp2_randomAspect_finiteBeta_maxm4_maxn4_LMN8_002016.h5,1.2391604827651879,1.6024212154268695,0.4276530454062657,1.1747681700206039,False,False,2.3207450993621284,2.1921022729505095,log_f_Q|log_FSA_grad_x|bad_curvature_compression|geodesic_curvature_compression|parallel_roughness_iqr_scaled|nfp|iota|shat|aspect|rho|aspect/rho|equilibrium_class_1|equilibrium_class_2|equilibrium_class_3|equilibrium_class_4,observed-comparison,2.3963270485401154,2.3963270844132616,1.0407116295959873,1.8069039113708714,1.49051626503067,0.0
f_stab,f_stab:0146,3737,52246,20241103-01-random_equilibria_and_flux_tubes_random_aspect_ratio/20241103-01-062_generate_flux_tubes_nfp2/nfp2_randomAspect_finiteBeta_maxm4_maxn4_LMN8_000940.h5,20241115-01-random_heliotrons/20241115-01-022_heliotrons_finiteBeta_randomAspect_randomNfpUpTo8_noTorsion_flux_tubes/heliotron_randomAspect_finiteBeta_maxm1_maxn1_LMN8_000292.h5,1.2421631005270766,1.561104359791185,0.5134567292702117,1.0476476305209732,False,False,2.3207450993621284,2.1921022729505095,log_f_Q|log_FSA_grad_x|bad_curvature_compression|geodesic_curvature_compression|parallel_roughness_iqr_scaled|nfp|iota|shat|aspect|rho|aspect/rho|equilibrium_class_1|equilibrium_class_2|equilibrium_class_3|equilibrium_class_4,observed-comparison,1.9311646223068237,1.9311646767231663,0.8386941627473483,0.48623503590364936,1.6005700278760944,0.0
f_stab,f_stab:0147,65613,56033,20241115-01-random_heliotrons/20241115-01-023_heliotrons_finiteBeta_randomAspect_randomNfpUpTo8_withTorsion_flux_tubes/heliotron_randomAspect_finiteBeta_maxm1_maxn1_LMN8_000435.h5,20241115-01-random_heliotrons/20241115-01-022_heliotrons_finiteBeta_randomAspect_randomNfpUpTo8_noTorsion_flux_tubes/heliotron_randomAspect_finiteBeta_maxm1_maxn1_LMN8_001239.h5,1.2500518241997103,1.3631347557199465,0.4224298288986848,0.9407049268212617,False,False,2.3207450993621284,2.1921022729505095,log_f_Q|log_FSA_grad_x|bad_curvature_compression|geodesic_curvature_compression|parallel_roughness_iqr_scaled|nfp|iota|shat|aspect|rho|aspect/rho|equilibrium_class_1|equilibrium_class_2|equilibrium_class_3|equilibrium_class_4,observed-comparison,1.9240711331367493,1.9240710160587053,0.8356134250642787,0.6300116875741846,-0.03230721222866073,0.0
f_stab,f_stab:0148,62005,21075,20241115-01-random_heliotrons/20241115-01-022_heliotrons_finiteBeta_randomAspect_randomNfpUpTo8_noTorsion_flux_tubes/heliotron_randomAspect_finiteBeta_maxm1_maxn1_LMN8_002733.h5,20241103-01-random_equilibria_and_flux_tubes_random_aspect_ratio/20241103-01-063_generate_flux_tubes_nfp3/nfp3_randomAspect_finiteBeta_maxm4_maxn4_LMN8_002094.h5,1.2614298574007194,1.2643897300798257,0.42405907296643597,0.8403306571133897,False,False,2.3207450993621284,2.1921022729505095,log_f_Q|log_FSA_grad_x|bad_curvature_compression|geodesic_curvature_compression|parallel_roughness_iqr_scaled|nfp|iota|shat|aspect|rho|aspect/rho|equilibrium_class_1|equilibrium_class_2|equilibrium_class_3|equilibrium_class_4,observed-comparison,3.3034765124320984,3.3034764083902464,1.4346815752614572,1.642490952949571,-0.043869931755252,0.0
f_stab,f_stab:0149,79163,9583,20241122-01-QUASR/20241122-01-030_QUASR_vacuum_equilibria_with_maxF_below_threshold_and_enough_iota_flux_tubes/QUASR_vacuum_000125.h5,20241103-01-random_equilibria_and_flux_tubes_random_aspect_ratio/20241103-01-062_generate_flux_tubes_nfp2/nfp2_randomAspect_finiteBeta_maxm4_maxn4_LMN8_002409.h5,1.29044113715149,1.5115040171506167,0.4476209502342319,1.0638830669163848,False,False,2.3207450993621284,2.1921022729505095,log_f_Q|log_FSA_grad_x|bad_curvature_compression|geodesic_curvature_compression|parallel_roughness_iqr_scaled|nfp|iota|shat|aspect|rho|aspect/rho|equilibrium_class_1|equilibrium_class_2|equilibrium_class_3|equilibrium_class_4,observed-comparison,2.213255077600479,2.2132550070348063,0.9612044365999592,1.9084285155449816,2.448425679232927,0.0
f_stab,f_stab:0150,93763,88038,20241122-01-QUASR/20241122-01-031_QUASR_finite_beta_equilibria_with_maxF_below_threshold_and_enough_iota_flux_tubes/QUASR_finiteBeta_002228.h5,20241122-01-QUASR/20241122-01-031_QUASR_finite_beta_equilibria_with_maxF_below_threshold_and_enough_iota_flux_tubes/QUASR_finiteBeta_000793.h5,1.2907485790317805,1.2988023223639862,0.42398796710273595,0.8748143552612502,False,False,2.3207450993621284,2.1921022729505095,log_f_Q|log_FSA_grad_x|bad_curvature_compression|geodesic_curvature_compression|parallel_roughness_iqr_scaled|nfp|iota|shat|aspect|rho|aspect/rho|equilibrium_class_1|equilibrium_class_2|equilibrium_class_3|equilibrium_class_4,observed-comparison,2.6488059163093567,2.6488058736501405,1.1503617745591779,0.5970203043872988,0.4360234177700164,0.0
f_stab,f_stab:0151,81367,26622,20241122-01-QUASR/20241122-01-030_QUASR_vacuum_equilibria_with_maxF_below_threshold_and_enough_iota_flux_tubes/QUASR_vacuum_000235.h5,20241103-01-random_equilibria_and_flux_tubes_random_aspect_ratio/20241103-01-064_generate_flux_tubes_nfp4/nfp4_randomAspect_finiteBeta_maxm4_maxn4_LMN8_000283.h5,1.3024205858717695,1.7874099152644687,0.37093278466236984,1.416477130602099,False,False,2.3207450993621284,2.1921022729505095,log_f_Q|log_FSA_grad_x|bad_curvature_compression|geodesic_curvature_compression|parallel_roughness_iqr_scaled|nfp|iota|shat|aspect|rho|aspect/rho|equilibrium_class_1|equilibrium_class_2|equilibrium_class_3|equilibrium_class_4,observed-comparison,3.9177308082580566,3.9177309056381993,1.7014489139004993,2.4145468486846524,-0.2186637221972234,0.0
f_stab,f_stab:0152,80729,63439,20241122-01-QUASR/20241122-01-030_QUASR_vacuum_equilibria_with_maxF_below_threshold_and_enough_iota_flux_tubes/QUASR_vacuum_000204.h5,20241115-01-random_heliotrons/20241115-01-022_heliotrons_finiteBeta_randomAspect_randomNfpUpTo8_noTorsion_flux_tubes/heliotron_randomAspect_finiteBeta_maxm1_maxn1_LMN8_003092.h5,1.3221106289068565,1.65427496211489,0.7196964453113849,0.9345785168035051,False,False,2.3207450993621284,2.1921022729505095,log_f_Q|log_FSA_grad_x|bad_curvature_compression|geodesic_curvature_compression|parallel_roughness_iqr_scaled|nfp|iota|shat|aspect|rho|aspect/rho|equilibrium_class_1|equilibrium_class_2|equilibrium_class_3|equilibrium_class_4,observed-comparison,1.4147460460662842,1.4147460675332837,0.6144164104240304,0.32534216925286286,-0.9217004897775161,0.0
f_stab,f_stab:0153,81932,87976,20241122-01-QUASR/20241122-01-030_QUASR_vacuum_equilibria_with_maxF_below_threshold_and_enough_iota_flux_tubes/QUASR_vacuum_000264.h5,20241122-01-QUASR/20241122-01-031_QUASR_finite_beta_equilibria_with_maxF_below_threshold_and_enough_iota_flux_tubes/QUASR_finiteBeta_000777.h5,1.3382143620418117,1.7814672422022326,0.430232397235385,1.3512348449668476,False,False,2.3207450993621284,2.1921022729505095,log_f_Q|log_FSA_grad_x|bad_curvature_compression|geodesic_curvature_compression|parallel_roughness_iqr_scaled|nfp|iota|shat|aspect|rho|aspect/rho|equilibrium_class_1|equilibrium_class_2|equilibrium_class_3|equilibrium_class_4,observed-comparison,2.3387537002563477,2.33875374667646,1.015707846712142,0.7611920506581407,-0.13307108624205077,0.0
f_stab,f_stab:0154,97829,26894,20241122-01-QUASR/20241122-01-031_QUASR_finite_beta_equilibria_with_maxF_below_threshold_and_enough_iota_flux_tubes/QUASR_finiteBeta_003245.h5,20241103-01-random_equilibria_and_flux_tubes_random_aspect_ratio/20241103-01-064_generate_flux_tubes_nfp4/nfp4_randomAspect_finiteBeta_maxm4_maxn4_LMN8_000351.h5,1.3417832244762329,1.2447371903382705,0.6181945309448117,0.6265426593934588,False,False,2.3207450993621284,2.1921022729505095,log_f_Q|log_FSA_grad_x|bad_curvature_compression|geodesic_curvature_compression|parallel_roughness_iqr_scaled|nfp|iota|shat|aspect|rho|aspect/rho|equilibrium_class_1|equilibrium_class_2|equilibrium_class_3|equilibrium_class_4,observed-comparison,1.2319825291633606,1.2319824381614302,0.5350431746952233,0.4254348643675872,-0.08646706230339207,0.0
f_stab,f_stab:0155,82335,81335,20241122-01-QUASR/20241122-01-030_QUASR_vacuum_equilibria_with_maxF_below_threshold_and_enough_iota_flux_tubes/QUASR_vacuum_000284.h5,20241122-01-QUASR/20241122-01-030_QUASR_vacuum_equilibria_with_maxF_below_threshold_and_enough_iota_flux_tubes/QUASR_vacuum_000234.h5,1.3603318402718774,1.5275793849936303,0.5993995709684269,0.9281798140252034,False,False,2.3207450993621284,2.1921022729505095,log_f_Q|log_FSA_grad_x|bad_curvature_compression|geodesic_curvature_compression|parallel_roughness_iqr_scaled|nfp|iota|shat|aspect|rho|aspect/rho|equilibrium_class_1|equilibrium_class_2|equilibrium_class_3|equilibrium_class_4,observed-comparison,1.873016357421875,1.873016417161152,0.8134406944872875,-0.15547546763224795,0.2807158143836097,0.0
f_stab,f_stab:0156,89792,90002,20241122-01-QUASR/20241122-01-031_QUASR_finite_beta_equilibria_with_maxF_below_threshold_and_enough_iota_flux_tubes/QUASR_finiteBeta_001235.h5,20241122-01-QUASR/20241122-01-031_QUASR_finite_beta_equilibria_with_maxF_below_threshold_and_enough_iota_flux_tubes/QUASR_finiteBeta_001288.h5,1.3789021752805692,1.6531838539287034,0.5279977640026735,1.12518608992603,False,False,2.3207450993621284,2.1921022729505095,log_f_Q|log_FSA_grad_x|bad_curvature_compression|geodesic_curvature_compression|parallel_roughness_iqr_scaled|nfp|iota|shat|aspect|rho|aspect/rho|equilibrium_class_1|equilibrium_class_2|equilibrium_class_3|equilibrium_class_4,observed-comparison,2.7796114031225443,2.7796114228976596,1.2071699027996998,1.2794678202660723,0.6968229014923828,0.0
f_stab,f_stab:0157,85459,90973,20241122-01-QUASR/20241122-01-031_QUASR_finite_beta_equilibria_with_maxF_below_threshold_and_enough_iota_flux_tubes/QUASR_finiteBeta_000140.h5,20241122-01-QUASR/20241122-01-031_QUASR_finite_beta_equilibria_with_maxF_below_threshold_and_enough_iota_flux_tubes/QUASR_finiteBeta_001530.h5,1.3810507797415548,1.3488129341457533,0.49593032721019786,0.8528826069355555,False,False,2.3207450993621284,2.1921022729505095,log_f_Q|log_FSA_grad_x|bad_curvature_compression|geodesic_curvature_compression|parallel_roughness_iqr_scaled|nfp|iota|shat|aspect|rho|aspect/rho|equilibrium_class_1|equilibrium_class_2|equilibrium_class_3|equilibrium_class_4,observed-comparison,1.8696850538253784,1.8696850691165818,0.8119939084142316,0.5923182558933761,6.5320916275302325,0.0
f_stab,f_stab:0158,77471,20537,20241122-01-QUASR/20241122-01-030_QUASR_vacuum_equilibria_with_maxF_below_threshold_and_enough_iota_flux_tubes/QUASR_vacuum_000040.h5,20241103-01-random_equilibria_and_flux_tubes_random_aspect_ratio/20241103-01-063_generate_flux_tubes_nfp3/nfp3_randomAspect_finiteBeta_maxm4_maxn4_LMN8_001959.h5,1.3830876152988987,1.5487279032937549,0.4355322771075492,1.1131956261862057,False,False,2.3207450993621284,2.1921022729505095,log_f_Q|log_FSA_grad_x|bad_curvature_compression|geodesic_curvature_compression|parallel_roughness_iqr_scaled|nfp|iota|shat|aspect|rho|aspect/rho|equilibrium_class_1|equilibrium_class_2|equilibrium_class_3|equilibrium_class_4,observed-comparison,3.257974922657013,3.2579748682667886,1.4149205074677402,1.2370971748366217,0.9774181223660112,0.0
f_stab,f_stab:0159,72646,68044,20241115-01-random_heliotrons/20241115-01-023_heliotrons_finiteBeta_randomAspect_randomNfpUpTo8_withTorsion_flux_tubes/heliotron_randomAspect_finiteBeta_maxm1_maxn1_LMN8_002195.h5,20241115-01-random_heliotrons/20241115-01-023_heliotrons_finiteBeta_randomAspect_randomNfpUpTo8_withTorsion_flux_tubes/heliotron_randomAspect_finiteBeta_maxm1_maxn1_LMN8_001044.h5,1.3839836869022109,1.3160935598067731,0.7902409991171848,0.5258525606895883,False,False,2.3207450993621284,2.1921022729505095,log_f_Q|log_FSA_grad_x|bad_curvature_compression|geodesic_curvature_compression|parallel_roughness_iqr_scaled|nfp|iota|shat|aspect|rho|aspect/rho|equilibrium_class_1|equilibrium_class_2|equilibrium_class_3|equilibrium_class_4,observed-comparison,-0.2874786853790283,-0.28747851331183627,-0.12485033199708084,-0.3388013690232555,-0.30527464300064366,0.0
f_stab,f_stab:0160,94115,87526,20241122-01-QUASR/20241122-01-031_QUASR_finite_beta_equilibria_with_maxF_below_threshold_and_enough_iota_flux_tubes/QUASR_finiteBeta_002316.h5,20241122-01-QUASR/20241122-01-031_QUASR_finite_beta_equilibria_with_maxF_below_threshold_and_enough_iota_flux_tubes/QUASR_finiteBeta_000661.h5,1.3858411435535638,1.4429573314162225,0.4420562201573761,1.0009011112588464,False,False,2.3207450993621284,2.1921022729505095,log_f_Q|log_FSA_grad_x|bad_curvature_compression|geodesic_curvature_compression|parallel_roughness_iqr_scaled|nfp|iota|shat|aspect|rho|aspect/rho|equilibrium_class_1|equilibrium_class_2|equilibrium_class_3|equilibrium_class_4,observed-comparison,2.280352294445038,2.280352315461443,0.990344427400208,1.5483258548163872,2.888084516363282,0.0
f_stab,f_stab:0161,57616,71460,20241115-01-random_heliotrons/20241115-01-022_heliotrons_finiteBeta_randomAspect_randomNfpUpTo8_noTorsion_flux_tubes/heliotron_randomAspect_finiteBeta_maxm1_maxn1_LMN8_001635.h5,20241115-01-random_heliotrons/20241115-01-023_heliotrons_finiteBeta_randomAspect_randomNfpUpTo8_withTorsion_flux_tubes/heliotron_randomAspect_finiteBeta_maxm1_maxn1_LMN8_001898.h5,1.3877656728283714,1.2445778536731462,0.413929432012415,0.8306484216607313,False,False,2.3207450993621284,2.1921022729505095,log_f_Q|log_FSA_grad_x|bad_curvature_compression|geodesic_curvature_compression|parallel_roughness_iqr_scaled|nfp|iota|shat|aspect|rho|aspect/rho|equilibrium_class_1|equilibrium_class_2|equilibrium_class_3|equilibrium_class_4,observed-comparison,3.0686191469430923,3.0686191677973427,1.3326843716369348,1.191501461926017,1.2647461346795215,0.0
f_stab,f_stab:0162,82538,99735,20241122-01-QUASR/20241122-01-030_QUASR_vacuum_equilibria_with_maxF_below_threshold_and_enough_iota_flux_tubes/QUASR_vacuum_000294.h5,20241122-01-QUASR/20241122-01-031_QUASR_finite_beta_equilibria_with_maxF_below_threshold_and_enough_iota_flux_tubes/QUASR_finiteBeta_003721.h5,1.431270741144465,1.3776900769962896,0.507071413642518,0.8706186633537717,False,False,2.3207450993621284,2.1921022729505095,log_f_Q|log_FSA_grad_x|bad_curvature_compression|geodesic_curvature_compression|parallel_roughness_iqr_scaled|nfp|iota|shat|aspect|rho|aspect/rho|equilibrium_class_1|equilibrium_class_2|equilibrium_class_3|equilibrium_class_4,observed-comparison,2.0561105012893677,2.056110480681398,0.892957435943374,0.37801087321838767,-0.053474219677180024,0.0
f_stab,f_stab:0163,77604,68768,20241122-01-QUASR/20241122-01-030_QUASR_vacuum_equilibria_with_maxF_below_threshold_and_enough_iota_flux_tubes/QUASR_vacuum_000047.h5,20241115-01-random_heliotrons/20241115-01-023_heliotrons_finiteBeta_randomAspect_randomNfpUpTo8_withTorsion_flux_tubes/heliotron_randomAspect_finiteBeta_maxm1_maxn1_LMN8_001225.h5,1.437979200613293,2.2659889127071398,0.6672435409153369,1.5987453717918028,False,False,2.3207450993621284,2.1921022729505095,log_f_Q|log_FSA_grad_x|bad_curvature_compression|geodesic_curvature_compression|parallel_roughness_iqr_scaled|nfp|iota|shat|aspect|rho|aspect/rho|equilibrium_class_1|equilibrium_class_2|equilibrium_class_3|equilibrium_class_4,observed-comparison,1.1096351146697998,1.1096352192932746,0.4819084526645738,1.3575639696031925,-0.6022689164318171,0.0
f_stab,f_stab:0164,63766,61855,20241115-01-random_heliotrons/20241115-01-022_heliotrons_finiteBeta_randomAspect_randomNfpUpTo8_noTorsion_flux_tubes/heliotron_randomAspect_finiteBeta_maxm1_maxn1_LMN8_003174.h5,20241115-01-random_heliotrons/20241115-01-022_heliotrons_finiteBeta_randomAspect_randomNfpUpTo8_noTorsion_flux_tubes/heliotron_randomAspect_finiteBeta_maxm1_maxn1_LMN8_002695.h5,1.4388532665993887,1.2968232205274408,0.44736763013332315,0.8494555903941177,False,False,2.3207450993621284,2.1921022729505095,log_f_Q|log_FSA_grad_x|bad_curvature_compression|geodesic_curvature_compression|parallel_roughness_iqr_scaled|nfp|iota|shat|aspect|rho|aspect/rho|equilibrium_class_1|equilibrium_class_2|equilibrium_class_3|equilibrium_class_4,observed-comparison,2.2704707384109497,2.270470607996085,0.9860528563762211,0.5817078325331242,0.9779868606908257,0.0
f_stab,f_stab:0165,91484,86782,20241122-01-QUASR/20241122-01-031_QUASR_finite_beta_equilibria_with_maxF_below_threshold_and_enough_iota_flux_tubes/QUASR_finiteBeta_001658.h5,20241122-01-QUASR/20241122-01-031_QUASR_finite_beta_equilibria_with_maxF_below_threshold_and_enough_iota_flux_tubes/QUASR_finiteBeta_000473.h5,1.4433942216388216,1.2509836739715297,0.42256624684855576,0.8284174271229738,False,True,2.3207450993621284,2.1921022729505095,log_f_Q|log_FSA_grad_x|bad_curvature_compression|geodesic_curvature_compression|parallel_roughness_iqr_scaled|nfp|iota|shat|aspect|rho|aspect/rho|equilibrium_class_1|equilibrium_class_2|equilibrium_class_3|equilibrium_class_4,observed-comparison,5.272082567214966,5.27208256886553,2.2896363677966205,3.0747545548639783,0.7394921290577161,0.0
f_stab,f_stab:0166,32037,62017,20241103-01-random_equilibria_and_flux_tubes_random_aspect_ratio/20241103-01-064_generate_flux_tubes_nfp4/nfp4_randomAspect_finiteBeta_maxm4_maxn4_LMN8_001638.h5,20241115-01-random_heliotrons/20241115-01-022_heliotrons_finiteBeta_randomAspect_randomNfpUpTo8_noTorsion_flux_tubes/heliotron_randomAspect_finiteBeta_maxm1_maxn1_LMN8_002736.h5,1.4503817920805446,1.2352894723770347,0.3491567061498888,0.8861327662271459,False,False,2.3207450993621284,2.1921022729505095,log_f_Q|log_FSA_grad_x|bad_curvature_compression|geodesic_curvature_compression|parallel_roughness_iqr_scaled|nfp|iota|shat|aspect|rho|aspect/rho|equilibrium_class_1|equilibrium_class_2|equilibrium_class_3|equilibrium_class_4,observed-comparison,1.1881092190742493,1.1881092312257278,0.5159892830196483,0.5625962117342485,-0.14817088846476079,0.0
f_stab,f_stab:0167,80815,16916,20241122-01-QUASR/20241122-01-030_QUASR_vacuum_equilibria_with_maxF_below_threshold_and_enough_iota_flux_tubes/QUASR_vacuum_000208.h5,20241103-01-random_equilibria_and_flux_tubes_random_aspect_ratio/20241103-01-063_generate_flux_tubes_nfp3/nfp3_randomAspect_finiteBeta_maxm4_maxn4_LMN8_001051.h5,1.450686523312695,1.503174668752093,0.5106106656515635,0.9925640031005295,False,False,2.3207450993621284,2.1921022729505095,log_f_Q|log_FSA_grad_x|bad_curvature_compression|geodesic_curvature_compression|parallel_roughness_iqr_scaled|nfp|iota|shat|aspect|rho|aspect/rho|equilibrium_class_1|equilibrium_class_2|equilibrium_class_3|equilibrium_class_4,observed-comparison,2.6774060428142548,2.6774061013401784,1.162782695626138,0.7026962280493876,-0.16572055999675417,0.0
f_stab,f_stab:0168,83899,6727,20241122-01-QUASR/20241122-01-030_QUASR_vacuum_equilibria_with_maxF_below_threshold_and_enough_iota_flux_tubes/QUASR_vacuum_000363.h5,20241103-01-random_equilibria_and_flux_tubes_random_aspect_ratio/20241103-01-062_generate_flux_tubes_nfp2/nfp2_randomAspect_finiteBeta_maxm4_maxn4_LMN8_001692.h5,1.4765580411893753,1.2971360567272034,0.41755605211055186,0.8795800046166515,False,False,2.3207450993621284,2.1921022729505095,log_f_Q|log_FSA_grad_x|bad_curvature_compression|geodesic_curvature_compression|parallel_roughness_iqr_scaled|nfp|iota|shat|aspect|rho|aspect/rho|equilibrium_class_1|equilibrium_class_2|equilibrium_class_3|equilibrium_class_4,observed-comparison,3.083169013261795,3.0831690849475226,1.3390033203674072,0.36962505685007396,0.7714963861468427,0.0
f_stab,f_stab:0169,87461,89860,20241122-01-QUASR/20241122-01-031_QUASR_finite_beta_equilibria_with_maxF_below_threshold_and_enough_iota_flux_tubes/QUASR_finiteBeta_000644.h5,20241122-01-QUASR/20241122-01-031_QUASR_finite_beta_equilibria_with_maxF_below_threshold_and_enough_iota_flux_tubes/QUASR_finiteBeta_001252.h5,1.5184140151660017,1.5634656160188627,0.4911335207731709,1.0723320952456918,False,False,2.3207450993621284,2.1921022729505095,log_f_Q|log_FSA_grad_x|bad_curvature_compression|geodesic_curvature_compression|parallel_roughness_iqr_scaled|nfp|iota|shat|aspect|rho|aspect/rho|equilibrium_class_1|equilibrium_class_2|equilibrium_class_3|equilibrium_class_4,observed-comparison,3.8206940293312073,3.820694036870442,1.6593063372534924,0.8456237998072275,3.762298907007456,0.0
f_stab,f_stab:0170,80779,67544,20241122-01-QUASR/20241122-01-030_QUASR_vacuum_equilibria_with_maxF_below_threshold_and_enough_iota_flux_tubes/QUASR_vacuum_000206.h5,20241115-01-random_heliotrons/20241115-01-023_heliotrons_finiteBeta_randomAspect_randomNfpUpTo8_withTorsion_flux_tubes/heliotron_randomAspect_finiteBeta_maxm1_maxn1_LMN8_000918.h5,1.5379397867775337,1.3579729741619673,0.47850485151799793,0.8794681226439693,False,False,2.3207450993621284,2.1921022729505095,log_f_Q|log_FSA_grad_x|bad_curvature_compression|geodesic_curvature_compression|parallel_roughness_iqr_scaled|nfp|iota|shat|aspect|rho|aspect/rho|equilibrium_class_1|equilibrium_class_2|equilibrium_class_3|equilibrium_class_4,observed-comparison,2.4619181752204895,2.4619181027029535,1.069197446901616,1.6501793536544613,0.3130484020321749,0.0
f_stab,f_stab:0171,96408,80359,20241122-01-QUASR/20241122-01-031_QUASR_finite_beta_equilibria_with_maxF_below_threshold_and_enough_iota_flux_tubes/QUASR_finiteBeta_002889.h5,20241122-01-QUASR/20241122-01-030_QUASR_vacuum_equilibria_with_maxF_below_threshold_and_enough_iota_flux_tubes/QUASR_vacuum_000185.h5,1.5440177522336307,1.4347035302942157,0.5544222620367493,0.8802812682574664,False,False,2.3207450993621284,2.1921022729505095,log_f_Q|log_FSA_grad_x|bad_curvature_compression|geodesic_curvature_compression|parallel_roughness_iqr_scaled|nfp|iota|shat|aspect|rho|aspect/rho|equilibrium_class_1|equilibrium_class_2|equilibrium_class_3|equilibrium_class_4,observed-comparison,2.47788006067276,2.4778801526534013,1.0761296771149595,0.5754375900287191,-0.025643243862458975,0.0
f_stab,f_stab:0172,80981,16907,20241122-01-QUASR/20241122-01-030_QUASR_vacuum_equilibria_with_maxF_below_threshold_and_enough_iota_flux_tubes/QUASR_vacuum_000216.h5,20241103-01-random_equilibria_and_flux_tubes_random_aspect_ratio/20241103-01-063_generate_flux_tubes_nfp3/nfp3_randomAspect_finiteBeta_maxm4_maxn4_LMN8_001049.h5,1.5460961626863696,1.4443845279438807,0.4543736955760262,0.9900108323678545,False,False,2.3207450993621284,2.1921022729505095,log_f_Q|log_FSA_grad_x|bad_curvature_compression|geodesic_curvature_compression|parallel_roughness_iqr_scaled|nfp|iota|shat|aspect|rho|aspect/rho|equilibrium_class_1|equilibrium_class_2|equilibrium_class_3|equilibrium_class_4,observed-comparison,3.5703139901161194,3.5703139953980036,1.550567666863305,1.2173070081648112,0.49444988364664666,0.0
f_stab,f_stab:0173,85847,24230,20241122-01-QUASR/20241122-01-031_QUASR_finite_beta_equilibria_with_maxF_below_threshold_and_enough_iota_flux_tubes/QUASR_finiteBeta_000238.h5,20241103-01-random_equilibria_and_flux_tubes_random_aspect_ratio/20241103-01-063_generate_flux_tubes_nfp3/nfp3_randomAspect_finiteBeta_maxm4_maxn4_LMN8_002884.h5,1.5537558070478206,1.5545699988476898,0.522483055922786,1.0320869429249038,False,False,2.3207450993621284,2.1921022729505095,log_f_Q|log_FSA_grad_x|bad_curvature_compression|geodesic_curvature_compression|parallel_roughness_iqr_scaled|nfp|iota|shat|aspect|rho|aspect/rho|equilibrium_class_1|equilibrium_class_2|equilibrium_class_3|equilibrium_class_4,observed-comparison,3.118989519774914,3.1189894678196044,1.354559914988414,2.431608711997809,1.1671109018092425,0.0
f_stab,f_stab:0174,92753,20119,20241122-01-QUASR/20241122-01-031_QUASR_finite_beta_equilibria_with_maxF_below_threshold_and_enough_iota_flux_tubes/QUASR_finiteBeta_001975.h5,20241103-01-random_equilibria_and_flux_tubes_random_aspect_ratio/20241103-01-063_generate_flux_tubes_nfp3/nfp3_randomAspect_finiteBeta_maxm4_maxn4_LMN8_001854.h5,1.5588778410307713,1.6460728452610756,0.4772316995856028,1.1688411456754728,False,False,2.3207450993621284,2.1921022729505095,log_f_Q|log_FSA_grad_x|bad_curvature_compression|geodesic_curvature_compression|parallel_roughness_iqr_scaled|nfp|iota|shat|aspect|rho|aspect/rho|equilibrium_class_1|equilibrium_class_2|equilibrium_class_3|equilibrium_class_4,observed-comparison,3.0503036975860596,3.050303595868918,1.3247300198155179,0.09625843330057798,1.2431386047879953,0.0
f_stab,f_stab:0175,87262,70754,20241122-01-QUASR/20241122-01-031_QUASR_finite_beta_equilibria_with_maxF_below_threshold_and_enough_iota_flux_tubes/QUASR_finiteBeta_000594.h5,20241115-01-random_heliotrons/20241115-01-023_heliotrons_finiteBeta_randomAspect_randomNfpUpTo8_withTorsion_flux_tubes/heliotron_randomAspect_finiteBeta_maxm1_maxn1_LMN8_001721.h5,1.5662910170963489,1.5773747220927488,0.7490142796586662,0.8283604424340826,False,False,2.3207450993621284,2.1921022729505095,log_f_Q|log_FSA_grad_x|bad_curvature_compression|geodesic_curvature_compression|parallel_roughness_iqr_scaled|nfp|iota|shat|aspect|rho|aspect/rho|equilibrium_class_1|equilibrium_class_2|equilibrium_class_3|equilibrium_class_4,observed-comparison,2.279416561126709,2.2794165248652236,0.9899380187080531,0.7179088574019008,1.9540540745556834,0.0
f_stab,f_stab:0176,89145,89950,20241122-01-QUASR/20241122-01-031_QUASR_finite_beta_equilibria_with_maxF_below_threshold_and_enough_iota_flux_tubes/QUASR_finiteBeta_001070.h5,20241122-01-QUASR/20241122-01-031_QUASR_finite_beta_equilibria_with_maxF_below_threshold_and_enough_iota_flux_tubes/QUASR_finiteBeta_001274.h5,1.5674048220959262,1.747600757767313,0.5007536418048212,1.2468471159624919,False,False,2.3207450993621284,2.1921022729505095,log_f_Q|log_FSA_grad_x|bad_curvature_compression|geodesic_curvature_compression|parallel_roughness_iqr_scaled|nfp|iota|shat|aspect|rho|aspect/rho|equilibrium_class_1|equilibrium_class_2|equilibrium_class_3|equilibrium_class_4,observed-comparison,3.1420357823371887,3.1420356616551075,1.364568749800046,-0.03709430717542769,0.9148640103689043,0.0
f_stab,f_stab:0177,77437,69914,20241122-01-QUASR/20241122-01-030_QUASR_vacuum_equilibria_with_maxF_below_threshold_and_enough_iota_flux_tubes/QUASR_vacuum_000038.h5,20241115-01-random_heliotrons/20241115-01-023_heliotrons_finiteBeta_randomAspect_randomNfpUpTo8_withTorsion_flux_tubes/heliotron_randomAspect_finiteBeta_maxm1_maxn1_LMN8_001511.h5,1.5920424933267914,1.3598034677137634,0.5159593695995663,0.843844098114197,False,False,2.3207450993621284,2.1921022729505095,log_f_Q|log_FSA_grad_x|bad_curvature_compression|geodesic_curvature_compression|parallel_roughness_iqr_scaled|nfp|iota|shat|aspect|rho|aspect/rho|equilibrium_class_1|equilibrium_class_2|equilibrium_class_3|equilibrium_class_4,observed-comparison,3.2125609815120697,3.2125610036760093,1.395197516674063,2.031370026082804,4.4884965533529355,0.0
f_stab,f_stab:0178,94643,7764,20241122-01-QUASR/20241122-01-031_QUASR_finite_beta_equilibria_with_maxF_below_threshold_and_enough_iota_flux_tubes/QUASR_finiteBeta_002448.h5,20241103-01-random_equilibria_and_flux_tubes_random_aspect_ratio/20241103-01-062_generate_flux_tubes_nfp2/nfp2_randomAspect_finiteBeta_maxm4_maxn4_LMN8_001952.h5,1.5988701572710926,1.4021981538849584,0.4126042042138434,0.989593949671115,False,False,2.3207450993621284,2.1921022729505095,log_f_Q|log_FSA_grad_x|bad_curvature_compression|geodesic_curvature_compression|parallel_roughness_iqr_scaled|nfp|iota|shat|aspect|rho|aspect/rho|equilibrium_class_1|equilibrium_class_2|equilibrium_class_3|equilibrium_class_4,observed-comparison,3.3952421098947525,3.3952422259372925,1.47453496344948,0.8006873796362566,-0.8118712880451566,0.0
f_stab,f_stab:0179,81434,83955,20241122-01-QUASR/20241122-01-030_QUASR_vacuum_equilibria_with_maxF_below_threshold_and_enough_iota_flux_tubes/QUASR_vacuum_000239.h5,20241122-01-QUASR/20241122-01-030_QUASR_vacuum_equilibria_with_maxF_below_threshold_and_enough_iota_flux_tubes/QUASR_vacuum_000365.h5,1.6025099329261774,1.6935425479328652,0.4555081870225946,1.2380343609102706,False,False,2.3207450993621284,2.1921022729505095,log_f_Q|log_FSA_grad_x|bad_curvature_compression|geodesic_curvature_compression|parallel_roughness_iqr_scaled|nfp|iota|shat|aspect|rho|aspect/rho|equilibrium_class_1|equilibrium_class_2|equilibrium_class_3|equilibrium_class_4,observed-comparison,3.5051185190677643,3.505118601226251,1.5222536669290052,1.063698057178451,0.335864031207991,0.0
f_stab,f_stab:0180,91802,49487,20241122-01-QUASR/20241122-01-031_QUASR_finite_beta_equilibria_with_maxF_below_threshold_and_enough_iota_flux_tubes/QUASR_finiteBeta_001738.h5,20241103-01-random_equilibria_and_flux_tubes_random_aspect_ratio/20241103-01-065_generate_flux_tubes_nfp5/nfp5_randomAspect_finiteBeta_maxm4_maxn4_LMN8_002802.h5,1.6169045765517607,1.3804288590233946,0.7837629939937485,0.5966658650296461,False,False,2.3207450993621284,2.1921022729505095,log_f_Q|log_FSA_grad_x|bad_curvature_compression|geodesic_curvature_compression|parallel_roughness_iqr_scaled|nfp|iota|shat|aspect|rho|aspect/rho|equilibrium_class_1|equilibrium_class_2|equilibrium_class_3|equilibrium_class_4,observed-comparison,1.7899535298347473,1.7899534771425372,0.7773669179865422,1.5728477953883597,2.5590215353854235,0.0
f_stab,f_stab:0181,90755,35630,20241122-01-QUASR/20241122-01-031_QUASR_finite_beta_equilibria_with_maxF_below_threshold_and_enough_iota_flux_tubes/QUASR_finiteBeta_001476.h5,20241103-01-random_equilibria_and_flux_tubes_random_aspect_ratio/20241103-01-064_generate_flux_tubes_nfp4/nfp4_randomAspect_finiteBeta_maxm4_maxn4_LMN8_002536.h5,1.6655146824709544,1.3019946571852439,0.5586777717475991,0.7433168854376447,False,False,2.3207450993621284,2.1921022729505095,log_f_Q|log_FSA_grad_x|bad_curvature_compression|geodesic_curvature_compression|parallel_roughness_iqr_scaled|nfp|iota|shat|aspect|rho|aspect/rho|equilibrium_class_1|equilibrium_class_2|equilibrium_class_3|equilibrium_class_4,observed-comparison,3.148563876748085,3.148563924118666,1.3674039381643854,0.5486014951223999,0.012943262022198976,0.0
f_stab,f_stab:0182,83759,80256,20241122-01-QUASR/20241122-01-030_QUASR_vacuum_equilibria_with_maxF_below_threshold_and_enough_iota_flux_tubes/QUASR_vacuum_000355.h5,20241122-01-QUASR/20241122-01-030_QUASR_vacuum_equilibria_with_maxF_below_threshold_and_enough_iota_flux_tubes/QUASR_vacuum_000180.h5,1.6686158290179922,1.250969874232099,0.5628771020388389,0.68809277219326,False,False,2.3207450993621284,2.1921022729505095,log_f_Q|log_FSA_grad_x|bad_curvature_compression|geodesic_curvature_compression|parallel_roughness_iqr_scaled|nfp|iota|shat|aspect|rho|aspect/rho|equilibrium_class_1|equilibrium_class_2|equilibrium_class_3|equilibrium_class_4,observed-comparison,2.81037700176239,2.8103769914109193,1.2205312194376248,-0.2214029056327983,1.1103050941453605,0.0
f_stab,f_stab:0183,92789,58799,20241122-01-QUASR/20241122-01-031_QUASR_finite_beta_equilibria_with_maxF_below_threshold_and_enough_iota_flux_tubes/QUASR_finiteBeta_001984.h5,20241115-01-random_heliotrons/20241115-01-022_heliotrons_finiteBeta_randomAspect_randomNfpUpTo8_noTorsion_flux_tubes/heliotron_randomAspect_finiteBeta_maxm1_maxn1_LMN8_001931.h5,1.6868767096898343,2.0083121923621796,0.414703850182669,1.5936083421795106,False,False,2.3207450993621284,2.1921022729505095,log_f_Q|log_FSA_grad_x|bad_curvature_compression|geodesic_curvature_compression|parallel_roughness_iqr_scaled|nfp|iota|shat|aspect|rho|aspect/rho|equilibrium_class_1|equilibrium_class_2|equilibrium_class_3|equilibrium_class_4,observed-comparison,2.3944027721881866,2.3944026713661817,1.039875867628738,0.6529990759215776,-4.773157436843147,0.0
f_stab,f_stab:0184,80512,28836,20241122-01-QUASR/20241122-01-030_QUASR_vacuum_equilibria_with_maxF_below_threshold_and_enough_iota_flux_tubes/QUASR_vacuum_000193.h5,20241103-01-random_equilibria_and_flux_tubes_random_aspect_ratio/20241103-01-064_generate_flux_tubes_nfp4/nfp4_randomAspect_finiteBeta_maxm4_maxn4_LMN8_000837.h5,1.7141041536700796,1.8171375583974914,0.5872659285002338,1.2298716298972576,False,False,2.3207450993621284,2.1921022729505095,log_f_Q|log_FSA_grad_x|bad_curvature_compression|geodesic_curvature_compression|parallel_roughness_iqr_scaled|nfp|iota|shat|aspect|rho|aspect/rho|equilibrium_class_1|equilibrium_class_2|equilibrium_class_3|equilibrium_class_4,observed-comparison,2.477685660123825,2.477685743881279,1.076045246457993,-0.02270666995897,0.627527606287337,0.0
f_stab,f_stab:0185,77444,11016,20241122-01-QUASR/20241122-01-030_QUASR_vacuum_equilibria_with_maxF_below_threshold_and_enough_iota_flux_tubes/QUASR_vacuum_000039.h5,20241103-01-random_equilibria_and_flux_tubes_random_aspect_ratio/20241103-01-062_generate_flux_tubes_nfp2/nfp2_randomAspect_finiteBeta_maxm4_maxn4_LMN8_002771.h5,1.7212621967640178,1.7796059315629866,0.39470446224318767,1.384901469319799,False,True,2.3207450993621284,2.1921022729505095,log_f_Q|log_FSA_grad_x|bad_curvature_compression|geodesic_curvature_compression|parallel_roughness_iqr_scaled|nfp|iota|shat|aspect|rho|aspect/rho|equilibrium_class_1|equilibrium_class_2|equilibrium_class_3|equilibrium_class_4,observed-comparison,5.258443355560303,5.336962636652931,2.317813423222198,5.318598083346184,2.454009882075245,0.0
f_stab,f_stab:0186,92661,94355,20241122-01-QUASR/20241122-01-031_QUASR_finite_beta_equilibria_with_maxF_below_threshold_and_enough_iota_flux_tubes/QUASR_finiteBeta_001952.h5,20241122-01-QUASR/20241122-01-031_QUASR_finite_beta_equilibria_with_maxF_below_threshold_and_enough_iota_flux_tubes/QUASR_finiteBeta_002376.h5,1.7498737434744467,1.3333184344750149,0.551657781468402,0.7816606530066128,False,False,2.3207450993621284,2.1921022729505095,log_f_Q|log_FSA_grad_x|bad_curvature_compression|geodesic_curvature_compression|parallel_roughness_iqr_scaled|nfp|iota|shat|aspect|rho|aspect/rho|equilibrium_class_1|equilibrium_class_2|equilibrium_class_3|equilibrium_class_4,observed-comparison,1.405259907245636,1.405259908071737,0.6102966237154263,-1.0605228137992775,1.3551521514169347,0.0
f_stab,f_stab:0187,20579,88896,20241103-01-random_equilibria_and_flux_tubes_random_aspect_ratio/20241103-01-063_generate_flux_tubes_nfp3/nfp3_randomAspect_finiteBeta_maxm4_maxn4_LMN8_001970.h5,20241122-01-QUASR/20241122-01-031_QUASR_finite_beta_equilibria_with_maxF_below_threshold_and_enough_iota_flux_tubes/QUASR_finiteBeta_001007.h5,1.765486646570245,1.3006715010794465,0.4523656354524647,0.8483058656269817,False,False,2.3207450993621284,2.1921022729505095,log_f_Q|log_FSA_grad_x|bad_curvature_compression|geodesic_curvature_compression|parallel_roughness_iqr_scaled|nfp|iota|shat|aspect|rho|aspect/rho|equilibrium_class_1|equilibrium_class_2|equilibrium_class_3|equilibrium_class_4,observed-comparison,3.052361637353897,3.052361688290475,1.3256238379974472,1.2432370336040763,1.287879358555452,0.0
f_stab,f_stab:0188,91523,60547,20241122-01-QUASR/20241122-01-031_QUASR_finite_beta_equilibria_with_maxF_below_threshold_and_enough_iota_flux_tubes/QUASR_finiteBeta_001668.h5,20241115-01-random_heliotrons/20241115-01-022_heliotrons_finiteBeta_randomAspect_randomNfpUpTo8_noTorsion_flux_tubes/heliotron_randomAspect_finiteBeta_maxm1_maxn1_LMN8_002368.h5,1.7810967613231525,1.3886584436242038,0.4012166576714726,0.9874417859527311,False,False,2.3207450993621284,2.1921022729505095,log_f_Q|log_FSA_grad_x|bad_curvature_compression|geodesic_curvature_compression|parallel_roughness_iqr_scaled|nfp|iota|shat|aspect|rho|aspect/rho|equilibrium_class_1|equilibrium_class_2|equilibrium_class_3|equilibrium_class_4,observed-comparison,2.8264158368110657,2.8264159448163175,1.2274968483970925,0.8579336484043175,0.20141479036098797,0.0
f_stab,f_stab:0189,88973,54481,20241122-01-QUASR/20241122-01-031_QUASR_finite_beta_equilibria_with_maxF_below_threshold_and_enough_iota_flux_tubes/QUASR_finiteBeta_001027.h5,20241115-01-random_heliotrons/20241115-01-022_heliotrons_finiteBeta_randomAspect_randomNfpUpTo8_noTorsion_flux_tubes/heliotron_randomAspect_finiteBeta_maxm1_maxn1_LMN8_000851.h5,1.798603010833376,2.0269296660154965,0.4060650602305477,1.6208646057849487,False,False,2.3207450993621284,2.1921022729505095,log_f_Q|log_FSA_grad_x|bad_curvature_compression|geodesic_curvature_compression|parallel_roughness_iqr_scaled|nfp|iota|shat|aspect|rho|aspect/rho|equilibrium_class_1|equilibrium_class_2|equilibrium_class_3|equilibrium_class_4,observed-comparison,4.171307563781738,4.171307515330221,1.8115758362294792,1.315937625643742,-1.290444172338645,0.0
f_stab,f_stab:0190,93059,89124,20241122-01-QUASR/20241122-01-031_QUASR_finite_beta_equilibria_with_maxF_below_threshold_and_enough_iota_flux_tubes/QUASR_finiteBeta_002052.h5,20241122-01-QUASR/20241122-01-031_QUASR_finite_beta_equilibria_with_maxF_below_threshold_and_enough_iota_flux_tubes/QUASR_finiteBeta_001064.h5,1.8211603077535083,1.546252137487161,0.5130566380268616,1.0331954994602994,False,False,2.3207450993621284,2.1921022729505095,log_f_Q|log_FSA_grad_x|bad_curvature_compression|geodesic_curvature_compression|parallel_roughness_iqr_scaled|nfp|iota|shat|aspect|rho|aspect/rho|equilibrium_class_1|equilibrium_class_2|equilibrium_class_3|equilibrium_class_4,observed-comparison,3.3522888347506523,3.352288836477332,1.4558805434279778,0.7583877700111474,3.133252380046482,0.0
f_stab,f_stab:0191,79336,53811,20241122-01-QUASR/20241122-01-030_QUASR_vacuum_equilibria_with_maxF_below_threshold_and_enough_iota_flux_tubes/QUASR_vacuum_000134.h5,20241115-01-random_heliotrons/20241115-01-022_heliotrons_finiteBeta_randomAspect_randomNfpUpTo8_noTorsion_flux_tubes/heliotron_randomAspect_finiteBeta_maxm1_maxn1_LMN8_000684.h5,1.8256372182660716,2.55413741066699,0.5891798615079845,1.9649575491590054,False,False,2.3207450993621284,2.1921022729505095,log_f_Q|log_FSA_grad_x|bad_curvature_compression|geodesic_curvature_compression|parallel_roughness_iqr_scaled|nfp|iota|shat|aspect|rho|aspect/rho|equilibrium_class_1|equilibrium_class_2|equilibrium_class_3|equilibrium_class_4,observed-comparison,2.6354126930236816,2.635412489636212,1.1445451017879176,0.7611488965211836,-2.589094937697721,0.0
f_stab,f_stab:0192,51219,61470,20241115-01-random_heliotrons/20241115-01-022_heliotrons_finiteBeta_randomAspect_randomNfpUpTo8_noTorsion_flux_tubes/heliotron_randomAspect_finiteBeta_maxm1_maxn1_LMN8_000036.h5,20241115-01-random_heliotrons/20241115-01-022_heliotrons_finiteBeta_randomAspect_randomNfpUpTo8_noTorsion_flux_tubes/heliotron_randomAspect_finiteBeta_maxm1_maxn1_LMN8_002599.h5,1.8496610205814306,1.2561570097640418,0.39648147857431226,0.8596755311897295,False,False,2.3207450993621284,2.1921022729505095,log_f_Q|log_FSA_grad_x|bad_curvature_compression|geodesic_curvature_compression|parallel_roughness_iqr_scaled|nfp|iota|shat|aspect|rho|aspect/rho|equilibrium_class_1|equilibrium_class_2|equilibrium_class_3|equilibrium_class_4,observed-comparison,3.6240596175193787,3.6240595025469924,1.5739090440452026,1.7877282694124335,1.0975730087204125,0.0
f_stab,f_stab:0193,83645,24690,20241122-01-QUASR/20241122-01-030_QUASR_vacuum_equilibria_with_maxF_below_threshold_and_enough_iota_flux_tubes/QUASR_vacuum_000350.h5,20241103-01-random_equilibria_and_flux_tubes_random_aspect_ratio/20241103-01-063_generate_flux_tubes_nfp3/nfp3_randomAspect_finiteBeta_maxm4_maxn4_LMN8_002999.h5,1.867575668263912,2.294466902477895,0.3900766393261246,1.9043902631517704,False,False,2.3207450993621284,2.1921022729505095,log_f_Q|log_FSA_grad_x|bad_curvature_compression|geodesic_curvature_compression|parallel_roughness_iqr_scaled|nfp|iota|shat|aspect|rho|aspect/rho|equilibrium_class_1|equilibrium_class_2|equilibrium_class_3|equilibrium_class_4,observed-comparison,4.222513854503632,4.222513816594035,1.833814450307029,1.4011224307388686,0.8358896618423937,0.0
f_stab,f_stab:0194,84649,86008,20241122-01-QUASR/20241122-01-030_QUASR_vacuum_equilibria_with_maxF_below_threshold_and_enough_iota_flux_tubes/QUASR_vacuum_000400.h5,20241122-01-QUASR/20241122-01-031_QUASR_finite_beta_equilibria_with_maxF_below_threshold_and_enough_iota_flux_tubes/QUASR_finiteBeta_000278.h5,1.8810824606789938,1.4835122397933909,0.40127471387280433,1.0822375259205865,False,True,2.3207450993621284,2.1921022729505095,log_f_Q|log_FSA_grad_x|bad_curvature_compression|geodesic_curvature_compression|parallel_roughness_iqr_scaled|nfp|iota|shat|aspect|rho|aspect/rho|equilibrium_class_1|equilibrium_class_2|equilibrium_class_3|equilibrium_class_4,observed-comparison,5.573633670806885,6.432277076609797,2.793502440444415,4.119304292434673,0.39970719035747226,0.0
f_stab,f_stab:0195,79889,57972,20241122-01-QUASR/20241122-01-030_QUASR_vacuum_equilibria_with_maxF_below_threshold_and_enough_iota_flux_tubes/QUASR_vacuum_000162.h5,20241115-01-random_heliotrons/20241115-01-022_heliotrons_finiteBeta_randomAspect_randomNfpUpTo8_noTorsion_flux_tubes/heliotron_randomAspect_finiteBeta_maxm1_maxn1_LMN8_001724.h5,1.9170648877191803,1.635686681729582,0.3874684916871221,1.24821819004246,False,False,2.3207450993621284,2.1921022729505095,log_f_Q|log_FSA_grad_x|bad_curvature_compression|geodesic_curvature_compression|parallel_roughness_iqr_scaled|nfp|iota|shat|aspect|rho|aspect/rho|equilibrium_class_1|equilibrium_class_2|equilibrium_class_3|equilibrium_class_4,observed-comparison,3.476499930024147,3.4765000066418916,1.509824769221192,1.1505809250820118,0.054290623811174665,0.0
f_stab,f_stab:0196,89169,74502,20241122-01-QUASR/20241122-01-031_QUASR_finite_beta_equilibria_with_maxF_below_threshold_and_enough_iota_flux_tubes/QUASR_finiteBeta_001076.h5,20241115-01-random_heliotrons/20241115-01-023_heliotrons_finiteBeta_randomAspect_randomNfpUpTo8_withTorsion_flux_tubes/heliotron_randomAspect_finiteBeta_maxm1_maxn1_LMN8_002659.h5,1.9195222063234032,1.988543205214239,0.3948437835706174,1.5936994216436218,False,False,2.3207450993621284,2.1921022729505095,log_f_Q|log_FSA_grad_x|bad_curvature_compression|geodesic_curvature_compression|parallel_roughness_iqr_scaled|nfp|iota|shat|aspect|rho|aspect/rho|equilibrium_class_1|equilibrium_class_2|equilibrium_class_3|equilibrium_class_4,observed-comparison,3.774596393108368,3.7745963217607614,1.63928635395301,0.9547045140512008,0.9001143614568801,0.0
f_stab,f_stab:0197,89236,1766,20241122-01-QUASR/20241122-01-031_QUASR_finite_beta_equilibria_with_maxF_below_threshold_and_enough_iota_flux_tubes/QUASR_finiteBeta_001092.h5,20241103-01-random_equilibria_and_flux_tubes_random_aspect_ratio/20241103-01-062_generate_flux_tubes_nfp2/nfp2_randomAspect_finiteBeta_maxm4_maxn4_LMN8_000444.h5,1.9376450194672155,2.038378379240348,0.35243809105593643,1.6859402881844114,False,False,2.3207450993621284,2.1921022729505095,log_f_Q|log_FSA_grad_x|bad_curvature_compression|geodesic_curvature_compression|parallel_roughness_iqr_scaled|nfp|iota|shat|aspect|rho|aspect/rho|equilibrium_class_1|equilibrium_class_2|equilibrium_class_3|equilibrium_class_4,observed-comparison,2.4500277638435364,2.4500277579440985,1.064033535784918,-0.5001526093987363,-1.193495235176874,0.0
f_stab,f_stab:0198,58868,45557,20241115-01-random_heliotrons/20241115-01-022_heliotrons_finiteBeta_randomAspect_randomNfpUpTo8_noTorsion_flux_tubes/heliotron_randomAspect_finiteBeta_maxm1_maxn1_LMN8_001949.h5,20241103-01-random_equilibria_and_flux_tubes_random_aspect_ratio/20241103-01-065_generate_flux_tubes_nfp5/nfp5_randomAspect_finiteBeta_maxm4_maxn4_LMN8_001819.h5,1.943999470648652,1.4963750862016607,0.5078342987537231,0.9885407874479376,False,False,2.3207450993621284,2.1921022729505095,log_f_Q|log_FSA_grad_x|bad_curvature_compression|geodesic_curvature_compression|parallel_roughness_iqr_scaled|nfp|iota|shat|aspect|rho|aspect/rho|equilibrium_class_1|equilibrium_class_2|equilibrium_class_3|equilibrium_class_4,observed-comparison,2.942409723997116,2.942409700705188,1.2778722965148621,0.9348475300215191,1.4571886520081858,0.0
f_stab,f_stab:0199,63016,59606,20241115-01-random_heliotrons/20241115-01-022_heliotrons_finiteBeta_randomAspect_randomNfpUpTo8_noTorsion_flux_tubes/heliotron_randomAspect_finiteBeta_maxm1_maxn1_LMN8_002986.h5,20241115-01-random_heliotrons/20241115-01-022_heliotrons_finiteBeta_randomAspect_randomNfpUpTo8_noTorsion_flux_tubes/heliotron_randomAspect_finiteBeta_maxm1_maxn1_LMN8_002133.h5,1.9483679780105578,1.2476370424342345,0.7973370794351515,0.4502999629990829,False,False,2.3207450993621284,2.1921022729505095,log_f_Q|log_FSA_grad_x|bad_curvature_compression|geodesic_curvature_compression|parallel_roughness_iqr_scaled|nfp|iota|shat|aspect|rho|aspect/rho|equilibrium_class_1|equilibrium_class_2|equilibrium_class_3|equilibrium_class_4,observed-comparison,1.5554430931806564,1.5554430690248855,0.6755203417921666,1.0198894380713701,-0.24436125310105528,0.0
f_stab,f_stab:0200,71351,2532,20241115-01-random_heliotrons/20241115-01-023_heliotrons_finiteBeta_randomAspect_randomNfpUpTo8_withTorsion_flux_tubes/heliotron_randomAspect_finiteBeta_maxm1_maxn1_LMN8_001871.h5,20241103-01-random_equilibria_and_flux_tubes_random_aspect_ratio/20241103-01-062_generate_flux_tubes_nfp2/nfp2_randomAspect_finiteBeta_maxm4_maxn4_LMN8_000637.h5,1.957088794755237,1.6142903953788128,0.38789030059014246,1.2264000947886704,False,False,2.3207450993621284,2.1921022729505095,log_f_Q|log_FSA_grad_x|bad_curvature_compression|geodesic_curvature_compression|parallel_roughness_iqr_scaled|nfp|iota|shat|aspect|rho|aspect/rho|equilibrium_class_1|equilibrium_class_2|equilibrium_class_3|equilibrium_class_4,observed-comparison,3.6595816612243652,3.659581564094866,1.5893360793612716,0.8999050010694095,1.932286192066548,0.0
f_stab,f_stab:0201,86188,89868,20241122-01-QUASR/20241122-01-031_QUASR_finite_beta_equilibria_with_maxF_below_threshold_and_enough_iota_flux_tubes/QUASR_finiteBeta_000323.h5,20241122-01-QUASR/20241122-01-031_QUASR_finite_beta_equilibria_with_maxF_below_threshold_and_enough_iota_flux_tubes/QUASR_finiteBeta_001254.h5,1.9683130406685148,2.0818131996938813,0.47053466893730206,1.6112785307565793,False,False,2.3207450993621284,2.1921022729505095,log_f_Q|log_FSA_grad_x|bad_curvature_compression|geodesic_curvature_compression|parallel_roughness_iqr_scaled|nfp|iota|shat|aspect|rho|aspect/rho|equilibrium_class_1|equilibrium_class_2|equilibrium_class_3|equilibrium_class_4,observed-comparison,3.968928635120392,3.968928505924366,1.72368374919147,1.778164410111866,1.9043999847420499,0.0
bad_curvature_compression,bad_curvature_compression:0000,95566,95578,20241122-01-QUASR/20241122-01-031_QUASR_finite_beta_equilibria_with_maxF_below_threshold_and_enough_iota_flux_tubes/QUASR_finiteBeta_002679.h5,20241122-01-QUASR/20241122-01-031_QUASR_finite_beta_equilibria_with_maxF_below_threshold_and_enough_iota_flux_tubes/QUASR_finiteBeta_002682.h5,0.25425627594195804,2.9061735051851834,0.4343670645339333,2.47180644065125,False,False,3.389677156040502,3.7465191250190304,log_f_Q|f_stab|log_FSA_grad_x|geodesic_curvature_compression|parallel_roughness_iqr_scaled|nfp|iota|shat|aspect|rho|aspect/rho|equilibrium_class_1|equilibrium_class_2|equilibrium_class_3|equilibrium_class_4,observed-comparison,0.051973819732666016,0.0519737361739816,0.022571906824255805,-0.09658386609969238,0.1429330597245546,0.0
bad_curvature_compression,bad_curvature_compression:0001,95506,90814,20241122-01-QUASR/20241122-01-031_QUASR_finite_beta_equilibria_with_maxF_below_threshold_and_enough_iota_flux_tubes/QUASR_finiteBeta_002664.h5,20241122-01-QUASR/20241122-01-031_QUASR_finite_beta_equilibria_with_maxF_below_threshold_and_enough_iota_flux_tubes/QUASR_finiteBeta_001491.h5,0.3283580648044555,2.2745120049775953,0.4431777881565024,1.8313342168210929,False,False,3.389677156040502,3.7465191250190304,log_f_Q|f_stab|log_FSA_grad_x|geodesic_curvature_compression|parallel_roughness_iqr_scaled|nfp|iota|shat|aspect|rho|aspect/rho|equilibrium_class_1|equilibrium_class_2|equilibrium_class_3|equilibrium_class_4,observed-comparison,-0.11724209785461426,-0.11724192469542682,-0.05091752094294044,0.40355460037289503,-0.3420502436838262,0.0
bad_curvature_compression,bad_curvature_compression:0002,21159,20655,20241103-01-random_equilibria_and_flux_tubes_random_aspect_ratio/20241103-01-063_generate_flux_tubes_nfp3/nfp3_randomAspect_finiteBeta_maxm4_maxn4_LMN8_002116.h5,20241103-01-random_equilibria_and_flux_tubes_random_aspect_ratio/20241103-01-063_generate_flux_tubes_nfp3/nfp3_randomAspect_finiteBeta_maxm4_maxn4_LMN8_001989.h5,0.337072505380687,2.561369634789423,0.4192462036474833,2.1421234311419397,False,False,3.389677156040502,3.7465191250190304,log_f_Q|f_stab|log_FSA_grad_x|geodesic_curvature_compression|parallel_roughness_iqr_scaled|nfp|iota|shat|aspect|rho|aspect/rho|equilibrium_class_1|equilibrium_class_2|equilibrium_class_3|equilibrium_class_4,observed-comparison,1.3146861791610718,1.3146862593077657,0.5709609878513905,0.5226759793935133,3.7419276704006954,0.0
bad_curvature_compression,bad_curvature_compression:0003,33091,29844,20241103-01-random_equilibria_and_flux_tubes_random_aspect_ratio/20241103-01-064_generate_flux_tubes_nfp4/nfp4_randomAspect_finiteBeta_maxm4_maxn4_LMN8_001902.h5,20241103-01-random_equilibria_and_flux_tubes_random_aspect_ratio/20241103-01-064_generate_flux_tubes_nfp4/nfp4_randomAspect_finiteBeta_maxm4_maxn4_LMN8_001089.h5,0.35204844378242983,2.550927514261707,0.30195526069786616,2.2489722535638412,False,False,3.389677156040502,3.7465191250190304,log_f_Q|f_stab|log_FSA_grad_x|geodesic_curvature_compression|parallel_roughness_iqr_scaled|nfp|iota|shat|aspect|rho|aspect/rho|equilibrium_class_1|equilibrium_class_2|equilibrium_class_3|equilibrium_class_4,observed-comparison,1.4155083894729614,1.4155084449754303,0.6147475067402821,0.2567942198761748,4.620032142595307,0.0
bad_curvature_compression,bad_curvature_compression:0004,77258,77750,20241122-01-QUASR/20241122-01-030_QUASR_vacuum_equilibria_with_maxF_below_threshold_and_enough_iota_flux_tubes/QUASR_vacuum_000029.h5,20241122-01-QUASR/20241122-01-030_QUASR_vacuum_equilibria_with_maxF_below_threshold_and_enough_iota_flux_tubes/QUASR_vacuum_000054.h5,0.3619732581586129,2.9781304136163143,0.4311517081005076,2.546978705515807,False,False,3.389677156040502,3.7465191250190304,log_f_Q|f_stab|log_FSA_grad_x|geodesic_curvature_compression|parallel_roughness_iqr_scaled|nfp|iota|shat|aspect|rho|aspect/rho|equilibrium_class_1|equilibrium_class_2|equilibrium_class_3|equilibrium_class_4,observed-comparison,-0.6226682662963867,-0.6226683184567734,-0.2704214147617534,0.24741051119913138,2.152413220026189,0.0
bad_curvature_compression,bad_curvature_compression:0005,49036,51074,20241103-01-random_equilibria_and_flux_tubes_random_aspect_ratio/20241103-01-065_generate_flux_tubes_nfp5/nfp5_randomAspect_finiteBeta_maxm4_maxn4_LMN8_002690.h5,20241103-01-random_equilibria_and_flux_tubes_random_aspect_ratio/20241103-01-065_generate_flux_tubes_nfp5/nfp5_randomAspect_finiteBeta_maxm4_maxn4_LMN8_003199.h5,0.3696376702725805,2.671217952872638,0.4506433750027831,2.220574577869855,False,False,3.389677156040502,3.7465191250190304,log_f_Q|f_stab|log_FSA_grad_x|geodesic_curvature_compression|parallel_roughness_iqr_scaled|nfp|iota|shat|aspect|rho|aspect/rho|equilibrium_class_1|equilibrium_class_2|equilibrium_class_3|equilibrium_class_4,observed-comparison,1.8336552381515503,1.8336551134461443,0.7963462974833418,-0.44858282755667667,9.004735235986335,0.0
bad_curvature_compression,bad_curvature_compression:0006,77539,76799,20241122-01-QUASR/20241122-01-030_QUASR_vacuum_equilibria_with_maxF_below_threshold_and_enough_iota_flux_tubes/QUASR_vacuum_000043.h5,20241122-01-QUASR/20241122-01-030_QUASR_vacuum_equilibria_with_maxF_below_threshold_and_enough_iota_flux_tubes/QUASR_vacuum_000006.h5,0.37786141256967076,3.135340362281671,0.25524084632153143,2.88009951596014,False,False,3.389677156040502,3.7465191250190304,log_f_Q|f_stab|log_FSA_grad_x|geodesic_curvature_compression|parallel_roughness_iqr_scaled|nfp|iota|shat|aspect|rho|aspect/rho|equilibrium_class_1|equilibrium_class_2|equilibrium_class_3|equilibrium_class_4,observed-comparison,0.5579173564910889,0.5579173120743497,0.24230040999218472,0.5096386027749604,4.644447723652304,0.0
bad_curvature_compression,bad_curvature_compression:0007,11036,4415,20241103-01-random_equilibria_and_flux_tubes_random_aspect_ratio/20241103-01-062_generate_flux_tubes_nfp2/nfp2_randomAspect_finiteBeta_maxm4_maxn4_LMN8_002776.h5,20241103-01-random_equilibria_and_flux_tubes_random_aspect_ratio/20241103-01-062_generate_flux_tubes_nfp2/nfp2_randomAspect_finiteBeta_maxm4_maxn4_LMN8_001111.h5,0.39215604184871755,2.561596289075662,0.32561562667449645,2.2359806624011656,False,False,3.389677156040502,3.7465191250190304,log_f_Q|f_stab|log_FSA_grad_x|geodesic_curvature_compression|parallel_roughness_iqr_scaled|nfp|iota|shat|aspect|rho|aspect/rho|equilibrium_class_1|equilibrium_class_2|equilibrium_class_3|equilibrium_class_4,observed-comparison,1.054895043373108,1.0548949850324987,0.45813507098702766,0.15117070218666673,1.8892823074391325,0.0
bad_curvature_compression,bad_curvature_compression:0008,56178,51313,20241115-01-random_heliotrons/20241115-01-022_heliotrons_finiteBeta_randomAspect_randomNfpUpTo8_noTorsion_flux_tubes/heliotron_randomAspect_finiteBeta_maxm1_maxn1_LMN8_001276.h5,20241115-01-random_heliotrons/20241115-01-022_heliotrons_finiteBeta_randomAspect_randomNfpUpTo8_noTorsion_flux_tubes/heliotron_randomAspect_finiteBeta_maxm1_maxn1_LMN8_000059.h5,0.39854482949483816,3.333774681708847,0.37257062938718977,2.9612040523216576,False,False,3.389677156040502,3.7465191250190304,log_f_Q|f_stab|log_FSA_grad_x|geodesic_curvature_compression|parallel_roughness_iqr_scaled|nfp|iota|shat|aspect|rho|aspect/rho|equilibrium_class_1|equilibrium_class_2|equilibrium_class_3|equilibrium_class_4,observed-comparison,0.5994484424591064,0.5994485123823265,0.2603371811127575,-0.2628675261963105,1.3808545796776102,0.0
bad_curvature_compression,bad_curvature_compression:0009,51451,56153,20241115-01-random_heliotrons/20241115-01-022_heliotrons_finiteBeta_randomAspect_randomNfpUpTo8_noTorsion_flux_tubes/heliotron_randomAspect_finiteBeta_maxm1_maxn1_LMN8_000094.h5,20241115-01-random_heliotrons/20241115-01-022_heliotrons_finiteBeta_randomAspect_randomNfpUpTo8_noTorsion_flux_tubes/heliotron_randomAspect_finiteBeta_maxm1_maxn1_LMN8_001269.h5,0.4045510027521455,3.330682006610518,0.4031514935592804,2.9275305130512375,False,False,3.389677156040502,3.7465191250190304,log_f_Q|f_stab|log_FSA_grad_x|geodesic_curvature_compression|parallel_roughness_iqr_scaled|nfp|iota|shat|aspect|rho|aspect/rho|equilibrium_class_1|equilibrium_class_2|equilibrium_class_3|equilibrium_class_4,observed-comparison,0.6331446170806885,0.6331446526567572,0.2749712288953807,0.005864628233367752,1.4359261955204325,0.0
bad_curvature_compression,bad_curvature_compression:0010,73436,23675,20241115-01-random_heliotrons/20241115-01-023_heliotrons_finiteBeta_randomAspect_randomNfpUpTo8_withTorsion_flux_tubes/heliotron_randomAspect_finiteBeta_maxm1_maxn1_LMN8_002393.h5,20241103-01-random_equilibria_and_flux_tubes_random_aspect_ratio/20241103-01-063_generate_flux_tubes_nfp3/nfp3_randomAspect_finiteBeta_maxm4_maxn4_LMN8_002745.h5,0.4049014643581306,2.271714799247848,0.36909160203721575,1.9026231972106324,False,False,3.389677156040502,3.7465191250190304,log_f_Q|f_stab|log_FSA_grad_x|geodesic_curvature_compression|parallel_roughness_iqr_scaled|nfp|iota|shat|aspect|rho|aspect/rho|equilibrium_class_1|equilibrium_class_2|equilibrium_class_3|equilibrium_class_4,observed-comparison,0.3878154754638672,0.3878154498591475,0.16842610987065498,-0.45702545833647606,1.856431256344669,0.0
bad_curvature_compression,bad_curvature_compression:0011,62299,52094,20241115-01-random_heliotrons/20241115-01-022_heliotrons_finiteBeta_randomAspect_randomNfpUpTo8_noTorsion_flux_tubes/heliotron_randomAspect_finiteBeta_maxm1_maxn1_LMN8_002807.h5,20241115-01-random_heliotrons/20241115-01-022_heliotrons_finiteBeta_randomAspect_randomNfpUpTo8_noTorsion_flux_tubes/heliotron_randomAspect_finiteBeta_maxm1_maxn1_LMN8_000254.h5,0.409549904888954,2.7610842796108677,0.4391761901865115,2.321908089424356,False,False,3.389677156040502,3.7465191250190304,log_f_Q|f_stab|log_FSA_grad_x|geodesic_curvature_compression|parallel_roughness_iqr_scaled|nfp|iota|shat|aspect|rho|aspect/rho|equilibrium_class_1|equilibrium_class_2|equilibrium_class_3|equilibrium_class_4,observed-comparison,0.26169848442077637,0.2616986569620461,0.11365428264010857,-0.21212887904700767,1.4478973099892563,0.0
bad_curvature_compression,bad_curvature_compression:0012,68073,75793,20241115-01-random_heliotrons/20241115-01-023_heliotrons_finiteBeta_randomAspect_randomNfpUpTo8_withTorsion_flux_tubes/heliotron_randomAspect_finiteBeta_maxm1_maxn1_LMN8_001051.h5,20241115-01-random_heliotrons/20241115-01-023_heliotrons_finiteBeta_randomAspect_randomNfpUpTo8_withTorsion_flux_tubes/heliotron_randomAspect_finiteBeta_maxm1_maxn1_LMN8_002982.h5,0.4203171527137862,2.5300145776301965,0.0,2.5300145776301965,False,False,3.389677156040502,3.7465191250190304,log_f_Q|f_stab|log_FSA_grad_x|geodesic_curvature_compression|parallel_roughness_iqr_scaled|nfp|iota|shat|aspect|rho|aspect/rho|equilibrium_class_1|equilibrium_class_2|equilibrium_class_3|equilibrium_class_4,observed-comparison,0.5104081630706787,0.510408105898946,0.22166742391060268,0.6328065962835658,-0.5896310736578445,0.0
bad_curvature_compression,bad_curvature_compression:0013,77333,77577,20241122-01-QUASR/20241122-01-030_QUASR_vacuum_equilibria_with_maxF_below_threshold_and_enough_iota_flux_tubes/QUASR_vacuum_000033.h5,20241122-01-QUASR/20241122-01-030_QUASR_vacuum_equilibria_with_maxF_below_threshold_and_enough_iota_flux_tubes/QUASR_vacuum_000045.h5,0.42499121530392847,3.115796886610051,0.25430347975113743,2.861493406858914,False,False,3.389677156040502,3.7465191250190304,log_f_Q|f_stab|log_FSA_grad_x|geodesic_curvature_compression|parallel_roughness_iqr_scaled|nfp|iota|shat|aspect|rho|aspect/rho|equilibrium_class_1|equilibrium_class_2|equilibrium_class_3|equilibrium_class_4,observed-comparison,0.8260113000869751,0.8260111905472693,0.3587321020450146,0.5332690205738282,4.193499283520195,0.0
bad_curvature_compression,bad_curvature_compression:0014,66546,72098,20241115-01-random_heliotrons/20241115-01-023_heliotrons_finiteBeta_randomAspect_randomNfpUpTo8_withTorsion_flux_tubes/heliotron_randomAspect_finiteBeta_maxm1_maxn1_LMN8_000669.h5,20241115-01-random_heliotrons/20241115-01-023_heliotrons_finiteBeta_randomAspect_randomNfpUpTo8_withTorsion_flux_tubes/heliotron_randomAspect_finiteBeta_maxm1_maxn1_LMN8_002058.h5,0.4276808713620536,2.3846628457555603,0.369213274103769,2.0154495716517915,False,False,3.389677156040502,3.7465191250190304,log_f_Q|f_stab|log_FSA_grad_x|geodesic_curvature_compression|parallel_roughness_iqr_scaled|nfp|iota|shat|aspect|rho|aspect/rho|equilibrium_class_1|equilibrium_class_2|equilibrium_class_3|equilibrium_class_4,observed-comparison,1.0038920640945435,1.003892231909451,0.43598485674381404,-0.2911390538972555,3.4634664154446075,0.0
bad_curvature_compression,bad_curvature_compression:0015,41772,47366,20241103-01-random_equilibria_and_flux_tubes_random_aspect_ratio/20241103-01-065_generate_flux_tubes_nfp5/nfp5_randomAspect_finiteBeta_maxm4_maxn4_LMN8_000873.h5,20241103-01-random_equilibria_and_flux_tubes_random_aspect_ratio/20241103-01-065_generate_flux_tubes_nfp5/nfp5_randomAspect_finiteBeta_maxm4_maxn4_LMN8_002272.h5,0.4293317146447125,3.4647514756044053,0.29144814097758726,3.173303334626818,False,False,3.389677156040502,3.7465191250190304,log_f_Q|f_stab|log_FSA_grad_x|geodesic_curvature_compression|parallel_roughness_iqr_scaled|nfp|iota|shat|aspect|rho|aspect/rho|equilibrium_class_1|equilibrium_class_2|equilibrium_class_3|equilibrium_class_4,observed-comparison,1.7367762327194214,1.7367762545518568,0.7542723436524688,-0.0733054325139216,1.8956249355986505,0.0
bad_curvature_compression,bad_curvature_compression:0016,17030,16772,20241103-01-random_equilibria_and_flux_tubes_random_aspect_ratio/20241103-01-063_generate_flux_tubes_nfp3/nfp3_randomAspect_finiteBeta_maxm4_maxn4_LMN8_001080.h5,20241103-01-random_equilibria_and_flux_tubes_random_aspect_ratio/20241103-01-063_generate_flux_tubes_nfp3/nfp3_randomAspect_finiteBeta_maxm4_maxn4_LMN8_001015.h5,0.4306145627159433,2.2311328351626254,0.4459627584517059,1.7851700767109195,False,False,3.389677156040502,3.7465191250190304,log_f_Q|f_stab|log_FSA_grad_x|geodesic_curvature_compression|parallel_roughness_iqr_scaled|nfp|iota|shat|aspect|rho|aspect/rho|equilibrium_class_1|equilibrium_class_2|equilibrium_class_3|equilibrium_class_4,observed-comparison,1.6075537204742432,1.6075538171915131,0.6981517521687829,1.0275615065833874,0.32084753007252687,0.0
bad_curvature_compression,bad_curvature_compression:0017,21853,29695,20241103-01-random_equilibria_and_flux_tubes_random_aspect_ratio/20241103-01-063_generate_flux_tubes_nfp3/nfp3_randomAspect_finiteBeta_maxm4_maxn4_LMN8_002290.h5,20241103-01-random_equilibria_and_flux_tubes_random_aspect_ratio/20241103-01-064_generate_flux_tubes_nfp4/nfp4_randomAspect_finiteBeta_maxm4_maxn4_LMN8_001052.h5,0.43089629255747813,2.5586264676169663,0.41500512230230546,2.143621345314661,False,False,3.389677156040502,3.7465191250190304,log_f_Q|f_stab|log_FSA_grad_x|geodesic_curvature_compression|parallel_roughness_iqr_scaled|nfp|iota|shat|aspect|rho|aspect/rho|equilibrium_class_1|equilibrium_class_2|equilibrium_class_3|equilibrium_class_4,observed-comparison,0.9060903787612915,0.9060903681539014,0.3935100469949253,0.46237702968949157,2.49941280054704,0.0
bad_curvature_compression,bad_curvature_compression:0018,13676,11091,20241103-01-random_equilibria_and_flux_tubes_random_aspect_ratio/20241103-01-063_generate_flux_tubes_nfp3/nfp3_randomAspect_finiteBeta_maxm4_maxn4_LMN8_000239.h5,20241103-01-random_equilibria_and_flux_tubes_random_aspect_ratio/20241103-01-062_generate_flux_tubes_nfp2/nfp2_randomAspect_finiteBeta_maxm4_maxn4_LMN8_002790.h5,0.43929247097694907,5.237779611329136,0.35150037219097524,4.886279239138161,False,False,3.389677156040502,3.7465191250190304,log_f_Q|f_stab|log_FSA_grad_x|geodesic_curvature_compression|parallel_roughness_iqr_scaled|nfp|iota|shat|aspect|rho|aspect/rho|equilibrium_class_1|equilibrium_class_2|equilibrium_class_3|equilibrium_class_4,observed-comparison,0.17444419860839844,0.1744441511979371,0.07576013226556055,-0.11294159651154856,1.9108583155494534,0.0
bad_curvature_compression,bad_curvature_compression:0019,53490,61139,20241115-01-random_heliotrons/20241115-01-022_heliotrons_finiteBeta_randomAspect_randomNfpUpTo8_noTorsion_flux_tubes/heliotron_randomAspect_finiteBeta_maxm1_maxn1_LMN8_000603.h5,20241115-01-random_heliotrons/20241115-01-022_heliotrons_finiteBeta_randomAspect_randomNfpUpTo8_noTorsion_flux_tubes/heliotron_randomAspect_finiteBeta_maxm1_maxn1_LMN8_002516.h5,0.44011150777885916,2.236973110338272,0.45250631097882765,1.7844667993594445,False,False,3.389677156040502,3.7465191250190304,log_f_Q|f_stab|log_FSA_grad_x|geodesic_curvature_compression|parallel_roughness_iqr_scaled|nfp|iota|shat|aspect|rho|aspect/rho|equilibrium_class_1|equilibrium_class_2|equilibrium_class_3|equilibrium_class_4,observed-comparison,0.798488974571228,0.7984888500590379,0.34677930144191316,-0.2584030899411819,0.7912861921125522,0.0
bad_curvature_compression,bad_curvature_compression:0020,33735,31026,20241103-01-random_equilibria_and_flux_tubes_random_aspect_ratio/20241103-01-064_generate_flux_tubes_nfp4/nfp4_randomAspect_finiteBeta_maxm4_maxn4_LMN8_002063.h5,20241103-01-random_equilibria_and_flux_tubes_random_aspect_ratio/20241103-01-064_generate_flux_tubes_nfp4/nfp4_randomAspect_finiteBeta_maxm4_maxn4_LMN8_001385.h5,0.44822297863845606,2.679579252606901,0.13216310294908204,2.547416149657819,False,False,3.389677156040502,3.7465191250190304,log_f_Q|f_stab|log_FSA_grad_x|geodesic_curvature_compression|parallel_roughness_iqr_scaled|nfp|iota|shat|aspect|rho|aspect/rho|equilibrium_class_1|equilibrium_class_2|equilibrium_class_3|equilibrium_class_4,observed-comparison,1.7806453108787537,1.7806452702791054,0.7733244151093397,0.3914668845905143,2.1350918401693106,0.0
bad_curvature_compression,bad_curvature_compression:0021,38742,40003,20241103-01-random_equilibria_and_flux_tubes_random_aspect_ratio/20241103-01-065_generate_flux_tubes_nfp5/nfp5_randomAspect_finiteBeta_maxm4_maxn4_LMN8_000115.h5,20241103-01-random_equilibria_and_flux_tubes_random_aspect_ratio/20241103-01-065_generate_flux_tubes_nfp5/nfp5_randomAspect_finiteBeta_maxm4_maxn4_LMN8_000430.h5,0.45881568100746367,2.390260407563505,0.26242199387763837,2.127838413685867,False,False,3.389677156040502,3.7465191250190304,log_f_Q|f_stab|log_FSA_grad_x|geodesic_curvature_compression|parallel_roughness_iqr_scaled|nfp|iota|shat|aspect|rho|aspect/rho|equilibrium_class_1|equilibrium_class_2|equilibrium_class_3|equilibrium_class_4,observed-comparison,0.811691164970398,0.8116910816167757,0.3525129577562477,0.3049331705676026,-0.18273970862037014,0.0
bad_curvature_compression,bad_curvature_compression:0022,92837,92921,20241122-01-QUASR/20241122-01-031_QUASR_finite_beta_equilibria_with_maxF_below_threshold_and_enough_iota_flux_tubes/QUASR_finiteBeta_001996.h5,20241122-01-QUASR/20241122-01-031_QUASR_finite_beta_equilibria_with_maxF_below_threshold_and_enough_iota_flux_tubes/QUASR_finiteBeta_002017.h5,0.4637461574861537,3.811377804670332,0.0,3.811377804670332,False,False,3.389677156040502,3.7465191250190304,log_f_Q|f_stab|log_FSA_grad_x|geodesic_curvature_compression|parallel_roughness_iqr_scaled|nfp|iota|shat|aspect|rho|aspect/rho|equilibrium_class_1|equilibrium_class_2|equilibrium_class_3|equilibrium_class_4,observed-comparison,-0.0010666847229003906,-0.0010667438417621966,-0.0004632809640816582,-0.21234154499020835,0.4027287890206086,0.0
bad_curvature_compression,bad_curvature_compression:0023,30959,73381,20241103-01-random_equilibria_and_flux_tubes_random_aspect_ratio/20241103-01-064_generate_flux_tubes_nfp4/nfp4_randomAspect_finiteBeta_maxm4_maxn4_LMN8_001369.h5,20241115-01-random_heliotrons/20241115-01-023_heliotrons_finiteBeta_randomAspect_randomNfpUpTo8_withTorsion_flux_tubes/heliotron_randomAspect_finiteBeta_maxm1_maxn1_LMN8_002379.h5,0.46533954216204254,3.228812105686178,0.41796080671029306,2.810851298975885,False,False,3.389677156040502,3.7465191250190304,log_f_Q|f_stab|log_FSA_grad_x|geodesic_curvature_compression|parallel_roughness_iqr_scaled|nfp|iota|shat|aspect|rho|aspect/rho|equilibrium_class_1|equilibrium_class_2|equilibrium_class_3|equilibrium_class_4,observed-comparison,1.2020354270935059,1.2020354357550813,0.5220373568006026,-0.3018546928089936,3.7853126189254866,0.0
bad_curvature_compression,bad_curvature_compression:0024,84032,80446,20241122-01-QUASR/20241122-01-030_QUASR_vacuum_equilibria_with_maxF_below_threshold_and_enough_iota_flux_tubes/QUASR_vacuum_000369.h5,20241122-01-QUASR/20241122-01-030_QUASR_vacuum_equilibria_with_maxF_below_threshold_and_enough_iota_flux_tubes/QUASR_vacuum_000189.h5,0.46658595509453094,2.1667875817763975,0.40907270030190745,1.75771488147449,False,False,3.389677156040502,3.7465191250190304,log_f_Q|f_stab|log_FSA_grad_x|geodesic_curvature_compression|parallel_roughness_iqr_scaled|nfp|iota|shat|aspect|rho|aspect/rho|equilibrium_class_1|equilibrium_class_2|equilibrium_class_3|equilibrium_class_4,observed-comparison,0.475419282913208,0.4754191228695248,0.20647190165351836,0.23144253043368745,0.4496827390490621,0.0
bad_curvature_compression,bad_curvature_compression:0025,93600,92671,20241122-01-QUASR/20241122-01-031_QUASR_finite_beta_equilibria_with_maxF_below_threshold_and_enough_iota_flux_tubes/QUASR_finiteBeta_002187.h5,20241122-01-QUASR/20241122-01-031_QUASR_finite_beta_equilibria_with_maxF_below_threshold_and_enough_iota_flux_tubes/QUASR_finiteBeta_001955.h5,0.46708474808724637,2.747820182403762,0.3915090082635604,2.3563111741402016,False,False,3.389677156040502,3.7465191250190304,log_f_Q|f_stab|log_FSA_grad_x|geodesic_curvature_compression|parallel_roughness_iqr_scaled|nfp|iota|shat|aspect|rho|aspect/rho|equilibrium_class_1|equilibrium_class_2|equilibrium_class_3|equilibrium_class_4,observed-comparison,0.5269935131072998,0.5269933502548345,0.22887030401538255,-0.03479515729676386,0.01238280069056219,0.0
bad_curvature_compression,bad_curvature_compression:0026,78468,79054,20241122-01-QUASR/20241122-01-030_QUASR_vacuum_equilibria_with_maxF_below_threshold_and_enough_iota_flux_tubes/QUASR_vacuum_000090.h5,20241122-01-QUASR/20241122-01-030_QUASR_vacuum_equilibria_with_maxF_below_threshold_and_enough_iota_flux_tubes/QUASR_vacuum_000120.h5,0.47494397980581377,3.325914315144131,0.2444035530266091,3.0815107621175217,False,False,3.389677156040502,3.7465191250190304,log_f_Q|f_stab|log_FSA_grad_x|geodesic_curvature_compression|parallel_roughness_iqr_scaled|nfp|iota|shat|aspect|rho|aspect/rho|equilibrium_class_1|equilibrium_class_2|equilibrium_class_3|equilibrium_class_4,observed-comparison,0.9314495325088501,0.9314494154080464,0.40452334128372436,-0.08378933575812941,5.579048099433551,0.0
bad_curvature_compression,bad_curvature_compression:0027,99242,97597,20241122-01-QUASR/20241122-01-031_QUASR_finite_beta_equilibria_with_maxF_below_threshold_and_enough_iota_flux_tubes/QUASR_finiteBeta_003598.h5,20241122-01-QUASR/20241122-01-031_QUASR_finite_beta_equilibria_with_maxF_below_threshold_and_enough_iota_flux_tubes/QUASR_finiteBeta_003187.h5,0.4796049531714731,2.2893149110335447,0.37970315083705053,1.9096117601964941,False,False,3.389677156040502,3.7465191250190304,log_f_Q|f_stab|log_FSA_grad_x|geodesic_curvature_compression|parallel_roughness_iqr_scaled|nfp|iota|shat|aspect|rho|aspect/rho|equilibrium_class_1|equilibrium_class_2|equilibrium_class_3|equilibrium_class_4,observed-comparison,0.29734301567077637,0.2973428941539762,0.12913437816421447,1.0271711566378743,0.7815672096187174,0.0
bad_curvature_compression,bad_curvature_compression:0028,16804,76030,20241103-01-random_equilibria_and_flux_tubes_random_aspect_ratio/20241103-01-063_generate_flux_tubes_nfp3/nfp3_randomAspect_finiteBeta_maxm4_maxn4_LMN8_001023.h5,20241115-01-random_heliotrons/20241115-01-023_heliotrons_finiteBeta_randomAspect_randomNfpUpTo8_withTorsion_flux_tubes/heliotron_randomAspect_finiteBeta_maxm1_maxn1_LMN8_003042.h5,0.4810785382143103,3.745959509358776,0.36517814251422864,3.3807813668445474,False,False,3.389677156040502,3.7465191250190304,log_f_Q|f_stab|log_FSA_grad_x|geodesic_curvature_compression|parallel_roughness_iqr_scaled|nfp|iota|shat|aspect|rho|aspect/rho|equilibrium_class_1|equilibrium_class_2|equilibrium_class_3|equilibrium_class_4,observed-comparison,-0.4121389389038086,-0.4121389794858521,-0.17898968456794306,-1.112888421548881,4.617778840156044,0.0
bad_curvature_compression,bad_curvature_compression:0029,69811,75989,20241115-01-random_heliotrons/20241115-01-023_heliotrons_finiteBeta_randomAspect_randomNfpUpTo8_withTorsion_flux_tubes/heliotron_randomAspect_finiteBeta_maxm1_maxn1_LMN8_001486.h5,20241115-01-random_heliotrons/20241115-01-023_heliotrons_finiteBeta_randomAspect_randomNfpUpTo8_withTorsion_flux_tubes/heliotron_randomAspect_finiteBeta_maxm1_maxn1_LMN8_003031.h5,0.48783385070725394,3.6700445855770507,0.4449847910175318,3.225059794559519,False,False,3.389677156040502,3.7465191250190304,log_f_Q|f_stab|log_FSA_grad_x|geodesic_curvature_compression|parallel_roughness_iqr_scaled|nfp|iota|shat|aspect|rho|aspect/rho|equilibrium_class_1|equilibrium_class_2|equilibrium_class_3|equilibrium_class_4,observed-comparison,0.7637878656387329,0.763787963051914,0.33170889769757095,-1.1899900912509753,5.335523700879209,0.0
bad_curvature_compression,bad_curvature_compression:0030,73996,70502,20241115-01-random_heliotrons/20241115-01-023_heliotrons_finiteBeta_randomAspect_randomNfpUpTo8_withTorsion_flux_tubes/heliotron_randomAspect_finiteBeta_maxm1_maxn1_LMN8_002533.h5,20241115-01-random_heliotrons/20241115-01-023_heliotrons_finiteBeta_randomAspect_randomNfpUpTo8_withTorsion_flux_tubes/heliotron_randomAspect_finiteBeta_maxm1_maxn1_LMN8_001658.h5,0.4964137643402429,2.994874269335206,0.43853722354504837,2.5563370457901575,False,False,3.389677156040502,3.7465191250190304,log_f_Q|f_stab|log_FSA_grad_x|geodesic_curvature_compression|parallel_roughness_iqr_scaled|nfp|iota|shat|aspect|rho|aspect/rho|equilibrium_class_1|equilibrium_class_2|equilibrium_class_3|equilibrium_class_4,observed-comparison,1.958058089017868,1.9580582085077278,0.850373875200273,-0.35505407158443686,4.794016656666922,0.0
bad_curvature_compression,bad_curvature_compression:0031,88775,98192,20241122-01-QUASR/20241122-01-031_QUASR_finite_beta_equilibria_with_maxF_below_threshold_and_enough_iota_flux_tubes/QUASR_finiteBeta_000977.h5,20241122-01-QUASR/20241122-01-031_QUASR_finite_beta_equilibria_with_maxF_below_threshold_and_enough_iota_flux_tubes/QUASR_finiteBeta_003335.h5,0.5033266577639802,3.726069497514972,0.4361694933637253,3.2899000041512467,False,False,3.389677156040502,3.7465191250190304,log_f_Q|f_stab|log_FSA_grad_x|geodesic_curvature_compression|parallel_roughness_iqr_scaled|nfp|iota|shat|aspect|rho|aspect/rho|equilibrium_class_1|equilibrium_class_2|equilibrium_class_3|equilibrium_class_4,observed-comparison,0.44350874423980713,0.4435088144313384,0.19261343078298365,-0.7478292817374563,3.354139141596426,0.0
bad_curvature_compression,bad_curvature_compression:0032,20323,22455,20241103-01-random_equilibria_and_flux_tubes_random_aspect_ratio/20241103-01-063_generate_flux_tubes_nfp3/nfp3_randomAspect_finiteBeta_maxm4_maxn4_LMN8_001906.h5,20241103-01-random_equilibria_and_flux_tubes_random_aspect_ratio/20241103-01-063_generate_flux_tubes_nfp3/nfp3_randomAspect_finiteBeta_maxm4_maxn4_LMN8_002440.h5,0.5166433724577816,3.53004459339599,0.1713281329763275,3.358716460419662,False,False,3.389677156040502,3.7465191250190304,log_f_Q|f_stab|log_FSA_grad_x|geodesic_curvature_compression|parallel_roughness_iqr_scaled|nfp|iota|shat|aspect|rho|aspect/rho|equilibrium_class_1|equilibrium_class_2|equilibrium_class_3|equilibrium_class_4,observed-comparison,1.591605544090271,1.5916055933002267,0.6912255265366396,0.33782220034233135,3.1812506812569614,0.0
bad_curvature_compression,bad_curvature_compression:0033,36909,24443,20241103-01-random_equilibria_and_flux_tubes_random_aspect_ratio/20241103-01-064_generate_flux_tubes_nfp4/nfp4_randomAspect_finiteBeta_maxm4_maxn4_LMN8_002857.h5,20241103-01-random_equilibria_and_flux_tubes_random_aspect_ratio/20241103-01-063_generate_flux_tubes_nfp3/nfp3_randomAspect_finiteBeta_maxm4_maxn4_LMN8_002937.h5,0.5184514693020246,3.082287983166516,0.11798678528814381,2.964301197878372,False,False,3.389677156040502,3.7465191250190304,log_f_Q|f_stab|log_FSA_grad_x|geodesic_curvature_compression|parallel_roughness_iqr_scaled|nfp|iota|shat|aspect|rho|aspect/rho|equilibrium_class_1|equilibrium_class_2|equilibrium_class_3|equilibrium_class_4,observed-comparison,2.214127838611603,2.2141278266567976,0.9615834973454869,0.8395082185621209,1.800724365039681,0.0
bad_curvature_compression,bad_curvature_compression:0034,48922,42354,20241103-01-random_equilibria_and_flux_tubes_random_aspect_ratio/20241103-01-065_generate_flux_tubes_nfp5/nfp5_randomAspect_finiteBeta_maxm4_maxn4_LMN8_002661.h5,20241103-01-random_equilibria_and_flux_tubes_random_aspect_ratio/20241103-01-065_generate_flux_tubes_nfp5/nfp5_randomAspect_finiteBeta_maxm4_maxn4_LMN8_001018.h5,0.5297462418879566,2.301565055162546,0.3836069043705239,1.9179581507920223,False,False,3.389677156040502,3.7465191250190304,log_f_Q|f_stab|log_FSA_grad_x|geodesic_curvature_compression|parallel_roughness_iqr_scaled|nfp|iota|shat|aspect|rho|aspect/rho|equilibrium_class_1|equilibrium_class_2|equilibrium_class_3|equilibrium_class_4,observed-comparison,1.006968379020691,1.0069682904952022,0.43732077201361697,0.9890468608063696,3.4686113464720836,0.0
bad_curvature_compression,bad_curvature_compression:0035,37817,65390,20241103-01-random_equilibria_and_flux_tubes_random_aspect_ratio/20241103-01-064_generate_flux_tubes_nfp4/nfp4_randomAspect_finiteBeta_maxm4_maxn4_LMN8_003084.h5,20241115-01-random_heliotrons/20241115-01-023_heliotrons_finiteBeta_randomAspect_randomNfpUpTo8_withTorsion_flux_tubes/heliotron_randomAspect_finiteBeta_maxm1_maxn1_LMN8_000380.h5,0.5374397375270809,4.624728413574843,0.4499078484169485,4.174820565157894,False,False,3.389677156040502,3.7465191250190304,log_f_Q|f_stab|log_FSA_grad_x|geodesic_curvature_compression|parallel_roughness_iqr_scaled|nfp|iota|shat|aspect|rho|aspect/rho|equilibrium_class_1|equilibrium_class_2|equilibrium_class_3|equilibrium_class_4,observed-comparison,1.387603521347046,1.3876034103903347,0.6026285042026558,0.07292275924678548,0.4190476871053246,0.0
bad_curvature_compression,bad_curvature_compression:0036,47595,67361,20241103-01-random_equilibria_and_flux_tubes_random_aspect_ratio/20241103-01-065_generate_flux_tubes_nfp5/nfp5_randomAspect_finiteBeta_maxm4_maxn4_LMN8_002329.h5,20241115-01-random_heliotrons/20241115-01-023_heliotrons_finiteBeta_randomAspect_randomNfpUpTo8_withTorsion_flux_tubes/heliotron_randomAspect_finiteBeta_maxm1_maxn1_LMN8_000872.h5,0.5374674419910286,2.5478106639257194,0.3763337701394762,2.1714768937862434,False,False,3.389677156040502,3.7465191250190304,log_f_Q|f_stab|log_FSA_grad_x|geodesic_curvature_compression|parallel_roughness_iqr_scaled|nfp|iota|shat|aspect|rho|aspect/rho|equilibrium_class_1|equilibrium_class_2|equilibrium_class_3|equilibrium_class_4,observed-comparison,1.5205327272415161,1.5205326538661037,0.6603589411277562,-0.5420775956973037,2.1338120464326966,0.0
bad_curvature_compression,bad_curvature_compression:0037,85316,77721,20241122-01-QUASR/20241122-01-031_QUASR_finite_beta_equilibria_with_maxF_below_threshold_and_enough_iota_flux_tubes/QUASR_finiteBeta_000105.h5,20241122-01-QUASR/20241122-01-030_QUASR_vacuum_equilibria_with_maxF_below_threshold_and_enough_iota_flux_tubes/QUASR_vacuum_000053.h5,0.5441677406140646,2.4342947255409833,0.38578059961248373,2.0485141259284996,False,False,3.389677156040502,3.7465191250190304,log_f_Q|f_stab|log_FSA_grad_x|geodesic_curvature_compression|parallel_roughness_iqr_scaled|nfp|iota|shat|aspect|rho|aspect/rho|equilibrium_class_1|equilibrium_class_2|equilibrium_class_3|equilibrium_class_4,observed-comparison,0.7058902978897095,0.7058903294808945,0.3065642749224209,0.9277632141273221,0.9180345683461493,0.0
bad_curvature_compression,bad_curvature_compression:0038,51375,57189,20241115-01-random_heliotrons/20241115-01-022_heliotrons_finiteBeta_randomAspect_randomNfpUpTo8_noTorsion_flux_tubes/heliotron_randomAspect_finiteBeta_maxm1_maxn1_LMN8_000075.h5,20241115-01-random_heliotrons/20241115-01-022_heliotrons_finiteBeta_randomAspect_randomNfpUpTo8_noTorsion_flux_tubes/heliotron_randomAspect_finiteBeta_maxm1_maxn1_LMN8_001528.h5,0.5444898003032037,7.094747649781252,0.28010605653379195,6.81464159324746,False,False,3.389677156040502,3.7465191250190304,log_f_Q|f_stab|log_FSA_grad_x|geodesic_curvature_compression|parallel_roughness_iqr_scaled|nfp|iota|shat|aspect|rho|aspect/rho|equilibrium_class_1|equilibrium_class_2|equilibrium_class_3|equilibrium_class_4,observed-comparison,0.4672999382019043,0.46730000225686874,0.20294581237353515,-0.11266669444701582,0.19356046727561216,0.0
bad_curvature_compression,bad_curvature_compression:0039,37567,19744,20241103-01-random_equilibria_and_flux_tubes_random_aspect_ratio/20241103-01-064_generate_flux_tubes_nfp4/nfp4_randomAspect_finiteBeta_maxm4_maxn4_LMN8_003021.h5,20241103-01-random_equilibria_and_flux_tubes_random_aspect_ratio/20241103-01-063_generate_flux_tubes_nfp3/nfp3_randomAspect_finiteBeta_maxm4_maxn4_LMN8_001760.h5,0.5450557375868096,2.3240952015415925,0.24355275047180167,2.0805424510697907,False,False,3.389677156040502,3.7465191250190304,log_f_Q|f_stab|log_FSA_grad_x|geodesic_curvature_compression|parallel_roughness_iqr_scaled|nfp|iota|shat|aspect|rho|aspect/rho|equilibrium_class_1|equilibrium_class_2|equilibrium_class_3|equilibrium_class_4,observed-comparison,1.4941015243530273,1.4941015890223794,0.6488800755152995,-0.021072589156737737,0.6662274980570504,0.0
bad_curvature_compression,bad_curvature_compression:0040,85352,95282,20241122-01-QUASR/20241122-01-031_QUASR_finite_beta_equilibria_with_maxF_below_threshold_and_enough_iota_flux_tubes/QUASR_finiteBeta_000114.h5,20241122-01-QUASR/20241122-01-031_QUASR_finite_beta_equilibria_with_maxF_below_threshold_and_enough_iota_flux_tubes/QUASR_finiteBeta_002608.h5,0.5509021020011137,2.928385474998958,0.37336099153865776,2.5550244834603,False,False,3.389677156040502,3.7465191250190304,log_f_Q|f_stab|log_FSA_grad_x|geodesic_curvature_compression|parallel_roughness_iqr_scaled|nfp|iota|shat|aspect|rho|aspect/rho|equilibrium_class_1|equilibrium_class_2|equilibrium_class_3|equilibrium_class_4,observed-comparison,0.41052865982055664,0.41052860136719094,0.17829030623723086,-0.444833102921079,2.865741380915569,0.0
bad_curvature_compression,bad_curvature_compression:0041,92661,92635,20241122-01-QUASR/20241122-01-031_QUASR_finite_beta_equilibria_with_maxF_below_threshold_and_enough_iota_flux_tubes/QUASR_finiteBeta_001952.h5,20241122-01-QUASR/20241122-01-031_QUASR_finite_beta_equilibria_with_maxF_below_threshold_and_enough_iota_flux_tubes/QUASR_finiteBeta_001946.h5,0.5516608554306417,7.0864672413218415,0.21962716035329755,6.866840080968544,False,False,3.389677156040502,3.7465191250190304,log_f_Q|f_stab|log_FSA_grad_x|geodesic_curvature_compression|parallel_roughness_iqr_scaled|nfp|iota|shat|aspect|rho|aspect/rho|equilibrium_class_1|equilibrium_class_2|equilibrium_class_3|equilibrium_class_4,observed-comparison,-0.413013219833374,-0.413013159899009,-0.17936933629756502,-1.3328320430738327,0.7922070490971178,0.0
bad_curvature_compression,bad_curvature_compression:0042,5817,14707,20241103-01-random_equilibria_and_flux_tubes_random_aspect_ratio/20241103-01-062_generate_flux_tubes_nfp2/nfp2_randomAspect_finiteBeta_maxm4_maxn4_LMN8_001464.h5,20241103-01-random_equilibria_and_flux_tubes_random_aspect_ratio/20241103-01-063_generate_flux_tubes_nfp3/nfp3_randomAspect_finiteBeta_maxm4_maxn4_LMN8_000497.h5,0.5526341028106446,2.6232064064669576,0.3356617956297119,2.2875446108372457,False,False,3.389677156040502,3.7465191250190304,log_f_Q|f_stab|log_FSA_grad_x|geodesic_curvature_compression|parallel_roughness_iqr_scaled|nfp|iota|shat|aspect|rho|aspect/rho|equilibrium_class_1|equilibrium_class_2|equilibrium_class_3|equilibrium_class_4,observed-comparison,1.141516089439392,1.1415161940598262,0.49575418408338423,0.884650629621663,-0.019718421180997314,0.0
bad_curvature_compression,bad_curvature_compression:0043,80422,81414,20241122-01-QUASR/20241122-01-030_QUASR_vacuum_equilibria_with_maxF_below_threshold_and_enough_iota_flux_tubes/QUASR_vacuum_000188.h5,20241122-01-QUASR/20241122-01-030_QUASR_vacuum_equilibria_with_maxF_below_threshold_and_enough_iota_flux_tubes/QUASR_vacuum_000238.h5,0.5569886834073812,3.7634941711501995,0.21602678731415706,3.547467383836042,False,False,3.389677156040502,3.7465191250190304,log_f_Q|f_stab|log_FSA_grad_x|geodesic_curvature_compression|parallel_roughness_iqr_scaled|nfp|iota|shat|aspect|rho|aspect/rho|equilibrium_class_1|equilibrium_class_2|equilibrium_class_3|equilibrium_class_4,observed-comparison,0.4533994197845459,0.4533994372064012,0.19690887367678012,1.0153120318938025,1.8224356910201047,0.0
bad_curvature_compression,bad_curvature_compression:0044,91132,92535,20241122-01-QUASR/20241122-01-031_QUASR_finite_beta_equilibria_with_maxF_below_threshold_and_enough_iota_flux_tubes/QUASR_finiteBeta_001570.h5,20241122-01-QUASR/20241122-01-031_QUASR_finite_beta_equilibria_with_maxF_below_threshold_and_enough_iota_flux_tubes/QUASR_finiteBeta_001921.h5,0.5583290652152858,4.494119515675888,0.3043793027237724,4.189740212952116,False,False,3.389677156040502,3.7465191250190304,log_f_Q|f_stab|log_FSA_grad_x|geodesic_curvature_compression|parallel_roughness_iqr_scaled|nfp|iota|shat|aspect|rho|aspect/rho|equilibrium_class_1|equilibrium_class_2|equilibrium_class_3|equilibrium_class_4,observed-comparison,0.3716912269592285,0.37169127088036924,0.1614234679149512,1.158349166985316,7.44025526717985,0.0
bad_curvature_compression,bad_curvature_compression:0045,90804,92730,20241122-01-QUASR/20241122-01-031_QUASR_finite_beta_equilibria_with_maxF_below_threshold_and_enough_iota_flux_tubes/QUASR_finiteBeta_001488.h5,20241122-01-QUASR/20241122-01-031_QUASR_finite_beta_equilibria_with_maxF_below_threshold_and_enough_iota_flux_tubes/QUASR_finiteBeta_001970.h5,0.5612374412008402,3.020140550352805,0.0,3.020140550352805,False,False,3.389677156040502,3.7465191250190304,log_f_Q|f_stab|log_FSA_grad_x|geodesic_curvature_compression|parallel_roughness_iqr_scaled|nfp|iota|shat|aspect|rho|aspect/rho|equilibrium_class_1|equilibrium_class_2|equilibrium_class_3|equilibrium_class_4,observed-comparison,1.042614459991455,1.0426143044712841,0.4528016391852757,0.8325139500253591,0.4392387969742728,0.0
bad_curvature_compression,bad_curvature_compression:0046,11871,10041,20241103-01-random_equilibria_and_flux_tubes_random_aspect_ratio/20241103-01-062_generate_flux_tubes_nfp2/nfp2_randomAspect_finiteBeta_maxm4_maxn4_LMN8_002986.h5,20241103-01-random_equilibria_and_flux_tubes_random_aspect_ratio/20241103-01-062_generate_flux_tubes_nfp2/nfp2_randomAspect_finiteBeta_maxm4_maxn4_LMN8_002525.h5,0.5644016203940486,2.7251747809387887,0.22015504185111437,2.5050197390876745,False,False,3.389677156040502,3.7465191250190304,log_f_Q|f_stab|log_FSA_grad_x|geodesic_curvature_compression|parallel_roughness_iqr_scaled|nfp|iota|shat|aspect|rho|aspect/rho|equilibrium_class_1|equilibrium_class_2|equilibrium_class_3|equilibrium_class_4,observed-comparison,1.5165269374847412,1.5165270180580306,0.6586193155997959,0.6701828865829869,1.3385205570771506,0.0
bad_curvature_compression,bad_curvature_compression:0047,85081,1516,20241122-01-QUASR/20241122-01-031_QUASR_finite_beta_equilibria_with_maxF_below_threshold_and_enough_iota_flux_tubes/QUASR_finiteBeta_000046.h5,20241103-01-random_equilibria_and_flux_tubes_random_aspect_ratio/20241103-01-062_generate_flux_tubes_nfp2/nfp2_randomAspect_finiteBeta_maxm4_maxn4_LMN8_000381.h5,0.5668237824015152,2.3366796383178023,0.37912258991080705,1.9575570484069953,False,False,3.389677156040502,3.7465191250190304,log_f_Q|f_stab|log_FSA_grad_x|geodesic_curvature_compression|parallel_roughness_iqr_scaled|nfp|iota|shat|aspect|rho|aspect/rho|equilibrium_class_1|equilibrium_class_2|equilibrium_class_3|equilibrium_class_4,observed-comparison,0.7984580993652344,0.7984580751572232,0.3467659360718741,0.2732124666613144,2.8055020507819606,0.0
bad_curvature_compression,bad_curvature_compression:0048,13625,20505,20241103-01-random_equilibria_and_flux_tubes_random_aspect_ratio/20241103-01-063_generate_flux_tubes_nfp3/nfp3_randomAspect_finiteBeta_maxm4_maxn4_LMN8_000226.h5,20241103-01-random_equilibria_and_flux_tubes_random_aspect_ratio/20241103-01-063_generate_flux_tubes_nfp3/nfp3_randomAspect_finiteBeta_maxm4_maxn4_LMN8_001951.h5,0.5703989353300694,4.708197837802652,0.2590701435065197,4.449127694296132,False,False,3.389677156040502,3.7465191250190304,log_f_Q|f_stab|log_FSA_grad_x|geodesic_curvature_compression|parallel_roughness_iqr_scaled|nfp|iota|shat|aspect|rho|aspect/rho|equilibrium_class_1|equilibrium_class_2|equilibrium_class_3|equilibrium_class_4,observed-comparison,1.2615926265716553,1.2615926397388304,0.5479027218483312,0.14175513617568058,2.6498673328018745,0.0
bad_curvature_compression,bad_curvature_compression:0049,16897,98274,20241103-01-random_equilibria_and_flux_tubes_random_aspect_ratio/20241103-01-063_generate_flux_tubes_nfp3/nfp3_randomAspect_finiteBeta_maxm4_maxn4_LMN8_001047.h5,20241122-01-QUASR/20241122-01-031_QUASR_finite_beta_equilibria_with_maxF_below_threshold_and_enough_iota_flux_tubes/QUASR_finiteBeta_003356.h5,0.5851868026793647,3.2664505842814386,0.4036463875986485,2.86280419668279,False,False,3.389677156040502,3.7465191250190304,log_f_Q|f_stab|log_FSA_grad_x|geodesic_curvature_compression|parallel_roughness_iqr_scaled|nfp|iota|shat|aspect|rho|aspect/rho|equilibrium_class_1|equilibrium_class_2|equilibrium_class_3|equilibrium_class_4,observed-comparison,0.5059623718261719,0.5059623800648954,0.21973666971282002,-0.13117351300304314,0.4451950012057644,0.0
bad_curvature_compression,bad_curvature_compression:0050,51743,72828,20241115-01-random_heliotrons/20241115-01-022_heliotrons_finiteBeta_randomAspect_randomNfpUpTo8_noTorsion_flux_tubes/heliotron_randomAspect_finiteBeta_maxm1_maxn1_LMN8_000167.h5,20241115-01-random_heliotrons/20241115-01-023_heliotrons_finiteBeta_randomAspect_randomNfpUpTo8_withTorsion_flux_tubes/heliotron_randomAspect_finiteBeta_maxm1_maxn1_LMN8_002241.h5,0.5852045270218633,4.572313683235543,0.4124751491060295,4.159838534129514,False,False,3.389677156040502,3.7465191250190304,log_f_Q|f_stab|log_FSA_grad_x|geodesic_curvature_compression|parallel_roughness_iqr_scaled|nfp|iota|shat|aspect|rho|aspect/rho|equilibrium_class_1|equilibrium_class_2|equilibrium_class_3|equilibrium_class_4,observed-comparison,-0.07089948654174805,-0.07089956428022437,-0.030791289536246325,-1.4594994897059226,3.066370173135213,0.0
bad_curvature_compression,bad_curvature_compression:0051,42053,64449,20241103-01-random_equilibria_and_flux_tubes_random_aspect_ratio/20241103-01-065_generate_flux_tubes_nfp5/nfp5_randomAspect_finiteBeta_maxm4_maxn4_LMN8_000943.h5,20241115-01-random_heliotrons/20241115-01-023_heliotrons_finiteBeta_randomAspect_randomNfpUpTo8_withTorsion_flux_tubes/heliotron_randomAspect_finiteBeta_maxm1_maxn1_LMN8_000144.h5,0.5900674500431744,3.749619018295815,0.33211422878859415,3.417504789507221,False,False,3.389677156040502,3.7465191250190304,log_f_Q|f_stab|log_FSA_grad_x|geodesic_curvature_compression|parallel_roughness_iqr_scaled|nfp|iota|shat|aspect|rho|aspect/rho|equilibrium_class_1|equilibrium_class_2|equilibrium_class_3|equilibrium_class_4,observed-comparison,0.27279043197631836,0.272790463616019,0.1184713930642668,1.0280215478033672,6.058632297335529,0.0
bad_curvature_compression,bad_curvature_compression:0052,23144,82307,20241103-01-random_equilibria_and_flux_tubes_random_aspect_ratio/20241103-01-063_generate_flux_tubes_nfp3/nfp3_randomAspect_finiteBeta_maxm4_maxn4_LMN8_002612.h5,20241122-01-QUASR/20241122-01-030_QUASR_vacuum_equilibria_with_maxF_below_threshold_and_enough_iota_flux_tubes/QUASR_vacuum_000282.h5,0.5925213150932627,4.680811401556128,0.2885866419005959,4.392224759655532,False,False,3.389677156040502,3.7465191250190304,log_f_Q|f_stab|log_FSA_grad_x|geodesic_curvature_compression|parallel_roughness_iqr_scaled|nfp|iota|shat|aspect|rho|aspect/rho|equilibrium_class_1|equilibrium_class_2|equilibrium_class_3|equilibrium_class_4,observed-comparison,1.1341569423675537,1.1341570903052567,0.492558165931021,-0.21879119596477337,3.9290095476379188,0.0
bad_curvature_compression,bad_curvature_compression:0053,78618,81005,20241122-01-QUASR/20241122-01-030_QUASR_vacuum_equilibria_with_maxF_below_threshold_and_enough_iota_flux_tubes/QUASR_vacuum_000098.h5,20241122-01-QUASR/20241122-01-030_QUASR_vacuum_equilibria_with_maxF_below_threshold_and_enough_iota_flux_tubes/QUASR_vacuum_000217.h5,0.603051359263491,2.219386531210246,0.40609983457920434,1.8132866966310417,False,False,3.389677156040502,3.7465191250190304,log_f_Q|f_stab|log_FSA_grad_x|geodesic_curvature_compression|parallel_roughness_iqr_scaled|nfp|iota|shat|aspect|rho|aspect/rho|equilibrium_class_1|equilibrium_class_2|equilibrium_class_3|equilibrium_class_4,observed-comparison,0.03336524963378906,0.03336512657550372,0.014490290359744806,0.34596349931768333,1.3709629248865527,0.0
bad_curvature_compression,bad_curvature_compression:0054,41931,43112,20241103-01-random_equilibria_and_flux_tubes_random_aspect_ratio/20241103-01-065_generate_flux_tubes_nfp5/nfp5_randomAspect_finiteBeta_maxm4_maxn4_LMN8_000913.h5,20241103-01-random_equilibria_and_flux_tubes_random_aspect_ratio/20241103-01-065_generate_flux_tubes_nfp5/nfp5_randomAspect_finiteBeta_maxm4_maxn4_LMN8_001208.h5,0.6042860848033493,3.2509074611187487,0.38358155398287835,2.8673259071358705,False,False,3.389677156040502,3.7465191250190304,log_f_Q|f_stab|log_FSA_grad_x|geodesic_curvature_compression|parallel_roughness_iqr_scaled|nfp|iota|shat|aspect|rho|aspect/rho|equilibrium_class_1|equilibrium_class_2|equilibrium_class_3|equilibrium_class_4,observed-comparison,1.2714560627937317,1.2714560091009148,0.5521863287352581,-0.3959517801678878,2.8797475728748276,0.0
bad_curvature_compression,bad_curvature_compression:0055,4798,82760,20241103-01-random_equilibria_and_flux_tubes_random_aspect_ratio/20241103-01-062_generate_flux_tubes_nfp2/nfp2_randomAspect_finiteBeta_maxm4_maxn4_LMN8_001207.h5,20241122-01-QUASR/20241122-01-030_QUASR_vacuum_equilibria_with_maxF_below_threshold_and_enough_iota_flux_tubes/QUASR_vacuum_000305.h5,0.6058464847202747,2.5470882824601255,0.4319735967309819,2.115114685729144,False,False,3.389677156040502,3.7465191250190304,log_f_Q|f_stab|log_FSA_grad_x|geodesic_curvature_compression|parallel_roughness_iqr_scaled|nfp|iota|shat|aspect|rho|aspect/rho|equilibrium_class_1|equilibrium_class_2|equilibrium_class_3|equilibrium_class_4,observed-comparison,0.1310868263244629,0.13108675162583916,0.05693025288172415,0.1980540128119921,2.0193526302068188,0.0
bad_curvature_compression,bad_curvature_compression:0056,93143,97117,20241122-01-QUASR/20241122-01-031_QUASR_finite_beta_equilibria_with_maxF_below_threshold_and_enough_iota_flux_tubes/QUASR_finiteBeta_002073.h5,20241122-01-QUASR/20241122-01-031_QUASR_finite_beta_equilibria_with_maxF_below_threshold_and_enough_iota_flux_tubes/QUASR_finiteBeta_003067.h5,0.6135703500131459,6.724398251580898,0.3648224390504486,6.35957581253045,False,False,3.389677156040502,3.7465191250190304,log_f_Q|f_stab|log_FSA_grad_x|geodesic_curvature_compression|parallel_roughness_iqr_scaled|nfp|iota|shat|aspect|rho|aspect/rho|equilibrium_class_1|equilibrium_class_2|equilibrium_class_3|equilibrium_class_4,observed-comparison,1.013501763343811,1.0135016556152137,0.4401581764334971,-0.027743959096178772,4.570522477988176,0.0
bad_curvature_compression,bad_curvature_compression:0057,12569,6724,20241103-01-random_equilibria_and_flux_tubes_random_aspect_ratio/20241103-01-062_generate_flux_tubes_nfp2/nfp2_randomAspect_finiteBeta_maxm4_maxn4_LMN8_003161.h5,20241103-01-random_equilibria_and_flux_tubes_random_aspect_ratio/20241103-01-062_generate_flux_tubes_nfp2/nfp2_randomAspect_finiteBeta_maxm4_maxn4_LMN8_001691.h5,0.6135869505653754,2.5406842819354627,0.0,2.5406842819354627,False,False,3.389677156040502,3.7465191250190304,log_f_Q|f_stab|log_FSA_grad_x|geodesic_curvature_compression|parallel_roughness_iqr_scaled|nfp|iota|shat|aspect|rho|aspect/rho|equilibrium_class_1|equilibrium_class_2|equilibrium_class_3|equilibrium_class_4,observed-comparison,1.8524789810180664,1.8524790405529619,0.8045214251535815,1.0451618624392354,0.08199009143111047,0.0
bad_curvature_compression,bad_curvature_compression:0058,56061,59743,20241115-01-random_heliotrons/20241115-01-022_heliotrons_finiteBeta_randomAspect_randomNfpUpTo8_noTorsion_flux_tubes/heliotron_randomAspect_finiteBeta_maxm1_maxn1_LMN8_001246.h5,20241115-01-random_heliotrons/20241115-01-022_heliotrons_finiteBeta_randomAspect_randomNfpUpTo8_noTorsion_flux_tubes/heliotron_randomAspect_finiteBeta_maxm1_maxn1_LMN8_002167.h5,0.6251418195758235,2.482333831159435,0.04530989327780257,2.4370239378816327,False,False,3.389677156040502,3.7465191250190304,log_f_Q|f_stab|log_FSA_grad_x|geodesic_curvature_compression|parallel_roughness_iqr_scaled|nfp|iota|shat|aspect|rho|aspect/rho|equilibrium_class_1|equilibrium_class_2|equilibrium_class_3|equilibrium_class_4,observed-comparison,1.036812663078308,1.0368127036989188,0.4502820359836317,0.10887699061265321,1.1727063207294994,0.0
bad_curvature_compression,bad_curvature_compression:0059,53886,51961,20241115-01-random_heliotrons/20241115-01-022_heliotrons_finiteBeta_randomAspect_randomNfpUpTo8_noTorsion_flux_tubes/heliotron_randomAspect_finiteBeta_maxm1_maxn1_LMN8_000702.h5,20241115-01-random_heliotrons/20241115-01-022_heliotrons_finiteBeta_randomAspect_randomNfpUpTo8_noTorsion_flux_tubes/heliotron_randomAspect_finiteBeta_maxm1_maxn1_LMN8_000221.h5,0.6355229384355792,2.23510052006883,0.17717219760418257,2.0579283224646474,False,False,3.389677156040502,3.7465191250190304,log_f_Q|f_stab|log_FSA_grad_x|geodesic_curvature_compression|parallel_roughness_iqr_scaled|nfp|iota|shat|aspect|rho|aspect/rho|equilibrium_class_1|equilibrium_class_2|equilibrium_class_3|equilibrium_class_4,observed-comparison,1.4386603832244873,1.4386604697925345,0.6248023033632377,0.05590166622325349,1.3528840260853434,0.0
bad_curvature_compression,bad_curvature_compression:0060,37048,98290,20241103-01-random_equilibria_and_flux_tubes_random_aspect_ratio/20241103-01-064_generate_flux_tubes_nfp4/nfp4_randomAspect_finiteBeta_maxm4_maxn4_LMN8_002891.h5,20241122-01-QUASR/20241122-01-031_QUASR_finite_beta_equilibria_with_maxF_below_threshold_and_enough_iota_flux_tubes/QUASR_finiteBeta_003360.h5,0.6438001526131417,5.125152889799868,0.3848304607343956,4.740322429065473,False,False,3.389677156040502,3.7465191250190304,log_f_Q|f_stab|log_FSA_grad_x|geodesic_curvature_compression|parallel_roughness_iqr_scaled|nfp|iota|shat|aspect|rho|aspect/rho|equilibrium_class_1|equilibrium_class_2|equilibrium_class_3|equilibrium_class_4,observed-comparison,0.7874734401702881,0.7874735040458694,0.341995397452139,0.40439518009561914,3.775425068443518,0.0
bad_curvature_compression,bad_curvature_compression:0061,97856,97850,20241122-01-QUASR/20241122-01-031_QUASR_finite_beta_equilibria_with_maxF_below_threshold_and_enough_iota_flux_tubes/QUASR_finiteBeta_003251.h5,20241122-01-QUASR/20241122-01-031_QUASR_finite_beta_equilibria_with_maxF_below_threshold_and_enough_iota_flux_tubes/QUASR_finiteBeta_003250.h5,0.6493967120454057,3.5949615264099717,0.39076472493427294,3.2041968014756987,False,False,3.389677156040502,3.7465191250190304,log_f_Q|f_stab|log_FSA_grad_x|geodesic_curvature_compression|parallel_roughness_iqr_scaled|nfp|iota|shat|aspect|rho|aspect/rho|equilibrium_class_1|equilibrium_class_2|equilibrium_class_3|equilibrium_class_4,observed-comparison,0.377302885055542,0.37730302543153726,0.16386062195031892,-0.021794234739622054,0.2144652073259754,0.0
bad_curvature_compression,bad_curvature_compression:0062,58616,52690,20241115-01-random_heliotrons/20241115-01-022_heliotrons_finiteBeta_randomAspect_randomNfpUpTo8_noTorsion_flux_tubes/heliotron_randomAspect_finiteBeta_maxm1_maxn1_LMN8_001886.h5,20241115-01-random_heliotrons/20241115-01-022_heliotrons_finiteBeta_randomAspect_randomNfpUpTo8_noTorsion_flux_tubes/heliotron_randomAspect_finiteBeta_maxm1_maxn1_LMN8_000403.h5,0.6680010018514112,6.332107935267355,0.1149770309633766,6.217130904303978,False,False,3.389677156040502,3.7465191250190304,log_f_Q|f_stab|log_FSA_grad_x|geodesic_curvature_compression|parallel_roughness_iqr_scaled|nfp|iota|shat|aspect|rho|aspect/rho|equilibrium_class_1|equilibrium_class_2|equilibrium_class_3|equilibrium_class_4,observed-comparison,0.3535189628601074,0.35351886729814064,0.15353129331627036,-0.9986561678830319,2.6755765850005044,0.0
bad_curvature_compression,bad_curvature_compression:0063,68200,70627,20241115-01-random_heliotrons/20241115-01-023_heliotrons_finiteBeta_randomAspect_randomNfpUpTo8_withTorsion_flux_tubes/heliotron_randomAspect_finiteBeta_maxm1_maxn1_LMN8_001083.h5,20241115-01-random_heliotrons/20241115-01-023_heliotrons_finiteBeta_randomAspect_randomNfpUpTo8_withTorsion_flux_tubes/heliotron_randomAspect_finiteBeta_maxm1_maxn1_LMN8_001690.h5,0.6689808034957421,6.503976706200283,0.28539020193781556,6.2185865042624675,False,False,3.389677156040502,3.7465191250190304,log_f_Q|f_stab|log_FSA_grad_x|geodesic_curvature_compression|parallel_roughness_iqr_scaled|nfp|iota|shat|aspect|rho|aspect/rho|equilibrium_class_1|equilibrium_class_2|equilibrium_class_3|equilibrium_class_4,observed-comparison,0.425980806350708,0.42598084227915023,0.18500112919833445,-0.9229013801491275,1.6134129392410244,0.0
bad_curvature_compression,bad_curvature_compression:0064,46972,29867,20241103-01-random_equilibria_and_flux_tubes_random_aspect_ratio/20241103-01-065_generate_flux_tubes_nfp5/nfp5_randomAspect_finiteBeta_maxm4_maxn4_LMN8_002173.h5,20241103-01-random_equilibria_and_flux_tubes_random_aspect_ratio/20241103-01-064_generate_flux_tubes_nfp4/nfp4_randomAspect_finiteBeta_maxm4_maxn4_LMN8_001095.h5,0.6707523442335118,3.6805597278387174,0.22046140920952229,3.4600983186291954,False,False,3.389677156040502,3.7465191250190304,log_f_Q|f_stab|log_FSA_grad_x|geodesic_curvature_compression|parallel_roughness_iqr_scaled|nfp|iota|shat|aspect|rho|aspect/rho|equilibrium_class_1|equilibrium_class_2|equilibrium_class_3|equilibrium_class_4,observed-comparison,2.116236090660095,2.116236070788775,0.9190696479481845,0.04645976377340599,0.8131442695538116,0.0
bad_curvature_compression,bad_curvature_compression:0065,13121,77802,20241103-01-random_equilibria_and_flux_tubes_random_aspect_ratio/20241103-01-063_generate_flux_tubes_nfp3/nfp3_randomAspect_finiteBeta_maxm4_maxn4_LMN8_000099.h5,20241122-01-QUASR/20241122-01-030_QUASR_vacuum_equilibria_with_maxF_below_threshold_and_enough_iota_flux_tubes/QUASR_vacuum_000057.h5,0.672992894826288,3.0064380337278322,0.4306003024373594,2.575837731290473,False,False,3.389677156040502,3.7465191250190304,log_f_Q|f_stab|log_FSA_grad_x|geodesic_curvature_compression|parallel_roughness_iqr_scaled|nfp|iota|shat|aspect|rho|aspect/rho|equilibrium_class_1|equilibrium_class_2|equilibrium_class_3|equilibrium_class_4,observed-comparison,0.9099946022033691,0.9099945777500311,0.39520562367871814,0.09775205389769948,0.46062479479567564,0.0
bad_curvature_compression,bad_curvature_compression:0066,52267,65373,20241115-01-random_heliotrons/20241115-01-022_heliotrons_finiteBeta_randomAspect_randomNfpUpTo8_noTorsion_flux_tubes/heliotron_randomAspect_finiteBeta_maxm1_maxn1_LMN8_000298.h5,20241115-01-random_heliotrons/20241115-01-023_heliotrons_finiteBeta_randomAspect_randomNfpUpTo8_withTorsion_flux_tubes/heliotron_randomAspect_finiteBeta_maxm1_maxn1_LMN8_000375.h5,0.6759201769300394,3.6004950024524582,0.24251086970430857,3.3579841327481494,False,False,3.389677156040502,3.7465191250190304,log_f_Q|f_stab|log_FSA_grad_x|geodesic_curvature_compression|parallel_roughness_iqr_scaled|nfp|iota|shat|aspect|rho|aspect/rho|equilibrium_class_1|equilibrium_class_2|equilibrium_class_3|equilibrium_class_4,observed-comparison,1.1718811988830566,1.1718811625353673,0.5089415223354778,-1.313661537449284,2.0357939871198143,0.0
bad_curvature_compression,bad_curvature_compression:0067,60782,63988,20241115-01-random_heliotrons/20241115-01-022_heliotrons_finiteBeta_randomAspect_randomNfpUpTo8_noTorsion_flux_tubes/heliotron_randomAspect_finiteBeta_maxm1_maxn1_LMN8_002427.h5,20241115-01-random_heliotrons/20241115-01-023_heliotrons_finiteBeta_randomAspect_randomNfpUpTo8_withTorsion_flux_tubes/heliotron_randomAspect_finiteBeta_maxm1_maxn1_LMN8_000029.h5,0.6761752281502397,3.2701973390411805,0.3970697070900471,2.8731276319511334,False,False,3.389677156040502,3.7465191250190304,log_f_Q|f_stab|log_FSA_grad_x|geodesic_curvature_compression|parallel_roughness_iqr_scaled|nfp|iota|shat|aspect|rho|aspect/rho|equilibrium_class_1|equilibrium_class_2|equilibrium_class_3|equilibrium_class_4,observed-comparison,1.8893753290176392,1.889375245804331,0.820545243497421,0.20812515256922226,0.8569771277684755,0.0
bad_curvature_compression,bad_curvature_compression:0068,32037,64695,20241103-01-random_equilibria_and_flux_tubes_random_aspect_ratio/20241103-01-064_generate_flux_tubes_nfp4/nfp4_randomAspect_finiteBeta_maxm4_maxn4_LMN8_001638.h5,20241115-01-random_heliotrons/20241115-01-023_heliotrons_finiteBeta_randomAspect_randomNfpUpTo8_withTorsion_flux_tubes/heliotron_randomAspect_finiteBeta_maxm1_maxn1_LMN8_000206.h5,0.6766856934076279,3.8076950763913846,0.38309833408467914,3.4245967423067056,False,False,3.389677156040502,3.7465191250190304,log_f_Q|f_stab|log_FSA_grad_x|geodesic_curvature_compression|parallel_roughness_iqr_scaled|nfp|iota|shat|aspect|rho|aspect/rho|equilibrium_class_1|equilibrium_class_2|equilibrium_class_3|equilibrium_class_4,observed-comparison,-0.33543920516967773,-0.3354392421886443,-0.1456794118963367,-0.45884695894446365,0.3810627162175302,0.0
bad_curvature_compression,bad_curvature_compression:0069,67498,88866,20241115-01-random_heliotrons/20241115-01-023_heliotrons_finiteBeta_randomAspect_randomNfpUpTo8_withTorsion_flux_tubes/heliotron_randomAspect_finiteBeta_maxm1_maxn1_LMN8_000907.h5,20241122-01-QUASR/20241122-01-031_QUASR_finite_beta_equilibria_with_maxF_below_threshold_and_enough_iota_flux_tubes/QUASR_finiteBeta_001000.h5,0.67786137704262,10.442182005820385,0.2997178089468321,10.142464196873552,False,False,3.389677156040502,3.7465191250190304,log_f_Q|f_stab|log_FSA_grad_x|geodesic_curvature_compression|parallel_roughness_iqr_scaled|nfp|iota|shat|aspect|rho|aspect/rho|equilibrium_class_1|equilibrium_class_2|equilibrium_class_3|equilibrium_class_4,observed-comparison,1.3822035789489746,1.382203619028183,0.6002834046106444,-0.43223522932268466,2.126652929124255,0.0
bad_curvature_compression,bad_curvature_compression:0070,5384,38722,20241103-01-random_equilibria_and_flux_tubes_random_aspect_ratio/20241103-01-062_generate_flux_tubes_nfp2/nfp2_randomAspect_finiteBeta_maxm4_maxn4_LMN8_001355.h5,20241103-01-random_equilibria_and_flux_tubes_random_aspect_ratio/20241103-01-065_generate_flux_tubes_nfp5/nfp5_randomAspect_finiteBeta_maxm4_maxn4_LMN8_000110.h5,0.6803660922417034,3.3208666237448163,0.4598893175506837,2.860977306194133,False,False,3.389677156040502,3.7465191250190304,log_f_Q|f_stab|log_FSA_grad_x|geodesic_curvature_compression|parallel_roughness_iqr_scaled|nfp|iota|shat|aspect|rho|aspect/rho|equilibrium_class_1|equilibrium_class_2|equilibrium_class_3|equilibrium_class_4,observed-comparison,1.2694623470306396,1.269462485101277,0.5513205522626735,0.9648179931749798,3.3330787212117996,0.0
bad_curvature_compression,bad_curvature_compression:0071,65090,70300,20241115-01-random_heliotrons/20241115-01-023_heliotrons_finiteBeta_randomAspect_randomNfpUpTo8_withTorsion_flux_tubes/heliotron_randomAspect_finiteBeta_maxm1_maxn1_LMN8_000305.h5,20241115-01-random_heliotrons/20241115-01-023_heliotrons_finiteBeta_randomAspect_randomNfpUpTo8_withTorsion_flux_tubes/heliotron_randomAspect_finiteBeta_maxm1_maxn1_LMN8_001608.h5,0.6827265476658796,5.2155976883869934,0.2772265084659096,4.938371179921083,False,False,3.389677156040502,3.7465191250190304,log_f_Q|f_stab|log_FSA_grad_x|geodesic_curvature_compression|parallel_roughness_iqr_scaled|nfp|iota|shat|aspect|rho|aspect/rho|equilibrium_class_1|equilibrium_class_2|equilibrium_class_3|equilibrium_class_4,observed-comparison,1.526696801185608,1.5266968752855137,0.6630360284754359,-0.5801040122146368,1.8956332694559215,0.0
bad_curvature_compression,bad_curvature_compression:0072,30941,26655,20241103-01-random_equilibria_and_flux_tubes_random_aspect_ratio/20241103-01-064_generate_flux_tubes_nfp4/nfp4_randomAspect_finiteBeta_maxm4_maxn4_LMN8_001364.h5,20241103-01-random_equilibria_and_flux_tubes_random_aspect_ratio/20241103-01-064_generate_flux_tubes_nfp4/nfp4_randomAspect_finiteBeta_maxm4_maxn4_LMN8_000291.h5,0.6943780692609507,5.572532635915127,0.44772149330528127,5.124811142609845,False,False,3.389677156040502,3.7465191250190304,log_f_Q|f_stab|log_FSA_grad_x|geodesic_curvature_compression|parallel_roughness_iqr_scaled|nfp|iota|shat|aspect|rho|aspect/rho|equilibrium_class_1|equilibrium_class_2|equilibrium_class_3|equilibrium_class_4,observed-comparison,0.9097044467926025,0.9097045933604329,0.39507968505847746,-0.5236013192462802,1.6646537205108345,0.0
bad_curvature_compression,bad_curvature_compression:0073,74656,79784,20241115-01-random_heliotrons/20241115-01-023_heliotrons_finiteBeta_randomAspect_randomNfpUpTo8_withTorsion_flux_tubes/heliotron_randomAspect_finiteBeta_maxm1_maxn1_LMN8_002698.h5,20241122-01-QUASR/20241122-01-030_QUASR_vacuum_equilibria_with_maxF_below_threshold_and_enough_iota_flux_tubes/QUASR_vacuum_000156.h5,0.6949179140886864,3.5285585179736434,0.29957504029300513,3.228983477680638,False,False,3.389677156040502,3.7465191250190304,log_f_Q|f_stab|log_FSA_grad_x|geodesic_curvature_compression|parallel_roughness_iqr_scaled|nfp|iota|shat|aspect|rho|aspect/rho|equilibrium_class_1|equilibrium_class_2|equilibrium_class_3|equilibrium_class_4,observed-comparison,0.9372859001159668,0.9372859195360765,0.4070581028201332,-0.05977748226552204,2.9036381113893235,0.0
bad_curvature_compression,bad_curvature_compression:0074,13767,80288,20241103-01-random_equilibria_and_flux_tubes_random_aspect_ratio/20241103-01-063_generate_flux_tubes_nfp3/nfp3_randomAspect_finiteBeta_maxm4_maxn4_LMN8_000262.h5,20241122-01-QUASR/20241122-01-030_QUASR_vacuum_equilibria_with_maxF_below_threshold_and_enough_iota_flux_tubes/QUASR_vacuum_000181.h5,0.6956136985373029,4.844608613874484,0.2691804015391713,4.5754282123353125,False,False,3.389677156040502,3.7465191250190304,log_f_Q|f_stab|log_FSA_grad_x|geodesic_curvature_compression|parallel_roughness_iqr_scaled|nfp|iota|shat|aspect|rho|aspect/rho|equilibrium_class_1|equilibrium_class_2|equilibrium_class_3|equilibrium_class_4,observed-comparison,1.514805555343628,1.5148055720199582,0.6578717010845669,0.6262461588447846,4.217906765532636,0.0
bad_curvature_compression,bad_curvature_compression:0075,10974,78662,20241103-01-random_equilibria_and_flux_tubes_random_aspect_ratio/20241103-01-062_generate_flux_tubes_nfp2/nfp2_randomAspect_finiteBeta_maxm4_maxn4_LMN8_002761.h5,20241122-01-QUASR/20241122-01-030_QUASR_vacuum_equilibria_with_maxF_below_threshold_and_enough_iota_flux_tubes/QUASR_vacuum_000100.h5,0.7046810443928687,2.7065712255650882,0.27834227888065305,2.428228946684435,False,False,3.389677156040502,3.7465191250190304,log_f_Q|f_stab|log_FSA_grad_x|geodesic_curvature_compression|parallel_roughness_iqr_scaled|nfp|iota|shat|aspect|rho|aspect/rho|equilibrium_class_1|equilibrium_class_2|equilibrium_class_3|equilibrium_class_4,observed-comparison,0.9755072593688965,0.9755071520001846,0.42365737317083696,0.2558726437439809,2.0770324116013965,0.0
bad_curvature_compression,bad_curvature_compression:0076,85779,77779,20241122-01-QUASR/20241122-01-031_QUASR_finite_beta_equilibria_with_maxF_below_threshold_and_enough_iota_flux_tubes/QUASR_finiteBeta_000221.h5,20241122-01-QUASR/20241122-01-030_QUASR_vacuum_equilibria_with_maxF_below_threshold_and_enough_iota_flux_tubes/QUASR_vacuum_000056.h5,0.7059829751605974,2.429225477236153,0.40028133124837995,2.028944145987773,False,False,3.389677156040502,3.7465191250190304,log_f_Q|f_stab|log_FSA_grad_x|geodesic_curvature_compression|parallel_roughness_iqr_scaled|nfp|iota|shat|aspect|rho|aspect/rho|equilibrium_class_1|equilibrium_class_2|equilibrium_class_3|equilibrium_class_4,observed-comparison,1.0878852605819702,1.0878853602829124,0.4724626089141998,0.2134926938711813,2.151006327160957,0.0
bad_curvature_compression,bad_curvature_compression:0077,85085,95181,20241122-01-QUASR/20241122-01-031_QUASR_finite_beta_equilibria_with_maxF_below_threshold_and_enough_iota_flux_tubes/QUASR_finiteBeta_000047.h5,20241122-01-QUASR/20241122-01-031_QUASR_finite_beta_equilibria_with_maxF_below_threshold_and_enough_iota_flux_tubes/QUASR_finiteBeta_002583.h5,0.7064347413712818,2.536291755135132,0.3683179251076811,2.167973830027451,False,False,3.389677156040502,3.7465191250190304,log_f_Q|f_stab|log_FSA_grad_x|geodesic_curvature_compression|parallel_roughness_iqr_scaled|nfp|iota|shat|aspect|rho|aspect/rho|equilibrium_class_1|equilibrium_class_2|equilibrium_class_3|equilibrium_class_4,observed-comparison,1.242577314376831,1.2425774728795234,0.5396445398088645,0.23819558679151354,3.2869828139423998,0.0
bad_curvature_compression,bad_curvature_compression:0078,60264,13384,20241115-01-random_heliotrons/20241115-01-022_heliotrons_finiteBeta_randomAspect_randomNfpUpTo8_noTorsion_flux_tubes/heliotron_randomAspect_finiteBeta_maxm1_maxn1_LMN8_002298.h5,20241103-01-random_equilibria_and_flux_tubes_random_aspect_ratio/20241103-01-063_generate_flux_tubes_nfp3/nfp3_randomAspect_finiteBeta_maxm4_maxn4_LMN8_000165.h5,0.7152612370929072,4.421370910286124,0.3700364529906233,4.051334457295501,False,False,3.389677156040502,3.7465191250190304,log_f_Q|f_stab|log_FSA_grad_x|geodesic_curvature_compression|parallel_roughness_iqr_scaled|nfp|iota|shat|aspect|rho|aspect/rho|equilibrium_class_1|equilibrium_class_2|equilibrium_class_3|equilibrium_class_4,observed-comparison,2.60489634424448,2.604896367608391,1.131292118382149,0.42401564519113005,0.9048228411713228,0.0
bad_curvature_compression,bad_curvature_compression:0079,74930,83139,20241115-01-random_heliotrons/20241115-01-023_heliotrons_finiteBeta_randomAspect_randomNfpUpTo8_withTorsion_flux_tubes/heliotron_randomAspect_finiteBeta_maxm1_maxn1_LMN8_002766.h5,20241122-01-QUASR/20241122-01-030_QUASR_vacuum_equilibria_with_maxF_below_threshold_and_enough_iota_flux_tubes/QUASR_vacuum_000324.h5,0.7153540405397506,3.1821896227516753,0.24268489655672001,2.939504726194955,False,False,3.389677156040502,3.7465191250190304,log_f_Q|f_stab|log_FSA_grad_x|geodesic_curvature_compression|parallel_roughness_iqr_scaled|nfp|iota|shat|aspect|rho|aspect/rho|equilibrium_class_1|equilibrium_class_2|equilibrium_class_3|equilibrium_class_4,observed-comparison,0.9005104303359985,0.9005105380926617,0.39108675758937106,-0.27391937527808147,0.7996962047936051,0.0
bad_curvature_compression,bad_curvature_compression:0080,64988,71974,20241115-01-random_heliotrons/20241115-01-023_heliotrons_finiteBeta_randomAspect_randomNfpUpTo8_withTorsion_flux_tubes/heliotron_randomAspect_finiteBeta_maxm1_maxn1_LMN8_000279.h5,20241115-01-random_heliotrons/20241115-01-023_heliotrons_finiteBeta_randomAspect_randomNfpUpTo8_withTorsion_flux_tubes/heliotron_randomAspect_finiteBeta_maxm1_maxn1_LMN8_002027.h5,0.7327569667716088,2.8912466632595843,0.41105082346172583,2.4801958397978585,False,False,3.389677156040502,3.7465191250190304,log_f_Q|f_stab|log_FSA_grad_x|geodesic_curvature_compression|parallel_roughness_iqr_scaled|nfp|iota|shat|aspect|rho|aspect/rho|equilibrium_class_1|equilibrium_class_2|equilibrium_class_3|equilibrium_class_4,observed-comparison,1.9971035718917847,1.9971034717933636,0.8673310175896844,0.005563478399688071,1.356181673302249,0.0
bad_curvature_compression,bad_curvature_compression:0081,91892,92350,20241122-01-QUASR/20241122-01-031_QUASR_finite_beta_equilibria_with_maxF_below_threshold_and_enough_iota_flux_tubes/QUASR_finiteBeta_001760.h5,20241122-01-QUASR/20241122-01-031_QUASR_finite_beta_equilibria_with_maxF_below_threshold_and_enough_iota_flux_tubes/QUASR_finiteBeta_001875.h5,0.7379385294042035,16.338916518395376,0.22824376519900402,16.110672753196372,False,False,3.389677156040502,3.7465191250190304,log_f_Q|f_stab|log_FSA_grad_x|geodesic_curvature_compression|parallel_roughness_iqr_scaled|nfp|iota|shat|aspect|rho|aspect/rho|equilibrium_class_1|equilibrium_class_2|equilibrium_class_3|equilibrium_class_4,observed-comparison,1.513211965560913,1.5132118916448123,0.6571795744917233,-0.11313397220045007,6.4344447457308185,0.0
bad_curvature_compression,bad_curvature_compression:0082,70987,83542,20241115-01-random_heliotrons/20241115-01-023_heliotrons_finiteBeta_randomAspect_randomNfpUpTo8_withTorsion_flux_tubes/heliotron_randomAspect_finiteBeta_maxm1_maxn1_LMN8_001780.h5,20241122-01-QUASR/20241122-01-030_QUASR_vacuum_equilibria_with_maxF_below_threshold_and_enough_iota_flux_tubes/QUASR_vacuum_000345.h5,0.7421358447186363,2.450177220592846,0.17703190064115462,2.2731453199516913,False,False,3.389677156040502,3.7465191250190304,log_f_Q|f_stab|log_FSA_grad_x|geodesic_curvature_compression|parallel_roughness_iqr_scaled|nfp|iota|shat|aspect|rho|aspect/rho|equilibrium_class_1|equilibrium_class_2|equilibrium_class_3|equilibrium_class_4,observed-comparison,0.8665026426315308,0.8665025583928128,0.3763172796650487,0.36002875604102713,1.9151073505246408,0.0
bad_curvature_compression,bad_curvature_compression:0083,86237,88960,20241122-01-QUASR/20241122-01-031_QUASR_finite_beta_equilibria_with_maxF_below_threshold_and_enough_iota_flux_tubes/QUASR_finiteBeta_000335.h5,20241122-01-QUASR/20241122-01-031_QUASR_finite_beta_equilibria_with_maxF_below_threshold_and_enough_iota_flux_tubes/QUASR_finiteBeta_001023.h5,0.7525746408391761,7.313867956769464,0.35357597181804395,6.96029198495142,False,False,3.389677156040502,3.7465191250190304,log_f_Q|f_stab|log_FSA_grad_x|geodesic_curvature_compression|parallel_roughness_iqr_scaled|nfp|iota|shat|aspect|rho|aspect/rho|equilibrium_class_1|equilibrium_class_2|equilibrium_class_3|equilibrium_class_4,observed-comparison,1.9286257028579712,1.92862581373794,0.8375915485625561,0.07711642849254474,5.571771651965815,0.0
bad_curvature_compression,bad_curvature_compression:0084,71263,78745,20241115-01-random_heliotrons/20241115-01-023_heliotrons_finiteBeta_randomAspect_randomNfpUpTo8_withTorsion_flux_tubes/heliotron_randomAspect_finiteBeta_maxm1_maxn1_LMN8_001849.h5,20241122-01-QUASR/20241122-01-030_QUASR_vacuum_equilibria_with_maxF_below_threshold_and_enough_iota_flux_tubes/QUASR_vacuum_000104.h5,0.7616658883518018,2.5866818324663634,0.1683189731069398,2.4183628593594237,False,False,3.389677156040502,3.7465191250190304,log_f_Q|f_stab|log_FSA_grad_x|geodesic_curvature_compression|parallel_roughness_iqr_scaled|nfp|iota|shat|aspect|rho|aspect/rho|equilibrium_class_1|equilibrium_class_2|equilibrium_class_3|equilibrium_class_4,observed-comparison,0.9267268180847168,0.9267269214069211,0.4024723881982144,0.0932619459179711,0.9459894638311428,0.0
bad_curvature_compression,bad_curvature_compression:0085,74281,100493,20241115-01-random_heliotrons/20241115-01-023_heliotrons_finiteBeta_randomAspect_randomNfpUpTo8_withTorsion_flux_tubes/heliotron_randomAspect_finiteBeta_maxm1_maxn1_LMN8_002604.h5,20241122-01-QUASR/20241122-01-031_QUASR_finite_beta_equilibria_with_maxF_below_threshold_and_enough_iota_flux_tubes/QUASR_finiteBeta_003911.h5,0.7620865245508978,4.581561181743246,0.31385173412501605,4.26770944761823,False,False,3.389677156040502,3.7465191250190304,log_f_Q|f_stab|log_FSA_grad_x|geodesic_curvature_compression|parallel_roughness_iqr_scaled|nfp|iota|shat|aspect|rho|aspect/rho|equilibrium_class_1|equilibrium_class_2|equilibrium_class_3|equilibrium_class_4,observed-comparison,0.412304162979126,0.41230405048247,0.1790613739908966,-1.1329181269792303,1.5027828404919898,0.0
bad_curvature_compression,bad_curvature_compression:0086,59584,64239,20241115-01-random_heliotrons/20241115-01-022_heliotrons_finiteBeta_randomAspect_randomNfpUpTo8_noTorsion_flux_tubes/heliotron_randomAspect_finiteBeta_maxm1_maxn1_LMN8_002128.h5,20241115-01-random_heliotrons/20241115-01-023_heliotrons_finiteBeta_randomAspect_randomNfpUpTo8_withTorsion_flux_tubes/heliotron_randomAspect_finiteBeta_maxm1_maxn1_LMN8_000092.h5,0.7620977937773903,6.664798832278134,0.3389782351222164,6.325820597155917,False,False,3.389677156040502,3.7465191250190304,log_f_Q|f_stab|log_FSA_grad_x|geodesic_curvature_compression|parallel_roughness_iqr_scaled|nfp|iota|shat|aspect|rho|aspect/rho|equilibrium_class_1|equilibrium_class_2|equilibrium_class_3|equilibrium_class_4,observed-comparison,0.4204648733139038,0.4204649125731459,0.18260559136445043,-1.629364719741053,3.752822422616549,0.0
bad_curvature_compression,bad_curvature_compression:0087,55347,99614,20241115-01-random_heliotrons/20241115-01-022_heliotrons_finiteBeta_randomAspect_randomNfpUpTo8_noTorsion_flux_tubes/heliotron_randomAspect_finiteBeta_maxm1_maxn1_LMN8_001068.h5,20241122-01-QUASR/20241122-01-031_QUASR_finite_beta_equilibria_with_maxF_below_threshold_and_enough_iota_flux_tubes/QUASR_finiteBeta_003691.h5,0.771766611668624,5.058596209208344,0.4319663136057575,4.626629895602586,False,False,3.389677156040502,3.7465191250190304,log_f_Q|f_stab|log_FSA_grad_x|geodesic_curvature_compression|parallel_roughness_iqr_scaled|nfp|iota|shat|aspect|rho|aspect/rho|equilibrium_class_1|equilibrium_class_2|equilibrium_class_3|equilibrium_class_4,observed-comparison,0.6739380359649658,0.6739380255812621,0.29268756565471465,-0.552781267508516,1.7300409657047835,0.0
bad_curvature_compression,bad_curvature_compression:0088,59792,35209,20241115-01-random_heliotrons/20241115-01-022_heliotrons_finiteBeta_randomAspect_randomNfpUpTo8_noTorsion_flux_tubes/heliotron_randomAspect_finiteBeta_maxm1_maxn1_LMN8_002180.h5,20241103-01-random_equilibria_and_flux_tubes_random_aspect_ratio/20241103-01-064_generate_flux_tubes_nfp4/nfp4_randomAspect_finiteBeta_maxm4_maxn4_LMN8_002431.h5,0.7742820452362479,6.8921074515907605,0.26093102313421956,6.631176428456541,False,False,3.389677156040502,3.7465191250190304,log_f_Q|f_stab|log_FSA_grad_x|geodesic_curvature_compression|parallel_roughness_iqr_scaled|nfp|iota|shat|aspect|rho|aspect/rho|equilibrium_class_1|equilibrium_class_2|equilibrium_class_3|equilibrium_class_4,observed-comparison,1.813568502664566,1.813568506358148,0.7876227948648661,-0.1378794707916309,2.0318700481254686,0.0
bad_curvature_compression,bad_curvature_compression:0089,52468,100511,20241115-01-random_heliotrons/20241115-01-022_heliotrons_finiteBeta_randomAspect_randomNfpUpTo8_noTorsion_flux_tubes/heliotron_randomAspect_finiteBeta_maxm1_maxn1_LMN8_000348.h5,20241122-01-QUASR/20241122-01-031_QUASR_finite_beta_equilibria_with_maxF_below_threshold_and_enough_iota_flux_tubes/QUASR_finiteBeta_003915.h5,0.777412658568339,2.4043388210805987,0.30179484135477075,2.102543979725828,False,False,3.389677156040502,3.7465191250190304,log_f_Q|f_stab|log_FSA_grad_x|geodesic_curvature_compression|parallel_roughness_iqr_scaled|nfp|iota|shat|aspect|rho|aspect/rho|equilibrium_class_1|equilibrium_class_2|equilibrium_class_3|equilibrium_class_4,observed-comparison,0.489595890045166,0.4895960782276889,0.21262887513575812,-0.020172399521109274,0.34235150381894774,0.0
bad_curvature_compression,bad_curvature_compression:0090,52451,82482,20241115-01-random_heliotrons/20241115-01-022_heliotrons_finiteBeta_randomAspect_randomNfpUpTo8_noTorsion_flux_tubes/heliotron_randomAspect_finiteBeta_maxm1_maxn1_LMN8_000344.h5,20241122-01-QUASR/20241122-01-030_QUASR_vacuum_equilibria_with_maxF_below_threshold_and_enough_iota_flux_tubes/QUASR_vacuum_000291.h5,0.7778565704688692,2.8001300787621184,0.22579171799335573,2.5743383607687624,False,False,3.389677156040502,3.7465191250190304,log_f_Q|f_stab|log_FSA_grad_x|geodesic_curvature_compression|parallel_roughness_iqr_scaled|nfp|iota|shat|aspect|rho|aspect/rho|equilibrium_class_1|equilibrium_class_2|equilibrium_class_3|equilibrium_class_4,observed-comparison,0.8395946025848389,0.8395946257377918,0.3646313129935487,-0.20587382198848725,1.5477079215003686,0.0
bad_curvature_compression,bad_curvature_compression:0091,31970,31450,20241103-01-random_equilibria_and_flux_tubes_random_aspect_ratio/20241103-01-064_generate_flux_tubes_nfp4/nfp4_randomAspect_finiteBeta_maxm4_maxn4_LMN8_001621.h5,20241103-01-random_equilibria_and_flux_tubes_random_aspect_ratio/20241103-01-064_generate_flux_tubes_nfp4/nfp4_randomAspect_finiteBeta_maxm4_maxn4_LMN8_001491.h5,0.7792104389572276,4.36770351022022,0.2107519596456,4.15695155057462,False,False,3.389677156040502,3.7465191250190304,log_f_Q|f_stab|log_FSA_grad_x|geodesic_curvature_compression|parallel_roughness_iqr_scaled|nfp|iota|shat|aspect|rho|aspect/rho|equilibrium_class_1|equilibrium_class_2|equilibrium_class_3|equilibrium_class_4,observed-comparison,2.658797711133957,2.6587976448903756,1.1547011456732519,-0.1496041268550189,2.7362806595262494,0.0
bad_curvature_compression,bad_curvature_compression:0092,16861,82992,20241103-01-random_equilibria_and_flux_tubes_random_aspect_ratio/20241103-01-063_generate_flux_tubes_nfp3/nfp3_randomAspect_finiteBeta_maxm4_maxn4_LMN8_001038.h5,20241122-01-QUASR/20241122-01-030_QUASR_vacuum_equilibria_with_maxF_below_threshold_and_enough_iota_flux_tubes/QUASR_vacuum_000317.h5,0.7950053822425828,5.800011054923392,0.16524299429743802,5.634768060625953,False,False,3.389677156040502,3.7465191250190304,log_f_Q|f_stab|log_FSA_grad_x|geodesic_curvature_compression|parallel_roughness_iqr_scaled|nfp|iota|shat|aspect|rho|aspect/rho|equilibrium_class_1|equilibrium_class_2|equilibrium_class_3|equilibrium_class_4,observed-comparison,0.874028205871582,0.8740282995970621,0.3795856675422863,-0.5009809908579363,1.4129799736487332,0.0
bad_curvature_compression,bad_curvature_compression:0093,21287,15479,20241103-01-random_equilibria_and_flux_tubes_random_aspect_ratio/20241103-01-063_generate_flux_tubes_nfp3/nfp3_randomAspect_finiteBeta_maxm4_maxn4_LMN8_002148.h5,20241103-01-random_equilibria_and_flux_tubes_random_aspect_ratio/20241103-01-063_generate_flux_tubes_nfp3/nfp3_randomAspect_finiteBeta_maxm4_maxn4_LMN8_000691.h5,0.8033563454451188,12.520574829043289,0.026710310823491207,12.493864518219798,False,False,3.389677156040502,3.7465191250190304,log_f_Q|f_stab|log_FSA_grad_x|geodesic_curvature_compression|parallel_roughness_iqr_scaled|nfp|iota|shat|aspect|rho|aspect/rho|equilibrium_class_1|equilibrium_class_2|equilibrium_class_3|equilibrium_class_4,observed-comparison,1.8183650970458984,1.8183651325116836,0.7897059431350993,0.3264834670380937,2.6098501708909625,0.0
bad_curvature_compression,bad_curvature_compression:0094,88391,93659,20241122-01-QUASR/20241122-01-031_QUASR_finite_beta_equilibria_with_maxF_below_threshold_and_enough_iota_flux_tubes/QUASR_finiteBeta_000881.h5,20241122-01-QUASR/20241122-01-031_QUASR_finite_beta_equilibria_with_maxF_below_threshold_and_enough_iota_flux_tubes/QUASR_finiteBeta_002202.h5,0.8086463034572153,2.3460428290222812,0.25634574357253986,2.089697085449741,False,False,3.389677156040502,3.7465191250190304,log_f_Q|f_stab|log_FSA_grad_x|geodesic_curvature_compression|parallel_roughness_iqr_scaled|nfp|iota|shat|aspect|rho|aspect/rho|equilibrium_class_1|equilibrium_class_2|equilibrium_class_3|equilibrium_class_4,observed-comparison,1.3933298587799072,1.3933299493717606,0.6051155084826929,-0.1461025863182085,2.1754987066007843,0.0
bad_curvature_compression,bad_curvature_compression:0095,66425,79003,20241115-01-random_heliotrons/20241115-01-023_heliotrons_finiteBeta_randomAspect_randomNfpUpTo8_withTorsion_flux_tubes/heliotron_randomAspect_finiteBeta_maxm1_maxn1_LMN8_000638.h5,20241122-01-QUASR/20241122-01-030_QUASR_vacuum_equilibria_with_maxF_below_threshold_and_enough_iota_flux_tubes/QUASR_vacuum_000117.h5,0.8092867317855275,2.44832289546224,0.13636744256162928,2.3119554529006106,False,False,3.389677156040502,3.7465191250190304,log_f_Q|f_stab|log_FSA_grad_x|geodesic_curvature_compression|parallel_roughness_iqr_scaled|nfp|iota|shat|aspect|rho|aspect/rho|equilibrium_class_1|equilibrium_class_2|equilibrium_class_3|equilibrium_class_4,observed-comparison,1.5362184047698975,1.5362184587090855,0.6671711996152744,-0.41625552046352376,1.1208712581574836,0.0
bad_curvature_compression,bad_curvature_compression:0096,52742,66242,20241115-01-random_heliotrons/20241115-01-022_heliotrons_finiteBeta_randomAspect_randomNfpUpTo8_noTorsion_flux_tubes/heliotron_randomAspect_finiteBeta_maxm1_maxn1_LMN8_000416.h5,20241115-01-random_heliotrons/20241115-01-023_heliotrons_finiteBeta_randomAspect_randomNfpUpTo8_withTorsion_flux_tubes/heliotron_randomAspect_finiteBeta_maxm1_maxn1_LMN8_000593.h5,0.809701168912839,3.1034287864546264,0.4152264288073302,2.688202357647296,False,False,3.389677156040502,3.7465191250190304,log_f_Q|f_stab|log_FSA_grad_x|geodesic_curvature_compression|parallel_roughness_iqr_scaled|nfp|iota|shat|aspect|rho|aspect/rho|equilibrium_class_1|equilibrium_class_2|equilibrium_class_3|equilibrium_class_4,observed-comparison,1.8135650157928467,1.8135648641977653,0.7876212130947097,0.16394430981051206,0.43145611188923283,0.0
bad_curvature_compression,bad_curvature_compression:0097,86844,93018,20241122-01-QUASR/20241122-01-031_QUASR_finite_beta_equilibria_with_maxF_below_threshold_and_enough_iota_flux_tubes/QUASR_finiteBeta_000488.h5,20241122-01-QUASR/20241122-01-031_QUASR_finite_beta_equilibria_with_maxF_below_threshold_and_enough_iota_flux_tubes/QUASR_finiteBeta_002042.h5,0.8237354542076691,8.31129938999095,0.19441013309758162,8.116889256893367,False,False,3.389677156040502,3.7465191250190304,log_f_Q|f_stab|log_FSA_grad_x|geodesic_curvature_compression|parallel_roughness_iqr_scaled|nfp|iota|shat|aspect|rho|aspect/rho|equilibrium_class_1|equilibrium_class_2|equilibrium_class_3|equilibrium_class_4,observed-comparison,2.8773912489414215,2.8773911857241066,1.2496351142370343,0.9069460091920332,4.37300144280272,0.0
bad_curvature_compression,bad_curvature_compression:0098,92099,80856,20241122-01-QUASR/20241122-01-031_QUASR_finite_beta_equilibria_with_maxF_below_threshold_and_enough_iota_flux_tubes/QUASR_finiteBeta_001812.h5,20241122-01-QUASR/20241122-01-030_QUASR_vacuum_equilibria_with_maxF_below_threshold_and_enough_iota_flux_tubes/QUASR_vacuum_000210.h5,0.8262129512841426,3.5688295722353014,0.191105801349888,3.3777237708854133,False,False,3.389677156040502,3.7465191250190304,log_f_Q|f_stab|log_FSA_grad_x|geodesic_curvature_compression|parallel_roughness_iqr_scaled|nfp|iota|shat|aspect|rho|aspect/rho|equilibrium_class_1|equilibrium_class_2|equilibrium_class_3|equilibrium_class_4,observed-comparison,0.7251176834106445,0.7251177181019046,0.3149146237019348,1.1596905225248761,2.820614055384369,0.0
bad_curvature_compression,bad_curvature_compression:0099,7895,62584,20241103-01-random_equilibria_and_flux_tubes_random_aspect_ratio/20241103-01-062_generate_flux_tubes_nfp2/nfp2_randomAspect_finiteBeta_maxm4_maxn4_LMN8_001985.h5,20241115-01-random_heliotrons/20241115-01-022_heliotrons_finiteBeta_randomAspect_randomNfpUpTo8_noTorsion_flux_tubes/heliotron_randomAspect_finiteBeta_maxm1_maxn1_LMN8_002878.h5,0.8268051256397474,3.0230885422769394,0.3511861582908573,2.6719023839860823,False,False,3.389677156040502,3.7465191250190304,log_f_Q|f_stab|log_FSA_grad_x|geodesic_curvature_compression|parallel_roughness_iqr_scaled|nfp|iota|shat|aspect|rho|aspect/rho|equilibrium_class_1|equilibrium_class_2|equilibrium_class_3|equilibrium_class_4,observed-comparison,-1.6173697710037231,-1.6173697861855456,-0.7024147733374247,-0.6238186674217912,0.410723243344721,0.0
bad_curvature_compression,bad_curvature_compression:0100,28887,65147,20241103-01-random_equilibria_and_flux_tubes_random_aspect_ratio/20241103-01-064_generate_flux_tubes_nfp4/nfp4_randomAspect_finiteBeta_maxm4_maxn4_LMN8_000850.h5,20241115-01-random_heliotrons/20241115-01-023_heliotrons_finiteBeta_randomAspect_randomNfpUpTo8_withTorsion_flux_tubes/heliotron_randomAspect_finiteBeta_maxm1_maxn1_LMN8_000319.h5,0.8277704753428131,2.710576074560091,0.30579805208063116,2.40477802247946,False,False,3.389677156040502,3.7465191250190304,log_f_Q|f_stab|log_FSA_grad_x|geodesic_curvature_compression|parallel_roughness_iqr_scaled|nfp|iota|shat|aspect|rho|aspect/rho|equilibrium_class_1|equilibrium_class_2|equilibrium_class_3|equilibrium_class_4,observed-comparison,1.3651330471038818,1.3651330075230066,0.5928697322312321,0.42440709067364135,3.8051407767897034,0.0
bad_curvature_compression,bad_curvature_compression:0101,18981,1267,20241103-01-random_equilibria_and_flux_tubes_random_aspect_ratio/20241103-01-063_generate_flux_tubes_nfp3/nfp3_randomAspect_finiteBeta_maxm4_maxn4_LMN8_001569.h5,20241103-01-random_equilibria_and_flux_tubes_random_aspect_ratio/20241103-01-062_generate_flux_tubes_nfp2/nfp2_randomAspect_finiteBeta_maxm4_maxn4_LMN8_000319.h5,0.8349687780987001,2.6028404416318236,0.25451435436106,2.3483260872707636,False,False,3.389677156040502,3.7465191250190304,log_f_Q|f_stab|log_FSA_grad_x|geodesic_curvature_compression|parallel_roughness_iqr_scaled|nfp|iota|shat|aspect|rho|aspect/rho|equilibrium_class_1|equilibrium_class_2|equilibrium_class_3|equilibrium_class_4,observed-comparison,1.207710862159729,1.2077109049855352,0.5245021817696004,-0.9630058861712891,0.9212284400325279,0.0
bad_curvature_compression,bad_curvature_compression:0102,30783,23416,20241103-01-random_equilibria_and_flux_tubes_random_aspect_ratio/20241103-01-064_generate_flux_tubes_nfp4/nfp4_randomAspect_finiteBeta_maxm4_maxn4_LMN8_001325.h5,20241103-01-random_equilibria_and_flux_tubes_random_aspect_ratio/20241103-01-063_generate_flux_tubes_nfp3/nfp3_randomAspect_finiteBeta_maxm4_maxn4_LMN8_002680.h5,0.8431968706673848,3.2533839422059785,0.13135998949296218,3.1220239527130165,False,False,3.389677156040502,3.7465191250190304,log_f_Q|f_stab|log_FSA_grad_x|geodesic_curvature_compression|parallel_roughness_iqr_scaled|nfp|iota|shat|aspect|rho|aspect/rho|equilibrium_class_1|equilibrium_class_2|equilibrium_class_3|equilibrium_class_4,observed-comparison,2.9650509357452393,2.965050923050656,1.2877052544430432,1.4722533326043326,2.067433075902783,0.0
bad_curvature_compression,bad_curvature_compression:0103,93730,100032,20241122-01-QUASR/20241122-01-031_QUASR_finite_beta_equilibria_with_maxF_below_threshold_and_enough_iota_flux_tubes/QUASR_finiteBeta_002220.h5,20241122-01-QUASR/20241122-01-031_QUASR_finite_beta_equilibria_with_maxF_below_threshold_and_enough_iota_flux_tubes/QUASR_finiteBeta_003795.h5,0.8438128176141155,4.81000764988818,0.2235002313696114,4.586507418518569,False,False,3.389677156040502,3.7465191250190304,log_f_Q|f_stab|log_FSA_grad_x|geodesic_curvature_compression|parallel_roughness_iqr_scaled|nfp|iota|shat|aspect|rho|aspect/rho|equilibrium_class_1|equilibrium_class_2|equilibrium_class_3|equilibrium_class_4,observed-comparison,0.424497127532959,0.4244972415949402,0.18435680960783396,-0.5563215506644996,0.9403752644258101,0.0
bad_curvature_compression,bad_curvature_compression:0104,64714,72989,20241115-01-random_heliotrons/20241115-01-023_heliotrons_finiteBeta_randomAspect_randomNfpUpTo8_withTorsion_flux_tubes/heliotron_randomAspect_finiteBeta_maxm1_maxn1_LMN8_000211.h5,20241115-01-random_heliotrons/20241115-01-023_heliotrons_finiteBeta_randomAspect_randomNfpUpTo8_withTorsion_flux_tubes/heliotron_randomAspect_finiteBeta_maxm1_maxn1_LMN8_002281.h5,0.8515722240875689,2.7927330205919816,0.4178207055494123,2.374912315042569,False,False,3.389677156040502,3.7465191250190304,log_f_Q|f_stab|log_FSA_grad_x|geodesic_curvature_compression|parallel_roughness_iqr_scaled|nfp|iota|shat|aspect|rho|aspect/rho|equilibrium_class_1|equilibrium_class_2|equilibrium_class_3|equilibrium_class_4,observed-comparison,1.5673571825027466,1.5673572094732706,0.6806945872455208,-0.308345240741867,1.0704141801229883,0.0
bad_curvature_compression,bad_curvature_compression:0105,60442,98434,20241115-01-random_heliotrons/20241115-01-022_heliotrons_finiteBeta_randomAspect_randomNfpUpTo8_noTorsion_flux_tubes/heliotron_randomAspect_finiteBeta_maxm1_maxn1_LMN8_002342.h5,20241122-01-QUASR/20241122-01-031_QUASR_finite_beta_equilibria_with_maxF_below_threshold_and_enough_iota_flux_tubes/QUASR_finiteBeta_003396.h5,0.853663496920067,4.0675615682369255,0.189106294320195,3.8784552739167304,False,False,3.389677156040502,3.7465191250190304,log_f_Q|f_stab|log_FSA_grad_x|geodesic_curvature_compression|parallel_roughness_iqr_scaled|nfp|iota|shat|aspect|rho|aspect/rho|equilibrium_class_1|equilibrium_class_2|equilibrium_class_3|equilibrium_class_4,observed-comparison,0.49970436096191406,0.49970431638744195,0.21701882719030274,-0.6852138939857451,1.5750211374645384,0.0
bad_curvature_compression,bad_curvature_compression:0106,11221,4387,20241103-01-random_equilibria_and_flux_tubes_random_aspect_ratio/20241103-01-062_generate_flux_tubes_nfp2/nfp2_randomAspect_finiteBeta_maxm4_maxn4_LMN8_002823.h5,20241103-01-random_equilibria_and_flux_tubes_random_aspect_ratio/20241103-01-062_generate_flux_tubes_nfp2/nfp2_randomAspect_finiteBeta_maxm4_maxn4_LMN8_001104.h5,0.8547969414336005,4.273306767397197,0.09899902420811164,4.174307743189085,False,False,3.389677156040502,3.7465191250190304,log_f_Q|f_stab|log_FSA_grad_x|geodesic_curvature_compression|parallel_roughness_iqr_scaled|nfp|iota|shat|aspect|rho|aspect/rho|equilibrium_class_1|equilibrium_class_2|equilibrium_class_3|equilibrium_class_4,observed-comparison,2.47446496039629,2.474465020621907,1.0746465041187103,0.8820060803789278,5.50754735708559,0.0
bad_curvature_compression,bad_curvature_compression:0107,1392,716,20241103-01-random_equilibria_and_flux_tubes_random_aspect_ratio/20241103-01-062_generate_flux_tubes_nfp2/nfp2_randomAspect_finiteBeta_maxm4_maxn4_LMN8_000350.h5,20241103-01-random_equilibria_and_flux_tubes_random_aspect_ratio/20241103-01-062_generate_flux_tubes_nfp2/nfp2_randomAspect_finiteBeta_maxm4_maxn4_LMN8_000180.h5,0.8597396668543346,5.12871969972369,0.16088053131094135,4.967839168412748,False,False,3.389677156040502,3.7465191250190304,log_f_Q|f_stab|log_FSA_grad_x|geodesic_curvature_compression|parallel_roughness_iqr_scaled|nfp|iota|shat|aspect|rho|aspect/rho|equilibrium_class_1|equilibrium_class_2|equilibrium_class_3|equilibrium_class_4,observed-comparison,1.5737240314483643,1.5737241332710286,0.6834597071175854,0.3108192898209525,1.4668876350516489,0.0
bad_curvature_compression,bad_curvature_compression:0108,90868,97611,20241122-01-QUASR/20241122-01-031_QUASR_finite_beta_equilibria_with_maxF_below_threshold_and_enough_iota_flux_tubes/QUASR_finiteBeta_001504.h5,20241122-01-QUASR/20241122-01-031_QUASR_finite_beta_equilibria_with_maxF_below_threshold_and_enough_iota_flux_tubes/QUASR_finiteBeta_003190.h5,0.8621640245849008,3.878963400268128,0.2272096696003749,3.651753730667753,False,False,3.389677156040502,3.7465191250190304,log_f_Q|f_stab|log_FSA_grad_x|geodesic_curvature_compression|parallel_roughness_iqr_scaled|nfp|iota|shat|aspect|rho|aspect/rho|equilibrium_class_1|equilibrium_class_2|equilibrium_class_3|equilibrium_class_4,observed-comparison,1.1340842247009277,1.1340843917144836,0.49252659333420623,-0.0675663431800026,0.7903520613106989,0.0
bad_curvature_compression,bad_curvature_compression:0109,57550,63815,20241115-01-random_heliotrons/20241115-01-022_heliotrons_finiteBeta_randomAspect_randomNfpUpTo8_noTorsion_flux_tubes/heliotron_randomAspect_finiteBeta_maxm1_maxn1_LMN8_001619.h5,20241115-01-random_heliotrons/20241115-01-022_heliotrons_finiteBeta_randomAspect_randomNfpUpTo8_noTorsion_flux_tubes/heliotron_randomAspect_finiteBeta_maxm1_maxn1_LMN8_003186.h5,0.8805495745327013,2.379326689608187,0.4473023909856903,1.9320242986224965,False,False,3.389677156040502,3.7465191250190304,log_f_Q|f_stab|log_FSA_grad_x|geodesic_curvature_compression|parallel_roughness_iqr_scaled|nfp|iota|shat|aspect|rho|aspect/rho|equilibrium_class_1|equilibrium_class_2|equilibrium_class_3|equilibrium_class_4,observed-comparison,0.6546580791473389,0.6546579972700668,0.28431435574822406,0.22382952387632338,1.0334972692576696,0.0
bad_curvature_compression,bad_curvature_compression:0110,62995,7271,20241115-01-random_heliotrons/20241115-01-022_heliotrons_finiteBeta_randomAspect_randomNfpUpTo8_noTorsion_flux_tubes/heliotron_randomAspect_finiteBeta_maxm1_maxn1_LMN8_002981.h5,20241103-01-random_equilibria_and_flux_tubes_random_aspect_ratio/20241103-01-062_generate_flux_tubes_nfp2/nfp2_randomAspect_finiteBeta_maxm4_maxn4_LMN8_001828.h5,0.8874983621095797,5.2227040886712315,0.013094335864915119,5.209609752806316,False,False,3.389677156040502,3.7465191250190304,log_f_Q|f_stab|log_FSA_grad_x|geodesic_curvature_compression|parallel_roughness_iqr_scaled|nfp|iota|shat|aspect|rho|aspect/rho|equilibrium_class_1|equilibrium_class_2|equilibrium_class_3|equilibrium_class_4,observed-comparison,1.013141393661499,1.0131412899424679,0.4400016716103562,-0.19803672748182222,0.8305108359711555,0.0
bad_curvature_compression,bad_curvature_compression:0111,10580,89362,20241103-01-random_equilibria_and_flux_tubes_random_aspect_ratio/20241103-01-062_generate_flux_tubes_nfp2/nfp2_randomAspect_finiteBeta_maxm4_maxn4_LMN8_002661.h5,20241122-01-QUASR/20241122-01-031_QUASR_finite_beta_equilibria_with_maxF_below_threshold_and_enough_iota_flux_tubes/QUASR_finiteBeta_001124.h5,0.9019557092811461,5.688284725838574,0.26439116857204964,5.423893557266524,False,False,3.389677156040502,3.7465191250190304,log_f_Q|f_stab|log_FSA_grad_x|geodesic_curvature_compression|parallel_roughness_iqr_scaled|nfp|iota|shat|aspect|rho|aspect/rho|equilibrium_class_1|equilibrium_class_2|equilibrium_class_3|equilibrium_class_4,observed-comparison,2.4702886790037155,2.4702887589792017,1.0728327767322994,0.9878365465446889,1.2865159442552105,0.0
bad_curvature_compression,bad_curvature_compression:0112,61878,63901,20241115-01-random_heliotrons/20241115-01-022_heliotrons_finiteBeta_randomAspect_randomNfpUpTo8_noTorsion_flux_tubes/heliotron_randomAspect_finiteBeta_maxm1_maxn1_LMN8_002701.h5,20241115-01-random_heliotrons/20241115-01-023_heliotrons_finiteBeta_randomAspect_randomNfpUpTo8_withTorsion_flux_tubes/heliotron_randomAspect_finiteBeta_maxm1_maxn1_LMN8_000007.h5,0.9085191163831426,9.619562671586566,0.38762004823647467,9.231942623350092,False,False,3.389677156040502,3.7465191250190304,log_f_Q|f_stab|log_FSA_grad_x|geodesic_curvature_compression|parallel_roughness_iqr_scaled|nfp|iota|shat|aspect|rho|aspect/rho|equilibrium_class_1|equilibrium_class_2|equilibrium_class_3|equilibrium_class_4,observed-comparison,0.861768364906311,0.8617683348298208,0.3742612324955451,-1.035906545273132,2.4728762557715633,0.0
bad_curvature_compression,bad_curvature_compression:0113,14023,21189,20241103-01-random_equilibria_and_flux_tubes_random_aspect_ratio/20241103-01-063_generate_flux_tubes_nfp3/nfp3_randomAspect_finiteBeta_maxm4_maxn4_LMN8_000326.h5,20241103-01-random_equilibria_and_flux_tubes_random_aspect_ratio/20241103-01-063_generate_flux_tubes_nfp3/nfp3_randomAspect_finiteBeta_maxm4_maxn4_LMN8_002123.h5,0.9131592309046772,8.331811295657461,0.23526901708095052,8.09654227857651,False,False,3.389677156040502,3.7465191250190304,log_f_Q|f_stab|log_FSA_grad_x|geodesic_curvature_compression|parallel_roughness_iqr_scaled|nfp|iota|shat|aspect|rho|aspect/rho|equilibrium_class_1|equilibrium_class_2|equilibrium_class_3|equilibrium_class_4,observed-comparison,1.6033684015274048,1.6033684282285805,0.6963340608375627,-0.17456713988579053,2.5156856448841385,0.0
bad_curvature_compression,bad_curvature_compression:0114,15566,79680,20241103-01-random_equilibria_and_flux_tubes_random_aspect_ratio/20241103-01-063_generate_flux_tubes_nfp3/nfp3_randomAspect_finiteBeta_maxm4_maxn4_LMN8_000713.h5,20241122-01-QUASR/20241122-01-030_QUASR_vacuum_equilibria_with_maxF_below_threshold_and_enough_iota_flux_tubes/QUASR_vacuum_000151.h5,0.9210712221263151,3.409753874182147,0.18789339154984844,3.2218604826322985,False,False,3.389677156040502,3.7465191250190304,log_f_Q|f_stab|log_FSA_grad_x|geodesic_curvature_compression|parallel_roughness_iqr_scaled|nfp|iota|shat|aspect|rho|aspect/rho|equilibrium_class_1|equilibrium_class_2|equilibrium_class_3|equilibrium_class_4,observed-comparison,1.3330821990966797,1.3330821514886315,0.5789502223152275,-0.7693687980164263,1.5954322876644336,0.0
bad_curvature_compression,bad_curvature_compression:0115,85459,90585,20241122-01-QUASR/20241122-01-031_QUASR_finite_beta_equilibria_with_maxF_below_threshold_and_enough_iota_flux_tubes/QUASR_finiteBeta_000140.h5,20241122-01-QUASR/20241122-01-031_QUASR_finite_beta_equilibria_with_maxF_below_threshold_and_enough_iota_flux_tubes/QUASR_finiteBeta_001433.h5,0.9238342441580571,6.678204685917244,0.17593732934822195,6.502267356569022,False,False,3.389677156040502,3.7465191250190304,log_f_Q|f_stab|log_FSA_grad_x|geodesic_curvature_compression|parallel_roughness_iqr_scaled|nfp|iota|shat|aspect|rho|aspect/rho|equilibrium_class_1|equilibrium_class_2|equilibrium_class_3|equilibrium_class_4,observed-comparison,1.8928250074386597,1.8928251014513724,0.8220434967682939,1.0407343999491934,6.743492601843588,0.0
bad_curvature_compression,bad_curvature_compression:0116,60687,100550,20241115-01-random_heliotrons/20241115-01-022_heliotrons_finiteBeta_randomAspect_randomNfpUpTo8_noTorsion_flux_tubes/heliotron_randomAspect_finiteBeta_maxm1_maxn1_LMN8_002403.h5,20241122-01-QUASR/20241122-01-031_QUASR_finite_beta_equilibria_with_maxF_below_threshold_and_enough_iota_flux_tubes/QUASR_finiteBeta_003925.h5,0.9268412066616966,5.513645842775269,0.366219834340435,5.1474260084348336,False,False,3.389677156040502,3.7465191250190304,log_f_Q|f_stab|log_FSA_grad_x|geodesic_curvature_compression|parallel_roughness_iqr_scaled|nfp|iota|shat|aspect|rho|aspect/rho|equilibrium_class_1|equilibrium_class_2|equilibrium_class_3|equilibrium_class_4,observed-comparison,0.5502073764801025,0.5502072767828876,0.23895198420982333,-0.7565467884352786,0.8896495239494588,0.0
bad_curvature_compression,bad_curvature_compression:0117,20579,88927,20241103-01-random_equilibria_and_flux_tubes_random_aspect_ratio/20241103-01-063_generate_flux_tubes_nfp3/nfp3_randomAspect_finiteBeta_maxm4_maxn4_LMN8_001970.h5,20241122-01-QUASR/20241122-01-031_QUASR_finite_beta_equilibria_with_maxF_below_threshold_and_enough_iota_flux_tubes/QUASR_finiteBeta_001015.h5,0.9363268851596381,8.203116599941595,0.34603262216266817,7.8570839777789265,False,False,3.389677156040502,3.7465191250190304,log_f_Q|f_stab|log_FSA_grad_x|geodesic_curvature_compression|parallel_roughness_iqr_scaled|nfp|iota|shat|aspect|rho|aspect/rho|equilibrium_class_1|equilibrium_class_2|equilibrium_class_3|equilibrium_class_4,observed-comparison,1.5992074012756348,1.5992074916215129,0.6945269890295641,0.35852195291668665,1.0161193380287126,0.0
bad_curvature_compression,bad_curvature_compression:0118,87592,77680,20241122-01-QUASR/20241122-01-031_QUASR_finite_beta_equilibria_with_maxF_below_threshold_and_enough_iota_flux_tubes/QUASR_finiteBeta_000677.h5,20241122-01-QUASR/20241122-01-030_QUASR_vacuum_equilibria_with_maxF_below_threshold_and_enough_iota_flux_tubes/QUASR_vacuum_000051.h5,0.9396756606239327,3.0441368932017596,0.0,3.0441368932017596,False,False,3.389677156040502,3.7465191250190304,log_f_Q|f_stab|log_FSA_grad_x|geodesic_curvature_compression|parallel_roughness_iqr_scaled|nfp|iota|shat|aspect|rho|aspect/rho|equilibrium_class_1|equilibrium_class_2|equilibrium_class_3|equilibrium_class_4,observed-comparison,2.0769678354263306,2.076967834760657,0.9020156697270981,-0.33284660613752604,0.5973635188074509,0.0
bad_curvature_compression,bad_curvature_compression:0119,8384,10769,20241103-01-random_equilibria_and_flux_tubes_random_aspect_ratio/20241103-01-062_generate_flux_tubes_nfp2/nfp2_randomAspect_finiteBeta_maxm4_maxn4_LMN8_002108.h5,20241103-01-random_equilibria_and_flux_tubes_random_aspect_ratio/20241103-01-062_generate_flux_tubes_nfp2/nfp2_randomAspect_finiteBeta_maxm4_maxn4_LMN8_002709.h5,0.9595198213471344,6.299201500347267,0.0,6.299201500347267,False,False,3.389677156040502,3.7465191250190304,log_f_Q|f_stab|log_FSA_grad_x|geodesic_curvature_compression|parallel_roughness_iqr_scaled|nfp|iota|shat|aspect|rho|aspect/rho|equilibrium_class_1|equilibrium_class_2|equilibrium_class_3|equilibrium_class_4,observed-comparison,2.510597884654999,2.510597935225221,1.090338829546011,0.8159414882306322,2.688473342239419,0.0
bad_curvature_compression,bad_curvature_compression:0120,63758,100092,20241115-01-random_heliotrons/20241115-01-022_heliotrons_finiteBeta_randomAspect_randomNfpUpTo8_noTorsion_flux_tubes/heliotron_randomAspect_finiteBeta_maxm1_maxn1_LMN8_003172.h5,20241122-01-QUASR/20241122-01-031_QUASR_finite_beta_equilibria_with_maxF_below_threshold_and_enough_iota_flux_tubes/QUASR_finiteBeta_003810.h5,0.9643560657795656,7.596984256122377,0.23927022159393987,7.357714034528437,False,False,3.389677156040502,3.7465191250190304,log_f_Q|f_stab|log_FSA_grad_x|geodesic_curvature_compression|parallel_roughness_iqr_scaled|nfp|iota|shat|aspect|rho|aspect/rho|equilibrium_class_1|equilibrium_class_2|equilibrium_class_3|equilibrium_class_4,observed-comparison,0.9618091583251953,0.96180911339526,0.4177083905918204,-0.35595184406580854,0.5004614098478326,0.0
bad_curvature_compression,bad_curvature_compression:0121,67908,80456,20241115-01-random_heliotrons/20241115-01-023_heliotrons_finiteBeta_randomAspect_randomNfpUpTo8_withTorsion_flux_tubes/heliotron_randomAspect_finiteBeta_maxm1_maxn1_LMN8_001010.h5,20241122-01-QUASR/20241122-01-030_QUASR_vacuum_equilibria_with_maxF_below_threshold_and_enough_iota_flux_tubes/QUASR_vacuum_000190.h5,0.9698506022218123,3.132128486656241,0.1691648898918313,2.9629635967644097,False,False,3.389677156040502,3.7465191250190304,log_f_Q|f_stab|log_FSA_grad_x|geodesic_curvature_compression|parallel_roughness_iqr_scaled|nfp|iota|shat|aspect|rho|aspect/rho|equilibrium_class_1|equilibrium_class_2|equilibrium_class_3|equilibrium_class_4,observed-comparison,1.7192295789718628,1.7192296780821248,0.7466519623153709,0.42065916720779994,1.5757174055727567,0.0
bad_curvature_compression,bad_curvature_compression:0122,77437,81809,20241122-01-QUASR/20241122-01-030_QUASR_vacuum_equilibria_with_maxF_below_threshold_and_enough_iota_flux_tubes/QUASR_vacuum_000038.h5,20241122-01-QUASR/20241122-01-030_QUASR_vacuum_equilibria_with_maxF_below_threshold_and_enough_iota_flux_tubes/QUASR_vacuum_000258.h5,0.9701327375196171,7.9251872028653265,0.1462188647131145,7.778968338152212,False,False,3.389677156040502,3.7465191250190304,log_f_Q|f_stab|log_FSA_grad_x|geodesic_curvature_compression|parallel_roughness_iqr_scaled|nfp|iota|shat|aspect|rho|aspect/rho|equilibrium_class_1|equilibrium_class_2|equilibrium_class_3|equilibrium_class_4,observed-comparison,1.4862327575683594,1.4862328047820343,0.6454627059404304,1.2766966709105152,4.769573189377356,0.0
bad_curvature_compression,bad_curvature_compression:0123,57853,49487,20241115-01-random_heliotrons/20241115-01-022_heliotrons_finiteBeta_randomAspect_randomNfpUpTo8_noTorsion_flux_tubes/heliotron_randomAspect_finiteBeta_maxm1_maxn1_LMN8_001694.h5,20241103-01-random_equilibria_and_flux_tubes_random_aspect_ratio/20241103-01-065_generate_flux_tubes_nfp5/nfp5_randomAspect_finiteBeta_maxm4_maxn4_LMN8_002802.h5,0.9802485112065242,6.36700865925647,0.10849400254664032,6.2585146567098295,False,False,3.389677156040502,3.7465191250190304,log_f_Q|f_stab|log_FSA_grad_x|geodesic_curvature_compression|parallel_roughness_iqr_scaled|nfp|iota|shat|aspect|rho|aspect/rho|equilibrium_class_1|equilibrium_class_2|equilibrium_class_3|equilibrium_class_4,observed-comparison,1.72358638048172,1.7235864928135562,0.7485441029119063,-0.5125540642448755,1.2454195955089136,0.0
bad_curvature_compression,bad_curvature_compression:0124,66256,70754,20241115-01-random_heliotrons/20241115-01-023_heliotrons_finiteBeta_randomAspect_randomNfpUpTo8_withTorsion_flux_tubes/heliotron_randomAspect_finiteBeta_maxm1_maxn1_LMN8_000596.h5,20241115-01-random_heliotrons/20241115-01-023_heliotrons_finiteBeta_randomAspect_randomNfpUpTo8_withTorsion_flux_tubes/heliotron_randomAspect_finiteBeta_maxm1_maxn1_LMN8_001721.h5,0.9841059965025766,3.3838565176554414,0.13431733181383557,3.2495391858416056,False,False,3.389677156040502,3.7465191250190304,log_f_Q|f_stab|log_FSA_grad_x|geodesic_curvature_compression|parallel_roughness_iqr_scaled|nfp|iota|shat|aspect|rho|aspect/rho|equilibrium_class_1|equilibrium_class_2|equilibrium_class_3|equilibrium_class_4,observed-comparison,2.1673707962036133,2.167370902391664,0.9412772231463711,0.2630425322695948,0.8624127807609316,0.0
bad_curvature_compression,bad_curvature_compression:0125,55270,60722,20241115-01-random_heliotrons/20241115-01-022_heliotrons_finiteBeta_randomAspect_randomNfpUpTo8_noTorsion_flux_tubes/heliotron_randomAspect_finiteBeta_maxm1_maxn1_LMN8_001048.h5,20241115-01-random_heliotrons/20241115-01-022_heliotrons_finiteBeta_randomAspect_randomNfpUpTo8_noTorsion_flux_tubes/heliotron_randomAspect_finiteBeta_maxm1_maxn1_LMN8_002412.h5,0.985408060040639,5.565896534467105,0.4368166813233814,5.129079853143724,False,False,3.389677156040502,3.7465191250190304,log_f_Q|f_stab|log_FSA_grad_x|geodesic_curvature_compression|parallel_roughness_iqr_scaled|nfp|iota|shat|aspect|rho|aspect/rho|equilibrium_class_1|equilibrium_class_2|equilibrium_class_3|equilibrium_class_4,observed-comparison,1.2641545534133911,1.2641544006750534,0.549015280486888,-0.88216475529853,1.3380190307679372,0.0
bad_curvature_compression,bad_curvature_compression:0126,85565,7975,20241122-01-QUASR/20241122-01-031_QUASR_finite_beta_equilibria_with_maxF_below_threshold_and_enough_iota_flux_tubes/QUASR_finiteBeta_000167.h5,20241103-01-random_equilibria_and_flux_tubes_random_aspect_ratio/20241103-01-062_generate_flux_tubes_nfp2/nfp2_randomAspect_finiteBeta_maxm4_maxn4_LMN8_002005.h5,1.0083329204624,8.445434449963216,0.006360028919126265,8.43907442104409,False,False,3.389677156040502,3.7465191250190304,log_f_Q|f_stab|log_FSA_grad_x|geodesic_curvature_compression|parallel_roughness_iqr_scaled|nfp|iota|shat|aspect|rho|aspect/rho|equilibrium_class_1|equilibrium_class_2|equilibrium_class_3|equilibrium_class_4,observed-comparison,2.4323356449604034,2.4323356952030704,1.0563499705630033,0.12817010009263508,4.798620122106204,0.0
bad_curvature_compression,bad_curvature_compression:0127,64462,15731,20241115-01-random_heliotrons/20241115-01-023_heliotrons_finiteBeta_randomAspect_randomNfpUpTo8_withTorsion_flux_tubes/heliotron_randomAspect_finiteBeta_maxm1_maxn1_LMN8_000148.h5,20241103-01-random_equilibria_and_flux_tubes_random_aspect_ratio/20241103-01-063_generate_flux_tubes_nfp3/nfp3_randomAspect_finiteBeta_maxm4_maxn4_LMN8_000754.h5,1.0085249109128034,8.254974976298493,0.05866080832286583,8.196314167975627,False,False,3.389677156040502,3.7465191250190304,log_f_Q|f_stab|log_FSA_grad_x|geodesic_curvature_compression|parallel_roughness_iqr_scaled|nfp|iota|shat|aspect|rho|aspect/rho|equilibrium_class_1|equilibrium_class_2|equilibrium_class_3|equilibrium_class_4,observed-comparison,2.570444881916046,2.5704449709294965,1.1163300669106448,0.4263114542876958,2.227489527986413,0.0
bad_curvature_compression,bad_curvature_compression:0128,68768,80633,20241115-01-random_heliotrons/20241115-01-023_heliotrons_finiteBeta_randomAspect_randomNfpUpTo8_withTorsion_flux_tubes/heliotron_randomAspect_finiteBeta_maxm1_maxn1_LMN8_001225.h5,20241122-01-QUASR/20241122-01-030_QUASR_vacuum_equilibria_with_maxF_below_threshold_and_enough_iota_flux_tubes/QUASR_vacuum_000199.h5,1.0315183087453468,31.729093546947144,0.27529126314475144,31.453802283802393,False,False,3.389677156040502,3.7465191250190304,log_f_Q|f_stab|log_FSA_grad_x|geodesic_curvature_compression|parallel_roughness_iqr_scaled|nfp|iota|shat|aspect|rho|aspect/rho|equilibrium_class_1|equilibrium_class_2|equilibrium_class_3|equilibrium_class_4,observed-comparison,1.5766583681106567,1.5766584465192461,0.6847340631694618,-1.0823468732203985,3.096502400087907,0.0
bad_curvature_compression,bad_curvature_compression:0129,62461,54206,20241115-01-random_heliotrons/20241115-01-022_heliotrons_finiteBeta_randomAspect_randomNfpUpTo8_noTorsion_flux_tubes/heliotron_randomAspect_finiteBeta_maxm1_maxn1_LMN8_002847.h5,20241115-01-random_heliotrons/20241115-01-022_heliotrons_finiteBeta_randomAspect_randomNfpUpTo8_noTorsion_flux_tubes/heliotron_randomAspect_finiteBeta_maxm1_maxn1_LMN8_000782.h5,1.0348804003621979,4.746323228837429,0.11801494854957885,4.62830828028785,False,False,3.389677156040502,3.7465191250190304,log_f_Q|f_stab|log_FSA_grad_x|geodesic_curvature_compression|parallel_roughness_iqr_scaled|nfp|iota|shat|aspect|rho|aspect/rho|equilibrium_class_1|equilibrium_class_2|equilibrium_class_3|equilibrium_class_4,observed-comparison,1.8857825994491577,1.8857825671786272,0.8189849629950261,-0.11665030916620281,-0.26259349839870305,0.0
bad_curvature_compression,bad_curvature_compression:0130,1570,24230,20241103-01-random_equilibria_and_flux_tubes_random_aspect_ratio/20241103-01-062_generate_flux_tubes_nfp2/nfp2_randomAspect_finiteBeta_maxm4_maxn4_LMN8_000395.h5,20241103-01-random_equilibria_and_flux_tubes_random_aspect_ratio/20241103-01-063_generate_flux_tubes_nfp3/nfp3_randomAspect_finiteBeta_maxm4_maxn4_LMN8_002884.h5,1.0392372812331252,3.976738751635325,0.08980845155130217,3.886930300084023,False,False,3.389677156040502,3.7465191250190304,log_f_Q|f_stab|log_FSA_grad_x|geodesic_curvature_compression|parallel_roughness_iqr_scaled|nfp|iota|shat|aspect|rho|aspect/rho|equilibrium_class_1|equilibrium_class_2|equilibrium_class_3|equilibrium_class_4,observed-comparison,3.287686876952648,3.2876867827047227,1.4278242279549163,2.2078001378107075,1.6906957378726775,0.0
bad_curvature_compression,bad_curvature_compression:0131,6232,89256,20241103-01-random_equilibria_and_flux_tubes_random_aspect_ratio/20241103-01-062_generate_flux_tubes_nfp2/nfp2_randomAspect_finiteBeta_maxm4_maxn4_LMN8_001568.h5,20241122-01-QUASR/20241122-01-031_QUASR_finite_beta_equilibria_with_maxF_below_threshold_and_enough_iota_flux_tubes/QUASR_finiteBeta_001097.h5,1.0592150466339718,3.4377412447924542,0.38117372613100525,3.056567518661449,False,False,3.389677156040502,3.7465191250190304,log_f_Q|f_stab|log_FSA_grad_x|geodesic_curvature_compression|parallel_roughness_iqr_scaled|nfp|iota|shat|aspect|rho|aspect/rho|equilibrium_class_1|equilibrium_class_2|equilibrium_class_3|equilibrium_class_4,observed-comparison,2.9635645765811205,2.9635646377226332,1.287059768926549,1.490639131972024,0.7744924895382235,0.0
bad_curvature_compression,bad_curvature_compression:0132,2545,11239,20241103-01-random_equilibria_and_flux_tubes_random_aspect_ratio/20241103-01-062_generate_flux_tubes_nfp2/nfp2_randomAspect_finiteBeta_maxm4_maxn4_LMN8_000641.h5,20241103-01-random_equilibria_and_flux_tubes_random_aspect_ratio/20241103-01-062_generate_flux_tubes_nfp2/nfp2_randomAspect_finiteBeta_maxm4_maxn4_LMN8_002827.h5,1.0607454701312762,16.967124329645337,0.0,16.967124329645337,False,False,3.389677156040502,3.7465191250190304,log_f_Q|f_stab|log_FSA_grad_x|geodesic_curvature_compression|parallel_roughness_iqr_scaled|nfp|iota|shat|aspect|rho|aspect/rho|equilibrium_class_1|equilibrium_class_2|equilibrium_class_3|equilibrium_class_4,observed-comparison,2.54963618516922,2.5496362766153156,1.1072929657943844,0.20128312407358184,4.47837753405299,0.0
bad_curvature_compression,bad_curvature_compression:0133,91802,89374,20241122-01-QUASR/20241122-01-031_QUASR_finite_beta_equilibria_with_maxF_below_threshold_and_enough_iota_flux_tubes/QUASR_finiteBeta_001738.h5,20241122-01-QUASR/20241122-01-031_QUASR_finite_beta_equilibria_with_maxF_below_threshold_and_enough_iota_flux_tubes/QUASR_finiteBeta_001127.h5,1.0760523216692721,7.937927158473582,0.21352254892867087,7.724404609544911,False,False,3.389677156040502,3.7465191250190304,log_f_Q|f_stab|log_FSA_grad_x|geodesic_curvature_compression|parallel_roughness_iqr_scaled|nfp|iota|shat|aspect|rho|aspect/rho|equilibrium_class_1|equilibrium_class_2|equilibrium_class_3|equilibrium_class_4,observed-comparison,2.539651694474742,2.539651625193962,1.1029566867783631,2.038850538079039,2.602803170113706,0.0
bad_curvature_compression,bad_curvature_compression:0134,87360,90961,20241122-01-QUASR/20241122-01-031_QUASR_finite_beta_equilibria_with_maxF_below_threshold_and_enough_iota_flux_tubes/QUASR_finiteBeta_000618.h5,20241122-01-QUASR/20241122-01-031_QUASR_finite_beta_equilibria_with_maxF_below_threshold_and_enough_iota_flux_tubes/QUASR_finiteBeta_001527.h5,1.0939243184906358,11.869400753721544,0.13378193115058312,11.735618822570961,False,False,3.389677156040502,3.7465191250190304,log_f_Q|f_stab|log_FSA_grad_x|geodesic_curvature_compression|parallel_roughness_iqr_scaled|nfp|iota|shat|aspect|rho|aspect/rho|equilibrium_class_1|equilibrium_class_2|equilibrium_class_3|equilibrium_class_4,observed-comparison,2.2489778995513916,2.2489777916741414,0.9767186448470405,-0.044911202434611774,4.021597615430666,0.0
bad_curvature_compression,bad_curvature_compression:0135,67637,65765,20241115-01-random_heliotrons/20241115-01-023_heliotrons_finiteBeta_randomAspect_randomNfpUpTo8_withTorsion_flux_tubes/heliotron_randomAspect_finiteBeta_maxm1_maxn1_LMN8_000942.h5,20241115-01-random_heliotrons/20241115-01-023_heliotrons_finiteBeta_randomAspect_randomNfpUpTo8_withTorsion_flux_tubes/heliotron_randomAspect_finiteBeta_maxm1_maxn1_LMN8_000473.h5,1.104245780763492,3.0992210519681893,0.19290219407630213,2.906318857891887,False,False,3.389677156040502,3.7465191250190304,log_f_Q|f_stab|log_FSA_grad_x|geodesic_curvature_compression|parallel_roughness_iqr_scaled|nfp|iota|shat|aspect|rho|aspect/rho|equilibrium_class_1|equilibrium_class_2|equilibrium_class_3|equilibrium_class_4,observed-comparison,0.7676889896392822,0.7676889337441077,0.3334030677432571,-0.14986157899918418,1.9855658987285743,0.0
bad_curvature_compression,bad_curvature_compression:0136,56446,58799,20241115-01-random_heliotrons/20241115-01-022_heliotrons_finiteBeta_randomAspect_randomNfpUpTo8_noTorsion_flux_tubes/heliotron_randomAspect_finiteBeta_maxm1_maxn1_LMN8_001343.h5,20241115-01-random_heliotrons/20241115-01-022_heliotrons_finiteBeta_randomAspect_randomNfpUpTo8_noTorsion_flux_tubes/heliotron_randomAspect_finiteBeta_maxm1_maxn1_LMN8_001931.h5,1.1046703416676105,17.176385460685328,0.026074785134253108,17.150310675551076,False,False,3.389677156040502,3.7465191250190304,log_f_Q|f_stab|log_FSA_grad_x|geodesic_curvature_compression|parallel_roughness_iqr_scaled|nfp|iota|shat|aspect|rho|aspect/rho|equilibrium_class_1|equilibrium_class_2|equilibrium_class_3|equilibrium_class_4,observed-comparison,1.7010548412799835,1.701054792937187,0.7387587099876991,0.08025666008701632,-2.061275720374981,0.0
bad_curvature_compression,bad_curvature_compression:0137,61258,52246,20241115-01-random_heliotrons/20241115-01-022_heliotrons_finiteBeta_randomAspect_randomNfpUpTo8_noTorsion_flux_tubes/heliotron_randomAspect_finiteBeta_maxm1_maxn1_LMN8_002546.h5,20241115-01-random_heliotrons/20241115-01-022_heliotrons_finiteBeta_randomAspect_randomNfpUpTo8_noTorsion_flux_tubes/heliotron_randomAspect_finiteBeta_maxm1_maxn1_LMN8_000292.h5,1.1366908620108493,3.664959975213424,0.04782868544669563,3.617131289766728,False,False,3.389677156040502,3.7465191250190304,log_f_Q|f_stab|log_FSA_grad_x|geodesic_curvature_compression|parallel_roughness_iqr_scaled|nfp|iota|shat|aspect|rho|aspect/rho|equilibrium_class_1|equilibrium_class_2|equilibrium_class_3|equilibrium_class_4,observed-comparison,2.3507338762283325,2.3507340293457224,1.020910817367044,0.3197364508849917,0.9179732933160094,0.0
bad_curvature_compression,bad_curvature_compression:0138,87461,91464,20241122-01-QUASR/20241122-01-031_QUASR_finite_beta_equilibria_with_maxF_below_threshold_and_enough_iota_flux_tubes/QUASR_finiteBeta_000644.h5,20241122-01-QUASR/20241122-01-031_QUASR_finite_beta_equilibria_with_maxF_below_threshold_and_enough_iota_flux_tubes/QUASR_finiteBeta_001653.h5,1.1419597827101997,7.8145265320833035,0.1856056715400617,7.628920860543242,False,False,3.389677156040502,3.7465191250190304,log_f_Q|f_stab|log_FSA_grad_x|geodesic_curvature_compression|parallel_roughness_iqr_scaled|nfp|iota|shat|aspect|rho|aspect/rho|equilibrium_class_1|equilibrium_class_2|equilibrium_class_3|equilibrium_class_4,observed-comparison,2.21749085187912,2.217490869051648,0.9630440480999771,0.3052165710694937,3.4939745154973068,0.0
bad_curvature_compression,bad_curvature_compression:0139,94115,94443,20241122-01-QUASR/20241122-01-031_QUASR_finite_beta_equilibria_with_maxF_below_threshold_and_enough_iota_flux_tubes/QUASR_finiteBeta_002316.h5,20241122-01-QUASR/20241122-01-031_QUASR_finite_beta_equilibria_with_maxF_below_threshold_and_enough_iota_flux_tubes/QUASR_finiteBeta_002398.h5,1.1495248831736153,5.715492449929322,0.1932163881463377,5.522276061782984,False,False,3.389677156040502,3.7465191250190304,log_f_Q|f_stab|log_FSA_grad_x|geodesic_curvature_compression|parallel_roughness_iqr_scaled|nfp|iota|shat|aspect|rho|aspect/rho|equilibrium_class_1|equilibrium_class_2|equilibrium_class_3|equilibrium_class_4,observed-comparison,1.5919861793518066,1.5919862397983007,0.6913908392103091,0.9888672622643384,2.725296002810683,0.0
bad_curvature_compression,bad_curvature_compression:0140,60070,48502,20241115-01-random_heliotrons/20241115-01-022_heliotrons_finiteBeta_randomAspect_randomNfpUpTo8_noTorsion_flux_tubes/heliotron_randomAspect_finiteBeta_maxm1_maxn1_LMN8_002249.h5,20241103-01-random_equilibria_and_flux_tubes_random_aspect_ratio/20241103-01-065_generate_flux_tubes_nfp5/nfp5_randomAspect_finiteBeta_maxm4_maxn4_LMN8_002556.h5,1.1640272230752307,3.5050248391958276,0.2038014000606212,3.3012234391352067,False,False,3.389677156040502,3.7465191250190304,log_f_Q|f_stab|log_FSA_grad_x|geodesic_curvature_compression|parallel_roughness_iqr_scaled|nfp|iota|shat|aspect|rho|aspect/rho|equilibrium_class_1|equilibrium_class_2|equilibrium_class_3|equilibrium_class_4,observed-comparison,2.501345634460449,2.501345651389938,1.0863206137313453,0.7245619103210558,0.3944722192871657,0.0
bad_curvature_compression,bad_curvature_compression:0141,87262,12907,20241122-01-QUASR/20241122-01-031_QUASR_finite_beta_equilibria_with_maxF_below_threshold_and_enough_iota_flux_tubes/QUASR_finiteBeta_000594.h5,20241103-01-random_equilibria_and_flux_tubes_random_aspect_ratio/20241103-01-063_generate_flux_tubes_nfp3/nfp3_randomAspect_finiteBeta_maxm4_maxn4_LMN8_000045.h5,1.1647274730236756,7.395767913275695,0.086184935104871,7.309582978170824,False,False,3.389677156040502,3.7465191250190304,log_f_Q|f_stab|log_FSA_grad_x|geodesic_curvature_compression|parallel_roughness_iqr_scaled|nfp|iota|shat|aspect|rho|aspect/rho|equilibrium_class_1|equilibrium_class_2|equilibrium_class_3|equilibrium_class_4,observed-comparison,2.2901591658592224,2.2901591304142643,0.9946034730192649,0.9391576509627936,1.8561196572228236,0.0
bad_curvature_compression,bad_curvature_compression:0142,93850,97262,20241122-01-QUASR/20241122-01-031_QUASR_finite_beta_equilibria_with_maxF_below_threshold_and_enough_iota_flux_tubes/QUASR_finiteBeta_002250.h5,20241122-01-QUASR/20241122-01-031_QUASR_finite_beta_equilibria_with_maxF_below_threshold_and_enough_iota_flux_tubes/QUASR_finiteBeta_003103.h5,1.169833446018709,6.478571940273873,0.17447874298408583,6.304093197289787,False,False,3.389677156040502,3.7465191250190304,log_f_Q|f_stab|log_FSA_grad_x|geodesic_curvature_compression|parallel_roughness_iqr_scaled|nfp|iota|shat|aspect|rho|aspect/rho|equilibrium_class_1|equilibrium_class_2|equilibrium_class_3|equilibrium_class_4,observed-comparison,1.211247205734253,1.2112471561167955,0.5260379561225309,-0.8938474560717783,1.8775250214244152,0.0
bad_curvature_compression,bad_curvature_compression:0143,87702,88956,20241122-01-QUASR/20241122-01-031_QUASR_finite_beta_equilibria_with_maxF_below_threshold_and_enough_iota_flux_tubes/QUASR_finiteBeta_000705.h5,20241122-01-QUASR/20241122-01-031_QUASR_finite_beta_equilibria_with_maxF_below_threshold_and_enough_iota_flux_tubes/QUASR_finiteBeta_001022.h5,1.1739845541123095,28.534057014947308,0.4353085290843202,28.098748485862988,False,False,3.389677156040502,3.7465191250190304,log_f_Q|f_stab|log_FSA_grad_x|geodesic_curvature_compression|parallel_roughness_iqr_scaled|nfp|iota|shat|aspect|rho|aspect/rho|equilibrium_class_1|equilibrium_class_2|equilibrium_class_3|equilibrium_class_4,observed-comparison,2.62691593170166,2.6269159849809443,1.1408551167006697,0.39766866882366964,2.374922704011462,0.0
bad_curvature_compression,bad_curvature_compression:0144,57782,16916,20241115-01-random_heliotrons/20241115-01-022_heliotrons_finiteBeta_randomAspect_randomNfpUpTo8_noTorsion_flux_tubes/heliotron_randomAspect_finiteBeta_maxm1_maxn1_LMN8_001677.h5,20241103-01-random_equilibria_and_flux_tubes_random_aspect_ratio/20241103-01-063_generate_flux_tubes_nfp3/nfp3_randomAspect_finiteBeta_maxm4_maxn4_LMN8_001051.h5,1.21053798706367,19.01869860281655,0.040774109877514855,18.977924492939035,False,False,3.389677156040502,3.7465191250190304,log_f_Q|f_stab|log_FSA_grad_x|geodesic_curvature_compression|parallel_roughness_iqr_scaled|nfp|iota|shat|aspect|rho|aspect/rho|equilibrium_class_1|equilibrium_class_2|equilibrium_class_3|equilibrium_class_4,observed-comparison,2.449757069349289,2.4497569760036155,1.063915936682367,-0.40369929563397833,2.2894526408061115,0.0
bad_curvature_compression,bad_curvature_compression:0145,83295,9583,20241122-01-QUASR/20241122-01-030_QUASR_vacuum_equilibria_with_maxF_below_threshold_and_enough_iota_flux_tubes/QUASR_vacuum_000332.h5,20241103-01-random_equilibria_and_flux_tubes_random_aspect_ratio/20241103-01-062_generate_flux_tubes_nfp2/nfp2_randomAspect_finiteBeta_maxm4_maxn4_LMN8_002409.h5,1.211865529000475,2.2531541449271746,0.0,2.2531541449271746,False,False,3.389677156040502,3.7465191250190304,log_f_Q|f_stab|log_FSA_grad_x|geodesic_curvature_compression|parallel_roughness_iqr_scaled|nfp|iota|shat|aspect|rho|aspect/rho|equilibrium_class_1|equilibrium_class_2|equilibrium_class_3|equilibrium_class_4,observed-comparison,2.617880254983902,2.6178802613603476,1.1369309517922417,1.0222917313541977,0.48341754615077814,0.0
bad_curvature_compression,bad_curvature_compression:0146,79163,88745,20241122-01-QUASR/20241122-01-030_QUASR_vacuum_equilibria_with_maxF_below_threshold_and_enough_iota_flux_tubes/QUASR_vacuum_000125.h5,20241122-01-QUASR/20241122-01-031_QUASR_finite_beta_equilibria_with_maxF_below_threshold_and_enough_iota_flux_tubes/QUASR_finiteBeta_000970.h5,1.2146557727352467,5.063775947404672,0.015201580499339498,5.048574366905332,False,False,3.389677156040502,3.7465191250190304,log_f_Q|f_stab|log_FSA_grad_x|geodesic_curvature_compression|parallel_roughness_iqr_scaled|nfp|iota|shat|aspect|rho|aspect/rho|equilibrium_class_1|equilibrium_class_2|equilibrium_class_3|equilibrium_class_4,observed-comparison,1.9196608662605286,1.919660817222066,0.8336981000454302,1.7097980774590442,1.5320360730830416,0.0
bad_curvature_compression,bad_curvature_compression:0147,78199,81335,20241122-01-QUASR/20241122-01-030_QUASR_vacuum_equilibria_with_maxF_below_threshold_and_enough_iota_flux_tubes/QUASR_vacuum_000077.h5,20241122-01-QUASR/20241122-01-030_QUASR_vacuum_equilibria_with_maxF_below_threshold_and_enough_iota_flux_tubes/QUASR_vacuum_000234.h5,1.2340259320103302,4.058250393187211,0.10167771217186204,3.956572681015349,False,False,3.389677156040502,3.7465191250190304,log_f_Q|f_stab|log_FSA_grad_x|geodesic_curvature_compression|parallel_roughness_iqr_scaled|nfp|iota|shat|aspect|rho|aspect/rho|equilibrium_class_1|equilibrium_class_2|equilibrium_class_3|equilibrium_class_4,observed-comparison,1.497302532196045,1.49730256974934,0.6502702437816973,1.0658613158680756,1.5377521061006252,0.0
bad_curvature_compression,bad_curvature_compression:0148,20961,26622,20241103-01-random_equilibria_and_flux_tubes_random_aspect_ratio/20241103-01-063_generate_flux_tubes_nfp3/nfp3_randomAspect_finiteBeta_maxm4_maxn4_LMN8_002066.h5,20241103-01-random_equilibria_and_flux_tubes_random_aspect_ratio/20241103-01-064_generate_flux_tubes_nfp4/nfp4_randomAspect_finiteBeta_maxm4_maxn4_LMN8_000283.h5,1.2649588883314735,9.923429229931793,0.2829543935961822,9.640474836335612,False,False,3.389677156040502,3.7465191250190304,log_f_Q|f_stab|log_FSA_grad_x|geodesic_curvature_compression|parallel_roughness_iqr_scaled|nfp|iota|shat|aspect|rho|aspect/rho|equilibrium_class_1|equilibrium_class_2|equilibrium_class_3|equilibrium_class_4,observed-comparison,4.205770015716553,4.2057700645409035,1.8265427311839977,2.2998112898726344,1.4713050681335713,0.0
bad_curvature_compression,bad_curvature_compression:0149,78218,12108,20241122-01-QUASR/20241122-01-030_QUASR_vacuum_equilibria_with_maxF_below_threshold_and_enough_iota_flux_tubes/QUASR_vacuum_000078.h5,20241103-01-random_equilibria_and_flux_tubes_random_aspect_ratio/20241103-01-062_generate_flux_tubes_nfp2/nfp2_randomAspect_finiteBeta_maxm4_maxn4_LMN8_003045.h5,1.270582442083963,2.274167505035314,0.0,2.274167505035314,False,False,3.389677156040502,3.7465191250190304,log_f_Q|f_stab|log_FSA_grad_x|geodesic_curvature_compression|parallel_roughness_iqr_scaled|nfp|iota|shat|aspect|rho|aspect/rho|equilibrium_class_1|equilibrium_class_2|equilibrium_class_3|equilibrium_class_4,observed-comparison,2.5349307656288147,2.534930804900303,1.10090646057477,1.128757955556832,0.16133990883350524,0.0
bad_curvature_compression,bad_curvature_compression:0150,71351,35442,20241115-01-random_heliotrons/20241115-01-023_heliotrons_finiteBeta_randomAspect_randomNfpUpTo8_withTorsion_flux_tubes/heliotron_randomAspect_finiteBeta_maxm1_maxn1_LMN8_001871.h5,20241103-01-random_equilibria_and_flux_tubes_random_aspect_ratio/20241103-01-064_generate_flux_tubes_nfp4/nfp4_randomAspect_finiteBeta_maxm4_maxn4_LMN8_002489.h5,1.2741694296546713,9.135781180047278,0.13483610949642402,9.000945070550854,False,False,3.389677156040502,3.7465191250190304,log_f_Q|f_stab|log_FSA_grad_x|geodesic_curvature_compression|parallel_roughness_iqr_scaled|nfp|iota|shat|aspect|rho|aspect/rho|equilibrium_class_1|equilibrium_class_2|equilibrium_class_3|equilibrium_class_4,observed-comparison,3.0686661172658205,3.0686660457307773,1.3327047304647484,0.6494528679471891,1.6515405241211685,0.0
bad_curvature_compression,bad_curvature_compression:0151,77236,88606,20241122-01-QUASR/20241122-01-030_QUASR_vacuum_equilibria_with_maxF_below_threshold_and_enough_iota_flux_tubes/QUASR_vacuum_000028.h5,20241122-01-QUASR/20241122-01-031_QUASR_finite_beta_equilibria_with_maxF_below_threshold_and_enough_iota_flux_tubes/QUASR_finiteBeta_000935.h5,1.2747729905136733,4.27673587500896,0.0,4.27673587500896,False,False,3.389677156040502,3.7465191250190304,log_f_Q|f_stab|log_FSA_grad_x|geodesic_curvature_compression|parallel_roughness_iqr_scaled|nfp|iota|shat|aspect|rho|aspect/rho|equilibrium_class_1|equilibrium_class_2|equilibrium_class_3|equilibrium_class_4,observed-comparison,1.7172380089759827,1.7172380680046384,0.7457870170486155,1.6013121320989732,1.7344777054103768,0.0
bad_curvature_compression,bad_curvature_compression:0152,93763,90973,20241122-01-QUASR/20241122-01-031_QUASR_finite_beta_equilibria_with_maxF_below_threshold_and_enough_iota_flux_tubes/QUASR_finiteBeta_002228.h5,20241122-01-QUASR/20241122-01-031_QUASR_finite_beta_equilibria_with_maxF_below_threshold_and_enough_iota_flux_tubes/QUASR_finiteBeta_001530.h5,1.2774604600085204,3.609839708174571,0.11503428246720067,3.49480542570737,False,False,3.389677156040502,3.7465191250190304,log_f_Q|f_stab|log_FSA_grad_x|geodesic_curvature_compression|parallel_roughness_iqr_scaled|nfp|iota|shat|aspect|rho|aspect/rho|equilibrium_class_1|equilibrium_class_2|equilibrium_class_3|equilibrium_class_4,observed-comparison,2.006069779396057,2.006069682585558,0.8712249934603156,-0.10805909691444993,0.3355524977865574,0.0
bad_curvature_compression,bad_curvature_compression:0153,93059,90002,20241122-01-QUASR/20241122-01-031_QUASR_finite_beta_equilibria_with_maxF_below_threshold_and_enough_iota_flux_tubes/QUASR_finiteBeta_002052.h5,20241122-01-QUASR/20241122-01-031_QUASR_finite_beta_equilibria_with_maxF_below_threshold_and_enough_iota_flux_tubes/QUASR_finiteBeta_001288.h5,1.2877730811423487,8.514231010864297,0.203584147219961,8.310646863644335,False,False,3.389677156040502,3.7465191250190304,log_f_Q|f_stab|log_FSA_grad_x|geodesic_curvature_compression|parallel_roughness_iqr_scaled|nfp|iota|shat|aspect|rho|aspect/rho|equilibrium_class_1|equilibrium_class_2|equilibrium_class_3|equilibrium_class_4,observed-comparison,3.2638063970953226,3.263806401518716,1.4174531101800874,0.6416923055829753,3.1129151702251683,0.0
bad_curvature_compression,bad_curvature_compression:0154,11257,16907,20241103-01-random_equilibria_and_flux_tubes_random_aspect_ratio/20241103-01-062_generate_flux_tubes_nfp2/nfp2_randomAspect_finiteBeta_maxm4_maxn4_LMN8_002832.h5,20241103-01-random_equilibria_and_flux_tubes_random_aspect_ratio/20241103-01-063_generate_flux_tubes_nfp3/nfp3_randomAspect_finiteBeta_maxm4_maxn4_LMN8_001049.h5,1.293743884487167,6.526417298683018,0.04031657305165481,6.486100725631363,False,False,3.389677156040502,3.7465191250190304,log_f_Q|f_stab|log_FSA_grad_x|geodesic_curvature_compression|parallel_roughness_iqr_scaled|nfp|iota|shat|aspect|rho|aspect/rho|equilibrium_class_1|equilibrium_class_2|equilibrium_class_3|equilibrium_class_4,observed-comparison,3.6045807003974915,3.604580787092427,1.5654495454087214,1.1845230974744188,1.9458633205442843,0.0
bad_curvature_compression,bad_curvature_compression:0155,3737,18136,20241103-01-random_equilibria_and_flux_tubes_random_aspect_ratio/20241103-01-062_generate_flux_tubes_nfp2/nfp2_randomAspect_finiteBeta_maxm4_maxn4_LMN8_000940.h5,20241103-01-random_equilibria_and_flux_tubes_random_aspect_ratio/20241103-01-063_generate_flux_tubes_nfp3/nfp3_randomAspect_finiteBeta_maxm4_maxn4_LMN8_001357.h5,1.2969916745024415,4.743462345507289,0.0042419689406032815,4.739220376566685,False,False,3.389677156040502,3.7465191250190304,log_f_Q|f_stab|log_FSA_grad_x|geodesic_curvature_compression|parallel_roughness_iqr_scaled|nfp|iota|shat|aspect|rho|aspect/rho|equilibrium_class_1|equilibrium_class_2|equilibrium_class_3|equilibrium_class_4,observed-comparison,2.4711065888404846,2.4711065892543207,1.073187955907917,0.9588366407104093,1.6537077562133522,0.0
bad_curvature_compression,bad_curvature_compression:0156,94634,20119,20241122-01-QUASR/20241122-01-031_QUASR_finite_beta_equilibria_with_maxF_below_threshold_and_enough_iota_flux_tubes/QUASR_finiteBeta_002446.h5,20241103-01-random_equilibria_and_flux_tubes_random_aspect_ratio/20241103-01-063_generate_flux_tubes_nfp3/nfp3_randomAspect_finiteBeta_maxm4_maxn4_LMN8_001854.h5,1.3043699245444988,2.2254146679406763,0.11770878926028623,2.10770587868039,False,False,3.389677156040502,3.7465191250190304,log_f_Q|f_stab|log_FSA_grad_x|geodesic_curvature_compression|parallel_roughness_iqr_scaled|nfp|iota|shat|aspect|rho|aspect/rho|equilibrium_class_1|equilibrium_class_2|equilibrium_class_3|equilibrium_class_4,observed-comparison,3.3477113246917725,3.3477112409204497,1.4538925189372391,1.1605347523121392,-0.18561423066658134,0.0
bad_curvature_compression,bad_curvature_compression:0157,82247,80256,20241122-01-QUASR/20241122-01-030_QUASR_vacuum_equilibria_with_maxF_below_threshold_and_enough_iota_flux_tubes/QUASR_vacuum_000279.h5,20241122-01-QUASR/20241122-01-030_QUASR_vacuum_equilibria_with_maxF_below_threshold_and_enough_iota_flux_tubes/QUASR_vacuum_000180.h5,1.310024022928043,2.855399952228922,0.06832883275994228,2.7870711194689797,False,False,3.389677156040502,3.7465191250190304,log_f_Q|f_stab|log_FSA_grad_x|geodesic_curvature_compression|parallel_roughness_iqr_scaled|nfp|iota|shat|aspect|rho|aspect/rho|equilibrium_class_1|equilibrium_class_2|equilibrium_class_3|equilibrium_class_4,observed-comparison,1.9942110776901245,1.9942111914511993,0.8660749161969651,0.5040789253376952,0.18265849955746072,0.0
bad_curvature_compression,bad_curvature_compression:0158,72972,69914,20241115-01-random_heliotrons/20241115-01-023_heliotrons_finiteBeta_randomAspect_randomNfpUpTo8_withTorsion_flux_tubes/heliotron_randomAspect_finiteBeta_maxm1_maxn1_LMN8_002277.h5,20241115-01-random_heliotrons/20241115-01-023_heliotrons_finiteBeta_randomAspect_randomNfpUpTo8_withTorsion_flux_tubes/heliotron_randomAspect_finiteBeta_maxm1_maxn1_LMN8_001511.h5,1.3340345342586206,13.464560975604693,0.2328025705492236,13.23175840505547,False,False,3.389677156040502,3.7465191250190304,log_f_Q|f_stab|log_FSA_grad_x|geodesic_curvature_compression|parallel_roughness_iqr_scaled|nfp|iota|shat|aspect|rho|aspect/rho|equilibrium_class_1|equilibrium_class_2|equilibrium_class_3|equilibrium_class_4,observed-comparison,3.6292947232723236,3.6292947861417613,1.5761826988216094,1.1357830927945909,0.4996100988679444,0.0
bad_curvature_compression,bad_curvature_compression:0159,73016,7764,20241115-01-random_heliotrons/20241115-01-023_heliotrons_finiteBeta_randomAspect_randomNfpUpTo8_withTorsion_flux_tubes/heliotron_randomAspect_finiteBeta_maxm1_maxn1_LMN8_002288.h5,20241103-01-random_equilibria_and_flux_tubes_random_aspect_ratio/20241103-01-062_generate_flux_tubes_nfp2/nfp2_randomAspect_finiteBeta_maxm4_maxn4_LMN8_001952.h5,1.3360180655480967,4.949343913869514,0.0,4.949343913869514,False,False,3.389677156040502,3.7465191250190304,log_f_Q|f_stab|log_FSA_grad_x|geodesic_curvature_compression|parallel_roughness_iqr_scaled|nfp|iota|shat|aspect|rho|aspect/rho|equilibrium_class_1|equilibrium_class_2|equilibrium_class_3|equilibrium_class_4,observed-comparison,2.613232985138893,2.6132330288692494,1.1349126843652362,1.6309222338091989,0.0530428649948842,0.0
bad_curvature_compression,bad_curvature_compression:0160,77444,79230,20241122-01-QUASR/20241122-01-030_QUASR_vacuum_equilibria_with_maxF_below_threshold_and_enough_iota_flux_tubes/QUASR_vacuum_000039.h5,20241122-01-QUASR/20241122-01-030_QUASR_vacuum_equilibria_with_maxF_below_threshold_and_enough_iota_flux_tubes/QUASR_vacuum_000129.h5,1.3441336464568971,8.623796789740132,0.06902795358552642,8.554768836154604,False,False,3.389677156040502,3.7465191250190304,log_f_Q|f_stab|log_FSA_grad_x|geodesic_curvature_compression|parallel_roughness_iqr_scaled|nfp|iota|shat|aspect|rho|aspect/rho|equilibrium_class_1|equilibrium_class_2|equilibrium_class_3|equilibrium_class_4,observed-comparison,2.274858057498932,2.2748581728668267,0.9879583515885764,0.8876425844176923,2.680648776577147,0.0
bad_curvature_compression,bad_curvature_compression:0161,81402,8018,20241122-01-QUASR/20241122-01-030_QUASR_vacuum_equilibria_with_maxF_below_threshold_and_enough_iota_flux_tubes/QUASR_vacuum_000237.h5,20241103-01-random_equilibria_and_flux_tubes_random_aspect_ratio/20241103-01-062_generate_flux_tubes_nfp2/nfp2_randomAspect_finiteBeta_maxm4_maxn4_LMN8_002016.h5,1.3493657554994531,3.231800392256218,0.0,3.231800392256218,False,False,3.389677156040502,3.7465191250190304,log_f_Q|f_stab|log_FSA_grad_x|geodesic_curvature_compression|parallel_roughness_iqr_scaled|nfp|iota|shat|aspect|rho|aspect/rho|equilibrium_class_1|equilibrium_class_2|equilibrium_class_3|equilibrium_class_4,observed-comparison,2.3963270485401154,2.3963270844132616,1.0407116295959873,1.8069039113708714,1.49051626503067,0.0
bad_curvature_compression,bad_curvature_compression:0162,85525,87976,20241122-01-QUASR/20241122-01-031_QUASR_finite_beta_equilibria_with_maxF_below_threshold_and_enough_iota_flux_tubes/QUASR_finiteBeta_000157.h5,20241122-01-QUASR/20241122-01-031_QUASR_finite_beta_equilibria_with_maxF_below_threshold_and_enough_iota_flux_tubes/QUASR_finiteBeta_000777.h5,1.353833529983297,11.024269097489181,0.009322471990949387,11.014946625498233,False,False,3.389677156040502,3.7465191250190304,log_f_Q|f_stab|log_FSA_grad_x|geodesic_curvature_compression|parallel_roughness_iqr_scaled|nfp|iota|shat|aspect|rho|aspect/rho|equilibrium_class_1|equilibrium_class_2|equilibrium_class_3|equilibrium_class_4,observed-comparison,3.1312978267669678,3.131297936314663,1.3599054149364984,-0.050001973673488076,2.714165647124363,0.0
bad_curvature_compression,bad_curvature_compression:0163,92051,99735,20241122-01-QUASR/20241122-01-031_QUASR_finite_beta_equilibria_with_maxF_below_threshold_and_enough_iota_flux_tubes/QUASR_finiteBeta_001800.h5,20241122-01-QUASR/20241122-01-031_QUASR_finite_beta_equilibria_with_maxF_below_threshold_and_enough_iota_flux_tubes/QUASR_finiteBeta_003721.h5,1.3811461981407815,10.169982300749327,0.16544091205580733,10.00454138869352,False,False,3.389677156040502,3.7465191250190304,log_f_Q|f_stab|log_FSA_grad_x|geodesic_curvature_compression|parallel_roughness_iqr_scaled|nfp|iota|shat|aspect|rho|aspect/rho|equilibrium_class_1|equilibrium_class_2|equilibrium_class_3|equilibrium_class_4,observed-comparison,1.6231471300125122,1.623147051415964,0.704923807747487,1.1825486900070579,1.7626287984874396,0.0
bad_curvature_compression,bad_curvature_compression:0164,85974,27397,20241122-01-QUASR/20241122-01-031_QUASR_finite_beta_equilibria_with_maxF_below_threshold_and_enough_iota_flux_tubes/QUASR_finiteBeta_000269.h5,20241103-01-random_equilibria_and_flux_tubes_random_aspect_ratio/20241103-01-064_generate_flux_tubes_nfp4/nfp4_randomAspect_finiteBeta_maxm4_maxn4_LMN8_000477.h5,1.3840151399979221,82.1789614371275,0.19263973014068067,81.98632170698681,False,False,3.389677156040502,3.7465191250190304,log_f_Q|f_stab|log_FSA_grad_x|geodesic_curvature_compression|parallel_roughness_iqr_scaled|nfp|iota|shat|aspect|rho|aspect/rho|equilibrium_class_1|equilibrium_class_2|equilibrium_class_3|equilibrium_class_4,observed-comparison,2.6183311194181442,2.6183310819851275,1.1371267407019119,-0.2483898290539838,3.3302032276589384,0.0
bad_curvature_compression,bad_curvature_compression:0165,91484,88038,20241122-01-QUASR/20241122-01-031_QUASR_finite_beta_equilibria_with_maxF_below_threshold_and_enough_iota_flux_tubes/QUASR_finiteBeta_001658.h5,20241122-01-QUASR/20241122-01-031_QUASR_finite_beta_equilibria_with_maxF_below_threshold_and_enough_iota_flux_tubes/QUASR_finiteBeta_000793.h5,1.3881393362922756,3.1462388733824214,0.07989584286454783,3.0663430305178734,False,False,3.389677156040502,3.7465191250190304,log_f_Q|f_stab|log_FSA_grad_x|geodesic_curvature_compression|parallel_roughness_iqr_scaled|nfp|iota|shat|aspect|rho|aspect/rho|equilibrium_class_1|equilibrium_class_2|equilibrium_class_3|equilibrium_class_4,observed-comparison,2.855271637439728,2.8552716679141916,1.2400287297098274,0.6857223637108387,0.7264810604954981,0.0
bad_curvature_compression,bad_curvature_compression:0166,93846,26894,20241122-01-QUASR/20241122-01-031_QUASR_finite_beta_equilibria_with_maxF_below_threshold_and_enough_iota_flux_tubes/QUASR_finiteBeta_002249.h5,20241103-01-random_equilibria_and_flux_tubes_random_aspect_ratio/20241103-01-064_generate_flux_tubes_nfp4/nfp4_randomAspect_finiteBeta_maxm4_maxn4_LMN8_000351.h5,1.4016525451055626,8.875235754407294,0.1375699123395108,8.737665842067782,False,False,3.389677156040502,3.7465191250190304,log_f_Q|f_stab|log_FSA_grad_x|geodesic_curvature_compression|parallel_roughness_iqr_scaled|nfp|iota|shat|aspect|rho|aspect/rho|equilibrium_class_1|equilibrium_class_2|equilibrium_class_3|equilibrium_class_4,observed-comparison,2.165436327457428,2.1654362934888276,0.9404370331752283,-0.3924137021258848,0.4991824530175015,0.0
bad_curvature_compression,bad_curvature_compression:0167,83899,87526,20241122-01-QUASR/20241122-01-030_QUASR_vacuum_equilibria_with_maxF_below_threshold_and_enough_iota_flux_tubes/QUASR_vacuum_000363.h5,20241122-01-QUASR/20241122-01-031_QUASR_finite_beta_equilibria_with_maxF_below_threshold_and_enough_iota_flux_tubes/QUASR_finiteBeta_000661.h5,1.4035336167961503,4.636828551454905,0.0,4.636828551454905,False,False,3.389677156040502,3.7465191250190304,log_f_Q|f_stab|log_FSA_grad_x|geodesic_curvature_compression|parallel_roughness_iqr_scaled|nfp|iota|shat|aspect|rho|aspect/rho|equilibrium_class_1|equilibrium_class_2|equilibrium_class_3|equilibrium_class_4,observed-comparison,2.831955134868622,2.8319551790921818,1.2299025072770697,0.24298928841930645,1.2322963447804538,0.0
bad_curvature_compression,bad_curvature_compression:0168,85553,86782,20241122-01-QUASR/20241122-01-031_QUASR_finite_beta_equilibria_with_maxF_below_threshold_and_enough_iota_flux_tubes/QUASR_finiteBeta_000164.h5,20241122-01-QUASR/20241122-01-031_QUASR_finite_beta_equilibria_with_maxF_below_threshold_and_enough_iota_flux_tubes/QUASR_finiteBeta_000473.h5,1.404962757927169,12.681045443786587,0.0,12.681045443786587,False,True,3.389677156040502,3.7465191250190304,log_f_Q|f_stab|log_FSA_grad_x|geodesic_curvature_compression|parallel_roughness_iqr_scaled|nfp|iota|shat|aspect|rho|aspect/rho|equilibrium_class_1|equilibrium_class_2|equilibrium_class_3|equilibrium_class_4,observed-comparison,5.538798570632935,5.538798511655483,2.4054696299859204,2.5311256013646797,6.3554426883335235,0.0
bad_curvature_compression,bad_curvature_compression:0169,84889,35630,20241122-01-QUASR/20241122-01-030_QUASR_vacuum_equilibria_with_maxF_below_threshold_and_enough_iota_flux_tubes/QUASR_vacuum_000412.h5,20241103-01-random_equilibria_and_flux_tubes_random_aspect_ratio/20241103-01-064_generate_flux_tubes_nfp4/nfp4_randomAspect_finiteBeta_maxm4_maxn4_LMN8_002536.h5,1.4172299894738005,2.4969164121415095,0.11080941292755249,2.386106999213957,False,False,3.389677156040502,3.7465191250190304,log_f_Q|f_stab|log_FSA_grad_x|geodesic_curvature_compression|parallel_roughness_iqr_scaled|nfp|iota|shat|aspect|rho|aspect/rho|equilibrium_class_1|equilibrium_class_2|equilibrium_class_3|equilibrium_class_4,observed-comparison,2.878115192055702,2.8781151538055827,1.2499495295798935,1.0490027383961504,-0.7346463092516511,0.0
bad_curvature_compression,bad_curvature_compression:0170,80532,83861,20241122-01-QUASR/20241122-01-030_QUASR_vacuum_equilibria_with_maxF_below_threshold_and_enough_iota_flux_tubes/QUASR_vacuum_000194.h5,20241122-01-QUASR/20241122-01-030_QUASR_vacuum_equilibria_with_maxF_below_threshold_and_enough_iota_flux_tubes/QUASR_vacuum_000361.h5,1.4250165060223474,2.806881040267035,0.08020575331548319,2.726675286951552,False,False,3.389677156040502,3.7465191250190304,log_f_Q|f_stab|log_FSA_grad_x|geodesic_curvature_compression|parallel_roughness_iqr_scaled|nfp|iota|shat|aspect|rho|aspect/rho|equilibrium_class_1|equilibrium_class_2|equilibrium_class_3|equilibrium_class_4,observed-comparison,2.442286193370819,2.442286292025904,1.060671459854804,0.881389583656704,-0.17950618342817903,0.0
bad_curvature_compression,bad_curvature_compression:0171,82335,6727,20241122-01-QUASR/20241122-01-030_QUASR_vacuum_equilibria_with_maxF_below_threshold_and_enough_iota_flux_tubes/QUASR_vacuum_000284.h5,20241103-01-random_equilibria_and_flux_tubes_random_aspect_ratio/20241103-01-062_generate_flux_tubes_nfp2/nfp2_randomAspect_finiteBeta_maxm4_maxn4_LMN8_001692.h5,1.4307078095956893,3.585505086179177,0.0,3.585505086179177,False,False,3.389677156040502,3.7465191250190304,log_f_Q|f_stab|log_FSA_grad_x|geodesic_curvature_compression|parallel_roughness_iqr_scaled|nfp|iota|shat|aspect|rho|aspect/rho|equilibrium_class_1|equilibrium_class_2|equilibrium_class_3|equilibrium_class_4,observed-comparison,2.7285223305225372,2.7285223451940306,1.184982198267487,0.8459649099192156,0.06998923717130534,0.0
bad_curvature_compression,bad_curvature_compression:0172,85847,20537,20241122-01-QUASR/20241122-01-031_QUASR_finite_beta_equilibria_with_maxF_below_threshold_and_enough_iota_flux_tubes/QUASR_finiteBeta_000238.h5,20241103-01-random_equilibria_and_flux_tubes_random_aspect_ratio/20241103-01-063_generate_flux_tubes_nfp3/nfp3_randomAspect_finiteBeta_maxm4_maxn4_LMN8_001959.h5,1.4449873253051264,6.024997571353633,0.008432121346259975,6.016565450007373,False,False,3.389677156040502,3.7465191250190304,log_f_Q|f_stab|log_FSA_grad_x|geodesic_curvature_compression|parallel_roughness_iqr_scaled|nfp|iota|shat|aspect|rho|aspect/rho|equilibrium_class_1|equilibrium_class_2|equilibrium_class_3|equilibrium_class_4,observed-comparison,3.451616108417511,3.4516160495716433,1.4990178039776656,1.792707037013069,3.3122160554130593,0.0
bad_curvature_compression,bad_curvature_compression:0173,82538,88570,20241122-01-QUASR/20241122-01-030_QUASR_vacuum_equilibria_with_maxF_below_threshold_and_enough_iota_flux_tubes/QUASR_vacuum_000294.h5,20241122-01-QUASR/20241122-01-031_QUASR_finite_beta_equilibria_with_maxF_below_threshold_and_enough_iota_flux_tubes/QUASR_finiteBeta_000926.h5,1.4657597181305693,2.876689888454552,0.0,2.876689888454552,False,False,3.389677156040502,3.7465191250190304,log_f_Q|f_stab|log_FSA_grad_x|geodesic_curvature_compression|parallel_roughness_iqr_scaled|nfp|iota|shat|aspect|rho|aspect/rho|equilibrium_class_1|equilibrium_class_2|equilibrium_class_3|equilibrium_class_4,observed-comparison,3.168425679206848,3.1684256870793646,1.3760297922190874,1.467193667888679,0.25747990110580954,0.0
bad_curvature_compression,bad_curvature_compression:0174,98833,94355,20241122-01-QUASR/20241122-01-031_QUASR_finite_beta_equilibria_with_maxF_below_threshold_and_enough_iota_flux_tubes/QUASR_finiteBeta_003496.h5,20241122-01-QUASR/20241122-01-031_QUASR_finite_beta_equilibria_with_maxF_below_threshold_and_enough_iota_flux_tubes/QUASR_finiteBeta_002376.h5,1.4816834249435615,2.373739669025989,0.10376567460909507,2.269973994416894,False,False,3.389677156040502,3.7465191250190304,log_f_Q|f_stab|log_FSA_grad_x|geodesic_curvature_compression|parallel_roughness_iqr_scaled|nfp|iota|shat|aspect|rho|aspect/rho|equilibrium_class_1|equilibrium_class_2|equilibrium_class_3|equilibrium_class_4,observed-comparison,2.492790997028351,2.4927910541308123,1.0826053993468019,0.5889949602973612,0.15690498229188843,0.0
bad_curvature_compression,bad_curvature_compression:0175,53811,28836,20241115-01-random_heliotrons/20241115-01-022_heliotrons_finiteBeta_randomAspect_randomNfpUpTo8_noTorsion_flux_tubes/heliotron_randomAspect_finiteBeta_maxm1_maxn1_LMN8_000684.h5,20241103-01-random_equilibria_and_flux_tubes_random_aspect_ratio/20241103-01-064_generate_flux_tubes_nfp4/nfp4_randomAspect_finiteBeta_maxm4_maxn4_LMN8_000837.h5,1.4863653647181412,37.24507801426248,0.13145131662971574,37.11362669763277,False,False,3.389677156040502,3.7465191250190304,log_f_Q|f_stab|log_FSA_grad_x|geodesic_curvature_compression|parallel_roughness_iqr_scaled|nfp|iota|shat|aspect|rho|aspect/rho|equilibrium_class_1|equilibrium_class_2|equilibrium_class_3|equilibrium_class_4,observed-comparison,1.8045243918895721,1.8045245047361884,0.783695034866125,-0.16724909722036183,3.054624513391642,0.0
bad_curvature_compression,bad_curvature_compression:0176,77471,83955,20241122-01-QUASR/20241122-01-030_QUASR_vacuum_equilibria_with_maxF_below_threshold_and_enough_iota_flux_tubes/QUASR_vacuum_000040.h5,20241122-01-QUASR/20241122-01-030_QUASR_vacuum_equilibria_with_maxF_below_threshold_and_enough_iota_flux_tubes/QUASR_vacuum_000365.h5,1.4946260354942964,3.3193139842808037,0.10183651154872543,3.217477472732078,False,False,3.389677156040502,3.7465191250190304,log_f_Q|f_stab|log_FSA_grad_x|geodesic_curvature_compression|parallel_roughness_iqr_scaled|nfp|iota|shat|aspect|rho|aspect/rho|equilibrium_class_1|equilibrium_class_2|equilibrium_class_3|equilibrium_class_4,observed-comparison,3.2427147924900055,3.2427147391069218,1.408293117580479,1.3059641869018848,0.9843399725589759,0.0
bad_curvature_compression,bad_curvature_compression:0177,89792,89950,20241122-01-QUASR/20241122-01-031_QUASR_finite_beta_equilibria_with_maxF_below_threshold_and_enough_iota_flux_tubes/QUASR_finiteBeta_001235.h5,20241122-01-QUASR/20241122-01-031_QUASR_finite_beta_equilibria_with_maxF_below_threshold_and_enough_iota_flux_tubes/QUASR_finiteBeta_001274.h5,1.495450794108699,4.260925000010935,0.23192488714753437,4.0290001128634,False,False,3.389677156040502,3.7465191250190304,log_f_Q|f_stab|log_FSA_grad_x|geodesic_curvature_compression|parallel_roughness_iqr_scaled|nfp|iota|shat|aspect|rho|aspect/rho|equilibrium_class_1|equilibrium_class_2|equilibrium_class_3|equilibrium_class_4,observed-comparison,3.074310839176178,3.0743108477813985,1.3351562368467695,1.557312527092221,0.5101774022660173,0.0
bad_curvature_compression,bad_curvature_compression:0178,86196,89860,20241122-01-QUASR/20241122-01-031_QUASR_finite_beta_equilibria_with_maxF_below_threshold_and_enough_iota_flux_tubes/QUASR_finiteBeta_000325.h5,20241122-01-QUASR/20241122-01-031_QUASR_finite_beta_equilibria_with_maxF_below_threshold_and_enough_iota_flux_tubes/QUASR_finiteBeta_001252.h5,1.4976103257606812,10.034935951501431,0.2508338655138043,9.784102085987627,False,False,3.389677156040502,3.7465191250190304,log_f_Q|f_stab|log_FSA_grad_x|geodesic_curvature_compression|parallel_roughness_iqr_scaled|nfp|iota|shat|aspect|rho|aspect/rho|equilibrium_class_1|equilibrium_class_2|equilibrium_class_3|equilibrium_class_4,observed-comparison,4.271033346652985,4.271033425674692,1.8548862487948612,1.4413164674668144,2.0183850049248893,0.0
bad_curvature_compression,bad_curvature_compression:0179,80729,80359,20241122-01-QUASR/20241122-01-030_QUASR_vacuum_equilibria_with_maxF_below_threshold_and_enough_iota_flux_tubes/QUASR_vacuum_000204.h5,20241122-01-QUASR/20241122-01-030_QUASR_vacuum_equilibria_with_maxF_below_threshold_and_enough_iota_flux_tubes/QUASR_vacuum_000185.h5,1.501110828717201,2.3232678690456754,0.06759013272826965,2.2556777363174056,False,False,3.389677156040502,3.7465191250190304,log_f_Q|f_stab|log_FSA_grad_x|geodesic_curvature_compression|parallel_roughness_iqr_scaled|nfp|iota|shat|aspect|rho|aspect/rho|equilibrium_class_1|equilibrium_class_2|equilibrium_class_3|equilibrium_class_4,observed-comparison,2.2026548981666565,2.2026548640884274,0.9566008530109612,0.45421502159494154,-0.15340382429015564,0.0
bad_curvature_compression,bad_curvature_compression:0180,87710,88896,20241122-01-QUASR/20241122-01-031_QUASR_finite_beta_equilibria_with_maxF_below_threshold_and_enough_iota_flux_tubes/QUASR_finiteBeta_000707.h5,20241122-01-QUASR/20241122-01-031_QUASR_finite_beta_equilibria_with_maxF_below_threshold_and_enough_iota_flux_tubes/QUASR_finiteBeta_001007.h5,1.5090745057155313,71.27040345337656,0.0,71.27040345337656,False,False,3.389677156040502,3.7465191250190304,log_f_Q|f_stab|log_FSA_grad_x|geodesic_curvature_compression|parallel_roughness_iqr_scaled|nfp|iota|shat|aspect|rho|aspect/rho|equilibrium_class_1|equilibrium_class_2|equilibrium_class_3|equilibrium_class_4,observed-comparison,3.228447824716568,3.2284478391602964,1.4020970816597935,-0.048952594719139327,1.9064236195595388,0.0
bad_curvature_compression,bad_curvature_compression:0181,52603,68044,20241115-01-random_heliotrons/20241115-01-022_heliotrons_finiteBeta_randomAspect_randomNfpUpTo8_noTorsion_flux_tubes/heliotron_randomAspect_finiteBeta_maxm1_maxn1_LMN8_000382.h5,20241115-01-random_heliotrons/20241115-01-023_heliotrons_finiteBeta_randomAspect_randomNfpUpTo8_withTorsion_flux_tubes/heliotron_randomAspect_finiteBeta_maxm1_maxn1_LMN8_001044.h5,1.551634056729151,12.809239494200005,0.2652649826675566,12.543974511532449,False,False,3.389677156040502,3.7465191250190304,log_f_Q|f_stab|log_FSA_grad_x|geodesic_curvature_compression|parallel_roughness_iqr_scaled|nfp|iota|shat|aspect|rho|aspect/rho|equilibrium_class_1|equilibrium_class_2|equilibrium_class_3|equilibrium_class_4,observed-comparison,0.7650480270385742,0.7650480487733504,0.33225614597311615,-0.6817709554958424,0.7599290292770964,0.0
bad_curvature_compression,bad_curvature_compression:0182,57562,62017,20241115-01-random_heliotrons/20241115-01-022_heliotrons_finiteBeta_randomAspect_randomNfpUpTo8_noTorsion_flux_tubes/heliotron_randomAspect_finiteBeta_maxm1_maxn1_LMN8_001622.h5,20241115-01-random_heliotrons/20241115-01-022_heliotrons_finiteBeta_randomAspect_randomNfpUpTo8_noTorsion_flux_tubes/heliotron_randomAspect_finiteBeta_maxm1_maxn1_LMN8_002736.h5,1.5555940138071933,4.076285710579684,0.0,4.076285710579684,False,False,3.389677156040502,3.7465191250190304,log_f_Q|f_stab|log_FSA_grad_x|geodesic_curvature_compression|parallel_roughness_iqr_scaled|nfp|iota|shat|aspect|rho|aspect/rho|equilibrium_class_1|equilibrium_class_2|equilibrium_class_3|equilibrium_class_4,observed-comparison,2.713814437389374,2.7138144303177927,1.1785946319964344,0.8035210048049345,0.5790547406350668,0.0
bad_curvature_compression,bad_curvature_compression:0183,96408,71460,20241122-01-QUASR/20241122-01-031_QUASR_finite_beta_equilibria_with_maxF_below_threshold_and_enough_iota_flux_tubes/QUASR_finiteBeta_002889.h5,20241115-01-random_heliotrons/20241115-01-023_heliotrons_finiteBeta_randomAspect_randomNfpUpTo8_withTorsion_flux_tubes/heliotron_randomAspect_finiteBeta_maxm1_maxn1_LMN8_001898.h5,1.5786790709659164,2.590949643134151,0.0,2.590949643134151,False,False,3.389677156040502,3.7465191250190304,log_f_Q|f_stab|log_FSA_grad_x|geodesic_curvature_compression|parallel_roughness_iqr_scaled|nfp|iota|shat|aspect|rho|aspect/rho|equilibrium_class_1|equilibrium_class_2|equilibrium_class_3|equilibrium_class_4,observed-comparison,3.316709414124489,3.3167095280478627,1.4404286461071254,1.4934235613062368,0.1252402347401711,0.0
bad_curvature_compression,bad_curvature_compression:0184,94643,88529,20241122-01-QUASR/20241122-01-031_QUASR_finite_beta_equilibria_with_maxF_below_threshold_and_enough_iota_flux_tubes/QUASR_finiteBeta_002448.h5,20241122-01-QUASR/20241122-01-031_QUASR_finite_beta_equilibria_with_maxF_below_threshold_and_enough_iota_flux_tubes/QUASR_finiteBeta_000916.h5,1.5807304251516208,5.078106144774776,0.0,5.078106144774776,False,False,3.389677156040502,3.7465191250190304,log_f_Q|f_stab|log_FSA_grad_x|geodesic_curvature_compression|parallel_roughness_iqr_scaled|nfp|iota|shat|aspect|rho|aspect/rho|equilibrium_class_1|equilibrium_class_2|equilibrium_class_3|equilibrium_class_4,observed-comparison,3.759637162089348,3.7596372838921237,1.6327897263520788,1.1280482153666735,0.5681430981621598,0.0
bad_curvature_compression,bad_curvature_compression:0185,80981,54481,20241122-01-QUASR/20241122-01-030_QUASR_vacuum_equilibria_with_maxF_below_threshold_and_enough_iota_flux_tubes/QUASR_vacuum_000216.h5,20241115-01-random_heliotrons/20241115-01-022_heliotrons_finiteBeta_randomAspect_randomNfpUpTo8_noTorsion_flux_tubes/heliotron_randomAspect_finiteBeta_maxm1_maxn1_LMN8_000851.h5,1.5851356887489931,4.200350630620015,0.0,4.200350630620015,False,False,3.389677156040502,3.7465191250190304,log_f_Q|f_stab|log_FSA_grad_x|geodesic_curvature_compression|parallel_roughness_iqr_scaled|nfp|iota|shat|aspect|rho|aspect/rho|equilibrium_class_1|equilibrium_class_2|equilibrium_class_3|equilibrium_class_4,observed-comparison,3.897834539413452,3.89783455557981,1.6928080388601254,2.0577833701067823,-1.3476971953937125,0.0
bad_curvature_compression,bad_curvature_compression:0186,83759,11016,20241122-01-QUASR/20241122-01-030_QUASR_vacuum_equilibria_with_maxF_below_threshold_and_enough_iota_flux_tubes/QUASR_vacuum_000355.h5,20241103-01-random_equilibria_and_flux_tubes_random_aspect_ratio/20241103-01-062_generate_flux_tubes_nfp2/nfp2_randomAspect_finiteBeta_maxm4_maxn4_LMN8_002771.h5,1.594000032615417,5.071651734881541,0.0,5.071651734881541,False,True,3.389677156040502,3.7465191250190304,log_f_Q|f_stab|log_FSA_grad_x|geodesic_curvature_compression|parallel_roughness_iqr_scaled|nfp|iota|shat|aspect|rho|aspect/rho|equilibrium_class_1|equilibrium_class_2|equilibrium_class_3|equilibrium_class_4,observed-comparison,5.605224132537842,5.683743292006646,2.4684183482731097,4.134659987606203,0.9845547789754083,0.0
bad_curvature_compression,bad_curvature_compression:0187,80815,60547,20241122-01-QUASR/20241122-01-030_QUASR_vacuum_equilibria_with_maxF_below_threshold_and_enough_iota_flux_tubes/QUASR_vacuum_000208.h5,20241115-01-random_heliotrons/20241115-01-022_heliotrons_finiteBeta_randomAspect_randomNfpUpTo8_noTorsion_flux_tubes/heliotron_randomAspect_finiteBeta_maxm1_maxn1_LMN8_002368.h5,1.6008553316389653,2.598360185275204,0.009938754974897789,2.5884214303003064,False,False,3.389677156040502,3.7465191250190304,log_f_Q|f_stab|log_FSA_grad_x|geodesic_curvature_compression|parallel_roughness_iqr_scaled|nfp|iota|shat|aspect|rho|aspect/rho|equilibrium_class_1|equilibrium_class_2|equilibrium_class_3|equilibrium_class_4,observed-comparison,2.3133209347724915,2.3133210126501638,1.0046625506648086,0.8426141004974903,-0.30624074240793453,0.0
bad_curvature_compression,bad_curvature_compression:0188,86263,86008,20241122-01-QUASR/20241122-01-031_QUASR_finite_beta_equilibria_with_maxF_below_threshold_and_enough_iota_flux_tubes/QUASR_finiteBeta_000342.h5,20241122-01-QUASR/20241122-01-031_QUASR_finite_beta_equilibria_with_maxF_below_threshold_and_enough_iota_flux_tubes/QUASR_finiteBeta_000278.h5,1.6115125914517483,13.107862057475506,0.0,13.107862057475506,False,True,3.389677156040502,3.7465191250190304,log_f_Q|f_stab|log_FSA_grad_x|geodesic_curvature_compression|parallel_roughness_iqr_scaled|nfp|iota|shat|aspect|rho|aspect/rho|equilibrium_class_1|equilibrium_class_2|equilibrium_class_3|equilibrium_class_4,observed-comparison,5.372500896453857,6.23114435557174,2.7061516095674008,4.893143000848314,1.823245657521582,0.0
bad_curvature_compression,bad_curvature_compression:0189,92753,89124,20241122-01-QUASR/20241122-01-031_QUASR_finite_beta_equilibria_with_maxF_below_threshold_and_enough_iota_flux_tubes/QUASR_finiteBeta_001975.h5,20241122-01-QUASR/20241122-01-031_QUASR_finite_beta_equilibria_with_maxF_below_threshold_and_enough_iota_flux_tubes/QUASR_finiteBeta_001064.h5,1.6161789475406523,5.535131350336481,0.13197785538602655,5.4031534949504545,False,False,3.389677156040502,3.7465191250190304,log_f_Q|f_stab|log_FSA_grad_x|geodesic_curvature_compression|parallel_roughness_iqr_scaled|nfp|iota|shat|aspect|rho|aspect/rho|equilibrium_class_1|equilibrium_class_2|equilibrium_class_3|equilibrium_class_4,observed-comparison,2.542785756289959,2.542785664862011,1.1043177829122628,-0.3204922082214313,1.5352389848365724,0.0
bad_curvature_compression,bad_curvature_compression:0190,81367,24690,20241122-01-QUASR/20241122-01-030_QUASR_vacuum_equilibria_with_maxF_below_threshold_and_enough_iota_flux_tubes/QUASR_vacuum_000235.h5,20241103-01-random_equilibria_and_flux_tubes_random_aspect_ratio/20241103-01-063_generate_flux_tubes_nfp3/nfp3_randomAspect_finiteBeta_maxm4_maxn4_LMN8_002999.h5,1.6369467208876969,2.713849950628594,0.0,2.713849950628594,False,False,3.389677156040502,3.7465191250190304,log_f_Q|f_stab|log_FSA_grad_x|geodesic_curvature_compression|parallel_roughness_iqr_scaled|nfp|iota|shat|aspect|rho|aspect/rho|equilibrium_class_1|equilibrium_class_2|equilibrium_class_3|equilibrium_class_4,observed-comparison,3.459143340587616,3.45914343246633,1.502286904832001,1.5286787544440301,0.4207173905566799,0.0
bad_curvature_compression,bad_curvature_compression:0191,81932,9514,20241122-01-QUASR/20241122-01-030_QUASR_vacuum_equilibria_with_maxF_below_threshold_and_enough_iota_flux_tubes/QUASR_vacuum_000264.h5,20241103-01-random_equilibria_and_flux_tubes_random_aspect_ratio/20241103-01-062_generate_flux_tubes_nfp2/nfp2_randomAspect_finiteBeta_maxm4_maxn4_LMN8_002392.h5,1.6512188793159712,2.801930674818968,0.0,2.801930674818968,False,False,3.389677156040502,3.7465191250190304,log_f_Q|f_stab|log_FSA_grad_x|geodesic_curvature_compression|parallel_roughness_iqr_scaled|nfp|iota|shat|aspect|rho|aspect/rho|equilibrium_class_1|equilibrium_class_2|equilibrium_class_3|equilibrium_class_4,observed-comparison,4.113503575325012,4.113503565453125,1.786471899765644,2.124195275093433,-0.08939534189113196,0.0
bad_curvature_compression,bad_curvature_compression:0192,86188,89868,20241122-01-QUASR/20241122-01-031_QUASR_finite_beta_equilibria_with_maxF_below_threshold_and_enough_iota_flux_tubes/QUASR_finiteBeta_000323.h5,20241122-01-QUASR/20241122-01-031_QUASR_finite_beta_equilibria_with_maxF_below_threshold_and_enough_iota_flux_tubes/QUASR_finiteBeta_001254.h5,1.675588403435937,9.661147902529779,0.20009883315786828,9.46104906937191,False,False,3.389677156040502,3.7465191250190304,log_f_Q|f_stab|log_FSA_grad_x|geodesic_curvature_compression|parallel_roughness_iqr_scaled|nfp|iota|shat|aspect|rho|aspect/rho|equilibrium_class_1|equilibrium_class_2|equilibrium_class_3|equilibrium_class_4,observed-comparison,3.968928635120392,3.968928505924366,1.72368374919147,1.778164410111866,1.9043999847420499,0.0
bad_curvature_compression,bad_curvature_compression:0193,90755,57972,20241122-01-QUASR/20241122-01-031_QUASR_finite_beta_equilibria_with_maxF_below_threshold_and_enough_iota_flux_tubes/QUASR_finiteBeta_001476.h5,20241115-01-random_heliotrons/20241115-01-022_heliotrons_finiteBeta_randomAspect_randomNfpUpTo8_noTorsion_flux_tubes/heliotron_randomAspect_finiteBeta_maxm1_maxn1_LMN8_001724.h5,1.6903223156158567,4.756562469955482,0.0,4.756562469955482,False,False,3.389677156040502,3.7465191250190304,log_f_Q|f_stab|log_FSA_grad_x|geodesic_curvature_compression|parallel_roughness_iqr_scaled|nfp|iota|shat|aspect|rho|aspect/rho|equilibrium_class_1|equilibrium_class_2|equilibrium_class_3|equilibrium_class_4,observed-comparison,3.2509874254465103,3.2509874628145985,1.4118859158370332,1.0980351891745013,0.3519630645032936,0.0
bad_curvature_compression,bad_curvature_compression:0194,91523,79910,20241122-01-QUASR/20241122-01-031_QUASR_finite_beta_equilibria_with_maxF_below_threshold_and_enough_iota_flux_tubes/QUASR_finiteBeta_001668.h5,20241122-01-QUASR/20241122-01-030_QUASR_vacuum_equilibria_with_maxF_below_threshold_and_enough_iota_flux_tubes/QUASR_vacuum_000163.h5,1.7210860253994338,4.511012175692552,0.054319536745398744,4.456692638947153,False,False,3.389677156040502,3.7465191250190304,log_f_Q|f_stab|log_FSA_grad_x|geodesic_curvature_compression|parallel_roughness_iqr_scaled|nfp|iota|shat|aspect|rho|aspect/rho|equilibrium_class_1|equilibrium_class_2|equilibrium_class_3|equilibrium_class_4,observed-comparison,2.7720547318458557,2.772054791529995,1.203888099494946,0.45275864378326386,0.7920122996049495,0.0
bad_curvature_compression,bad_curvature_compression:0195,89145,74502,20241122-01-QUASR/20241122-01-031_QUASR_finite_beta_equilibria_with_maxF_below_threshold_and_enough_iota_flux_tubes/QUASR_finiteBeta_001070.h5,20241115-01-random_heliotrons/20241115-01-023_heliotrons_finiteBeta_randomAspect_randomNfpUpTo8_withTorsion_flux_tubes/heliotron_randomAspect_finiteBeta_maxm1_maxn1_LMN8_002659.h5,1.7305545577073664,5.292381184525747,0.0,5.292381184525747,False,False,3.389677156040502,3.7465191250190304,log_f_Q|f_stab|log_FSA_grad_x|geodesic_curvature_compression|parallel_roughness_iqr_scaled|nfp|iota|shat|aspect|rho|aspect/rho|equilibrium_class_1|equilibrium_class_2|equilibrium_class_3|equilibrium_class_4,observed-comparison,3.3881139159202576,3.388113811344204,1.471439132326983,0.7305637699625663,1.114442457532549,0.0
bad_curvature_compression,bad_curvature_compression:0196,6627,3497,20241103-01-random_equilibria_and_flux_tubes_random_aspect_ratio/20241103-01-062_generate_flux_tubes_nfp2/nfp2_randomAspect_finiteBeta_maxm4_maxn4_LMN8_001667.h5,20241103-01-random_equilibria_and_flux_tubes_random_aspect_ratio/20241103-01-062_generate_flux_tubes_nfp2/nfp2_randomAspect_finiteBeta_maxm4_maxn4_LMN8_000880.h5,1.7312733426932116,14.598106856891254,0.0,14.598106856891254,False,False,3.389677156040502,3.7465191250190304,log_f_Q|f_stab|log_FSA_grad_x|geodesic_curvature_compression|parallel_roughness_iqr_scaled|nfp|iota|shat|aspect|rho|aspect/rho|equilibrium_class_1|equilibrium_class_2|equilibrium_class_3|equilibrium_class_4,observed-comparison,5.092674493789673,5.092674334541115,2.2117203616215213,2.6202625468375955,1.1585430655018136,0.0
bad_curvature_compression,bad_curvature_compression:0197,86691,24615,20241122-01-QUASR/20241122-01-031_QUASR_finite_beta_equilibria_with_maxF_below_threshold_and_enough_iota_flux_tubes/QUASR_finiteBeta_000450.h5,20241103-01-random_equilibria_and_flux_tubes_random_aspect_ratio/20241103-01-063_generate_flux_tubes_nfp3/nfp3_randomAspect_finiteBeta_maxm4_maxn4_LMN8_002980.h5,1.746102899634907,10.981561083211957,0.1046717220970288,10.876889361114928,False,False,3.389677156040502,3.7465191250190304,log_f_Q|f_stab|log_FSA_grad_x|geodesic_curvature_compression|parallel_roughness_iqr_scaled|nfp|iota|shat|aspect|rho|aspect/rho|equilibrium_class_1|equilibrium_class_2|equilibrium_class_3|equilibrium_class_4,observed-comparison,2.648592531681061,2.648592576335868,1.1502691407125847,1.371759166947527,1.044702854349505,0.0
bad_curvature_compression,bad_curvature_compression:0198,2557,1766,20241103-01-random_equilibria_and_flux_tubes_random_aspect_ratio/20241103-01-062_generate_flux_tubes_nfp2/nfp2_randomAspect_finiteBeta_maxm4_maxn4_LMN8_000644.h5,20241103-01-random_equilibria_and_flux_tubes_random_aspect_ratio/20241103-01-062_generate_flux_tubes_nfp2/nfp2_randomAspect_finiteBeta_maxm4_maxn4_LMN8_000444.h5,1.7467191905204407,14.864296162813025,0.0,14.864296162813025,False,False,3.389677156040502,3.7465191250190304,log_f_Q|f_stab|log_FSA_grad_x|geodesic_curvature_compression|parallel_roughness_iqr_scaled|nfp|iota|shat|aspect|rho|aspect/rho|equilibrium_class_1|equilibrium_class_2|equilibrium_class_3|equilibrium_class_4,observed-comparison,2.3298829197883606,2.329883013832287,1.0118553363874798,0.11465996007029633,-1.0323169880858516,0.0
bad_curvature_compression,bad_curvature_compression:0199,8376,61355,20241103-01-random_equilibria_and_flux_tubes_random_aspect_ratio/20241103-01-062_generate_flux_tubes_nfp2/nfp2_randomAspect_finiteBeta_maxm4_maxn4_LMN8_002106.h5,20241115-01-random_heliotrons/20241115-01-022_heliotrons_finiteBeta_randomAspect_randomNfpUpTo8_noTorsion_flux_tubes/heliotron_randomAspect_finiteBeta_maxm1_maxn1_LMN8_002570.h5,1.7588816263630689,51.11257395874151,0.0,51.11257395874151,False,False,3.389677156040502,3.7465191250190304,log_f_Q|f_stab|log_FSA_grad_x|geodesic_curvature_compression|parallel_roughness_iqr_scaled|nfp|iota|shat|aspect|rho|aspect/rho|equilibrium_class_1|equilibrium_class_2|equilibrium_class_3|equilibrium_class_4,observed-comparison,4.9908406138420105,4.9908403981271885,2.1674944449664664,1.6068634678367513,1.2253454537944724,0.0
bad_curvature_compression,bad_curvature_compression:0200,81434,37075,20241122-01-QUASR/20241122-01-030_QUASR_vacuum_equilibria_with_maxF_below_threshold_and_enough_iota_flux_tubes/QUASR_vacuum_000239.h5,20241103-01-random_equilibria_and_flux_tubes_random_aspect_ratio/20241103-01-064_generate_flux_tubes_nfp4/nfp4_randomAspect_finiteBeta_maxm4_maxn4_LMN8_002898.h5,1.7810048865627364,4.7749348017434565,0.055616507514476,4.71931829422898,False,False,3.389677156040502,3.7465191250190304,log_f_Q|f_stab|log_FSA_grad_x|geodesic_curvature_compression|parallel_roughness_iqr_scaled|nfp|iota|shat|aspect|rho|aspect/rho|equilibrium_class_1|equilibrium_class_2|equilibrium_class_3|equilibrium_class_4,observed-comparison,4.0086886286735535,4.0086887278524435,1.7409513941740824,1.443882234840598,-0.6803446302956015,0.0
bad_curvature_compression,bad_curvature_compression:0201,86630,86434,20241122-01-QUASR/20241122-01-031_QUASR_finite_beta_equilibria_with_maxF_below_threshold_and_enough_iota_flux_tubes/QUASR_finiteBeta_000435.h5,20241122-01-QUASR/20241122-01-031_QUASR_finite_beta_equilibria_with_maxF_below_threshold_and_enough_iota_flux_tubes/QUASR_finiteBeta_000386.h5,1.7820683538558721,10.35200135733043,0.0,10.35200135733043,False,False,3.389677156040502,3.7465191250190304,log_f_Q|f_stab|log_FSA_grad_x|geodesic_curvature_compression|parallel_roughness_iqr_scaled|nfp|iota|shat|aspect|rho|aspect/rho|equilibrium_class_1|equilibrium_class_2|equilibrium_class_3|equilibrium_class_4,observed-comparison,3.2237642779946327,3.2237643756624164,1.400063079306469,1.5205080633244317,0.06479984179069032,0.0
bad_curvature_compression,bad_curvature_compression:0202,86246,71495,20241122-01-QUASR/20241122-01-031_QUASR_finite_beta_equilibria_with_maxF_below_threshold_and_enough_iota_flux_tubes/QUASR_finiteBeta_000338.h5,20241115-01-random_heliotrons/20241115-01-023_heliotrons_finiteBeta_randomAspect_randomNfpUpTo8_withTorsion_flux_tubes/heliotron_randomAspect_finiteBeta_maxm1_maxn1_LMN8_001907.h5,1.7826147275274065,10.673860112620092,0.010184911245707027,10.663675201374385,False,False,3.389677156040502,3.7465191250190304,log_f_Q|f_stab|log_FSA_grad_x|geodesic_curvature_compression|parallel_roughness_iqr_scaled|nfp|iota|shat|aspect|rho|aspect/rho|equilibrium_class_1|equilibrium_class_2|equilibrium_class_3|equilibrium_class_4,observed-comparison,4.011751770973206,4.011751688789936,1.7422816212075205,2.934566087943012,1.87267854917984,0.0
bad_curvature_compression,bad_curvature_compression:0203,70619,2532,20241115-01-random_heliotrons/20241115-01-023_heliotrons_finiteBeta_randomAspect_randomNfpUpTo8_withTorsion_flux_tubes/heliotron_randomAspect_finiteBeta_maxm1_maxn1_LMN8_001688.h5,20241103-01-random_equilibria_and_flux_tubes_random_aspect_ratio/20241103-01-062_generate_flux_tubes_nfp2/nfp2_randomAspect_finiteBeta_maxm4_maxn4_LMN8_000637.h5,1.8156449969890252,13.32129493724988,0.0,13.32129493724988,False,False,3.389677156040502,3.7465191250190304,log_f_Q|f_stab|log_FSA_grad_x|geodesic_curvature_compression|parallel_roughness_iqr_scaled|nfp|iota|shat|aspect|rho|aspect/rho|equilibrium_class_1|equilibrium_class_2|equilibrium_class_3|equilibrium_class_4,observed-comparison,4.352605581283569,4.352605488438208,1.8903125455305214,1.0133352656878132,1.627735357301109,0.0
bad_curvature_compression,bad_curvature_compression:0204,18555,61855,20241103-01-random_equilibria_and_flux_tubes_random_aspect_ratio/20241103-01-063_generate_flux_tubes_nfp3/nfp3_randomAspect_finiteBeta_maxm4_maxn4_LMN8_001462.h5,20241115-01-random_heliotrons/20241115-01-022_heliotrons_finiteBeta_randomAspect_randomNfpUpTo8_noTorsion_flux_tubes/heliotron_randomAspect_finiteBeta_maxm1_maxn1_LMN8_002695.h5,1.8277464555565657,12.453183752323321,0.09879520973457352,12.354388542588747,False,False,3.389677156040502,3.7465191250190304,log_f_Q|f_stab|log_FSA_grad_x|geodesic_curvature_compression|parallel_roughness_iqr_scaled|nfp|iota|shat|aspect|rho|aspect/rho|equilibrium_class_1|equilibrium_class_2|equilibrium_class_3|equilibrium_class_4,observed-comparison,1.9591249227523804,1.9591248737273137,0.8508371220191776,-0.44526366124416394,0.3386893306081227,0.0
bad_curvature_compression,bad_curvature_compression:0205,80512,32941,20241122-01-QUASR/20241122-01-030_QUASR_vacuum_equilibria_with_maxF_below_threshold_and_enough_iota_flux_tubes/QUASR_vacuum_000193.h5,20241103-01-random_equilibria_and_flux_tubes_random_aspect_ratio/20241103-01-064_generate_flux_tubes_nfp4/nfp4_randomAspect_finiteBeta_maxm4_maxn4_LMN8_001864.h5,1.8575886148373661,5.837824977601675,0.05623526250968025,5.781589715091995,False,False,3.389677156040502,3.7465191250190304,log_f_Q|f_stab|log_FSA_grad_x|geodesic_curvature_compression|parallel_roughness_iqr_scaled|nfp|iota|shat|aspect|rho|aspect/rho|equilibrium_class_1|equilibrium_class_2|equilibrium_class_3|equilibrium_class_4,observed-comparison,3.713381290435791,3.7133813500008706,1.612701029507826,1.1570982405567773,-2.9916118682088184,0.0
bad_curvature_compression,bad_curvature_compression:0206,89397,61107,20241122-01-QUASR/20241122-01-031_QUASR_finite_beta_equilibria_with_maxF_below_threshold_and_enough_iota_flux_tubes/QUASR_finiteBeta_001133.h5,20241115-01-random_heliotrons/20241115-01-022_heliotrons_finiteBeta_randomAspect_randomNfpUpTo8_noTorsion_flux_tubes/heliotron_randomAspect_finiteBeta_maxm1_maxn1_LMN8_002508.h5,1.9065700228601725,12.787334125197978,0.0,12.787334125197978,False,False,3.389677156040502,3.7465191250190304,log_f_Q|f_stab|log_FSA_grad_x|geodesic_curvature_compression|parallel_roughness_iqr_scaled|nfp|iota|shat|aspect|rho|aspect/rho|equilibrium_class_1|equilibrium_class_2|equilibrium_class_3|equilibrium_class_4,observed-comparison,3.918339967727661,3.9183400954277507,1.7017134816645334,0.4266815796411121,1.1296733038623605,0.0
bad_curvature_compression,bad_curvature_compression:0207,86286,64601,20241122-01-QUASR/20241122-01-031_QUASR_finite_beta_equilibria_with_maxF_below_threshold_and_enough_iota_flux_tubes/QUASR_finiteBeta_000348.h5,20241115-01-random_heliotrons/20241115-01-023_heliotrons_finiteBeta_randomAspect_randomNfpUpTo8_withTorsion_flux_tubes/heliotron_randomAspect_finiteBeta_maxm1_maxn1_LMN8_000182.h5,1.9103750229492513,24.23561592277417,0.005014230181259111,24.23060169259291,False,False,3.389677156040502,3.7465191250190304,log_f_Q|f_stab|log_FSA_grad_x|geodesic_curvature_compression|parallel_roughness_iqr_scaled|nfp|iota|shat|aspect|rho|aspect/rho|equilibrium_class_1|equilibrium_class_2|equilibrium_class_3|equilibrium_class_4,observed-comparison,5.581200838088989,5.581200999885989,2.4238847966433967,2.2405740929198377,4.9974514766080755,0.0
bad_curvature_compression,bad_curvature_compression:0208,83566,62518,20241122-01-QUASR/20241122-01-030_QUASR_vacuum_equilibria_with_maxF_below_threshold_and_enough_iota_flux_tubes/QUASR_vacuum_000346.h5,20241115-01-random_heliotrons/20241115-01-022_heliotrons_finiteBeta_randomAspect_randomNfpUpTo8_noTorsion_flux_tubes/heliotron_randomAspect_finiteBeta_maxm1_maxn1_LMN8_002861.h5,1.9119299878720646,9.623405154685644,0.0,9.623405154685644,False,False,3.389677156040502,3.7465191250190304,log_f_Q|f_stab|log_FSA_grad_x|geodesic_curvature_compression|parallel_roughness_iqr_scaled|nfp|iota|shat|aspect|rho|aspect/rho|equilibrium_class_1|equilibrium_class_2|equilibrium_class_3|equilibrium_class_4,observed-comparison,3.997264474630356,3.9972643691776537,1.7359898582423379,0.4529961105799881,0.7714628823060021,0.0
bad_curvature_compression,bad_curvature_compression:0209,84649,55189,20241122-01-QUASR/20241122-01-030_QUASR_vacuum_equilibria_with_maxF_below_threshold_and_enough_iota_flux_tubes/QUASR_vacuum_000400.h5,20241115-01-random_heliotrons/20241115-01-022_heliotrons_finiteBeta_randomAspect_randomNfpUpTo8_noTorsion_flux_tubes/heliotron_randomAspect_finiteBeta_maxm1_maxn1_LMN8_001028.h5,1.9357812196960917,5.276237104410112,0.022479403906340834,5.253757700503771,False,False,3.389677156040502,3.7465191250190304,log_f_Q|f_stab|log_FSA_grad_x|geodesic_curvature_compression|parallel_roughness_iqr_scaled|nfp|iota|shat|aspect|rho|aspect/rho|equilibrium_class_1|equilibrium_class_2|equilibrium_class_3|equilibrium_class_4,observed-comparison,3.3093630969524384,3.309363034993223,1.4372381047121547,1.1070632328442482,0.08295334899190765,0.0
bad_curvature_compression,bad_curvature_compression:0210,89334,69350,20241122-01-QUASR/20241122-01-031_QUASR_finite_beta_equilibria_with_maxF_below_threshold_and_enough_iota_flux_tubes/QUASR_finiteBeta_001117.h5,20241115-01-random_heliotrons/20241115-01-023_heliotrons_finiteBeta_randomAspect_randomNfpUpTo8_withTorsion_flux_tubes/heliotron_randomAspect_finiteBeta_maxm1_maxn1_LMN8_001370.h5,1.9574234127866503,8.812390533670914,0.0,8.812390533670914,False,False,3.389677156040502,3.7465191250190304,log_f_Q|f_stab|log_FSA_grad_x|geodesic_curvature_compression|parallel_roughness_iqr_scaled|nfp|iota|shat|aspect|rho|aspect/rho|equilibrium_class_1|equilibrium_class_2|equilibrium_class_3|equilibrium_class_4,observed-comparison,4.2184699177742,4.2184700216673,1.8320582524843996,1.4176011161200062,0.738249970289723,0.0
bad_curvature_compression,bad_curvature_compression:0211,94051,60614,20241122-01-QUASR/20241122-01-031_QUASR_finite_beta_equilibria_with_maxF_below_threshold_and_enough_iota_flux_tubes/QUASR_finiteBeta_002300.h5,20241115-01-random_heliotrons/20241115-01-022_heliotrons_finiteBeta_randomAspect_randomNfpUpTo8_noTorsion_flux_tubes/heliotron_randomAspect_finiteBeta_maxm1_maxn1_LMN8_002385.h5,1.9903124011103768,9.925350945284803,0.06912375954293526,9.856227185741869,False,False,3.389677156040502,3.7465191250190304,log_f_Q|f_stab|log_FSA_grad_x|geodesic_curvature_compression|parallel_roughness_iqr_scaled|nfp|iota|shat|aspect|rho|aspect/rho|equilibrium_class_1|equilibrium_class_2|equilibrium_class_3|equilibrium_class_4,observed-comparison,4.942808151245117,4.942808206266036,2.1466343290874494,4.1339133063003155,-0.16463862916366412,0.0
bad_curvature_compression,bad_curvature_compression:0212,93939,57081,20241122-01-QUASR/20241122-01-031_QUASR_finite_beta_equilibria_with_maxF_below_threshold_and_enough_iota_flux_tubes/QUASR_finiteBeta_002272.h5,20241115-01-random_heliotrons/20241115-01-022_heliotrons_finiteBeta_randomAspect_randomNfpUpTo8_noTorsion_flux_tubes/heliotron_randomAspect_finiteBeta_maxm1_maxn1_LMN8_001501.h5,1.991240866014463,8.603015794124858,0.0,8.603015794124858,False,False,3.389677156040502,3.7465191250190304,log_f_Q|f_stab|log_FSA_grad_x|geodesic_curvature_compression|parallel_roughness_iqr_scaled|nfp|iota|shat|aspect|rho|aspect/rho|equilibrium_class_1|equilibrium_class_2|equilibrium_class_3|equilibrium_class_4,observed-comparison,3.8101766109466553,3.810176638290495,1.6547386890862443,0.9161592551139615,-0.9972008518566986,0.0
bad_curvature_compression,bad_curvature_compression:0213,89492,67120,20241122-01-QUASR/20241122-01-031_QUASR_finite_beta_equilibria_with_maxF_below_threshold_and_enough_iota_flux_tubes/QUASR_finiteBeta_001156.h5,20241115-01-random_heliotrons/20241115-01-023_heliotrons_finiteBeta_randomAspect_randomNfpUpTo8_withTorsion_flux_tubes/heliotron_randomAspect_finiteBeta_maxm1_maxn1_LMN8_000812.h5,1.9931158838641219,10.177771836093253,0.029030435267734897,10.148741400825518,False,False,3.389677156040502,3.7465191250190304,log_f_Q|f_stab|log_FSA_grad_x|geodesic_curvature_compression|parallel_roughness_iqr_scaled|nfp|iota|shat|aspect|rho|aspect/rho|equilibrium_class_1|equilibrium_class_2|equilibrium_class_3|equilibrium_class_4,observed-comparison,4.841445803642273,4.841445847925659,2.1026132161875237,1.5719843063166286,0.8158991421727937,0.0
bad_curvature_compression,bad_curvature_compression:0214,89169,7442,20241122-01-QUASR/20241122-01-031_QUASR_finite_beta_equilibria_with_maxF_below_threshold_and_enough_iota_flux_tubes/QUASR_finiteBeta_001076.h5,20241103-01-random_equilibria_and_flux_tubes_random_aspect_ratio/20241103-01-062_generate_flux_tubes_nfp2/nfp2_randomAspect_finiteBeta_maxm4_maxn4_LMN8_001871.h5,1.9988624365911796,6.756692347298475,0.0,6.756692347298475,False,False,3.389677156040502,3.7465191250190304,log_f_Q|f_stab|log_FSA_grad_x|geodesic_curvature_compression|parallel_roughness_iqr_scaled|nfp|iota|shat|aspect|rho|aspect/rho|equilibrium_class_1|equilibrium_class_2|equilibrium_class_3|equilibrium_class_4,observed-comparison,4.5198692083358765,4.519869188939318,1.9629542476808723,1.625559178261744,0.9394168283185877,0.0
geodesic_curvature_compression,geodesic_curvature_compression:0000,72836,71517,20241115-01-random_heliotrons/20241115-01-023_heliotrons_finiteBeta_randomAspect_randomNfpUpTo8_withTorsion_flux_tubes/heliotron_randomAspect_finiteBeta_maxm1_maxn1_LMN8_002243.h5,20241115-01-random_heliotrons/20241115-01-023_heliotrons_finiteBeta_randomAspect_randomNfpUpTo8_withTorsion_flux_tubes/heliotron_randomAspect_finiteBeta_maxm1_maxn1_LMN8_001913.h5,0.23207220578821575,0.3637448316984542,0.1566069144300555,0.20713791726839867,False,False,1.206343433131149,1.068121850701722,log_f_Q|f_stab|log_FSA_grad_x|bad_curvature_compression|parallel_roughness_iqr_scaled|nfp|iota|shat|aspect|rho|aspect/rho|equilibrium_class_1|equilibrium_class_2|equilibrium_class_3|equilibrium_class_4,observed-comparison,0.2268199920654297,0.22681989224309063,0.09850662758706441,0.7259360931658367,-2.9249210365835694,0.0
geodesic_curvature_compression,geodesic_curvature_compression:0001,15374,21138,20241103-01-random_equilibria_and_flux_tubes_random_aspect_ratio/20241103-01-063_generate_flux_tubes_nfp3/nfp3_randomAspect_finiteBeta_maxm4_maxn4_LMN8_000665.h5,20241103-01-random_equilibria_and_flux_tubes_random_aspect_ratio/20241103-01-063_generate_flux_tubes_nfp3/nfp3_randomAspect_finiteBeta_maxm4_maxn4_LMN8_002110.h5,0.24419886985673991,0.32724586673101236,0.15978592192049415,0.1674599448105182,False,False,1.206343433131149,1.068121850701722,log_f_Q|f_stab|log_FSA_grad_x|bad_curvature_compression|parallel_roughness_iqr_scaled|nfp|iota|shat|aspect|rho|aspect/rho|equilibrium_class_1|equilibrium_class_2|equilibrium_class_3|equilibrium_class_4,observed-comparison,0.8523765802383423,0.8523765363130802,0.37018242622457753,-0.057569224449192546,0.8463221158769221,0.0
geodesic_curvature_compression,geodesic_curvature_compression:0002,64338,66034,20241115-01-random_heliotrons/20241115-01-023_heliotrons_finiteBeta_randomAspect_randomNfpUpTo8_withTorsion_flux_tubes/heliotron_randomAspect_finiteBeta_maxm1_maxn1_LMN8_000117.h5,20241115-01-random_heliotrons/20241115-01-023_heliotrons_finiteBeta_randomAspect_randomNfpUpTo8_withTorsion_flux_tubes/heliotron_randomAspect_finiteBeta_maxm1_maxn1_LMN8_000541.h5,0.24923062570479382,0.35143367256390884,0.09498614388892725,0.2564475286749816,False,False,1.206343433131149,1.068121850701722,log_f_Q|f_stab|log_FSA_grad_x|bad_curvature_compression|parallel_roughness_iqr_scaled|nfp|iota|shat|aspect|rho|aspect/rho|equilibrium_class_1|equilibrium_class_2|equilibrium_class_3|equilibrium_class_4,observed-comparison,0.21234798431396484,0.21234808352324874,0.0922216009168777,0.3011981702199077,-1.785863107817221,0.0
geodesic_curvature_compression,geodesic_curvature_compression:0003,8619,21896,20241103-01-random_equilibria_and_flux_tubes_random_aspect_ratio/20241103-01-062_generate_flux_tubes_nfp2/nfp2_randomAspect_finiteBeta_maxm4_maxn4_LMN8_002167.h5,20241103-01-random_equilibria_and_flux_tubes_random_aspect_ratio/20241103-01-063_generate_flux_tubes_nfp3/nfp3_randomAspect_finiteBeta_maxm4_maxn4_LMN8_002300.h5,0.2922607765894076,0.379984879025481,0.15514298681575034,0.22484189220973066,False,False,1.206343433131149,1.068121850701722,log_f_Q|f_stab|log_FSA_grad_x|bad_curvature_compression|parallel_roughness_iqr_scaled|nfp|iota|shat|aspect|rho|aspect/rho|equilibrium_class_1|equilibrium_class_2|equilibrium_class_3|equilibrium_class_4,observed-comparison,0.9462759494781494,0.9462760421422618,0.41096246345963316,0.992714796108649,0.22164170457890808,0.0
geodesic_curvature_compression,geodesic_curvature_compression:0004,69693,66839,20241115-01-random_heliotrons/20241115-01-023_heliotrons_finiteBeta_randomAspect_randomNfpUpTo8_withTorsion_flux_tubes/heliotron_randomAspect_finiteBeta_maxm1_maxn1_LMN8_001456.h5,20241115-01-random_heliotrons/20241115-01-023_heliotrons_finiteBeta_randomAspect_randomNfpUpTo8_withTorsion_flux_tubes/heliotron_randomAspect_finiteBeta_maxm1_maxn1_LMN8_000742.h5,0.30939892642038497,0.43376697035059664,0.1344528260169212,0.2993141443336754,False,False,1.206343433131149,1.068121850701722,log_f_Q|f_stab|log_FSA_grad_x|bad_curvature_compression|parallel_roughness_iqr_scaled|nfp|iota|shat|aspect|rho|aspect/rho|equilibrium_class_1|equilibrium_class_2|equilibrium_class_3|equilibrium_class_4,observed-comparison,0.26791858673095703,0.2679185921975491,0.11635556619068321,-0.38721948136492257,0.653247154931031,0.0
geodesic_curvature_compression,geodesic_curvature_compression:0005,66944,69834,20241115-01-random_heliotrons/20241115-01-023_heliotrons_finiteBeta_randomAspect_randomNfpUpTo8_withTorsion_flux_tubes/heliotron_randomAspect_finiteBeta_maxm1_maxn1_LMN8_000768.h5,20241115-01-random_heliotrons/20241115-01-023_heliotrons_finiteBeta_randomAspect_randomNfpUpTo8_withTorsion_flux_tubes/heliotron_randomAspect_finiteBeta_maxm1_maxn1_LMN8_001491.h5,0.31134623644508735,0.32746325751767985,0.14640891843329687,0.18105433908438298,False,False,1.206343433131149,1.068121850701722,log_f_Q|f_stab|log_FSA_grad_x|bad_curvature_compression|parallel_roughness_iqr_scaled|nfp|iota|shat|aspect|rho|aspect/rho|equilibrium_class_1|equilibrium_class_2|equilibrium_class_3|equilibrium_class_4,observed-comparison,0.2941873073577881,0.29418717964409846,0.12776386876611256,-0.6996357726131877,-0.08238267814023548,0.0
geodesic_curvature_compression,geodesic_curvature_compression:0006,72073,70463,20241115-01-random_heliotrons/20241115-01-023_heliotrons_finiteBeta_randomAspect_randomNfpUpTo8_withTorsion_flux_tubes/heliotron_randomAspect_finiteBeta_maxm1_maxn1_LMN8_002052.h5,20241115-01-random_heliotrons/20241115-01-023_heliotrons_finiteBeta_randomAspect_randomNfpUpTo8_withTorsion_flux_tubes/heliotron_randomAspect_finiteBeta_maxm1_maxn1_LMN8_001649.h5,0.3162371336273036,0.32666511493290445,0.1490251807554501,0.17763993417745436,False,False,1.206343433131149,1.068121850701722,log_f_Q|f_stab|log_FSA_grad_x|bad_curvature_compression|parallel_roughness_iqr_scaled|nfp|iota|shat|aspect|rho|aspect/rho|equilibrium_class_1|equilibrium_class_2|equilibrium_class_3|equilibrium_class_4,observed-comparison,0.5557727813720703,0.5557728963934876,0.24136910209507934,0.10972551338455216,0.004817033862340558,0.0
geodesic_curvature_compression,geodesic_curvature_compression:0007,75312,67136,20241115-01-random_heliotrons/20241115-01-023_heliotrons_finiteBeta_randomAspect_randomNfpUpTo8_withTorsion_flux_tubes/heliotron_randomAspect_finiteBeta_maxm1_maxn1_LMN8_002862.h5,20241115-01-random_heliotrons/20241115-01-023_heliotrons_finiteBeta_randomAspect_randomNfpUpTo8_withTorsion_flux_tubes/heliotron_randomAspect_finiteBeta_maxm1_maxn1_LMN8_000816.h5,0.3357994684243314,0.33826265469024436,0.13289437356464334,0.20536828112560102,False,False,1.206343433131149,1.068121850701722,log_f_Q|f_stab|log_FSA_grad_x|bad_curvature_compression|parallel_roughness_iqr_scaled|nfp|iota|shat|aspect|rho|aspect/rho|equilibrium_class_1|equilibrium_class_2|equilibrium_class_3|equilibrium_class_4,observed-comparison,0.14273488521575928,0.14273486055031803,0.061988962312233165,1.1797643086565812,-1.3446525338831825,0.0
geodesic_curvature_compression,geodesic_curvature_compression:0008,76600,70418,20241115-01-random_heliotrons/20241115-01-023_heliotrons_finiteBeta_randomAspect_randomNfpUpTo8_withTorsion_flux_tubes/heliotron_randomAspect_finiteBeta_maxm1_maxn1_LMN8_003184.h5,20241115-01-random_heliotrons/20241115-01-023_heliotrons_finiteBeta_randomAspect_randomNfpUpTo8_withTorsion_flux_tubes/heliotron_randomAspect_finiteBeta_maxm1_maxn1_LMN8_001637.h5,0.34342898247822934,0.3471120519326836,0.16230105983579998,0.1848109920968836,False,False,1.206343433131149,1.068121850701722,log_f_Q|f_stab|log_FSA_grad_x|bad_curvature_compression|parallel_roughness_iqr_scaled|nfp|iota|shat|aspect|rho|aspect/rho|equilibrium_class_1|equilibrium_class_2|equilibrium_class_3|equilibrium_class_4,observed-comparison,0.47967350482940674,0.47967352352892867,0.20831956438370347,0.21700692758237938,-0.8547596762922176,0.0
geodesic_curvature_compression,geodesic_curvature_compression:0009,95041,88368,20241122-01-QUASR/20241122-01-031_QUASR_finite_beta_equilibria_with_maxF_below_threshold_and_enough_iota_flux_tubes/QUASR_finiteBeta_002548.h5,20241122-01-QUASR/20241122-01-031_QUASR_finite_beta_equilibria_with_maxF_below_threshold_and_enough_iota_flux_tubes/QUASR_finiteBeta_000875.h5,0.35229560111026154,0.3339897450212206,0.1552113589755133,0.17877838604570728,False,False,1.206343433131149,1.068121850701722,log_f_Q|f_stab|log_FSA_grad_x|bad_curvature_compression|parallel_roughness_iqr_scaled|nfp|iota|shat|aspect|rho|aspect/rho|equilibrium_class_1|equilibrium_class_2|equilibrium_class_3|equilibrium_class_4,observed-comparison,-1.3793082237243652,-1.3793082272978818,-0.5990259519592263,1.1427902296682122,-5.307753756276568,0.0
geodesic_curvature_compression,geodesic_curvature_compression:0010,67908,66425,20241115-01-random_heliotrons/20241115-01-023_heliotrons_finiteBeta_randomAspect_randomNfpUpTo8_withTorsion_flux_tubes/heliotron_randomAspect_finiteBeta_maxm1_maxn1_LMN8_001010.h5,20241115-01-random_heliotrons/20241115-01-023_heliotrons_finiteBeta_randomAspect_randomNfpUpTo8_withTorsion_flux_tubes/heliotron_randomAspect_finiteBeta_maxm1_maxn1_LMN8_000638.h5,0.35755232659998115,0.4065443791861032,0.12239653356645674,0.28414784561964646,False,False,1.206343433131149,1.068121850701722,log_f_Q|f_stab|log_FSA_grad_x|bad_curvature_compression|parallel_roughness_iqr_scaled|nfp|iota|shat|aspect|rho|aspect/rho|equilibrium_class_1|equilibrium_class_2|equilibrium_class_3|equilibrium_class_4,observed-comparison,0.22782421112060547,0.22782429165386464,0.09894283270879045,0.3918508710977934,0.5632176465923484,0.0
geodesic_curvature_compression,geodesic_curvature_compression:0011,67945,76085,20241115-01-random_heliotrons/20241115-01-023_heliotrons_finiteBeta_randomAspect_randomNfpUpTo8_withTorsion_flux_tubes/heliotron_randomAspect_finiteBeta_maxm1_maxn1_LMN8_001019.h5,20241115-01-random_heliotrons/20241115-01-023_heliotrons_finiteBeta_randomAspect_randomNfpUpTo8_withTorsion_flux_tubes/heliotron_randomAspect_finiteBeta_maxm1_maxn1_LMN8_003055.h5,0.36093279765561204,0.35922602385392094,0.14538429432771174,0.2138417295262092,False,False,1.206343433131149,1.068121850701722,log_f_Q|f_stab|log_FSA_grad_x|bad_curvature_compression|parallel_roughness_iqr_scaled|nfp|iota|shat|aspect|rho|aspect/rho|equilibrium_class_1|equilibrium_class_2|equilibrium_class_3|equilibrium_class_4,observed-comparison,0.31141209602355957,0.3114121689635132,0.1352445865783769,-0.23432748085514743,-0.21428577669799198,0.0
geodesic_curvature_compression,geodesic_curvature_compression:0012,96087,92133,20241122-01-QUASR/20241122-01-031_QUASR_finite_beta_equilibria_with_maxF_below_threshold_and_enough_iota_flux_tubes/QUASR_finiteBeta_002809.h5,20241122-01-QUASR/20241122-01-031_QUASR_finite_beta_equilibria_with_maxF_below_threshold_and_enough_iota_flux_tubes/QUASR_finiteBeta_001820.h5,0.36238224195792074,0.3318855644474574,0.1311691468349063,0.20071641761255113,False,False,1.206343433131149,1.068121850701722,log_f_Q|f_stab|log_FSA_grad_x|bad_curvature_compression|parallel_roughness_iqr_scaled|nfp|iota|shat|aspect|rho|aspect/rho|equilibrium_class_1|equilibrium_class_2|equilibrium_class_3|equilibrium_class_4,observed-comparison,0.9269063472747803,0.9269063690584007,0.4025503213230426,0.7366857897225023,-0.13400799831195376,0.0
geodesic_curvature_compression,geodesic_curvature_compression:0013,10738,33758,20241103-01-random_equilibria_and_flux_tubes_random_aspect_ratio/20241103-01-062_generate_flux_tubes_nfp2/nfp2_randomAspect_finiteBeta_maxm4_maxn4_LMN8_002701.h5,20241103-01-random_equilibria_and_flux_tubes_random_aspect_ratio/20241103-01-064_generate_flux_tubes_nfp4/nfp4_randomAspect_finiteBeta_maxm4_maxn4_LMN8_002068.h5,0.36403930954588787,0.3425781998675652,0.11831894030633043,0.22425925956123477,False,False,1.206343433131149,1.068121850701722,log_f_Q|f_stab|log_FSA_grad_x|bad_curvature_compression|parallel_roughness_iqr_scaled|nfp|iota|shat|aspect|rho|aspect/rho|equilibrium_class_1|equilibrium_class_2|equilibrium_class_3|equilibrium_class_4,observed-comparison,0.700286865234375,0.7002869396081399,0.30413075362073105,0.900065233810083,-2.142716241403048,0.0
geodesic_curvature_compression,geodesic_curvature_compression:0014,97857,93190,20241122-01-QUASR/20241122-01-031_QUASR_finite_beta_equilibria_with_maxF_below_threshold_and_enough_iota_flux_tubes/QUASR_finiteBeta_003252.h5,20241122-01-QUASR/20241122-01-031_QUASR_finite_beta_equilibria_with_maxF_below_threshold_and_enough_iota_flux_tubes/QUASR_finiteBeta_002085.h5,0.3652203734992317,0.39527462974952393,0.1411672972798079,0.25410733246971606,False,False,1.206343433131149,1.068121850701722,log_f_Q|f_stab|log_FSA_grad_x|bad_curvature_compression|parallel_roughness_iqr_scaled|nfp|iota|shat|aspect|rho|aspect/rho|equilibrium_class_1|equilibrium_class_2|equilibrium_class_3|equilibrium_class_4,observed-comparison,0.9785325527191162,0.9785324630520658,0.4249712490667098,0.6101951618722226,-0.07799388168988175,0.0
geodesic_curvature_compression,geodesic_curvature_compression:0015,44506,37567,20241103-01-random_equilibria_and_flux_tubes_random_aspect_ratio/20241103-01-065_generate_flux_tubes_nfp5/nfp5_randomAspect_finiteBeta_maxm4_maxn4_LMN8_001557.h5,20241103-01-random_equilibria_and_flux_tubes_random_aspect_ratio/20241103-01-064_generate_flux_tubes_nfp4/nfp4_randomAspect_finiteBeta_maxm4_maxn4_LMN8_003021.h5,0.37088159787353825,0.34646871676496377,0.1584320814489961,0.18803663531596768,False,False,1.206343433131149,1.068121850701722,log_f_Q|f_stab|log_FSA_grad_x|bad_curvature_compression|parallel_roughness_iqr_scaled|nfp|iota|shat|aspect|rho|aspect/rho|equilibrium_class_1|equilibrium_class_2|equilibrium_class_3|equilibrium_class_4,observed-comparison,0.25745415687561035,0.2574540152415592,0.11181085816324488,0.7054421008285341,-1.4115459243837,0.0
geodesic_curvature_compression,geodesic_curvature_compression:0016,11091,21328,20241103-01-random_equilibria_and_flux_tubes_random_aspect_ratio/20241103-01-062_generate_flux_tubes_nfp2/nfp2_randomAspect_finiteBeta_maxm4_maxn4_LMN8_002790.h5,20241103-01-random_equilibria_and_flux_tubes_random_aspect_ratio/20241103-01-063_generate_flux_tubes_nfp3/nfp3_randomAspect_finiteBeta_maxm4_maxn4_LMN8_002158.h5,0.37338969338985584,0.3733976650945592,0.16342545241497888,0.2099722126795803,False,False,1.206343433131149,1.068121850701722,log_f_Q|f_stab|log_FSA_grad_x|bad_curvature_compression|parallel_roughness_iqr_scaled|nfp|iota|shat|aspect|rho|aspect/rho|equilibrium_class_1|equilibrium_class_2|equilibrium_class_3|equilibrium_class_4,observed-comparison,0.5420420169830322,0.5420420320248307,0.23540586346800985,0.6435338875104678,-0.6270192791639784,0.0
geodesic_curvature_compression,geodesic_curvature_compression:0017,62461,37048,20241115-01-random_heliotrons/20241115-01-022_heliotrons_finiteBeta_randomAspect_randomNfpUpTo8_noTorsion_flux_tubes/heliotron_randomAspect_finiteBeta_maxm1_maxn1_LMN8_002847.h5,20241103-01-random_equilibria_and_flux_tubes_random_aspect_ratio/20241103-01-064_generate_flux_tubes_nfp4/nfp4_randomAspect_finiteBeta_maxm4_maxn4_LMN8_002891.h5,0.3768880441199333,0.46359927226648256,0.11938432817601523,0.3442149440904673,False,False,1.206343433131149,1.068121850701722,log_f_Q|f_stab|log_FSA_grad_x|bad_curvature_compression|parallel_roughness_iqr_scaled|nfp|iota|shat|aspect|rho|aspect/rho|equilibrium_class_1|equilibrium_class_2|equilibrium_class_3|equilibrium_class_4,observed-comparison,-0.3606984615325928,-0.3606984795959214,-0.15664935931940116,-1.4565883712419276,-3.530533251365969,0.0
geodesic_curvature_compression,geodesic_curvature_compression:0018,74281,74930,20241115-01-random_heliotrons/20241115-01-023_heliotrons_finiteBeta_randomAspect_randomNfpUpTo8_withTorsion_flux_tubes/heliotron_randomAspect_finiteBeta_maxm1_maxn1_LMN8_002604.h5,20241115-01-random_heliotrons/20241115-01-023_heliotrons_finiteBeta_randomAspect_randomNfpUpTo8_withTorsion_flux_tubes/heliotron_randomAspect_finiteBeta_maxm1_maxn1_LMN8_002766.h5,0.39395396113674297,0.4058699575156041,0.1249314151102558,0.2809385424053483,False,False,1.206343433131149,1.068121850701722,log_f_Q|f_stab|log_FSA_grad_x|bad_curvature_compression|parallel_roughness_iqr_scaled|nfp|iota|shat|aspect|rho|aspect/rho|equilibrium_class_1|equilibrium_class_2|equilibrium_class_3|equilibrium_class_4,observed-comparison,0.24667692184448242,0.2466767720503964,0.10713036091519357,-0.07497801242182003,0.4592450000976185,0.0
geodesic_curvature_compression,geodesic_curvature_compression:0019,95052,91816,20241122-01-QUASR/20241122-01-031_QUASR_finite_beta_equilibria_with_maxF_below_threshold_and_enough_iota_flux_tubes/QUASR_finiteBeta_002550.h5,20241122-01-QUASR/20241122-01-031_QUASR_finite_beta_equilibria_with_maxF_below_threshold_and_enough_iota_flux_tubes/QUASR_finiteBeta_001741.h5,0.3978771470248911,0.37003824491322196,0.12619113011148744,0.24384711480173452,False,False,1.206343433131149,1.068121850701722,log_f_Q|f_stab|log_FSA_grad_x|bad_curvature_compression|parallel_roughness_iqr_scaled|nfp|iota|shat|aspect|rho|aspect/rho|equilibrium_class_1|equilibrium_class_2|equilibrium_class_3|equilibrium_class_4,observed-comparison,1.6558308601379395,1.6558309285306567,0.719118235225602,1.6956799167678112,0.0681491213612262,0.0
geodesic_curvature_compression,geodesic_curvature_compression:0020,92753,89145,20241122-01-QUASR/20241122-01-031_QUASR_finite_beta_equilibria_with_maxF_below_threshold_and_enough_iota_flux_tubes/QUASR_finiteBeta_001975.h5,20241122-01-QUASR/20241122-01-031_QUASR_finite_beta_equilibria_with_maxF_below_threshold_and_enough_iota_flux_tubes/QUASR_finiteBeta_001070.h5,0.3995631858838438,0.3387590975852137,0.12723476366979367,0.21152433391542005,False,False,1.206343433131149,1.068121850701722,log_f_Q|f_stab|log_FSA_grad_x|bad_curvature_compression|parallel_roughness_iqr_scaled|nfp|iota|shat|aspect|rho|aspect/rho|equilibrium_class_1|equilibrium_class_2|equilibrium_class_3|equilibrium_class_4,observed-comparison,-0.3930330276489258,-0.3930330068679737,-0.170692066088604,-0.12224865864802714,0.4133922654199891,0.0
geodesic_curvature_compression,geodesic_curvature_compression:0021,97622,94259,20241122-01-QUASR/20241122-01-031_QUASR_finite_beta_equilibria_with_maxF_below_threshold_and_enough_iota_flux_tubes/QUASR_finiteBeta_003193.h5,20241122-01-QUASR/20241122-01-031_QUASR_finite_beta_equilibria_with_maxF_below_threshold_and_enough_iota_flux_tubes/QUASR_finiteBeta_002352.h5,0.40278476170163485,0.350186507722227,0.09580238000611453,0.25438412771611246,False,False,1.206343433131149,1.068121850701722,log_f_Q|f_stab|log_FSA_grad_x|bad_curvature_compression|parallel_roughness_iqr_scaled|nfp|iota|shat|aspect|rho|aspect/rho|equilibrium_class_1|equilibrium_class_2|equilibrium_class_3|equilibrium_class_4,observed-comparison,1.1932590007781982,1.1932590926160358,0.5182258394040258,0.7303332515329846,-0.5196325825220254,0.0
geodesic_curvature_compression,geodesic_curvature_compression:0022,62995,13767,20241115-01-random_heliotrons/20241115-01-022_heliotrons_finiteBeta_randomAspect_randomNfpUpTo8_noTorsion_flux_tubes/heliotron_randomAspect_finiteBeta_maxm1_maxn1_LMN8_002981.h5,20241103-01-random_equilibria_and_flux_tubes_random_aspect_ratio/20241103-01-063_generate_flux_tubes_nfp3/nfp3_randomAspect_finiteBeta_maxm4_maxn4_LMN8_000262.h5,0.40559326298172776,0.35852178870239354,0.14954972352406948,0.20897206517832406,False,False,1.206343433131149,1.068121850701722,log_f_Q|f_stab|log_FSA_grad_x|bad_curvature_compression|parallel_roughness_iqr_scaled|nfp|iota|shat|aspect|rho|aspect/rho|equilibrium_class_1|equilibrium_class_2|equilibrium_class_3|equilibrium_class_4,observed-comparison,0.3292965888977051,0.32929647042324506,0.14301164001503253,-0.49226545791301246,-2.8105859684811914,0.0
geodesic_curvature_compression,geodesic_curvature_compression:0023,68150,47353,20241115-01-random_heliotrons/20241115-01-023_heliotrons_finiteBeta_randomAspect_randomNfpUpTo8_withTorsion_flux_tubes/heliotron_randomAspect_finiteBeta_maxm1_maxn1_LMN8_001070.h5,20241103-01-random_equilibria_and_flux_tubes_random_aspect_ratio/20241103-01-065_generate_flux_tubes_nfp5/nfp5_randomAspect_finiteBeta_maxm4_maxn4_LMN8_002269.h5,0.41162567595403976,0.3725269066008468,0.14265822360224586,0.22986868299860094,False,False,1.206343433131149,1.068121850701722,log_f_Q|f_stab|log_FSA_grad_x|bad_curvature_compression|parallel_roughness_iqr_scaled|nfp|iota|shat|aspect|rho|aspect/rho|equilibrium_class_1|equilibrium_class_2|equilibrium_class_3|equilibrium_class_4,observed-comparison,0.46031200885772705,0.46031193241658275,0.19991093220274436,0.6465778286521799,-2.8209607422681,0.0
geodesic_curvature_compression,geodesic_curvature_compression:0024,16897,20323,20241103-01-random_equilibria_and_flux_tubes_random_aspect_ratio/20241103-01-063_generate_flux_tubes_nfp3/nfp3_randomAspect_finiteBeta_maxm4_maxn4_LMN8_001047.h5,20241103-01-random_equilibria_and_flux_tubes_random_aspect_ratio/20241103-01-063_generate_flux_tubes_nfp3/nfp3_randomAspect_finiteBeta_maxm4_maxn4_LMN8_001906.h5,0.4119185382730815,0.33431335685587665,0.1403548863921741,0.19395847046370254,False,False,1.206343433131149,1.068121850701722,log_f_Q|f_stab|log_FSA_grad_x|bad_curvature_compression|parallel_roughness_iqr_scaled|nfp|iota|shat|aspect|rho|aspect/rho|equilibrium_class_1|equilibrium_class_2|equilibrium_class_3|equilibrium_class_4,observed-comparison,0.034938812255859375,0.03493875096807786,0.01517370675002816,-0.03182740677113971,-3.039856854600918,0.0
geodesic_curvature_compression,geodesic_curvature_compression:0025,64988,66546,20241115-01-random_heliotrons/20241115-01-023_heliotrons_finiteBeta_randomAspect_randomNfpUpTo8_withTorsion_flux_tubes/heliotron_randomAspect_finiteBeta_maxm1_maxn1_LMN8_000279.h5,20241115-01-random_heliotrons/20241115-01-023_heliotrons_finiteBeta_randomAspect_randomNfpUpTo8_withTorsion_flux_tubes/heliotron_randomAspect_finiteBeta_maxm1_maxn1_LMN8_000669.h5,0.41370072649386996,0.34718870876716706,0.09437131589244098,0.2528173928747261,False,False,1.206343433131149,1.068121850701722,log_f_Q|f_stab|log_FSA_grad_x|bad_curvature_compression|parallel_roughness_iqr_scaled|nfp|iota|shat|aspect|rho|aspect/rho|equilibrium_class_1|equilibrium_class_2|equilibrium_class_3|equilibrium_class_4,observed-comparison,0.9770917892456055,0.9770915672989027,0.4243454759921135,0.11787568701985462,-1.4129246599340282,0.0
geodesic_curvature_compression,geodesic_curvature_compression:0026,96367,92350,20241122-01-QUASR/20241122-01-031_QUASR_finite_beta_equilibria_with_maxF_below_threshold_and_enough_iota_flux_tubes/QUASR_finiteBeta_002879.h5,20241122-01-QUASR/20241122-01-031_QUASR_finite_beta_equilibria_with_maxF_below_threshold_and_enough_iota_flux_tubes/QUASR_finiteBeta_001875.h5,0.41433633174691376,0.33532615131945903,0.1544155463922899,0.18091060492716912,False,False,1.206343433131149,1.068121850701722,log_f_Q|f_stab|log_FSA_grad_x|bad_curvature_compression|parallel_roughness_iqr_scaled|nfp|iota|shat|aspect|rho|aspect/rho|equilibrium_class_1|equilibrium_class_2|equilibrium_class_3|equilibrium_class_4,observed-comparison,0.7999677658081055,0.7999677095245814,0.3474215619473091,0.5512015554754566,0.15440513544827872,0.0
geodesic_curvature_compression,geodesic_curvature_compression:0027,70627,76070,20241115-01-random_heliotrons/20241115-01-023_heliotrons_finiteBeta_randomAspect_randomNfpUpTo8_withTorsion_flux_tubes/heliotron_randomAspect_finiteBeta_maxm1_maxn1_LMN8_001690.h5,20241115-01-random_heliotrons/20241115-01-023_heliotrons_finiteBeta_randomAspect_randomNfpUpTo8_withTorsion_flux_tubes/heliotron_randomAspect_finiteBeta_maxm1_maxn1_LMN8_003052.h5,0.4151845501431075,0.33520208680611674,0.1464845469963952,0.18871753980972153,False,False,1.206343433131149,1.068121850701722,log_f_Q|f_stab|log_FSA_grad_x|bad_curvature_compression|parallel_roughness_iqr_scaled|nfp|iota|shat|aspect|rho|aspect/rho|equilibrium_class_1|equilibrium_class_2|equilibrium_class_3|equilibrium_class_4,observed-comparison,0.021955013275146484,0.021954993087524244,0.00953493234813585,0.2601656890395063,-0.25024373052063664,0.0
geodesic_curvature_compression,geodesic_curvature_compression:0028,37205,20029,20241103-01-random_equilibria_and_flux_tubes_random_aspect_ratio/20241103-01-064_generate_flux_tubes_nfp4/nfp4_randomAspect_finiteBeta_maxm4_maxn4_LMN8_002931.h5,20241103-01-random_equilibria_and_flux_tubes_random_aspect_ratio/20241103-01-063_generate_flux_tubes_nfp3/nfp3_randomAspect_finiteBeta_maxm4_maxn4_LMN8_001832.h5,0.4201053901298237,0.36389433006671207,0.1488076566494646,0.21508667341724746,False,False,1.206343433131149,1.068121850701722,log_f_Q|f_stab|log_FSA_grad_x|bad_curvature_compression|parallel_roughness_iqr_scaled|nfp|iota|shat|aspect|rho|aspect/rho|equilibrium_class_1|equilibrium_class_2|equilibrium_class_3|equilibrium_class_4,observed-comparison,0.38611316680908203,0.38611326364263654,0.16768685978965236,-0.25911044988141474,1.7534685872490101,0.0
geodesic_curvature_compression,geodesic_curvature_compression:0029,24561,26411,20241103-01-random_equilibria_and_flux_tubes_random_aspect_ratio/20241103-01-063_generate_flux_tubes_nfp3/nfp3_randomAspect_finiteBeta_maxm4_maxn4_LMN8_002967.h5,20241103-01-random_equilibria_and_flux_tubes_random_aspect_ratio/20241103-01-064_generate_flux_tubes_nfp4/nfp4_randomAspect_finiteBeta_maxm4_maxn4_LMN8_000230.h5,0.42505956566885295,0.36562427446532847,0.1236838178855854,0.24194045657974306,False,False,1.206343433131149,1.068121850701722,log_f_Q|f_stab|log_FSA_grad_x|bad_curvature_compression|parallel_roughness_iqr_scaled|nfp|iota|shat|aspect|rho|aspect/rho|equilibrium_class_1|equilibrium_class_2|equilibrium_class_3|equilibrium_class_4,observed-comparison,0.8550946712493896,0.8550947455912961,0.3713629295147649,0.686242925184747,-2.939554950817085,0.0
geodesic_curvature_compression,geodesic_curvature_compression:0030,76692,77333,20241122-01-QUASR/20241122-01-030_QUASR_vacuum_equilibria_with_maxF_below_threshold_and_enough_iota_flux_tubes/QUASR_vacuum_000001.h5,20241122-01-QUASR/20241122-01-030_QUASR_vacuum_equilibria_with_maxF_below_threshold_and_enough_iota_flux_tubes/QUASR_vacuum_000033.h5,0.42537822736506525,0.37066544786805267,0.15745517949025786,0.2132102683777948,False,False,1.206343433131149,1.068121850701722,log_f_Q|f_stab|log_FSA_grad_x|bad_curvature_compression|parallel_roughness_iqr_scaled|nfp|iota|shat|aspect|rho|aspect/rho|equilibrium_class_1|equilibrium_class_2|equilibrium_class_3|equilibrium_class_4,observed-comparison,0.01535797119140625,0.01535796136781098,0.006669877875323582,-0.12031337625195915,-2.9101555914944064,0.0
geodesic_curvature_compression,geodesic_curvature_compression:0031,80013,77577,20241122-01-QUASR/20241122-01-030_QUASR_vacuum_equilibria_with_maxF_below_threshold_and_enough_iota_flux_tubes/QUASR_vacuum_000168.h5,20241122-01-QUASR/20241122-01-030_QUASR_vacuum_equilibria_with_maxF_below_threshold_and_enough_iota_flux_tubes/QUASR_vacuum_000045.h5,0.42667116140690386,0.35922451852920806,0.08393465009573209,0.27528986843347597,False,False,1.206343433131149,1.068121850701722,log_f_Q|f_stab|log_FSA_grad_x|bad_curvature_compression|parallel_roughness_iqr_scaled|nfp|iota|shat|aspect|rho|aspect/rho|equilibrium_class_1|equilibrium_class_2|equilibrium_class_3|equilibrium_class_4,observed-comparison,0.7958027124404907,0.7958026156559455,0.34561268466355155,0.44938277390443904,-0.39230131014365877,0.0
geodesic_curvature_compression,geodesic_curvature_compression:0032,31970,13121,20241103-01-random_equilibria_and_flux_tubes_random_aspect_ratio/20241103-01-064_generate_flux_tubes_nfp4/nfp4_randomAspect_finiteBeta_maxm4_maxn4_LMN8_001621.h5,20241103-01-random_equilibria_and_flux_tubes_random_aspect_ratio/20241103-01-063_generate_flux_tubes_nfp3/nfp3_randomAspect_finiteBeta_maxm4_maxn4_LMN8_000099.h5,0.4274553976848313,0.37584452635746707,0.15515372053759638,0.2206908058198707,False,False,1.206343433131149,1.068121850701722,log_f_Q|f_stab|log_FSA_grad_x|bad_curvature_compression|parallel_roughness_iqr_scaled|nfp|iota|shat|aspect|rho|aspect/rho|equilibrium_class_1|equilibrium_class_2|equilibrium_class_3|equilibrium_class_4,observed-comparison,-0.11129379272460938,-0.11129388265909146,-0.048334319108431334,-1.3782120392087136,1.9778840589298263,0.0
geodesic_curvature_compression,geodesic_curvature_compression:0033,3643,18022,20241103-01-random_equilibria_and_flux_tubes_random_aspect_ratio/20241103-01-062_generate_flux_tubes_nfp2/nfp2_randomAspect_finiteBeta_maxm4_maxn4_LMN8_000917.h5,20241103-01-random_equilibria_and_flux_tubes_random_aspect_ratio/20241103-01-063_generate_flux_tubes_nfp3/nfp3_randomAspect_finiteBeta_maxm4_maxn4_LMN8_001329.h5,0.4403910962582571,0.355321888312738,0.15741096751736006,0.19791092079537792,False,False,1.206343433131149,1.068121850701722,log_f_Q|f_stab|log_FSA_grad_x|bad_curvature_compression|parallel_roughness_iqr_scaled|nfp|iota|shat|aspect|rho|aspect/rho|equilibrium_class_1|equilibrium_class_2|equilibrium_class_3|equilibrium_class_4,observed-comparison,0.4145238399505615,0.4145237506830286,0.1800253775394789,0.2931626803480061,-2.940023804138995,0.0
geodesic_curvature_compression,geodesic_curvature_compression:0034,71080,66718,20241115-01-random_heliotrons/20241115-01-023_heliotrons_finiteBeta_randomAspect_randomNfpUpTo8_withTorsion_flux_tubes/heliotron_randomAspect_finiteBeta_maxm1_maxn1_LMN8_001803.h5,20241115-01-random_heliotrons/20241115-01-023_heliotrons_finiteBeta_randomAspect_randomNfpUpTo8_withTorsion_flux_tubes/heliotron_randomAspect_finiteBeta_maxm1_maxn1_LMN8_000712.h5,0.4425676359616825,0.3658249341895641,0.15859992801992287,0.2072250061696412,False,False,1.206343433131149,1.068121850701722,log_f_Q|f_stab|log_FSA_grad_x|bad_curvature_compression|parallel_roughness_iqr_scaled|nfp|iota|shat|aspect|rho|aspect/rho|equilibrium_class_1|equilibrium_class_2|equilibrium_class_3|equilibrium_class_4,observed-comparison,0.006440639495849609,0.00644062390423894,0.0027971274216250785,-0.1620309274879318,-0.4099187568209719,0.0
geodesic_curvature_compression,geodesic_curvature_compression:0035,9909,72825,20241103-01-random_equilibria_and_flux_tubes_random_aspect_ratio/20241103-01-062_generate_flux_tubes_nfp2/nfp2_randomAspect_finiteBeta_maxm4_maxn4_LMN8_002492.h5,20241115-01-random_heliotrons/20241115-01-023_heliotrons_finiteBeta_randomAspect_randomNfpUpTo8_withTorsion_flux_tubes/heliotron_randomAspect_finiteBeta_maxm1_maxn1_LMN8_002240.h5,0.44739082903155597,0.3314762803230378,0.1576569866198985,0.17381929370313928,False,False,1.206343433131149,1.068121850701722,log_f_Q|f_stab|log_FSA_grad_x|bad_curvature_compression|parallel_roughness_iqr_scaled|nfp|iota|shat|aspect|rho|aspect/rho|equilibrium_class_1|equilibrium_class_2|equilibrium_class_3|equilibrium_class_4,observed-comparison,0.3758730888366699,0.37587310077610203,0.16323961356292593,0.4303854134044056,-0.5522151717151955,0.0
geodesic_curvature_compression,geodesic_curvature_compression:0036,58905,73082,20241115-01-random_heliotrons/20241115-01-022_heliotrons_finiteBeta_randomAspect_randomNfpUpTo8_noTorsion_flux_tubes/heliotron_randomAspect_finiteBeta_maxm1_maxn1_LMN8_001958.h5,20241115-01-random_heliotrons/20241115-01-023_heliotrons_finiteBeta_randomAspect_randomNfpUpTo8_withTorsion_flux_tubes/heliotron_randomAspect_finiteBeta_maxm1_maxn1_LMN8_002304.h5,0.45010507802229294,0.3530339665788129,0.13783042552876293,0.21520354105005,False,False,1.206343433131149,1.068121850701722,log_f_Q|f_stab|log_FSA_grad_x|bad_curvature_compression|parallel_roughness_iqr_scaled|nfp|iota|shat|aspect|rho|aspect/rho|equilibrium_class_1|equilibrium_class_2|equilibrium_class_3|equilibrium_class_4,observed-comparison,0.5840408802032471,0.5840407505416478,0.2536456751668714,1.1429786272432643,-1.38894502484632,0.0
geodesic_curvature_compression,geodesic_curvature_compression:0037,97812,99451,20241122-01-QUASR/20241122-01-031_QUASR_finite_beta_equilibria_with_maxF_below_threshold_and_enough_iota_flux_tubes/QUASR_finiteBeta_003240.h5,20241122-01-QUASR/20241122-01-031_QUASR_finite_beta_equilibria_with_maxF_below_threshold_and_enough_iota_flux_tubes/QUASR_finiteBeta_003650.h5,0.45301851866705795,0.3266224302470544,0.14327001264881614,0.18335241759823825,False,False,1.206343433131149,1.068121850701722,log_f_Q|f_stab|log_FSA_grad_x|bad_curvature_compression|parallel_roughness_iqr_scaled|nfp|iota|shat|aspect|rho|aspect/rho|equilibrium_class_1|equilibrium_class_2|equilibrium_class_3|equilibrium_class_4,observed-comparison,0.6846413612365723,0.6846415136007975,0.29733603143871656,0.29880495769163307,-0.8626505716803801,0.0
geodesic_curvature_compression,geodesic_curvature_compression:0038,81434,79163,20241122-01-QUASR/20241122-01-030_QUASR_vacuum_equilibria_with_maxF_below_threshold_and_enough_iota_flux_tubes/QUASR_vacuum_000239.h5,20241122-01-QUASR/20241122-01-030_QUASR_vacuum_equilibria_with_maxF_below_threshold_and_enough_iota_flux_tubes/QUASR_vacuum_000125.h5,0.4584182534766236,0.42917366278567437,0.16378728654455502,0.2653863762411194,False,False,1.206343433131149,1.068121850701722,log_f_Q|f_stab|log_FSA_grad_x|bad_curvature_compression|parallel_roughness_iqr_scaled|nfp|iota|shat|aspect|rho|aspect/rho|equilibrium_class_1|equilibrium_class_2|equilibrium_class_3|equilibrium_class_4,observed-comparison,0.7427794933319092,0.7427796458541089,0.32258510146449093,-1.0572802191478914,-2.347388570638784,0.0
geodesic_curvature_compression,geodesic_curvature_compression:0039,95778,88421,20241122-01-QUASR/20241122-01-031_QUASR_finite_beta_equilibria_with_maxF_below_threshold_and_enough_iota_flux_tubes/QUASR_finiteBeta_002732.h5,20241122-01-QUASR/20241122-01-031_QUASR_finite_beta_equilibria_with_maxF_below_threshold_and_enough_iota_flux_tubes/QUASR_finiteBeta_000889.h5,0.46346123374067716,0.3310036303402241,0.11631625416841214,0.214687376171812,False,False,1.206343433131149,1.068121850701722,log_f_Q|f_stab|log_FSA_grad_x|bad_curvature_compression|parallel_roughness_iqr_scaled|nfp|iota|shat|aspect|rho|aspect/rho|equilibrium_class_1|equilibrium_class_2|equilibrium_class_3|equilibrium_class_4,observed-comparison,0.6274428367614746,0.6274428577025806,0.2724949708098381,0.33037447864254044,0.4105651407224258,0.0
geodesic_curvature_compression,geodesic_curvature_compression:0040,56061,68380,20241115-01-random_heliotrons/20241115-01-022_heliotrons_finiteBeta_randomAspect_randomNfpUpTo8_noTorsion_flux_tubes/heliotron_randomAspect_finiteBeta_maxm1_maxn1_LMN8_001246.h5,20241115-01-random_heliotrons/20241115-01-023_heliotrons_finiteBeta_randomAspect_randomNfpUpTo8_withTorsion_flux_tubes/heliotron_randomAspect_finiteBeta_maxm1_maxn1_LMN8_001128.h5,0.4661981984219803,0.3291374267492512,0.13625777169931264,0.1928796550499386,False,False,1.206343433131149,1.068121850701722,log_f_Q|f_stab|log_FSA_grad_x|bad_curvature_compression|parallel_roughness_iqr_scaled|nfp|iota|shat|aspect|rho|aspect/rho|equilibrium_class_1|equilibrium_class_2|equilibrium_class_3|equilibrium_class_4,observed-comparison,0.62032151222229,0.6203215817257073,0.26940223994897183,-0.0023439395602165014,-1.49800660720903,0.0
geodesic_curvature_compression,geodesic_curvature_compression:0041,65165,66723,20241115-01-random_heliotrons/20241115-01-023_heliotrons_finiteBeta_randomAspect_randomNfpUpTo8_withTorsion_flux_tubes/heliotron_randomAspect_finiteBeta_maxm1_maxn1_LMN8_000323.h5,20241115-01-random_heliotrons/20241115-01-023_heliotrons_finiteBeta_randomAspect_randomNfpUpTo8_withTorsion_flux_tubes/heliotron_randomAspect_finiteBeta_maxm1_maxn1_LMN8_000713.h5,0.46621537838827154,0.3269464209759992,0.12677953513740817,0.20016688583859102,False,False,1.206343433131149,1.068121850701722,log_f_Q|f_stab|log_FSA_grad_x|bad_curvature_compression|parallel_roughness_iqr_scaled|nfp|iota|shat|aspect|rho|aspect/rho|equilibrium_class_1|equilibrium_class_2|equilibrium_class_3|equilibrium_class_4,observed-comparison,-0.787665605545044,-0.7876656765004548,-0.3420788568887392,-0.03512834794344544,-1.2813375339180813,0.0
geodesic_curvature_compression,geodesic_curvature_compression:0042,54376,78134,20241115-01-random_heliotrons/20241115-01-022_heliotrons_finiteBeta_randomAspect_randomNfpUpTo8_noTorsion_flux_tubes/heliotron_randomAspect_finiteBeta_maxm1_maxn1_LMN8_000825.h5,20241122-01-QUASR/20241122-01-030_QUASR_vacuum_equilibria_with_maxF_below_threshold_and_enough_iota_flux_tubes/QUASR_vacuum_000074.h5,0.46783532367218,0.3524165938547566,0.13340851426626654,0.21900807958849006,False,False,1.206343433131149,1.068121850701722,log_f_Q|f_stab|log_FSA_grad_x|bad_curvature_compression|parallel_roughness_iqr_scaled|nfp|iota|shat|aspect|rho|aspect/rho|equilibrium_class_1|equilibrium_class_2|equilibrium_class_3|equilibrium_class_4,observed-comparison,1.2618403434753418,1.2618403055445744,0.548010281741122,0.91095416385697,-0.2554588125350141,0.0
geodesic_curvature_compression,geodesic_curvature_compression:0043,60201,19521,20241115-01-random_heliotrons/20241115-01-022_heliotrons_finiteBeta_randomAspect_randomNfpUpTo8_noTorsion_flux_tubes/heliotron_randomAspect_finiteBeta_maxm1_maxn1_LMN8_002282.h5,20241103-01-random_equilibria_and_flux_tubes_random_aspect_ratio/20241103-01-063_generate_flux_tubes_nfp3/nfp3_randomAspect_finiteBeta_maxm4_maxn4_LMN8_001704.h5,0.4691117149432358,0.40571100130457066,0.1624076993482649,0.24330330195630576,False,False,1.206343433131149,1.068121850701722,log_f_Q|f_stab|log_FSA_grad_x|bad_curvature_compression|parallel_roughness_iqr_scaled|nfp|iota|shat|aspect|rho|aspect/rho|equilibrium_class_1|equilibrium_class_2|equilibrium_class_3|equilibrium_class_4,observed-comparison,0.9183372259140015,0.9183371055345471,0.39882873746065783,0.9205094263651685,-3.5855674948674574,0.0
geodesic_curvature_compression,geodesic_curvature_compression:0044,66256,73472,20241115-01-random_heliotrons/20241115-01-023_heliotrons_finiteBeta_randomAspect_randomNfpUpTo8_withTorsion_flux_tubes/heliotron_randomAspect_finiteBeta_maxm1_maxn1_LMN8_000596.h5,20241115-01-random_heliotrons/20241115-01-023_heliotrons_finiteBeta_randomAspect_randomNfpUpTo8_withTorsion_flux_tubes/heliotron_randomAspect_finiteBeta_maxm1_maxn1_LMN8_002402.h5,0.47167613634493455,0.33661389854746826,0.1365373920137893,0.20007650653367895,False,False,1.206343433131149,1.068121850701722,log_f_Q|f_stab|log_FSA_grad_x|bad_curvature_compression|parallel_roughness_iqr_scaled|nfp|iota|shat|aspect|rho|aspect/rho|equilibrium_class_1|equilibrium_class_2|equilibrium_class_3|equilibrium_class_4,observed-comparison,0.9336652755737305,0.9336653258786818,0.40548569897351294,0.09448068267684684,-2.006990877114707,0.0
geodesic_curvature_compression,geodesic_curvature_compression:0045,100413,93018,20241122-01-QUASR/20241122-01-031_QUASR_finite_beta_equilibria_with_maxF_below_threshold_and_enough_iota_flux_tubes/QUASR_finiteBeta_003891.h5,20241122-01-QUASR/20241122-01-031_QUASR_finite_beta_equilibria_with_maxF_below_threshold_and_enough_iota_flux_tubes/QUASR_finiteBeta_002042.h5,0.47241149872366894,0.3789790816330541,0.11635115253319384,0.26262792909986027,False,False,1.206343433131149,1.068121850701722,log_f_Q|f_stab|log_FSA_grad_x|bad_curvature_compression|parallel_roughness_iqr_scaled|nfp|iota|shat|aspect|rho|aspect/rho|equilibrium_class_1|equilibrium_class_2|equilibrium_class_3|equilibrium_class_4,observed-comparison,2.0781551897525787,2.078155285113743,0.9025313728629776,1.2155752043905892,-0.6918598012397399,0.0
geodesic_curvature_compression,geodesic_curvature_compression:0046,60442,74656,20241115-01-random_heliotrons/20241115-01-022_heliotrons_finiteBeta_randomAspect_randomNfpUpTo8_noTorsion_flux_tubes/heliotron_randomAspect_finiteBeta_maxm1_maxn1_LMN8_002342.h5,20241115-01-random_heliotrons/20241115-01-023_heliotrons_finiteBeta_randomAspect_randomNfpUpTo8_withTorsion_flux_tubes/heliotron_randomAspect_finiteBeta_maxm1_maxn1_LMN8_002698.h5,0.4759001389292412,0.339694947280591,0.10071249970572509,0.23898244757486592,False,False,1.206343433131149,1.068121850701722,log_f_Q|f_stab|log_FSA_grad_x|bad_curvature_compression|parallel_roughness_iqr_scaled|nfp|iota|shat|aspect|rho|aspect/rho|equilibrium_class_1|equilibrium_class_2|equilibrium_class_3|equilibrium_class_4,observed-comparison,-0.1344442367553711,-0.1344442843754532,-0.05838841082769086,-0.358277279124546,-1.3065525470442525,0.0
geodesic_curvature_compression,geodesic_curvature_compression:0047,82335,89792,20241122-01-QUASR/20241122-01-030_QUASR_vacuum_equilibria_with_maxF_below_threshold_and_enough_iota_flux_tubes/QUASR_vacuum_000284.h5,20241122-01-QUASR/20241122-01-031_QUASR_finite_beta_equilibria_with_maxF_below_threshold_and_enough_iota_flux_tubes/QUASR_finiteBeta_001235.h5,0.48007962205015275,0.33442796002301084,0.12917513160205635,0.2052528284209545,False,False,1.206343433131149,1.068121850701722,log_f_Q|f_stab|log_FSA_grad_x|bad_curvature_compression|parallel_roughness_iqr_scaled|nfp|iota|shat|aspect|rho|aspect/rho|equilibrium_class_1|equilibrium_class_2|equilibrium_class_3|equilibrium_class_4,observed-comparison,0.18136334419250488,0.18136333710417052,0.0787650965239004,-0.73153340567247,-0.2516229442217994,0.0
geodesic_curvature_compression,geodesic_curvature_compression:0048,72828,49487,20241115-01-random_heliotrons/20241115-01-023_heliotrons_finiteBeta_randomAspect_randomNfpUpTo8_withTorsion_flux_tubes/heliotron_randomAspect_finiteBeta_maxm1_maxn1_LMN8_002241.h5,20241103-01-random_equilibria_and_flux_tubes_random_aspect_ratio/20241103-01-065_generate_flux_tubes_nfp5/nfp5_randomAspect_finiteBeta_maxm4_maxn4_LMN8_002802.h5,0.4866656351133198,0.3657971749912756,0.14003800851455958,0.22575916647671604,False,False,1.206343433131149,1.068121850701722,log_f_Q|f_stab|log_FSA_grad_x|bad_curvature_compression|parallel_roughness_iqr_scaled|nfp|iota|shat|aspect|rho|aspect/rho|equilibrium_class_1|equilibrium_class_2|equilibrium_class_3|equilibrium_class_4,observed-comparison,0.7543441653251648,0.7543442391682336,0.3276075405262707,0.888493961546063,0.04719476810713141,0.0
geodesic_curvature_compression,geodesic_curvature_compression:0049,62436,64895,20241115-01-random_heliotrons/20241115-01-022_heliotrons_finiteBeta_randomAspect_randomNfpUpTo8_noTorsion_flux_tubes/heliotron_randomAspect_finiteBeta_maxm1_maxn1_LMN8_002841.h5,20241115-01-random_heliotrons/20241115-01-023_heliotrons_finiteBeta_randomAspect_randomNfpUpTo8_withTorsion_flux_tubes/heliotron_randomAspect_finiteBeta_maxm1_maxn1_LMN8_000256.h5,0.4892834311362887,0.39516008241814155,0.14977036712850444,0.2453897152896371,False,False,1.206343433131149,1.068121850701722,log_f_Q|f_stab|log_FSA_grad_x|bad_curvature_compression|parallel_roughness_iqr_scaled|nfp|iota|shat|aspect|rho|aspect/rho|equilibrium_class_1|equilibrium_class_2|equilibrium_class_3|equilibrium_class_4,observed-comparison,0.4250614643096924,0.4250615885824418,0.18460190239038465,0.10403355450314222,-0.9547492241102957,0.0
geodesic_curvature_compression,geodesic_curvature_compression:0050,80815,78218,20241122-01-QUASR/20241122-01-030_QUASR_vacuum_equilibria_with_maxF_below_threshold_and_enough_iota_flux_tubes/QUASR_vacuum_000208.h5,20241122-01-QUASR/20241122-01-030_QUASR_vacuum_equilibria_with_maxF_below_threshold_and_enough_iota_flux_tubes/QUASR_vacuum_000078.h5,0.49247477389559896,0.4720782862929096,0.1346587554636504,0.33741953082925924,False,False,1.206343433131149,1.068121850701722,log_f_Q|f_stab|log_FSA_grad_x|bad_curvature_compression|parallel_roughness_iqr_scaled|nfp|iota|shat|aspect|rho|aspect/rho|equilibrium_class_1|equilibrium_class_2|equilibrium_class_3|equilibrium_class_4,observed-comparison,-0.1101839542388916,-0.11018393213555289,-0.047852273720873084,-0.2648171709911934,-0.10286756923251228,0.0
geodesic_curvature_compression,geodesic_curvature_compression:0051,80512,83645,20241122-01-QUASR/20241122-01-030_QUASR_vacuum_equilibria_with_maxF_below_threshold_and_enough_iota_flux_tubes/QUASR_vacuum_000193.h5,20241122-01-QUASR/20241122-01-030_QUASR_vacuum_equilibria_with_maxF_below_threshold_and_enough_iota_flux_tubes/QUASR_vacuum_000350.h5,0.49437569972751005,0.36182859112519705,0.16219269822573093,0.19963589289946612,False,False,1.206343433131149,1.068121850701722,log_f_Q|f_stab|log_FSA_grad_x|bad_curvature_compression|parallel_roughness_iqr_scaled|nfp|iota|shat|aspect|rho|aspect/rho|equilibrium_class_1|equilibrium_class_2|equilibrium_class_3|equilibrium_class_4,observed-comparison,-0.5182509422302246,-0.5182507879872902,-0.22507345746489227,-0.5278893688401175,0.42928231970640285,0.0
geodesic_curvature_compression,geodesic_curvature_compression:0052,63444,76619,20241115-01-random_heliotrons/20241115-01-022_heliotrons_finiteBeta_randomAspect_randomNfpUpTo8_noTorsion_flux_tubes/heliotron_randomAspect_finiteBeta_maxm1_maxn1_LMN8_003093.h5,20241115-01-random_heliotrons/20241115-01-023_heliotrons_finiteBeta_randomAspect_randomNfpUpTo8_withTorsion_flux_tubes/heliotron_randomAspect_finiteBeta_maxm1_maxn1_LMN8_003189.h5,0.50287159533382,0.33087476705622393,0.15914878721003187,0.17172597984619206,False,False,1.206343433131149,1.068121850701722,log_f_Q|f_stab|log_FSA_grad_x|bad_curvature_compression|parallel_roughness_iqr_scaled|nfp|iota|shat|aspect|rho|aspect/rho|equilibrium_class_1|equilibrium_class_2|equilibrium_class_3|equilibrium_class_4,observed-comparison,0.48508667945861816,0.4850865833626039,0.2106704263996806,-0.015461568029020656,-0.5347952180420692,0.0
geodesic_curvature_compression,geodesic_curvature_compression:0053,94643,94115,20241122-01-QUASR/20241122-01-031_QUASR_finite_beta_equilibria_with_maxF_below_threshold_and_enough_iota_flux_tubes/QUASR_finiteBeta_002448.h5,20241122-01-QUASR/20241122-01-031_QUASR_finite_beta_equilibria_with_maxF_below_threshold_and_enough_iota_flux_tubes/QUASR_finiteBeta_002316.h5,0.5094092360715969,0.4354167580209811,0.1627019905764295,0.2727147674445516,False,False,1.206343433131149,1.068121850701722,log_f_Q|f_stab|log_FSA_grad_x|bad_curvature_compression|parallel_roughness_iqr_scaled|nfp|iota|shat|aspect|rho|aspect/rho|equilibrium_class_1|equilibrium_class_2|equilibrium_class_3|equilibrium_class_4,observed-comparison,0.7488610744476318,0.7488611435766237,0.3252262623670865,-0.8691938989307747,-2.266712133577399,0.0
geodesic_curvature_compression,geodesic_curvature_compression:0054,14023,87461,20241103-01-random_equilibria_and_flux_tubes_random_aspect_ratio/20241103-01-063_generate_flux_tubes_nfp3/nfp3_randomAspect_finiteBeta_maxm4_maxn4_LMN8_000326.h5,20241122-01-QUASR/20241122-01-031_QUASR_finite_beta_equilibria_with_maxF_below_threshold_and_enough_iota_flux_tubes/QUASR_finiteBeta_000644.h5,0.5121059498901969,0.3436119013295527,0.0821405732156131,0.2614713281139396,False,False,1.206343433131149,1.068121850701722,log_f_Q|f_stab|log_FSA_grad_x|bad_curvature_compression|parallel_roughness_iqr_scaled|nfp|iota|shat|aspect|rho|aspect/rho|equilibrium_class_1|equilibrium_class_2|equilibrium_class_3|equilibrium_class_4,observed-comparison,-0.19898605346679688,-0.1989860469162532,-0.08641854215147027,-0.4671283097492407,0.8813642826417176,0.0
geodesic_curvature_compression,geodesic_curvature_compression:0055,73456,68753,20241115-01-random_heliotrons/20241115-01-023_heliotrons_finiteBeta_randomAspect_randomNfpUpTo8_withTorsion_flux_tubes/heliotron_randomAspect_finiteBeta_maxm1_maxn1_LMN8_002398.h5,20241115-01-random_heliotrons/20241115-01-023_heliotrons_finiteBeta_randomAspect_randomNfpUpTo8_withTorsion_flux_tubes/heliotron_randomAspect_finiteBeta_maxm1_maxn1_LMN8_001221.h5,0.512336043459593,0.4046069852574563,0.1299134752795215,0.27469350997793485,False,False,1.206343433131149,1.068121850701722,log_f_Q|f_stab|log_FSA_grad_x|bad_curvature_compression|parallel_roughness_iqr_scaled|nfp|iota|shat|aspect|rho|aspect/rho|equilibrium_class_1|equilibrium_class_2|equilibrium_class_3|equilibrium_class_4,observed-comparison,0.011049985885620117,0.011050011951927452,0.004798959215687071,0.37352046988084453,-0.6450673089958017,0.0
geodesic_curvature_compression,geodesic_curvature_compression:0056,52742,21755,20241115-01-random_heliotrons/20241115-01-022_heliotrons_finiteBeta_randomAspect_randomNfpUpTo8_noTorsion_flux_tubes/heliotron_randomAspect_finiteBeta_maxm1_maxn1_LMN8_000416.h5,20241103-01-random_equilibria_and_flux_tubes_random_aspect_ratio/20241103-01-063_generate_flux_tubes_nfp3/nfp3_randomAspect_finiteBeta_maxm4_maxn4_LMN8_002265.h5,0.5140272250147503,0.3652035660826038,0.1269326311935743,0.23827093488902948,False,False,1.206343433131149,1.068121850701722,log_f_Q|f_stab|log_FSA_grad_x|bad_curvature_compression|parallel_roughness_iqr_scaled|nfp|iota|shat|aspect|rho|aspect/rho|equilibrium_class_1|equilibrium_class_2|equilibrium_class_3|equilibrium_class_4,observed-comparison,0.685060977935791,0.6850608148393498,0.297518131652875,-0.49922718977811886,0.08063825803346614,0.0
geodesic_curvature_compression,geodesic_curvature_compression:0057,53886,70443,20241115-01-random_heliotrons/20241115-01-022_heliotrons_finiteBeta_randomAspect_randomNfpUpTo8_noTorsion_flux_tubes/heliotron_randomAspect_finiteBeta_maxm1_maxn1_LMN8_000702.h5,20241115-01-random_heliotrons/20241115-01-023_heliotrons_finiteBeta_randomAspect_randomNfpUpTo8_withTorsion_flux_tubes/heliotron_randomAspect_finiteBeta_maxm1_maxn1_LMN8_001644.h5,0.516682103116942,0.36326663613318405,0.1301390659198892,0.23312757021329486,False,False,1.206343433131149,1.068121850701722,log_f_Q|f_stab|log_FSA_grad_x|bad_curvature_compression|parallel_roughness_iqr_scaled|nfp|iota|shat|aspect|rho|aspect/rho|equilibrium_class_1|equilibrium_class_2|equilibrium_class_3|equilibrium_class_4,observed-comparison,1.1489313840866089,1.1489314902956542,0.49897460632028223,0.8627024155780108,-2.2848940289891315,0.0
geodesic_curvature_compression,geodesic_curvature_compression:0058,41931,30149,20241103-01-random_equilibria_and_flux_tubes_random_aspect_ratio/20241103-01-065_generate_flux_tubes_nfp5/nfp5_randomAspect_finiteBeta_maxm4_maxn4_LMN8_000913.h5,20241103-01-random_equilibria_and_flux_tubes_random_aspect_ratio/20241103-01-064_generate_flux_tubes_nfp4/nfp4_randomAspect_finiteBeta_maxm4_maxn4_LMN8_001166.h5,0.5194991147164245,0.4339113570408682,0.16048264987692595,0.27342870716394224,False,False,1.206343433131149,1.068121850701722,log_f_Q|f_stab|log_FSA_grad_x|bad_curvature_compression|parallel_roughness_iqr_scaled|nfp|iota|shat|aspect|rho|aspect/rho|equilibrium_class_1|equilibrium_class_2|equilibrium_class_3|equilibrium_class_4,observed-comparison,-0.01242983341217041,-0.012429942660424187,-0.005398255507796046,-0.36719834157742437,2.373080554421539,0.0
geodesic_curvature_compression,geodesic_curvature_compression:0059,64449,70502,20241115-01-random_heliotrons/20241115-01-023_heliotrons_finiteBeta_randomAspect_randomNfpUpTo8_withTorsion_flux_tubes/heliotron_randomAspect_finiteBeta_maxm1_maxn1_LMN8_000144.h5,20241115-01-random_heliotrons/20241115-01-023_heliotrons_finiteBeta_randomAspect_randomNfpUpTo8_withTorsion_flux_tubes/heliotron_randomAspect_finiteBeta_maxm1_maxn1_LMN8_001658.h5,0.5206337944853093,0.4404667255643533,0.1460642173588587,0.29440250820549463,False,False,1.206343433131149,1.068121850701722,log_f_Q|f_stab|log_FSA_grad_x|bad_curvature_compression|parallel_roughness_iqr_scaled|nfp|iota|shat|aspect|rho|aspect/rho|equilibrium_class_1|equilibrium_class_2|equilibrium_class_3|equilibrium_class_4,observed-comparison,1.7307181060314178,1.7307180808131788,0.7516413122273499,0.6015838162900241,0.28630156782333693,0.0
geodesic_curvature_compression,geodesic_curvature_compression:0060,98549,88820,20241122-01-QUASR/20241122-01-031_QUASR_finite_beta_equilibria_with_maxF_below_threshold_and_enough_iota_flux_tubes/QUASR_finiteBeta_003425.h5,20241122-01-QUASR/20241122-01-031_QUASR_finite_beta_equilibria_with_maxF_below_threshold_and_enough_iota_flux_tubes/QUASR_finiteBeta_000988.h5,0.5264649985261031,0.3265003307767655,0.15564036795858086,0.17085996281818464,False,False,1.206343433131149,1.068121850701722,log_f_Q|f_stab|log_FSA_grad_x|bad_curvature_compression|parallel_roughness_iqr_scaled|nfp|iota|shat|aspect|rho|aspect/rho|equilibrium_class_1|equilibrium_class_2|equilibrium_class_3|equilibrium_class_4,observed-comparison,-0.10668301582336426,-0.1066829353101606,-0.04633181011844445,1.0391989498712644,-0.856211054551598,0.0
geodesic_curvature_compression,geodesic_curvature_compression:0061,716,24615,20241103-01-random_equilibria_and_flux_tubes_random_aspect_ratio/20241103-01-062_generate_flux_tubes_nfp2/nfp2_randomAspect_finiteBeta_maxm4_maxn4_LMN8_000180.h5,20241103-01-random_equilibria_and_flux_tubes_random_aspect_ratio/20241103-01-063_generate_flux_tubes_nfp3/nfp3_randomAspect_finiteBeta_maxm4_maxn4_LMN8_002980.h5,0.5275392935023151,0.32587210819794143,0.13535381050337278,0.19051829769456866,False,False,1.206343433131149,1.068121850701722,log_f_Q|f_stab|log_FSA_grad_x|bad_curvature_compression|parallel_roughness_iqr_scaled|nfp|iota|shat|aspect|rho|aspect/rho|equilibrium_class_1|equilibrium_class_2|equilibrium_class_3|equilibrium_class_4,observed-comparison,1.171434223651886,1.1714342232184354,0.5087474190563885,0.4872428305134988,1.1835308927122181,0.0
geodesic_curvature_compression,geodesic_curvature_compression:0062,61258,71263,20241115-01-random_heliotrons/20241115-01-022_heliotrons_finiteBeta_randomAspect_randomNfpUpTo8_noTorsion_flux_tubes/heliotron_randomAspect_finiteBeta_maxm1_maxn1_LMN8_002546.h5,20241115-01-random_heliotrons/20241115-01-023_heliotrons_finiteBeta_randomAspect_randomNfpUpTo8_withTorsion_flux_tubes/heliotron_randomAspect_finiteBeta_maxm1_maxn1_LMN8_001849.h5,0.5317606200598128,0.42958118006144086,0.15024371791930888,0.27933746214213195,False,False,1.206343433131149,1.068121850701722,log_f_Q|f_stab|log_FSA_grad_x|bad_curvature_compression|parallel_roughness_iqr_scaled|nfp|iota|shat|aspect|rho|aspect/rho|equilibrium_class_1|equilibrium_class_2|equilibrium_class_3|equilibrium_class_4,observed-comparison,1.164898157119751,1.1648981933258304,0.5059088573404755,-0.6035457650126157,0.17448676136330699,0.0
geodesic_curvature_compression,geodesic_curvature_compression:0063,96012,83025,20241122-01-QUASR/20241122-01-031_QUASR_finite_beta_equilibria_with_maxF_below_threshold_and_enough_iota_flux_tubes/QUASR_finiteBeta_002790.h5,20241122-01-QUASR/20241122-01-030_QUASR_vacuum_equilibria_with_maxF_below_threshold_and_enough_iota_flux_tubes/QUASR_vacuum_000319.h5,0.5327733294434777,0.33137152382218754,0.13512323562783393,0.1962482881943536,False,False,1.206343433131149,1.068121850701722,log_f_Q|f_stab|log_FSA_grad_x|bad_curvature_compression|parallel_roughness_iqr_scaled|nfp|iota|shat|aspect|rho|aspect/rho|equilibrium_class_1|equilibrium_class_2|equilibrium_class_3|equilibrium_class_4,observed-comparison,-1.088538408279419,-1.0885386188083155,-0.4727463154870386,0.21558967300430631,-2.448722940504288,0.0
geodesic_curvature_compression,geodesic_curvature_compression:0064,73911,72098,20241115-01-random_heliotrons/20241115-01-023_heliotrons_finiteBeta_randomAspect_randomNfpUpTo8_withTorsion_flux_tubes/heliotron_randomAspect_finiteBeta_maxm1_maxn1_LMN8_002511.h5,20241115-01-random_heliotrons/20241115-01-023_heliotrons_finiteBeta_randomAspect_randomNfpUpTo8_withTorsion_flux_tubes/heliotron_randomAspect_finiteBeta_maxm1_maxn1_LMN8_002058.h5,0.5374178768389266,0.33103224215394084,0.14760868258595986,0.18342355956798098,False,False,1.206343433131149,1.068121850701722,log_f_Q|f_stab|log_FSA_grad_x|bad_curvature_compression|parallel_roughness_iqr_scaled|nfp|iota|shat|aspect|rho|aspect/rho|equilibrium_class_1|equilibrium_class_2|equilibrium_class_3|equilibrium_class_4,observed-comparison,0.08180475234985352,0.0818048539430436,0.03552739666036531,-0.23165176607625215,0.40253256695874495,0.0
geodesic_curvature_compression,geodesic_curvature_compression:0065,60070,11465,20241115-01-random_heliotrons/20241115-01-022_heliotrons_finiteBeta_randomAspect_randomNfpUpTo8_noTorsion_flux_tubes/heliotron_randomAspect_finiteBeta_maxm1_maxn1_LMN8_002249.h5,20241103-01-random_equilibria_and_flux_tubes_random_aspect_ratio/20241103-01-062_generate_flux_tubes_nfp2/nfp2_randomAspect_finiteBeta_maxm4_maxn4_LMN8_002884.h5,0.5397684336198083,0.39911673689934907,0.10494908335134502,0.29416765354800406,False,False,1.206343433131149,1.068121850701722,log_f_Q|f_stab|log_FSA_grad_x|bad_curvature_compression|parallel_roughness_iqr_scaled|nfp|iota|shat|aspect|rho|aspect/rho|equilibrium_class_1|equilibrium_class_2|equilibrium_class_3|equilibrium_class_4,observed-comparison,1.2172400951385498,1.2172400919825184,0.5286406550994144,-0.20713626838351262,0.22861812619611488,0.0
geodesic_curvature_compression,geodesic_curvature_compression:0066,64656,72586,20241115-01-random_heliotrons/20241115-01-023_heliotrons_finiteBeta_randomAspect_randomNfpUpTo8_withTorsion_flux_tubes/heliotron_randomAspect_finiteBeta_maxm1_maxn1_LMN8_000196.h5,20241115-01-random_heliotrons/20241115-01-023_heliotrons_finiteBeta_randomAspect_randomNfpUpTo8_withTorsion_flux_tubes/heliotron_randomAspect_finiteBeta_maxm1_maxn1_LMN8_002180.h5,0.5401219371291635,0.3605472374343428,0.11447357167397304,0.24607366576036976,False,False,1.206343433131149,1.068121850701722,log_f_Q|f_stab|log_FSA_grad_x|bad_curvature_compression|parallel_roughness_iqr_scaled|nfp|iota|shat|aspect|rho|aspect/rho|equilibrium_class_1|equilibrium_class_2|equilibrium_class_3|equilibrium_class_4,observed-comparison,0.2160125970840454,0.21601260093038221,0.0938130806056342,0.08101952318580785,-0.17008290464244524,0.0
geodesic_curvature_compression,geodesic_curvature_compression:0067,73764,68113,20241115-01-random_heliotrons/20241115-01-023_heliotrons_finiteBeta_randomAspect_randomNfpUpTo8_withTorsion_flux_tubes/heliotron_randomAspect_finiteBeta_maxm1_maxn1_LMN8_002475.h5,20241115-01-random_heliotrons/20241115-01-023_heliotrons_finiteBeta_randomAspect_randomNfpUpTo8_withTorsion_flux_tubes/heliotron_randomAspect_finiteBeta_maxm1_maxn1_LMN8_001061.h5,0.5401992162615379,0.45609714161556086,0.12688691408165687,0.329210227533904,False,False,1.206343433131149,1.068121850701722,log_f_Q|f_stab|log_FSA_grad_x|bad_curvature_compression|parallel_roughness_iqr_scaled|nfp|iota|shat|aspect|rho|aspect/rho|equilibrium_class_1|equilibrium_class_2|equilibrium_class_3|equilibrium_class_4,observed-comparison,0.653051495552063,0.6530516051552175,0.2836167085169722,-0.25639486317858995,0.8643651541629285,0.0
geodesic_curvature_compression,geodesic_curvature_compression:0068,100559,79584,20241122-01-QUASR/20241122-01-031_QUASR_finite_beta_equilibria_with_maxF_below_threshold_and_enough_iota_flux_tubes/QUASR_finiteBeta_003927.h5,20241122-01-QUASR/20241122-01-030_QUASR_vacuum_equilibria_with_maxF_below_threshold_and_enough_iota_flux_tubes/QUASR_vacuum_000146.h5,0.5416992765798035,0.4021811491639978,0.13868812571686412,0.26349302344713366,False,False,1.206343433131149,1.068121850701722,log_f_Q|f_stab|log_FSA_grad_x|bad_curvature_compression|parallel_roughness_iqr_scaled|nfp|iota|shat|aspect|rho|aspect/rho|equilibrium_class_1|equilibrium_class_2|equilibrium_class_3|equilibrium_class_4,observed-comparison,0.48862624168395996,0.48862647100908374,0.2122077800711044,0.6338629982468785,-0.8503478676120704,0.0
geodesic_curvature_compression,geodesic_curvature_compression:0069,64915,76009,20241115-01-random_heliotrons/20241115-01-023_heliotrons_finiteBeta_randomAspect_randomNfpUpTo8_withTorsion_flux_tubes/heliotron_randomAspect_finiteBeta_maxm1_maxn1_LMN8_000261.h5,20241115-01-random_heliotrons/20241115-01-023_heliotrons_finiteBeta_randomAspect_randomNfpUpTo8_withTorsion_flux_tubes/heliotron_randomAspect_finiteBeta_maxm1_maxn1_LMN8_003036.h5,0.5419859881945608,0.32923276620944186,0.13869163035639606,0.1905411358530458,False,False,1.206343433131149,1.068121850701722,log_f_Q|f_stab|log_FSA_grad_x|bad_curvature_compression|parallel_roughness_iqr_scaled|nfp|iota|shat|aspect|rho|aspect/rho|equilibrium_class_1|equilibrium_class_2|equilibrium_class_3|equilibrium_class_4,observed-comparison,0.6907668113708496,0.6907668763508963,0.29999624268074,0.0635212649528325,0.10908493741089753,0.0
geodesic_curvature_compression,geodesic_curvature_compression:0070,81746,80422,20241122-01-QUASR/20241122-01-030_QUASR_vacuum_equilibria_with_maxF_below_threshold_and_enough_iota_flux_tubes/QUASR_vacuum_000254.h5,20241122-01-QUASR/20241122-01-030_QUASR_vacuum_equilibria_with_maxF_below_threshold_and_enough_iota_flux_tubes/QUASR_vacuum_000188.h5,0.5428393774573846,0.33738081757572597,0.14808228900743375,0.1892985285682922,False,False,1.206343433131149,1.068121850701722,log_f_Q|f_stab|log_FSA_grad_x|bad_curvature_compression|parallel_roughness_iqr_scaled|nfp|iota|shat|aspect|rho|aspect/rho|equilibrium_class_1|equilibrium_class_2|equilibrium_class_3|equilibrium_class_4,observed-comparison,0.5523619651794434,0.5523619654999306,0.23988775362985404,-0.7523230418101565,-2.16397916137871,0.0
geodesic_curvature_compression,geodesic_curvature_compression:0071,58799,26622,20241115-01-random_heliotrons/20241115-01-022_heliotrons_finiteBeta_randomAspect_randomNfpUpTo8_noTorsion_flux_tubes/heliotron_randomAspect_finiteBeta_maxm1_maxn1_LMN8_001931.h5,20241103-01-random_equilibria_and_flux_tubes_random_aspect_ratio/20241103-01-064_generate_flux_tubes_nfp4/nfp4_randomAspect_finiteBeta_maxm4_maxn4_LMN8_000283.h5,0.5473444952012302,0.33721116835549836,0.16250548516873,0.17470568318676835,False,False,1.206343433131149,1.068121850701722,log_f_Q|f_stab|log_FSA_grad_x|bad_curvature_compression|parallel_roughness_iqr_scaled|nfp|iota|shat|aspect|rho|aspect/rho|equilibrium_class_1|equilibrium_class_2|equilibrium_class_3|equilibrium_class_4,observed-comparison,1.7102369964122772,1.710237033398244,0.7427465063514447,1.4157554257763838,5.066098719715663,0.0
geodesic_curvature_compression,geodesic_curvature_compression:0072,1516,86782,20241103-01-random_equilibria_and_flux_tubes_random_aspect_ratio/20241103-01-062_generate_flux_tubes_nfp2/nfp2_randomAspect_finiteBeta_maxm4_maxn4_LMN8_000381.h5,20241122-01-QUASR/20241122-01-031_QUASR_finite_beta_equilibria_with_maxF_below_threshold_and_enough_iota_flux_tubes/QUASR_finiteBeta_000473.h5,0.5489392100513641,0.38858125625260315,0.08384432384756552,0.30473693240503763,False,True,1.206343433131149,1.068121850701722,log_f_Q|f_stab|log_FSA_grad_x|bad_curvature_compression|parallel_roughness_iqr_scaled|nfp|iota|shat|aspect|rho|aspect/rho|equilibrium_class_1|equilibrium_class_2|equilibrium_class_3|equilibrium_class_4,observed-comparison,4.122432470321655,4.1224325616992985,1.790349713564292,3.023819785420811,0.4802550380938715,0.0
geodesic_curvature_compression,geodesic_curvature_compression:0073,31355,87496,20241103-01-random_equilibria_and_flux_tubes_random_aspect_ratio/20241103-01-064_generate_flux_tubes_nfp4/nfp4_randomAspect_finiteBeta_maxm4_maxn4_LMN8_001468.h5,20241122-01-QUASR/20241122-01-031_QUASR_finite_beta_equilibria_with_maxF_below_threshold_and_enough_iota_flux_tubes/QUASR_finiteBeta_000653.h5,0.5500917982076233,0.3908555653662413,0.03909827589773864,0.35175728946850265,False,False,1.206343433131149,1.068121850701722,log_f_Q|f_stab|log_FSA_grad_x|bad_curvature_compression|parallel_roughness_iqr_scaled|nfp|iota|shat|aspect|rho|aspect/rho|equilibrium_class_1|equilibrium_class_2|equilibrium_class_3|equilibrium_class_4,observed-comparison,0.853089451789856,0.85308954861515,0.3704920835328954,0.2868297886051051,3.300493358815732,0.0
geodesic_curvature_compression,geodesic_curvature_compression:0074,92789,89236,20241122-01-QUASR/20241122-01-031_QUASR_finite_beta_equilibria_with_maxF_below_threshold_and_enough_iota_flux_tubes/QUASR_finiteBeta_001984.h5,20241122-01-QUASR/20241122-01-031_QUASR_finite_beta_equilibria_with_maxF_below_threshold_and_enough_iota_flux_tubes/QUASR_finiteBeta_001092.h5,0.5516944908241496,0.37157769543044267,0.14530153529681814,0.22627616013362453,False,False,1.206343433131149,1.068121850701722,log_f_Q|f_stab|log_FSA_grad_x|bad_curvature_compression|parallel_roughness_iqr_scaled|nfp|iota|shat|aspect|rho|aspect/rho|equilibrium_class_1|equilibrium_class_2|equilibrium_class_3|equilibrium_class_4,observed-comparison,-0.5237846374511719,-0.5237847011383954,-0.22747680540974913,-0.03491763464418002,-0.2749054563021227,0.0
geodesic_curvature_compression,geodesic_curvature_compression:0075,55358,46299,20241115-01-random_heliotrons/20241115-01-022_heliotrons_finiteBeta_randomAspect_randomNfpUpTo8_noTorsion_flux_tubes/heliotron_randomAspect_finiteBeta_maxm1_maxn1_LMN8_001070.h5,20241103-01-random_equilibria_and_flux_tubes_random_aspect_ratio/20241103-01-065_generate_flux_tubes_nfp5/nfp5_randomAspect_finiteBeta_maxm4_maxn4_LMN8_002005.h5,0.5571464644283285,0.3413397346463627,0.13638011062236644,0.20495962402399626,False,False,1.206343433131149,1.068121850701722,log_f_Q|f_stab|log_FSA_grad_x|bad_curvature_compression|parallel_roughness_iqr_scaled|nfp|iota|shat|aspect|rho|aspect/rho|equilibrium_class_1|equilibrium_class_2|equilibrium_class_3|equilibrium_class_4,observed-comparison,0.43941831588745117,0.43941817726032406,0.19083688963214374,-0.5729966948986279,-2.120112536125221,0.0
geodesic_curvature_compression,geodesic_curvature_compression:0076,61366,67013,20241115-01-random_heliotrons/20241115-01-022_heliotrons_finiteBeta_randomAspect_randomNfpUpTo8_noTorsion_flux_tubes/heliotron_randomAspect_finiteBeta_maxm1_maxn1_LMN8_002573.h5,20241115-01-random_heliotrons/20241115-01-023_heliotrons_finiteBeta_randomAspect_randomNfpUpTo8_withTorsion_flux_tubes/heliotron_randomAspect_finiteBeta_maxm1_maxn1_LMN8_000785.h5,0.5711458202596144,0.35156347049674563,0.13316994428935355,0.21839352620739208,False,False,1.206343433131149,1.068121850701722,log_f_Q|f_stab|log_FSA_grad_x|bad_curvature_compression|parallel_roughness_iqr_scaled|nfp|iota|shat|aspect|rho|aspect/rho|equilibrium_class_1|equilibrium_class_2|equilibrium_class_3|equilibrium_class_4,observed-comparison,1.1849182844161987,1.1849182936964728,0.5146034764585949,0.8077700502682333,-1.2976871456811825,0.0
geodesic_curvature_compression,geodesic_curvature_compression:0077,82538,87724,20241122-01-QUASR/20241122-01-030_QUASR_vacuum_equilibria_with_maxF_below_threshold_and_enough_iota_flux_tubes/QUASR_vacuum_000294.h5,20241122-01-QUASR/20241122-01-031_QUASR_finite_beta_equilibria_with_maxF_below_threshold_and_enough_iota_flux_tubes/QUASR_finiteBeta_000711.h5,0.5722286184489792,0.44337742160118276,0.12945751818068563,0.31391990342049714,False,False,1.206343433131149,1.068121850701722,log_f_Q|f_stab|log_FSA_grad_x|bad_curvature_compression|parallel_roughness_iqr_scaled|nfp|iota|shat|aspect|rho|aspect/rho|equilibrium_class_1|equilibrium_class_2|equilibrium_class_3|equilibrium_class_4,observed-comparison,0.24871253967285156,0.24871261781468812,0.10801451749663138,-0.09536760929099253,0.049795037341567205,0.0
geodesic_curvature_compression,geodesic_curvature_compression:0078,81092,78696,20241122-01-QUASR/20241122-01-030_QUASR_vacuum_equilibria_with_maxF_below_threshold_and_enough_iota_flux_tubes/QUASR_vacuum_000222.h5,20241122-01-QUASR/20241122-01-030_QUASR_vacuum_equilibria_with_maxF_below_threshold_and_enough_iota_flux_tubes/QUASR_vacuum_000102.h5,0.5786715427266395,0.33816859468275773,0.1385958988405641,0.19957269584219361,False,False,1.206343433131149,1.068121850701722,log_f_Q|f_stab|log_FSA_grad_x|bad_curvature_compression|parallel_roughness_iqr_scaled|nfp|iota|shat|aspect|rho|aspect/rho|equilibrium_class_1|equilibrium_class_2|equilibrium_class_3|equilibrium_class_4,observed-comparison,0.3613011837005615,0.36130108691057616,0.1569110683509103,-0.09461070311788577,-1.0000039208023241,0.0
geodesic_curvature_compression,geodesic_curvature_compression:0079,100550,88866,20241122-01-QUASR/20241122-01-031_QUASR_finite_beta_equilibria_with_maxF_below_threshold_and_enough_iota_flux_tubes/QUASR_finiteBeta_003925.h5,20241122-01-QUASR/20241122-01-031_QUASR_finite_beta_equilibria_with_maxF_below_threshold_and_enough_iota_flux_tubes/QUASR_finiteBeta_001000.h5,0.5848860141522466,0.33719923061108403,0.09228170389314845,0.2449175267179356,False,False,1.206343433131149,1.068121850701722,log_f_Q|f_stab|log_FSA_grad_x|bad_curvature_compression|parallel_roughness_iqr_scaled|nfp|iota|shat|aspect|rho|aspect/rho|equilibrium_class_1|equilibrium_class_2|equilibrium_class_3|equilibrium_class_4,observed-comparison,1.3246557712554932,1.3246558425130774,0.5752907228243325,1.071870420623191,0.14158762389788393,0.0
geodesic_curvature_compression,geodesic_curvature_compression:0080,30584,13384,20241103-01-random_equilibria_and_flux_tubes_random_aspect_ratio/20241103-01-064_generate_flux_tubes_nfp4/nfp4_randomAspect_finiteBeta_maxm4_maxn4_LMN8_001275.h5,20241103-01-random_equilibria_and_flux_tubes_random_aspect_ratio/20241103-01-063_generate_flux_tubes_nfp3/nfp3_randomAspect_finiteBeta_maxm4_maxn4_LMN8_000165.h5,0.5858826435303068,0.36684596678897385,0.14427183275682237,0.22257413403215148,False,False,1.206343433131149,1.068121850701722,log_f_Q|f_stab|log_FSA_grad_x|bad_curvature_compression|parallel_roughness_iqr_scaled|nfp|iota|shat|aspect|rho|aspect/rho|equilibrium_class_1|equilibrium_class_2|equilibrium_class_3|equilibrium_class_4,observed-comparison,1.5765605345368385,1.5765605414454207,0.6846915435361492,0.8607701503354044,1.3983165710033674,0.0
geodesic_curvature_compression,geodesic_curvature_compression:0081,11257,77444,20241103-01-random_equilibria_and_flux_tubes_random_aspect_ratio/20241103-01-062_generate_flux_tubes_nfp2/nfp2_randomAspect_finiteBeta_maxm4_maxn4_LMN8_002832.h5,20241122-01-QUASR/20241122-01-030_QUASR_vacuum_equilibria_with_maxF_below_threshold_and_enough_iota_flux_tubes/QUASR_vacuum_000039.h5,0.5887746076918204,0.37643213710918877,0.1221027029256981,0.2543294341834907,False,False,1.206343433131149,1.068121850701722,log_f_Q|f_stab|log_FSA_grad_x|bad_curvature_compression|parallel_roughness_iqr_scaled|nfp|iota|shat|aspect|rho|aspect/rho|equilibrium_class_1|equilibrium_class_2|equilibrium_class_3|equilibrium_class_4,observed-comparison,0.03580427169799805,0.03580423232582364,0.015549580527887352,-0.4730975482386659,-0.5125699064106226,0.0
geodesic_curvature_compression,geodesic_curvature_compression:0082,63988,48502,20241115-01-random_heliotrons/20241115-01-023_heliotrons_finiteBeta_randomAspect_randomNfpUpTo8_withTorsion_flux_tubes/heliotron_randomAspect_finiteBeta_maxm1_maxn1_LMN8_000029.h5,20241103-01-random_equilibria_and_flux_tubes_random_aspect_ratio/20241103-01-065_generate_flux_tubes_nfp5/nfp5_randomAspect_finiteBeta_maxm4_maxn4_LMN8_002556.h5,0.5919969946111643,0.3540260727572779,0.1253895718004435,0.22863650095683438,False,False,1.206343433131149,1.068121850701722,log_f_Q|f_stab|log_FSA_grad_x|bad_curvature_compression|parallel_roughness_iqr_scaled|nfp|iota|shat|aspect|rho|aspect/rho|equilibrium_class_1|equilibrium_class_2|equilibrium_class_3|equilibrium_class_4,observed-comparison,0.28447139263153076,0.2844713938961987,0.12354435662844548,0.4271781105917924,-0.3285787192706402,0.0
geodesic_curvature_compression,geodesic_curvature_compression:0083,65373,26894,20241115-01-random_heliotrons/20241115-01-023_heliotrons_finiteBeta_randomAspect_randomNfpUpTo8_withTorsion_flux_tubes/heliotron_randomAspect_finiteBeta_maxm1_maxn1_LMN8_000375.h5,20241103-01-random_equilibria_and_flux_tubes_random_aspect_ratio/20241103-01-064_generate_flux_tubes_nfp4/nfp4_randomAspect_finiteBeta_maxm4_maxn4_LMN8_000351.h5,0.5970899579860255,0.3595865007300694,0.13236591515873491,0.2272205855713345,False,False,1.206343433131149,1.068121850701722,log_f_Q|f_stab|log_FSA_grad_x|bad_curvature_compression|parallel_roughness_iqr_scaled|nfp|iota|shat|aspect|rho|aspect/rho|equilibrium_class_1|equilibrium_class_2|equilibrium_class_3|equilibrium_class_4,observed-comparison,0.36675435304641724,0.3667543370752754,0.15927938480587728,1.0928426575371126,-0.7060490523177554,0.0
geodesic_curvature_compression,geodesic_curvature_compression:0084,52468,79041,20241115-01-random_heliotrons/20241115-01-022_heliotrons_finiteBeta_randomAspect_randomNfpUpTo8_noTorsion_flux_tubes/heliotron_randomAspect_finiteBeta_maxm1_maxn1_LMN8_000348.h5,20241122-01-QUASR/20241122-01-030_QUASR_vacuum_equilibria_with_maxF_below_threshold_and_enough_iota_flux_tubes/QUASR_vacuum_000119.h5,0.6001370290929865,0.4295794015528138,0.1589034003184192,0.2706760012343946,False,False,1.206343433131149,1.068121850701722,log_f_Q|f_stab|log_FSA_grad_x|bad_curvature_compression|parallel_roughness_iqr_scaled|nfp|iota|shat|aspect|rho|aspect/rho|equilibrium_class_1|equilibrium_class_2|equilibrium_class_3|equilibrium_class_4,observed-comparison,0.49171018600463867,0.49171039147757956,0.21354710971320046,0.0025332584208582754,-0.8114272894872447,0.0
geodesic_curvature_compression,geodesic_curvature_compression:0085,93939,88973,20241122-01-QUASR/20241122-01-031_QUASR_finite_beta_equilibria_with_maxF_below_threshold_and_enough_iota_flux_tubes/QUASR_finiteBeta_002272.h5,20241122-01-QUASR/20241122-01-031_QUASR_finite_beta_equilibria_with_maxF_below_threshold_and_enough_iota_flux_tubes/QUASR_finiteBeta_001027.h5,0.6037889648117476,0.5262062771847534,0.12840717907149052,0.3977990981132629,False,False,1.206343433131149,1.068121850701722,log_f_Q|f_stab|log_FSA_grad_x|bad_curvature_compression|parallel_roughness_iqr_scaled|nfp|iota|shat|aspect|rho|aspect/rho|equilibrium_class_1|equilibrium_class_2|equilibrium_class_3|equilibrium_class_4,observed-comparison,0.025130033493041992,0.02513013600395464,0.010913879395995751,0.17350934682222946,-0.1456586370355375,0.0
geodesic_curvature_compression,geodesic_curvature_compression:0086,32578,89631,20241103-01-random_equilibria_and_flux_tubes_random_aspect_ratio/20241103-01-064_generate_flux_tubes_nfp4/nfp4_randomAspect_finiteBeta_maxm4_maxn4_LMN8_001773.h5,20241122-01-QUASR/20241122-01-031_QUASR_finite_beta_equilibria_with_maxF_below_threshold_and_enough_iota_flux_tubes/QUASR_finiteBeta_001193.h5,0.608333701324267,0.3536301529298859,0.03713333087599982,0.3164968220538861,False,False,1.206343433131149,1.068121850701722,log_f_Q|f_stab|log_FSA_grad_x|bad_curvature_compression|parallel_roughness_iqr_scaled|nfp|iota|shat|aspect|rho|aspect/rho|equilibrium_class_1|equilibrium_class_2|equilibrium_class_3|equilibrium_class_4,observed-comparison,1.2674626111984253,1.2674626097407178,0.5504520174290886,-0.34436853939138157,1.5270560064518472,0.0
geodesic_curvature_compression,geodesic_curvature_compression:0087,6627,86263,20241103-01-random_equilibria_and_flux_tubes_random_aspect_ratio/20241103-01-062_generate_flux_tubes_nfp2/nfp2_randomAspect_finiteBeta_maxm4_maxn4_LMN8_001667.h5,20241122-01-QUASR/20241122-01-031_QUASR_finite_beta_equilibria_with_maxF_below_threshold_and_enough_iota_flux_tubes/QUASR_finiteBeta_000342.h5,0.61141305054536,0.6811995133176376,0.15558261791539152,0.5256168954022461,False,False,1.206343433131149,1.068121850701722,log_f_Q|f_stab|log_FSA_grad_x|bad_curvature_compression|parallel_roughness_iqr_scaled|nfp|iota|shat|aspect|rho|aspect/rho|equilibrium_class_1|equilibrium_class_2|equilibrium_class_3|equilibrium_class_4,observed-comparison,0.9449582099914551,0.9449580204709673,0.4103900539207612,-0.8968064346801091,0.4481554629914619,0.0
geodesic_curvature_compression,geodesic_curvature_compression:0088,60080,64584,20241115-01-random_heliotrons/20241115-01-022_heliotrons_finiteBeta_randomAspect_randomNfpUpTo8_noTorsion_flux_tubes/heliotron_randomAspect_finiteBeta_maxm1_maxn1_LMN8_002252.h5,20241115-01-random_heliotrons/20241115-01-023_heliotrons_finiteBeta_randomAspect_randomNfpUpTo8_withTorsion_flux_tubes/heliotron_randomAspect_finiteBeta_maxm1_maxn1_LMN8_000178.h5,0.6128603395333511,0.431232730418915,0.15599511605177382,0.2752376143671412,False,False,1.206343433131149,1.068121850701722,log_f_Q|f_stab|log_FSA_grad_x|bad_curvature_compression|parallel_roughness_iqr_scaled|nfp|iota|shat|aspect|rho|aspect/rho|equilibrium_class_1|equilibrium_class_2|equilibrium_class_3|equilibrium_class_4,observed-comparison,0.9679756164550781,0.967975696463611,0.42038650359060326,0.2578107211483135,-0.26072197445128875,0.0
geodesic_curvature_compression,geodesic_curvature_compression:0089,94051,87360,20241122-01-QUASR/20241122-01-031_QUASR_finite_beta_equilibria_with_maxF_below_threshold_and_enough_iota_flux_tubes/QUASR_finiteBeta_002300.h5,20241122-01-QUASR/20241122-01-031_QUASR_finite_beta_equilibria_with_maxF_below_threshold_and_enough_iota_flux_tubes/QUASR_finiteBeta_000618.h5,0.615607324680598,0.5218104178812832,0.15183717634155522,0.369973241539728,False,False,1.206343433131149,1.068121850701722,log_f_Q|f_stab|log_FSA_grad_x|bad_curvature_compression|parallel_roughness_iqr_scaled|nfp|iota|shat|aspect|rho|aspect/rho|equilibrium_class_1|equilibrium_class_2|equilibrium_class_3|equilibrium_class_4,observed-comparison,0.1045844554901123,0.10458465362624336,0.04542053796164036,0.6160853450171172,-3.5718154919490943,0.0
geodesic_curvature_compression,geodesic_curvature_compression:0090,79836,77411,20241122-01-QUASR/20241122-01-030_QUASR_vacuum_equilibria_with_maxF_below_threshold_and_enough_iota_flux_tubes/QUASR_vacuum_000159.h5,20241122-01-QUASR/20241122-01-030_QUASR_vacuum_equilibria_with_maxF_below_threshold_and_enough_iota_flux_tubes/QUASR_vacuum_000037.h5,0.621510973565848,0.3491342691034853,0.09347811241560448,0.2556561566878808,False,False,1.206343433131149,1.068121850701722,log_f_Q|f_stab|log_FSA_grad_x|bad_curvature_compression|parallel_roughness_iqr_scaled|nfp|iota|shat|aspect|rho|aspect/rho|equilibrium_class_1|equilibrium_class_2|equilibrium_class_3|equilibrium_class_4,observed-comparison,1.5596288442611694,1.5596288059555212,0.6773381842438404,-0.4348386214231035,0.1633685489838641,0.0
geodesic_curvature_compression,geodesic_curvature_compression:0091,1431,22455,20241103-01-random_equilibria_and_flux_tubes_random_aspect_ratio/20241103-01-062_generate_flux_tubes_nfp2/nfp2_randomAspect_finiteBeta_maxm4_maxn4_LMN8_000360.h5,20241103-01-random_equilibria_and_flux_tubes_random_aspect_ratio/20241103-01-063_generate_flux_tubes_nfp3/nfp3_randomAspect_finiteBeta_maxm4_maxn4_LMN8_002440.h5,0.6255827939665396,0.4737046733170074,0.14372202253397853,0.32998265078302885,False,False,1.206343433131149,1.068121850701722,log_f_Q|f_stab|log_FSA_grad_x|bad_curvature_compression|parallel_roughness_iqr_scaled|nfp|iota|shat|aspect|rho|aspect/rho|equilibrium_class_1|equilibrium_class_2|equilibrium_class_3|equilibrium_class_4,observed-comparison,1.9904500246047974,1.9904500359333115,0.8644414671099665,0.6839796839043184,0.3795718782777362,0.0
geodesic_curvature_compression,geodesic_curvature_compression:0092,97856,88775,20241122-01-QUASR/20241122-01-031_QUASR_finite_beta_equilibria_with_maxF_below_threshold_and_enough_iota_flux_tubes/QUASR_finiteBeta_003251.h5,20241122-01-QUASR/20241122-01-031_QUASR_finite_beta_equilibria_with_maxF_below_threshold_and_enough_iota_flux_tubes/QUASR_finiteBeta_000977.h5,0.63203009565449,0.4279147728484565,0.12191524929995028,0.30599952354850624,False,False,1.206343433131149,1.068121850701722,log_f_Q|f_stab|log_FSA_grad_x|bad_curvature_compression|parallel_roughness_iqr_scaled|nfp|iota|shat|aspect|rho|aspect/rho|equilibrium_class_1|equilibrium_class_2|equilibrium_class_3|equilibrium_class_4,observed-comparison,0.7195968627929688,0.7195968742737819,0.3125169516919315,1.1806804562457944,-2.904304656513084,0.0
geodesic_curvature_compression,geodesic_curvature_compression:0093,93850,86237,20241122-01-QUASR/20241122-01-031_QUASR_finite_beta_equilibria_with_maxF_below_threshold_and_enough_iota_flux_tubes/QUASR_finiteBeta_002250.h5,20241122-01-QUASR/20241122-01-031_QUASR_finite_beta_equilibria_with_maxF_below_threshold_and_enough_iota_flux_tubes/QUASR_finiteBeta_000335.h5,0.6474544428278207,0.42619861088005023,0.1551832652341583,0.2710153456458919,False,False,1.206343433131149,1.068121850701722,log_f_Q|f_stab|log_FSA_grad_x|bad_curvature_compression|parallel_roughness_iqr_scaled|nfp|iota|shat|aspect|rho|aspect/rho|equilibrium_class_1|equilibrium_class_2|equilibrium_class_3|equilibrium_class_4,observed-comparison,-0.5170178413391113,-0.517017999413588,-0.2245380641899799,-1.2694361925257809,-3.39576460237671,0.0
geodesic_curvature_compression,geodesic_curvature_compression:0094,53490,64926,20241115-01-random_heliotrons/20241115-01-022_heliotrons_finiteBeta_randomAspect_randomNfpUpTo8_noTorsion_flux_tubes/heliotron_randomAspect_finiteBeta_maxm1_maxn1_LMN8_000603.h5,20241115-01-random_heliotrons/20241115-01-023_heliotrons_finiteBeta_randomAspect_randomNfpUpTo8_withTorsion_flux_tubes/heliotron_randomAspect_finiteBeta_maxm1_maxn1_LMN8_000264.h5,0.6478441578353153,0.3628394936399278,0.11795203169361028,0.2448874619463175,False,False,1.206343433131149,1.068121850701722,log_f_Q|f_stab|log_FSA_grad_x|bad_curvature_compression|parallel_roughness_iqr_scaled|nfp|iota|shat|aspect|rho|aspect/rho|equilibrium_class_1|equilibrium_class_2|equilibrium_class_3|equilibrium_class_4,observed-comparison,0.8023444414138794,0.8023443114777011,0.34845370706122936,-0.20279589501445072,0.043408572266641965,0.0
geodesic_curvature_compression,geodesic_curvature_compression:0095,54770,35565,20241115-01-random_heliotrons/20241115-01-022_heliotrons_finiteBeta_randomAspect_randomNfpUpTo8_noTorsion_flux_tubes/heliotron_randomAspect_finiteBeta_maxm1_maxn1_LMN8_000923.h5,20241103-01-random_equilibria_and_flux_tubes_random_aspect_ratio/20241103-01-064_generate_flux_tubes_nfp4/nfp4_randomAspect_finiteBeta_maxm4_maxn4_LMN8_002520.h5,0.6486471033139001,0.34905824863859874,0.12056548409992603,0.22849276453867273,False,False,1.206343433131149,1.068121850701722,log_f_Q|f_stab|log_FSA_grad_x|bad_curvature_compression|parallel_roughness_iqr_scaled|nfp|iota|shat|aspect|rho|aspect/rho|equilibrium_class_1|equilibrium_class_2|equilibrium_class_3|equilibrium_class_4,observed-comparison,2.5636556297540665,2.5636555287551377,1.1133814496391194,1.3195603758727386,-0.29483654264287074,0.0
geodesic_curvature_compression,geodesic_curvature_compression:0096,37535,82913,20241103-01-random_equilibria_and_flux_tubes_random_aspect_ratio/20241103-01-064_generate_flux_tubes_nfp4/nfp4_randomAspect_finiteBeta_maxm4_maxn4_LMN8_003013.h5,20241122-01-QUASR/20241122-01-030_QUASR_vacuum_equilibria_with_maxF_below_threshold_and_enough_iota_flux_tubes/QUASR_vacuum_000313.h5,0.6619950765161027,0.4472686798513236,0.03467970407431062,0.41258897577701303,False,False,1.206343433131149,1.068121850701722,log_f_Q|f_stab|log_FSA_grad_x|bad_curvature_compression|parallel_roughness_iqr_scaled|nfp|iota|shat|aspect|rho|aspect/rho|equilibrium_class_1|equilibrium_class_2|equilibrium_class_3|equilibrium_class_4,observed-comparison,1.9271240234375,1.9271241086637478,0.8369393663353883,-0.21534892976910558,1.8317162553131574,0.0
geodesic_curvature_compression,geodesic_curvature_compression:0097,72490,23675,20241115-01-random_heliotrons/20241115-01-023_heliotrons_finiteBeta_randomAspect_randomNfpUpTo8_withTorsion_flux_tubes/heliotron_randomAspect_finiteBeta_maxm1_maxn1_LMN8_002156.h5,20241103-01-random_equilibria_and_flux_tubes_random_aspect_ratio/20241103-01-063_generate_flux_tubes_nfp3/nfp3_randomAspect_finiteBeta_maxm4_maxn4_LMN8_002745.h5,0.67228048575159,0.44164924582364223,0.15345113006363129,0.288198115760011,False,False,1.206343433131149,1.068121850701722,log_f_Q|f_stab|log_FSA_grad_x|bad_curvature_compression|parallel_roughness_iqr_scaled|nfp|iota|shat|aspect|rho|aspect/rho|equilibrium_class_1|equilibrium_class_2|equilibrium_class_3|equilibrium_class_4,observed-comparison,0.6432433128356934,0.6432433933031236,0.2793570562322697,0.7401529831549191,0.13404707824104434,0.0
geodesic_curvature_compression,geodesic_curvature_compression:0098,81193,83139,20241122-01-QUASR/20241122-01-030_QUASR_vacuum_equilibria_with_maxF_below_threshold_and_enough_iota_flux_tubes/QUASR_vacuum_000227.h5,20241122-01-QUASR/20241122-01-030_QUASR_vacuum_equilibria_with_maxF_below_threshold_and_enough_iota_flux_tubes/QUASR_vacuum_000324.h5,0.6793503924715438,0.3707445460768028,0.12423831300494054,0.24650623307186226,False,False,1.206343433131149,1.068121850701722,log_f_Q|f_stab|log_FSA_grad_x|bad_curvature_compression|parallel_roughness_iqr_scaled|nfp|iota|shat|aspect|rho|aspect/rho|equilibrium_class_1|equilibrium_class_2|equilibrium_class_3|equilibrium_class_4,observed-comparison,1.254787802696228,1.2547877683291588,0.5449474037450496,1.20229593941646,-0.3978033742316316,0.0
geodesic_curvature_compression,geodesic_curvature_compression:0099,98957,88603,20241122-01-QUASR/20241122-01-031_QUASR_finite_beta_equilibria_with_maxF_below_threshold_and_enough_iota_flux_tubes/QUASR_finiteBeta_003527.h5,20241122-01-QUASR/20241122-01-031_QUASR_finite_beta_equilibria_with_maxF_below_threshold_and_enough_iota_flux_tubes/QUASR_finiteBeta_000934.h5,0.6886698696961281,0.33549979124034895,0.155490983039872,0.18000880820047696,False,False,1.206343433131149,1.068121850701722,log_f_Q|f_stab|log_FSA_grad_x|bad_curvature_compression|parallel_roughness_iqr_scaled|nfp|iota|shat|aspect|rho|aspect/rho|equilibrium_class_1|equilibrium_class_2|equilibrium_class_3|equilibrium_class_4,observed-comparison,0.5870840549468994,0.5870840730770328,0.2549673733506409,0.04792220425064786,-0.6228265678257976,0.0
geodesic_curvature_compression,geodesic_curvature_compression:0100,80955,87849,20241122-01-QUASR/20241122-01-030_QUASR_vacuum_equilibria_with_maxF_below_threshold_and_enough_iota_flux_tubes/QUASR_vacuum_000215.h5,20241122-01-QUASR/20241122-01-031_QUASR_finite_beta_equilibria_with_maxF_below_threshold_and_enough_iota_flux_tubes/QUASR_finiteBeta_000743.h5,0.6931746323007045,0.5619512770769793,0.15024946891151672,0.41170180816546265,False,False,1.206343433131149,1.068121850701722,log_f_Q|f_stab|log_FSA_grad_x|bad_curvature_compression|parallel_roughness_iqr_scaled|nfp|iota|shat|aspect|rho|aspect/rho|equilibrium_class_1|equilibrium_class_2|equilibrium_class_3|equilibrium_class_4,observed-comparison,0.0120849609375,0.012084998709788852,0.005248448253469373,0.3971243990714143,0.07641940519542412,0.0
geodesic_curvature_compression,geodesic_curvature_compression:0101,71173,35209,20241115-01-random_heliotrons/20241115-01-023_heliotrons_finiteBeta_randomAspect_randomNfpUpTo8_withTorsion_flux_tubes/heliotron_randomAspect_finiteBeta_maxm1_maxn1_LMN8_001826.h5,20241103-01-random_equilibria_and_flux_tubes_random_aspect_ratio/20241103-01-064_generate_flux_tubes_nfp4/nfp4_randomAspect_finiteBeta_maxm4_maxn4_LMN8_002431.h5,0.7003897091497803,0.4335677521944552,0.1617747255434698,0.27179302665098537,False,False,1.206343433131149,1.068121850701722,log_f_Q|f_stab|log_FSA_grad_x|bad_curvature_compression|parallel_roughness_iqr_scaled|nfp|iota|shat|aspect|rho|aspect/rho|equilibrium_class_1|equilibrium_class_2|equilibrium_class_3|equilibrium_class_4,observed-comparison,1.2035881578922272,1.2035881153768724,0.5227116769925101,0.5571384993682911,-0.2047043218916227,0.0
geodesic_curvature_compression,geodesic_curvature_compression:0102,67222,27397,20241115-01-random_heliotrons/20241115-01-023_heliotrons_finiteBeta_randomAspect_randomNfpUpTo8_withTorsion_flux_tubes/heliotron_randomAspect_finiteBeta_maxm1_maxn1_LMN8_000838.h5,20241103-01-random_equilibria_and_flux_tubes_random_aspect_ratio/20241103-01-064_generate_flux_tubes_nfp4/nfp4_randomAspect_finiteBeta_maxm4_maxn4_LMN8_000477.h5,0.7017509013091048,0.3549140242228153,0.12434096119599443,0.2305730630268209,False,False,1.206343433131149,1.068121850701722,log_f_Q|f_stab|log_FSA_grad_x|bad_curvature_compression|parallel_roughness_iqr_scaled|nfp|iota|shat|aspect|rho|aspect/rho|equilibrium_class_1|equilibrium_class_2|equilibrium_class_3|equilibrium_class_4,observed-comparison,2.0234288424253464,2.0234288517387955,0.8787639848339919,0.36238338965417033,2.5522774063312945,0.0
geodesic_curvature_compression,geodesic_curvature_compression:0103,95218,82307,20241122-01-QUASR/20241122-01-031_QUASR_finite_beta_equilibria_with_maxF_below_threshold_and_enough_iota_flux_tubes/QUASR_finiteBeta_002592.h5,20241122-01-QUASR/20241122-01-030_QUASR_vacuum_equilibria_with_maxF_below_threshold_and_enough_iota_flux_tubes/QUASR_vacuum_000282.h5,0.7038236239617575,0.40723042351832506,0.15353921477471325,0.25369120874361184,False,False,1.206343433131149,1.068121850701722,log_f_Q|f_stab|log_FSA_grad_x|bad_curvature_compression|parallel_roughness_iqr_scaled|nfp|iota|shat|aspect|rho|aspect/rho|equilibrium_class_1|equilibrium_class_2|equilibrium_class_3|equilibrium_class_4,observed-comparison,1.1430740356445312,1.1430739770728997,0.4964307206499645,0.4387303892079235,0.5747468431799483,0.0
geodesic_curvature_compression,geodesic_curvature_compression:0104,60264,17030,20241115-01-random_heliotrons/20241115-01-022_heliotrons_finiteBeta_randomAspect_randomNfpUpTo8_noTorsion_flux_tubes/heliotron_randomAspect_finiteBeta_maxm1_maxn1_LMN8_002298.h5,20241103-01-random_equilibria_and_flux_tubes_random_aspect_ratio/20241103-01-063_generate_flux_tubes_nfp3/nfp3_randomAspect_finiteBeta_maxm4_maxn4_LMN8_001080.h5,0.70948651332299,0.35489090690043085,0.16395724828012437,0.19093365862030648,False,False,1.206343433131149,1.068121850701722,log_f_Q|f_stab|log_FSA_grad_x|bad_curvature_compression|parallel_roughness_iqr_scaled|nfp|iota|shat|aspect|rho|aspect/rho|equilibrium_class_1|equilibrium_class_2|equilibrium_class_3|equilibrium_class_4,observed-comparison,-0.14751696586608887,-0.14751699011449215,-0.06406581479370033,-0.9129002051910882,0.011110396829243196,0.0
geodesic_curvature_compression,geodesic_curvature_compression:0105,84142,82992,20241122-01-QUASR/20241122-01-030_QUASR_vacuum_equilibria_with_maxF_below_threshold_and_enough_iota_flux_tubes/QUASR_vacuum_000375.h5,20241122-01-QUASR/20241122-01-030_QUASR_vacuum_equilibria_with_maxF_below_threshold_and_enough_iota_flux_tubes/QUASR_vacuum_000317.h5,0.711811221054303,0.41451066678150195,0.12388720249535705,0.2906234642861449,False,False,1.206343433131149,1.068121850701722,log_f_Q|f_stab|log_FSA_grad_x|bad_curvature_compression|parallel_roughness_iqr_scaled|nfp|iota|shat|aspect|rho|aspect/rho|equilibrium_class_1|equilibrium_class_2|equilibrium_class_3|equilibrium_class_4,observed-comparison,1.1482985019683838,1.1482984110075949,0.49869966347887085,0.16968074329903537,-1.0587967232444693,0.0
geodesic_curvature_compression,geodesic_curvature_compression:0106,95578,89653,20241122-01-QUASR/20241122-01-031_QUASR_finite_beta_equilibria_with_maxF_below_threshold_and_enough_iota_flux_tubes/QUASR_finiteBeta_002682.h5,20241122-01-QUASR/20241122-01-031_QUASR_finite_beta_equilibria_with_maxF_below_threshold_and_enough_iota_flux_tubes/QUASR_finiteBeta_001200.h5,0.7134363869939532,0.45306337087297416,0.035694842048427294,0.4173685288245469,False,False,1.206343433131149,1.068121850701722,log_f_Q|f_stab|log_FSA_grad_x|bad_curvature_compression|parallel_roughness_iqr_scaled|nfp|iota|shat|aspect|rho|aspect/rho|equilibrium_class_1|equilibrium_class_2|equilibrium_class_3|equilibrium_class_4,observed-comparison,1.3573424816131592,1.3573426268793576,0.5894864129057694,-0.4577763864548825,-0.06654659893239523,0.0
geodesic_curvature_compression,geodesic_curvature_compression:0107,60687,77258,20241115-01-random_heliotrons/20241115-01-022_heliotrons_finiteBeta_randomAspect_randomNfpUpTo8_noTorsion_flux_tubes/heliotron_randomAspect_finiteBeta_maxm1_maxn1_LMN8_002403.h5,20241122-01-QUASR/20241122-01-030_QUASR_vacuum_equilibria_with_maxF_below_threshold_and_enough_iota_flux_tubes/QUASR_vacuum_000029.h5,0.7165098248991081,0.41595310013054493,0.10622143788508955,0.3097316622454554,False,False,1.206343433131149,1.068121850701722,log_f_Q|f_stab|log_FSA_grad_x|bad_curvature_compression|parallel_roughness_iqr_scaled|nfp|iota|shat|aspect|rho|aspect/rho|equilibrium_class_1|equilibrium_class_2|equilibrium_class_3|equilibrium_class_4,observed-comparison,1.6568011045455933,1.6568010665029458,0.7195395607936519,-0.8667592054090485,-1.684144684298293,0.0
geodesic_curvature_compression,geodesic_curvature_compression:0108,63329,35630,20241115-01-random_heliotrons/20241115-01-022_heliotrons_finiteBeta_randomAspect_randomNfpUpTo8_noTorsion_flux_tubes/heliotron_randomAspect_finiteBeta_maxm1_maxn1_LMN8_003064.h5,20241103-01-random_equilibria_and_flux_tubes_random_aspect_ratio/20241103-01-064_generate_flux_tubes_nfp4/nfp4_randomAspect_finiteBeta_maxm4_maxn4_LMN8_002536.h5,0.7505088940250013,0.405245750274363,0.14008955182597105,0.26515619844839194,False,False,1.206343433131149,1.068121850701722,log_f_Q|f_stab|log_FSA_grad_x|bad_curvature_compression|parallel_roughness_iqr_scaled|nfp|iota|shat|aspect|rho|aspect/rho|equilibrium_class_1|equilibrium_class_2|equilibrium_class_3|equilibrium_class_4,observed-comparison,2.3111298233270645,2.3111299302672177,1.0037109756765,0.6906035315214232,-0.13459739801675719,0.0
geodesic_curvature_compression,geodesic_curvature_compression:0109,80729,77236,20241122-01-QUASR/20241122-01-030_QUASR_vacuum_equilibria_with_maxF_below_threshold_and_enough_iota_flux_tubes/QUASR_vacuum_000204.h5,20241122-01-QUASR/20241122-01-030_QUASR_vacuum_equilibria_with_maxF_below_threshold_and_enough_iota_flux_tubes/QUASR_vacuum_000028.h5,0.7541748922874454,0.3985622200623105,0.10124972885177334,0.29731249121053716,False,False,1.206343433131149,1.068121850701722,log_f_Q|f_stab|log_FSA_grad_x|bad_curvature_compression|parallel_roughness_iqr_scaled|nfp|iota|shat|aspect|rho|aspect/rho|equilibrium_class_1|equilibrium_class_2|equilibrium_class_3|equilibrium_class_4,observed-comparison,0.5326869487762451,0.5326868653633516,0.23134296620964423,-0.5939460571386495,-1.9613863786393304,0.0
geodesic_curvature_compression,geodesic_curvature_compression:0110,97249,87837,20241122-01-QUASR/20241122-01-031_QUASR_finite_beta_equilibria_with_maxF_below_threshold_and_enough_iota_flux_tubes/QUASR_finiteBeta_003100.h5,20241122-01-QUASR/20241122-01-031_QUASR_finite_beta_equilibria_with_maxF_below_threshold_and_enough_iota_flux_tubes/QUASR_finiteBeta_000740.h5,0.7563391877012532,0.39130895220810674,0.0802543150218034,0.31105463718630333,False,False,1.206343433131149,1.068121850701722,log_f_Q|f_stab|log_FSA_grad_x|bad_curvature_compression|parallel_roughness_iqr_scaled|nfp|iota|shat|aspect|rho|aspect/rho|equilibrium_class_1|equilibrium_class_2|equilibrium_class_3|equilibrium_class_4,observed-comparison,3.332440674304962,3.3324406427099698,1.4472605823990659,1.7976452642821064,-0.5891705232646338,0.0
geodesic_curvature_compression,geodesic_curvature_compression:0111,90814,80288,20241122-01-QUASR/20241122-01-031_QUASR_finite_beta_equilibria_with_maxF_below_threshold_and_enough_iota_flux_tubes/QUASR_finiteBeta_001491.h5,20241122-01-QUASR/20241122-01-030_QUASR_vacuum_equilibria_with_maxF_below_threshold_and_enough_iota_flux_tubes/QUASR_vacuum_000181.h5,0.7581790931568902,0.33482089933840625,0.10865141073698968,0.22616948860141656,False,False,1.206343433131149,1.068121850701722,log_f_Q|f_stab|log_FSA_grad_x|bad_curvature_compression|parallel_roughness_iqr_scaled|nfp|iota|shat|aspect|rho|aspect/rho|equilibrium_class_1|equilibrium_class_2|equilibrium_class_3|equilibrium_class_4,observed-comparison,1.788759708404541,1.788759584649967,0.7768484170650334,0.3896884453482756,0.6603853109704554,0.0
geodesic_curvature_compression,geodesic_curvature_compression:0112,97500,3436,20241122-01-QUASR/20241122-01-031_QUASR_finite_beta_equilibria_with_maxF_below_threshold_and_enough_iota_flux_tubes/QUASR_finiteBeta_003162.h5,20241103-01-random_equilibria_and_flux_tubes_random_aspect_ratio/20241103-01-062_generate_flux_tubes_nfp2/nfp2_randomAspect_finiteBeta_maxm4_maxn4_LMN8_000865.h5,0.7638673144240421,0.3522931375181937,0.1587787973706529,0.1935143401475408,False,False,1.206343433131149,1.068121850701722,log_f_Q|f_stab|log_FSA_grad_x|bad_curvature_compression|parallel_roughness_iqr_scaled|nfp|iota|shat|aspect|rho|aspect/rho|equilibrium_class_1|equilibrium_class_2|equilibrium_class_3|equilibrium_class_4,observed-comparison,0.6324079036712646,0.6324078754212246,0.2746512506075971,-0.09271183666535543,-0.1793332840921611,0.0
geodesic_curvature_compression,geodesic_curvature_compression:0113,95686,63968,20241122-01-QUASR/20241122-01-031_QUASR_finite_beta_equilibria_with_maxF_below_threshold_and_enough_iota_flux_tubes/QUASR_finiteBeta_002709.h5,20241115-01-random_heliotrons/20241115-01-023_heliotrons_finiteBeta_randomAspect_randomNfpUpTo8_withTorsion_flux_tubes/heliotron_randomAspect_finiteBeta_maxm1_maxn1_LMN8_000024.h5,0.7682802213132724,0.4381127267109765,0.15817970338701356,0.27993302332396297,False,False,1.206343433131149,1.068121850701722,log_f_Q|f_stab|log_FSA_grad_x|bad_curvature_compression|parallel_roughness_iqr_scaled|nfp|iota|shat|aspect|rho|aspect/rho|equilibrium_class_1|equilibrium_class_2|equilibrium_class_3|equilibrium_class_4,observed-comparison,0.6058118343353271,0.6058117563084275,0.2631007028368675,0.19731458861543827,-0.8561102379350054,0.0
geodesic_curvature_compression,geodesic_curvature_compression:0114,38742,31450,20241103-01-random_equilibria_and_flux_tubes_random_aspect_ratio/20241103-01-065_generate_flux_tubes_nfp5/nfp5_randomAspect_finiteBeta_maxm4_maxn4_LMN8_000115.h5,20241103-01-random_equilibria_and_flux_tubes_random_aspect_ratio/20241103-01-064_generate_flux_tubes_nfp4/nfp4_randomAspect_finiteBeta_maxm4_maxn4_LMN8_001491.h5,0.7833268820307927,0.4023709240649649,0.06809222623259546,0.3342786978323694,False,False,1.206343433131149,1.068121850701722,log_f_Q|f_stab|log_FSA_grad_x|bad_curvature_compression|parallel_roughness_iqr_scaled|nfp|iota|shat|aspect|rho|aspect/rho|equilibrium_class_1|equilibrium_class_2|equilibrium_class_3|equilibrium_class_4,observed-comparison,1.9450571238994598,1.9450571003613872,0.8447275656736899,0.9968439761360819,0.8047552061318275,0.0
geodesic_curvature_compression,geodesic_curvature_compression:0115,51467,50660,20241115-01-random_heliotrons/20241115-01-022_heliotrons_finiteBeta_randomAspect_randomNfpUpTo8_noTorsion_flux_tubes/heliotron_randomAspect_finiteBeta_maxm1_maxn1_LMN8_000098.h5,20241103-01-random_equilibria_and_flux_tubes_random_aspect_ratio/20241103-01-065_generate_flux_tubes_nfp5/nfp5_randomAspect_finiteBeta_maxm4_maxn4_LMN8_003096.h5,0.7849316037991537,0.34866296179764156,0.14328092776481174,0.2053820340328298,False,False,1.206343433131149,1.068121850701722,log_f_Q|f_stab|log_FSA_grad_x|bad_curvature_compression|parallel_roughness_iqr_scaled|nfp|iota|shat|aspect|rho|aspect/rho|equilibrium_class_1|equilibrium_class_2|equilibrium_class_3|equilibrium_class_4,observed-comparison,1.068844199180603,1.0688441236906143,0.4641931049335506,0.3030091323132964,-0.495244023243264,0.0
geodesic_curvature_compression,geodesic_curvature_compression:0116,52541,88927,20241115-01-random_heliotrons/20241115-01-022_heliotrons_finiteBeta_randomAspect_randomNfpUpTo8_noTorsion_flux_tubes/heliotron_randomAspect_finiteBeta_maxm1_maxn1_LMN8_000366.h5,20241122-01-QUASR/20241122-01-031_QUASR_finite_beta_equilibria_with_maxF_below_threshold_and_enough_iota_flux_tubes/QUASR_finiteBeta_001015.h5,0.7878592895598128,0.3449513976773801,0.11909121096211665,0.22586018671526342,False,False,1.206343433131149,1.068121850701722,log_f_Q|f_stab|log_FSA_grad_x|bad_curvature_compression|parallel_roughness_iqr_scaled|nfp|iota|shat|aspect|rho|aspect/rho|equilibrium_class_1|equilibrium_class_2|equilibrium_class_3|equilibrium_class_4,observed-comparison,0.9364514350891113,0.9364514246251756,0.4066956862851526,0.09376382128480809,0.6231319959022568,0.0
geodesic_curvature_compression,geodesic_curvature_compression:0117,65765,67544,20241115-01-random_heliotrons/20241115-01-023_heliotrons_finiteBeta_randomAspect_randomNfpUpTo8_withTorsion_flux_tubes/heliotron_randomAspect_finiteBeta_maxm1_maxn1_LMN8_000473.h5,20241115-01-random_heliotrons/20241115-01-023_heliotrons_finiteBeta_randomAspect_randomNfpUpTo8_withTorsion_flux_tubes/heliotron_randomAspect_finiteBeta_maxm1_maxn1_LMN8_000918.h5,0.7960047363079353,0.43014917119249024,0.16260462518384497,0.2675445460086453,False,False,1.206343433131149,1.068121850701722,log_f_Q|f_stab|log_FSA_grad_x|bad_curvature_compression|parallel_roughness_iqr_scaled|nfp|iota|shat|aspect|rho|aspect/rho|equilibrium_class_1|equilibrium_class_2|equilibrium_class_3|equilibrium_class_4,observed-comparison,2.688401162624359,2.6884011143473265,1.167557769103597,2.068407978058226,-0.1850897933233342,0.0
geodesic_curvature_compression,geodesic_curvature_compression:0118,70291,70754,20241115-01-random_heliotrons/20241115-01-023_heliotrons_finiteBeta_randomAspect_randomNfpUpTo8_withTorsion_flux_tubes/heliotron_randomAspect_finiteBeta_maxm1_maxn1_LMN8_001606.h5,20241115-01-random_heliotrons/20241115-01-023_heliotrons_finiteBeta_randomAspect_randomNfpUpTo8_withTorsion_flux_tubes/heliotron_randomAspect_finiteBeta_maxm1_maxn1_LMN8_001721.h5,0.8102762448451787,0.5031544822778263,0.14451148343010203,0.3586429988477243,False,False,1.206343433131149,1.068121850701722,log_f_Q|f_stab|log_FSA_grad_x|bad_curvature_compression|parallel_roughness_iqr_scaled|nfp|iota|shat|aspect|rho|aspect/rho|equilibrium_class_1|equilibrium_class_2|equilibrium_class_3|equilibrium_class_4,observed-comparison,1.4395506381988525,1.4395506653582855,0.6251889103852579,0.6614487774405333,0.11392176592386338,0.0
geodesic_curvature_compression,geodesic_curvature_compression:0119,58616,68073,20241115-01-random_heliotrons/20241115-01-022_heliotrons_finiteBeta_randomAspect_randomNfpUpTo8_noTorsion_flux_tubes/heliotron_randomAspect_finiteBeta_maxm1_maxn1_LMN8_001886.h5,20241115-01-random_heliotrons/20241115-01-023_heliotrons_finiteBeta_randomAspect_randomNfpUpTo8_withTorsion_flux_tubes/heliotron_randomAspect_finiteBeta_maxm1_maxn1_LMN8_001051.h5,0.8458942179506788,0.3907641834269863,0.16262130622368112,0.2281428772033052,False,False,1.206343433131149,1.068121850701722,log_f_Q|f_stab|log_FSA_grad_x|bad_curvature_compression|parallel_roughness_iqr_scaled|nfp|iota|shat|aspect|rho|aspect/rho|equilibrium_class_1|equilibrium_class_2|equilibrium_class_3|equilibrium_class_4,observed-comparison,-0.3051307201385498,-0.305130711559614,-0.13251658428955304,-0.7418960975430618,2.0833685705760274,0.0
geodesic_curvature_compression,geodesic_curvature_compression:0120,100596,79784,20241122-01-QUASR/20241122-01-031_QUASR_finite_beta_equilibria_with_maxF_below_threshold_and_enough_iota_flux_tubes/QUASR_finiteBeta_003936.h5,20241122-01-QUASR/20241122-01-030_QUASR_vacuum_equilibria_with_maxF_below_threshold_and_enough_iota_flux_tubes/QUASR_vacuum_000156.h5,0.870034904877255,0.4011940306739312,0.1391777496069795,0.26201628106695174,False,False,1.206343433131149,1.068121850701722,log_f_Q|f_stab|log_FSA_grad_x|bad_curvature_compression|parallel_roughness_iqr_scaled|nfp|iota|shat|aspect|rho|aspect/rho|equilibrium_class_1|equilibrium_class_2|equilibrium_class_3|equilibrium_class_4,observed-comparison,1.4035940170288086,1.4035939384011031,0.6095731022804518,0.5818118752751256,-0.06920632408801763,0.0
geodesic_curvature_compression,geodesic_curvature_compression:0121,95506,81809,20241122-01-QUASR/20241122-01-031_QUASR_finite_beta_equilibria_with_maxF_below_threshold_and_enough_iota_flux_tubes/QUASR_finiteBeta_002664.h5,20241122-01-QUASR/20241122-01-030_QUASR_vacuum_equilibria_with_maxF_below_threshold_and_enough_iota_flux_tubes/QUASR_vacuum_000258.h5,0.8857679190413458,0.41077470772958136,0.1591837662365361,0.2515909414930453,False,False,1.206343433131149,1.068121850701722,log_f_Q|f_stab|log_FSA_grad_x|bad_curvature_compression|parallel_roughness_iqr_scaled|nfp|iota|shat|aspect|rho|aspect/rho|equilibrium_class_1|equilibrium_class_2|equilibrium_class_3|equilibrium_class_4,observed-comparison,1.3533520698547363,1.3533521729093299,0.5877533807662975,0.9473863845347443,-0.06413431347449494,0.0
geodesic_curvature_compression,geodesic_curvature_compression:0122,30783,68852,20241103-01-random_equilibria_and_flux_tubes_random_aspect_ratio/20241103-01-064_generate_flux_tubes_nfp4/nfp4_randomAspect_finiteBeta_maxm4_maxn4_LMN8_001325.h5,20241115-01-random_heliotrons/20241115-01-023_heliotrons_finiteBeta_randomAspect_randomNfpUpTo8_withTorsion_flux_tubes/heliotron_randomAspect_finiteBeta_maxm1_maxn1_LMN8_001246.h5,0.889863102224947,0.5104476536227259,0.13496600394232108,0.37548164968040487,False,False,1.206343433131149,1.068121850701722,log_f_Q|f_stab|log_FSA_grad_x|bad_curvature_compression|parallel_roughness_iqr_scaled|nfp|iota|shat|aspect|rho|aspect/rho|equilibrium_class_1|equilibrium_class_2|equilibrium_class_3|equilibrium_class_4,observed-comparison,1.0184575319290161,1.0184575115938155,0.44231047733811124,0.4083026384604732,1.4550771116366938,0.0
geodesic_curvature_compression,geodesic_curvature_compression:0123,95267,88960,20241122-01-QUASR/20241122-01-031_QUASR_finite_beta_equilibria_with_maxF_below_threshold_and_enough_iota_flux_tubes/QUASR_finiteBeta_002604.h5,20241122-01-QUASR/20241122-01-031_QUASR_finite_beta_equilibria_with_maxF_below_threshold_and_enough_iota_flux_tubes/QUASR_finiteBeta_001023.h5,0.8940787543682094,0.4170591942734309,0.05172579583959543,0.3653333984338355,False,False,1.206343433131149,1.068121850701722,log_f_Q|f_stab|log_FSA_grad_x|bad_curvature_compression|parallel_roughness_iqr_scaled|nfp|iota|shat|aspect|rho|aspect/rho|equilibrium_class_1|equilibrium_class_2|equilibrium_class_3|equilibrium_class_4,observed-comparison,1.7548352479934692,1.7548353379112709,0.7621153039036933,0.3659427266622385,0.13515525003453321,0.0
geodesic_curvature_compression,geodesic_curvature_compression:0124,67826,29416,20241115-01-random_heliotrons/20241115-01-023_heliotrons_finiteBeta_randomAspect_randomNfpUpTo8_withTorsion_flux_tubes/heliotron_randomAspect_finiteBeta_maxm1_maxn1_LMN8_000989.h5,20241103-01-random_equilibria_and_flux_tubes_random_aspect_ratio/20241103-01-064_generate_flux_tubes_nfp4/nfp4_randomAspect_finiteBeta_maxm4_maxn4_LMN8_000982.h5,0.8943560172197884,0.5464174351183518,0.12589168006748697,0.42052575505086487,False,False,1.206343433131149,1.068121850701722,log_f_Q|f_stab|log_FSA_grad_x|bad_curvature_compression|parallel_roughness_iqr_scaled|nfp|iota|shat|aspect|rho|aspect/rho|equilibrium_class_1|equilibrium_class_2|equilibrium_class_3|equilibrium_class_4,observed-comparison,1.0681194067001343,1.0681195672822743,0.4638784340835807,0.5419236374134315,-2.3489909585857593,0.0
geodesic_curvature_compression,geodesic_curvature_compression:0125,13802,24230,20241103-01-random_equilibria_and_flux_tubes_random_aspect_ratio/20241103-01-063_generate_flux_tubes_nfp3/nfp3_randomAspect_finiteBeta_maxm4_maxn4_LMN8_000270.h5,20241103-01-random_equilibria_and_flux_tubes_random_aspect_ratio/20241103-01-063_generate_flux_tubes_nfp3/nfp3_randomAspect_finiteBeta_maxm4_maxn4_LMN8_002884.h5,0.8964248960004805,0.35184655334821807,0.13782627500505365,0.21402027834316442,False,False,1.206343433131149,1.068121850701722,log_f_Q|f_stab|log_FSA_grad_x|bad_curvature_compression|parallel_roughness_iqr_scaled|nfp|iota|shat|aspect|rho|aspect/rho|equilibrium_class_1|equilibrium_class_2|equilibrium_class_3|equilibrium_class_4,observed-comparison,2.543980173766613,2.5439802244326213,1.1048365735420833,1.6199323111809398,0.11042838966313218,0.0
geodesic_curvature_compression,geodesic_curvature_compression:0126,69619,69914,20241115-01-random_heliotrons/20241115-01-023_heliotrons_finiteBeta_randomAspect_randomNfpUpTo8_withTorsion_flux_tubes/heliotron_randomAspect_finiteBeta_maxm1_maxn1_LMN8_001438.h5,20241115-01-random_heliotrons/20241115-01-023_heliotrons_finiteBeta_randomAspect_randomNfpUpTo8_withTorsion_flux_tubes/heliotron_randomAspect_finiteBeta_maxm1_maxn1_LMN8_001511.h5,0.8974476455472664,0.399566286997963,0.12621770890278725,0.27334857809517576,False,False,1.206343433131149,1.068121850701722,log_f_Q|f_stab|log_FSA_grad_x|bad_curvature_compression|parallel_roughness_iqr_scaled|nfp|iota|shat|aspect|rho|aspect/rho|equilibrium_class_1|equilibrium_class_2|equilibrium_class_3|equilibrium_class_4,observed-comparison,2.017857640981674,2.0178575990699503,0.8763444205426237,1.7435534846328091,-0.45150602211079915,0.0
geodesic_curvature_compression,geodesic_curvature_compression:0127,28887,28836,20241103-01-random_equilibria_and_flux_tubes_random_aspect_ratio/20241103-01-064_generate_flux_tubes_nfp4/nfp4_randomAspect_finiteBeta_maxm4_maxn4_LMN8_000850.h5,20241103-01-random_equilibria_and_flux_tubes_random_aspect_ratio/20241103-01-064_generate_flux_tubes_nfp4/nfp4_randomAspect_finiteBeta_maxm4_maxn4_LMN8_000837.h5,0.8988973358837082,0.5600441175467656,0.1328239363390625,0.4272201812077031,False,False,1.206343433131149,1.068121850701722,log_f_Q|f_stab|log_FSA_grad_x|bad_curvature_compression|parallel_roughness_iqr_scaled|nfp|iota|shat|aspect|rho|aspect/rho|equilibrium_class_1|equilibrium_class_2|equilibrium_class_3|equilibrium_class_4,observed-comparison,2.7312688529491425,2.731268838388139,1.1861749851062733,1.3543003959667015,3.0215175661503904,0.0
geodesic_curvature_compression,geodesic_curvature_compression:0128,61571,61855,20241115-01-random_heliotrons/20241115-01-022_heliotrons_finiteBeta_randomAspect_randomNfpUpTo8_noTorsion_flux_tubes/heliotron_randomAspect_finiteBeta_maxm1_maxn1_LMN8_002624.h5,20241115-01-random_heliotrons/20241115-01-022_heliotrons_finiteBeta_randomAspect_randomNfpUpTo8_noTorsion_flux_tubes/heliotron_randomAspect_finiteBeta_maxm1_maxn1_LMN8_002695.h5,0.9083873467094529,0.32865110045523777,0.1617828111980544,0.16686828925718336,False,False,1.206343433131149,1.068121850701722,log_f_Q|f_stab|log_FSA_grad_x|bad_curvature_compression|parallel_roughness_iqr_scaled|nfp|iota|shat|aspect|rho|aspect/rho|equilibrium_class_1|equilibrium_class_2|equilibrium_class_3|equilibrium_class_4,observed-comparison,1.4974957704544067,1.4974958297695578,0.6503541755420504,0.5102189999395126,-0.027188966249835467,0.0
geodesic_curvature_compression,geodesic_curvature_compression:0129,68768,87702,20241115-01-random_heliotrons/20241115-01-023_heliotrons_finiteBeta_randomAspect_randomNfpUpTo8_withTorsion_flux_tubes/heliotron_randomAspect_finiteBeta_maxm1_maxn1_LMN8_001225.h5,20241122-01-QUASR/20241122-01-031_QUASR_finite_beta_equilibria_with_maxF_below_threshold_and_enough_iota_flux_tubes/QUASR_finiteBeta_000705.h5,0.9100963581898631,0.4028436654709049,0.1587579676904587,0.2440856977804462,False,False,1.206343433131149,1.068121850701722,log_f_Q|f_stab|log_FSA_grad_x|bad_curvature_compression|parallel_roughness_iqr_scaled|nfp|iota|shat|aspect|rho|aspect/rho|equilibrium_class_1|equilibrium_class_2|equilibrium_class_3|equilibrium_class_4,observed-comparison,-0.7002573013305664,-0.7002572945169558,-0.3041178789212142,-0.2410244922522924,0.6928321659354508,0.0
geodesic_curvature_compression,geodesic_curvature_compression:0130,65147,45557,20241115-01-random_heliotrons/20241115-01-023_heliotrons_finiteBeta_randomAspect_randomNfpUpTo8_withTorsion_flux_tubes/heliotron_randomAspect_finiteBeta_maxm1_maxn1_LMN8_000319.h5,20241103-01-random_equilibria_and_flux_tubes_random_aspect_ratio/20241103-01-065_generate_flux_tubes_nfp5/nfp5_randomAspect_finiteBeta_maxm4_maxn4_LMN8_001819.h5,0.9193907099523896,0.49627251869491235,0.10510325532015087,0.3911692633747615,False,False,1.206343433131149,1.068121850701722,log_f_Q|f_stab|log_FSA_grad_x|bad_curvature_compression|parallel_roughness_iqr_scaled|nfp|iota|shat|aspect|rho|aspect/rho|equilibrium_class_1|equilibrium_class_2|equilibrium_class_3|equilibrium_class_4,observed-comparison,1.8911275565624237,1.8911275900294906,0.8213062769248028,0.9191585989969723,-0.5315904866760355,0.0
geodesic_curvature_compression,geodesic_curvature_compression:0131,84448,76958,20241122-01-QUASR/20241122-01-030_QUASR_vacuum_equilibria_with_maxF_below_threshold_and_enough_iota_flux_tubes/QUASR_vacuum_000390.h5,20241122-01-QUASR/20241122-01-030_QUASR_vacuum_equilibria_with_maxF_below_threshold_and_enough_iota_flux_tubes/QUASR_vacuum_000014.h5,0.9295084384689988,0.34130617762840537,0.06796799363220594,0.2733381839961994,False,False,1.206343433131149,1.068121850701722,log_f_Q|f_stab|log_FSA_grad_x|bad_curvature_compression|parallel_roughness_iqr_scaled|nfp|iota|shat|aspect|rho|aspect/rho|equilibrium_class_1|equilibrium_class_2|equilibrium_class_3|equilibrium_class_4,observed-comparison,0.39605116844177246,0.3960510724189903,0.17200279530343254,-0.3810912108414125,-1.0128118302794737,0.0
geodesic_curvature_compression,geodesic_curvature_compression:0132,2023,12907,20241103-01-random_equilibria_and_flux_tubes_random_aspect_ratio/20241103-01-062_generate_flux_tubes_nfp2/nfp2_randomAspect_finiteBeta_maxm4_maxn4_LMN8_000509.h5,20241103-01-random_equilibria_and_flux_tubes_random_aspect_ratio/20241103-01-063_generate_flux_tubes_nfp3/nfp3_randomAspect_finiteBeta_maxm4_maxn4_LMN8_000045.h5,0.9374489689269445,0.4602463054194527,0.1504780200075514,0.3097682854119013,False,False,1.206343433131149,1.068121850701722,log_f_Q|f_stab|log_FSA_grad_x|bad_curvature_compression|parallel_roughness_iqr_scaled|nfp|iota|shat|aspect|rho|aspect/rho|equilibrium_class_1|equilibrium_class_2|equilibrium_class_3|equilibrium_class_4,observed-comparison,2.823969542980194,2.823969647218628,1.226434434849323,0.6371642948005973,2.6908403446515985,0.0
geodesic_curvature_compression,geodesic_curvature_compression:0133,62584,21075,20241115-01-random_heliotrons/20241115-01-022_heliotrons_finiteBeta_randomAspect_randomNfpUpTo8_noTorsion_flux_tubes/heliotron_randomAspect_finiteBeta_maxm1_maxn1_LMN8_002878.h5,20241103-01-random_equilibria_and_flux_tubes_random_aspect_ratio/20241103-01-063_generate_flux_tubes_nfp3/nfp3_randomAspect_finiteBeta_maxm4_maxn4_LMN8_002094.h5,0.946627748822457,0.32931379774189234,0.07977904081666957,0.24953475692522276,False,False,1.206343433131149,1.068121850701722,log_f_Q|f_stab|log_FSA_grad_x|bad_curvature_compression|parallel_roughness_iqr_scaled|nfp|iota|shat|aspect|rho|aspect/rho|equilibrium_class_1|equilibrium_class_2|equilibrium_class_3|equilibrium_class_4,observed-comparison,2.919973075389862,2.919973063054593,1.2681281885907456,1.6162705590342017,0.08369008862789573,0.0
geodesic_curvature_compression,geodesic_curvature_compression:0134,79312,77680,20241122-01-QUASR/20241122-01-030_QUASR_vacuum_equilibria_with_maxF_below_threshold_and_enough_iota_flux_tubes/QUASR_vacuum_000133.h5,20241122-01-QUASR/20241122-01-030_QUASR_vacuum_equilibria_with_maxF_below_threshold_and_enough_iota_flux_tubes/QUASR_vacuum_000051.h5,0.9623624349433914,0.3964512997507906,0.09665709732295134,0.2997942024278392,False,False,1.206343433131149,1.068121850701722,log_f_Q|f_stab|log_FSA_grad_x|bad_curvature_compression|parallel_roughness_iqr_scaled|nfp|iota|shat|aspect|rho|aspect/rho|equilibrium_class_1|equilibrium_class_2|equilibrium_class_3|equilibrium_class_4,observed-comparison,1.546268343925476,1.5462681966110345,0.6715357453306648,-0.146869529093705,0.7476732185326542,0.0
geodesic_curvature_compression,geodesic_curvature_compression:0135,54470,61470,20241115-01-random_heliotrons/20241115-01-022_heliotrons_finiteBeta_randomAspect_randomNfpUpTo8_noTorsion_flux_tubes/heliotron_randomAspect_finiteBeta_maxm1_maxn1_LMN8_000848.h5,20241115-01-random_heliotrons/20241115-01-022_heliotrons_finiteBeta_randomAspect_randomNfpUpTo8_noTorsion_flux_tubes/heliotron_randomAspect_finiteBeta_maxm1_maxn1_LMN8_002599.h5,0.9624598359386811,0.33110598223069226,0.1315514030650772,0.19955457916561506,False,False,1.206343433131149,1.068121850701722,log_f_Q|f_stab|log_FSA_grad_x|bad_curvature_compression|parallel_roughness_iqr_scaled|nfp|iota|shat|aspect|rho|aspect/rho|equilibrium_class_1|equilibrium_class_2|equilibrium_class_3|equilibrium_class_4,observed-comparison,2.98575896024704,2.9857589121113586,1.2966986198234194,1.4927701631726276,0.22798278918625536,0.0
geodesic_curvature_compression,geodesic_curvature_compression:0136,52498,76092,20241115-01-random_heliotrons/20241115-01-022_heliotrons_finiteBeta_randomAspect_randomNfpUpTo8_noTorsion_flux_tubes/heliotron_randomAspect_finiteBeta_maxm1_maxn1_LMN8_000355.h5,20241115-01-random_heliotrons/20241115-01-023_heliotrons_finiteBeta_randomAspect_randomNfpUpTo8_withTorsion_flux_tubes/heliotron_randomAspect_finiteBeta_maxm1_maxn1_LMN8_003057.h5,0.9649816762417698,0.4024041524716735,0.08901415994833489,0.3133899925233386,False,False,1.206343433131149,1.068121850701722,log_f_Q|f_stab|log_FSA_grad_x|bad_curvature_compression|parallel_roughness_iqr_scaled|nfp|iota|shat|aspect|rho|aspect/rho|equilibrium_class_1|equilibrium_class_2|equilibrium_class_3|equilibrium_class_4,observed-comparison,1.2578104734420776,1.257810420080172,0.5462601247212299,0.61724897452763,-0.4033782865548048,0.0
geodesic_curvature_compression,geodesic_curvature_compression:0137,95566,90585,20241122-01-QUASR/20241122-01-031_QUASR_finite_beta_equilibria_with_maxF_below_threshold_and_enough_iota_flux_tubes/QUASR_finiteBeta_002679.h5,20241122-01-QUASR/20241122-01-031_QUASR_finite_beta_equilibria_with_maxF_below_threshold_and_enough_iota_flux_tubes/QUASR_finiteBeta_001433.h5,0.9789821467775662,0.4573735994757089,0.14454374017166083,0.31282985930404805,False,False,1.206343433131149,1.068121850701722,log_f_Q|f_stab|log_FSA_grad_x|bad_curvature_compression|parallel_roughness_iqr_scaled|nfp|iota|shat|aspect|rho|aspect/rho|equilibrium_class_1|equilibrium_class_2|equilibrium_class_3|equilibrium_class_4,observed-comparison,1.7097116708755493,1.7097117400021413,0.7425183743281372,0.498930205039544,0.6844639289204293,0.0
geodesic_curvature_compression,geodesic_curvature_compression:0138,92921,79200,20241122-01-QUASR/20241122-01-031_QUASR_finite_beta_equilibria_with_maxF_below_threshold_and_enough_iota_flux_tubes/QUASR_finiteBeta_002017.h5,20241122-01-QUASR/20241122-01-030_QUASR_vacuum_equilibria_with_maxF_below_threshold_and_enough_iota_flux_tubes/QUASR_vacuum_000127.h5,0.979349415358207,0.5586861180682573,0.09453188841776668,0.46415422965049064,False,False,1.206343433131149,1.068121850701722,log_f_Q|f_stab|log_FSA_grad_x|bad_curvature_compression|parallel_roughness_iqr_scaled|nfp|iota|shat|aspect|rho|aspect/rho|equilibrium_class_1|equilibrium_class_2|equilibrium_class_3|equilibrium_class_4,observed-comparison,1.0773621797561646,1.0773622206063043,0.46789246742035184,-0.006006122720146556,-1.3202488095863996,0.0
geodesic_curvature_compression,geodesic_curvature_compression:0139,3737,25816,20241103-01-random_equilibria_and_flux_tubes_random_aspect_ratio/20241103-01-062_generate_flux_tubes_nfp2/nfp2_randomAspect_finiteBeta_maxm4_maxn4_LMN8_000940.h5,20241103-01-random_equilibria_and_flux_tubes_random_aspect_ratio/20241103-01-064_generate_flux_tubes_nfp4/nfp4_randomAspect_finiteBeta_maxm4_maxn4_LMN8_000082.h5,0.9919134646259773,0.40705880728037763,0.1472679932298248,0.2597908140505528,False,False,1.206343433131149,1.068121850701722,log_f_Q|f_stab|log_FSA_grad_x|bad_curvature_compression|parallel_roughness_iqr_scaled|nfp|iota|shat|aspect|rho|aspect/rho|equilibrium_class_1|equilibrium_class_2|equilibrium_class_3|equilibrium_class_4,observed-comparison,1.3390506505966187,1.339050703649673,0.5815423315837195,0.2806551792510955,-2.793339511478767,0.0
geodesic_curvature_compression,geodesic_curvature_compression:0140,94634,1267,20241122-01-QUASR/20241122-01-031_QUASR_finite_beta_equilibria_with_maxF_below_threshold_and_enough_iota_flux_tubes/QUASR_finiteBeta_002446.h5,20241103-01-random_equilibria_and_flux_tubes_random_aspect_ratio/20241103-01-062_generate_flux_tubes_nfp2/nfp2_randomAspect_finiteBeta_maxm4_maxn4_LMN8_000319.h5,1.0133583598956202,0.3927585171392521,0.12221221554578121,0.2705463015934709,False,False,1.206343433131149,1.068121850701722,log_f_Q|f_stab|log_FSA_grad_x|bad_curvature_compression|parallel_roughness_iqr_scaled|nfp|iota|shat|aspect|rho|aspect/rho|equilibrium_class_1|equilibrium_class_2|equilibrium_class_3|equilibrium_class_4,observed-comparison,1.1437643766403198,1.1437643376297706,0.4967305404303374,-0.5524600386025283,0.025520019109435355,0.0
geodesic_curvature_compression,geodesic_curvature_compression:0141,100411,88956,20241122-01-QUASR/20241122-01-031_QUASR_finite_beta_equilibria_with_maxF_below_threshold_and_enough_iota_flux_tubes/QUASR_finiteBeta_003890.h5,20241122-01-QUASR/20241122-01-031_QUASR_finite_beta_equilibria_with_maxF_below_threshold_and_enough_iota_flux_tubes/QUASR_finiteBeta_001022.h5,1.0297031950846187,0.4643950770832474,0.11014776512795284,0.3542473119552946,False,False,1.206343433131149,1.068121850701722,log_f_Q|f_stab|log_FSA_grad_x|bad_curvature_compression|parallel_roughness_iqr_scaled|nfp|iota|shat|aspect|rho|aspect/rho|equilibrium_class_1|equilibrium_class_2|equilibrium_class_3|equilibrium_class_4,observed-comparison,1.273162603378296,1.2731626960866624,0.5529275334755042,1.8408647248292047,0.3008642092900753,0.0
geodesic_curvature_compression,geodesic_curvature_compression:0142,81242,79054,20241122-01-QUASR/20241122-01-030_QUASR_vacuum_equilibria_with_maxF_below_threshold_and_enough_iota_flux_tubes/QUASR_vacuum_000229.h5,20241122-01-QUASR/20241122-01-030_QUASR_vacuum_equilibria_with_maxF_below_threshold_and_enough_iota_flux_tubes/QUASR_vacuum_000120.h5,1.035579162209897,0.4449523243856825,0.15162841426175522,0.2933239101239273,False,False,1.206343433131149,1.068121850701722,log_f_Q|f_stab|log_FSA_grad_x|bad_curvature_compression|parallel_roughness_iqr_scaled|nfp|iota|shat|aspect|rho|aspect/rho|equilibrium_class_1|equilibrium_class_2|equilibrium_class_3|equilibrium_class_4,observed-comparison,1.3767446279525757,1.3767444781791864,0.5979125298639927,0.08806221270837367,-0.05725646572415166,0.0
geodesic_curvature_compression,geodesic_curvature_compression:0143,81328,80456,20241122-01-QUASR/20241122-01-030_QUASR_vacuum_equilibria_with_maxF_below_threshold_and_enough_iota_flux_tubes/QUASR_vacuum_000233.h5,20241122-01-QUASR/20241122-01-030_QUASR_vacuum_equilibria_with_maxF_below_threshold_and_enough_iota_flux_tubes/QUASR_vacuum_000190.h5,1.0465948022877885,0.3776077699679811,0.12961894079221334,0.24798882917576778,False,False,1.206343433131149,1.068121850701722,log_f_Q|f_stab|log_FSA_grad_x|bad_curvature_compression|parallel_roughness_iqr_scaled|nfp|iota|shat|aspect|rho|aspect/rho|equilibrium_class_1|equilibrium_class_2|equilibrium_class_3|equilibrium_class_4,observed-comparison,1.2454513311386108,1.245451379488015,0.5408926615904379,0.36354574456547617,0.5381056148031675,0.0
geodesic_curvature_compression,geodesic_curvature_compression:0144,64670,78745,20241115-01-random_heliotrons/20241115-01-023_heliotrons_finiteBeta_randomAspect_randomNfpUpTo8_withTorsion_flux_tubes/heliotron_randomAspect_finiteBeta_maxm1_maxn1_LMN8_000200.h5,20241122-01-QUASR/20241122-01-030_QUASR_vacuum_equilibria_with_maxF_below_threshold_and_enough_iota_flux_tubes/QUASR_vacuum_000104.h5,1.0493012240062713,0.37927658298162364,0.08728623917756506,0.2919903438040586,False,False,1.206343433131149,1.068121850701722,log_f_Q|f_stab|log_FSA_grad_x|bad_curvature_compression|parallel_roughness_iqr_scaled|nfp|iota|shat|aspect|rho|aspect/rho|equilibrium_class_1|equilibrium_class_2|equilibrium_class_3|equilibrium_class_4,observed-comparison,0.4783153533935547,0.47831542446558184,0.20772974945461398,-0.08806087288245168,0.010568786362196159,0.0
geodesic_curvature_compression,geodesic_curvature_compression:0145,90804,89374,20241122-01-QUASR/20241122-01-031_QUASR_finite_beta_equilibria_with_maxF_below_threshold_and_enough_iota_flux_tubes/QUASR_finiteBeta_001488.h5,20241122-01-QUASR/20241122-01-031_QUASR_finite_beta_equilibria_with_maxF_below_threshold_and_enough_iota_flux_tubes/QUASR_finiteBeta_001127.h5,1.0530986636828115,0.3351445308099163,0.08551243936149155,0.24963209144842474,False,False,1.206343433131149,1.068121850701722,log_f_Q|f_stab|log_FSA_grad_x|bad_curvature_compression|parallel_roughness_iqr_scaled|nfp|iota|shat|aspect|rho|aspect/rho|equilibrium_class_1|equilibrium_class_2|equilibrium_class_3|equilibrium_class_4,observed-comparison,3.0541098739486188,3.054109805588318,1.3263830356936197,0.8923742868752113,1.0404990416154023,0.0
geodesic_curvature_compression,geodesic_curvature_compression:0146,1570,7975,20241103-01-random_equilibria_and_flux_tubes_random_aspect_ratio/20241103-01-062_generate_flux_tubes_nfp2/nfp2_randomAspect_finiteBeta_maxm4_maxn4_LMN8_000395.h5,20241103-01-random_equilibria_and_flux_tubes_random_aspect_ratio/20241103-01-062_generate_flux_tubes_nfp2/nfp2_randomAspect_finiteBeta_maxm4_maxn4_LMN8_002005.h5,1.0913947348744901,0.5071673797648033,0.10126216810203165,0.40590521166277166,False,False,1.206343433131149,1.068121850701722,log_f_Q|f_stab|log_FSA_grad_x|bad_curvature_compression|parallel_roughness_iqr_scaled|nfp|iota|shat|aspect|rho|aspect/rho|equilibrium_class_1|equilibrium_class_2|equilibrium_class_3|equilibrium_class_4,observed-comparison,3.039526253938675,3.0395261510441007,1.3200494349990828,1.608048134844906,3.680906595048572,0.0
geodesic_curvature_compression,geodesic_curvature_compression:0147,96408,80856,20241122-01-QUASR/20241122-01-031_QUASR_finite_beta_equilibria_with_maxF_below_threshold_and_enough_iota_flux_tubes/QUASR_finiteBeta_002889.h5,20241122-01-QUASR/20241122-01-030_QUASR_vacuum_equilibria_with_maxF_below_threshold_and_enough_iota_flux_tubes/QUASR_vacuum_000210.h5,1.1016269798774876,0.5255583048580014,0.1343726319941745,0.3911856728638269,False,False,1.206343433131149,1.068121850701722,log_f_Q|f_stab|log_FSA_grad_x|bad_curvature_compression|parallel_roughness_iqr_scaled|nfp|iota|shat|aspect|rho|aspect/rho|equilibrium_class_1|equilibrium_class_2|equilibrium_class_3|equilibrium_class_4,observed-comparison,1.7566072940826416,1.7566073983258583,0.7628848999633476,0.5574542422577219,-0.3015524087212367,0.0
geodesic_curvature_compression,geodesic_curvature_compression:0148,73725,37075,20241115-01-random_heliotrons/20241115-01-023_heliotrons_finiteBeta_randomAspect_randomNfpUpTo8_withTorsion_flux_tubes/heliotron_randomAspect_finiteBeta_maxm1_maxn1_LMN8_002465.h5,20241103-01-random_equilibria_and_flux_tubes_random_aspect_ratio/20241103-01-064_generate_flux_tubes_nfp4/nfp4_randomAspect_finiteBeta_maxm4_maxn4_LMN8_002898.h5,1.1203167399356966,0.5393117775011342,0.0737353113143956,0.46557646618673865,False,False,1.206343433131149,1.068121850701722,log_f_Q|f_stab|log_FSA_grad_x|bad_curvature_compression|parallel_roughness_iqr_scaled|nfp|iota|shat|aspect|rho|aspect/rho|equilibrium_class_1|equilibrium_class_2|equilibrium_class_3|equilibrium_class_4,observed-comparison,2.432598054409027,2.432598015416579,1.0564638947842218,1.9137368865971298,-0.7687924693799917,0.0
geodesic_curvature_compression,geodesic_curvature_compression:0149,75256,64601,20241115-01-random_heliotrons/20241115-01-023_heliotrons_finiteBeta_randomAspect_randomNfpUpTo8_withTorsion_flux_tubes/heliotron_randomAspect_finiteBeta_maxm1_maxn1_LMN8_002848.h5,20241115-01-random_heliotrons/20241115-01-023_heliotrons_finiteBeta_randomAspect_randomNfpUpTo8_withTorsion_flux_tubes/heliotron_randomAspect_finiteBeta_maxm1_maxn1_LMN8_000182.h5,1.1316877608473568,0.3886976888896582,0.13126193547134626,0.25743575341831193,False,False,1.206343433131149,1.068121850701722,log_f_Q|f_stab|log_FSA_grad_x|bad_curvature_compression|parallel_roughness_iqr_scaled|nfp|iota|shat|aspect|rho|aspect/rho|equilibrium_class_1|equilibrium_class_2|equilibrium_class_3|equilibrium_class_4,observed-comparison,3.5457226037979126,3.545722652563376,1.539887782367635,2.6950723780118646,-0.11993164909084464,0.0
geodesic_curvature_compression,geodesic_curvature_compression:0150,90868,90961,20241122-01-QUASR/20241122-01-031_QUASR_finite_beta_equilibria_with_maxF_below_threshold_and_enough_iota_flux_tubes/QUASR_finiteBeta_001504.h5,20241122-01-QUASR/20241122-01-031_QUASR_finite_beta_equilibria_with_maxF_below_threshold_and_enough_iota_flux_tubes/QUASR_finiteBeta_001527.h5,1.1340346567011241,0.380786197829333,0.1337043206067182,0.2470818772226148,False,False,1.206343433131149,1.068121850701722,log_f_Q|f_stab|log_FSA_grad_x|bad_curvature_compression|parallel_roughness_iqr_scaled|nfp|iota|shat|aspect|rho|aspect/rho|equilibrium_class_1|equilibrium_class_2|equilibrium_class_3|equilibrium_class_4,observed-comparison,2.0027406215667725,2.002740703739579,0.8697792363171343,-0.1676897119040907,1.1307740370614077,0.0
geodesic_curvature_compression,geodesic_curvature_compression:0151,92837,24443,20241122-01-QUASR/20241122-01-031_QUASR_finite_beta_equilibria_with_maxF_below_threshold_and_enough_iota_flux_tubes/QUASR_finiteBeta_001996.h5,20241103-01-random_equilibria_and_flux_tubes_random_aspect_ratio/20241103-01-063_generate_flux_tubes_nfp3/nfp3_randomAspect_finiteBeta_maxm4_maxn4_LMN8_002937.h5,1.1427154072763703,0.41053079403191695,0.09634536452783582,0.3141854295040811,False,False,1.206343433131149,1.068121850701722,log_f_Q|f_stab|log_FSA_grad_x|bad_curvature_compression|parallel_roughness_iqr_scaled|nfp|iota|shat|aspect|rho|aspect/rho|equilibrium_class_1|equilibrium_class_2|equilibrium_class_3|equilibrium_class_4,observed-comparison,2.2006755471229553,2.2006755282751285,0.9557412383894119,-0.13923605834643404,1.1960792006610448,0.0
geodesic_curvature_compression,geodesic_curvature_compression:0152,51743,88896,20241115-01-random_heliotrons/20241115-01-022_heliotrons_finiteBeta_randomAspect_randomNfpUpTo8_noTorsion_flux_tubes/heliotron_randomAspect_finiteBeta_maxm1_maxn1_LMN8_000167.h5,20241122-01-QUASR/20241122-01-031_QUASR_finite_beta_equilibria_with_maxF_below_threshold_and_enough_iota_flux_tubes/QUASR_finiteBeta_001007.h5,1.1493642906596868,0.34347428422330034,0.08138034780089233,0.262093936422408,False,False,1.206343433131149,1.068121850701722,log_f_Q|f_stab|log_FSA_grad_x|bad_curvature_compression|parallel_roughness_iqr_scaled|nfp|iota|shat|aspect|rho|aspect/rho|equilibrium_class_1|equilibrium_class_2|equilibrium_class_3|equilibrium_class_4,observed-comparison,1.0221696197986603,1.0221695945383864,0.4439226144773055,-0.32214258653648664,3.3243453228941604,0.0
geodesic_curvature_compression,geodesic_curvature_compression:0153,75340,56033,20241115-01-random_heliotrons/20241115-01-023_heliotrons_finiteBeta_randomAspect_randomNfpUpTo8_withTorsion_flux_tubes/heliotron_randomAspect_finiteBeta_maxm1_maxn1_LMN8_002869.h5,20241115-01-random_heliotrons/20241115-01-022_heliotrons_finiteBeta_randomAspect_randomNfpUpTo8_noTorsion_flux_tubes/heliotron_randomAspect_finiteBeta_maxm1_maxn1_LMN8_001239.h5,1.1619051393354713,0.3292678448682346,0.12123992094883664,0.208027923919398,False,False,1.206343433131149,1.068121850701722,log_f_Q|f_stab|log_FSA_grad_x|bad_curvature_compression|parallel_roughness_iqr_scaled|nfp|iota|shat|aspect|rho|aspect/rho|equilibrium_class_1|equilibrium_class_2|equilibrium_class_3|equilibrium_class_4,observed-comparison,1.745934784412384,1.7459346781761174,0.7582497964954177,0.5138469844353066,0.195030709337642,0.0
geodesic_curvature_compression,geodesic_curvature_compression:0154,98833,94285,20241122-01-QUASR/20241122-01-031_QUASR_finite_beta_equilibria_with_maxF_below_threshold_and_enough_iota_flux_tubes/QUASR_finiteBeta_003496.h5,20241122-01-QUASR/20241122-01-031_QUASR_finite_beta_equilibria_with_maxF_below_threshold_and_enough_iota_flux_tubes/QUASR_finiteBeta_002359.h5,1.1670811310060396,0.4138876733261682,0.0536550192059664,0.36023265412020183,False,False,1.206343433131149,1.068121850701722,log_f_Q|f_stab|log_FSA_grad_x|bad_curvature_compression|parallel_roughness_iqr_scaled|nfp|iota|shat|aspect|rho|aspect/rho|equilibrium_class_1|equilibrium_class_2|equilibrium_class_3|equilibrium_class_4,observed-comparison,2.3988325595855713,2.398832649968192,1.0417997828905403,1.0750688996243873,-0.6927151744645155,0.0
geodesic_curvature_compression,geodesic_curvature_compression:0155,16861,15479,20241103-01-random_equilibria_and_flux_tubes_random_aspect_ratio/20241103-01-063_generate_flux_tubes_nfp3/nfp3_randomAspect_finiteBeta_maxm4_maxn4_LMN8_001038.h5,20241103-01-random_equilibria_and_flux_tubes_random_aspect_ratio/20241103-01-063_generate_flux_tubes_nfp3/nfp3_randomAspect_finiteBeta_maxm4_maxn4_LMN8_000691.h5,1.1937644270720171,0.3881921339800334,0.14074647659218012,0.24744565738785326,False,False,1.206343433131149,1.068121850701722,log_f_Q|f_stab|log_FSA_grad_x|bad_curvature_compression|parallel_roughness_iqr_scaled|nfp|iota|shat|aspect|rho|aspect/rho|equilibrium_class_1|equilibrium_class_2|equilibrium_class_3|equilibrium_class_4,observed-comparison,1.3228106498718262,1.322810724014486,0.5744893980419367,0.08536857251029407,1.9785406659610372,0.0
geodesic_curvature_compression,geodesic_curvature_compression:0156,84889,89362,20241122-01-QUASR/20241122-01-030_QUASR_vacuum_equilibria_with_maxF_below_threshold_and_enough_iota_flux_tubes/QUASR_vacuum_000412.h5,20241122-01-QUASR/20241122-01-031_QUASR_finite_beta_equilibria_with_maxF_below_threshold_and_enough_iota_flux_tubes/QUASR_finiteBeta_001124.h5,1.201601404598548,0.4909179949632094,0.07357938263345414,0.4173386123297553,False,False,1.206343433131149,1.068121850701722,log_f_Q|f_stab|log_FSA_grad_x|bad_curvature_compression|parallel_roughness_iqr_scaled|nfp|iota|shat|aspect|rho|aspect/rho|equilibrium_class_1|equilibrium_class_2|equilibrium_class_3|equilibrium_class_4,observed-comparison,2.931419298052788,2.931419262619131,1.273099209900388,1.220600255226724,0.3169569482254224,0.0
geodesic_curvature_compression,geodesic_curvature_compression:0157,18655,9514,20241103-01-random_equilibria_and_flux_tubes_random_aspect_ratio/20241103-01-063_generate_flux_tubes_nfp3/nfp3_randomAspect_finiteBeta_maxm4_maxn4_LMN8_001487.h5,20241103-01-random_equilibria_and_flux_tubes_random_aspect_ratio/20241103-01-062_generate_flux_tubes_nfp2/nfp2_randomAspect_finiteBeta_maxm4_maxn4_LMN8_002392.h5,1.2617094871704408,0.3348619012990659,0.0805087347042359,0.25435316659483,False,False,1.206343433131149,1.068121850701722,log_f_Q|f_stab|log_FSA_grad_x|bad_curvature_compression|parallel_roughness_iqr_scaled|nfp|iota|shat|aspect|rho|aspect/rho|equilibrium_class_1|equilibrium_class_2|equilibrium_class_3|equilibrium_class_4,observed-comparison,3.3723632097244263,3.3723632383845255,1.4645987454037799,1.7153536010260133,1.0462376739382873,0.0
geodesic_curvature_compression,geodesic_curvature_compression:0158,51375,87891,20241115-01-random_heliotrons/20241115-01-022_heliotrons_finiteBeta_randomAspect_randomNfpUpTo8_noTorsion_flux_tubes/heliotron_randomAspect_finiteBeta_maxm1_maxn1_LMN8_000075.h5,20241122-01-QUASR/20241122-01-031_QUASR_finite_beta_equilibria_with_maxF_below_threshold_and_enough_iota_flux_tubes/QUASR_finiteBeta_000754.h5,1.2727651082428468,0.33855362607295764,0.039877974704085474,0.29867565136887214,False,True,1.206343433131149,1.068121850701722,log_f_Q|f_stab|log_FSA_grad_x|bad_curvature_compression|parallel_roughness_iqr_scaled|nfp|iota|shat|aspect|rho|aspect/rho|equilibrium_class_1|equilibrium_class_2|equilibrium_class_3|equilibrium_class_4,observed-comparison,4.42497181892395,5.062860635915428,2.1987724368232584,2.6267078606904297,1.853362286953125,0.0
geodesic_curvature_compression,geodesic_curvature_compression:0159,13676,8018,20241103-01-random_equilibria_and_flux_tubes_random_aspect_ratio/20241103-01-063_generate_flux_tubes_nfp3/nfp3_randomAspect_finiteBeta_maxm4_maxn4_LMN8_000239.h5,20241103-01-random_equilibria_and_flux_tubes_random_aspect_ratio/20241103-01-062_generate_flux_tubes_nfp2/nfp2_randomAspect_finiteBeta_maxm4_maxn4_LMN8_002016.h5,1.2796417605045336,0.3263776716529853,0.06172578794046011,0.2646518837125252,False,False,1.206343433131149,1.068121850701722,log_f_Q|f_stab|log_FSA_grad_x|bad_curvature_compression|parallel_roughness_iqr_scaled|nfp|iota|shat|aspect|rho|aspect/rho|equilibrium_class_1|equilibrium_class_2|equilibrium_class_3|equilibrium_class_4,observed-comparison,2.925259619951248,2.9252596300982976,1.270424115486038,1.1274409675787322,2.2365803675795304,0.0
geodesic_curvature_compression,geodesic_curvature_compression:0160,81932,78662,20241122-01-QUASR/20241122-01-030_QUASR_vacuum_equilibria_with_maxF_below_threshold_and_enough_iota_flux_tubes/QUASR_vacuum_000264.h5,20241122-01-QUASR/20241122-01-030_QUASR_vacuum_equilibria_with_maxF_below_threshold_and_enough_iota_flux_tubes/QUASR_vacuum_000100.h5,1.2967947644836253,0.33241222831881656,0.09494716241746581,0.23746506590135075,False,False,1.206343433131149,1.068121850701722,log_f_Q|f_stab|log_FSA_grad_x|bad_curvature_compression|parallel_roughness_iqr_scaled|nfp|iota|shat|aspect|rho|aspect/rho|equilibrium_class_1|equilibrium_class_2|equilibrium_class_3|equilibrium_class_4,observed-comparison,1.5401349067687988,1.5401349289290003,0.6688721010203217,0.21345083540563414,-0.2644103964017659,0.0
geodesic_curvature_compression,geodesic_curvature_compression:0161,91484,91464,20241122-01-QUASR/20241122-01-031_QUASR_finite_beta_equilibria_with_maxF_below_threshold_and_enough_iota_flux_tubes/QUASR_finiteBeta_001658.h5,20241122-01-QUASR/20241122-01-031_QUASR_finite_beta_equilibria_with_maxF_below_threshold_and_enough_iota_flux_tubes/QUASR_finiteBeta_001653.h5,1.3059652058987843,0.4395053335693175,0.16385545630347148,0.275649877265846,False,False,1.206343433131149,1.068121850701722,log_f_Q|f_stab|log_FSA_grad_x|bad_curvature_compression|parallel_roughness_iqr_scaled|nfp|iota|shat|aspect|rho|aspect/rho|equilibrium_class_1|equilibrium_class_2|equilibrium_class_3|equilibrium_class_4,observed-comparison,2.3041953444480896,2.304195389091211,1.000699342709229,0.5312698072063899,0.5721396073894343,0.0
geodesic_curvature_compression,geodesic_curvature_compression:0162,68630,16916,20241115-01-random_heliotrons/20241115-01-023_heliotrons_finiteBeta_randomAspect_randomNfpUpTo8_withTorsion_flux_tubes/heliotron_randomAspect_finiteBeta_maxm1_maxn1_LMN8_001190.h5,20241103-01-random_equilibria_and_flux_tubes_random_aspect_ratio/20241103-01-063_generate_flux_tubes_nfp3/nfp3_randomAspect_finiteBeta_maxm4_maxn4_LMN8_001051.h5,1.3150055539458934,0.6573440263729302,0.12385858296277219,0.533485443410158,False,False,1.206343433131149,1.068121850701722,log_f_Q|f_stab|log_FSA_grad_x|bad_curvature_compression|parallel_roughness_iqr_scaled|nfp|iota|shat|aspect|rho|aspect/rho|equilibrium_class_1|equilibrium_class_2|equilibrium_class_3|equilibrium_class_4,observed-comparison,2.117036074399948,2.117036139801623,0.919417113505606,0.665444178411025,-0.0268208653851727,0.0
geodesic_curvature_compression,geodesic_curvature_compression:0163,57853,70897,20241115-01-random_heliotrons/20241115-01-022_heliotrons_finiteBeta_randomAspect_randomNfpUpTo8_noTorsion_flux_tubes/heliotron_randomAspect_finiteBeta_maxm1_maxn1_LMN8_001694.h5,20241115-01-random_heliotrons/20241115-01-023_heliotrons_finiteBeta_randomAspect_randomNfpUpTo8_withTorsion_flux_tubes/heliotron_randomAspect_finiteBeta_maxm1_maxn1_LMN8_001757.h5,1.3214717538061018,0.43852538082864584,0.11647556422314577,0.3220498166055001,False,False,1.206343433131149,1.068121850701722,log_f_Q|f_stab|log_FSA_grad_x|bad_curvature_compression|parallel_roughness_iqr_scaled|nfp|iota|shat|aspect|rho|aspect/rho|equilibrium_class_1|equilibrium_class_2|equilibrium_class_3|equilibrium_class_4,observed-comparison,0.8248723745346069,0.8248725202835903,0.35823758383279136,-0.22620330159945587,-1.7517397096691254,0.0
geodesic_curvature_compression,geodesic_curvature_compression:0164,65090,2532,20241115-01-random_heliotrons/20241115-01-023_heliotrons_finiteBeta_randomAspect_randomNfpUpTo8_withTorsion_flux_tubes/heliotron_randomAspect_finiteBeta_maxm1_maxn1_LMN8_000305.h5,20241103-01-random_equilibria_and_flux_tubes_random_aspect_ratio/20241103-01-062_generate_flux_tubes_nfp2/nfp2_randomAspect_finiteBeta_maxm4_maxn4_LMN8_000637.h5,1.3432437957080048,0.3756888792091208,0.0329843314320507,0.3427045477770701,False,False,1.206343433131149,1.068121850701722,log_f_Q|f_stab|log_FSA_grad_x|bad_curvature_compression|parallel_roughness_iqr_scaled|nfp|iota|shat|aspect|rho|aspect/rho|equilibrium_class_1|equilibrium_class_2|equilibrium_class_3|equilibrium_class_4,observed-comparison,3.8339545726776123,3.833954641973942,1.6650653448766408,1.3330307330744509,1.9432528009610568,0.0
geodesic_curvature_compression,geodesic_curvature_compression:0165,1392,89256,20241103-01-random_equilibria_and_flux_tubes_random_aspect_ratio/20241103-01-062_generate_flux_tubes_nfp2/nfp2_randomAspect_finiteBeta_maxm4_maxn4_LMN8_000350.h5,20241122-01-QUASR/20241122-01-031_QUASR_finite_beta_equilibria_with_maxF_below_threshold_and_enough_iota_flux_tubes/QUASR_finiteBeta_001097.h5,1.3461046273807815,0.42092263217675896,0.0797794172314483,0.34114321494531064,False,False,1.206343433131149,1.068121850701722,log_f_Q|f_stab|log_FSA_grad_x|bad_curvature_compression|parallel_roughness_iqr_scaled|nfp|iota|shat|aspect|rho|aspect/rho|equilibrium_class_1|equilibrium_class_2|equilibrium_class_3|equilibrium_class_4,observed-comparison,3.489249648526311,3.4892497285698125,1.5153619031002887,1.3179604551600963,3.803236078073126,0.0
geodesic_curvature_compression,geodesic_curvature_compression:0166,39672,15731,20241103-01-random_equilibria_and_flux_tubes_random_aspect_ratio/20241103-01-065_generate_flux_tubes_nfp5/nfp5_randomAspect_finiteBeta_maxm4_maxn4_LMN8_000347.h5,20241103-01-random_equilibria_and_flux_tubes_random_aspect_ratio/20241103-01-063_generate_flux_tubes_nfp3/nfp3_randomAspect_finiteBeta_maxm4_maxn4_LMN8_000754.h5,1.3475025634944648,0.4299933934798094,0.16118226480489772,0.2688111286749117,False,False,1.206343433131149,1.068121850701722,log_f_Q|f_stab|log_FSA_grad_x|bad_curvature_compression|parallel_roughness_iqr_scaled|nfp|iota|shat|aspect|rho|aspect/rho|equilibrium_class_1|equilibrium_class_2|equilibrium_class_3|equilibrium_class_4,observed-comparison,1.2702178359031677,1.2702178411987213,0.5516485992476656,0.5902514542233579,1.0259094228771646,0.0
geodesic_curvature_compression,geodesic_curvature_compression:0167,62005,62017,20241115-01-random_heliotrons/20241115-01-022_heliotrons_finiteBeta_randomAspect_randomNfpUpTo8_noTorsion_flux_tubes/heliotron_randomAspect_finiteBeta_maxm1_maxn1_LMN8_002733.h5,20241115-01-random_heliotrons/20241115-01-022_heliotrons_finiteBeta_randomAspect_randomNfpUpTo8_noTorsion_flux_tubes/heliotron_randomAspect_finiteBeta_maxm1_maxn1_LMN8_002736.h5,1.348537360386455,0.42977440937844286,0.11959178632268681,0.31018262305575606,False,False,1.206343433131149,1.068121850701722,log_f_Q|f_stab|log_FSA_grad_x|bad_curvature_compression|parallel_roughness_iqr_scaled|nfp|iota|shat|aspect|rho|aspect/rho|equilibrium_class_1|equilibrium_class_2|equilibrium_class_3|equilibrium_class_4,observed-comparison,2.183919370174408,2.1839192801669567,0.9484640922986312,1.052397060229318,-0.5184001891041943,0.0
geodesic_curvature_compression,geodesic_curvature_compression:0168,71515,76732,20241115-01-random_heliotrons/20241115-01-023_heliotrons_finiteBeta_randomAspect_randomNfpUpTo8_withTorsion_flux_tubes/heliotron_randomAspect_finiteBeta_maxm1_maxn1_LMN8_001912.h5,20241122-01-QUASR/20241122-01-030_QUASR_vacuum_equilibria_with_maxF_below_threshold_and_enough_iota_flux_tubes/QUASR_vacuum_000003.h5,1.3581666620446957,0.3602274242966561,0.12129715761531434,0.23893026668134176,False,False,1.206343433131149,1.068121850701722,log_f_Q|f_stab|log_FSA_grad_x|bad_curvature_compression|parallel_roughness_iqr_scaled|nfp|iota|shat|aspect|rho|aspect/rho|equilibrium_class_1|equilibrium_class_2|equilibrium_class_3|equilibrium_class_4,observed-comparison,0.25481951236724854,0.2548196117850461,0.11066675127897435,0.2009023379287757,0.39745437768652203,0.0
geodesic_curvature_compression,geodesic_curvature_compression:0169,39342,52074,20241103-01-random_equilibria_and_flux_tubes_random_aspect_ratio/20241103-01-065_generate_flux_tubes_nfp5/nfp5_randomAspect_finiteBeta_maxm4_maxn4_LMN8_000265.h5,20241115-01-random_heliotrons/20241115-01-022_heliotrons_finiteBeta_randomAspect_randomNfpUpTo8_noTorsion_flux_tubes/heliotron_randomAspect_finiteBeta_maxm1_maxn1_LMN8_000249.h5,1.3956461748676139,0.3847520532320951,0.14001649130032445,0.24473556193177065,False,False,1.206343433131149,1.068121850701722,log_f_Q|f_stab|log_FSA_grad_x|bad_curvature_compression|parallel_roughness_iqr_scaled|nfp|iota|shat|aspect|rho|aspect/rho|equilibrium_class_1|equilibrium_class_2|equilibrium_class_3|equilibrium_class_4,observed-comparison,2.529891312122345,2.5298912658498414,1.098717816573819,2.16718766906759,-5.434437781822638,0.0
geodesic_curvature_compression,geodesic_curvature_compression:0170,59584,57081,20241115-01-random_heliotrons/20241115-01-022_heliotrons_finiteBeta_randomAspect_randomNfpUpTo8_noTorsion_flux_tubes/heliotron_randomAspect_finiteBeta_maxm1_maxn1_LMN8_002128.h5,20241115-01-random_heliotrons/20241115-01-022_heliotrons_finiteBeta_randomAspect_randomNfpUpTo8_noTorsion_flux_tubes/heliotron_randomAspect_finiteBeta_maxm1_maxn1_LMN8_001501.h5,1.4028936316947036,0.3496934463409775,0.1315994995727587,0.21809394676821878,False,False,1.206343433131149,1.068121850701722,log_f_Q|f_stab|log_FSA_grad_x|bad_curvature_compression|parallel_roughness_iqr_scaled|nfp|iota|shat|aspect|rho|aspect/rho|equilibrium_class_1|equilibrium_class_2|equilibrium_class_3|equilibrium_class_4,observed-comparison,2.2102854251861572,2.2102854606687403,0.9599147789994208,0.10662456097104983,2.400427013179198,0.0
geodesic_curvature_compression,geodesic_curvature_compression:0171,59792,88038,20241115-01-random_heliotrons/20241115-01-022_heliotrons_finiteBeta_randomAspect_randomNfpUpTo8_noTorsion_flux_tubes/heliotron_randomAspect_finiteBeta_maxm1_maxn1_LMN8_002180.h5,20241122-01-QUASR/20241122-01-031_QUASR_finite_beta_equilibria_with_maxF_below_threshold_and_enough_iota_flux_tubes/QUASR_finiteBeta_000793.h5,1.4164897976606983,0.3456218339071695,0.16130182220912573,0.18432001169804377,False,False,1.206343433131149,1.068121850701722,log_f_Q|f_stab|log_FSA_grad_x|bad_curvature_compression|parallel_roughness_iqr_scaled|nfp|iota|shat|aspect|rho|aspect/rho|equilibrium_class_1|equilibrium_class_2|equilibrium_class_3|equilibrium_class_4,observed-comparison,1.796243965625763,1.7962439841219837,0.7800988504560897,-0.23722908790592978,2.202355353454657,0.0
geodesic_curvature_compression,geodesic_curvature_compression:0172,91523,21850,20241122-01-QUASR/20241122-01-031_QUASR_finite_beta_equilibria_with_maxF_below_threshold_and_enough_iota_flux_tubes/QUASR_finiteBeta_001668.h5,20241103-01-random_equilibria_and_flux_tubes_random_aspect_ratio/20241103-01-063_generate_flux_tubes_nfp3/nfp3_randomAspect_finiteBeta_maxm4_maxn4_LMN8_002289.h5,1.4224223672231495,0.5119581737720651,0.12991550073540867,0.3820426730366564,False,False,1.206343433131149,1.068121850701722,log_f_Q|f_stab|log_FSA_grad_x|bad_curvature_compression|parallel_roughness_iqr_scaled|nfp|iota|shat|aspect|rho|aspect/rho|equilibrium_class_1|equilibrium_class_2|equilibrium_class_3|equilibrium_class_4,observed-comparison,1.4598875045776367,1.4598876397169476,0.6340211461278329,-0.04289293478819611,-0.4755947608059867,0.0
geodesic_curvature_compression,geodesic_curvature_compression:0173,84754,81335,20241122-01-QUASR/20241122-01-030_QUASR_vacuum_equilibria_with_maxF_below_threshold_and_enough_iota_flux_tubes/QUASR_vacuum_000405.h5,20241122-01-QUASR/20241122-01-030_QUASR_vacuum_equilibria_with_maxF_below_threshold_and_enough_iota_flux_tubes/QUASR_vacuum_000234.h5,1.426407926071311,0.3681650564665582,0.10504621542169312,0.2631188410448651,False,False,1.206343433131149,1.068121850701722,log_f_Q|f_stab|log_FSA_grad_x|bad_curvature_compression|parallel_roughness_iqr_scaled|nfp|iota|shat|aspect|rho|aspect/rho|equilibrium_class_1|equilibrium_class_2|equilibrium_class_3|equilibrium_class_4,observed-comparison,1.196824073791504,1.1968241607357823,0.5197741288160406,0.514402042358075,0.04382080598304183,0.0
geodesic_curvature_compression,geodesic_curvature_compression:0174,63758,79003,20241115-01-random_heliotrons/20241115-01-022_heliotrons_finiteBeta_randomAspect_randomNfpUpTo8_noTorsion_flux_tubes/heliotron_randomAspect_finiteBeta_maxm1_maxn1_LMN8_003172.h5,20241122-01-QUASR/20241122-01-030_QUASR_vacuum_equilibria_with_maxF_below_threshold_and_enough_iota_flux_tubes/QUASR_vacuum_000117.h5,1.4345735732916207,0.38772799792037826,0.07628605128029219,0.31144194664008606,False,False,1.206343433131149,1.068121850701722,log_f_Q|f_stab|log_FSA_grad_x|bad_curvature_compression|parallel_roughness_iqr_scaled|nfp|iota|shat|aspect|rho|aspect/rho|equilibrium_class_1|equilibrium_class_2|equilibrium_class_3|equilibrium_class_4,observed-comparison,1.5850374698638916,1.5850374041852187,0.6883729982478947,-0.8812583511589573,0.6528248227146338,0.0
geodesic_curvature_compression,geodesic_curvature_compression:0175,57658,76288,20241115-01-random_heliotrons/20241115-01-022_heliotrons_finiteBeta_randomAspect_randomNfpUpTo8_noTorsion_flux_tubes/heliotron_randomAspect_finiteBeta_maxm1_maxn1_LMN8_001646.h5,20241115-01-random_heliotrons/20241115-01-023_heliotrons_finiteBeta_randomAspect_randomNfpUpTo8_withTorsion_flux_tubes/heliotron_randomAspect_finiteBeta_maxm1_maxn1_LMN8_003106.h5,1.4451852367087619,0.34822149241534595,0.05359584801286965,0.2946256444024763,False,False,1.206343433131149,1.068121850701722,log_f_Q|f_stab|log_FSA_grad_x|bad_curvature_compression|parallel_roughness_iqr_scaled|nfp|iota|shat|aspect|rho|aspect/rho|equilibrium_class_1|equilibrium_class_2|equilibrium_class_3|equilibrium_class_4,observed-comparison,4.0272194147109985,4.02721944648985,1.74899918302401,2.6499451788665724,1.6300272089128802,0.0
geodesic_curvature_compression,geodesic_curvature_compression:0176,64792,20537,20241115-01-random_heliotrons/20241115-01-023_heliotrons_finiteBeta_randomAspect_randomNfpUpTo8_withTorsion_flux_tubes/heliotron_randomAspect_finiteBeta_maxm1_maxn1_LMN8_000230.h5,20241103-01-random_equilibria_and_flux_tubes_random_aspect_ratio/20241103-01-063_generate_flux_tubes_nfp3/nfp3_randomAspect_finiteBeta_maxm4_maxn4_LMN8_001959.h5,1.4815981651811807,0.3877903355801351,0.0886325972954997,0.2991577382846354,False,False,1.206343433131149,1.068121850701722,log_f_Q|f_stab|log_FSA_grad_x|bad_curvature_compression|parallel_roughness_iqr_scaled|nfp|iota|shat|aspect|rho|aspect/rho|equilibrium_class_1|equilibrium_class_2|equilibrium_class_3|equilibrium_class_4,observed-comparison,1.9869217276573181,1.9869217762994762,0.8629091634202699,1.4568722338879727,0.2200141396744606,0.0
geodesic_curvature_compression,geodesic_curvature_compression:0177,69892,138,20241115-01-random_heliotrons/20241115-01-023_heliotrons_finiteBeta_randomAspect_randomNfpUpTo8_withTorsion_flux_tubes/heliotron_randomAspect_finiteBeta_maxm1_maxn1_LMN8_001506.h5,20241103-01-random_equilibria_and_flux_tubes_random_aspect_ratio/20241103-01-062_generate_flux_tubes_nfp2/nfp2_randomAspect_finiteBeta_maxm4_maxn4_LMN8_000034.h5,1.4956983483737478,0.5008658120355033,0.048859904361185584,0.4520059076743177,False,True,1.206343433131149,1.068121850701722,log_f_Q|f_stab|log_FSA_grad_x|bad_curvature_compression|parallel_roughness_iqr_scaled|nfp|iota|shat|aspect|rho|aspect/rho|equilibrium_class_1|equilibrium_class_2|equilibrium_class_3|equilibrium_class_4,observed-comparison,4.565272092819214,6.091758959547782,2.645617301216296,5.656380769523111,1.236625778748081,0.0
geodesic_curvature_compression,geodesic_curvature_compression:0178,80981,10769,20241122-01-QUASR/20241122-01-030_QUASR_vacuum_equilibria_with_maxF_below_threshold_and_enough_iota_flux_tubes/QUASR_vacuum_000216.h5,20241103-01-random_equilibria_and_flux_tubes_random_aspect_ratio/20241103-01-062_generate_flux_tubes_nfp2/nfp2_randomAspect_finiteBeta_maxm4_maxn4_LMN8_002709.h5,1.5488588246359996,0.3976246825316519,0.08828714276534322,0.3093375397663087,False,False,1.206343433131149,1.068121850701722,log_f_Q|f_stab|log_FSA_grad_x|bad_curvature_compression|parallel_roughness_iqr_scaled|nfp|iota|shat|aspect|rho|aspect/rho|equilibrium_class_1|equilibrium_class_2|equilibrium_class_3|equilibrium_class_4,observed-comparison,2.8902754187583923,2.8902754214055237,1.2552306666970146,0.8843492600124554,0.2607239278109825,0.0
geodesic_curvature_compression,geodesic_curvature_compression:0179,57550,86819,20241115-01-random_heliotrons/20241115-01-022_heliotrons_finiteBeta_randomAspect_randomNfpUpTo8_noTorsion_flux_tubes/heliotron_randomAspect_finiteBeta_maxm1_maxn1_LMN8_001619.h5,20241122-01-QUASR/20241122-01-031_QUASR_finite_beta_equilibria_with_maxF_below_threshold_and_enough_iota_flux_tubes/QUASR_finiteBeta_000482.h5,1.5513579562343929,0.3750470476146426,0.05436178228904054,0.32068526532560204,False,True,1.206343433131149,1.068121850701722,log_f_Q|f_stab|log_FSA_grad_x|bad_curvature_compression|parallel_roughness_iqr_scaled|nfp|iota|shat|aspect|rho|aspect/rho|equilibrium_class_1|equilibrium_class_2|equilibrium_class_3|equilibrium_class_4,observed-comparison,4.6310954093933105,16.82011417409078,7.304882770790297,13.409539979828724,-0.08498197100300553,0.0
geodesic_curvature_compression,geodesic_curvature_compression:0180,72989,16907,20241115-01-random_heliotrons/20241115-01-023_heliotrons_finiteBeta_randomAspect_randomNfpUpTo8_withTorsion_flux_tubes/heliotron_randomAspect_finiteBeta_maxm1_maxn1_LMN8_002281.h5,20241103-01-random_equilibria_and_flux_tubes_random_aspect_ratio/20241103-01-063_generate_flux_tubes_nfp3/nfp3_randomAspect_finiteBeta_maxm4_maxn4_LMN8_001049.h5,1.5533390668332587,0.4070251125743827,0.11442177216623299,0.29260334040814967,False,False,1.206343433131149,1.068121850701722,log_f_Q|f_stab|log_FSA_grad_x|bad_curvature_compression|parallel_roughness_iqr_scaled|nfp|iota|shat|aspect|rho|aspect/rho|equilibrium_class_1|equilibrium_class_2|equilibrium_class_3|equilibrium_class_4,observed-comparison,1.6702205538749695,1.670220598486397,0.725367589483789,1.5098193897057837,-0.052593516319572764,0.0
geodesic_curvature_compression,geodesic_curvature_compression:0181,90755,94443,20241122-01-QUASR/20241122-01-031_QUASR_finite_beta_equilibria_with_maxF_below_threshold_and_enough_iota_flux_tubes/QUASR_finiteBeta_001476.h5,20241122-01-QUASR/20241122-01-031_QUASR_finite_beta_equilibria_with_maxF_below_threshold_and_enough_iota_flux_tubes/QUASR_finiteBeta_002398.h5,1.5712561228297013,0.4570949150299506,0.11348636259752075,0.3436085524324298,False,False,1.206343433131149,1.068121850701722,log_f_Q|f_stab|log_FSA_grad_x|bad_curvature_compression|parallel_roughness_iqr_scaled|nfp|iota|shat|aspect|rho|aspect/rho|equilibrium_class_1|equilibrium_class_2|equilibrium_class_3|equilibrium_class_4,observed-comparison,2.198481559753418,2.1984816162781593,0.9547884345153469,0.20554040336881957,0.9070764650294336,0.0
geodesic_curvature_compression,geodesic_curvature_compression:0182,57544,88529,20241115-01-random_heliotrons/20241115-01-022_heliotrons_finiteBeta_randomAspect_randomNfpUpTo8_noTorsion_flux_tubes/heliotron_randomAspect_finiteBeta_maxm1_maxn1_LMN8_001617.h5,20241122-01-QUASR/20241122-01-031_QUASR_finite_beta_equilibria_with_maxF_below_threshold_and_enough_iota_flux_tubes/QUASR_finiteBeta_000916.h5,1.577261249858511,0.34143046205883804,0.07675438076787203,0.264676081290966,False,False,1.206343433131149,1.068121850701722,log_f_Q|f_stab|log_FSA_grad_x|bad_curvature_compression|parallel_roughness_iqr_scaled|nfp|iota|shat|aspect|rho|aspect/rho|equilibrium_class_1|equilibrium_class_2|equilibrium_class_3|equilibrium_class_4,observed-comparison,2.4988007992506027,2.4988007292716827,1.0852153680985133,1.6044727608760183,0.2256722438399379,0.0
geodesic_curvature_compression,geodesic_curvature_compression:0183,67658,66357,20241115-01-random_heliotrons/20241115-01-023_heliotrons_finiteBeta_randomAspect_randomNfpUpTo8_withTorsion_flux_tubes/heliotron_randomAspect_finiteBeta_maxm1_maxn1_LMN8_000947.h5,20241115-01-random_heliotrons/20241115-01-023_heliotrons_finiteBeta_randomAspect_randomNfpUpTo8_withTorsion_flux_tubes/heliotron_randomAspect_finiteBeta_maxm1_maxn1_LMN8_000621.h5,1.6041790974068753,0.37596271090992334,0.058119931817396976,0.31784277909252634,False,True,1.206343433131149,1.068121850701722,log_f_Q|f_stab|log_FSA_grad_x|bad_curvature_compression|parallel_roughness_iqr_scaled|nfp|iota|shat|aspect|rho|aspect/rho|equilibrium_class_1|equilibrium_class_2|equilibrium_class_3|equilibrium_class_4,observed-comparison,3.720165252685547,4.171910110125163,1.8118375398237458,4.210063207467921,1.253721262539325,0.0
geodesic_curvature_compression,geodesic_curvature_compression:0184,92661,11239,20241122-01-QUASR/20241122-01-031_QUASR_finite_beta_equilibria_with_maxF_below_threshold_and_enough_iota_flux_tubes/QUASR_finiteBeta_001952.h5,20241103-01-random_equilibria_and_flux_tubes_random_aspect_ratio/20241103-01-062_generate_flux_tubes_nfp2/nfp2_randomAspect_finiteBeta_maxm4_maxn4_LMN8_002827.h5,1.6144247889350105,0.3372641499498601,0.07928204359573932,0.2579821063541208,False,False,1.206343433131149,1.068121850701722,log_f_Q|f_stab|log_FSA_grad_x|bad_curvature_compression|parallel_roughness_iqr_scaled|nfp|iota|shat|aspect|rho|aspect/rho|equilibrium_class_1|equilibrium_class_2|equilibrium_class_3|equilibrium_class_4,observed-comparison,1.4975855946540833,1.4975856087429653,0.6503931660547921,-0.7332669766801745,0.36488320498869964,0.0
geodesic_curvature_compression,geodesic_curvature_compression:0185,65878,86434,20241115-01-random_heliotrons/20241115-01-023_heliotrons_finiteBeta_randomAspect_randomNfpUpTo8_withTorsion_flux_tubes/heliotron_randomAspect_finiteBeta_maxm1_maxn1_LMN8_000502.h5,20241122-01-QUASR/20241122-01-031_QUASR_finite_beta_equilibria_with_maxF_below_threshold_and_enough_iota_flux_tubes/QUASR_finiteBeta_000386.h5,1.615397476177996,0.33881762320403136,0.15659521733944717,0.18222240586458419,False,False,1.206343433131149,1.068121850701722,log_f_Q|f_stab|log_FSA_grad_x|bad_curvature_compression|parallel_roughness_iqr_scaled|nfp|iota|shat|aspect|rho|aspect/rho|equilibrium_class_1|equilibrium_class_2|equilibrium_class_3|equilibrium_class_4,observed-comparison,1.9090283885598183,1.9090283916845416,0.8290804963052362,1.1040046876944452,-2.029448635291815,0.0
geodesic_curvature_compression,geodesic_curvature_compression:0186,68044,32941,20241115-01-random_heliotrons/20241115-01-023_heliotrons_finiteBeta_randomAspect_randomNfpUpTo8_withTorsion_flux_tubes/heliotron_randomAspect_finiteBeta_maxm1_maxn1_LMN8_001044.h5,20241103-01-random_equilibria_and_flux_tubes_random_aspect_ratio/20241103-01-064_generate_flux_tubes_nfp4/nfp4_randomAspect_finiteBeta_maxm4_maxn4_LMN8_001864.h5,1.6225626632163204,0.5609437508288988,0.09898032915832233,0.46196342167057647,False,False,1.206343433131149,1.068121850701722,log_f_Q|f_stab|log_FSA_grad_x|bad_curvature_compression|parallel_roughness_iqr_scaled|nfp|iota|shat|aspect|rho|aspect/rho|equilibrium_class_1|equilibrium_class_2|equilibrium_class_3|equilibrium_class_4,observed-comparison,3.4308395385742188,3.4308393978197302,1.489994618769384,2.157026281770977,-2.9835200813592446,0.0
geodesic_curvature_compression,geodesic_curvature_compression:0187,65613,87563,20241115-01-random_heliotrons/20241115-01-023_heliotrons_finiteBeta_randomAspect_randomNfpUpTo8_withTorsion_flux_tubes/heliotron_randomAspect_finiteBeta_maxm1_maxn1_LMN8_000435.h5,20241122-01-QUASR/20241122-01-031_QUASR_finite_beta_equilibria_with_maxF_below_threshold_and_enough_iota_flux_tubes/QUASR_finiteBeta_000670.h5,1.6328671824566556,0.35177069940118216,0.007889698173984593,0.34388100122719756,False,True,1.206343433131149,1.068121850701722,log_f_Q|f_stab|log_FSA_grad_x|bad_curvature_compression|parallel_roughness_iqr_scaled|nfp|iota|shat|aspect|rho|aspect/rho|equilibrium_class_1|equilibrium_class_2|equilibrium_class_3|equilibrium_class_4,observed-comparison,4.293889284133911,4.317860783479741,1.8752231118917029,2.4470756105176728,0.868584899881635,0.0
geodesic_curvature_compression,geodesic_curvature_compression:0188,61878,20119,20241115-01-random_heliotrons/20241115-01-022_heliotrons_finiteBeta_randomAspect_randomNfpUpTo8_noTorsion_flux_tubes/heliotron_randomAspect_finiteBeta_maxm1_maxn1_LMN8_002701.h5,20241103-01-random_equilibria_and_flux_tubes_random_aspect_ratio/20241103-01-063_generate_flux_tubes_nfp3/nfp3_randomAspect_finiteBeta_maxm4_maxn4_LMN8_001854.h5,1.723986653847284,0.4167277332992572,0.10323897084279265,0.31348876245646456,False,False,1.206343433131149,1.068121850701722,log_f_Q|f_stab|log_FSA_grad_x|bad_curvature_compression|parallel_roughness_iqr_scaled|nfp|iota|shat|aspect|rho|aspect/rho|equilibrium_class_1|equilibrium_class_2|equilibrium_class_3|equilibrium_class_4,observed-comparison,2.6437814235687256,2.643781337311407,1.1481796461531437,-0.009437589300774318,2.3076464435678448,0.0
geodesic_curvature_compression,geodesic_curvature_compression:0189,84649,9583,20241122-01-QUASR/20241122-01-030_QUASR_vacuum_equilibria_with_maxF_below_threshold_and_enough_iota_flux_tubes/QUASR_vacuum_000400.h5,20241103-01-random_equilibria_and_flux_tubes_random_aspect_ratio/20241103-01-062_generate_flux_tubes_nfp2/nfp2_randomAspect_finiteBeta_maxm4_maxn4_LMN8_002409.h5,1.731457702639495,0.5118475780742968,0.08327625956666083,0.42857131850763597,False,False,1.206343433131149,1.068121850701722,log_f_Q|f_stab|log_FSA_grad_x|bad_curvature_compression|parallel_roughness_iqr_scaled|nfp|iota|shat|aspect|rho|aspect/rho|equilibrium_class_1|equilibrium_class_2|equilibrium_class_3|equilibrium_class_4,observed-comparison,3.2778240740299225,3.2778240134011387,1.4235408816700852,0.9646620452924604,0.5285392782902734,0.0
geodesic_curvature_compression,geodesic_curvature_compression:0190,55270,88745,20241115-01-random_heliotrons/20241115-01-022_heliotrons_finiteBeta_randomAspect_randomNfpUpTo8_noTorsion_flux_tubes/heliotron_randomAspect_finiteBeta_maxm1_maxn1_LMN8_001048.h5,20241122-01-QUASR/20241122-01-031_QUASR_finite_beta_equilibria_with_maxF_below_threshold_and_enough_iota_flux_tubes/QUASR_finiteBeta_000970.h5,1.781878487200995,0.5931621172380434,0.11783371843860078,0.47532839879944255,False,False,1.206343433131149,1.068121850701722,log_f_Q|f_stab|log_FSA_grad_x|bad_curvature_compression|parallel_roughness_iqr_scaled|nfp|iota|shat|aspect|rho|aspect/rho|equilibrium_class_1|equilibrium_class_2|equilibrium_class_3|equilibrium_class_4,observed-comparison,2.1954334378242493,2.1954333453735093,0.953464587282111,-0.1262354226478055,0.4117355558483955,0.0
geodesic_curvature_compression,geodesic_curvature_compression:0191,63766,89860,20241115-01-random_heliotrons/20241115-01-022_heliotrons_finiteBeta_randomAspect_randomNfpUpTo8_noTorsion_flux_tubes/heliotron_randomAspect_finiteBeta_maxm1_maxn1_LMN8_003174.h5,20241122-01-QUASR/20241122-01-031_QUASR_finite_beta_equilibria_with_maxF_below_threshold_and_enough_iota_flux_tubes/QUASR_finiteBeta_001252.h5,1.7899807561702639,0.4686957610780144,0.06283868190505705,0.4058570791729574,False,False,1.206343433131149,1.068121850701722,log_f_Q|f_stab|log_FSA_grad_x|bad_curvature_compression|parallel_roughness_iqr_scaled|nfp|iota|shat|aspect|rho|aspect/rho|equilibrium_class_1|equilibrium_class_2|equilibrium_class_3|equilibrium_class_4,observed-comparison,3.694339334964752,3.694339247071045,1.6044311492815693,1.2730850583457287,1.7226094630509106,0.0
geodesic_curvature_compression,geodesic_curvature_compression:0192,66003,52065,20241115-01-random_heliotrons/20241115-01-023_heliotrons_finiteBeta_randomAspect_randomNfpUpTo8_withTorsion_flux_tubes/heliotron_randomAspect_finiteBeta_maxm1_maxn1_LMN8_000533.h5,20241115-01-random_heliotrons/20241115-01-022_heliotrons_finiteBeta_randomAspect_randomNfpUpTo8_noTorsion_flux_tubes/heliotron_randomAspect_finiteBeta_maxm1_maxn1_LMN8_000247.h5,1.8093016352128504,0.4901901517535449,0.02094914431705398,0.46924100743649094,False,True,1.206343433131149,1.068121850701722,log_f_Q|f_stab|log_FSA_grad_x|bad_curvature_compression|parallel_roughness_iqr_scaled|nfp|iota|shat|aspect|rho|aspect/rho|equilibrium_class_1|equilibrium_class_2|equilibrium_class_3|equilibrium_class_4,observed-comparison,4.214040756225586,12.99954304099772,5.645629809969128,10.473757903689771,0.06281309363304866,0.0
geodesic_curvature_compression,geodesic_curvature_compression:0193,93846,90002,20241122-01-QUASR/20241122-01-031_QUASR_finite_beta_equilibria_with_maxF_below_threshold_and_enough_iota_flux_tubes/QUASR_finiteBeta_002249.h5,20241122-01-QUASR/20241122-01-031_QUASR_finite_beta_equilibria_with_maxF_below_threshold_and_enough_iota_flux_tubes/QUASR_finiteBeta_001288.h5,1.815050773870423,0.4227483651875465,0.07854275104757204,0.34420561413997447,False,False,1.206343433131149,1.068121850701722,log_f_Q|f_stab|log_FSA_grad_x|bad_curvature_compression|parallel_roughness_iqr_scaled|nfp|iota|shat|aspect|rho|aspect/rho|equilibrium_class_1|equilibrium_class_2|equilibrium_class_3|equilibrium_class_4,observed-comparison,2.9542663637548685,2.9542663534493743,1.283021575375505,-0.1688606687441876,1.5169038025270962,0.0
geodesic_curvature_compression,geodesic_curvature_compression:0194,79889,18136,20241122-01-QUASR/20241122-01-030_QUASR_vacuum_equilibria_with_maxF_below_threshold_and_enough_iota_flux_tubes/QUASR_vacuum_000162.h5,20241103-01-random_equilibria_and_flux_tubes_random_aspect_ratio/20241103-01-063_generate_flux_tubes_nfp3/nfp3_randomAspect_finiteBeta_maxm4_maxn4_LMN8_001357.h5,1.850536614657041,0.4737794641194826,0.13667264179858418,0.3371068223208984,False,False,1.206343433131149,1.068121850701722,log_f_Q|f_stab|log_FSA_grad_x|bad_curvature_compression|parallel_roughness_iqr_scaled|nfp|iota|shat|aspect|rho|aspect/rho|equilibrium_class_1|equilibrium_class_2|equilibrium_class_3|equilibrium_class_4,observed-comparison,2.81434565782547,2.814345734776034,1.2222548227811842,0.7054414353825302,0.4491444786336396,0.0
geodesic_curvature_compression,geodesic_curvature_compression:0195,84848,83955,20241122-01-QUASR/20241122-01-030_QUASR_vacuum_equilibria_with_maxF_below_threshold_and_enough_iota_flux_tubes/QUASR_vacuum_000410.h5,20241122-01-QUASR/20241122-01-030_QUASR_vacuum_equilibria_with_maxF_below_threshold_and_enough_iota_flux_tubes/QUASR_vacuum_000365.h5,1.8547778992374837,0.41508197469851155,0.06718550033220365,0.3478964743663079,False,False,1.206343433131149,1.068121850701722,log_f_Q|f_stab|log_FSA_grad_x|bad_curvature_compression|parallel_roughness_iqr_scaled|nfp|iota|shat|aspect|rho|aspect/rho|equilibrium_class_1|equilibrium_class_2|equilibrium_class_3|equilibrium_class_4,observed-comparison,2.4290789663791656,2.4290790168242493,1.0549356131137475,0.9606340686506183,1.2718369845736315,0.0
geodesic_curvature_compression,geodesic_curvature_compression:0196,20961,89950,20241103-01-random_equilibria_and_flux_tubes_random_aspect_ratio/20241103-01-063_generate_flux_tubes_nfp3/nfp3_randomAspect_finiteBeta_maxm4_maxn4_LMN8_002066.h5,20241122-01-QUASR/20241122-01-031_QUASR_finite_beta_equilibria_with_maxF_below_threshold_and_enough_iota_flux_tubes/QUASR_finiteBeta_001274.h5,1.8872158088632192,0.5926073764835059,0.06528900376650527,0.5273183727170007,False,False,1.206343433131149,1.068121850701722,log_f_Q|f_stab|log_FSA_grad_x|bad_curvature_compression|parallel_roughness_iqr_scaled|nfp|iota|shat|aspect|rho|aspect/rho|equilibrium_class_1|equilibrium_class_2|equilibrium_class_3|equilibrium_class_4,observed-comparison,3.069698393344879,3.0696983981067154,1.333153075404998,0.6382555092240897,1.9935142882884624,0.0
geodesic_curvature_compression,geodesic_curvature_compression:0197,64714,60614,20241115-01-random_heliotrons/20241115-01-023_heliotrons_finiteBeta_randomAspect_randomNfpUpTo8_withTorsion_flux_tubes/heliotron_randomAspect_finiteBeta_maxm1_maxn1_LMN8_000211.h5,20241115-01-random_heliotrons/20241115-01-022_heliotrons_finiteBeta_randomAspect_randomNfpUpTo8_noTorsion_flux_tubes/heliotron_randomAspect_finiteBeta_maxm1_maxn1_LMN8_002385.h5,1.9703742105769733,0.7942466386704125,0.13013016754198334,0.6641164711284291,False,False,1.206343433131149,1.068121850701722,log_f_Q|f_stab|log_FSA_grad_x|bad_curvature_compression|parallel_roughness_iqr_scaled|nfp|iota|shat|aspect|rho|aspect/rho|equilibrium_class_1|equilibrium_class_2|equilibrium_class_3|equilibrium_class_4,observed-comparison,4.358265399932861,4.358265427556612,1.892770625857553,3.880927002469461,0.6136736088053862,0.0
