member_id,stored_validation_rank,stored_validation_r2,unit,dead,near_dead,active_fraction,zero_fraction,mean,std,q01,median,q99,maximum
2864601_0.437,1,0.9872478424249335,0,False,False,0.8936041666666666,0.10639583333333333,1.0638870813698555,0.9137171080527636,0.0,0.8833519220352173,3.752134521007547,5.630600452423096
2864601_0.437,1,0.9872478424249335,1,False,False,0.9485625,0.0514375,1.8733384190723852,1.2695495082508097,0.0,1.7017854452133179,6.076597595214855,12.729996681213379
2864601_0.437,1,0.9872478424249335,2,False,False,0.792125,0.207875,0.8597054075723715,0.7704259115316712,0.0,0.800632655620575,3.231762006282839,9.481535911560059
2864601_0.437,1,0.9872478424249335,3,False,False,0.16395833333333334,0.8360416666666667,0.19609756411889687,0.5480596241626945,0.0,0.0,2.5979668641090545,3.0557258129119873
2864601_0.437,1,0.9872478424249335,4,True,False,0.0,1.0,0.0,0.0,0.0,0.0,0.0,0.0
2864601_0.437,1,0.9872478424249335,5,False,False,0.9547291666666666,0.04527083333333334,1.0004174613490737,0.6622609995281701,0.0,0.9367406368255615,3.27473297595979,10.397564888000488
2864601_0.437,1,0.9872478424249335,6,False,False,0.3606666666666667,0.6393333333333333,0.2739992353073278,0.4819434420333321,0.0,0.0,1.7568695545196533,3.313223123550415
2864601_0.437,1,0.9872478424249335,7,False,False,0.9902916666666667,0.009708333333333333,1.269747792230012,0.5872660709144593,0.009576747938990597,1.2483962178230286,3.1105728149414062,7.521586894989014
2864601_0.437,1,0.9872478424249335,8,False,False,0.80909375,0.19090625,0.8315175804241554,0.7124765166605237,0.0,0.7417122721672058,2.5550029182434155,6.0819525718688965
2864601_0.437,1,0.9872478424249335,9,False,False,0.04411458333333333,0.9558854166666667,0.03838875298332823,0.22038922983653095,0.0,0.0,1.5044483292103066,2.364319086074829
2864601_0.371,2,0.9872127152434337,0,False,False,0.8302083333333333,0.16979166666666667,2.0544443045012315,2.031679856902656,0.0,1.5554875135421753,8.52174474716191,16.40224838256836
2864601_0.371,2,0.9872127152434337,1,False,False,0.03078125,0.96921875,0.010857115147170892,0.08230263308248448,0.0,0.0,0.40702053904533386,2.349059581756592
2864601_0.371,2,0.9872127152434337,2,False,False,0.08470833333333333,0.9152916666666666,0.08800144702897372,0.36712114706053034,0.0,0.0,2.05803005218507,4.706269264221191
2864601_0.371,2,0.9872127152434337,3,False,False,0.3017916666666667,0.6982083333333333,0.48615212431505384,1.0697565840624743,0.0,0.0,4.362523555755615,17.591428756713867
2864601_0.371,2,0.9872127152434337,4,False,False,0.14247916666666666,0.8575208333333333,0.5626656178140664,1.7271943946661634,0.0,0.0,8.943496704101562,10.888999938964844
2864601_0.371,2,0.9872127152434337,5,False,False,0.2648229166666667,0.7351770833333333,0.42989079778019673,1.0319280855510684,0.0,0.0,4.810711584091191,13.5494384765625
2864601_0.371,2,0.9872127152434337,6,True,False,0.0,1.0,0.0,0.0,0.0,0.0,0.0,0.0
2864601_0.371,2,0.9872127152434337,7,True,False,0.0,1.0,0.0,0.0,0.0,0.0,0.0,0.0
2864601_0.371,2,0.9872127152434337,8,False,False,0.012197916666666666,0.9878020833333333,0.01066385609330852,0.14417982346635583,0.0,0.0,0.15346519142391057,9.464521408081055
2864601_0.371,2,0.9872127152434337,9,False,False,0.111125,0.888875,0.1883505952168589,0.858528631240639,0.0,0.0,4.962645549774275,11.357818603515625
2864601_0.371,2,0.9872127152434337,10,False,False,0.03540625,0.96459375,0.09237642692931877,0.5779808346322287,0.0,0.0,3.9810034632683293,5.7648186683654785
2864601_0.371,2,0.9872127152434337,11,False,False,0.44371875,0.55628125,0.5901300283089792,1.0739914348060078,0.0,0.0,4.8932085037231445,10.736674308776855
2864601_0.371,2,0.9872127152434337,12,False,False,0.02603125,0.97396875,0.030532889643458475,0.2579190169219324,0.0,0.0,1.1682092714309806,7.41379451751709
2864601_0.371,2,0.9872127152434337,13,False,False,0.059208333333333335,0.9407916666666667,0.1222504418140658,0.7366317049199324,0.0,0.0,3.5478241443634033,19.091930389404297
2864601_0.371,2,0.9872127152434337,14,False,False,0.11661458333333333,0.8833854166666667,0.20360101508677658,0.6685219520419265,0.0,0.0,3.238698542118078,7.587844371795654
2864601_0.371,2,0.9872127152434337,15,False,False,0.9246666666666666,0.07533333333333334,3.1434766541241816,2.7956738462987167,0.0,2.497523784637451,11.935784063339256,23.688535690307617
2864601_0.371,2,0.9872127152434337,16,False,False,0.039760416666666666,0.9602395833333334,0.061116785563504285,0.4154869116711885,0.0,0.0,2.0314223766326904,8.303481101989746
2864601_0.371,2,0.9872127152434337,17,False,False,0.87075,0.12925,3.1429970178459303,2.7598366518075763,0.0,2.6833858489990234,11.496605796814025,24.621646881103516
2864601_0.371,2,0.9872127152434337,18,False,False,0.31535416666666666,0.6846458333333333,0.44609261912486153,1.0205173876132372,0.0,0.0,4.754185242652906,13.233746528625488
2864601_0.371,2,0.9872127152434337,19,False,False,0.4251770833333333,0.5748229166666666,0.9759124922547835,1.6726862076564173,0.0,0.0,6.921143879890446,8.04776668548584
2864601_0.371,2,0.9872127152434337,20,False,False,0.3403125,0.6596875,0.512431963022628,0.9856863832799149,0.0,0.0,4.112473964691162,16.63348388671875
2864601_0.371,2,0.9872127152434337,21,False,False,0.23927083333333332,0.7607291666666667,0.27540502576821774,0.7365473336629569,0.0,0.0,3.55611979007724,10.610289573669434
2864601_0.371,2,0.9872127152434337,22,True,False,0.0,1.0,0.0,0.0,0.0,0.0,0.0,0.0
2864601_0.409,3,0.9869342788758352,0,False,False,0.22603125,0.77396875,0.05306981843695762,0.14205774636415175,0.0,0.0,0.7243730700016034,1.3651851415634155
2864601_0.409,3,0.9869342788758352,1,False,False,0.12057291666666667,0.8794270833333333,0.02601933819288763,0.0977305259700995,0.0,0.0,0.5222285389900208,1.231353998184204
2864601_0.409,3,0.9869342788758352,2,False,False,0.17130208333333333,0.8286979166666667,0.05101485889784235,0.1556966662379769,0.0,0.0,0.7910189396142968,1.5444823503494263
2864601_0.409,3,0.9869342788758352,3,False,False,0.2089375,0.7910625,0.09163011198828462,0.21677290175868763,0.0,0.0,0.8963390362262758,1.164382815361023
2864601_0.409,3,0.9869342788758352,4,False,False,0.7142604166666666,0.2857395833333333,0.21198523184468157,0.22955624369063224,0.0,0.15474964678287506,0.9242916703224182,1.7218925952911377
2864601_0.409,3,0.9869342788758352,5,False,False,0.9007395833333334,0.09926041666666667,0.48813425147915146,0.43687424436503686,0.0,0.3868168890476227,1.8261575794219986,2.784700393676758
2864601_0.409,3,0.9869342788758352,6,False,False,1.0,0.0,1.0189496419884574,0.26639806099212676,0.5211888283491135,0.9894465804100037,1.8233964097499857,3.3045949935913086
2864601_0.409,3,0.9869342788758352,7,False,False,0.26998958333333334,0.7300104166666667,0.08338937450273477,0.18471139341984577,0.0,0.0,0.804022344350815,0.9576212763786316
2864601_0.409,3,0.9869342788758352,8,False,False,0.48063541666666665,0.5193645833333334,0.14155502512876703,0.21719613219874354,0.0,0.0,0.8033659017086093,1.9350391626358032
2864601_0.409,3,0.9869342788758352,9,False,False,0.861125,0.138875,0.3465260042936268,0.29706927881803086,0.0,0.2930746376514435,1.1716850996017456,1.5835521221160889
2864601_0.409,3,0.9869342788758352,10,False,False,0.06340625,0.93659375,0.020163741556772037,0.0972524472348977,0.0,0.0,0.6223129224777232,0.86529541015625
2864601_0.409,3,0.9869342788758352,11,False,False,0.92375,0.07625,0.3295491954147958,0.22328764890677522,0.0,0.3111950159072876,0.9611154925823225,1.9133098125457764
2864601_0.409,3,0.9869342788758352,12,False,False,0.0448125,0.9551875,0.01088855455690225,0.07149698305341835,0.0,0.0,0.363053610920912,1.1939029693603516
2864601_0.409,3,0.9869342788758352,13,False,False,0.12936458333333334,0.8706354166666667,0.020976616647873245,0.06862896537989145,0.0,0.0,0.34281481325626995,0.8627366423606873
2864601_0.409,3,0.9869342788758352,14,False,False,0.7754583333333334,0.22454166666666667,0.3801354457444888,0.37519166850874874,0.0,0.3081604242324829,1.5498989820480347,2.096994161605835
2864601_0.409,3,0.9869342788758352,15,False,False,0.03946875,0.96053125,0.010964263347235525,0.07232965885337841,0.0,0.0,0.42568129301071167,1.1981323957443237
2864601_0.409,3,0.9869342788758352,16,False,False,0.906625,0.093375,0.39613370814107685,0.30494567094122726,0.0,0.35464248061180115,1.3072853374481248,2.5152173042297363
2864601_0.409,3,0.9869342788758352,17,False,False,0.17234375,0.82765625,0.10052779468560857,0.27569410520115845,0.0,0.0,1.2615151405334473,1.4271728992462158
2864601_0.409,3,0.9869342788758352,18,False,False,0.9763854166666667,0.023614583333333335,0.6078262263624923,0.30844378138409817,0.0,0.5547013282775879,1.5008854866027832,2.101447582244873
2864601_0.409,3,0.9869342788758352,19,False,False,0.90309375,0.09690625,0.27428891798298816,0.20171146624141528,0.0,0.2526117265224457,0.9016743898391724,1.4145640134811401
2864601_0.409,3,0.9869342788758352,20,True,False,0.0,1.0,0.0,0.0,0.0,0.0,0.0,0.0
2864601_0.409,3,0.9869342788758352,21,False,False,0.897375,0.102625,0.7153116562174671,0.5952121537799615,0.0,0.5922390818595886,2.6293397307395994,4.568445205688477
2864601_0.409,3,0.9869342788758352,22,False,False,0.24926041666666668,0.7507395833333333,0.06722531548264407,0.17150381115709853,0.0,0.0,0.835401266217234,1.8379167318344116
2864601_0.409,3,0.9869342788758352,23,False,False,0.7018541666666667,0.29814583333333333,0.17329076104822366,0.21001999011294867,0.0,0.10925675928592682,0.9240699779987374,1.8859139680862427
2864601_0.409,3,0.9869342788758352,24,False,False,0.759375,0.240625,0.2607616203523877,0.2599430534675881,0.0,0.21693803369998932,1.0987354266643603,1.828199028968811
2864601_0.409,3,0.9869342788758352,25,False,False,0.9495729166666667,0.05042708333333333,0.40754164619697547,0.21066038027607784,0.0,0.4190974533557892,0.827194249033931,1.859205722808838
2864601_0.409,3,0.9869342788758352,26,False,False,0.8108020833333334,0.18919791666666666,0.3367048551009048,0.289104117999342,0.0,0.30567972362041473,1.2014871680736552,1.6921648979187012
2864601_0.409,3,0.9869342788758352,27,False,False,1.0,0.0,0.6772522292531852,0.3845590721741504,0.04264320645481348,0.6537263989448547,1.76931893825531,3.108154773712158
2864601_0.409,3,0.9869342788758352,28,False,False,0.74634375,0.25365625,0.2988074768398183,0.32483953236589275,0.0,0.21942569315433502,1.4651339054107666,2.652651786804199
2864601_0.409,3,0.9869342788758352,29,False,False,0.8091458333333333,0.19085416666666666,0.24484683878871116,0.2676347558527737,0.0,0.1612180843949318,1.076861358881,1.9054687023162842
2864601_0.409,3,0.9869342788758352,30,False,False,0.277125,0.722875,0.07067428686616885,0.16083089493391636,0.0,0.0,0.7203940749168396,2.1239981651306152
2864601_0.386,4,0.9868647078508245,0,False,False,0.28929166666666667,0.7107083333333334,0.18079302807260228,0.43306110577409945,0.0,0.0,2.087945098876954,4.956172466278076
2864601_0.386,4,0.9868647078508245,1,False,False,0.8996770833333333,0.10032291666666666,1.8949197530325992,1.9082737385854278,0.0,1.33463716506958,8.668427085876509,16.103425979614258
2864601_0.386,4,0.9868647078508245,2,False,False,0.4159583333333333,0.5840416666666667,0.32142281217916674,0.553830442942417,0.0,0.0,2.298130750656128,7.66782283782959
2864601_0.386,4,0.9868647078508245,3,False,False,0.21730208333333334,0.7826979166666667,0.22518514196019812,0.5882622396822481,0.0,0.0,2.82483535051346,5.6024675369262695
2864601_0.386,4,0.9868647078508245,4,False,False,0.04305208333333333,0.9569479166666667,0.05458277422204234,0.3462860610634992,0.0,0.0,2.191175699234009,5.648637771606445
2864601_0.386,4,0.9868647078508245,5,False,False,0.17610416666666667,0.8238958333333334,0.33495717995545843,0.9585068245395797,0.0,0.0,4.826504077911379,6.064741611480713
2864601_0.386,4,0.9868647078508245,6,False,False,0.5948541666666667,0.4051458333333333,0.7252728989484006,0.9571334855569676,0.0,0.3907925933599472,4.206391730308543,7.547550678253174
2864601_0.386,4,0.9868647078508245,7,False,False,0.9657604166666667,0.03423958333333333,1.3588626311634593,0.9699241880827367,0.0,1.1408599019050598,4.344297966957092,7.084852695465088
2864601_0.386,4,0.9868647078508245,8,False,False,0.05259375,0.94740625,0.07266877552228532,0.41526194881002054,0.0,0.0,2.3759450912475586,7.0596418380737305
2864601_0.386,4,0.9868647078508245,9,False,False,0.8818854166666666,0.11811458333333333,1.7322038698655515,1.4061708665345016,0.0,1.515465259552002,6.410510010719306,12.60866641998291
2864601_0.386,4,0.9868647078508245,10,False,False,0.85675,0.14325,1.5948504656728553,1.2747127649488796,0.0,1.5053012371063232,5.103726863861084,9.335350036621094
2864601_0.386,4,0.9868647078508245,11,False,False,0.030635416666666665,0.9693645833333333,0.03775193635208446,0.3223478954209957,0.0,0.0,1.2477324032783532,7.475588321685791
2864601_0.386,4,0.9868647078508245,12,False,False,0.36023958333333334,0.6397604166666667,0.20809302952902414,0.4589344242862579,0.0,0.0,2.2197869014740053,6.2772297859191895
2864601_0.386,4,0.9868647078508245,13,False,False,0.6459895833333333,0.35401041666666666,0.5480384843174083,0.6460917103994115,0.0,0.3477051556110382,2.697734909057634,4.7041497230529785
2864601_0.386,4,0.9868647078508245,14,False,False,0.12633333333333333,0.8736666666666667,0.07067868547005589,0.2606374778571812,0.0,0.0,1.3197250199317954,4.693186283111572
2864601_0.386,4,0.9868647078508245,15,False,False,0.37984375,0.62015625,0.2673555738676384,0.535062505593313,0.0,0.0,2.4532105922698975,8.431605339050293
2864601_0.386,4,0.9868647078508245,16,False,False,0.2645,0.7355,0.21434539096866262,0.500253404867669,0.0,0.0,2.2794299125671387,5.417568206787109
2864601_0.386,4,0.9868647078508245,17,True,False,0.0,1.0,0.0,0.0,0.0,0.0,0.0,0.0
2864601_0.386,4,0.9868647078508245,18,False,False,0.10740625,0.89259375,0.10319234390406351,0.43064502553667144,0.0,0.0,2.436893918514264,7.03093957901001
2864601_0.386,4,0.9868647078508245,19,False,False,0.29554166666666665,0.7044583333333333,0.21338300738185914,0.4977876342834924,0.0,0.0,2.3518304657936127,6.286151885986328
2864601_0.386,4,0.9868647078508245,20,False,False,0.08536458333333333,0.9146354166666667,0.06058257567359093,0.27099158467989193,0.0,0.0,1.4781233179569273,4.102313041687012
2864601_0.386,4,0.9868647078508245,21,False,False,0.45907291666666666,0.5409270833333333,0.44017967002917235,0.725417633689412,0.0,0.0,2.9780201435089113,5.058283805847168
2864601_0.386,4,0.9868647078508245,22,False,True,0.004666666666666667,0.9953333333333333,0.0010218507201413256,0.02198515048934435,0.0,0.0,0.0,1.2633812427520752
2864601_0.386,4,0.9868647078508245,23,False,False,0.053552083333333333,0.9464479166666667,0.027545367140948504,0.18024521723541617,0.0,0.0,0.7714621424674988,4.881821632385254
2864601_0.386,4,0.9868647078508245,24,False,False,0.5485,0.4515,0.7304939757564158,0.9714716691107954,0.0,0.20209535211324692,3.6337718677520763,5.525027275085449
2864601_0.386,4,0.9868647078508245,25,False,False,0.2772395833333333,0.7227604166666667,0.2748771968591092,0.6320910247222176,0.0,0.0,2.890282609462761,5.739526271820068
2864601_0.386,4,0.9868647078508245,26,False,False,0.4123645833333333,0.5876354166666666,0.2819650904282641,0.5187295670012815,0.0,0.0,2.3115601372718846,4.305649280548096
2864601_0.386,4,0.9868647078508245,27,False,False,0.5434583333333334,0.4565416666666667,0.7766399686557051,1.2538171017180375,0.0,0.14566649496555328,5.630094051361084,6.669977188110352
2864601_0.386,4,0.9868647078508245,28,False,False,0.38998958333333333,0.6100104166666667,0.3752067822122996,0.6718601179637289,0.0,0.0,2.789269294738785,4.55721378326416
2864601_0.386,4,0.9868647078508245,29,False,False,0.52596875,0.47403125,0.3700116014982486,0.5492976851901505,0.0,0.05483110062777996,2.3397347950935767,5.73173189163208
2864601_0.386,4,0.9868647078508245,30,False,False,0.03478125,0.96521875,0.04329971941258554,0.32174317036413586,0.0,0.0,1.6536630392074585,6.2465739250183105
2864601_0.355,5,0.986653882857579,0,False,False,0.21838541666666667,0.7816145833333333,0.1763943434949956,0.4394784923760419,0.0,0.0,2.0658660602569605,2.665677547454834
2864601_0.355,5,0.986653882857579,1,False,False,0.33165625,0.66834375,0.16792020979824535,0.3807245644647538,0.0,0.0,1.6476990592479783,8.095969200134277
2864601_0.355,5,0.986653882857579,2,False,False,0.23340625,0.76659375,0.1537645426402346,0.4068323678126958,0.0,0.0,1.9607802581787326,5.258536338806152
2864601_0.355,5,0.986653882857579,3,False,False,0.9168854166666667,0.08311458333333334,1.2120755514334896,1.0423498221469314,0.0,0.9697259068489075,4.349109048843387,9.088225364685059
2864601_0.355,5,0.986653882857579,4,False,False,0.8934375,0.1065625,0.919084284330888,0.7393126233801756,0.0,0.7930549085140228,3.085845110416449,5.257669925689697
2864601_0.355,5,0.986653882857579,5,False,False,0.14522916666666666,0.8547708333333334,0.13997391110655136,0.41568375520466394,0.0,0.0,1.9392557525634766,4.128198623657227
2864601_0.355,5,0.986653882857579,6,False,False,0.30846875,0.69153125,0.18606196547243356,0.3951541032530692,0.0,0.0,1.7135556566715262,4.691122531890869
2864601_0.355,5,0.986653882857579,7,False,False,0.2807395833333333,0.7192604166666666,0.3452180685373861,0.7537494695100435,0.0,0.0,3.114762146472938,3.7438406944274902
2864601_0.355,5,0.986653882857579,8,False,False,0.11278125,0.88721875,0.05350302590517003,0.21704860885991387,0.0,0.0,1.0951416313648281,4.059857368469238
2864601_0.355,5,0.986653882857579,9,False,False,0.018375,0.981625,0.007812540548037455,0.07977113345852514,0.0,0.0,0.2367398738861084,1.8104275465011597
2864601_0.355,5,0.986653882857579,10,False,False,0.5915520833333333,0.4084479166666667,0.4092255172842907,0.4826563414634411,0.0,0.21912036836147308,1.7217177009582654,6.317453384399414
2864601_0.355,5,0.986653882857579,11,False,False,0.06414583333333333,0.9358541666666667,0.02229652150643735,0.11473308892259879,0.0,0.0,0.6407661437988301,1.8054165840148926
2864601_0.355,5,0.986653882857579,12,False,False,0.47219791666666666,0.5278020833333333,0.30542895396914493,0.49521417495112124,0.0,0.0,2.1379590535163895,7.593455791473389
2864601_0.355,5,0.986653882857579,13,False,False,0.341875,0.658125,0.19769369849947863,0.4173500607113373,0.0,0.0,1.9506473028659825,4.7086944580078125
2864601_0.355,5,0.986653882857579,14,False,False,0.61153125,0.38846875,0.6028292382059753,0.7208501546704785,0.0,0.3323938846588135,2.597453987598421,5.822940826416016
2864601_0.355,5,0.986653882857579,15,False,False,0.6037708333333334,0.3962291666666667,0.396934657087814,0.5336606297260695,0.0,0.16723734140396118,2.2551400661468506,5.296069145202637
2864601_0.355,5,0.986653882857579,16,False,False,0.29780208333333336,0.7021979166666666,0.20595457289122251,0.4922910226251196,0.0,0.0,2.232417583465576,7.179589748382568
2864601_0.355,5,0.986653882857579,17,False,False,0.12810416666666666,0.8718958333333333,0.10284064099595616,0.38027345364535886,0.0,0.0,2.0511507987976074,6.397180080413818
2864601_0.355,5,0.986653882857579,18,False,False,0.79096875,0.20903125,0.8037063978524486,0.8993129803361927,0.0,0.541330099105835,4.062559604644775,7.982799530029297
2864601_0.355,5,0.986653882857579,19,False,False,0.51903125,0.48096875,0.34465762160353747,0.5376085326950781,0.0,0.029208699241280556,2.236452341079712,6.306040287017822
2864601_0.355,5,0.986653882857579,20,False,False,0.0585,0.9415,0.03488771972575849,0.20119893444091208,0.0,0.0,1.061733992099767,3.7913942337036133
2864601_0.355,5,0.986653882857579,21,False,False,0.0404375,0.9595625,0.03199892092949449,0.1844374019458229,0.0,0.0,1.2421295320987753,1.8194633722305298
2864601_0.355,5,0.986653882857579,22,False,False,0.2535,0.7465,0.13298301195375642,0.3826424181934097,0.0,0.0,1.856664489507686,7.286434173583984
2864601_0.355,5,0.986653882857579,23,False,False,0.03736458333333333,0.9626354166666666,0.0364198638130549,0.2966006300850493,0.0,0.0,1.1387176918984037,8.664772987365723
2864601_0.355,5,0.986653882857579,24,False,False,0.12178125,0.87821875,0.1079350008078051,0.436365029732077,0.0,0.0,2.4445197582244873,5.083962917327881
2864601_0.355,5,0.986653882857579,25,False,False,0.19686458333333334,0.8031354166666667,0.11157095812071675,0.3090430667486165,0.0,0.0,1.4797079586982842,3.567183494567871
2864601_0.355,5,0.986653882857579,26,False,False,0.047260416666666666,0.9527395833333333,0.03723021461057498,0.23597527858783265,0.0,0.0,1.2505201196670557,6.595898151397705
2864601_0.355,5,0.986653882857579,27,False,False,0.91903125,0.08096875,1.5920917173621207,1.6394134879685942,0.0,1.1262296438217163,7.338160514831543,16.425785064697266
2864601_0.355,5,0.986653882857579,28,False,False,0.20657291666666666,0.7934270833333333,0.10794075812393661,0.27921544569554135,0.0,0.0,1.2873951196670532,3.8164494037628174
2864601_0.355,5,0.986653882857579,29,False,False,0.56665625,0.43334375,0.3773312766898776,0.585263242905696,0.0,0.12087033689022064,2.7745375633239746,6.214386463165283
2864601_0.355,5,0.986653882857579,30,False,False,0.132,0.868,0.16052006873608782,0.4942445473173804,0.0,0.0,2.432395443916324,2.908968448638916
2864601_0.449,6,0.9866019140829062,0,False,False,0.15190625,0.84809375,0.05130045626328301,0.1883169377283991,0.0,0.0,1.0203368663787842,2.7276711463928223
2864601_0.449,6,0.9866019140829062,1,False,False,0.7990520833333333,0.20094791666666667,0.5561511595144013,0.6502217608212549,0.0,0.40218377113342285,3.2428516387939466,3.9264373779296875
2864601_0.449,6,0.9866019140829062,2,False,False,0.6341145833333334,0.3658854166666667,0.2895884397300683,0.374957183962671,0.0,0.15734292566776276,1.4768543958663998,4.95166015625
2864601_0.449,6,0.9866019140829062,3,False,False,0.91475,0.08525,0.6247623417602457,0.517640497666305,0.0,0.5320671200752258,2.391103982925415,5.008613109588623
2864601_0.449,6,0.9866019140829062,4,False,False,0.2716458333333333,0.7283541666666666,0.0997387017287426,0.25629894532384867,0.0,0.0,1.2532586956024236,3.1631176471710205
2864601_0.449,6,0.9866019140829062,5,False,False,0.07454166666666667,0.9254583333333334,0.026531650538087547,0.13227846277867236,0.0,0.0,0.7706108093261719,2.126638650894165
2864601_0.449,6,0.9866019140829062,6,False,False,0.14744791666666668,0.8525520833333333,0.06533502582575579,0.23345452489370838,0.0,0.0,1.2647125279903706,2.574720859527588
2864601_0.449,6,0.9866019140829062,7,True,False,0.0,1.0,0.0,0.0,0.0,0.0,0.0,0.0
2864601_0.449,6,0.9866019140829062,8,False,False,0.8417291666666666,0.15827083333333333,0.5341095924223165,0.5013739493111677,0.0,0.419668972492218,2.1986996579170257,3.2861905097961426
2864601_0.449,6,0.9866019140829062,9,False,False,0.9850520833333334,0.014947916666666667,0.9811562073365976,0.5828390287275055,0.0,0.8949686884880066,2.7519525790214576,5.215601444244385
2864601_0.449,6,0.9866019140829062,10,False,False,0.8627604166666667,0.13723958333333333,0.4802270659728176,0.41191371664263216,0.0,0.4170787036418915,1.7376428842544556,3.8447327613830566
2864601_0.449,6,0.9866019140829062,11,False,False,0.6874166666666667,0.3125833333333333,0.38572532618151295,0.41809121402712224,0.0,0.2830459475517273,1.542633814811707,4.234690189361572
2864601_0.449,6,0.9866019140829062,12,False,False,0.9545208333333334,0.04547916666666667,0.7711535506877094,0.7020531450252921,0.0,0.5863510370254517,3.300459561347965,5.838751316070557
2864601_0.449,6,0.9866019140829062,13,False,False,0.34236458333333336,0.6576354166666667,0.266798903015172,0.5983852196075278,0.0,0.0,2.9008551645278957,3.6387717723846436
2864601_0.449,6,0.9866019140829062,14,True,False,0.0,1.0,0.0,0.0,0.0,0.0,0.0,0.0
2864601_0.449,6,0.9866019140829062,15,False,False,0.2236875,0.7763125,0.07562326710522184,0.20395690726304383,0.0,0.0,0.977789646983148,2.392195463180542
2864601_0.449,6,0.9866019140829062,16,False,False,0.3207083333333333,0.6792916666666666,0.16932054877620156,0.37766085954669504,0.0,0.0,1.7940090179443375,2.4394612312316895
2864601_0.449,6,0.9866019140829062,17,False,False,0.68209375,0.31790625,0.3742000215151599,0.45944849243605523,0.0,0.23921235650777817,1.9632528209686397,4.824841022491455
2864601_0.449,6,0.9866019140829062,18,False,False,0.079125,0.920875,0.016480044876033693,0.08395198537117018,0.0,0.0,0.4176964968442944,2.690502882003784
2864601_0.449,6,0.9866019140829062,19,False,False,0.42046875,0.57953125,0.1494268564885125,0.24406753003438938,0.0,0.0,0.9873033416271246,2.840447425842285
2864601_0.449,6,0.9866019140829062,20,False,False,0.8880520833333333,0.11194791666666666,0.7033823680250678,0.5924201823494316,0.0,0.6077225208282471,2.894932270050049,5.111664295196533
2864601_0.449,6,0.9866019140829062,21,False,False,0.14533333333333334,0.8546666666666667,0.043527471515359205,0.15632992176168176,0.0,0.0,0.8079138994216919,2.8887505531311035
2864601_0.340,7,0.986583635864816,0,False,False,0.26203125,0.73796875,0.3540706859094304,0.7795776039890794,0.0,0.0,3.206878423690796,6.019330978393555
2864601_0.340,7,0.986583635864816,1,False,False,0.7354479166666666,0.26455208333333335,1.382468753101902,1.6425346670004966,0.0,0.9092398583889008,7.5420628452301175,15.771477699279785
2864601_0.340,7,0.986583635864816,2,False,False,0.61453125,0.38546875,0.889502235452051,1.1581302070461534,0.0,0.4326002299785614,4.7387309074401855,11.096171379089355
2864601_0.340,7,0.986583635864816,3,False,False,0.68796875,0.31203125,1.426602886951817,1.7137220040504733,0.0,0.9525181949138641,6.416831970214844,18.764347076416016
2864601_0.340,7,0.986583635864816,4,False,False,0.05371875,0.94628125,0.0823782838182445,0.5122390538451362,0.0,0.0,2.848609209060669,8.925580024719238
2864601_0.340,7,0.986583635864816,5,False,False,0.12811458333333334,0.8718854166666666,0.1621059474186518,0.6509133410188745,0.0,0.0,3.3315944409370806,12.63708209991455
2864601_0.340,7,0.986583635864816,6,False,False,0.202875,0.797125,0.1915791677794849,0.6286180024887947,0.0,0.0,2.852494716644287,11.25820255279541
2864601_0.340,7,0.986583635864816,7,False,False,0.34972916666666665,0.6502708333333334,0.44782815322328906,0.9295840282169834,0.0,0.0,4.1595486879348815,14.78424072265625
2864601_0.340,7,0.986583635864816,8,False,False,0.24771875,0.75228125,0.3014312274987636,0.7901606750298538,0.0,0.0,3.7176315784454346,10.749208450317383
2864601_0.340,7,0.986583635864816,9,False,False,0.45121875,0.54878125,0.48456550367603374,0.8868397724193784,0.0,0.0,3.8603765964508057,18.633573532104492
2864601_0.340,7,0.986583635864816,10,True,False,0.0,1.0,0.0,0.0,0.0,0.0,0.0,0.0
2864601_0.340,7,0.986583635864816,11,False,False,0.11083333333333334,0.8891666666666667,0.06328172687126138,0.25482280034622273,0.0,0.0,1.3408647775650024,6.511672496795654
2864601_0.340,7,0.986583635864816,12,False,False,0.2070625,0.7929375,0.6058887499097452,1.6387065593094787,0.0,0.0,8.237714538574261,9.491747856140137
2864601_0.340,7,0.986583635864816,13,False,False,0.031510416666666666,0.9684895833333333,0.038398699515309394,0.3026052722108796,0.0,0.0,1.3888761472702162,7.509905815124512
2864601_0.340,7,0.986583635864816,14,False,False,0.12841666666666668,0.8715833333333334,0.18684090250212618,0.665747423641704,0.0,0.0,3.527562141418457,11.957812309265137
2864601_0.340,7,0.986583635864816,15,False,False,0.24140625,0.75859375,0.30348735935492693,0.7560033391200471,0.0,0.0,3.593592882156372,12.266023635864258
2864601_0.340,7,0.986583635864816,16,False,False,0.17973958333333334,0.8202604166666667,0.21308776567056217,0.6616923396052838,0.0,0.0,3.4632281327247805,7.305309295654297
2864601_0.340,7,0.986583635864816,17,False,False,0.20377083333333335,0.7962291666666667,0.21111545933527978,0.5891964429490936,0.0,0.0,2.8089141988754425,9.463935852050781
2864601_0.340,7,0.986583635864816,18,True,False,0.0,1.0,0.0,0.0,0.0,0.0,0.0,0.0
2864601_0.340,7,0.986583635864816,19,True,False,0.0,1.0,0.0,0.0,0.0,0.0,0.0,0.0
2864601_0.340,7,0.986583635864816,20,False,False,0.14416666666666667,0.8558333333333333,0.21110442852710185,0.7264329564696042,0.0,0.0,3.6211447310447746,16.439983367919922
2864601_0.340,7,0.986583635864816,21,False,False,0.07294791666666667,0.9270520833333333,0.07148332684815326,0.3613642432439643,0.0,0.0,2.073361873626709,4.795008659362793
2864601_0.340,7,0.986583635864816,22,False,False,0.8859583333333333,0.11404166666666667,2.250442771197907,2.1790931842307106,0.0,1.7341715097427368,9.58581888198861,19.582916259765625
2864601_0.340,7,0.986583635864816,23,False,False,0.23514583333333333,0.7648541666666666,0.32186866939319575,0.7170449020238082,0.0,0.0,2.909538507461548,4.38541841506958
2864601_0.340,7,0.986583635864816,24,False,False,0.6106041666666666,0.38939583333333333,0.8097360379568406,1.1785334881146061,0.0,0.3276102840900421,5.520614438056949,11.430045127868652
2864601_0.340,7,0.986583635864816,25,True,False,0.0,1.0,0.0,0.0,0.0,0.0,0.0,0.0
2864601_0.340,7,0.986583635864816,26,True,False,0.0,1.0,0.0,0.0,0.0,0.0,0.0,0.0
2864601_0.296,8,0.9864532538459632,0,False,False,0.95065625,0.04934375,0.7265610339424856,0.6344962380894836,0.0,0.5764425992965698,3.0520379900932606,6.27644681930542
2864601_0.296,8,0.9864532538459632,1,False,False,0.8903854166666667,0.10961458333333333,0.7230826577137435,0.4962208024929516,0.0,0.6993156671524048,1.9604268515110064,2.9091405868530273
2864601_0.296,8,0.9864532538459632,2,False,False,0.19113541666666667,0.8088645833333333,0.067169931664204,0.1994259152324169,0.0,0.0,0.9885738408565525,2.05863881111145
2864601_0.296,8,0.9864532538459632,3,False,False,0.8120625,0.1879375,0.5196537043610118,0.37828442301787574,0.0,0.5374585390090942,1.2477641105651855,1.550017237663269
2864601_0.296,8,0.9864532538459632,4,False,False,0.13883333333333334,0.8611666666666666,0.08052310811385709,0.28245835211768766,0.0,0.0,1.5465902280807504,3.0097625255584717
2864601_0.296,8,0.9864532538459632,5,False,False,0.928625,0.071375,0.7950297796326724,0.6484351026789894,0.0,0.6914705038070679,3.04474139213562,5.406369686126709
2864601_0.296,8,0.9864532538459632,6,False,False,0.02423958333333333,0.9757604166666667,0.01353293827963292,0.1010446246753742,0.0,0.0,0.7182341772317892,1.2493019104003906
2864601_0.296,8,0.9864532538459632,7,False,False,0.9951458333333333,0.004854166666666666,1.457592146572982,0.6192213850238215,0.10089987814426422,1.4236667156219482,3.0749094486236572,5.117077827453613
2864601_0.296,8,0.9864532538459632,8,False,False,0.03357291666666667,0.9664270833333334,0.015685841905535805,0.12287816697476775,0.0,0.0,0.5869628131389627,2.138094186782837
2864601_0.296,8,0.9864532538459632,9,False,False,0.5241979166666667,0.47580208333333335,0.1971583405081761,0.26801246549730284,0.0,0.029781438410282135,0.9565224313735972,2.9047470092773438
2864601_0.296,8,0.9864532538459632,10,False,False,0.06754166666666667,0.9324583333333333,0.007757720401758351,0.03894414339773018,0.0,0.0,0.21510407760739553,0.7839934229850769
2864601_0.296,8,0.9864532538459632,11,False,False,0.87503125,0.12496875,0.8137278141305728,0.53368890367061,0.0,0.8036867678165436,2.2596287727355957,4.161961555480957
2864601_0.296,8,0.9864532538459632,12,False,False,0.9502916666666666,0.049708333333333334,0.9157815457669064,0.641987550995717,0.0,0.802171379327774,2.673398733139038,5.842996597290039
2864601_0.296,8,0.9864532538459632,13,False,False,0.9797708333333334,0.020229166666666666,1.0185200038852684,0.6862837340837199,0.0,0.8471165001392365,2.9949191093444836,4.512413501739502
2864601_0.296,8,0.9864532538459632,14,False,False,0.32025,0.67975,0.1718481995519697,0.36138860307656234,0.0,0.0,1.781356667280198,2.160057306289673
2864601_0.296,8,0.9864532538459632,15,False,False,0.1425,0.8575,0.09409756961297477,0.3061551934340648,0.0,0.0,1.642819610834131,2.0916099548339844
2864601_0.296,8,0.9864532538459632,16,False,False,0.9121666666666667,0.08783333333333333,0.7034530651020744,0.4761620682232187,0.0,0.6852067708969116,2.0908268213272128,3.5157830715179443
2864601_0.296,8,0.9864532538459632,17,False,False,0.7404895833333334,0.2595104166666667,0.615259050572893,0.733778489161826,0.0,0.4678395390510559,3.4375953674316406,6.744238376617432
2864601_0.296,8,0.9864532538459632,18,False,False,0.7131770833333333,0.28682291666666665,0.5021392826799608,0.6833821736153647,0.0,0.2506980299949646,3.1361748266220153,4.3009514808654785
2864601_0.296,8,0.9864532538459632,19,False,False,0.019864583333333335,0.9801354166666667,0.003283886126637147,0.03579288875500683,0.0,0.0,0.10515175014734268,1.2654402256011963
2864601_0.296,8,0.9864532538459632,20,False,False,0.85034375,0.14965625,0.35345456518952034,0.3166074518813145,0.0,0.29844215512275696,1.3894994330406296,3.1630187034606934
2864601_0.296,8,0.9864532538459632,21,False,False,0.9149375,0.0850625,0.9080964762445525,0.7103774927939515,0.0,0.7840591073036194,3.1166205406188965,6.282199382781982
2864601_0.296,8,0.9864532538459632,22,False,False,0.14535416666666667,0.8546458333333333,0.03868038350543356,0.13633667997461024,0.0,0.0,0.6557745933532715,2.6276779174804688
2864601_0.296,8,0.9864532538459632,23,False,False,0.8404166666666667,0.15958333333333333,0.765280718006154,0.5833760985754001,0.0,0.7495115697383881,2.520580093860633,5.085503101348877
2864601_0.296,8,0.9864532538459632,24,False,False,0.9532916666666666,0.04670833333333333,0.676818337011646,0.4743965431354024,0.0,0.5948781073093414,2.2220005130767837,2.999073028564453
2864601_0.270,9,0.9864491977335025,0,False,False,0.08938541666666666,0.9106145833333333,0.026805797864750652,0.12451619382736856,0.0,0.0,0.7105931639671326,1.8046318292617798
2864601_0.270,9,0.9864491977335025,1,False,False,0.8937916666666667,0.10620833333333334,0.4802102619978676,0.44207715702421546,0.0,0.35960911214351654,1.8418302893638638,2.5904994010925293
2864601_0.270,9,0.9864491977335025,2,False,False,0.60628125,0.39371875,0.3328165233173485,0.43968108644487086,0.0,0.1359345018863678,1.6902534937858589,2.4746859073638916
2864601_0.270,9,0.9864491977335025,3,False,False,0.6844895833333333,0.3155104166666667,0.321535539810371,0.37918096964303666,0.0,0.20306582748889923,1.5246294879913398,3.001210927963257
2864601_0.270,9,0.9864491977335025,4,False,False,0.3699375,0.6300625,0.10199731715199012,0.1931532337217875,0.0,0.0,0.8624936938285828,1.4961549043655396
2864601_0.270,9,0.9864491977335025,5,False,False,0.17902083333333332,0.8209791666666667,0.07912009069507947,0.2491264820924292,0.0,0.0,1.2983578026294724,2.8789331912994385
2864601_0.270,9,0.9864491977335025,6,False,False,0.06090625,0.93909375,0.019832813862090765,0.11204584913385414,0.0,0.0,0.5953981280326843,2.2234506607055664
2864601_0.270,9,0.9864491977335025,7,False,False,0.14632291666666666,0.8536770833333334,0.09886541356200541,0.31095454104679543,0.0,0.0,1.7414929938316352,2.07327938079834
2864601_0.270,9,0.9864491977335025,8,False,False,0.3198020833333333,0.6801979166666666,0.14762460222647578,0.2846666758384843,0.0,0.0,1.1712042391300206,1.9994802474975586
2864601_0.270,9,0.9864491977335025,9,False,False,0.54215625,0.45784375,0.25199186618157376,0.37859009173750685,0.0,0.04063674248754978,1.5324486124515548,2.3575732707977295
2864601_0.270,9,0.9864491977335025,10,False,False,0.9473958333333333,0.05260416666666667,0.5291114113113394,0.2958571846387035,0.0,0.5313737988471985,1.326453427076344,2.1086466312408447
2864601_0.270,9,0.9864491977335025,11,False,False,0.2574375,0.7425625,0.18787963610094702,0.4403298612479617,0.0,0.0,2.129054236412049,2.6235525608062744
2864601_0.270,9,0.9864491977335025,12,False,False,0.5927916666666667,0.40720833333333334,0.2552757254522498,0.34576826778658676,0.0,0.09486332535743713,1.4103916215896657,2.570402145385742
2864601_0.270,9,0.9864491977335025,13,False,False,0.653125,0.346875,0.24799715812248693,0.2959816445686035,0.0,0.15566423535346985,1.2387075316905976,2.3240442276000977
2864601_0.270,9,0.9864491977335025,14,False,False,0.7363645833333333,0.2636354166666667,0.4973205167828452,0.45931789880151175,0.0,0.44248808920383453,1.7243842673301715,2.20520281791687
2864601_0.270,9,0.9864491977335025,15,False,False,0.6329375,0.3670625,0.36290774096071005,0.4045513721710045,0.0,0.23409313708543777,1.5409542214870453,1.8610197305679321
2864601_0.270,9,0.9864491977335025,16,False,False,0.333,0.667,0.12358364315656138,0.24286997197512047,0.0,0.0,0.9917194867134094,2.3325932025909424
2864601_0.270,9,0.9864491977335025,17,False,False,0.8111666666666667,0.18883333333333333,0.5297259370709292,0.4576033468058915,0.0,0.5002269148826599,2.1831450057029826,4.162028789520264
2864601_0.270,9,0.9864491977335025,18,False,False,0.8747708333333334,0.12522916666666667,0.5305184807246681,0.45818402717912077,0.0,0.45402225852012634,2.000674407482151,4.030345439910889
2864601_0.270,9,0.9864491977335025,19,False,False,0.5540208333333333,0.44597916666666665,0.18404034757217558,0.27695427200001305,0.0,0.042803969234228134,1.1999807929992712,2.534383535385132
2864601_0.270,9,0.9864491977335025,20,False,False,0.5244375,0.4755625,0.20911167094127142,0.2802584933986617,0.0,0.036658501252532005,1.0626145601272583,2.4628496170043945
2864601_0.270,9,0.9864491977335025,21,False,False,0.956625,0.043375,0.6487735849858144,0.5257254708524944,0.0,0.5461082458496094,2.4199209213256836,4.989662170410156
2864601_0.270,9,0.9864491977335025,22,False,False,0.9387395833333333,0.061260416666666664,0.48659707685404663,0.30989323411130293,0.0,0.45104704797267914,1.3739734947681472,2.202324867248535
2864601_0.270,9,0.9864491977335025,23,True,False,0.0,1.0,0.0,0.0,0.0,0.0,0.0,0.0
2864601_0.270,9,0.9864491977335025,24,False,False,0.19892708333333334,0.8010729166666667,0.055961461611269366,0.15751904138174072,0.0,0.0,0.7741157102584842,2.036856174468994
2864601_0.270,9,0.9864491977335025,25,False,False,0.51009375,0.48990625,0.20684607588099752,0.3176279895320431,0.0,0.011815468780696392,1.4136301279067993,3.3214235305786133
2864601_0.270,9,0.9864491977335025,26,False,False,0.16219791666666666,0.8378020833333333,0.08112881945438684,0.2541057384688617,0.0,0.0,1.3149638175964355,2.4073946475982666
2864601_0.352,10,0.986416399649577,0,False,False,0.23786458333333332,0.7621354166666666,0.16700123616710016,0.44318459584684017,0.0,0.0,2.0524425935745314,5.491500377655029
2864601_0.352,10,0.986416399649577,1,True,False,0.0,1.0,0.0,0.0,0.0,0.0,0.0,0.0
2864601_0.352,10,0.986416399649577,2,True,False,0.0,1.0,0.0,0.0,0.0,0.0,0.0,0.0
2864601_0.352,10,0.986416399649577,3,False,False,0.44007291666666665,0.5599270833333333,0.3321824148516549,0.5537010936085403,0.0,0.0,2.303821659088139,4.255807399749756
2864601_0.352,10,0.986416399649577,4,True,False,0.0,1.0,0.0,0.0,0.0,0.0,0.0,0.0
2864601_0.352,10,0.986416399649577,5,False,False,0.06940625,0.93059375,0.08077774086810385,0.4627900190496935,0.0,0.0,2.5046074390411377,10.704071044921875
2864601_0.352,10,0.986416399649577,6,False,False,0.24269791666666668,0.7573020833333334,0.12747184846964396,0.31853230911090474,0.0,0.0,1.483771800994873,3.8140690326690674
2864601_0.352,10,0.986416399649577,7,False,False,0.9782083333333333,0.021791666666666668,1.7338016118389714,1.391984279815038,0.0,1.4282546639442444,6.094397492408771,12.200411796569824
2864601_0.352,10,0.986416399649577,8,False,False,0.7946770833333333,0.20532291666666666,0.8217721664163979,0.849187463246863,0.0,0.620382159948349,3.6426820755004883,6.267042636871338
2864601_0.352,10,0.986416399649577,9,False,False,0.19478125,0.80521875,0.13514965950367255,0.41504934424656326,0.0,0.0,2.145838148593906,5.131416320800781
2864601_0.352,10,0.986416399649577,10,False,False,0.66678125,0.33321875,0.48887151084782354,0.5865560963179545,0.0,0.30263882875442505,2.4031033515930176,4.790618896484375
2864601_0.352,10,0.986416399649577,11,False,False,0.8541770833333333,0.14582291666666666,1.2149284452862934,0.9748221647038459,0.0,1.111171007156372,3.764887571334839,6.194124221801758
2864601_0.352,10,0.986416399649577,12,False,False,0.17452083333333332,0.8254791666666667,0.0669068092825798,0.20555246565226115,0.0,0.0,1.0357327306270656,3.19450044631958
2864601_0.352,10,0.986416399649577,13,True,False,0.0,1.0,0.0,0.0,0.0,0.0,0.0,0.0
2864601_0.352,10,0.986416399649577,14,True,False,0.0,1.0,0.0,0.0,0.0,0.0,0.0,0.0
2864601_0.352,10,0.986416399649577,15,False,False,0.0765625,0.9234375,0.036845364513566285,0.18606058965264108,0.0,0.0,0.9866187822818776,4.240110397338867
2864601_0.352,10,0.986416399649577,16,False,False,0.8982291666666666,0.10177083333333334,1.6166997881205947,1.8931699548755065,0.0,1.0014700889587402,9.274395122528079,10.751358032226562
2864601_0.352,10,0.986416399649577,17,False,False,0.8418020833333333,0.15819791666666666,0.8171621695609269,0.612635028182136,0.0,0.7968669533729553,2.322383825778962,5.448738098144531
2864601_0.352,10,0.986416399649577,18,False,False,0.881875,0.118125,1.0131594604240872,0.8465844579154673,0.0,0.8875270783901215,4.208444099426279,7.4360575675964355
2864601_0.352,10,0.986416399649577,19,False,False,0.20360416666666667,0.7963958333333333,0.3107554645537111,0.8585165636836468,0.0,0.0,4.432789130210883,5.943369388580322
2864601_0.352,10,0.986416399649577,20,False,False,0.038135416666666665,0.9618645833333334,0.019750700246318958,0.13418927392146618,0.0,0.0,0.7185897606611488,3.3540537357330322
2864601_0.487,11,0.9863320038324273,0,False,False,0.13034375,0.86965625,0.08580007924336679,0.2702005949173721,0.0,0.0,1.2590446114540101,2.82114315032959
2864601_0.487,11,0.9863320038324273,1,False,False,0.6648020833333333,0.33519791666666665,0.660547775737029,0.8736994820714924,0.0,0.31317485868930817,3.7584583330154464,8.264541625976562
2864601_0.487,11,0.9863320038324273,2,False,False,0.7104270833333334,0.2895729166666667,0.9792181683268072,1.0906656747937575,0.0,0.6907205879688263,4.5297115087509185,10.317368507385254
2864601_0.487,11,0.9863320038324273,3,False,False,0.7047708333333333,0.29522916666666665,0.5595661893730864,0.5455360548200785,0.0,0.5020334720611572,2.0771901607513428,7.782961368560791
2864601_0.487,11,0.9863320038324273,4,False,False,0.44403125,0.55596875,0.33870305110484694,0.6576586675286338,0.0,0.0,3.154285731315615,7.219583988189697
2864601_0.487,11,0.9863320038324273,5,False,False,0.14832291666666667,0.8516770833333334,0.11124205929903595,0.3596959642111967,0.0,0.0,1.7826743125915527,4.442848205566406
2864601_0.487,11,0.9863320038324273,6,False,False,0.43221875,0.56778125,0.4318808541583727,0.6739820585986026,0.0,0.0,2.4416117668151855,6.446516036987305
2864601_0.487,11,0.9863320038324273,7,True,False,0.0,1.0,0.0,0.0,0.0,0.0,0.0,0.0
2864601_0.487,11,0.9863320038324273,8,False,False,0.19980208333333332,0.8001979166666666,0.29408184170337837,0.7370059103184523,0.0,0.0,3.0554318261146602,3.802557945251465
2864601_0.487,11,0.9863320038324273,9,False,False,0.13220833333333334,0.8677916666666666,0.11228251019552317,0.3445132062628404,0.0,0.0,1.632826566696167,2.36793851852417
2864601_0.487,11,0.9863320038324273,10,False,False,0.15048958333333334,0.8495104166666667,0.12254751890359769,0.39026370857893283,0.0,0.0,1.9602050948143306,4.694035053253174
2864601_0.487,11,0.9863320038324273,11,False,False,0.37713541666666667,0.6228645833333334,0.4197995491966199,0.8761789914278346,0.0,0.0,4.0553669929504395,8.78116512298584
2864601_0.487,11,0.9863320038324273,12,False,False,0.057458333333333333,0.9425416666666667,0.03956389141083976,0.24901311976642643,0.0,0.0,1.1186474680900707,5.914133071899414
2864601_0.487,11,0.9863320038324273,13,False,False,0.084375,0.915625,0.09092905354447309,0.38243392950477395,0.0,0.0,2.18225116968157,3.3662941455841064
2864601_0.487,11,0.9863320038324273,14,False,False,0.10611458333333333,0.8938854166666667,0.1047100137797927,0.47584342481555164,0.0,0.0,2.525090456008911,9.883605003356934
2864601_0.487,11,0.9863320038324273,15,False,False,0.8279166666666666,0.17208333333333334,0.7970789732024601,0.734709957748043,0.0,0.66653972864151,3.0987997174263096,6.0795207023620605
2864601_0.487,11,0.9863320038324273,16,False,False,0.40671875,0.59328125,0.22568808343630697,0.41862734224866066,0.0,0.0,1.717248558998108,6.402708530426025
2864601_0.487,11,0.9863320038324273,17,False,False,0.24313541666666666,0.7568645833333333,0.18554806071085617,0.47465052996341306,0.0,0.0,2.2049427032470703,6.909582138061523
2864601_0.487,11,0.9863320038324273,18,False,False,0.3079895833333333,0.6920104166666666,0.18118445157956417,0.43251957487085885,0.0,0.0,2.0794408559799242,5.378159523010254
2864601_0.487,11,0.9863320038324273,19,False,False,0.9246666666666666,0.07533333333333334,1.1970920285549724,1.091212051872545,0.0,0.9614272117614746,5.091181392669685,10.024246215820312
2864601_0.487,11,0.9863320038324273,20,False,False,0.45384375,0.54615625,0.46365822437714466,0.7585048217536458,0.0,0.0,3.2118017721176453,7.265521049499512
2864601_0.487,11,0.9863320038324273,21,False,False,0.5638020833333334,0.4361979166666667,0.43428546115214944,0.6003353690661588,0.0,0.1607087105512619,2.685377836227417,5.249536037445068
2864601_0.487,11,0.9863320038324273,22,False,False,0.6480729166666667,0.35192708333333333,0.6279593700629904,0.6690641388908315,0.0,0.47431980073451996,2.3950788092613253,5.858365058898926
2864601_0.487,11,0.9863320038324273,23,False,False,0.9243020833333333,0.07569791666666667,1.5700057837201757,1.2403932482944353,0.0,1.3109536170959473,5.534213066101074,16.092987060546875
2864601_0.487,11,0.9863320038324273,24,False,False,0.05552083333333333,0.9444791666666666,0.05266508807479931,0.3823414920920577,0.0,0.0,1.4679851949215796,9.168888092041016
2864601_0.487,11,0.9863320038324273,25,False,False,0.7095833333333333,0.29041666666666666,0.7475955664442927,0.8876874604381756,0.0,0.4650963693857193,3.447307059764863,9.273187637329102
2864601_0.487,11,0.9863320038324273,26,False,False,0.257625,0.742375,0.19921671995744972,0.5186524603699216,0.0,0.0,2.4117768907547146,8.765140533447266
2864601_0.487,11,0.9863320038324273,27,False,False,0.9164791666666666,0.08352083333333334,1.5935596013892896,1.3829028211673393,0.0,1.2772448658943176,5.881684670448305,10.849640846252441
2864601_0.487,11,0.9863320038324273,28,False,False,0.4631875,0.5368125,0.4242972593481424,0.6907819060789198,0.0,0.0,2.857971842288979,8.856598854064941
2864601_0.487,11,0.9863320038324273,29,False,False,0.28027083333333336,0.7197291666666666,0.3071450929977575,0.7396102874752493,0.0,0.0,3.4381660413742106,9.126893043518066
2864601_0.487,11,0.9863320038324273,30,False,False,0.3116875,0.6883125,0.2623706846546591,0.6024316166572801,0.0,0.0,2.9832257056236315,6.564990520477295
2864601_0.487,11,0.9863320038324273,31,False,False,0.10071875,0.89928125,0.17611819337363432,0.6803840008970614,0.0,0.0,3.982733113765717,5.372249603271484
2864601_0.272,12,0.9863123049070434,0,False,True,0.006520833333333333,0.9934791666666667,0.0007859372708309517,0.012897706418904713,0.0,0.0,0.0,0.5829755067825317
2864601_0.272,12,0.9863123049070434,1,False,False,0.03563541666666667,0.9643645833333333,0.024726792118810407,0.16528546206606332,0.0,0.0,0.9608274698257446,2.6009490489959717
2864601_0.272,12,0.9863123049070434,2,False,False,0.09332291666666667,0.9066770833333333,0.10417013939144901,0.4787063083763718,0.0,0.0,2.455845088958741,8.786535263061523
2864601_0.272,12,0.9863123049070434,3,False,False,0.254,0.746,0.2664695345548454,0.6694975198852121,0.0,0.0,3.2575366497039795,7.725818634033203
2864601_0.272,12,0.9863123049070434,4,False,False,0.20538541666666665,0.7946145833333333,0.23774849057776343,0.7388981715329507,0.0,0.0,3.7586302757263184,11.234390258789062
2864601_0.272,12,0.9863123049070434,5,False,False,0.5542083333333333,0.44579166666666664,0.7080920634198687,1.1294668261691472,0.0,0.1702032908797264,5.0672478675842285,11.089856147766113
2864601_0.272,12,0.9863123049070434,6,False,False,0.9619895833333333,0.038010416666666665,2.5581953308308645,2.397432176354492,0.0,1.970112681388855,10.88664550781252,22.653532028198242
2864601_0.272,12,0.9863123049070434,7,False,False,0.3514375,0.6485625,0.475057080393477,0.8894768897588795,0.0,0.0,3.720031499862671,6.8373332023620605
2864601_0.272,12,0.9863123049070434,8,False,False,0.085625,0.914375,0.12454262200749569,0.5454552399286177,0.0,0.0,3.1033238458633745,7.407670497894287
2864601_0.272,12,0.9863123049070434,9,True,False,0.0,1.0,0.0,0.0,0.0,0.0,0.0,0.0
2864601_0.272,12,0.9863123049070434,10,False,False,0.6223958333333334,0.3776041666666667,1.211451975292354,1.4906512007054105,0.0,0.7337503135204315,6.300709671974215,10.335066795349121
2864601_0.272,12,0.9863123049070434,11,False,False,0.18344791666666665,0.8165520833333333,0.3512037254047291,0.9725059542940255,0.0,0.0,4.656059985160864,8.013076782226562
2864601_0.272,12,0.9863123049070434,12,False,False,0.16275,0.83725,0.518512979159296,1.5208271138822314,0.0,0.0,7.702099323272705,10.248217582702637
2864601_0.272,12,0.9863123049070434,13,False,False,0.08495833333333333,0.9150416666666666,0.11300419530854576,0.5478794822122115,0.0,0.0,2.768885612487793,11.617105484008789
2864601_0.272,12,0.9863123049070434,14,False,False,0.5984791666666667,0.4015208333333333,0.8809061874646686,1.2225673172184977,0.0,0.34743547439575195,5.318621778488168,9.063115119934082
2864601_0.272,12,0.9863123049070434,15,False,False,0.033666666666666664,0.9663333333333334,0.05963640859961258,0.4404832141999383,0.0,0.0,2.381852626800537,8.518783569335938
2864601_0.272,12,0.9863123049070434,16,False,False,0.3467395833333333,0.6532604166666667,0.8606440993787774,1.801443550819719,0.0,0.0,8.184946060180664,11.243413925170898
2864601_0.272,12,0.9863123049070434,17,False,False,0.6922291666666667,0.3077708333333333,2.022420208150246,2.7022549853278295,0.0,1.0580809116363525,11.819460201263459,25.167858123779297
2864601_0.272,12,0.9863123049070434,18,False,False,0.3698854166666667,0.6301145833333334,0.46505206492757056,0.924360478751179,0.0,0.0,4.217240810394287,13.2454252243042
2864601_0.272,12,0.9863123049070434,19,False,False,0.07392708333333334,0.9260729166666667,0.10913952168503481,0.5695799329049485,0.0,0.0,3.2184587836265632,11.566423416137695
2864601_0.272,12,0.9863123049070434,20,False,False,0.49315625,0.50684375,0.6089323224847782,1.0081046193962944,0.0,0.0,4.558093070983887,14.359977722167969
2864601_0.404,13,0.9863025802761562,0,False,False,0.26003125,0.73996875,0.1053272180419181,0.2670181032263869,0.0,0.0,1.2667098212242154,4.034237861633301
2864601_0.404,13,0.9863025802761562,1,False,False,0.27076041666666667,0.7292395833333334,0.11296687828644274,0.26755815358592705,0.0,0.0,1.2464596033096313,2.544832229614258
2864601_0.404,13,0.9863025802761562,2,False,False,0.2771875,0.7228125,0.1474327281222385,0.30230838060576976,0.0,0.0,1.1728936827182839,2.866527557373047
2864601_0.404,13,0.9863025802761562,3,False,False,0.97,0.03,1.1214550820303106,0.8007302138069989,0.0,0.9999274611473083,3.5332977771759033,6.3871026039123535
2864601_0.404,13,0.9863025802761562,4,False,False,0.8212083333333333,0.17879166666666665,0.4654859861503584,0.40594594549466284,0.0,0.4160979986190796,1.6771852970123364,3.438401222229004
2864601_0.404,13,0.9863025802761562,5,True,False,0.0,1.0,0.0,0.0,0.0,0.0,0.0,0.0
2864601_0.404,13,0.9863025802761562,6,False,False,0.21388541666666666,0.7861145833333333,0.08480447559455088,0.24752000922084658,0.0,0.0,1.2134251594543457,3.272249221801758
2864601_0.404,13,0.9863025802761562,7,False,False,0.44109375,0.55890625,0.15525419508624236,0.2794271386490465,0.0,0.0,1.3154990673065186,2.755296468734741
2864601_0.404,13,0.9863025802761562,8,False,False,0.24478125,0.75521875,0.2659611957833835,0.6656459380136774,0.0,0.0,3.2238004207611084,3.850973129272461
2864601_0.404,13,0.9863025802761562,9,False,False,0.3128125,0.6871875,0.21234949448880555,0.39534623381121714,0.0,0.0,1.4810478961467761,1.9607352018356323
2864601_0.404,13,0.9863025802761562,10,False,False,0.3289479166666667,0.6710520833333333,0.15972924378199574,0.3451641423527544,0.0,0.0,1.570302963256836,3.629589796066284
2864601_0.404,13,0.9863025802761562,11,False,False,0.9903229166666667,0.009677083333333333,1.325973563345785,0.5078918840055611,0.021328252106904987,1.2698864936828613,2.936219155788431,6.1078715324401855
2864601_0.404,13,0.9863025802761562,12,False,False,0.8879895833333333,0.11201041666666667,0.5029692600768944,0.4254586377113934,0.0,0.4332693815231323,1.9084407091140747,3.6422250270843506
2864601_0.404,13,0.9863025802761562,13,False,False,0.6038541666666667,0.3961458333333333,0.2758122447434784,0.3663690977365392,0.0,0.12027323618531227,1.5330026149749756,4.126257419586182
2864601_0.404,13,0.9863025802761562,14,False,False,0.10703125,0.89296875,0.06073692945687511,0.25185196049870784,0.0,0.0,1.4240119910240316,3.0224995613098145
2864601_0.404,13,0.9863025802761562,15,False,False,0.7474270833333333,0.25257291666666665,0.503255540260568,0.5989119064422341,0.0,0.3492318093776703,2.9525341439247197,3.7014098167419434
2864601_0.404,13,0.9863025802761562,16,False,False,0.13808333333333334,0.8619166666666667,0.0528341803897326,0.18963812685490783,0.0,0.0,0.9191697239875793,3.714292287826538
2864601_0.404,13,0.9863025802761562,17,False,False,0.62165625,0.37834375,0.4200663683557754,0.5443364887904765,0.0,0.21010011434555054,2.374861001968384,5.297869682312012
2864601_0.404,13,0.9863025802761562,18,False,False,0.3444479166666667,0.6555520833333334,0.11790289396384389,0.22739055944301803,0.0,0.0,1.0254034924507147,1.4181187152862549
2864601_0.404,13,0.9863025802761562,19,False,False,0.7194166666666667,0.28058333333333335,0.3395956228404236,0.368009455359635,0.0,0.2562973350286484,1.546346664428711,3.4442007541656494
2864601_0.404,13,0.9863025802761562,20,False,False,0.8903541666666667,0.10964583333333333,0.7321167642061409,0.5603225266347004,0.0,0.6818130016326904,2.810212271213534,3.3517842292785645
2864601_0.404,13,0.9863025802761562,21,False,False,0.979625,0.020375,1.0277026824343352,0.5301010911123404,0.0,0.9413561820983887,2.762430191040039,5.2118659019470215
2864601_0.274,14,0.9863011474221421,0,False,False,0.32494791666666667,0.6750520833333333,0.19666159824211044,0.4276005930397088,0.0,0.0,1.995225191116333,3.936175584793091
2864601_0.274,14,0.9863011474221421,1,False,False,0.91171875,0.08828125,0.9278095916069157,0.6017845869753135,0.0,0.9206533133983612,2.7146048378944485,4.420191287994385
2864601_0.274,14,0.9863011474221421,2,False,False,0.83253125,0.16746875,0.5131474103652818,0.403682031570669,0.0,0.47886963188648224,1.4432112336158784,3.210580587387085
2864601_0.274,14,0.9863011474221421,3,False,False,0.4109583333333333,0.5890416666666667,0.3682133811835647,0.6581963924461041,0.0,0.0,2.8409901547431953,3.313634157180786
2864601_0.274,14,0.9863011474221421,4,False,False,0.7733854166666667,0.22661458333333334,0.6355735797007005,0.6692375880216577,0.0,0.55435511469841,3.2603266668319786,8.480307579040527
2864601_0.274,14,0.9863011474221421,5,False,False,0.45728125,0.54271875,0.2905016794332058,0.4640325344537573,0.0,0.0,1.781994299888615,6.979586601257324
2864601_0.274,14,0.9863011474221421,6,False,False,0.15460416666666665,0.8453958333333333,0.10204271895582351,0.3707567497292287,0.0,0.0,2.0066604614257812,5.926420211791992
2864601_0.274,14,0.9863011474221421,7,False,False,0.37695833333333334,0.6230416666666667,0.18109774210317822,0.3482910462560437,0.0,0.0,1.549639437198639,4.326345920562744
2864601_0.274,14,0.9863011474221421,8,False,False,0.9096979166666667,0.09030208333333334,0.5904405672080371,0.46407147510883284,0.0,0.533856213092804,2.2610206604003906,5.48867130279541
2864601_0.274,14,0.9863011474221421,9,False,False,0.7370729166666666,0.2629270833333333,0.6814187213486667,0.8169513104010308,0.0,0.3938775360584259,3.4970543289184635,6.829670429229736
2864601_0.274,14,0.9863011474221421,10,True,False,0.0,1.0,0.0,0.0,0.0,0.0,0.0,0.0
2864601_0.274,14,0.9863011474221421,11,True,False,0.0,1.0,0.0,0.0,0.0,0.0,0.0,0.0
2864601_0.274,14,0.9863011474221421,12,False,False,0.16109375,0.83890625,0.17345686253756942,0.5227897878812435,0.0,0.0,2.8798635506629955,3.5364177227020264
2864601_0.274,14,0.9863011474221421,13,False,False,0.42072916666666665,0.5792708333333333,0.2729367877000465,0.54034605165363,0.0,0.0,2.5509872436523438,7.271634578704834
2864601_0.274,14,0.9863011474221421,14,False,False,0.9110416666666666,0.08895833333333333,0.7570772904710389,0.556881779698721,0.0,0.6651850342750549,2.1422364711761475,3.9246394634246826
2864601_0.274,14,0.9863011474221421,15,False,False,0.6344270833333333,0.3655729166666667,0.4078777119134775,0.5358577871078538,0.0,0.19818760454654694,2.225011773109441,5.342996597290039
2864601_0.274,14,0.9863011474221421,16,False,False,0.98140625,0.01859375,1.2131268060939042,0.7939995151596856,0.0,1.0717633962631226,3.5616886615753174,8.004505157470703
2864601_0.274,14,0.9863011474221421,17,False,False,0.8302916666666667,0.16970833333333332,0.9369062108791611,0.735086406969807,0.0,0.865650475025177,2.913566749095922,4.480833053588867
2864601_0.274,14,0.9863011474221421,18,True,False,0.0,1.0,0.0,0.0,0.0,0.0,0.0,0.0
2864601_0.274,14,0.9863011474221421,19,False,False,0.9834791666666667,0.016520833333333332,1.8203626812511848,1.321602667970375,0.0,1.4840294122695923,6.237641263008127,8.402118682861328
2864601_0.274,14,0.9863011474221421,20,False,False,0.97034375,0.02965625,1.6225853896406535,1.2693856234339627,0.0,1.3245111107826233,5.928559904098542,12.438067436218262
2864601_0.274,14,0.9863011474221421,21,False,False,0.12746875,0.87253125,0.05701008305148703,0.20385408433438865,0.0,0.0,1.0729281771183092,2.4572975635528564
2864601_0.240,15,0.9862121823910468,0,False,False,0.9916666666666667,0.008333333333333333,1.0978872281214542,0.47554343585966125,0.04904842510819435,1.1019331216812134,2.495817284584046,3.510589122772217
2864601_0.240,15,0.9862121823910468,1,False,False,0.26575,0.73425,0.08595451164324405,0.1932518556773566,0.0,0.0,0.8495021051168457,1.8104032278060913
2864601_0.240,15,0.9862121823910468,2,False,False,0.7875,0.2125,0.4042362769824457,0.3876924001001371,0.0,0.34536999464035034,1.610392299890521,3.1061365604400635
2864601_0.240,15,0.9862121823910468,3,False,False,0.8211666666666667,0.17883333333333334,0.4723853181387967,0.3825802953903226,0.0,0.43829092383384705,1.3371540737152114,1.7766749858856201
2864601_0.240,15,0.9862121823910468,4,False,False,0.9811875,0.0188125,0.7064325609996817,0.33564337858332105,0.0,0.7166261672973633,1.376908154487611,2.088683843612671
2864601_0.240,15,0.9862121823910468,5,False,False,0.7083854166666667,0.29161458333333334,0.22133573608971946,0.2662688405871839,0.0,0.15351344645023346,1.151057596206668,3.0418636798858643
2864601_0.240,15,0.9862121823910468,6,False,False,0.35182291666666665,0.6481770833333333,0.1084070643433892,0.22227269478902176,0.0,0.0,0.9927461463213063,1.799627661705017
2864601_0.240,15,0.9862121823910468,7,False,False,0.999875,0.000125,0.8227290876535795,0.20584121040175168,0.402729189991951,0.8060941398143768,1.35602548837662,1.7664577960968018
2864601_0.240,15,0.9862121823910468,8,False,False,0.9523333333333334,0.04766666666666667,0.49440242283547225,0.33660244862672406,0.0,0.4327668398618698,1.5079271793365479,2.129091262817383
2864601_0.240,15,0.9862121823910468,9,False,False,0.9806666666666667,0.019333333333333334,0.5596217496423691,0.331887958916941,0.0,0.4999028891324997,1.7013694047927856,2.5857460498809814
2864601_0.240,15,0.9862121823910468,10,True,False,0.0,1.0,0.0,0.0,0.0,0.0,0.0,0.0
2864601_0.240,15,0.9862121823910468,11,False,False,0.9506875,0.0493125,0.778212302449863,0.6097794645524661,0.0,0.660043865442276,2.9246184825897217,5.8287811279296875
2864601_0.240,15,0.9862121823910468,12,False,False,0.187875,0.812125,0.1249554568169921,0.3420918113077338,0.0,0.0,1.75779390335083,2.1429455280303955
2864601_0.240,15,0.9862121823910468,13,True,False,0.0,1.0,0.0,0.0,0.0,0.0,0.0,0.0
2864601_0.240,15,0.9862121823910468,14,False,False,0.9996354166666667,0.00036458333333333335,1.3487664088544546,0.6526014913903062,0.16484621301293373,1.260665774345398,3.133524923324586,5.045442581176758
2864601_0.240,15,0.9862121823910468,15,False,False,0.8230208333333333,0.17697916666666666,0.37928032000467804,0.33026579797714145,0.0,0.3457356095314026,1.4462142372131388,2.957392930984497
2864601_0.240,15,0.9862121823910468,16,False,False,0.9670625,0.0329375,0.7688298645119064,0.49168735790859897,0.0,0.7073071897029877,2.2015233039855957,3.581010580062866
2864601_0.240,15,0.9862121823910468,17,True,False,0.0,1.0,0.0,0.0,0.0,0.0,0.0,0.0
2864601_0.240,15,0.9862121823910468,18,False,False,0.7180416666666667,0.2819583333333333,0.3084322486346189,0.3826654224326056,0.0,0.18434607237577438,1.5871543097496037,2.658466100692749
2864601_0.240,15,0.9862121823910468,19,False,False,0.23464583333333333,0.7653541666666667,0.12755237575967704,0.3110291139148199,0.0,0.0,1.4662050580978394,1.827033519744873
2864601_0.240,15,0.9862121823910468,20,False,False,0.0450625,0.9549375,0.011134392643192067,0.0733831095449732,0.0,0.0,0.3626950681209564,1.6388314962387085
2864601_0.240,15,0.9862121823910468,21,False,False,0.13411458333333334,0.8658854166666666,0.02081695816563558,0.0723077193634714,0.0,0.0,0.3860706156492242,0.7676563262939453
2864601_0.240,15,0.9862121823910468,22,False,False,0.89359375,0.10640625,0.48652082798290197,0.4742287515838279,0.0,0.3451152443885803,2.0038392543792725,2.8445491790771484
2864601_0.240,15,0.9862121823910468,23,False,False,0.3818020833333333,0.6181979166666667,0.1595487898083925,0.30905086849837665,0.0,0.0,1.4035111665725708,2.1351318359375
2864601_0.240,15,0.9862121823910468,24,False,False,0.14858333333333335,0.8514166666666667,0.046189069201557006,0.15732071641152226,0.0,0.0,0.8446866416931155,1.7732267379760742
2864601_0.240,15,0.9862121823910468,25,False,False,0.9178854166666667,0.08211458333333334,0.4872052832142185,0.328448838136748,0.0,0.4729926139116287,1.3726368761062624,3.1714894771575928
2864601_0.240,15,0.9862121823910468,26,False,False,0.21340625,0.78659375,0.05894795699966865,0.16727865706997708,0.0,0.0,0.805070004463218,2.1554856300354004
2864601_0.240,15,0.9862121823910468,27,False,False,0.0673125,0.9326875,0.013289190550050534,0.07085987016837471,0.0,0.0,0.3854679256677647,1.519364356994629
2864601_0.240,15,0.9862121823910468,28,False,False,0.6933333333333334,0.30666666666666664,0.3882954855270683,0.4591024261235843,0.0,0.2357756718993187,1.8894033432006836,2.6803343296051025
2864601_0.240,15,0.9862121823910468,29,False,False,0.8391145833333333,0.16088541666666667,0.38690373527967115,0.30873095499444253,0.0,0.36166830360889435,1.196875191926957,1.6840629577636719
2864601_0.240,15,0.9862121823910468,30,False,False,0.8202083333333333,0.17979166666666666,0.26273027517357234,0.252938510639783,0.0,0.20144611597061157,1.0155020153522494,1.5758106708526611
2864601_0.417,16,0.986142225711121,0,False,False,0.2518020833333333,0.7481979166666667,0.30522691317155143,0.7731389464305792,0.0,0.0,3.786628246307373,6.978180885314941
2864601_0.417,16,0.986142225711121,1,False,False,0.6909895833333334,0.3090104166666667,1.142373271844689,1.5111529412760707,0.0,0.6846587061882019,7.359403386116075,15.389934539794922
2864601_0.417,16,0.986142225711121,2,False,False,0.21748958333333332,0.7825104166666667,0.3070560347641493,0.9193973195491643,0.0,0.0,5.085361003875732,9.399778366088867
2864601_0.417,16,0.986142225711121,3,False,False,0.0343125,0.9656875,0.0398296738949357,0.3498965322806488,0.0,0.0,1.2630595302581877,13.237415313720703
2864601_0.417,16,0.986142225711121,4,False,False,0.010125,0.989875,0.006954684629493083,0.0987635806536706,0.0,0.0,0.008018896048890133,4.135012626647949
2864601_0.417,16,0.986142225711121,5,False,False,0.6028958333333333,0.39710416666666665,1.1270857749448806,1.5550910783061342,0.0,0.44678887724876404,6.644434895515451,12.531536102294922
2864601_0.417,16,0.986142225711121,6,False,False,0.29179166666666667,0.7082083333333333,0.38311376164486455,0.865676124163215,0.0,0.0,3.9833714294433795,10.117849349975586
2864601_0.417,16,0.986142225711121,7,True,False,0.0,1.0,0.0,0.0,0.0,0.0,0.0,0.0
2864601_0.417,16,0.986142225711121,8,False,True,0.0021875,0.9978125,0.0017417228738389288,0.051767483872443294,0.0,0.0,0.0,2.8927083015441895
2864601_0.417,16,0.986142225711121,9,False,False,0.024989583333333332,0.9750104166666667,0.05160281716990479,0.3704023627472528,0.0,0.0,2.5869576930999756,4.456588268280029
2864601_0.417,16,0.986142225711121,10,False,False,0.2985833333333333,0.7014166666666667,0.32715357187395117,0.712405140126032,0.0,0.0,3.3060959529877083,6.977334976196289
2864601_0.417,16,0.986142225711121,11,False,False,0.3407291666666667,0.6592708333333334,0.37723080120902264,0.7753898867676181,0.0,0.0,3.3715128898620605,9.617244720458984
2864601_0.417,16,0.986142225711121,12,False,False,0.16854166666666667,0.8314583333333333,0.2379155350900293,0.6523365175181678,0.0,0.0,3.0342214393615796,5.094789505004883
2864601_0.417,16,0.986142225711121,13,False,False,0.7979270833333333,0.20207291666666666,1.9047881984214128,2.364807417614062,0.0,1.1169428825378418,10.304490089416504,19.370176315307617
2864601_0.417,16,0.986142225711121,14,False,False,0.16686458333333334,0.8331354166666667,0.4168561445876973,1.267057718889756,0.0,0.0,6.854981594085814,7.9333953857421875
2864601_0.417,16,0.986142225711121,15,False,False,0.27811458333333333,0.7218854166666666,0.4625389460466719,1.0365577231157697,0.0,0.0,5.015347051620484,6.9061598777771
2864601_0.417,16,0.986142225711121,16,False,False,0.5913333333333334,0.4086666666666667,0.6961536388338846,0.9166029065757783,0.0,0.33832669258117676,3.9713680505752893,9.4633150100708
2864601_0.417,16,0.986142225711121,17,False,False,0.04371875,0.95628125,0.06588678028408322,0.43811570708316355,0.0,0.0,2.3011789321899414,8.654877662658691
2864601_0.417,16,0.986142225711121,18,True,False,0.0,1.0,0.0,0.0,0.0,0.0,0.0,0.0
2864601_0.417,16,0.986142225711121,19,False,False,0.12426041666666666,0.8757395833333333,0.17075575863551845,0.7153634309320809,0.0,0.0,3.664964437484741,13.109766006469727
2864601_0.417,16,0.986142225711121,20,False,False,0.06969791666666666,0.9303020833333333,0.08388881224226134,0.42728520559040684,0.0,0.0,2.3743040561676025,6.395534992218018
2864601_0.417,16,0.986142225711121,21,False,False,0.7803958333333333,0.21960416666666666,2.1054410347013817,2.823205544652865,0.0,1.1935524344444275,12.515804109573367,13.937780380249023
2864601_0.417,16,0.986142225711121,22,False,False,0.029479166666666667,0.9705208333333334,0.027846069043308184,0.252261141534219,0.0,0.0,0.9200695157051086,9.139251708984375
2864601_0.417,16,0.986142225711121,23,False,False,0.48489583333333336,0.5151041666666667,0.7616346473757073,1.1903960692088427,0.0,0.0,4.589415364265452,8.549460411071777
2864601_0.417,16,0.986142225711121,24,False,False,0.3054791666666667,0.6945208333333334,0.23103124102954614,0.5415026781806457,0.0,0.0,2.345323324203491,8.927109718322754
2864601_0.494,17,0.9861375019038452,0,False,False,0.88978125,0.11021875,1.1796741740844758,1.0912878828033885,0.0,0.9515284895896912,4.4932553768158,8.702290534973145
2864601_0.494,17,0.9861375019038452,1,True,False,0.0,1.0,0.0,0.0,0.0,0.0,0.0,0.0
2864601_0.494,17,0.9861375019038452,2,False,False,0.15847916666666667,0.8415208333333334,0.0878684845693731,0.26811550985140264,0.0,0.0,1.1930066812038445,6.056588649749756
2864601_0.494,17,0.9861375019038452,3,True,False,0.0,1.0,0.0,0.0,0.0,0.0,0.0,0.0
2864601_0.494,17,0.9861375019038452,4,False,False,0.70278125,0.29721875,0.38876205312286877,0.49784096218178897,0.0,0.23402969539165497,2.20365942716599,5.782746315002441
2864601_0.494,17,0.9861375019038452,5,False,False,0.33403125,0.66596875,0.1708579407943915,0.36142295370220806,0.0,0.0,1.6644742488861084,4.623935222625732
2864601_0.494,17,0.9861375019038452,6,True,False,0.0,1.0,0.0,0.0,0.0,0.0,0.0,0.0
2864601_0.494,17,0.9861375019038452,7,False,False,0.5008541666666667,0.49914583333333334,0.31292107588558976,0.514955299888103,0.0,0.001512708142399788,2.3291442966461204,4.8511176109313965
2864601_0.494,17,0.9861375019038452,8,False,False,0.8970104166666667,0.10298958333333333,0.6100420370867926,0.4541127937172933,0.0,0.5633803904056549,1.878744322061541,3.6648900508880615
2864601_0.494,17,0.9861375019038452,9,False,False,0.08698958333333333,0.9130104166666667,0.02325143249149293,0.10924728296267344,0.0,0.0,0.544869560003291,1.9674789905548096
2864601_0.494,17,0.9861375019038452,10,True,False,0.0,1.0,0.0,0.0,0.0,0.0,0.0,0.0
2864601_0.494,17,0.9861375019038452,11,True,False,0.0,1.0,0.0,0.0,0.0,0.0,0.0,0.0
2864601_0.494,17,0.9861375019038452,12,False,False,0.52825,0.47175,0.33314611582174136,0.47757892665475504,0.0,0.05540866032242775,1.92639940261841,4.426589488983154
2864601_0.494,17,0.9861375019038452,13,False,False,0.5403333333333333,0.45966666666666667,0.2696890839922237,0.37048407302550124,0.0,0.0703936256468296,1.5413174629211426,4.122511863708496
2864601_0.494,17,0.9861375019038452,14,False,False,0.18348958333333334,0.8165104166666667,0.09899927376830389,0.298069130990648,0.0,0.0,1.514314944744115,3.9175679683685303
2864601_0.494,17,0.9861375019038452,15,False,False,0.74128125,0.25871875,0.7539433262497041,1.0905718448605706,0.0,0.3631002604961395,5.195230484008789,6.0464935302734375
2864601_0.494,17,0.9861375019038452,16,False,False,0.6553645833333334,0.3446354166666667,0.4489370804880303,0.5381108289389432,0.0,0.27222302556037903,2.0863969326019287,4.4629669189453125
2864601_0.494,17,0.9861375019038452,17,False,False,0.5320520833333333,0.4679479166666667,0.3715349397721879,0.5724372609800153,0.0,0.061089739203453064,2.6223807334899902,5.493470191955566
2864601_0.494,17,0.9861375019038452,18,False,False,0.38054166666666667,0.6194583333333333,0.4243170598314376,0.8363338580299254,0.0,0.0,4.005152692794802,4.767443656921387
2864601_0.494,17,0.9861375019038452,19,True,False,0.0,1.0,0.0,0.0,0.0,0.0,0.0,0.0
2864601_0.494,17,0.9861375019038452,20,False,False,0.05503125,0.94496875,0.043565426642813085,0.23265716433119468,0.0,0.0,1.4643946015834828,2.4602789878845215
2864601_0.494,17,0.9861375019038452,21,False,False,0.03764583333333334,0.9623541666666666,0.004895334019097163,0.0357758396046519,0.0,0.0,0.17179976403713226,1.3471609354019165
2864601_0.494,17,0.9861375019038452,22,False,False,0.9051041666666667,0.09489583333333333,1.1679780340121553,1.2842729489396827,0.0,0.8256008625030518,6.6696587705612185,7.603640556335449
2864601_0.494,17,0.9861375019038452,23,False,False,0.040791666666666664,0.9592083333333333,0.009728849283806004,0.06281916949759471,0.0,0.0,0.3451893925666809,1.3467196226119995
2864601_0.494,17,0.9861375019038452,24,False,False,0.9856041666666666,0.014395833333333333,1.3222070553636591,0.6887476423960603,0.0,1.2545813918113708,3.6407417011260987,5.243964672088623
2864601_0.494,17,0.9861375019038452,25,False,False,0.2965,0.7035,0.19112539180973265,0.44437426461726004,0.0,0.0,2.1263721036911014,4.909060001373291
2864601_0.494,17,0.9861375019038452,26,False,False,0.35869791666666667,0.6413020833333334,0.20599482318343854,0.41238338771380395,0.0,0.0,1.9499391126632732,3.958510637283325
2864601_0.260,18,0.9860957889337546,0,False,False,0.6694791666666666,0.3305208333333333,0.3229142680007947,0.355100651810775,0.0,0.21723245829343796,1.2358103561401466,2.546435832977295
2864601_0.260,18,0.9860957889337546,1,False,False,0.9999895833333333,1.0416666666666666e-05,1.348204261041643,0.5162766846205178,0.583382785320282,1.2235358953475952,3.2546836662292495,4.6655988693237305
2864601_0.260,18,0.9860957889337546,2,False,False,0.95040625,0.04959375,0.7591364518787153,0.5336699411552114,0.0,0.6744742691516876,2.6202349829673874,4.175501823425293
2864601_0.260,18,0.9860957889337546,3,False,False,0.31634375,0.68365625,0.10795702707471476,0.25710223151228373,0.0,0.0,1.3125837481021896,2.2530517578125
2864601_0.260,18,0.9860957889337546,4,False,False,0.8427395833333333,0.15726041666666668,0.4650694474824692,0.39541051192778565,0.0,0.4181448966264725,1.7015772497653965,2.7203726768493652
2864601_0.260,18,0.9860957889337546,5,False,False,0.9847395833333333,0.015260416666666667,0.8837984211073384,0.5809725961065381,0.0,0.7844539880752563,2.7033323121070874,4.741745948791504
2864601_0.260,18,0.9860957889337546,6,False,False,0.7669270833333334,0.23307291666666666,0.3429822773717056,0.32460034096978674,0.0,0.2834002822637558,1.2365336990356446,2.1861348152160645
2864601_0.260,18,0.9860957889337546,7,False,False,0.8045,0.1955,0.5219466993614008,0.5131352757084521,0.0,0.4140169471502304,2.3483861184120247,3.9053571224212646
2864601_0.260,18,0.9860957889337546,8,False,False,0.25946875,0.74053125,0.15038638929977796,0.34463003467513315,0.0,0.0,1.5957967329025275,1.8980151414871216
2864601_0.260,18,0.9860957889337546,9,False,False,0.15552083333333333,0.8444791666666667,0.04649783060579462,0.14554692551550008,0.0,0.0,0.7167368978262059,1.6695119142532349
2864601_0.260,18,0.9860957889337546,10,False,False,0.31634375,0.68365625,0.18227516804469193,0.35796697547332856,0.0,0.0,1.4964132881164562,2.1749444007873535
2864601_0.260,18,0.9860957889337546,11,False,False,0.13921875,0.86078125,0.0829598195266614,0.2499623258920779,0.0,0.0,1.2767789471149475,1.5648530721664429
2864601_0.260,18,0.9860957889337546,12,False,False,0.7902395833333333,0.20976041666666667,0.40164331936569714,0.3432640318932832,0.0,0.37622538208961487,1.294646080732348,2.1967880725860596
2864601_0.260,18,0.9860957889337546,13,False,False,0.24513541666666666,0.7548645833333333,0.07541045427288935,0.1769698499168659,0.0,0.0,0.7878826266527209,1.6522620916366577
2864601_0.260,18,0.9860957889337546,14,False,False,0.7645208333333333,0.23547916666666666,0.40140087531560703,0.41345447667808854,0.0,0.3072033226490021,1.732277178764344,3.013071060180664
2864601_0.260,18,0.9860957889337546,15,False,False,0.9991458333333333,0.0008541666666666667,0.9425728283205308,0.5864478203652934,0.08261269509792328,0.8594101071357727,2.8157237768173324,4.724825382232666
2864601_0.260,18,0.9860957889337546,16,False,False,0.8677916666666666,0.13220833333333334,0.4568098999951436,0.38907982911542455,0.0,0.3960298150777817,1.751468294858933,2.8873720169067383
2864601_0.260,18,0.9860957889337546,17,False,False,0.19065625,0.80934375,0.05269660057350461,0.1655432607491864,0.0,0.0,0.8510290467739111,2.1200647354125977
2864601_0.260,18,0.9860957889337546,18,False,False,0.984,0.016,0.7730816489855312,0.3736120302734252,0.0,0.7578443586826324,1.874726593494419,3.317918062210083
2864601_0.260,18,0.9860957889337546,19,False,False,0.11069791666666666,0.8893020833333334,0.03903743831748765,0.17408143622159186,0.0,0.0,0.916731595993042,2.7687923908233643
2864601_0.260,18,0.9860957889337546,20,False,False,0.35496875,0.64503125,0.19478613051874313,0.3611451276257422,0.0,0.0,1.4561775827407848,2.142547130584717
2864601_0.260,18,0.9860957889337546,21,False,False,0.5864375,0.4135625,0.27967415645728405,0.36229506176552106,0.0,0.10815215855836868,1.2712583196163187,2.896256446838379
2864601_0.260,18,0.9860957889337546,22,False,False,0.3285,0.6715,0.1530672152609683,0.33130604674110015,0.0,0.0,1.4988749027252197,3.1050801277160645
2864601_0.260,18,0.9860957889337546,23,False,False,0.97178125,0.02821875,0.5942832570043597,0.3343964200470511,0.0,0.5578641593456268,1.5765756368637085,2.259943962097168
2864601_0.260,18,0.9860957889337546,24,False,False,0.17492708333333334,0.8250729166666667,0.03935619309029372,0.12505692453880324,0.0,0.0,0.6689919233322144,1.517474889755249
2864601_0.260,18,0.9860957889337546,25,False,False,0.32355208333333335,0.6764479166666667,0.0870875384690158,0.17564834844541,0.0,0.0,0.7725240588188171,2.6265623569488525
2864601_0.260,18,0.9860957889337546,26,False,False,0.64065625,0.35934375,0.2359724585535364,0.2547069801858952,0.0,0.1557028442621231,0.8467046618461609,1.8921840190887451
2864601_0.260,18,0.9860957889337546,27,False,False,0.12348958333333333,0.8765104166666666,0.06767168923013896,0.25527571862491216,0.0,0.0,1.3477477955818227,2.9306552410125732
2864601_0.260,18,0.9860957889337546,28,False,False,0.023,0.977,0.005859763381596129,0.04456940426859965,0.0,0.0,0.2881860446929952,0.6991713047027588
2864601_0.434,19,0.9860854698018107,0,False,False,0.7414375,0.2585625,0.5490084299264039,0.5145046439256314,0.0,0.4898643046617508,2.029319348335278,3.9313650131225586
2864601_0.434,19,0.9860854698018107,1,True,False,0.0,1.0,0.0,0.0,0.0,0.0,0.0,0.0
2864601_0.434,19,0.9860854698018107,2,False,False,0.7805416666666667,0.21945833333333334,0.6653646865287248,0.691105605852896,0.0,0.518277108669281,2.9924941182136644,6.351048469543457
2864601_0.434,19,0.9860854698018107,3,False,False,0.7722083333333334,0.22779166666666667,0.49348208759208895,0.5273605308221977,0.0,0.37600286304950714,2.361504127979281,3.9171640872955322
2864601_0.434,19,0.9860854698018107,4,False,False,0.08896875,0.91103125,0.021962135567702736,0.10600252979045509,0.0,0.0,0.5252997660636929,1.9714637994766235
2864601_0.434,19,0.9860854698018107,5,False,False,0.04280208333333333,0.9571979166666666,0.019922139309991812,0.13930295207379362,0.0,0.0,0.6958568906784196,3.2629740238189697
2864601_0.434,19,0.9860854698018107,6,False,False,0.8250104166666666,0.17498958333333334,0.8950624967356692,0.7925152251645534,0.0,0.7763575315475464,3.1291043758392334,7.070554256439209
2864601_0.434,19,0.9860854698018107,7,True,False,0.0,1.0,0.0,0.0,0.0,0.0,0.0,0.0
2864601_0.434,19,0.9860854698018107,8,False,False,0.9419583333333333,0.058041666666666665,1.1023219136759344,0.6793882508024082,0.0,1.0554654598236084,3.245035610198975,5.535028457641602
2864601_0.434,19,0.9860854698018107,9,False,False,0.94628125,0.05371875,0.8813099458313224,0.5068264927297272,0.0,0.863201230764389,2.3236635661125264,5.019709587097168
2864601_0.434,19,0.9860854698018107,10,False,False,0.06861458333333334,0.9313854166666666,0.026739425913873714,0.13456912882190614,0.0,0.0,0.8143378573656084,1.556885004043579
2864601_0.434,19,0.9860854698018107,11,False,False,0.9901145833333334,0.009885416666666667,2.070250802955327,1.5632266724753723,0.0019988597196061186,1.6514511704444885,7.3860023927688765,13.635998725891113
2864601_0.434,19,0.9860854698018107,12,False,False,0.02815625,0.97184375,0.017677646250264238,0.15119730037557252,0.0,0.0,0.6573531454801655,4.859696388244629
2864601_0.434,19,0.9860854698018107,13,False,False,0.17805208333333333,0.8219479166666667,0.2826706911427958,0.8056095936484032,0.0,0.0,4.065763645172119,5.0943169593811035
2864601_0.434,19,0.9860854698018107,14,False,False,0.70128125,0.29871875,0.4829259807991876,0.5143307058054659,0.0,0.36015553772449493,1.9930184543132787,5.30642557144165
2864601_0.434,19,0.9860854698018107,15,False,False,0.02178125,0.97821875,0.017601182278527215,0.14238277700656737,0.0,0.0,0.8047592639923096,2.588005781173706
2864601_0.434,19,0.9860854698018107,16,False,False,0.85565625,0.14434375,1.166819818547238,1.0338697165259843,0.0,0.9714159965515137,4.706595163345348,6.926339149475098
2864601_0.434,19,0.9860854698018107,17,False,False,0.969625,0.030375,1.6180124939814355,1.123956125062052,0.0,1.3736985921859741,5.119558167457585,8.586015701293945
2864601_0.434,19,0.9860854698018107,18,True,False,0.0,1.0,0.0,0.0,0.0,0.0,0.0,0.0
2864601_0.460,20,0.9860678115772409,0,False,False,0.8359270833333333,0.16407291666666668,0.6306816552055096,0.4489143833848108,0.0,0.6453502774238586,1.6103097093105334,2.0147926807403564
2864601_0.460,20,0.9860678115772409,1,True,False,0.0,1.0,0.0,0.0,0.0,0.0,0.0,0.0
2864601_0.460,20,0.9860678115772409,2,False,False,0.9780208333333333,0.021979166666666668,1.3064685239758926,0.692547092397918,0.0,1.288063108921051,3.3647103738785042,4.6991496086120605
2864601_0.460,20,0.9860678115772409,3,False,False,0.1455625,0.8544375,0.1483289379193089,0.44375398873677896,0.0,0.0,2.224873499870303,2.9105849266052246
2864601_0.460,20,0.9860678115772409,4,False,False,0.99028125,0.00971875,1.42429024743206,0.6255810136148419,0.008696500761434436,1.4024540185928345,3.391361713409424,6.683421611785889
2864601_0.460,20,0.9860678115772409,5,False,False,0.04721875,0.95278125,0.005053317265656006,0.03138982791701843,0.0,0.0,0.16561260700226346,0.5929694771766663
2864601_0.460,20,0.9860678115772409,6,False,False,0.9750833333333333,0.024916666666666667,0.7668904103663553,0.3356904852001406,0.0,0.7576820552349091,1.7280850100517333,2.729022979736328
2864601_0.460,20,0.9860678115772409,7,False,False,0.92778125,0.07221875,1.0943444217481564,0.7445467420077884,0.0,1.0187629461288452,3.20235538482666,4.310263633728027
2864601_0.460,20,0.9860678115772409,8,False,False,0.9703333333333334,0.029666666666666668,1.007336709960699,0.5041305215254901,0.0,0.9650523662567139,2.3454246544837978,5.517709255218506
2864601_0.460,20,0.9860678115772409,9,True,False,0.0,1.0,0.0,0.0,0.0,0.0,0.0,0.0
2864601_0.460,20,0.9860678115772409,10,False,False,0.9882083333333334,0.011791666666666667,1.6928692943283659,0.9303778200311509,0.0,1.6496055722236633,4.169831275939941,6.903048038482666
2864601_0.460,20,0.9860678115772409,11,True,False,0.0,1.0,0.0,0.0,0.0,0.0,0.0,0.0
2864601_0.460,20,0.9860678115772409,12,True,False,0.0,1.0,0.0,0.0,0.0,0.0,0.0,0.0
2864601_0.460,20,0.9860678115772409,13,True,False,0.0,1.0,0.0,0.0,0.0,0.0,0.0,0.0
2864601_0.460,20,0.9860678115772409,14,False,False,0.33201041666666664,0.6679895833333334,0.18084905128515089,0.39183885590464224,0.0,0.0,1.8726460933685303,3.2544615268707275
2864601_0.460,20,0.9860678115772409,15,False,False,0.016708333333333332,0.9832916666666667,0.005705978004476492,0.06406554779504965,0.0,0.0,0.1551563440263309,2.1395456790924072
2864601_0.460,20,0.9860678115772409,16,False,False,0.9605104166666667,0.039489583333333335,0.728450518401161,0.3918574595313595,0.0,0.7089056968688965,1.8418264484405538,3.1297552585601807
2864601_0.460,20,0.9860678115772409,17,False,False,0.988125,0.011875,0.9467016551686102,0.7124740574909018,0.0,0.771384984254837,3.2691721677780214,5.97200345993042
2864601_0.460,20,0.9860678115772409,18,False,False,0.8657395833333333,0.13426041666666666,0.7771410555955235,0.6779700971111984,0.0,0.6535690426826477,2.944364535808566,3.409444570541382
2864601_0.460,20,0.9860678115772409,19,True,False,0.0,1.0,0.0,0.0,0.0,0.0,0.0,0.0
2864601_0.460,20,0.9860678115772409,20,False,False,0.7613645833333333,0.23863541666666666,0.29949759186594443,0.37163936878777354,0.0,0.1998218595981598,1.7788160550594492,3.239238739013672
2864601_0.460,20,0.9860678115772409,21,False,False,0.027833333333333335,0.9721666666666666,0.014415238248599053,0.09947746923824335,0.0,0.0,0.6471642309427305,1.1686930656433105
2864601_0.460,20,0.9860678115772409,22,False,False,0.32025,0.67975,0.2418407495138697,0.472702608548182,0.0,0.0,1.8593010222911857,2.3726696968078613
2864601_0.460,20,0.9860678115772409,23,True,False,0.0,1.0,0.0,0.0,0.0,0.0,0.0,0.0
2864601_0.460,20,0.9860678115772409,24,False,False,0.9149375,0.0850625,0.8035737537516119,0.7082147687633605,0.0,0.656019538640976,3.1806686711311416,4.551360607147217
2864601_0.460,20,0.9860678115772409,25,False,False,0.111625,0.888375,0.033065013789172704,0.1833514112127295,0.0,0.0,0.6510096192359924,5.9877800941467285
2864601_0.402,21,0.9860588516662657,0,False,False,0.7069375,0.2930625,0.4022391774643661,0.4063504410430034,0.0,0.3169061690568924,1.5174874627590191,2.4799458980560303
2864601_0.402,21,0.9860588516662657,1,False,False,0.304125,0.695875,0.2410827063283062,0.5547663822304254,0.0,0.0,2.717451333999634,3.5224478244781494
2864601_0.402,21,0.9860588516662657,2,False,False,0.11108333333333334,0.8889166666666667,0.049641509228832544,0.21483148531947896,0.0,0.0,1.1794280362129246,3.106555700302124
2864601_0.402,21,0.9860588516662657,3,False,False,0.9885416666666667,0.011458333333333333,1.3675110879422483,0.7557867687594401,0.0,1.288606882095337,3.705348179340374,6.589539051055908
2864601_0.402,21,0.9860588516662657,4,True,False,0.0,1.0,0.0,0.0,0.0,0.0,0.0,0.0
2864601_0.402,21,0.9860588516662657,5,False,False,0.757625,0.242375,0.4401404882775452,0.41572684247169733,0.0,0.38711994886398315,1.7032939195632935,3.9621636867523193
2864601_0.402,21,0.9860588516662657,6,False,False,0.9345,0.0655,0.7517953794624372,0.416716679742984,0.0,0.7773648798465729,1.6834053993225098,4.002373695373535
2864601_0.402,21,0.9860588516662657,7,False,False,0.10997916666666667,0.8900208333333334,0.039378590006094595,0.1640088490101624,0.0,0.0,0.8656509321928032,2.9914512634277344
2864601_0.402,21,0.9860588516662657,8,False,False,0.9781354166666667,0.021864583333333333,1.1033705660880495,0.7600880037119616,0.0,0.9579547941684723,3.4799238491058384,5.861478805541992
2864601_0.402,21,0.9860588516662657,9,False,False,0.8726770833333334,0.12732291666666667,0.5442330918512982,0.5242954485643502,0.0,0.41665036976337433,2.4257638454437256,4.315394878387451
2864601_0.402,21,0.9860588516662657,10,False,False,0.9516041666666667,0.04839583333333333,0.5761037335911866,0.5690579768288686,0.0,0.431392565369606,2.8567758226394737,4.814982891082764
2864601_0.402,21,0.9860588516662657,11,False,False,0.84075,0.15925,0.6392488576172806,0.7231622344871801,0.0,0.4278925210237503,3.408436832427979,4.061900615692139
2864601_0.402,21,0.9860588516662657,12,False,False,0.7898020833333333,0.21019791666666668,0.41867702102224597,0.4472977778726793,0.0,0.2957009971141815,1.8802693498134657,3.3032326698303223
2864601_0.402,21,0.9860588516662657,13,False,True,0.00165625,0.99834375,0.001079061290215274,0.04241153350384172,0.0,0.0,0.0,3.25290584564209
2864601_0.402,21,0.9860588516662657,14,True,False,0.0,1.0,0.0,0.0,0.0,0.0,0.0,0.0
2864601_0.279,22,0.9860579986253767,0,False,False,1.0,0.0,1.012634722537982,0.4294277878014203,0.24944837778806686,0.948370635509491,2.154572970867168,3.446047306060791
2864601_0.279,22,0.9860579986253767,1,False,False,0.8368541666666667,0.16314583333333332,0.47551439215715646,0.49012817655986124,0.0,0.36372077465057373,2.3222333335876533,2.9130117893218994
2864601_0.279,22,0.9860579986253767,2,False,False,0.9953541666666667,0.004645833333333333,0.986394507838432,0.5138694613754106,0.05037376657128334,0.9701495170593262,2.417056083679199,4.116751670837402
2864601_0.279,22,0.9860579986253767,3,False,False,0.94615625,0.05384375,0.577654079767584,0.44220297594203384,0.0,0.49195605516433716,2.0805449628829975,3.2791926860809326
2864601_0.279,22,0.9860579986253767,4,False,False,0.86771875,0.13228125,0.5169101912053351,0.4200205465920614,0.0,0.46987295150756836,1.8187147426605452,3.1873555183410645
2864601_0.279,22,0.9860579986253767,5,True,False,0.0,1.0,0.0,0.0,0.0,0.0,0.0,0.0
2864601_0.279,22,0.9860579986253767,6,True,False,0.0,1.0,0.0,0.0,0.0,0.0,0.0,0.0
2864601_0.279,22,0.9860579986253767,7,False,False,0.7568333333333334,0.24316666666666667,0.29626498340397656,0.30763562221459073,0.0,0.2311403974890709,1.272698942422867,2.724545955657959
2864601_0.279,22,0.9860579986253767,8,False,False,0.4915,0.5085,0.21179756836357866,0.33982224105187414,0.0,0.0,1.4050766789913187,1.5448051691055298
2864601_0.279,22,0.9860579986253767,9,False,False,0.4390625,0.5609375,0.2543688481405686,0.4070391263547371,0.0,0.0,1.7375294518470787,2.655235767364502
2864601_0.279,22,0.9860579986253767,10,False,False,0.9786875,0.0213125,0.7440138517981215,0.24856131700476516,0.0,0.7533475756645203,1.3695671272277872,2.7041752338409424
2864601_0.279,22,0.9860579986253767,11,False,False,0.6031979166666667,0.39680208333333333,0.20065065941373333,0.2606064914264342,0.0,0.09753052517771721,1.0426299858093264,2.154644727706909
2864601_0.279,22,0.9860579986253767,12,False,False,0.8340416666666667,0.16595833333333335,0.23129834819784226,0.23127155611703462,0.0,0.17535856366157532,1.0119245350360955,2.231468677520752
2864601_0.279,22,0.9860579986253767,13,False,False,0.8498333333333333,0.15016666666666667,0.40899965918752446,0.40257278379799294,0.0,0.3210848271846771,1.9607094526290894,3.0536048412323
2864601_0.279,22,0.9860579986253767,14,False,False,0.8810416666666666,0.11895833333333333,0.26250051784455947,0.17643864534919482,0.0,0.2686026692390442,0.6528062820434579,1.090578556060791
2864601_0.279,22,0.9860579986253767,15,False,True,0.00059375,0.99940625,4.945365433377447e-05,0.0025640500675187337,0.0,0.0,0.0,0.19060635566711426
2864601_0.279,22,0.9860579986253767,16,False,False,0.89171875,0.10828125,0.24143367350018266,0.19598976374117547,0.0,0.21892066299915314,0.8954102438688297,1.6380707025527954
2864601_0.279,22,0.9860579986253767,17,False,False,0.89825,0.10175,0.42982860052843097,0.31460267016219345,0.0,0.40480491518974304,1.2603016245365157,2.306931734085083
2864601_0.279,22,0.9860579986253767,18,False,False,0.9917916666666666,0.008208333333333333,0.5437057156009781,0.2884675945162842,0.01524479520507157,0.5072838068008423,1.3649309873580933,2.4895858764648438
2864601_0.279,22,0.9860579986253767,19,False,False,0.9815416666666666,0.018458333333333334,0.7159166786090598,0.4804856356904716,0.0,0.6303017139434814,2.234109787940983,3.824125289916992
2864601_0.279,22,0.9860579986253767,20,False,False,0.02240625,0.97759375,0.004874967758730539,0.038514726304965295,0.0,0.0,0.2582467272877709,0.6780990362167358
2864601_0.279,22,0.9860579986253767,21,True,False,0.0,1.0,0.0,0.0,0.0,0.0,0.0,0.0
2864601_0.279,22,0.9860579986253767,22,False,False,0.18145833333333333,0.8185416666666666,0.09721384564446646,0.2673571146764901,0.0,0.0,1.3238561189174654,1.5263705253601074
2864601_0.279,22,0.9860579986253767,23,False,False,0.44676041666666666,0.5532395833333333,0.1555434566511138,0.27979185376920884,0.0,0.0,1.2868904042244016,2.48078989982605
2864601_0.279,22,0.9860579986253767,24,False,False,0.987125,0.012875,0.4016872253156704,0.25999233939414534,0.0,0.3620082139968872,1.2458135735988645,2.4909331798553467
2864601_0.279,22,0.9860579986253767,25,False,False,0.77403125,0.22596875,0.23689270853376768,0.24491762316445403,0.0,0.1804891899228096,1.0095443725585938,1.9860820770263672
2864601_0.279,22,0.9860579986253767,26,False,False,0.99578125,0.00421875,0.735303558652257,0.35436523564305217,0.10943686552345754,0.6730579137802124,1.7768600845336937,3.02113938331604
2864601_0.279,22,0.9860579986253767,27,False,False,0.233,0.767,0.07110048461812295,0.182671358894031,0.0,0.0,0.9427691102027893,1.1442162990570068
2864601_0.353,23,0.9860167506013395,0,False,False,0.7810520833333333,0.21894791666666666,0.9598765249801275,0.9946769144399485,0.0,0.7227993607521057,4.246345252990752,7.853089809417725
2864601_0.353,23,0.9860167506013395,1,True,False,0.0,1.0,0.0,0.0,0.0,0.0,0.0,0.0
2864601_0.353,23,0.9860167506013395,2,False,False,0.9803229166666667,0.019677083333333335,1.883621489667682,1.439410727190491,0.0,1.5994796752929688,6.482874102592481,12.542250633239746
2864601_0.353,23,0.9860167506013395,3,True,False,0.0,1.0,0.0,0.0,0.0,0.0,0.0,0.0
2864601_0.353,23,0.9860167506013395,4,False,False,0.23103125,0.76896875,0.32566218102466943,0.8220125613390795,0.0,0.0,4.124710431098939,4.90900182723999
2864601_0.353,23,0.9860167506013395,5,False,False,0.043833333333333335,0.9561666666666667,0.0472868758171547,0.2997112043392085,0.0,0.0,1.731852793693549,4.9854736328125
2864601_0.353,23,0.9860167506013395,6,False,False,0.09451041666666667,0.9054895833333333,0.07410794813786166,0.30219755538997684,0.0,0.0,1.6008826577663435,4.161950588226318
2864601_0.353,23,0.9860167506013395,7,True,False,0.0,1.0,0.0,0.0,0.0,0.0,0.0,0.0
2864601_0.353,23,0.9860167506013395,8,True,False,0.0,1.0,0.0,0.0,0.0,0.0,0.0,0.0
2864601_0.353,23,0.9860167506013395,9,False,False,0.8159583333333333,0.18404166666666666,0.6164586670220178,0.7788630857421609,0.0,0.37359756231307983,3.844957113265991,6.423448085784912
2864601_0.353,23,0.9860167506013395,10,False,False,0.04903125,0.95096875,0.0506185016600269,0.33694788956446203,0.0,0.0,1.5364188206195946,8.332420349121094
2864601_0.353,23,0.9860167506013395,11,False,False,0.22048958333333332,0.7795104166666667,0.1906487194332369,0.48959501214869083,0.0,0.0,2.263122797012329,6.066445350646973
2864601_0.353,23,0.9860167506013395,12,False,False,0.3686875,0.6313125,0.20418706277521848,0.3700627209010864,0.0,0.0,1.5668631970882418,3.3246700763702393
2864601_0.353,23,0.9860167506013395,13,False,False,0.08926041666666666,0.9107395833333334,0.05485620981832229,0.2572015054748645,0.0,0.0,1.4171609759330763,3.508984088897705
2864601_0.353,23,0.9860167506013395,14,False,False,0.77021875,0.22978125,0.989115732387811,1.0239730284252793,0.0,0.733506441116333,3.7971958208084113,8.481109619140625
2864601_0.353,23,0.9860167506013395,15,False,False,0.027291666666666665,0.9727083333333333,0.0062580006964562925,0.05365640516153922,0.0,0.0,0.22388410568237305,1.247494101524353
2864601_0.353,23,0.9860167506013395,16,False,False,0.06517708333333333,0.9348229166666666,0.03539352818527429,0.20230088282197817,0.0,0.0,1.0718427574634632,3.916273832321167
2864601_0.353,23,0.9860167506013395,17,True,False,0.0,1.0,0.0,0.0,0.0,0.0,0.0,0.0
2864601_0.353,23,0.9860167506013395,18,True,False,0.0,1.0,0.0,0.0,0.0,0.0,0.0,0.0
2864601_0.353,23,0.9860167506013395,19,False,False,0.7714375,0.2285625,0.6818148663123033,0.6965790054091235,0.0,0.4989377558231354,2.7395598888397217,4.838521957397461
2864601_0.353,23,0.9860167506013395,20,True,False,0.0,1.0,0.0,0.0,0.0,0.0,0.0,0.0
2864601_0.353,23,0.9860167506013395,21,True,False,0.0,1.0,0.0,0.0,0.0,0.0,0.0,0.0
2864601_0.353,23,0.9860167506013395,22,False,False,0.039927083333333335,0.9600729166666667,0.02284529716099314,0.14856814850207203,0.0,0.0,0.8541058033704777,2.999943494796753
2864601_0.353,23,0.9860167506013395,23,False,False,0.5961979166666667,0.40380208333333334,0.32261699718537373,0.43101910560006923,0.0,0.14792440086603165,1.8385423421859741,5.008194446563721
2864601_0.353,23,0.9860167506013395,24,False,False,0.40096875,0.59903125,0.3411555949254948,0.5903039024044882,0.0,0.0,2.3697473168373144,4.56554651260376
2864601_0.175,24,0.9859811638097008,0,False,False,0.10826041666666666,0.8917395833333334,0.20188790972917436,0.7135598126107461,0.0,0.0,4.014875030517587,5.143527030944824
2864601_0.175,24,0.9859811638097008,1,False,False,0.299875,0.700125,0.40297715800998046,0.7806123748210434,0.0,0.0,3.3845221996307373,5.736351013183594
2864601_0.175,24,0.9859811638097008,2,False,False,0.3518645833333333,0.6481354166666666,0.31672733342751813,0.707721068991181,0.0,0.0,3.423463060855886,8.191591262817383
2864601_0.175,24,0.9859811638097008,3,False,False,0.5796354166666666,0.4203645833333333,0.8289717686803686,1.1165743762479545,0.0,0.28719255328178406,4.469062805175781,9.343214988708496
2864601_0.175,24,0.9859811638097008,4,False,False,0.05951041666666667,0.9404895833333333,0.12786695889179464,0.7175421917917738,0.0,0.0,4.128973460197481,9.649999618530273
2864601_0.175,24,0.9859811638097008,5,False,False,0.8507916666666666,0.14920833333333333,1.8989440608369557,1.923033300533837,0.0,1.4132539629936218,8.41272201538088,16.977405548095703
2864601_0.175,24,0.9859811638097008,6,False,False,0.7931145833333333,0.20688541666666665,1.2462250341495003,1.554927626019259,0.0,0.7769535183906555,7.461164813041768,17.553354263305664
2864601_0.175,24,0.9859811638097008,7,False,False,0.68865625,0.31134375,0.9021911011275379,0.9091850879007823,0.0,0.7539552748203278,3.413973093032837,9.22150707244873
2864601_0.175,24,0.9859811638097008,8,False,False,0.026958333333333334,0.9730416666666667,0.06936531566209306,0.565457344168313,0.0,0.0,2.698390007019043,10.969477653503418
2864601_0.175,24,0.9859811638097008,9,False,False,0.12240625,0.87759375,0.1620354561896392,0.6876453578340201,0.0,0.0,3.492593765258789,13.39342975616455
2864601_0.175,24,0.9859811638097008,10,False,False,0.9390416666666667,0.06095833333333334,1.534541998482408,1.4458938948626254,0.0,1.1154141426086426,6.540764398574832,13.774770736694336
2864601_0.175,24,0.9859811638097008,11,False,False,0.2532916666666667,0.7467083333333333,0.5417977276215747,1.2867495349247609,0.0,0.0,5.960155286788947,6.745381832122803
2864601_0.175,24,0.9859811638097008,12,False,False,0.04827083333333333,0.9517291666666666,0.06204473919622872,0.3881434620016884,0.0,0.0,2.066486358642578,11.220388412475586
2864601_0.175,24,0.9859811638097008,13,False,False,0.15421875,0.84578125,0.14487016301644356,0.3960681053482955,0.0,0.0,1.653038191795357,2.9032397270202637
2864601_0.175,24,0.9859811638097008,14,False,False,0.11584375,0.88415625,0.17211102203257905,0.6747438482655389,0.0,0.0,3.5062265396118164,14.052552223205566
2864601_0.175,24,0.9859811638097008,15,False,False,0.6657916666666667,0.33420833333333333,1.1027430033010817,1.3912695667462718,0.0,0.6111964285373688,5.438449568748486,17.57723617553711
2864601_0.175,24,0.9859811638097008,16,False,False,0.7257604166666667,0.2742395833333333,1.2437102083332,1.3302909156080243,0.0,0.9929347634315491,5.5132362890243565,11.058051109313965
2864601_0.175,24,0.9859811638097008,17,False,False,0.48028125,0.51971875,0.5088028865171919,0.8936469928785739,0.0,0.0,4.117231793403637,9.29753589630127
2864601_0.175,24,0.9859811638097008,18,False,False,0.723375,0.276625,1.1319781931698132,1.5135759481606121,0.0,0.674124151468277,7.257135629653939,17.550806045532227
2864601_0.175,24,0.9859811638097008,19,False,False,0.06430208333333333,0.9356979166666667,0.04883170846942729,0.2716602085713276,0.0,0.0,1.3954163789749146,7.91969633102417
2864601_0.175,24,0.9859811638097008,20,False,False,0.20159375,0.79840625,0.4734321420422395,1.2521200298995154,0.0,0.0,5.8308985471725725,8.266021728515625
2864601_0.175,24,0.9859811638097008,21,False,False,0.864625,0.135375,1.3837104278414116,1.1801458486802543,0.0,1.2403713464736938,5.206594419479392,11.26762866973877
2864601_0.277,25,0.9859590916066494,0,False,False,0.96121875,0.03878125,1.135568934015517,0.6537247663172737,0.0,1.120561122894287,2.600506315231325,4.979325294494629
2864601_0.277,25,0.9859590916066494,1,False,False,0.7340833333333333,0.2659166666666667,0.30158803419161,0.32398070702186743,0.0,0.21820545196533203,1.3216494870185975,2.3587703704833984
2864601_0.277,25,0.9859590916066494,2,False,False,0.7377083333333333,0.26229166666666665,0.4056057130050617,0.39661874980665135,0.0,0.3367864787578583,1.5444332361221313,3.093752384185791
2864601_0.277,25,0.9859590916066494,3,False,False,1.0,0.0,1.467537162573853,0.7282457668823732,0.28012156784534453,1.367629051208496,3.523911299705526,5.187009334564209
2864601_0.277,25,0.9859590916066494,4,False,False,0.3319479166666667,0.6680520833333333,0.18079799415624423,0.39047582451392493,0.0,0.0,1.8320485222339686,3.2164766788482666
2864601_0.277,25,0.9859590916066494,5,False,False,0.26066666666666666,0.7393333333333333,0.13335704084139974,0.29104668926281896,0.0,0.0,1.1890276670455933,1.6082247495651245
2864601_0.277,25,0.9859590916066494,6,False,False,0.030010416666666668,0.9699895833333333,0.01447006398696946,0.09961732378006515,0.0,0.0,0.6926578426361238,1.5579766035079956
2864601_0.277,25,0.9859590916066494,7,True,False,0.0,1.0,0.0,0.0,0.0,0.0,0.0,0.0
2864601_0.277,25,0.9859590916066494,8,True,False,0.0,1.0,0.0,0.0,0.0,0.0,0.0,0.0
2864601_0.277,25,0.9859590916066494,9,False,False,0.029104166666666667,0.9708958333333333,0.006396937466244253,0.05118549494549736,0.0,0.0,0.24154274359345485,1.4208407402038574
2864601_0.277,25,0.9859590916066494,10,False,False,0.89621875,0.10378125,0.9268182285772859,0.7816990933667255,0.0,0.7955026626586914,3.6715917587280273,6.841243743896484
2864601_0.277,25,0.9859590916066494,11,False,False,0.8789375,0.1210625,0.6534772363366633,0.5125671041131044,0.0,0.5936965346336365,1.867158987522126,3.5483615398406982
2864601_0.277,25,0.9859590916066494,12,True,False,0.0,1.0,0.0,0.0,0.0,0.0,0.0,0.0
2864601_0.277,25,0.9859590916066494,13,False,False,0.85484375,0.14515625,0.49329893039352435,0.38879944206420675,0.0,0.45516064763069153,1.4571368134021783,2.6249077320098877
2864601_0.277,25,0.9859590916066494,14,False,False,0.17860416666666667,0.8213958333333333,0.1581288879119091,0.4143659541054844,0.0,0.0,1.8803228724002878,2.260101079940796
2864601_0.277,25,0.9859590916066494,15,False,False,0.09795833333333333,0.9020416666666666,0.05791225096515097,0.21743099539304878,0.0,0.0,1.2493477845192023,1.4928981065750122
2864601_0.277,25,0.9859590916066494,16,False,False,0.3084791666666667,0.6915208333333334,0.11622584902005641,0.2519656714964131,0.0,0.0,1.181531095504765,3.06449294090271
2864601_0.277,25,0.9859590916066494,17,False,False,0.8259166666666666,0.17408333333333334,0.8558583969884788,0.6825855032318185,0.0,0.8170068264007568,2.821898448467264,4.488050937652588
2864601_0.277,25,0.9859590916066494,18,False,False,0.7831458333333333,0.21685416666666665,0.4284626564242073,0.4326697911823268,0.0,0.33642083406448364,1.7357773280143753,3.1043410301208496
2864601_0.277,25,0.9859590916066494,19,False,False,0.015927083333333335,0.9840729166666666,0.0035590515760371396,0.03508428583626638,0.0,0.0,0.13747216761112213,0.7845262885093689
2864601_0.277,25,0.9859590916066494,20,False,False,0.059875,0.940125,0.019361176402327828,0.12857436813068923,0.0,0.0,0.5658416301012235,2.970275402069092
2864601_0.277,25,0.9859590916066494,21,False,False,0.51490625,0.48509375,0.2234402160371927,0.343974711123454,0.0,0.019333098083734512,1.4881207072735054,2.3359148502349854
2864601_0.277,25,0.9859590916066494,22,False,False,0.13522916666666668,0.8647708333333334,0.047879791085281946,0.16767942089675653,0.0,0.0,0.8836448818445217,2.119379997253418
2864601_0.277,25,0.9859590916066494,23,True,False,0.0,1.0,0.0,0.0,0.0,0.0,0.0,0.0
2864601_0.277,25,0.9859590916066494,24,False,False,0.9981354166666667,0.0018645833333333333,1.08846971128182,0.7260226741608531,0.09347721934318542,0.8967363834381104,3.7014181494712926,6.071513652801514
2864601_0.277,25,0.9859590916066494,25,False,False,0.41848958333333336,0.5815104166666667,0.18251890555339062,0.39731609182102473,0.0,0.0,1.9642540836334255,4.938107013702393
2864601_0.277,25,0.9859590916066494,26,False,False,0.4632604166666667,0.5367395833333334,0.2495846438687444,0.4040966708862769,0.0,0.0,1.5847297275066476,3.7526326179504395
2864601_0.277,25,0.9859590916066494,27,False,False,0.1765625,0.8234375,0.04980226585989152,0.14497518091463563,0.0,0.0,0.7167361575365087,1.5535309314727783
2864601_0.277,25,0.9859590916066494,28,False,False,0.35002083333333334,0.6499791666666667,0.20805306209907304,0.38448455765054484,0.0,0.0,1.4223575997352604,1.5508782863616943
2864601_0.277,25,0.9859590916066494,29,False,False,0.704625,0.295375,0.35167913045221927,0.3661500084929037,0.0,0.2743571102619171,1.478378784656525,3.711215019226074
2864601_0.277,25,0.9859590916066494,30,False,False,0.10288541666666666,0.8971145833333334,0.040322925377469836,0.17170179944433478,0.0,0.0,0.9531245827674866,2.291670322418213
2864601_0.463,26,0.9859523324047254,0,False,False,0.035375,0.964625,0.049336239665784584,0.4009602598674707,0.0,0.0,1.5667797541618387,10.103843688964844
2864601_0.463,26,0.9859523324047254,1,False,False,0.74909375,0.25090625,1.133014466814633,1.303971597962153,0.0,0.687465250492096,5.560997486114502,9.764533996582031
2864601_0.463,26,0.9859523324047254,2,False,False,0.060208333333333336,0.9397916666666667,0.045572194219521106,0.2929450904169457,0.0,0.0,1.3180073499679565,7.04931116104126
2864601_0.463,26,0.9859523324047254,3,False,False,0.73628125,0.26371875,1.7886293205016701,3.1337019589013035,0.0,0.6917484998703003,15.439258747100842,17.747173309326172
2864601_0.463,26,0.9859523324047254,4,False,False,0.3053125,0.6946875,0.27754779304265165,0.6008361381997923,0.0,0.0,2.6367478370666504,8.748367309570312
2864601_0.463,26,0.9859523324047254,5,False,False,0.113,0.887,0.13013250729125214,0.5500500462076503,0.0,0.0,2.939063549041748,8.684548377990723
2864601_0.463,26,0.9859523324047254,6,False,False,0.38828125,0.61171875,0.4977355326640466,1.0380906024187808,0.0,0.0,5.06306723117829,10.933342933654785
2864601_0.463,26,0.9859523324047254,7,False,False,0.48270833333333335,0.5172916666666667,0.5069299034133751,0.7886989423826896,0.0,0.0,3.28394869565965,8.060773849487305
2864601_0.463,26,0.9859523324047254,8,False,False,0.06448958333333334,0.9355104166666667,0.08637715395507636,0.4942475464452653,0.0,0.0,2.6056825518608266,14.120505332946777
2864601_0.463,26,0.9859523324047254,9,False,True,0.00621875,0.99378125,0.006835565676791399,0.12374291800005725,0.0,0.0,0.0,5.29082727432251
2864601_0.463,26,0.9859523324047254,10,False,False,0.46497916666666667,0.5350208333333333,0.5457010812490126,0.9811284476224635,0.0,0.0,4.492080254554753,11.973346710205078
2864601_0.463,26,0.9859523324047254,11,False,False,0.042479166666666665,0.9575208333333334,0.037530211540120796,0.2715718366215541,0.0,0.0,1.2046622622013161,8.225935935974121
2864601_0.463,26,0.9859523324047254,12,False,False,0.6966875,0.3033125,1.4454916038726697,2.0075537195350988,0.0,0.7788403630256653,10.10495042800905,15.534710884094238
2864601_0.463,26,0.9859523324047254,13,False,False,0.2649166666666667,0.7350833333333333,0.2698658075430508,0.6954820745693232,0.0,0.0,3.3863955926895466,9.489681243896484
2864601_0.463,26,0.9859523324047254,14,False,False,0.3733854166666667,0.6266145833333333,0.4378726537021885,0.9768896228784802,0.0,0.0,4.645507316589407,14.668697357177734
2864601_0.463,26,0.9859523324047254,15,False,False,0.19257291666666668,0.8074270833333334,0.2506105565734077,0.7620061863347631,0.0,0.0,3.566627044677747,20.221521377563477
2864601_0.463,26,0.9859523324047254,16,False,False,0.1414375,0.8585625,0.12828673720277736,0.4494122118115814,0.0,0.0,2.3305415296554717,8.533973693847656
2864601_0.463,26,0.9859523324047254,17,False,False,0.12809375,0.87190625,0.1452880748002558,0.5793937523921723,0.0,0.0,3.1603844165802,12.985770225524902
2864601_0.463,26,0.9859523324047254,18,False,False,0.01325,0.98675,0.012536975222068463,0.14859640789397238,0.0,0.0,0.2507019737362967,4.498073101043701
2864601_0.463,26,0.9859523324047254,19,False,False,0.77746875,0.22253125,1.7638944103193885,2.128207764577014,0.0,1.1534413695335388,9.276382131576549,19.365617752075195
2864601_0.463,26,0.9859523324047254,20,False,False,0.06452083333333333,0.9354791666666666,0.07198638992596412,0.3758913363716033,0.0,0.0,2.13545298576355,6.829370498657227
2864601_0.463,26,0.9859523324047254,21,True,False,0.0,1.0,0.0,0.0,0.0,0.0,0.0,0.0
2864601_0.463,26,0.9859523324047254,22,False,True,6.25e-05,0.9999375,5.2248588452736536e-05,0.008040716178124376,0.0,0.0,0.0,1.6447001695632935
2864601_0.229,27,0.985937320854573,0,False,False,0.32578125,0.67421875,0.25539567803656116,0.5246114537024079,0.0,0.0,2.2540464401245117,2.487549304962158
2864601_0.229,27,0.985937320854573,1,False,False,0.22058333333333333,0.7794166666666666,0.06525356348483614,0.1681859901279199,0.0,0.0,0.8152769207954415,1.7082680463790894
2864601_0.229,27,0.985937320854573,2,False,False,0.9106458333333334,0.08935416666666667,0.5953589167370571,0.4125524262580231,0.0,0.5694694221019745,1.6223664283752441,3.316077709197998
2864601_0.229,27,0.985937320854573,3,False,False,0.17661458333333332,0.8233854166666666,0.03614772011999791,0.11895986069177898,0.0,0.0,0.5771950536966362,2.6135382652282715
2864601_0.229,27,0.985937320854573,4,False,False,0.9993125,0.0006875,1.2504934234535077,0.8607806961911758,0.13666444942355155,1.0112212896347046,4.571163740158114,8.400869369506836
2864601_0.229,27,0.985937320854573,5,False,False,1.0,0.0,1.5037382187259112,0.7224846530330767,0.27508389443159104,1.416743516921997,3.583529472351074,6.174865245819092
2864601_0.229,27,0.985937320854573,6,False,False,0.9976145833333333,0.0023854166666666668,1.2250398272702778,0.6369757019658032,0.07341560058295726,1.1503881216049194,3.405628538131718,5.3775739669799805
2864601_0.229,27,0.985937320854573,7,False,False,0.9968020833333333,0.0031979166666666666,1.7804337567762534,0.7166557277345148,0.26602900415658953,1.7187994122505188,4.1274733543396,5.650608539581299
2864601_0.229,27,0.985937320854573,8,False,False,0.6174479166666667,0.38255208333333335,0.3580197000910737,0.46931507543772166,0.0,0.2041969746351242,2.1398917055130013,5.673173904418945
2864601_0.229,27,0.985937320854573,9,False,False,0.9921979166666667,0.007802083333333334,1.329351150652246,0.7047138264403427,0.026142187323421242,1.2550547122955322,3.484292984008789,7.87637996673584
2864601_0.229,27,0.985937320854573,10,False,False,0.9990520833333333,0.0009479166666666667,1.5811608944359234,0.6452754510962838,0.1585359036922455,1.5632601976394653,3.274675428867343,4.204467296600342
2864601_0.229,27,0.985937320854573,11,False,False,0.81315625,0.18684375,0.8128498719721529,0.7085379422800523,0.0,0.7212698757648468,2.879906070232415,5.218701362609863
2864601_0.229,27,0.985937320854573,12,False,False,0.067,0.933,0.025734825919677556,0.14041317281189275,0.0,0.0,0.7352725332975445,2.190305233001709
2864601_0.229,27,0.985937320854573,13,False,False,0.9101875,0.0898125,0.7236945101821952,0.5265953572130809,0.0,0.6634978652000427,2.269909677505499,3.7204818725585938
2864601_0.229,27,0.985937320854573,14,False,False,0.02030208333333333,0.9796979166666666,0.0028743291725808907,0.0289421566732614,0.0,0.0,0.0936853438615799,0.7452046275138855
2864601_0.229,27,0.985937320854573,15,True,False,0.0,1.0,0.0,0.0,0.0,0.0,0.0,0.0
2864601_0.229,27,0.985937320854573,16,False,False,0.9982395833333333,0.0017604166666666666,1.0808217593153058,0.3814019122461066,0.2523558709025383,1.0665820837020874,2.146707339286806,3.1131043434143066
2864601_0.229,27,0.985937320854573,17,False,False,0.99503125,0.00496875,1.1467480791588867,0.4628925609458392,0.13558395221829414,1.1001766324043274,2.2073077201843274,2.7535629272460938
2864601_0.229,27,0.985937320854573,18,False,False,0.98034375,0.01965625,0.9084242334970487,0.4253199983806587,0.0,0.895358145236969,2.099163212776194,2.884289026260376
2864601_0.229,27,0.985937320854573,19,False,False,0.22980208333333332,0.7701979166666667,0.16546069096491545,0.43731755490925917,0.0,0.0,2.3565408325195345,2.7539424896240234
2864601_0.229,27,0.985937320854573,20,True,False,0.0,1.0,0.0,0.0,0.0,0.0,0.0,0.0
2864601_0.229,27,0.985937320854573,21,False,False,0.9807604166666667,0.019239583333333334,1.7061725858504488,0.7385324685211369,0.0,1.6646755933761597,3.7020087242126465,5.018601894378662
2864601_0.224,28,0.985934471589765,0,False,False,0.1491875,0.8508125,0.10260205990171395,0.33907785089211767,0.0,0.0,1.7508905124664507,5.081394195556641
2864601_0.224,28,0.985934471589765,1,False,False,0.60515625,0.39484375,0.6412349944792474,0.9065918203279754,0.0,0.30256471037864685,3.860375711917881,14.64958667755127
2864601_0.224,28,0.985934471589765,2,False,False,0.3563645833333333,0.6436354166666667,0.34436212464550797,0.7230273788517293,0.0,0.0,3.2554616928100586,7.634627342224121
2864601_0.224,28,0.985934471589765,3,False,False,0.07103125,0.92896875,0.036616170851076886,0.21253903123196333,0.0,0.0,1.006434375047701,7.59093713760376
2864601_0.224,28,0.985934471589765,4,False,False,0.123,0.877,0.12680748659418806,0.4791654617243289,0.0,0.0,2.5305303549766656,8.963846206665039
2864601_0.224,28,0.985934471589765,5,False,False,0.7280833333333333,0.27191666666666664,1.195296036066211,1.485319798464315,0.0,0.7069478332996368,6.28442907333374,9.37344741821289
2864601_0.224,28,0.985934471589765,6,False,False,0.09527083333333333,0.9047291666666667,0.07967410060598194,0.4074149116793565,0.0,0.0,1.9303704500198364,11.746966361999512
2864601_0.224,28,0.985934471589765,7,False,False,0.18092708333333332,0.8190729166666667,0.11521256247907434,0.35331129130159084,0.0,0.0,1.6778544068336654,7.708593845367432
2864601_0.224,28,0.985934471589765,8,False,False,0.8838645833333333,0.11613541666666667,1.5836151622356904,1.6466570495922923,0.0,1.1610065698623657,7.359102702140811,15.365194320678711
2864601_0.224,28,0.985934471589765,9,False,True,0.009802083333333333,0.9901979166666667,0.00913852848548413,0.13337815343704576,0.0,0.0,0.0,5.534243106842041
2864601_0.224,28,0.985934471589765,10,False,False,0.7622708333333333,0.23772916666666666,0.8056084661149259,0.8757994442424314,0.0,0.5979946553707123,3.66719126701355,11.259597778320312
2864601_0.224,28,0.985934471589765,11,False,False,0.8189791666666667,0.18102083333333333,0.8906538133882362,0.8874417618191114,0.0,0.6875919699668884,3.8059871196746826,9.433293342590332
2864601_0.224,28,0.985934471589765,12,False,False,0.44509375,0.55490625,0.38759029525238575,0.7081854555281444,0.0,0.0,3.274452371597314,8.021173477172852
2864601_0.224,28,0.985934471589765,13,False,False,0.33391666666666664,0.6660833333333334,0.2055889415521455,0.4348182845448608,0.0,0.0,1.967755270004308,6.815550804138184
2864601_0.224,28,0.985934471589765,14,False,False,0.5213020833333334,0.47869791666666667,0.35389579284316336,0.49915251957494405,0.0,0.04691721312701702,1.969361512660981,3.3568294048309326
2864601_0.224,28,0.985934471589765,15,False,False,0.20396875,0.79603125,0.17406263898036226,0.5214096245564463,0.0,0.0,2.560208671093014,7.759451866149902
2864601_0.224,28,0.985934471589765,16,False,False,0.49672916666666667,0.5032708333333333,0.47002568223844415,0.7504712419266445,0.0,0.0,3.254025459289551,7.556186199188232
2864601_0.224,28,0.985934471589765,17,False,False,0.16652083333333334,0.8334791666666667,0.15257062773849384,0.4891586779016034,0.0,0.0,2.5652856826782253,6.178719997406006
2864601_0.224,28,0.985934471589765,18,False,False,0.2515625,0.7484375,0.19989721658429793,0.4516024875355754,0.0,0.0,1.9557890892028809,4.684524059295654
2864601_0.224,28,0.985934471589765,19,False,False,0.49834375,0.50165625,0.42521633097006445,0.6481260378026347,0.0,0.0,2.6375947284698626,9.165718078613281
2864601_0.224,28,0.985934471589765,20,False,False,0.44185416666666666,0.5581458333333333,0.49698232267009707,0.7666743326304031,0.0,0.0,2.8551127910614014,7.1971821784973145
2864601_0.224,28,0.985934471589765,21,False,False,0.05161458333333333,0.9483854166666666,0.03528929564531929,0.2167131817450485,0.0,0.0,1.177037000656128,3.7204391956329346
2864601_0.224,28,0.985934471589765,22,False,False,0.14846875,0.85153125,0.12893204298532454,0.4607312980710631,0.0,0.0,2.474761962890625,6.232907295227051
2864601_0.224,28,0.985934471589765,23,False,False,0.10582291666666667,0.8941770833333333,0.08083814448233503,0.39186869165794486,0.0,0.0,1.9715703976154508,7.333744525909424
2864601_0.224,28,0.985934471589765,24,False,False,0.26136458333333334,0.7386354166666667,0.6146109637070003,1.6358315766681828,0.0,0.0,8.404479026794434,10.261119842529297
2864601_0.224,28,0.985934471589765,25,False,False,0.14385416666666667,0.8561458333333334,0.14770489903079823,0.5853848621238782,0.0,0.0,3.256188423633599,7.715085983276367
2864601_0.224,28,0.985934471589765,26,False,False,0.07316666666666667,0.9268333333333333,0.045306384842065506,0.21266575429346288,0.0,0.0,1.1243500888347664,4.8908233642578125
2864601_0.373,29,0.9859143814712813,0,False,False,0.10878125,0.89121875,0.04468122086434793,0.17727804685901008,0.0,0.0,0.9549899923801426,3.5395915508270264
2864601_0.373,29,0.9859143814712813,1,False,False,0.47696875,0.52303125,0.26402795052655514,0.47331237234253665,0.0,0.0,2.268900580406192,4.300643444061279
2864601_0.373,29,0.9859143814712813,2,False,False,0.5774583333333333,0.42254166666666665,0.22638429873000518,0.2667463087635641,0.0,0.11234497278928757,0.9458216613531164,2.2829782962799072
2864601_0.373,29,0.9859143814712813,3,False,False,0.9902604166666666,0.009739583333333333,1.068945330325199,0.6135483259294404,0.005713280723430219,0.9559701383113861,3.1278228831291344,5.085792541503906
2864601_0.373,29,0.9859143814712813,4,False,False,0.9600416666666667,0.03995833333333333,1.2362257601120965,0.9717084745277063,0.0,1.0174686312675476,4.652444343566896,7.859466552734375
2864601_0.373,29,0.9859143814712813,5,False,False,0.6118229166666667,0.38817708333333334,0.5276515196875144,0.7364459733111433,0.0,0.23195388913154602,3.089604275226593,3.9856717586517334
2864601_0.373,29,0.9859143814712813,6,False,False,0.11705208333333333,0.8829479166666667,0.04288992642339038,0.20218806429603076,0.0,0.0,0.9252188605070295,4.848465442657471
2864601_0.373,29,0.9859143814712813,7,False,False,0.1786875,0.8213125,0.05370848445087495,0.17759270364315322,0.0,0.0,0.8143614983558707,5.0541229248046875
2864601_0.373,29,0.9859143814712813,8,False,False,0.84815625,0.15184375,0.6043297560060356,0.4316800622745593,0.0,0.619470864534378,1.7330408763885596,3.91684627532959
2864601_0.373,29,0.9859143814712813,9,False,False,0.29528125,0.70471875,0.2535582151270787,0.570764673164876,0.0,0.0,2.8234500885009766,3.264106273651123
2864601_0.373,29,0.9859143814712813,10,False,False,0.88409375,0.11590625,0.5838913917731667,0.6385386042576059,0.0,0.3885326683521271,3.0119930815696745,5.301371097564697
2864601_0.373,29,0.9859143814712813,11,True,False,0.0,1.0,0.0,0.0,0.0,0.0,0.0,0.0
2864601_0.373,29,0.9859143814712813,12,False,False,0.10911458333333333,0.8908854166666667,0.02540480705956649,0.09854404351376495,0.0,0.0,0.5220121556520468,1.2245131731033325
2864601_0.373,29,0.9859143814712813,13,False,False,0.35773958333333333,0.6422604166666667,0.28151776453876703,0.577668693004371,0.0,0.0,2.9153608679771446,3.5587024688720703
2864601_0.373,29,0.9859143814712813,14,False,False,0.8386041666666667,0.16139583333333332,0.6480857917783889,0.6245697974106054,0.0,0.5258068442344666,2.817109715938571,5.930323123931885
2864601_0.373,29,0.9859143814712813,15,False,False,0.5545520833333333,0.44544791666666667,0.27343467060894594,0.43299063946777694,0.0,0.051791589707136154,1.8905095279216875,3.4771652221679688
2864601_0.373,29,0.9859143814712813,16,False,False,0.67434375,0.32565625,0.4215045025595088,0.5787985798227941,0.0,0.23370222747325897,2.758316993713379,3.395659923553467
2864601_0.373,29,0.9859143814712813,17,False,False,0.9205833333333333,0.07941666666666666,0.6380915936365493,0.4374913106963698,0.0,0.6104109883308411,1.9127799272537231,3.2838335037231445
2864601_0.373,29,0.9859143814712813,18,False,False,0.7489166666666667,0.2510833333333333,0.4072737519043215,0.4480446171440369,0.0,0.2814970314502716,1.8893823957443243,3.703371047973633
2864601_0.373,29,0.9859143814712813,19,False,False,0.5911770833333333,0.40882291666666665,0.2958320813887009,0.36660878425834226,0.0,0.16102386265993118,1.5113664865493774,3.1831674575805664
2864601_0.481,30,0.985847394695905,0,False,False,0.91996875,0.08003125,0.8070543106822952,0.676634231771674,0.0,0.6743491291999817,2.8989964175224374,7.473474979400635
2864601_0.481,30,0.985847394695905,1,False,False,0.775375,0.224625,0.6271844777482859,0.5547751096039476,0.0,0.5581804811954498,1.8517250859737442,4.342925548553467
2864601_0.481,30,0.985847394695905,2,True,False,0.0,1.0,0.0,0.0,0.0,0.0,0.0,0.0
2864601_0.481,30,0.985847394695905,3,False,False,0.17169791666666667,0.8283020833333333,0.1747002591895616,0.49029180537861644,0.0,0.0,2.407315585613251,2.988769292831421
2864601_0.481,30,0.985847394695905,4,True,False,0.0,1.0,0.0,0.0,0.0,0.0,0.0,0.0
2864601_0.481,30,0.985847394695905,5,False,False,0.5213125,0.4786875,0.26934665831862475,0.4728670623608048,0.0,0.028412260115146637,2.166283130645752,4.9012932777404785
2864601_0.481,30,0.985847394695905,6,False,False,0.06461458333333334,0.9353854166666666,0.028505284569614483,0.15732940734310077,0.0,0.0,0.8529667854309082,2.3567121028900146
2864601_0.481,30,0.985847394695905,7,False,False,0.6528020833333333,0.34719791666666666,0.4814242229033708,0.5819564496200524,0.0,0.264852374792099,2.3198160290718106,4.214165687561035
2864601_0.481,30,0.985847394695905,8,False,False,0.03814583333333333,0.9618541666666667,0.016103644016107258,0.10007803907492667,0.0,0.0,0.6707103568315544,1.3940255641937256
2864601_0.481,30,0.985847394695905,9,True,False,0.0,1.0,0.0,0.0,0.0,0.0,0.0,0.0
2864601_0.481,30,0.985847394695905,10,False,False,0.9955104166666666,0.004489583333333333,1.9128929082491728,0.8161299830490445,0.12743412226438522,1.8651155233383179,4.217918157577519,6.596935272216797
2864601_0.481,30,0.985847394695905,11,False,False,0.3163020833333333,0.6836979166666667,0.283205713491861,0.6404166873966478,0.0,0.0,2.998199939727783,5.979459285736084
2864601_0.481,30,0.985847394695905,12,True,False,0.0,1.0,0.0,0.0,0.0,0.0,0.0,0.0
2864601_0.481,30,0.985847394695905,13,False,False,0.08229166666666667,0.9177083333333333,0.0517536916845088,0.24841409755215957,0.0,0.0,1.31157648563385,4.6854987144470215
2864601_0.481,30,0.985847394695905,14,False,False,0.6556354166666667,0.3443645833333333,0.5759457533505752,0.6536096279846464,0.0,0.4167410135269165,2.5617743015289403,7.939182281494141
2864601_0.481,30,0.985847394695905,15,False,False,0.59134375,0.40865625,0.3548181077713301,0.47088574160480307,0.0,0.14389372617006302,1.8462815439701123,4.531735897064209
2864601_0.481,30,0.985847394695905,16,True,False,0.0,1.0,0.0,0.0,0.0,0.0,0.0,0.0
2864601_0.481,30,0.985847394695905,17,False,False,0.153625,0.846375,0.05894726212281883,0.1717839917108328,0.0,0.0,0.7448516964912419,2.077751874923706
2864601_0.481,30,0.985847394695905,18,False,False,0.9077083333333333,0.09229166666666666,1.1038513589807697,0.908737301190414,0.0,0.9162348508834839,3.669717855453494,5.923035144805908
2864601_0.481,30,0.985847394695905,19,False,False,0.02814583333333333,0.9718541666666667,0.011441132304165573,0.08947231400683874,0.0,0.0,0.4586308029294033,1.8134641647338867
2864601_0.481,30,0.985847394695905,20,False,False,0.28088541666666667,0.7191145833333333,0.27953557806013546,0.5842597500101541,0.0,0.0,2.410617144107819,2.905740976333618
2864601_0.481,30,0.985847394695905,21,False,False,0.56934375,0.43065625,0.3415256273477584,0.48194879433138466,0.0,0.12020476162433624,2.151948306560518,4.458842754364014
2864601_0.289,31,0.9858464135742241,0,False,False,0.052375,0.947625,0.021253730147319704,0.12221120710827366,0.0,0.0,0.6529117190837973,2.1532223224639893
2864601_0.289,31,0.9858464135742241,1,False,False,0.10121875,0.89878125,0.08884922665354467,0.3673094619335031,0.0,0.0,2.0788116455078125,4.31325626373291
2864601_0.289,31,0.9858464135742241,2,False,False,0.34128125,0.65871875,0.174667347467101,0.3478081354114422,0.0,0.0,1.6286579370498657,3.461737632751465
2864601_0.289,31,0.9858464135742241,3,False,False,0.25103125,0.74896875,0.287164905093989,0.6908494053100929,0.0,0.0,3.3076016902923584,4.107843399047852
2864601_0.289,31,0.9858464135742241,4,True,False,0.0,1.0,0.0,0.0,0.0,0.0,0.0,0.0
2864601_0.289,31,0.9858464135742241,5,False,False,0.9690416666666667,0.030958333333333334,1.5631366493788603,0.8301065593867282,0.0,1.5022444128990173,4.027758450508187,5.616306304931641
2864601_0.289,31,0.9858464135742241,6,False,False,0.08290625,0.91709375,0.10915517385933989,0.5057535712810255,0.0,0.0,3.257412874698673,4.653807163238525
2864601_0.289,31,0.9858464135742241,7,False,False,0.33279166666666665,0.6672083333333333,0.17385060974127986,0.36983728695667945,0.0,0.0,1.7159892320632935,3.7387919425964355
2864601_0.289,31,0.9858464135742241,8,False,False,0.6903229166666667,0.3096770833333333,0.5505114284408059,0.6892491807631675,0.0,0.35086631774902344,3.0500834608078016,8.29677963256836
2864601_0.289,31,0.9858464135742241,9,False,False,0.29253125,0.70746875,0.11898965424130302,0.2541218144498682,0.0,0.0,1.1260272669792306,3.52655291557312
2864601_0.289,31,0.9858464135742241,10,False,False,0.26148958333333333,0.7385104166666666,0.16707033991735692,0.41395393865529523,0.0,0.0,1.9806679177284268,6.543673992156982
2864601_0.289,31,0.9858464135742241,11,False,False,0.9998333333333334,0.00016666666666666666,2.1477973403528714,0.8325879449818778,0.6172807407379151,2.05871045589447,4.554797220230103,9.071146011352539
2864601_0.289,31,0.9858464135742241,12,True,False,0.0,1.0,0.0,0.0,0.0,0.0,0.0,0.0
2864601_0.289,31,0.9858464135742241,13,False,False,0.032,0.968,0.02208610837555504,0.18661523490341636,0.0,0.0,0.7335941725969551,7.755352020263672
2864601_0.289,31,0.9858464135742241,14,True,False,0.0,1.0,0.0,0.0,0.0,0.0,0.0,0.0
2864601_0.289,31,0.9858464135742241,15,False,False,0.8374270833333334,0.16257291666666668,1.078170478606546,0.9872972011833163,0.0,0.9139673709869385,4.412561893463135,8.510088920593262
2864601_0.289,31,0.9858464135742241,16,False,False,0.4451041666666667,0.5548958333333334,0.505684588997659,0.7500687782901795,0.0,0.0,2.760136842727661,4.234279632568359
2864601_0.289,31,0.9858464135742241,17,False,False,0.23165625,0.76834375,0.32762766124481,0.8065630877511514,0.0,0.0,3.431579241752627,4.211148738861084
2864601_0.289,31,0.9858464135742241,18,True,False,0.0,1.0,0.0,0.0,0.0,0.0,0.0,0.0
2864601_0.289,31,0.9858464135742241,19,True,False,0.0,1.0,0.0,0.0,0.0,0.0,0.0,0.0
2864601_0.289,31,0.9858464135742241,20,True,False,0.0,1.0,0.0,0.0,0.0,0.0,0.0,0.0
2864601_0.289,31,0.9858464135742241,21,False,False,0.9673333333333334,0.03266666666666666,1.3869680085285618,1.2702268553920306,0.0,0.9868295192718506,6.37555501937867,9.087790489196777
2864601_0.289,31,0.9858464135742241,22,False,False,0.94225,0.05775,1.2645426747410662,0.723095042695583,0.0,1.2902324199676514,3.0844512438774125,5.703746318817139
2864601_0.289,31,0.9858464135742241,23,False,False,0.80453125,0.19546875,1.318637534540433,1.289898946457662,0.0,1.0329655408859253,4.965770683288575,6.3084635734558105
2864601_0.289,31,0.9858464135742241,24,False,False,0.12396875,0.87603125,0.08601679067732963,0.3566796412897811,0.0,0.0,1.7405925989151,6.190064430236816
2864601_0.289,31,0.9858464135742241,25,False,False,0.9759270833333333,0.024072916666666666,2.8456479975306577,1.6453071755363335,0.0,2.740136981010437,7.462760171890261,13.709625244140625
2864601_0.289,31,0.9858464135742241,26,True,False,0.0,1.0,0.0,0.0,0.0,0.0,0.0,0.0
2864601_0.393,32,0.9858063981875119,0,False,False,0.5521145833333333,0.44788541666666665,0.46499601748569874,0.7123986476574192,0.0,0.09066132828593254,3.040502612590796,8.35490608215332
2864601_0.393,32,0.9858063981875119,1,False,False,0.15867708333333333,0.8413229166666667,0.051606806385290444,0.17828922180743928,0.0,0.0,0.973207414150238,2.5820982456207275
2864601_0.393,32,0.9858063981875119,2,False,False,0.4953020833333333,0.5046979166666666,0.22840311152428816,0.3791315573254553,0.0,0.0,1.7256987845897733,3.6156692504882812
2864601_0.393,32,0.9858063981875119,3,False,False,0.34128125,0.65871875,0.23473891704208416,0.47526255310439036,0.0,0.0,2.0067517042160037,2.634141445159912
2864601_0.393,32,0.9858063981875119,4,False,False,0.67109375,0.32890625,0.4675756670596519,0.6615243885812764,0.0,0.23039981722831726,3.049367034435274,3.5062239170074463
2864601_0.393,32,0.9858063981875119,5,False,False,0.6124375,0.3875625,0.36005130777994765,0.4733269982562213,0.0,0.1487048789858818,1.8203357434272813,3.5858654975891113
2864601_0.393,32,0.9858063981875119,6,False,False,0.9906354166666667,0.009364583333333334,1.4597971428104353,0.8886992189156471,0.008891227636486294,1.3494876623153687,3.850128304958354,6.948551177978516
2864601_0.393,32,0.9858063981875119,7,False,False,0.6355833333333333,0.36441666666666667,0.3475087230763534,0.4137522687397992,0.0,0.20368113368749619,1.5623790371418034,2.435302495956421
2864601_0.393,32,0.9858063981875119,8,False,False,0.1999375,0.8000625,0.20919191023502912,0.5657833906223352,0.0,0.0,2.7013884592056283,3.1739132404327393
2864601_0.393,32,0.9858063981875119,9,False,False,0.9793333333333333,0.020666666666666667,1.1158377797052534,0.778148360582543,0.0,0.991491973400116,3.495697259902954,5.911384105682373
2864601_0.393,32,0.9858063981875119,10,False,False,0.24471875,0.75528125,0.11439343050607469,0.2632649070401797,0.0,0.0,1.152893304824829,2.2072479724884033
2864601_0.393,32,0.9858063981875119,11,False,False,0.976375,0.023625,1.2117190588148747,0.8298164350898497,0.0,1.0762650966644287,3.88454086065295,6.9105730056762695
2864601_0.393,32,0.9858063981875119,12,False,False,0.8660625,0.1339375,0.7777831207088942,0.624365514948437,0.0,0.7075769007205963,2.592122793197632,4.072944641113281
2864601_0.393,32,0.9858063981875119,13,False,False,0.719125,0.280875,0.39504856386124765,0.40502862549050206,0.0,0.3187963217496872,1.635404525995261,3.9886183738708496
2864601_0.393,32,0.9858063981875119,14,False,False,0.9378958333333334,0.06210416666666667,0.9201334119429748,0.6431095557214691,0.0,0.8260178565979004,2.9863666868209924,6.527448654174805
2864601_0.393,32,0.9858063981875119,15,False,False,0.7300729166666666,0.2699270833333333,0.6224102158056284,0.7194149376958038,0.0,0.4275910258293152,3.1357135891914596,5.009158611297607
2864601_0.393,32,0.9858063981875119,16,False,False,0.034645833333333334,0.9653541666666666,0.02545418522544181,0.15608436031041314,0.0,0.0,1.0654476928710968,1.776301383972168
2864601_0.393,32,0.9858063981875119,17,False,False,0.9741458333333334,0.025854166666666668,1.1809911163251037,0.5707349673223071,0.0,1.2061333656311035,2.3318420720100432,3.3931097984313965
2864601_0.393,32,0.9858063981875119,18,False,False,0.07727083333333333,0.9227291666666667,0.023679973860040036,0.12229720856683864,0.0,0.0,0.5964806509017949,3.0902092456817627
2864601_0.393,32,0.9858063981875119,19,False,False,0.12371875,0.87628125,0.048423532788149024,0.18811269484771323,0.0,0.0,1.0665218830108643,2.574212074279785
2864601_0.393,32,0.9858063981875119,20,False,False,0.22707291666666668,0.7729270833333334,0.10421933210580296,0.298052749002791,0.0,0.0,1.541289210319519,4.015056133270264
2864601_0.393,32,0.9858063981875119,21,False,False,0.62478125,0.37521875,0.24066263356818596,0.3209049895872585,0.0,0.10146075487136841,1.3366272485256256,2.3009986877441406
2864601_0.393,32,0.9858063981875119,22,False,False,0.4933125,0.5066875,0.21973538634845644,0.3323828877570105,0.0,0.0,1.4163843882083924,3.1210837364196777
2864601_0.393,32,0.9858063981875119,23,False,False,0.21786458333333333,0.7821354166666666,0.14615472015841127,0.34466592777178917,0.0,0.0,1.4805567264556885,2.1442792415618896
2864601_0.393,32,0.9858063981875119,24,False,False,0.9728125,0.0271875,1.2887651518082566,0.7377659040824006,0.0,1.2385404706001282,3.5972330570220947,8.465801239013672
2864601_0.393,32,0.9858063981875119,25,False,False,0.27309375,0.72690625,0.15229383128576607,0.3676064808142123,0.0,0.0,1.6333497762680054,4.288265228271484
2864601_0.393,32,0.9858063981875119,26,False,False,0.26484375,0.73515625,0.12178085120507215,0.30640263156002717,0.0,0.0,1.520242948532134,2.8399109840393066
2864601_0.393,32,0.9858063981875119,27,False,False,0.13185416666666666,0.8681458333333333,0.04619207576082924,0.14986526421107632,0.0,0.0,0.7538808250427286,1.8190633058547974
2864601_0.406,33,0.9857748107556049,0,False,False,0.5548333333333333,0.44516666666666665,0.7361419807291125,1.0379637724218493,0.0,0.17547141015529633,3.830428123474121,6.656793117523193
2864601_0.406,33,0.9857748107556049,1,False,False,0.8003229166666667,0.19967708333333334,1.2051528747145626,1.067122522528104,0.0,1.0250768661499023,3.7056331634521484,9.311775207519531
2864601_0.406,33,0.9857748107556049,2,False,False,0.02865625,0.97134375,0.041628403345697125,0.30579235725572446,0.0,0.0,1.7837984204292436,5.83383321762085
2864601_0.406,33,0.9857748107556049,3,False,False,0.9287916666666667,0.07120833333333333,1.3184927935158242,0.945655084067773,0.0,1.210039496421814,4.478246688842773,9.8851900100708
2864601_0.406,33,0.9857748107556049,4,False,False,0.9546875,0.0453125,1.8683531968818385,1.6867781612140798,0.0,1.4405388832092285,7.709400033950812,16.306859970092773
2864601_0.406,33,0.9857748107556049,5,True,False,0.0,1.0,0.0,0.0,0.0,0.0,0.0,0.0
2864601_0.406,33,0.9857748107556049,6,True,False,0.0,1.0,0.0,0.0,0.0,0.0,0.0,0.0
2864601_0.406,33,0.9857748107556049,7,False,False,0.16047916666666667,0.8395208333333334,0.06456140812697697,0.2097394799025696,0.0,0.0,1.0028669881820749,4.1222920417785645
2864601_0.406,33,0.9857748107556049,8,False,False,0.0953125,0.9046875,0.056510640167425664,0.2575120927836733,0.0,0.0,1.2569760084152222,4.700747966766357
2864601_0.406,33,0.9857748107556049,9,False,False,0.47996875,0.52003125,0.4960785696376508,0.8571915248084488,0.0,0.0,3.7625606060028076,8.431792259216309
2864601_0.406,33,0.9857748107556049,10,False,False,0.0259375,0.9740625,0.030085013736365948,0.2398111830962283,0.0,0.0,1.260830044746399,5.3578691482543945
2864601_0.406,33,0.9857748107556049,11,False,False,0.034958333333333334,0.9650416666666667,0.031242937811714,0.23722378415580497,0.0,0.0,1.0675521850585947,4.973376750946045
2864601_0.406,33,0.9857748107556049,12,False,False,0.07411458333333333,0.9258854166666667,0.05302617922707627,0.26232470904721017,0.0,0.0,1.4860075354576252,3.57502818107605
2864601_0.406,33,0.9857748107556049,13,False,False,0.2176875,0.7823125,0.42675646981518106,1.1093014818031928,0.0,0.0,5.326425895690919,6.066339015960693
2864601_0.406,33,0.9857748107556049,14,False,False,0.21505208333333334,0.7849479166666666,0.3294321341834008,0.8243816370823531,0.0,0.0,3.7471256256103516,6.5423784255981445
2864601_0.406,33,0.9857748107556049,15,False,False,0.7200208333333333,0.27997916666666667,0.6491453538850501,0.6923451841679777,0.0,0.5079750418663025,2.814500570297241,6.279280662536621
2864601_0.406,33,0.9857748107556049,16,False,False,0.32416666666666666,0.6758333333333333,0.2705593775192052,0.5670290860153618,0.0,0.0,2.5731762862205545,5.926460266113281
2864601_0.406,33,0.9857748107556049,17,False,False,0.7791458333333333,0.22085416666666666,0.5879878385833481,0.6973540316391599,0.0,0.4032825231552124,3.1798515629768613,9.113677024841309
2864601_0.406,33,0.9857748107556049,18,False,False,0.06377083333333333,0.9362291666666667,0.03800116784816631,0.21669276329425666,0.0,0.0,1.1294887697696725,5.0717573165893555
2864601_0.406,33,0.9857748107556049,19,False,False,0.028479166666666667,0.9715208333333333,0.030399157327628927,0.2055737255665305,0.0,0.0,1.340289831161499,3.241837978363037
2864601_0.406,33,0.9857748107556049,20,False,False,0.12965625,0.87034375,0.12215019968239524,0.4427918181206932,0.0,0.0,2.331617653369904,5.306149005889893
2864601_0.406,33,0.9857748107556049,21,False,False,0.13382291666666668,0.8661770833333333,0.11230801148932006,0.38855984731761467,0.0,0.0,2.0161356925964355,5.0628581047058105
2864601_0.406,33,0.9857748107556049,22,False,False,0.25898958333333333,0.7410104166666667,0.1699071969517964,0.4372895835016175,0.0,0.0,2.056639282703405,6.0227885246276855
2864601_0.406,33,0.9857748107556049,23,False,False,0.7215833333333334,0.27841666666666665,1.0214634827066467,1.2010350867123454,0.0,0.6823943555355072,5.543426580429089,9.871581077575684
2864601_0.206,34,0.9857615022818809,0,False,False,0.8411979166666667,0.15880208333333334,0.5167955422955166,0.4122419078574556,0.0,0.48298755288124084,1.7266539573669446,3.3435122966766357
2864601_0.206,34,0.9857615022818809,1,False,False,0.21748958333333332,0.7825104166666667,0.03982272628107511,0.11032065464539499,0.0,0.0,0.557765007019043,1.269207239151001
2864601_0.206,34,0.9857615022818809,2,False,False,0.44876041666666666,0.5512395833333333,0.18012743562266662,0.2955320028800807,0.0,0.0,1.1968259978294375,2.322692632675171
2864601_0.206,34,0.9857615022818809,3,False,False,0.025177083333333333,0.9748229166666667,0.008398150425035814,0.06851112447123409,0.0,0.0,0.34172013252974337,1.3488028049468994
2864601_0.206,34,0.9857615022818809,4,False,False,1.0,0.0,0.9616182522093877,0.24933602355740234,0.5201205289363862,0.9203355610370636,1.6735957860946655,2.5122034549713135
2864601_0.206,34,0.9857615022818809,5,False,False,0.23292708333333334,0.7670729166666667,0.03995466191344195,0.09609543666891762,0.0,0.0,0.4317147788405484,0.8876621127128601
2864601_0.206,34,0.9857615022818809,6,False,False,0.9862291666666667,0.013770833333333333,0.8017892192030152,0.5832284354129618,0.0,0.6476361751556396,2.6027507662773144,2.762573719024658
2864601_0.206,34,0.9857615022818809,7,True,False,0.0,1.0,0.0,0.0,0.0,0.0,0.0,0.0
2864601_0.206,34,0.9857615022818809,8,False,False,0.7173125,0.2826875,0.2097227936095104,0.23771445122763657,0.0,0.149903804063797,1.0642824339866657,2.2985188961029053
2864601_0.206,34,0.9857615022818809,9,False,False,0.78346875,0.21653125,0.36731540454825906,0.30443649324594035,0.0,0.34879082441329956,1.090437514781952,1.937682032585144
2864601_0.206,34,0.9857615022818809,10,False,False,0.9719895833333333,0.028010416666666666,0.6390306282562965,0.41647854339241613,0.0,0.5732178092002869,1.817503702640537,2.618500232696533
2864601_0.206,34,0.9857615022818809,11,False,False,0.9782604166666666,0.021739583333333333,0.349447243528457,0.21681845250934353,0.0,0.31005941331386566,1.0111788690090193,1.8459316492080688
2864601_0.206,34,0.9857615022818809,12,False,False,0.9578125,0.0421875,0.4907556073258022,0.2855998443584796,0.0,0.4713907539844513,1.1864601373672485,2.5437562465667725
2864601_0.206,34,0.9857615022818809,13,False,False,0.06266666666666666,0.9373333333333334,0.01002118034894905,0.05262330407816354,0.0,0.0,0.2893626785278366,0.9296138882637024
2864601_0.206,34,0.9857615022818809,14,False,False,0.2113125,0.7886875,0.12960412809791452,0.3126943110889884,0.0,0.0,1.3092657089233402,1.4789226055145264
2864601_0.206,34,0.9857615022818809,15,False,False,0.72025,0.27975,0.316773416312656,0.3080926669734927,0.0,0.26190638542175293,1.092696787118915,2.181447744369507
2864601_0.206,34,0.9857615022818809,16,False,False,0.0343125,0.9656875,0.011583808853593837,0.07235930791751648,0.0,0.0,0.4633439737558372,0.8439812064170837
2864601_0.206,34,0.9857615022818809,17,False,False,0.7481979166666667,0.2518020833333333,0.3524576156317653,0.372231770654948,0.0,0.2849069684743881,1.6074091899394995,3.0706679821014404
2864601_0.206,34,0.9857615022818809,18,False,False,0.11796875,0.88203125,0.056059333447014525,0.18146739657089148,0.0,0.0,0.8931164658069618,1.1992686986923218
2864601_0.206,34,0.9857615022818809,19,False,False,0.06676041666666667,0.9332395833333333,0.022506203774770406,0.12441375707986552,0.0,0.0,0.6006214618682861,2.2592036724090576
2864601_0.206,34,0.9857615022818809,20,False,False,0.6002083333333333,0.39979166666666666,0.21772797599330876,0.2961736704613341,0.0,0.07966457679867744,1.1306171703338626,2.145662546157837
2864601_0.206,34,0.9857615022818809,21,False,False,0.0419375,0.9580625,0.008477140709291234,0.05233549463896204,0.0,0.0,0.2919941437244439,0.8718419075012207
2864601_0.206,34,0.9857615022818809,22,False,False,0.8871666666666667,0.11283333333333333,0.34103477816190997,0.26674442453675073,0.0,0.3173675239086151,1.171392560005188,2.5532870292663574
2864601_0.206,34,0.9857615022818809,23,False,False,0.06460416666666667,0.9353958333333333,0.01958716195897902,0.11588676755082562,0.0,0.0,0.5518539547920227,2.7612195014953613
2864601_0.206,34,0.9857615022818809,24,False,False,0.98846875,0.01153125,0.7112700265010855,0.5944071897284903,0.0,0.529143214225769,2.6728203296661377,4.63892936706543
2864601_0.206,34,0.9857615022818809,25,False,False,0.6972604166666667,0.30273958333333334,0.31386189329490705,0.3674408985523221,0.0,0.19733107835054398,1.584500650167485,2.479471445083618
2864601_0.206,34,0.9857615022818809,26,False,False,0.8993125,0.1006875,0.5518733671365408,0.4759400122478596,0.0,0.4437122046947479,1.9016632437705996,2.0432915687561035
2864601_0.206,34,0.9857615022818809,27,False,False,0.038385416666666665,0.9616145833333334,0.00932926641163298,0.06608007404296642,0.0,0.0,0.34136712551116943,1.7882999181747437
2864601_0.284,35,0.985727893352772,0,True,False,0.0,1.0,0.0,0.0,0.0,0.0,0.0,0.0
2864601_0.284,35,0.985727893352772,1,False,False,0.12341666666666666,0.8765833333333334,0.21207647929504764,0.8089914359441298,0.0,0.0,4.407652378082275,11.02461051940918
2864601_0.284,35,0.985727893352772,2,False,False,0.19972916666666668,0.8002708333333334,0.2928140370428444,0.8475171178282229,0.0,0.0,4.434050559997559,8.859859466552734
2864601_0.284,35,0.985727893352772,3,False,False,0.20564583333333333,0.7943541666666667,0.8012010763617731,2.1863339718925934,0.0,0.0,11.15353985786438,13.35120964050293
2864601_0.284,35,0.985727893352772,4,False,False,0.0155,0.9845,0.005679955922673798,0.062402870925823924,0.0,0.0,0.1743907481431961,1.9580992460250854
2864601_0.284,35,0.985727893352772,5,False,False,0.33896875,0.66103125,0.3727488099731016,0.7943513749365338,0.0,0.0,3.640506312847148,10.763229370117188
2864601_0.284,35,0.985727893352772,6,False,False,0.03127083333333333,0.9687291666666666,0.05879481265268836,0.46751495524293596,0.0,0.0,2.1736407852173096,12.087224960327148
2864601_0.284,35,0.985727893352772,7,True,False,0.0,1.0,0.0,0.0,0.0,0.0,0.0,0.0
2864601_0.284,35,0.985727893352772,8,False,False,0.1814375,0.8185625,0.24831638941164694,0.7826634328046099,0.0,0.0,4.629140291214002,7.293287754058838
2864601_0.284,35,0.985727893352772,9,False,False,0.0428125,0.9571875,0.0548562254320885,0.38391255276991487,0.0,0.0,1.8325178611279707,13.348210334777832
2864601_0.284,35,0.985727893352772,10,False,False,0.015135416666666667,0.9848645833333334,0.0169899317659856,0.20069384629172107,0.0,0.0,0.45907670348884144,6.032998561859131
2864601_0.284,35,0.985727893352772,11,False,False,0.6288125,0.3711875,1.2106335872044807,1.631153521371257,0.0,0.5615174770355225,6.828099589347851,18.39920425415039
2864601_0.284,35,0.985727893352772,12,False,False,0.28391666666666665,0.7160833333333333,0.40888607654581727,1.0190440426604108,0.0,0.0,5.224755225181602,12.774620056152344
2864601_0.284,35,0.985727893352772,13,False,False,0.22184375,0.77815625,0.3593057947037614,0.9724930783871071,0.0,0.0,4.7209546470642465,10.46518611907959
2864601_0.284,35,0.985727893352772,14,False,False,0.11878125,0.88121875,0.07624783474672812,0.2902533182265784,0.0,0.0,1.513893961906433,5.351566314697266
2864601_0.284,35,0.985727893352772,15,True,False,0.0,1.0,0.0,0.0,0.0,0.0,0.0,0.0
2864601_0.284,35,0.985727893352772,16,False,False,0.21620833333333334,0.7837916666666667,0.3356023435134781,0.9226542595476425,0.0,0.0,4.53293514251709,9.013806343078613
2864601_0.284,35,0.985727893352772,17,False,False,0.9063229166666666,0.09367708333333333,2.799052515623475,2.646174116575326,0.0,2.202578544616699,11.448878612518369,23.684999465942383
2864601_0.284,35,0.985727893352772,18,False,False,0.6387291666666667,0.3612708333333333,0.9320997130096215,1.3580234486472886,0.0,0.42128172516822815,6.104542255401611,14.982439041137695
2864601_0.284,35,0.985727893352772,19,False,False,0.20097916666666665,0.7990208333333333,0.3879331037258423,0.9665853273114836,0.0,0.0,4.245593290328981,7.000735282897949
2864601_0.284,35,0.985727893352772,20,False,False,0.03417708333333333,0.9658229166666666,0.08508911040388921,0.6632825701158255,0.0,0.0,2.8759632110595703,15.638871192932129
2864601_0.284,35,0.985727893352772,21,False,False,0.30559375,0.69440625,0.41139223245330625,0.8728783720171847,0.0,0.0,4.057771682739258,9.637574195861816
2864601_0.284,35,0.985727893352772,22,False,False,0.91284375,0.08715625,2.720756627662607,2.4557805135036435,0.0,2.1692054271698,11.011391086578437,16.20877456665039
2864601_0.284,35,0.985727893352772,23,False,False,0.016729166666666666,0.9832708333333333,0.01689995733707777,0.17419044150734825,0.0,0.0,0.5824564099311829,5.4963507652282715
2864601_0.284,35,0.985727893352772,24,False,False,0.15482291666666667,0.8451770833333333,0.21287650346248968,0.6786023370694884,0.0,0.0,3.5522992610931396,9.388875007629395
2864601_0.284,35,0.985727893352772,25,False,False,0.16238541666666667,0.8376145833333334,0.2781319408234123,0.9174278292059707,0.0,0.0,4.863539218902588,11.077488899230957
2864601_0.284,35,0.985727893352772,26,False,False,0.09401041666666667,0.9059895833333333,0.1132062635803289,0.4524866820827399,0.0,0.0,2.4257496571540873,6.987154483795166
2864601_0.284,35,0.985727893352772,27,False,False,0.12367708333333334,0.8763229166666666,0.18332596107058832,0.7046913940658807,0.0,0.0,3.719281432628665,11.491586685180664
2864601_0.284,35,0.985727893352772,28,False,False,0.03644791666666667,0.9635520833333333,0.015342407555403042,0.12064879829246225,0.0,0.0,0.5359609794616811,5.547177314758301
2864601_0.235,36,0.9857223398231714,0,True,False,0.0,1.0,0.0,0.0,0.0,0.0,0.0,0.0
2864601_0.235,36,0.9857223398231714,1,True,False,0.0,1.0,0.0,0.0,0.0,0.0,0.0,0.0
2864601_0.235,36,0.9857223398231714,2,True,False,0.0,1.0,0.0,0.0,0.0,0.0,0.0,0.0
2864601_0.235,36,0.9857223398231714,3,False,False,0.3880208333333333,0.6119791666666666,0.13506460365454068,0.28243116366339516,0.0,0.0,1.4193163847923318,2.7375564575195312
2864601_0.235,36,0.9857223398231714,4,False,False,0.89640625,0.10359375,0.4781601492568966,0.31791142058131133,0.0,0.4803962856531143,1.4258746957778965,2.7190873622894287
2864601_0.235,36,0.9857223398231714,5,False,False,0.9380520833333333,0.061947916666666665,0.8005823299231634,0.6089760678262797,0.0,0.7037784457206726,2.858553409576416,4.410770893096924
2864601_0.235,36,0.9857223398231714,6,False,False,0.9376770833333333,0.062322916666666665,0.9836474776750188,0.6632781963028294,0.0,0.9457245469093323,2.785336320400243,5.085407257080078
2864601_0.235,36,0.9857223398231714,7,False,False,0.26088541666666665,0.7391145833333334,0.19069938748559295,0.42931922669751205,0.0,0.0,1.7844146764278461,2.084552764892578
2864601_0.235,36,0.9857223398231714,8,False,False,0.69834375,0.30165625,0.371236311938751,0.3884161312448587,0.0,0.27151811122894287,1.4409719705581665,2.4683403968811035
2864601_0.235,36,0.9857223398231714,9,False,False,0.9788333333333333,0.021166666666666667,0.9717929052383233,0.5172550078843459,0.0,0.9100955128669739,2.385775303840638,2.675746440887451
2864601_0.235,36,0.9857223398231714,10,False,False,0.900375,0.099625,0.6655890683802574,0.4817550390942717,0.0,0.6199591755867004,2.0099275946617166,4.06801176071167
2864601_0.235,36,0.9857223398231714,11,False,False,0.10416666666666667,0.8958333333333334,0.049512126440987986,0.1937279619214273,0.0,0.0,1.1155904531478882,1.7102880477905273
2864601_0.235,36,0.9857223398231714,12,True,False,0.0,1.0,0.0,0.0,0.0,0.0,0.0,0.0
2864601_0.235,36,0.9857223398231714,13,True,False,0.0,1.0,0.0,0.0,0.0,0.0,0.0,0.0
2864601_0.235,36,0.9857223398231714,14,True,False,0.0,1.0,0.0,0.0,0.0,0.0,0.0,0.0
2864601_0.235,36,0.9857223398231714,15,True,False,0.0,1.0,0.0,0.0,0.0,0.0,0.0,0.0
2864601_0.235,36,0.9857223398231714,16,False,False,0.9367291666666666,0.06327083333333333,1.0813890134116442,0.8840255177152304,0.0,0.8713061511516571,4.0350685071945245,7.645326614379883
2864601_0.235,36,0.9857223398231714,17,True,False,0.0,1.0,0.0,0.0,0.0,0.0,0.0,0.0
2864601_0.235,36,0.9857223398231714,18,True,False,0.0,1.0,0.0,0.0,0.0,0.0,0.0,0.0
2864601_0.235,36,0.9857223398231714,19,True,False,0.0,1.0,0.0,0.0,0.0,0.0,0.0,0.0
2864601_0.235,36,0.9857223398231714,20,True,False,0.0,1.0,0.0,0.0,0.0,0.0,0.0,0.0
2864601_0.235,36,0.9857223398231714,21,True,False,0.0,1.0,0.0,0.0,0.0,0.0,0.0,0.0
2864601_0.235,36,0.9857223398231714,22,False,False,0.9326875,0.0673125,0.9767973318583117,0.5991850158366913,0.0,0.9470350444316864,2.424451060295108,4.3838701248168945
2864601_0.235,36,0.9857223398231714,23,False,False,0.017927083333333333,0.9820729166666666,0.0015401033497391837,0.016347754175568146,0.0,0.0,0.04457743749022662,0.48485830426216125
2864601_0.235,36,0.9857223398231714,24,False,False,0.11494791666666666,0.8850520833333333,0.08148048997828289,0.2874281828497443,0.0,0.0,1.654863140583039,1.9517664909362793
2864601_0.235,36,0.9857223398231714,25,True,False,0.0,1.0,0.0,0.0,0.0,0.0,0.0,0.0
2864601_0.235,36,0.9857223398231714,26,False,False,0.978,0.022,1.0261864951740676,0.5969100044730941,0.0,0.9989904165267944,2.6869362592697152,3.7420835494995117
2864601_0.405,37,0.9857081929169128,0,False,False,0.21780208333333334,0.7821979166666667,0.22935273247979468,0.6160182108236469,0.0,0.0,2.9771182537078857,8.237709999084473
2864601_0.405,37,0.9857081929169128,1,False,False,0.012916666666666667,0.9870833333333333,0.003097506384192457,0.04095375224919459,0.0,0.0,0.056697607189418214,1.9235124588012695
2864601_0.405,37,0.9857081929169128,2,False,False,0.88021875,0.11978125,1.8805114210717204,2.046613741046744,0.0,1.2952842712402344,9.732434740066537,11.717324256896973
2864601_0.405,37,0.9857081929169128,3,False,False,0.7371666666666666,0.2628333333333333,1.1139598715238468,1.0993291929719846,0.0,0.937720537185669,4.499329075813305,8.199609756469727
2864601_0.405,37,0.9857081929169128,4,False,False,0.019895833333333335,0.9801041666666667,0.03504988591911388,0.2838532579886266,0.0,0.0,2.03293202638629,3.8986973762512207
2864601_0.405,37,0.9857081929169128,5,False,False,0.12057291666666667,0.8794270833333333,0.10436354264511422,0.4215950412325418,0.0,0.0,2.1535861492156982,12.272268295288086
2864601_0.405,37,0.9857081929169128,6,False,False,0.7877395833333334,0.21226041666666667,0.8779137964577454,0.8131005489228574,0.0,0.7575806677341461,3.359946737289433,8.077401161193848
2864601_0.405,37,0.9857081929169128,7,True,False,0.0,1.0,0.0,0.0,0.0,0.0,0.0,0.0
2864601_0.405,37,0.9857081929169128,8,False,False,0.9485,0.0515,2.4401692875306846,1.4363111084979374,0.0,2.4019126892089844,7.000914034843445,12.170491218566895
2864601_0.405,37,0.9857081929169128,9,False,False,0.03109375,0.96890625,0.019761056481726578,0.18653429805902297,0.0,0.0,0.5820027589797974,6.58975076675415
2864601_0.405,37,0.9857081929169128,10,False,False,0.8157291666666666,0.18427083333333333,1.0756864270556867,0.9376302891779524,0.0,0.9766528010368347,3.856011152267456,7.891554832458496
2864601_0.405,37,0.9857081929169128,11,False,False,0.12959375,0.87040625,0.2725713637680816,0.8529610442762625,0.0,0.0,4.277373485565205,6.421941757202148
2864601_0.405,37,0.9857081929169128,12,False,False,0.8804375,0.1195625,2.428401355666514,2.0709292284203125,0.0,2.0812249183654785,9.339359083175685,16.634206771850586
2864601_0.405,37,0.9857081929169128,13,False,False,0.40388541666666666,0.5961145833333333,0.7510901497953518,1.5419348573217082,0.0,0.0,7.329152617454529,8.552587509155273
2864601_0.405,37,0.9857081929169128,14,False,False,0.18514583333333334,0.8148541666666667,0.1524333700439174,0.4331169791653024,0.0,0.0,2.10780668258667,5.701380252838135
2864601_0.398,38,0.9857074838231263,0,False,False,0.6466354166666667,0.3533645833333333,0.26289506312267674,0.3424154309289238,0.0,0.1392415389418602,1.4180156040191676,3.835439443588257
2864601_0.398,38,0.9857074838231263,1,False,False,0.49773958333333335,0.5022604166666667,0.14471134160008706,0.22432423109584296,0.0,0.0,0.9204549944400835,2.1978371143341064
2864601_0.398,38,0.9857074838231263,2,False,False,0.030979166666666665,0.9690208333333333,0.019000187225320285,0.130184072491542,0.0,0.0,0.8566593337059025,2.732074022293091
2864601_0.398,38,0.9857074838231263,3,False,False,0.0355625,0.9644375,0.005806713514087884,0.041459099446830835,0.0,0.0,0.2006524571776408,0.9287392497062683
2864601_0.398,38,0.9857074838231263,4,False,False,0.45940625,0.54059375,0.22271977477585692,0.3774600936906697,0.0,0.0,1.6921193599700928,3.490006685256958
2864601_0.398,38,0.9857074838231263,5,False,False,0.18952083333333333,0.8104791666666666,0.04740975341806522,0.1343147555146693,0.0,0.0,0.6163313984870911,2.145921230316162
2864601_0.398,38,0.9857074838231263,6,False,False,0.9416041666666667,0.058395833333333334,0.6154387733307574,0.5007857423446116,0.0,0.5035131573677063,2.234649181365967,4.348592758178711
2864601_0.398,38,0.9857074838231263,7,False,False,0.82590625,0.17409375,0.5927793351953927,0.46975875820286767,0.0,0.5733458399772644,1.932653784751892,3.8641815185546875
2864601_0.398,38,0.9857074838231263,8,False,False,0.9996770833333334,0.00032291666666666666,1.6521435048511484,0.6445910288931588,0.3976081907749176,1.6102019548416138,3.5506152653694283,4.715880870819092
2864601_0.398,38,0.9857074838231263,9,False,False,0.9860104166666667,0.013989583333333333,1.0757632044452032,0.6589557139918027,0.0,0.9548836350440979,3.1765276360512056,5.841264247894287
2864601_0.398,38,0.9857074838231263,10,False,False,0.94690625,0.05309375,1.085581599325025,0.9977195463705466,0.0,0.8182026147842407,4.799582843780518,5.44334077835083
2864601_0.398,38,0.9857074838231263,11,False,False,0.7286875,0.2713125,0.46376930514556064,0.5151579389649531,0.0,0.3319349139928818,2.3151308965683,2.9378931522369385
2864601_0.398,38,0.9857074838231263,12,True,False,0.0,1.0,0.0,0.0,0.0,0.0,0.0,0.0
2864601_0.398,38,0.9857074838231263,13,False,False,0.9561770833333333,0.04382291666666667,0.7983912183089354,0.8325634495389311,0.0,0.5326710343360901,4.054221153259277,4.520796298980713
2864601_0.358,39,0.9856996764120354,0,False,False,0.51375,0.48625,0.45213650055087706,0.6964448996150578,0.0,0.030559435486793518,2.756005184650423,3.3624107837677
2864601_0.358,39,0.9856996764120354,1,False,False,0.9979375,0.0020625,2.2721287480688077,1.0018012858587395,0.3197270202636719,2.193718671798706,5.19428825378418,8.09228801727295
2864601_0.358,39,0.9856996764120354,2,False,False,0.8430208333333333,0.15697916666666667,1.2443931003989182,0.9693504200022627,0.0,1.1880273818969727,3.510855197906494,5.9248199462890625
2864601_0.358,39,0.9856996764120354,3,False,False,0.66503125,0.33496875,0.7323949248953986,0.9421933622084523,0.0,0.37473078072071075,4.1026201248168945,7.486860275268555
2864601_0.358,39,0.9856996764120354,4,False,False,0.9688125,0.0311875,1.6261245993584053,1.2962278408959387,0.0,1.3286177515983582,5.4788029623031695,8.27322769165039
2864601_0.358,39,0.9856996764120354,5,True,False,0.0,1.0,0.0,0.0,0.0,0.0,0.0,0.0
2864601_0.358,39,0.9856996764120354,6,False,False,0.122375,0.877625,0.10328582197840339,0.41927658682420477,0.0,0.0,2.4031057357788086,5.554573059082031
2864601_0.358,39,0.9856996764120354,7,False,False,0.6215833333333334,0.3784166666666667,0.3979854578002843,0.5803237794373002,0.0,0.12915781885385513,2.4783637523651123,4.377217769622803
2864601_0.358,39,0.9856996764120354,8,False,False,0.12580208333333334,0.8741979166666667,0.044116675189538206,0.16752998943765215,0.0,0.0,0.8753809928894043,2.592158079147339
2864601_0.358,39,0.9856996764120354,9,True,False,0.0,1.0,0.0,0.0,0.0,0.0,0.0,0.0
2864601_0.358,39,0.9856996764120354,10,True,False,0.0,1.0,0.0,0.0,0.0,0.0,0.0,0.0
2864601_0.358,39,0.9856996764120354,11,True,False,0.0,1.0,0.0,0.0,0.0,0.0,0.0,0.0
2864601_0.358,39,0.9856996764120354,12,False,False,0.5081041666666667,0.4918958333333333,0.5950013479055049,0.7842117969977448,0.0,0.03867315128445625,2.894407756328584,5.0214691162109375
2864601_0.358,39,0.9856996764120354,13,True,False,0.0,1.0,0.0,0.0,0.0,0.0,0.0,0.0
2864601_0.358,39,0.9856996764120354,14,False,False,0.2526979166666667,0.7473020833333334,0.20374342843624163,0.4715381571984238,0.0,0.0,2.142937614917758,4.007546901702881
2864601_0.358,39,0.9856996764120354,15,True,False,0.0,1.0,0.0,0.0,0.0,0.0,0.0,0.0
2864601_0.358,39,0.9856996764120354,16,True,False,0.0,1.0,0.0,0.0,0.0,0.0,0.0,0.0
2864601_0.358,39,0.9856996764120354,17,False,False,0.19483333333333333,0.8051666666666667,0.1669378785958502,0.4549999267541928,0.0,0.0,2.2155773639678955,3.435678720474243
2864601_0.358,39,0.9856996764120354,18,False,False,0.16783333333333333,0.8321666666666667,0.08032856755350865,0.24293422095041878,0.0,0.0,1.2147450947761642,2.298963785171509
2864601_0.358,39,0.9856996764120354,19,False,False,0.7444791666666667,0.2555208333333333,0.7327249789924061,0.8631084900217411,0.0,0.45752908289432526,3.7659465408325343,6.4238600730896
2864601_0.358,39,0.9856996764120354,20,True,False,0.0,1.0,0.0,0.0,0.0,0.0,0.0,0.0
2864601_0.358,39,0.9856996764120354,21,False,False,0.12211458333333333,0.8778854166666666,0.0748382357401726,0.32473583143174267,0.0,0.0,1.759880542755127,6.33180570602417
2864601_0.358,39,0.9856996764120354,22,False,False,0.93409375,0.06590625,1.4166596219443615,1.0792800609401147,0.0,1.2945154309272766,5.092085571289099,10.805581092834473
2864601_0.358,39,0.9856996764120354,23,True,False,0.0,1.0,0.0,0.0,0.0,0.0,0.0,0.0
2864601_0.358,39,0.9856996764120354,24,False,False,0.20402083333333335,0.7959791666666667,0.27248548067677775,0.6939852491782691,0.0,0.0,3.3556630611419678,3.9880926609039307
2864601_0.358,39,0.9856996764120354,25,True,False,0.0,1.0,0.0,0.0,0.0,0.0,0.0,0.0
2864601_0.242,40,0.9856655399090926,0,False,False,0.7387083333333333,0.26129166666666664,0.46188910418831686,0.5098679320014861,0.0,0.3184855878353119,2.0435362458229145,4.321906089782715
2864601_0.242,40,0.9856655399090926,1,False,False,0.05775,0.94225,0.024075925914037424,0.11858062085325634,0.0,0.0,0.7446123361587524,1.170620083808899
2864601_0.242,40,0.9856655399090926,2,False,False,0.5157708333333333,0.48422916666666665,0.22736822994142544,0.3444473843423191,0.0,0.02378428913652897,1.5467140412330633,3.265272378921509
2864601_0.242,40,0.9856655399090926,3,False,False,0.087,0.913,0.03405296438033262,0.15165885119798764,0.0,0.0,0.8301643240451815,1.9556046724319458
2864601_0.242,40,0.9856655399090926,4,False,False,0.3229166666666667,0.6770833333333334,0.1254636198245399,0.25324616429561086,0.0,0.0,1.066081166267395,1.5725599527359009
2864601_0.242,40,0.9856655399090926,5,False,False,0.2770416666666667,0.7229583333333334,0.06959313121256887,0.15854646775547182,0.0,0.0,0.707726559638983,2.213468551635742
2864601_0.242,40,0.9856655399090926,6,False,False,0.4484375,0.5515625,0.20745252215646706,0.3521942341430606,0.0,0.0,1.4978286957740903,2.4224703311920166
2864601_0.242,40,0.9856655399090926,7,False,False,0.30264583333333334,0.6973541666666667,0.20798186193405757,0.43699961180468616,0.0,0.0,1.8615288507938408,2.1508383750915527
2864601_0.242,40,0.9856655399090926,8,False,False,0.035958333333333335,0.9640416666666667,0.023221192748095747,0.15806135353197825,0.0,0.0,0.9194636934995711,2.8334574699401855
2864601_0.242,40,0.9856655399090926,9,False,False,0.7787083333333333,0.22129166666666666,0.4915154296444704,0.4354541122760846,0.0,0.43106117844581604,1.575624964237217,2.303292751312256
2864601_0.242,40,0.9856655399090926,10,False,False,1.0,0.0,1.5095248785989048,0.6480952311932099,0.48291631013154984,1.3881718516349792,3.414132595062256,6.231159687042236
2864601_0.242,40,0.9856655399090926,11,False,False,0.35772916666666665,0.6422708333333333,0.13560715979512603,0.2997763599535746,0.0,0.0,1.4034442830085785,3.84610652923584
2864601_0.242,40,0.9856655399090926,12,False,False,0.26246875,0.73753125,0.06410925257367514,0.16148716190320409,0.0,0.0,0.7223408818244934,2.7547945976257324
2864601_0.242,40,0.9856655399090926,13,False,False,0.9987708333333334,0.0012291666666666666,0.9300349416419261,0.7152344524411737,0.0599851455911994,0.7942848801612854,3.4703750610351562,6.978646755218506
2864601_0.242,40,0.9856655399090926,14,False,False,0.9934895833333334,0.006510416666666667,1.0170827395575712,0.46169340683918547,0.09279169887304306,0.9828917682170868,2.3186378479003906,2.6837143898010254
2864601_0.242,40,0.9856655399090926,15,False,False,0.7484479166666667,0.25155208333333334,0.3744653602872378,0.3640718028864241,0.0,0.30756625533103943,1.3913062083721162,1.7209594249725342
2864601_0.242,40,0.9856655399090926,16,False,False,0.21965625,0.78034375,0.06435394280682417,0.17467163627196086,0.0,0.0,0.8274565935134888,2.119446039199829
2864601_0.242,40,0.9856655399090926,17,False,False,0.22566666666666665,0.7743333333333333,0.09862968586300698,0.27546354286946995,0.0,0.0,1.4105474948883057,2.5747461318969727
2864601_0.242,40,0.9856655399090926,18,False,False,0.7811979166666667,0.21880208333333334,0.655616608290222,0.6735725099678941,0.0,0.506422758102417,2.9453835487365723,3.4194717407226562
2864601_0.242,40,0.9856655399090926,19,False,False,0.012135416666666666,0.9878645833333334,0.001468490299299295,0.01925224774795154,0.0,0.0,0.02466539550572801,0.7044552564620972
2864601_0.242,40,0.9856655399090926,20,False,False,0.19464583333333332,0.8053541666666667,0.07175785837590275,0.18799656714403645,0.0,0.0,0.859792727828028,1.7320815324783325
2864601_0.242,40,0.9856655399090926,21,False,False,0.28069791666666666,0.7193020833333333,0.08446192564567881,0.18718024020301233,0.0,0.0,0.8396112322807312,1.499920129776001
2864601_0.242,40,0.9856655399090926,22,False,False,0.128125,0.871875,0.029161491730155944,0.09685689922107259,0.0,0.0,0.48987257868051637,1.2398686408996582
2864601_0.242,40,0.9856655399090926,23,False,False,0.1150625,0.8849375,0.023419433527944646,0.08628037243072968,0.0,0.0,0.43125091403722837,1.3357770442962646
2864601_0.242,40,0.9856655399090926,24,False,False,0.7780208333333334,0.22197916666666667,0.4671243742043509,0.4667552521348934,0.0,0.38030199706554413,1.970978933572772,4.443460464477539
2864601_0.242,40,0.9856655399090926,25,False,False,0.7929583333333333,0.20704166666666668,0.3679823983817349,0.296120431889505,0.0,0.3715907633304596,1.1633741855621338,1.9238898754119873
2864601_0.242,40,0.9856655399090926,26,False,False,0.8645416666666667,0.13545833333333332,0.3429048208676727,0.2839994154103577,0.0,0.31736135482788086,1.328338023424155,3.345667839050293
2864601_0.242,40,0.9856655399090926,27,False,False,0.4676458333333333,0.5323541666666667,0.2384329292017127,0.3529697621686972,0.0,0.0,1.2937208414077759,2.707627773284912
2864601_0.242,40,0.9856655399090926,28,False,False,0.09865625,0.90134375,0.047881172446870776,0.19046760607672558,0.0,0.0,1.0542281532287632,2.077565908432007
2864601_0.242,40,0.9856655399090926,29,False,False,0.15509375,0.84490625,0.1271438255827928,0.3703827916890111,0.0,0.0,1.8719187557697299,2.2512331008911133
2864601_0.242,40,0.9856655399090926,30,False,False,0.29452083333333334,0.7054791666666667,0.11526144175469248,0.260693552573287,0.0,0.0,1.243484616279602,2.46348237991333
2864601_0.490,41,0.9856578635421721,0,False,False,0.6789791666666667,0.3210208333333333,0.326499780461463,0.3794667005486963,0.0,0.2238074690103531,1.6761544942855835,3.314542055130005
2864601_0.490,41,0.9856578635421721,1,False,True,0.006927083333333334,0.9930729166666666,0.0009297638174622686,0.015929458851754286,0.0,0.0,0.0,0.7162306308746338
2864601_0.490,41,0.9856578635421721,2,False,False,0.0235,0.9765,0.0197231937211994,0.1854919666079731,0.0,0.0,0.6710542953014877,4.036018371582031
2864601_0.490,41,0.9856578635421721,3,False,False,0.2976979166666667,0.7023020833333333,0.08225382078118304,0.18853560366051436,0.0,0.0,0.8715560436248779,2.20367693901062
2864601_0.490,41,0.9856578635421721,4,False,False,0.07786458333333333,0.9221354166666667,0.024055730806081102,0.13788991617840707,0.0,0.0,0.6087263029813821,2.9334795475006104
2864601_0.490,41,0.9856578635421721,5,False,False,0.6659583333333333,0.3340416666666667,0.3986151054505122,0.4734572679972834,0.0,0.2444305568933487,2.0376861095428467,3.6318249702453613
2864601_0.490,41,0.9856578635421721,6,False,True,0.0016770833333333334,0.9983229166666666,0.00012128072120443297,0.005348615745330435,0.0,0.0,0.0,0.8664989471435547
2864601_0.490,41,0.9856578635421721,7,False,False,0.9193958333333333,0.08060416666666667,0.9312676172617457,0.6519086998613765,0.0,0.8795799016952515,2.7391808199882597,3.875544786453247
2864601_0.490,41,0.9856578635421721,8,False,False,0.15778125,0.84221875,0.05129138555611191,0.182201921663922,0.0,0.0,0.9440180540085028,2.855048179626465
2864601_0.490,41,0.9856578635421721,9,False,False,0.5756979166666667,0.42430208333333336,0.27478920716692834,0.4067006139288169,0.0,0.08496662601828575,1.75266436457635,2.3505921363830566
2864601_0.490,41,0.9856578635421721,10,False,False,0.0470625,0.9529375,0.026160036963245755,0.14050280400586515,0.0,0.0,0.9170912754535689,1.3322389125823975
2864601_0.490,41,0.9856578635421721,11,False,False,0.8351979166666667,0.16480208333333332,0.5857533904136759,0.5565302889543,0.0,0.4551755338907242,2.2842459630966188,3.6968183517456055
2864601_0.490,41,0.9856578635421721,12,False,False,0.48454166666666665,0.5154583333333334,0.1468831179857227,0.21092915751534477,0.0,0.0,0.8477162277698524,1.8927626609802246
2864601_0.490,41,0.9856578635421721,13,False,False,0.96046875,0.03953125,0.8126440596850619,0.4804644677743515,0.0,0.7756151556968689,2.1296489238739014,3.467888832092285
2864601_0.490,41,0.9856578635421721,14,False,False,0.09861458333333334,0.9013854166666667,0.039353458171502285,0.1722963604049152,0.0,0.0,0.9704199433326721,1.7605830430984497
2864601_0.490,41,0.9856578635421721,15,False,False,0.6169895833333333,0.3830104166666667,0.20339180468124946,0.2725961699198184,0.0,0.08558141440153122,1.137495994567871,2.6240909099578857
2864601_0.490,41,0.9856578635421721,16,False,False,0.015916666666666666,0.9840833333333333,0.003478630749754605,0.037697417234147323,0.0,0.0,0.10315697640180588,1.0857625007629395
2864601_0.490,41,0.9856578635421721,17,False,False,0.4071875,0.5928125,0.22395975164435217,0.40567539101554584,0.0,0.0,1.7152105569839478,2.321075677871704
2864601_0.490,41,0.9856578635421721,18,False,False,0.20665625,0.79334375,0.06324265344628487,0.16203776382541077,0.0,0.0,0.7065250873565674,2.1023714542388916
2864601_0.490,41,0.9856578635421721,19,False,False,0.16072916666666667,0.8392708333333333,0.06878471871634641,0.24200230234816508,0.0,0.0,1.304116603136063,3.463704824447632
2864601_0.490,41,0.9856578635421721,20,False,False,0.36553125,0.63446875,0.14085677343737904,0.2797760626366127,0.0,0.0,1.2825011014938354,2.38439679145813
2864601_0.490,41,0.9856578635421721,21,False,False,0.67903125,0.32096875,0.3897644075765744,0.4997859686026039,0.0,0.2606185972690582,2.2456212043762207,4.2987260818481445
2864601_0.490,41,0.9856578635421721,22,False,False,0.9741666666666666,0.025833333333333333,0.8507190510549887,0.489069306721625,0.0,0.7849059700965881,2.5113992929458626,4.294468879699707
2864601_0.490,41,0.9856578635421721,23,False,False,0.8666666666666667,0.13333333333333333,0.5213653121085622,0.34539678133273377,0.0,0.5176437795162201,1.3290920472145085,2.6420769691467285
2864601_0.490,41,0.9856578635421721,24,False,False,0.46759375,0.53240625,0.1870815988393141,0.32916296723328287,0.0,0.0,1.3660852909088135,3.4519670009613037
2864601_0.490,41,0.9856578635421721,25,False,False,0.98646875,0.01353125,1.2738825139178007,0.7796241380324903,0.0,1.1115456223487854,3.6639535427093506,5.064975261688232
2864601_0.490,41,0.9856578635421721,26,False,False,0.12773958333333332,0.8722604166666666,0.11176143006102332,0.36034866985153324,0.0,0.0,1.8962404751777668,2.3665616512298584
2864601_0.490,41,0.9856578635421721,27,False,False,0.97684375,0.02315625,0.9621675632470464,0.6877345134777151,0.0,0.8416706025600433,2.9652493000030518,5.212584018707275
2864601_0.263,42,0.9856554305268338,0,False,False,0.19005208333333334,0.8099479166666667,0.0638341621447087,0.178528864996182,0.0,0.0,0.8547267484664953,1.7852007150650024
2864601_0.263,42,0.9856554305268338,1,False,False,0.9816458333333333,0.018354166666666668,0.6251143750504273,0.33455912503015184,0.0,0.5893931090831757,1.3444604659080506,2.471639633178711
2864601_0.263,42,0.9856554305268338,2,True,False,0.0,1.0,0.0,0.0,0.0,0.0,0.0,0.0
2864601_0.263,42,0.9856554305268338,3,False,False,0.1291875,0.8708125,0.03916818028986639,0.16742227338411309,0.0,0.0,0.8484996914863614,2.522939682006836
2864601_0.263,42,0.9856554305268338,4,False,False,0.9962395833333333,0.0037604166666666667,0.9156682251266409,0.5810185785866964,0.047252350710332396,0.8223941326141357,2.712012476921084,4.50762939453125
2864601_0.263,42,0.9856554305268338,5,True,False,0.0,1.0,0.0,0.0,0.0,0.0,0.0,0.0
2864601_0.263,42,0.9856554305268338,6,False,False,0.35402083333333334,0.6459791666666667,0.15987185097763873,0.2903487571067894,0.0,0.0,1.194266676902775,3.221132755279541
2864601_0.263,42,0.9856554305268338,7,False,False,0.521125,0.478875,0.22898230728051044,0.353826921963108,0.0,0.02641721349209547,1.609714487791068,2.8496358394622803
2864601_0.263,42,0.9856554305268338,8,False,False,0.8044166666666667,0.19558333333333333,0.3766534634506572,0.39377236319225334,0.0,0.2594555616378784,1.5678801536560059,2.3701326847076416
2864601_0.263,42,0.9856554305268338,9,False,False,0.9764270833333333,0.023572916666666666,0.6923928966099243,0.35385665474437955,0.0,0.6817836165428162,1.624481923580172,3.0792012214660645
2864601_0.263,42,0.9856554305268338,10,False,False,0.40871875,0.59128125,0.21486073456896027,0.4165537649018701,0.0,0.0,1.862905435562138,3.5347564220428467
2864601_0.263,42,0.9856554305268338,11,False,False,0.05909375,0.94090625,0.013099165407058758,0.08339508460584286,0.0,0.0,0.3746206644177487,2.1102306842803955
2864601_0.263,42,0.9856554305268338,12,False,False,0.12973958333333332,0.8702604166666666,0.04983979477502938,0.20368443980030057,0.0,0.0,1.0866538286209106,2.718783378601074
2864601_0.263,42,0.9856554305268338,13,False,False,0.9923125,0.0076875,0.7914419897668133,0.39770390222485585,0.03939310882240534,0.7137635350227356,1.9193001985549927,3.380552053451538
2864601_0.263,42,0.9856554305268338,14,False,False,0.76053125,0.23946875,0.2777772942635815,0.30664122519281173,0.0,0.19763979315757751,1.35502928614617,2.609025478363037
2864601_0.263,42,0.9856554305268338,15,False,False,0.88703125,0.11296875,0.9351965070180354,0.601969387561994,0.0,0.9501183032989502,2.4938771724700928,4.481388568878174
2864601_0.263,42,0.9856554305268338,16,False,False,0.59253125,0.40746875,0.17358895904931723,0.22860555574001465,0.0,0.06547869741916656,0.8516312390565886,2.6251728534698486
2864601_0.263,42,0.9856554305268338,17,True,False,0.0,1.0,0.0,0.0,0.0,0.0,0.0,0.0
2864601_0.263,42,0.9856554305268338,18,False,False,0.4060729166666667,0.5939270833333333,0.12023727027053985,0.1991418409917151,0.0,0.0,0.8039630055427551,2.0026698112487793
2864601_0.263,42,0.9856554305268338,19,False,False,0.17664583333333334,0.8233541666666667,0.03177084623813767,0.09354708183737885,0.0,0.0,0.46146365523338834,1.2328166961669922
2864601_0.263,42,0.9856554305268338,20,False,False,0.18666666666666668,0.8133333333333334,0.034693805024736055,0.10660423108883149,0.0,0.0,0.5024539232254028,1.6538329124450684
2864601_0.263,42,0.9856554305268338,21,False,False,0.17182291666666666,0.8281770833333333,0.04169465711920676,0.12224792545200594,0.0,0.0,0.6064973664283755,1.2765387296676636
2864601_0.263,42,0.9856554305268338,22,False,False,0.23263541666666668,0.7673645833333333,0.07104598858785958,0.18729703181958834,0.0,0.0,0.8635022044181824,2.3785593509674072
2864601_0.263,42,0.9856554305268338,23,False,False,0.120625,0.879375,0.10983887859158736,0.36165735225001217,0.0,0.0,1.959410680532458,2.2937464714050293
2864601_0.263,42,0.9856554305268338,24,False,False,0.98759375,0.01240625,1.0569336651541432,0.667576345997585,0.0,0.9063897430896759,3.176920175552368,5.524354457855225
2864601_0.263,42,0.9856554305268338,25,False,False,0.5278958333333333,0.47210416666666666,0.25969680676979284,0.40277168138568,0.0,0.030049351043999195,1.6625267267227173,1.8647242784500122
2864601_0.263,42,0.9856554305268338,26,False,False,0.6909583333333333,0.30904166666666666,0.3589840116015027,0.3793664918769146,0.0,0.25034134089946747,1.2628073692321777,2.6699512004852295
2864601_0.263,42,0.9856554305268338,27,False,False,0.793,0.207,0.26142787832966524,0.33470179606262235,0.0,0.17562797665596008,1.5640142166614612,3.9806792736053467
2864601_0.211,43,0.9856504196671207,0,False,False,0.1464375,0.8535625,0.3814783280680658,1.1450024505364438,0.0,0.0,6.019138975143438,7.407520771026611
2864601_0.211,43,0.9856504196671207,1,False,False,0.026947916666666665,0.9730520833333334,0.01881388015009471,0.17285404462778833,0.0,0.0,0.6711886656284365,6.920742988586426
2864601_0.211,43,0.9856504196671207,2,False,False,0.338625,0.661375,0.5619130772443368,1.1646493040245138,0.0,0.0,5.139659237861681,10.959455490112305
2864601_0.211,43,0.9856504196671207,3,False,False,0.025291666666666667,0.9747083333333333,0.02950884611382571,0.25916429576632277,0.0,0.0,1.1532433843613856,9.24341106414795
2864601_0.211,43,0.9856504196671207,4,False,False,0.068125,0.931875,0.05830499458166438,0.29326041460148444,0.0,0.0,1.6703078746795654,5.070390701293945
2864601_0.211,43,0.9856504196671207,5,False,False,0.2186875,0.7813125,0.3656309565507904,1.2239469560824137,0.0,0.0,4.991279902458207,33.04833221435547
2864601_0.211,43,0.9856504196671207,6,False,False,0.35473958333333333,0.6452604166666667,0.5866608935925122,1.1187462120463718,0.0,0.0,4.7661285400390625,5.891289710998535
2864601_0.211,43,0.9856504196671207,7,False,False,0.2540104166666667,0.7459895833333333,0.4233281602773259,1.1275249365834488,0.0,0.0,5.501424498558049,13.87069034576416
2864601_0.211,43,0.9856504196671207,8,True,False,0.0,1.0,0.0,0.0,0.0,0.0,0.0,0.0
2864601_0.211,43,0.9856504196671207,9,True,False,0.0,1.0,0.0,0.0,0.0,0.0,0.0,0.0
2864601_0.211,43,0.9856504196671207,10,False,False,0.04429166666666667,0.9557083333333334,0.09927019285831193,0.5745016669166938,0.0,0.0,3.4213497638702393,8.581814765930176
2864601_0.211,43,0.9856504196671207,11,False,False,0.10813541666666666,0.8918645833333333,0.09739191406130492,0.38288080918769984,0.0,0.0,1.8107839691639236,9.530234336853027
2864601_0.211,43,0.9856504196671207,12,False,False,0.3087916666666667,0.6912083333333333,0.4809055185753206,1.0202353124501453,0.0,0.0,4.585816693305972,9.171616554260254
2864601_0.211,43,0.9856504196671207,13,False,False,0.17323958333333334,0.8267604166666667,0.20842718388153872,0.8538045471364071,0.0,0.0,3.3612814950943495,22.83712387084961
2864601_0.211,43,0.9856504196671207,14,False,False,0.77440625,0.22559375,1.6773306772069538,1.8297564922286533,0.0,1.1838772296905518,7.866168975830121,17.377824783325195
2864601_0.211,43,0.9856504196671207,15,False,False,0.0725625,0.9274375,0.11135790203883228,0.6193853512825428,0.0,0.0,3.13170650959017,14.40787410736084
2864601_0.211,43,0.9856504196671207,16,False,False,0.43046875,0.56953125,0.7024885479079352,1.2163014771051688,0.0,0.0,5.025140285491943,14.840405464172363
2864601_0.211,43,0.9856504196671207,17,True,False,0.0,1.0,0.0,0.0,0.0,0.0,0.0,0.0
2864601_0.211,43,0.9856504196671207,18,False,False,0.17801041666666667,0.8219895833333334,0.2892058777110084,0.7464454691890919,0.0,0.0,3.098618984222412,7.761780738830566
2864601_0.211,43,0.9856504196671207,19,False,False,0.13736458333333335,0.8626354166666667,0.17007895128833675,0.6244115669772432,0.0,0.0,2.6908388137817383,16.96954917907715
2864601_0.211,43,0.9856504196671207,20,False,False,0.6096666666666667,0.3903333333333333,0.9910729581548743,1.1225854657109249,0.0,0.6333628594875336,3.865249338150046,9.569655418395996
2864601_0.211,43,0.9856504196671207,21,True,False,0.0,1.0,0.0,0.0,0.0,0.0,0.0,0.0
2864601_0.211,43,0.9856504196671207,22,False,False,0.14197916666666666,0.8580208333333333,0.22926289938698594,0.8639446507351117,0.0,0.0,4.609340667724609,12.071568489074707
2864601_0.211,43,0.9856504196671207,23,False,False,0.89071875,0.10928125,2.4663649748254306,2.8181594797832714,0.0,1.6546965837478638,12.896811084747378,29.054195404052734
2864601_0.211,43,0.9856504196671207,24,False,False,0.02771875,0.97228125,0.012512868615949324,0.11553959506423817,0.0,0.0,0.4483003556728531,5.774941921234131
2864601_0.211,43,0.9856504196671207,25,False,False,0.16965625,0.83034375,0.2716391613649793,0.9311585675356184,0.0,0.0,5.015194416046143,17.14749526977539
2864601_0.211,43,0.9856504196671207,26,False,False,0.5457395833333333,0.45426041666666667,1.0580951200440225,1.6286005315287402,0.0,0.28651121258735657,7.615545272827148,21.608211517333984
2864601_0.211,43,0.9856504196671207,27,False,False,0.2845,0.7155,0.36769387166590334,0.737102199977099,0.0,0.0,3.1771010851860093,5.530457019805908
2864601_0.292,44,0.9856355894813268,0,False,False,0.09447916666666667,0.9055208333333333,0.12386845340245024,0.5747568556784514,0.0,0.0,3.024905242919929,11.462553977966309
2864601_0.292,44,0.9856355894813268,1,True,False,0.0,1.0,0.0,0.0,0.0,0.0,0.0,0.0
2864601_0.292,44,0.9856355894813268,2,False,False,0.21284375,0.78715625,0.21576811046977507,0.5007114822460234,0.0,0.0,1.9293845796585112,6.884850025177002
2864601_0.292,44,0.9856355894813268,3,False,False,0.5596458333333333,0.44035416666666666,0.914268368346766,1.3761326064207327,0.0,0.2372502163052559,5.638173913955692,13.483255386352539
2864601_0.292,44,0.9856355894813268,4,False,False,0.29063541666666665,0.7093645833333333,0.9596502342685869,2.332368765583763,0.0,0.0,11.507796850204482,12.75588607788086
2864601_0.292,44,0.9856355894813268,5,False,False,0.09310416666666667,0.9068958333333333,0.10445084707230895,0.438539345485371,0.0,0.0,2.3148903846740723,8.081487655639648
2864601_0.292,44,0.9856355894813268,6,False,False,0.39986458333333336,0.6001354166666667,0.49519327372934124,0.8937876320142989,0.0,0.0,3.7677295207977295,12.315835952758789
2864601_0.292,44,0.9856355894813268,7,False,False,0.7499270833333334,0.25007291666666664,1.882978255602215,2.428810677460043,0.0,1.0755906105041504,10.481485366821289,21.82004165649414
2864601_0.292,44,0.9856355894813268,8,True,False,0.0,1.0,0.0,0.0,0.0,0.0,0.0,0.0
2864601_0.292,44,0.9856355894813268,9,False,False,0.06989583333333334,0.9301041666666666,0.125808550784358,0.5949392777870524,0.0,0.0,3.553217251300813,11.557271003723145
2864601_0.292,44,0.9856355894813268,10,False,False,0.32440625,0.67559375,0.8731369189422292,1.8892648727697128,0.0,0.0,8.50182373046875,9.503524780273438
2864601_0.292,44,0.9856355894813268,11,False,False,0.13363541666666667,0.8663645833333333,0.17054260331795498,0.6153457933860298,0.0,0.0,3.064784049987793,10.12972640991211
2864601_0.292,44,0.9856355894813268,12,True,False,0.0,1.0,0.0,0.0,0.0,0.0,0.0,0.0
2864601_0.292,44,0.9856355894813268,13,False,False,0.23465625,0.76534375,0.3061428289155967,0.8698811448911644,0.0,0.0,4.3823636436462445,10.293293952941895
2864601_0.292,44,0.9856355894813268,14,False,False,0.6958854166666667,0.30411458333333335,1.2932680484387065,1.5242733126447447,0.0,0.8282947838306427,6.371586322784424,13.22823715209961
2864601_0.292,44,0.9856355894813268,15,False,False,0.55278125,0.44721875,0.7725874698828821,1.1446546121069603,0.0,0.16456886380910873,4.6995320320129395,12.45539665222168
2864601_0.292,44,0.9856355894813268,16,False,False,0.03009375,0.96990625,0.04244229910855453,0.3403844565961292,0.0,0.0,1.6541167497634888,9.642763137817383
2864601_0.292,44,0.9856355894813268,17,False,False,0.5226770833333333,0.47732291666666665,0.6547021073585663,0.9743764011187839,0.0,0.07518421113491058,3.9978580474853516,8.038312911987305
2864601_0.292,44,0.9856355894813268,18,False,False,0.8414375,0.1585625,2.0168142052095104,2.212325257744084,0.0,1.3942559957504272,9.597064495086789,23.657638549804688
2864601_0.292,44,0.9856355894813268,19,False,False,0.11661458333333333,0.8833854166666667,0.1979929290523966,0.8200961525076237,0.0,0.0,4.657136249542299,12.095532417297363
2864601_0.292,44,0.9856355894813268,20,False,False,0.08522916666666666,0.9147708333333333,0.10679584802340165,0.4901138061145949,0.0,0.0,2.6017110347747803,8.932960510253906
2864601_0.276,45,0.985616608490206,0,False,False,0.5199895833333333,0.48001041666666666,0.41286536590382333,0.6722770301802424,0.0,0.045308152213692665,3.02284292697907,8.954071044921875
2864601_0.276,45,0.985616608490206,1,False,False,0.6245833333333334,0.3754166666666667,0.752356638380156,0.9258360680832028,0.0,0.35150712728500366,3.174285411834717,6.864867210388184
2864601_0.276,45,0.985616608490206,2,False,False,0.3693854166666667,0.6306145833333333,0.18620032046089838,0.36429180523865723,0.0,0.0,1.6666281771659996,5.1041741371154785
2864601_0.276,45,0.985616608490206,3,True,False,0.0,1.0,0.0,0.0,0.0,0.0,0.0,0.0
2864601_0.276,45,0.985616608490206,4,True,False,0.0,1.0,0.0,0.0,0.0,0.0,0.0,0.0
2864601_0.276,45,0.985616608490206,5,True,False,0.0,1.0,0.0,0.0,0.0,0.0,0.0,0.0
2864601_0.276,45,0.985616608490206,6,False,False,0.7576770833333333,0.24232291666666667,0.6976836922534349,0.6601453517597724,0.0,0.6387443542480469,2.7552194380760207,8.429035186767578
2864601_0.276,45,0.985616608490206,7,True,False,0.0,1.0,0.0,0.0,0.0,0.0,0.0,0.0
2864601_0.276,45,0.985616608490206,8,False,False,0.57771875,0.42228125,0.3365185389698839,0.4557920449729326,0.0,0.12846293300390244,1.9077266502380417,4.143929958343506
2864601_0.276,45,0.985616608490206,9,False,False,0.6329166666666667,0.3670833333333333,0.5119103287300184,0.6765480765008897,0.0,0.26883313059806824,2.9918134212493896,5.579131603240967
2864601_0.276,45,0.985616608490206,10,True,False,0.0,1.0,0.0,0.0,0.0,0.0,0.0,0.0
2864601_0.276,45,0.985616608490206,11,False,False,0.6785625,0.3214375,0.5922944275936856,0.7308799985836473,0.0,0.3292117118835449,3.0099509382248084,5.327937602996826
2864601_0.276,45,0.985616608490206,12,False,False,0.14084375,0.85915625,0.08235416438007466,0.2749802763269599,0.0,0.0,1.408608078956604,3.277496099472046
2864601_0.276,45,0.985616608490206,13,False,False,0.43873958333333335,0.5612604166666667,0.4908910165053492,0.7778289168148793,0.0,0.0,3.0240262961387674,3.5381011962890625
2864601_0.276,45,0.985616608490206,14,True,False,0.0,1.0,0.0,0.0,0.0,0.0,0.0,0.0
2864601_0.276,45,0.985616608490206,15,False,False,0.8284791666666667,0.17152083333333334,0.8837846569636287,0.7453470562941902,0.0,0.7969501614570618,3.192786610126496,4.340017795562744
2864601_0.276,45,0.985616608490206,16,False,False,0.06916666666666667,0.9308333333333333,0.03957209317554983,0.22404581584025915,0.0,0.0,1.1449017012119314,5.073977470397949
2864601_0.276,45,0.985616608490206,17,False,False,0.10259375,0.89740625,0.09930318453921035,0.39550435100104947,0.0,0.0,2.3742787837982178,3.335629463195801
2864601_0.276,45,0.985616608490206,18,False,False,0.48941666666666667,0.5105833333333333,0.3076183404820828,0.47306417119803346,0.0,0.0,1.9720207917690342,4.782909393310547
2864601_0.276,45,0.985616608490206,19,False,False,0.8611666666666666,0.13883333333333334,1.3089680603015565,1.203991046707415,0.0,1.052310824394226,5.242225646972656,9.77084732055664
2864601_0.276,45,0.985616608490206,20,False,False,0.62196875,0.37803125,0.4145416900473052,0.46834859483520963,0.0,0.2597348988056183,1.7710075378417969,3.7798585891723633
2864601_0.276,45,0.985616608490206,21,False,False,0.884125,0.115875,0.8499579513915247,0.5502808854368934,0.0,0.8667149543762207,2.132267475128174,4.380875587463379
2864601_0.276,45,0.985616608490206,22,False,False,0.15096875,0.84903125,0.23882552297366147,0.728742831767914,0.0,0.0,3.9102635383605957,4.5890655517578125
2864601_0.276,45,0.985616608490206,23,False,False,0.4295104166666667,0.5704895833333333,0.26362363774566333,0.4896238827964932,0.0,0.0,2.217205383777621,4.261805057525635
2864601_0.276,45,0.985616608490206,24,False,False,0.09442708333333333,0.9055729166666666,0.05165677293393492,0.2258270318113831,0.0,0.0,1.193372368812561,3.8187921047210693
2864601_0.276,45,0.985616608490206,25,False,False,0.9781875,0.0218125,1.804260190926558,1.1924805425859581,0.0,1.6982626914978027,5.1446559381485,9.570597648620605
2864601_0.276,45,0.985616608490206,26,True,False,0.0,1.0,0.0,0.0,0.0,0.0,0.0,0.0
2864601_0.276,45,0.985616608490206,27,False,False,0.11215625,0.88784375,0.06516878671175982,0.25338941730252906,0.0,0.0,1.3508466863632234,3.718632221221924
2864601_0.276,45,0.985616608490206,28,True,False,0.0,1.0,0.0,0.0,0.0,0.0,0.0,0.0
2864601_0.276,45,0.985616608490206,29,False,False,0.28811458333333334,0.7118854166666667,0.24700643738515707,0.5016322466959414,0.0,0.0,1.9425496983528183,4.706614971160889
2864601_0.276,45,0.985616608490206,30,True,False,0.0,1.0,0.0,0.0,0.0,0.0,0.0,0.0
2864601_0.276,45,0.985616608490206,31,False,False,0.5088125,0.4911875,0.28791001820694156,0.44900550715967597,0.0,0.014612456317991018,1.9381386041641235,4.375240325927734
2864601_0.427,46,0.9856069319680308,0,False,True,0.0010416666666666667,0.9989583333333333,0.0001007960201241076,0.0035879449111461004,0.0,0.0,0.0,0.25565603375434875
2864601_0.427,46,0.9856069319680308,1,False,False,0.017145833333333332,0.9828541666666667,0.0022838170045957518,0.026428639400274404,0.0,0.0,0.0628531277179718,1.1082792282104492
2864601_0.427,46,0.9856069319680308,2,False,False,0.709625,0.290375,0.36084265337249877,0.40036797176462563,0.0,0.26019182801246643,1.7667484283447266,3.24928617477417
2864601_0.427,46,0.9856069319680308,3,False,False,0.7945625,0.2054375,0.39291039139329176,0.32341833291993827,0.0,0.3765909671783447,1.154229067564011,1.793595314025879
2864601_0.427,46,0.9856069319680308,4,False,False,0.1268125,0.8731875,0.025705565912752897,0.09393884415303456,0.0,0.0,0.5017826652526871,1.8929299116134644
2864601_0.427,46,0.9856069319680308,5,False,False,0.15861458333333334,0.8413854166666667,0.11227254936963095,0.3139278484037751,0.0,0.0,1.4780248820781712,2.043968439102173
2864601_0.427,46,0.9856069319680308,6,True,False,0.0,1.0,0.0,0.0,0.0,0.0,0.0,0.0
2864601_0.427,46,0.9856069319680308,7,False,False,0.20110416666666667,0.7988958333333334,0.051616624963575455,0.15353990999043027,0.0,0.0,0.7361716032028198,2.9400367736816406
2864601_0.427,46,0.9856069319680308,8,False,False,0.3385520833333333,0.6614479166666667,0.15332001591181052,0.3066276827738828,0.0,0.0,1.3434162020683293,1.5709904432296753
2864601_0.427,46,0.9856069319680308,9,False,False,0.17190625,0.82809375,0.06131242471958122,0.16515572440059578,0.0,0.0,0.7318598890304566,0.9999290704727173
2864601_0.427,46,0.9856069319680308,10,False,False,0.27001041666666664,0.7299895833333333,0.07146662465634043,0.15299188056404464,0.0,0.0,0.6383882761001587,1.3979463577270508
2864601_0.427,46,0.9856069319680308,11,False,False,0.9700416666666667,0.029958333333333333,0.6176471797723136,0.38215871814597985,0.0,0.5766539573669434,1.6350339651107788,4.2112250328063965
2864601_0.427,46,0.9856069319680308,12,False,False,0.8502395833333334,0.14976041666666667,0.3931480782503021,0.2953772400016428,0.0,0.389553427696228,1.1363439273834235,2.4560773372650146
2864601_0.427,46,0.9856069319680308,13,False,False,0.2990729166666667,0.7009270833333333,0.08014196418541648,0.20207319383802538,0.0,0.0,1.0076910185813956,2.3627922534942627
2864601_0.427,46,0.9856069319680308,14,False,False,0.16301041666666666,0.8369895833333333,0.06991816672292574,0.19799188006024085,0.0,0.0,0.9248182773590088,1.696136474609375
2864601_0.427,46,0.9856069319680308,15,False,False,0.04902083333333333,0.9509791666666667,0.029210541015212584,0.1740605062852841,0.0,0.0,0.9568611526489279,2.9469330310821533
2864601_0.427,46,0.9856069319680308,16,False,False,0.2956770833333333,0.7043229166666667,0.08512530687228961,0.1785286069094851,0.0,0.0,0.7978927439451332,1.4767836332321167
2864601_0.427,46,0.9856069319680308,17,False,False,0.7876354166666667,0.21236458333333333,0.4375808576252599,0.4239987367886888,0.0,0.36331504583358765,1.8240484774112729,3.0727925300598145
2864601_0.427,46,0.9856069319680308,18,False,False,0.9638333333333333,0.036166666666666666,0.505955700903493,0.4714513604329512,0.0,0.3861876428127289,2.2647867894172937,4.51809549331665
2864601_0.427,46,0.9856069319680308,19,False,False,0.10209375,0.89790625,0.0741050640136582,0.2812607700694265,0.0,0.0,1.6663848543167181,2.1650547981262207
2864601_0.427,46,0.9856069319680308,20,False,False,0.14311458333333332,0.8568854166666666,0.039930159720639874,0.14258686866048634,0.0,0.0,0.7474568486213684,1.7154006958007812
2864601_0.427,46,0.9856069319680308,21,True,False,0.0,1.0,0.0,0.0,0.0,0.0,0.0,0.0
2864601_0.427,46,0.9856069319680308,22,False,False,0.96853125,0.03146875,1.033879264593976,0.6195127603959589,0.0,0.9329422116279602,2.735132095813762,5.344666004180908
2864601_0.427,46,0.9856069319680308,23,False,False,0.12554166666666666,0.8744583333333333,0.01892171554545079,0.0718059395239122,0.0,0.0,0.3879390716552741,1.0121314525604248
2864601_0.427,46,0.9856069319680308,24,False,False,0.040916666666666664,0.9590833333333333,0.015619450658431863,0.10494912717871323,0.0,0.0,0.5636837482452393,1.9705748558044434
2864601_0.427,46,0.9856069319680308,25,True,False,0.0,1.0,0.0,0.0,0.0,0.0,0.0,0.0
2864601_0.427,46,0.9856069319680308,26,False,False,0.9914791666666667,0.008520833333333333,1.4764384271409532,0.9326667016832235,0.016691134013235572,1.2974050641059875,4.516012668609619,7.59816837310791
2864601_0.427,46,0.9856069319680308,27,True,False,0.0,1.0,0.0,0.0,0.0,0.0,0.0,0.0
2864601_0.427,46,0.9856069319680308,28,False,False,0.7813541666666667,0.21864583333333334,0.37869747215440863,0.3400099436717224,0.0,0.33284419775009155,1.3201444149017334,2.1430511474609375
2864601_0.461,47,0.9855963883004945,0,False,False,0.59040625,0.40959375,0.38117986042910523,0.5120026109560715,0.0,0.1865118145942688,2.1710362434387207,5.460604190826416
2864601_0.461,47,0.9855963883004945,1,True,False,0.0,1.0,0.0,0.0,0.0,0.0,0.0,0.0
2864601_0.461,47,0.9855963883004945,2,False,False,0.8131354166666667,0.18686458333333333,1.0636633876977675,1.0649932605640868,0.0,0.8288324475288391,4.558555517196665,11.746052742004395
2864601_0.461,47,0.9855963883004945,3,False,False,0.45579166666666665,0.5442083333333333,0.3385366042831472,0.516658645057477,0.0,0.0,1.965236027240771,3.557863235473633
2864601_0.461,47,0.9855963883004945,4,False,False,0.2130625,0.7869375,0.15787779686869924,0.43980746884963257,0.0,0.0,2.1688101744652304,8.534242630004883
2864601_0.461,47,0.9855963883004945,5,True,False,0.0,1.0,0.0,0.0,0.0,0.0,0.0,0.0
2864601_0.461,47,0.9855963883004945,6,False,False,0.03594791666666667,0.9640520833333334,0.034769446400124256,0.24463375804438361,0.0,0.0,1.3707481956481993,6.407862186431885
2864601_0.461,47,0.9855963883004945,7,True,False,0.0,1.0,0.0,0.0,0.0,0.0,0.0,0.0
2864601_0.461,47,0.9855963883004945,8,True,False,0.0,1.0,0.0,0.0,0.0,0.0,0.0,0.0
2864601_0.461,47,0.9855963883004945,9,True,False,0.0,1.0,0.0,0.0,0.0,0.0,0.0,0.0
2864601_0.461,47,0.9855963883004945,10,False,False,0.6685833333333333,0.3314166666666667,0.7246017173206143,0.8787436294566755,0.0,0.4567193388938904,3.9426570796966747,8.793854713439941
2864601_0.461,47,0.9855963883004945,11,False,False,0.8940833333333333,0.10591666666666667,1.387410447646971,1.2319646300953346,0.0,1.1109992861747742,5.061947474479678,9.275992393493652
2864601_0.461,47,0.9855963883004945,12,True,False,0.0,1.0,0.0,0.0,0.0,0.0,0.0,0.0
2864601_0.461,47,0.9855963883004945,13,True,False,0.0,1.0,0.0,0.0,0.0,0.0,0.0,0.0
2864601_0.461,47,0.9855963883004945,14,True,False,0.0,1.0,0.0,0.0,0.0,0.0,0.0,0.0
2864601_0.461,47,0.9855963883004945,15,False,False,0.48233333333333334,0.5176666666666667,0.28926522398689625,0.48237485355008003,0.0,0.0,2.2129784107208326,4.6294755935668945
2864601_0.461,47,0.9855963883004945,16,True,False,0.0,1.0,0.0,0.0,0.0,0.0,0.0,0.0
2864601_0.461,47,0.9855963883004945,17,False,False,0.8811145833333334,0.11888541666666666,1.665968102263068,1.625665250008341,0.0,1.233478844165802,7.352050318717966,11.124612808227539
2864601_0.461,47,0.9855963883004945,18,True,False,0.0,1.0,0.0,0.0,0.0,0.0,0.0,0.0
2864601_0.461,47,0.9855963883004945,19,True,False,0.0,1.0,0.0,0.0,0.0,0.0,0.0,0.0
2864601_0.461,47,0.9855963883004945,20,False,False,0.27590625,0.72409375,0.3770298113813578,0.8074818218140973,0.0,0.0,3.4211087226867676,7.136641502380371
2864601_0.461,47,0.9855963883004945,21,False,False,0.16419791666666667,0.8358020833333333,0.07784346855134738,0.248113644667918,0.0,0.0,1.3432570695877075,2.438333749771118
2864601_0.461,47,0.9855963883004945,22,False,False,0.027760416666666666,0.9722395833333334,0.02183367596817455,0.15827215688293453,0.0,0.0,0.9695037603378296,3.925210475921631
2864601_0.461,47,0.9855963883004945,23,False,False,0.12114583333333333,0.8788541666666667,0.18061114993028424,0.5908004201107906,0.0,0.0,3.090755438804667,4.096340179443359
2864601_0.461,47,0.9855963883004945,24,False,False,0.043625,0.956375,0.04574701663502079,0.29692838640217845,0.0,0.0,1.5650979900360364,6.6444172859191895
2864601_0.461,47,0.9855963883004945,25,False,False,0.6282395833333333,0.37176041666666665,0.507671365532068,0.6565114574078261,0.0,0.27920469641685486,2.825380558967591,6.035862445831299
2864601_0.461,47,0.9855963883004945,26,False,False,0.7128020833333333,0.28719791666666666,0.7819734384543506,0.8613298238698844,0.0,0.5813117623329163,3.649735927581787,6.932901382446289
2864601_0.461,47,0.9855963883004945,27,False,False,0.020145833333333335,0.9798541666666667,0.01240024970876281,0.12911503438972893,0.0,0.0,0.3298196494579315,3.080629348754883
2864601_0.461,47,0.9855963883004945,28,False,False,0.9994583333333333,0.0005416666666666666,2.4394881116139344,1.0152286146691607,0.5352799892425537,2.3703653812408447,5.4451789903641,8.746529579162598
2864601_0.471,48,0.9855913167827264,0,False,False,0.2751458333333333,0.7248541666666667,0.09120467254473714,0.21663903886342958,0.0,0.0,0.9414611148834269,4.029816627502441
2864601_0.471,48,0.9855913167827264,1,False,False,0.53009375,0.46990625,0.2020157318246417,0.30473269297272804,0.0,0.03350513428449631,1.2489926004409793,3.1572301387786865
2864601_0.471,48,0.9855913167827264,2,False,False,0.0555625,0.9444375,0.019425961081866262,0.15210382396234937,0.0,0.0,0.507800817489624,5.064455509185791
2864601_0.471,48,0.9855913167827264,3,False,False,0.8440416666666667,0.15595833333333334,0.7361484624363565,0.5676942358439884,0.0,0.7342187166213989,2.117431008815771,6.2364349365234375
2864601_0.471,48,0.9855913167827264,4,False,False,0.019552083333333335,0.9804479166666666,0.010010171744369776,0.1007451479866218,0.0,0.0,0.3423352086544128,2.586540460586548
2864601_0.471,48,0.9855913167827264,5,False,False,0.7190520833333334,0.2809479166666667,0.3180294236473016,0.31664623137822884,0.0,0.2688920199871063,1.2922113120555883,3.288925886154175
2864601_0.471,48,0.9855913167827264,6,False,False,0.0594375,0.9405625,0.02182606459932928,0.12278200663439091,0.0,0.0,0.6362925469875366,4.407678604125977
2864601_0.471,48,0.9855913167827264,7,False,False,0.9539895833333333,0.046010416666666665,0.6722933903989478,0.5276001359417618,0.0,0.5737033188343048,2.505662679672241,4.906920433044434
2864601_0.471,48,0.9855913167827264,8,False,False,0.22486458333333334,0.7751354166666666,0.11467739755198947,0.30771618718014443,0.0,0.0,1.497135043144226,3.5584793090820312
2864601_0.471,48,0.9855913167827264,9,False,False,0.16045833333333334,0.8395416666666666,0.09896687324876874,0.27567405214899665,0.0,0.0,1.2317236447334294,2.611069679260254
2864601_0.471,48,0.9855913167827264,10,False,False,0.08985416666666667,0.9101458333333333,0.03278545907140832,0.15691590163399072,0.0,0.0,0.8570967692136797,2.596008539199829
2864601_0.471,48,0.9855913167827264,11,False,False,0.03358333333333333,0.9664166666666667,0.013525365676568375,0.08566196386038605,0.0,0.0,0.5867831695079849,1.4071624279022217
2864601_0.471,48,0.9855913167827264,12,False,False,0.65571875,0.34428125,0.352684035081461,0.3439929691329453,0.0,0.3027585744857788,1.1385667371749908,2.1042091846466064
2864601_0.471,48,0.9855913167827264,13,False,False,0.7228333333333333,0.2771666666666667,0.3394325823572272,0.4354863235022854,0.0,0.20679406821727753,2.0075039863586426,3.5589041709899902
2864601_0.471,48,0.9855913167827264,14,False,False,0.07576041666666666,0.9242395833333333,0.05091470176620464,0.2536042662739873,0.0,0.0,1.4929100275039673,3.395437717437744
2864601_0.471,48,0.9855913167827264,15,False,False,0.13640625,0.86359375,0.07843761103033846,0.26694163437415336,0.0,0.0,1.4217536449432373,2.5243077278137207
2864601_0.471,48,0.9855913167827264,16,False,False,0.66609375,0.33390625,0.35624463577985416,0.46599852495978666,0.0,0.2303381860256195,2.21391343832017,5.2712273597717285
2864601_0.471,48,0.9855913167827264,17,False,False,0.2927916666666667,0.7072083333333333,0.12966657210319205,0.26397753811829655,0.0,0.0,1.1514980792999268,2.369321584701538
2864601_0.471,48,0.9855913167827264,18,True,False,0.0,1.0,0.0,0.0,0.0,0.0,0.0,0.0
2864601_0.471,48,0.9855913167827264,19,False,False,0.2638333333333333,0.7361666666666666,0.1579689161456643,0.3397016104934818,0.0,0.0,1.4062438011169434,1.5746476650238037
2864601_0.471,48,0.9855913167827264,20,False,False,0.37842708333333336,0.6215729166666667,0.13066574697395994,0.2731554561730717,0.0,0.0,1.279960708618167,2.7912585735321045
2864601_0.471,48,0.9855913167827264,21,False,False,0.16209375,0.83790625,0.06453099280180565,0.21420563614945154,0.0,0.0,1.0860908663272888,3.149308919906616
2864601_0.471,48,0.9855913167827264,22,False,False,0.05728125,0.94271875,0.02406752750723458,0.13478327217878133,0.0,0.0,0.7681279182434082,2.2320926189422607
2864601_0.471,48,0.9855913167827264,23,False,False,0.7546354166666667,0.24536458333333333,0.551556038487298,0.5423664458231423,0.0,0.428671658039093,1.8049708366394128,5.201169967651367
2864601_0.471,48,0.9855913167827264,24,True,False,0.0,1.0,0.0,0.0,0.0,0.0,0.0,0.0
2864601_0.471,48,0.9855913167827264,25,False,False,0.13255208333333332,0.8674479166666667,0.07610598717216079,0.22571416298057123,0.0,0.0,1.0447005403041854,1.244380235671997
2864601_0.471,48,0.9855913167827264,26,False,False,0.9580104166666666,0.04198958333333333,1.1170076506326683,0.8560792070996934,0.0,0.9730257987976074,3.4759023189544678,6.501882076263428
2864601_0.471,48,0.9855913167827264,27,False,False,0.83375,0.16625,0.4499417335920663,0.442278213127722,0.0,0.36530646681785583,2.0362331867218018,5.0528364181518555
2864601_0.471,48,0.9855913167827264,28,False,False,0.4689479166666667,0.5310520833333333,0.2522055219138546,0.4373644729945262,0.0,0.0,1.9704209566116333,3.605729579925537
2864601_0.471,48,0.9855913167827264,29,False,False,0.057229166666666664,0.9427708333333333,0.02326638366518072,0.1366526107688163,0.0,0.0,0.7010587453842163,2.4573721885681152
2864601_0.440,49,0.9855819756956029,0,False,False,0.3580625,0.6419375,0.1322203005351098,0.23241251807844507,0.0,0.0,0.8510154283046739,1.7318519353866577
2864601_0.440,49,0.9855819756956029,1,False,False,0.9982916666666667,0.0017083333333333334,0.9775281778519723,0.40965716369260446,0.17633772656321525,0.954450398683548,2.2924423217773438,4.991810321807861
2864601_0.440,49,0.9855819756956029,2,False,False,0.9845104166666667,0.015489583333333333,1.7936204822728214,0.8548133758317367,0.0,1.7905287146568298,4.325587272644043,6.417841911315918
2864601_0.440,49,0.9855819756956029,3,False,False,0.13201041666666666,0.8679895833333333,0.02468979851843389,0.08141230874546047,0.0,0.0,0.40096014738082886,0.914546549320221
2864601_0.440,49,0.9855819756956029,4,False,False,0.9526875,0.0473125,1.3275442097058379,1.1526134704430848,0.0,1.018997311592102,5.339767608642594,7.825937271118164
2864601_0.440,49,0.9855819756956029,5,False,False,0.8341666666666666,0.16583333333333333,0.6952048644619396,0.5901972040933012,0.0,0.5955018401145935,2.277031898498535,3.34393048286438
2864601_0.440,49,0.9855819756956029,6,False,False,0.7683020833333334,0.23169791666666667,0.3337067188748687,0.30817411300891484,0.0,0.2855377793312073,1.190573356151583,2.002387762069702
2864601_0.440,49,0.9855819756956029,7,False,False,0.02778125,0.97221875,0.015626867946829482,0.12161336967549262,0.0,0.0,0.6262142658233643,2.028648614883423
2864601_0.440,49,0.9855819756956029,8,True,False,0.0,1.0,0.0,0.0,0.0,0.0,0.0,0.0
2864601_0.440,49,0.9855819756956029,9,False,False,0.21382291666666667,0.7861770833333334,0.213368987266843,0.5299906394812516,0.0,0.0,2.46423602104187,2.7394068241119385
2864601_0.440,49,0.9855819756956029,10,False,False,0.8628229166666667,0.13717708333333334,0.6048137395331551,0.5745404860408004,0.0,0.4791632294654846,2.624815828800205,2.833010196685791
2864601_0.440,49,0.9855819756956029,11,False,False,0.9400104166666666,0.05998958333333333,0.7387193653621305,0.4982139636468091,0.0,0.702390730381012,2.292041358947759,4.626762866973877
2864601_0.440,49,0.9855819756956029,12,False,False,0.9693541666666666,0.030645833333333334,0.807849366689252,0.3593243422406181,0.0,0.8330896496772766,1.5440678596496582,2.315948963165283
2864601_0.440,49,0.9855819756956029,13,False,False,0.02,0.98,0.004954054696191937,0.04078734441586581,0.0,0.0,0.24975132808089595,0.8974475264549255
2864601_0.440,49,0.9855819756956029,14,False,False,1.0,0.0,1.647360415995121,0.5992946713759665,0.5600736290216446,1.5967519879341125,3.580657141208649,5.633889198303223
2864601_0.440,49,0.9855819756956029,15,True,False,0.0,1.0,0.0,0.0,0.0,0.0,0.0,0.0
2864601_0.457,50,0.9855778643734661,0,False,True,0.008114583333333333,0.9918854166666666,0.0016807127436177325,0.024468133676068347,0.0,0.0,0.0,0.8334910869598389
2864601_0.457,50,0.9855778643734661,1,False,False,0.8648229166666667,0.13517708333333334,0.43846093936468106,0.3596161079675441,0.0,0.400217741727829,1.5585734844207764,3.520608901977539
2864601_0.457,50,0.9855778643734661,2,True,False,0.0,1.0,0.0,0.0,0.0,0.0,0.0,0.0
2864601_0.457,50,0.9855778643734661,3,False,False,0.30253125,0.69746875,0.17072404683686326,0.41235205365711564,0.0,0.0,1.962536727190041,4.823975086212158
2864601_0.457,50,0.9855778643734661,4,False,False,0.08583333333333333,0.9141666666666667,0.03868853866442945,0.17294216333961424,0.0,0.0,1.0248887586593747,2.777165412902832
2864601_0.457,50,0.9855778643734661,5,False,False,0.22646875,0.77353125,0.16495901387214562,0.43166036601258223,0.0,0.0,2.148697683811188,2.7079243659973145
2864601_0.457,50,0.9855778643734661,6,True,False,0.0,1.0,0.0,0.0,0.0,0.0,0.0,0.0
2864601_0.457,50,0.9855778643734661,7,False,False,0.27480208333333334,0.7251979166666667,0.104696908523765,0.24813905503317382,0.0,0.0,1.1808700561523438,4.431048393249512
2864601_0.457,50,0.9855778643734661,8,False,False,0.5925104166666667,0.40748958333333335,0.40307601830004763,0.5244657599826764,0.0,0.165519580245018,2.058126094341282,3.8177874088287354
2864601_0.457,50,0.9855778643734661,9,False,False,0.05484375,0.94515625,0.0331482904239089,0.1939964785445351,0.0,0.0,1.0900535583496094,3.4309682846069336
2864601_0.457,50,0.9855778643734661,10,False,False,0.02030208333333333,0.9796979166666666,0.007754878280848061,0.06186189957313054,0.0,0.0,0.40442323684692383,1.2058402299880981
2864601_0.457,50,0.9855778643734661,11,False,False,0.4191770833333333,0.5808229166666666,0.22059432533479828,0.4479509449783181,0.0,0.0,2.1937580537796153,3.8265106678009033
2864601_0.457,50,0.9855778643734661,12,False,False,0.2445625,0.7554375,0.2092643103364021,0.511330605430882,0.0,0.0,2.3929515194892894,2.8590400218963623
2864601_0.457,50,0.9855778643734661,13,False,False,0.9587916666666667,0.04120833333333333,1.612756218548206,1.197292834590856,0.0,1.403685748577118,5.708177089691162,10.177082061767578
2864601_0.457,50,0.9855778643734661,14,False,False,0.9865416666666667,0.013458333333333333,1.106927057790926,0.5059776188136,0.0,1.0789692401885986,2.587477684020996,5.449775218963623
2864601_0.457,50,0.9855778643734661,15,False,False,0.2525,0.7475,0.1001830783095084,0.23501150748583974,0.0,0.0,1.0189721441268922,4.070967197418213
2864601_0.457,50,0.9855778643734661,16,True,False,0.0,1.0,0.0,0.0,0.0,0.0,0.0,0.0
2864601_0.457,50,0.9855778643734661,17,False,False,0.026625,0.973375,0.018856424946045686,0.14816951316231486,0.0,0.0,0.7678257942199802,2.9430999755859375
2864601_0.457,50,0.9855778643734661,18,False,False,0.8598958333333333,0.14010416666666667,0.6232832069658639,0.5638529916664593,0.0,0.4910402297973633,2.3364317417144775,3.773916244506836
2864601_0.457,50,0.9855778643734661,19,False,False,0.7201770833333333,0.27982291666666664,0.469468652213121,0.5631314173798447,0.0,0.29271455109119415,2.4492409229278564,4.514107704162598
2864601_0.457,50,0.9855778643734661,20,False,False,0.819,0.181,1.0009196715714543,0.9553794288285097,0.0,0.8065751791000366,4.174366474151611,6.436044692993164
2864601_0.457,50,0.9855778643734661,21,False,False,0.20829166666666668,0.7917083333333333,0.08867383003614426,0.2492404627252414,0.0,0.0,1.234843864440931,2.948821544647217
2864601_0.457,50,0.9855778643734661,22,False,False,0.05784375,0.94215625,0.01924311754959687,0.12239821722658561,0.0,0.0,0.512946376800539,4.308724880218506
2864601_0.457,50,0.9855778643734661,23,False,False,0.8581458333333334,0.14185416666666667,0.7203575820950573,0.6256303384168833,0.0,0.6055353879928589,2.528050587177278,4.843192100524902
2864601_0.400,51,0.9855720411319709,0,False,False,0.039072916666666666,0.9609270833333333,0.02316178715795407,0.13764535365576924,0.0,0.0,0.8685352003574566,1.6736088991165161
2864601_0.400,51,0.9855720411319709,1,False,False,0.42,0.58,0.41235036027235705,0.8128997367704728,0.0,0.0,3.816360170841221,4.4812421798706055
2864601_0.400,51,0.9855720411319709,2,False,False,0.076375,0.923625,0.03857879965686743,0.21059329546606614,0.0,0.0,0.9241309994459214,6.996612548828125
2864601_0.400,51,0.9855720411319709,3,False,False,0.16873958333333333,0.8312604166666666,0.24964795185204305,0.6992094973615042,0.0,0.0,3.610075438022614,4.204058647155762
2864601_0.400,51,0.9855720411319709,4,True,False,0.0,1.0,0.0,0.0,0.0,0.0,0.0,0.0
2864601_0.400,51,0.9855720411319709,5,False,False,0.10196875,0.89803125,0.0907867910276315,0.33680082590691973,0.0,0.0,1.861169366836548,2.6765072345733643
2864601_0.400,51,0.9855720411319709,6,False,False,0.7570729166666667,0.24292708333333332,0.5265967157648114,0.6089868415010148,0.0,0.3192455917596817,2.5542536473274304,5.2283501625061035
2864601_0.400,51,0.9855720411319709,7,True,False,0.0,1.0,0.0,0.0,0.0,0.0,0.0,0.0
2864601_0.400,51,0.9855720411319709,8,True,False,0.0,1.0,0.0,0.0,0.0,0.0,0.0,0.0
2864601_0.400,51,0.9855720411319709,9,False,False,0.824375,0.175625,0.928091725432197,0.7950425126322227,0.0,0.8303978443145752,3.5723588466644287,7.248984336853027
2864601_0.400,51,0.9855720411319709,10,False,False,0.9959895833333333,0.0040104166666666665,1.880481833797341,1.4573468540248538,0.133451866209507,1.478738784790039,7.3980076074600305,10.690315246582031
2864601_0.400,51,0.9855720411319709,11,False,False,0.1769375,0.8230625,0.0967383118633981,0.31054710935821767,0.0,0.0,1.5598334133625276,3.7764883041381836
2864601_0.400,51,0.9855720411319709,12,False,False,0.41025,0.58975,0.18321198445422032,0.32113603130199386,0.0,0.0,1.3295408558845534,3.1636440753936768
2864601_0.400,51,0.9855720411319709,13,False,False,0.87025,0.12975,0.7532320474907801,0.5957716764335019,0.0,0.6828495264053345,2.463371012210858,5.936310291290283
2864601_0.400,51,0.9855720411319709,14,False,False,0.55378125,0.44621875,0.3951184188750549,0.5241563952286659,0.0,0.13685208559036255,2.0874628567695726,3.4466466903686523
2864601_0.400,51,0.9855720411319709,15,True,False,0.0,1.0,0.0,0.0,0.0,0.0,0.0,0.0
2864601_0.400,51,0.9855720411319709,16,False,False,0.8434583333333333,0.15654166666666666,0.7158852007268982,0.8208536205438888,0.0,0.47860461473464966,3.895248279571544,6.709464073181152
2864601_0.400,51,0.9855720411319709,17,False,False,0.7940104166666667,0.20598958333333334,0.6781043030538391,0.6555562785159273,0.0,0.5368780195713043,2.730055332183838,6.825531959533691
2864601_0.400,51,0.9855720411319709,18,False,False,0.9030625,0.0969375,0.5577511185073936,0.35739493337372363,0.0,0.5631279647350311,1.4554417133331317,2.2013885974884033
2864601_0.400,51,0.9855720411319709,19,True,False,0.0,1.0,0.0,0.0,0.0,0.0,0.0,0.0
2864601_0.400,51,0.9855720411319709,20,False,False,0.5270729166666667,0.47292708333333333,0.24174920870840008,0.35864127305143595,0.0,0.04606017656624317,1.49747038960457,6.368719577789307
2864601_0.400,51,0.9855720411319709,21,True,False,0.0,1.0,0.0,0.0,0.0,0.0,0.0,0.0
2864601_0.400,51,0.9855720411319709,22,False,False,0.9806458333333333,0.019354166666666665,0.8313049229255406,0.520842488672743,0.0,0.7406046390533447,2.652839882373818,6.014181613922119
2864601_0.400,51,0.9855720411319709,23,False,False,0.013729166666666667,0.9862708333333333,0.007713109554554422,0.0925088378549621,0.0,0.0,0.19250237941741943,3.2831099033355713
2864601_0.400,51,0.9855720411319709,24,False,False,0.05458333333333333,0.9454166666666667,0.03450308375614592,0.22155381112342107,0.0,0.0,0.9992992871999808,6.283537864685059
2864601_0.400,51,0.9855720411319709,25,False,False,0.96440625,0.03559375,1.5573585877026022,1.1061871209576617,0.0,1.377489447593689,5.070753574371338,9.843011856079102
2864601_0.400,51,0.9855720411319709,26,True,False,0.0,1.0,0.0,0.0,0.0,0.0,0.0,0.0
2864601_0.385,52,0.9855640560700065,0,False,False,0.5124895833333334,0.48751041666666667,1.050584044446885,1.7864112496894697,0.0,0.058415452018380165,8.622824831008998,16.30029296875
2864601_0.385,52,0.9855640560700065,1,False,False,0.16657291666666665,0.8334270833333334,0.22405256455671982,0.7774317325901724,0.0,0.0,3.8513327836990916,12.71337604522705
2864601_0.385,52,0.9855640560700065,2,False,False,0.30655208333333334,0.6934479166666667,0.5741272568797638,1.25391031123737,0.0,0.0,5.725317420959485,9.78992748260498
2864601_0.385,52,0.9855640560700065,3,True,False,0.0,1.0,0.0,0.0,0.0,0.0,0.0,0.0
2864601_0.385,52,0.9855640560700065,4,True,False,0.0,1.0,0.0,0.0,0.0,0.0,0.0,0.0
2864601_0.385,52,0.9855640560700065,5,True,False,0.0,1.0,0.0,0.0,0.0,0.0,0.0,0.0
2864601_0.385,52,0.9855640560700065,6,False,False,0.7781041666666667,0.22189583333333332,2.0792651779097864,2.428726238958668,0.0,1.3907180428504944,11.63131595611573,21.811542510986328
2864601_0.385,52,0.9855640560700065,7,True,False,0.0,1.0,0.0,0.0,0.0,0.0,0.0,0.0
2864601_0.385,52,0.9855640560700065,8,False,False,0.62375,0.37625,1.746484905689665,2.1923515664046773,0.0,0.8809065818786621,8.56497196197515,18.668317794799805
2864601_0.385,52,0.9855640560700065,9,False,False,0.0753125,0.9246875,0.07637561846240139,0.38691671974995906,0.0,0.0,2.063967227935791,6.191863536834717
2864601_0.385,52,0.9855640560700065,10,False,False,0.10223958333333333,0.8977604166666666,0.1772253058130238,0.7606585183012374,0.0,0.0,4.303420543670654,12.187865257263184
2864601_0.385,52,0.9855640560700065,11,False,False,0.9128125,0.0871875,3.16232284487744,3.253761172423871,0.0,2.3656246662139893,14.803594522476326,32.67190170288086
2864601_0.385,52,0.9855640560700065,12,True,False,0.0,1.0,0.0,0.0,0.0,0.0,0.0,0.0
2864601_0.385,52,0.9855640560700065,13,False,False,0.8015208333333333,0.19847916666666668,3.4668680454043086,4.742989291398895,0.0,1.9018213748931885,22.90044593811035,26.93446922302246
2864601_0.385,52,0.9855640560700065,14,True,False,0.0,1.0,0.0,0.0,0.0,0.0,0.0,0.0
2864601_0.385,52,0.9855640560700065,15,False,False,0.06195833333333333,0.9380416666666667,0.02465963755297588,0.13707309288078343,0.0,0.0,0.7310146689414978,3.3841445446014404
2864601_0.385,52,0.9855640560700065,16,False,False,0.06017708333333333,0.9398229166666666,0.10448939295927463,0.6141173312562737,0.0,0.0,2.9733738470077524,14.986224174499512
2864601_0.385,52,0.9855640560700065,17,False,False,0.23782291666666666,0.7621770833333333,0.4075346514671549,1.0294420098827888,0.0,0.0,4.738371601104774,11.892496109008789
2864601_0.385,52,0.9855640560700065,18,False,False,0.35320833333333335,0.6467916666666667,0.5969181425233576,1.3178332793399166,0.0,0.0,6.117892265319824,18.02202796936035
2864601_0.385,52,0.9855640560700065,19,True,False,0.0,1.0,0.0,0.0,0.0,0.0,0.0,0.0
2864601_0.385,52,0.9855640560700065,20,False,False,0.02546875,0.97453125,0.06841352696167814,0.5662293134594375,0.0,0.0,2.7059430074691946,12.034393310546875
2864601_0.350,53,0.9855631867421151,0,False,False,0.18839583333333335,0.8116041666666667,0.13441234397026317,0.4063620164274304,0.0,0.0,1.9812386095523844,6.297567367553711
2864601_0.350,53,0.9855631867421151,1,False,False,0.17482291666666666,0.8251770833333333,0.11245776439201859,0.378382658192898,0.0,0.0,1.8648197650909424,5.989173889160156
2864601_0.350,53,0.9855631867421151,2,False,False,0.43885416666666666,0.5611458333333333,0.3204973643149337,0.5151402452762227,0.0,0.0,2.1348018646240234,3.9189014434814453
2864601_0.350,53,0.9855631867421151,3,False,False,0.12695833333333334,0.8730416666666667,0.150820615924,0.583367957384604,0.0,0.0,3.1759190559387207,6.986802577972412
2864601_0.350,53,0.9855631867421151,4,False,False,0.184,0.816,0.1388020161445655,0.4853880666233359,0.0,0.0,2.510136997699753,6.987489223480225
2864601_0.350,53,0.9855631867421151,5,False,False,0.03611458333333333,0.9638854166666667,0.03755159208557544,0.264343796466275,0.0,0.0,1.462640404701233,4.497860431671143
2864601_0.350,53,0.9855631867421151,6,False,False,0.5044583333333333,0.49554166666666666,0.5986075902230791,0.9146971938294229,0.0,0.014118993189185858,3.4958457446098348,8.024625778198242
2864601_0.350,53,0.9855631867421151,7,False,False,0.4713333333333333,0.5286666666666666,0.489774916867114,0.8086092718389595,0.0,0.0,3.4435584115982065,6.622998237609863
2864601_0.350,53,0.9855631867421151,8,False,False,0.8980625,0.1019375,1.2762029503447248,1.0932663221442471,0.0,1.0624676942825317,4.866201586723338,8.89301586151123
2864601_0.350,53,0.9855631867421151,9,False,False,0.06639583333333333,0.9336041666666667,0.03992484883736749,0.20586779687047932,0.0,0.0,1.2755253064632457,3.0339601039886475
2864601_0.350,53,0.9855631867421151,10,False,False,0.22544791666666666,0.7745520833333334,0.3688026056022209,0.9060442625883635,0.0,0.0,4.23553991317749,4.768000602722168
2864601_0.350,53,0.9855631867421151,11,False,False,0.74828125,0.25171875,0.7926200195970269,0.8591189307741304,0.0,0.6224580407142639,3.8920795917510986,8.456297874450684
2864601_0.350,53,0.9855631867421151,12,False,False,0.11789583333333334,0.8821041666666667,0.15596329495652025,0.5005449924438189,0.0,0.0,2.4416239523887677,2.9632766246795654
2864601_0.350,53,0.9855631867421151,13,False,False,0.5158229166666667,0.4841770833333333,0.36038834989248325,0.5402842050917979,0.0,0.03318020701408386,2.291168689727783,5.735062122344971
2864601_0.350,53,0.9855631867421151,14,False,False,0.06121875,0.93878125,0.019528719159324547,0.13383543480869187,0.0,0.0,0.6742648482322693,2.902942419052124
2864601_0.350,53,0.9855631867421151,15,False,False,0.35625,0.64375,0.19258796257710376,0.4514973485430178,0.0,0.0,2.0924103260040283,8.165948867797852
2864601_0.350,53,0.9855631867421151,16,False,False,0.1001875,0.8998125,0.07719241240974156,0.31385960724071965,0.0,0.0,1.6458649635314941,7.975168704986572
2864601_0.350,53,0.9855631867421151,17,False,False,0.0588125,0.9411875,0.03557913344422332,0.19529661324113906,0.0,0.0,1.0988614308834088,3.0732452869415283
2864601_0.350,53,0.9855631867421151,18,False,False,0.492125,0.507875,0.3933862226877715,0.7433905795996676,0.0,0.0,3.4981773710250885,9.439597129821777
2864601_0.350,53,0.9855631867421151,19,False,False,0.9793333333333333,0.020666666666666667,2.1240320969197395,1.827901990555979,0.0,1.7078455090522766,8.403984069824219,14.732453346252441
2864601_0.350,53,0.9855631867421151,20,True,False,0.0,1.0,0.0,0.0,0.0,0.0,0.0,0.0
2864601_0.350,53,0.9855631867421151,21,False,False,0.06769791666666666,0.9323020833333333,0.045419949123062756,0.24716355954479083,0.0,0.0,1.0612988746166496,4.740412712097168
2864601_0.350,53,0.9855631867421151,22,False,False,0.02753125,0.97246875,0.012118233183431016,0.08771057222430478,0.0,0.0,0.573742151260376,1.9631390571594238
2864601_0.350,53,0.9855631867421151,23,False,True,0.0035625,0.9964375,0.001369233710070451,0.03634294264711824,0.0,0.0,0.0,2.0401253700256348
2864601_0.350,53,0.9855631867421151,24,False,False,0.17047916666666665,0.8295208333333334,0.12140293849493294,0.31240040356623205,0.0,0.0,1.2981560230255127,2.198437452316284
2864601_0.350,53,0.9855631867421151,25,False,False,0.8799895833333333,0.12001041666666666,1.2749539223423005,1.0065438230771646,0.0,1.13444322347641,3.9276099443435672,7.756705284118652
2864601_0.350,53,0.9855631867421151,26,True,False,0.0,1.0,0.0,0.0,0.0,0.0,0.0,0.0
2864601_0.416,54,0.9855631012522035,0,True,False,0.0,1.0,0.0,0.0,0.0,0.0,0.0,0.0
2864601_0.416,54,0.9855631012522035,1,False,False,0.08178125,0.91821875,0.05627386465562885,0.2427422395461857,0.0,0.0,1.5193850672245037,2.348414182662964
2864601_0.416,54,0.9855631012522035,2,False,False,0.27790625,0.72209375,0.18559014077381994,0.4498985703841473,0.0,0.0,2.1862666296959397,4.288642406463623
2864601_0.416,54,0.9855631012522035,3,False,True,6.25e-05,0.9999375,1.9678527217668792e-06,0.0003242767105111257,0.0,0.0,0.0,0.06807156652212143
2864601_0.416,54,0.9855631012522035,4,False,False,1.0,0.0,2.5473572732601313,1.025234082458107,1.1525902664661407,2.285029888153076,5.961883544921875,6.380880832672119
2864601_0.416,54,0.9855631012522035,5,False,False,0.6228854166666666,0.3771145833333333,0.7356388987459779,1.1696736763858313,0.0,0.2125024050474167,5.075701985359195,5.5017194747924805
2864601_0.416,54,0.9855631012522035,6,False,False,0.14927083333333332,0.8507291666666666,0.05131099617042143,0.17172130277849287,0.0,0.0,0.8908281326293945,2.4814612865448
2864601_0.416,54,0.9855631012522035,7,False,False,0.9670104166666667,0.032989583333333336,1.7014455627086336,1.3406430649688568,0.0,1.349886178970337,6.672007975578319,9.663228034973145
2864601_0.416,54,0.9855631012522035,8,True,False,0.0,1.0,0.0,0.0,0.0,0.0,0.0,0.0
2864601_0.416,54,0.9855631012522035,9,False,False,1.0,0.0,3.260765987712269,1.2355528063261811,1.1316024923324586,3.126360774040222,6.977715616226197,9.892511367797852
2864601_0.416,54,0.9855631012522035,10,False,False,0.9460208333333333,0.05397916666666667,1.7277048127037575,1.026886082140979,0.0,1.707159698009491,4.252247333526611,6.290591716766357
2864601_0.416,54,0.9855631012522035,11,False,False,0.9545104166666667,0.04548958333333333,1.8946116729344267,0.9386978097993305,0.0,1.9527574181556702,4.718728542327881,6.544281959533691
2864601_0.416,54,0.9855631012522035,12,False,False,0.02025,0.97975,0.009858411102859028,0.08643353026745232,0.0,0.0,0.43524954974651603,2.342466354370117
2864601_0.416,54,0.9855631012522035,13,False,False,0.7592291666666666,0.24077083333333332,0.6791932656604479,0.7217583895451103,0.0,0.5058058500289917,3.031876282691962,4.182963848114014
2864601_0.342,55,0.985554111673061,0,True,False,0.0,1.0,0.0,0.0,0.0,0.0,0.0,0.0
2864601_0.342,55,0.985554111673061,1,False,False,0.99025,0.00975,1.1329106466404613,0.5311441840568945,0.0029771201824769404,1.092029094696045,2.7786788940429688,3.83968186378479
2864601_0.342,55,0.985554111673061,2,False,False,0.024197916666666666,0.9758020833333333,0.007909391638347188,0.0611516869772369,0.0,0.0,0.3877684533596054,1.1188584566116333
2864601_0.342,55,0.985554111673061,3,False,False,0.73959375,0.26040625,0.38836808186591854,0.44310142760401094,0.0,0.2594846338033676,1.9033768415451064,3.5601613521575928
2864601_0.342,55,0.985554111673061,4,False,False,0.03845833333333333,0.9615416666666666,0.009611473321301219,0.0652677769033146,0.0,0.0,0.35885289311408997,1.9664911031723022
2864601_0.342,55,0.985554111673061,5,False,False,0.28520833333333334,0.7147916666666667,0.0603349662507409,0.1368320436242478,0.0,0.0,0.6327431422472042,1.3450326919555664
2864601_0.342,55,0.985554111673061,6,False,False,0.12911458333333334,0.8708854166666666,0.01622223928807845,0.05720547459935036,0.0,0.0,0.3002859354019165,0.8477625846862793
2864601_0.342,55,0.985554111673061,7,True,False,0.0,1.0,0.0,0.0,0.0,0.0,0.0,0.0
2864601_0.342,55,0.985554111673061,8,False,False,0.9739479166666667,0.026052083333333333,1.23831762967846,0.8931534966468048,0.0,1.0494948625564575,4.049114465713503,4.60040283203125
2864601_0.342,55,0.985554111673061,9,True,False,0.0,1.0,0.0,0.0,0.0,0.0,0.0,0.0
2864601_0.342,55,0.985554111673061,10,False,False,0.08261458333333334,0.9173854166666666,0.006667062014406232,0.02979569028575108,0.0,0.0,0.15904375851154345,0.7186058163642883
2864601_0.342,55,0.985554111673061,11,False,False,0.8291041666666666,0.17089583333333333,0.5393823176624803,0.4154740410258323,0.0,0.5448615252971649,1.7070294928550767,4.446620464324951
2864601_0.342,55,0.985554111673061,12,False,False,0.8284583333333333,0.17154166666666668,0.7622754234168428,0.7054720871498689,0.0,0.6278972923755646,2.8746978640556353,4.295614719390869
2864601_0.342,55,0.985554111673061,13,False,False,0.4606354166666667,0.5393645833333334,0.312275423314356,0.5882678401164205,0.0,0.0,2.825335988998421,5.847313404083252
2864601_0.342,55,0.985554111673061,14,False,False,0.34120833333333334,0.6587916666666667,0.11318858654477511,0.21824199458184565,0.0,0.0,0.8975882923603061,1.701240062713623
2864601_0.342,55,0.985554111673061,15,True,False,0.0,1.0,0.0,0.0,0.0,0.0,0.0,0.0
2864601_0.342,55,0.985554111673061,16,False,False,0.13721875,0.86278125,0.05265089527836593,0.17909329923734277,0.0,0.0,0.8861969041824361,2.2161715030670166
2864601_0.342,55,0.985554111673061,17,False,False,0.9255520833333334,0.07444791666666667,0.6034740217753803,0.46696437001140484,0.0,0.5052584409713745,1.9250220179557835,3.886566162109375
2864601_0.342,55,0.985554111673061,18,False,False,0.9791770833333333,0.020822916666666667,1.538049351119674,1.0939900064513757,0.0,1.318825364112854,5.264079504013067,7.595056533813477
2864601_0.342,55,0.985554111673061,19,False,False,0.16871875,0.83128125,0.10381721466914057,0.32295647027916485,0.0,0.0,1.7544333612918865,2.1121208667755127
2864601_0.342,55,0.985554111673061,20,False,False,0.8744270833333333,0.12557291666666667,0.632840788355812,0.5980332448099077,0.0,0.49767011404037476,2.6963360524177573,4.943708419799805
2864601_0.342,55,0.985554111673061,21,False,False,0.8471979166666667,0.15280208333333334,0.7387962808121094,0.6558567934555424,0.0,0.6243951320648193,2.6987872886657756,4.9754438400268555
2864601_0.342,55,0.985554111673061,22,False,False,0.6077708333333334,0.3922291666666667,0.3730315553440788,0.45761657985843535,0.0,0.20216123014688492,1.756112971305848,4.325429439544678
2864601_0.342,55,0.985554111673061,23,False,False,0.96625,0.03375,0.8682271298203604,0.5019972598231834,0.0,0.7988252639770508,2.4681966900825576,4.196537494659424
2864601_0.342,55,0.985554111673061,24,True,False,0.0,1.0,0.0,0.0,0.0,0.0,0.0,0.0
2864601_0.342,55,0.985554111673061,25,False,False,0.25407291666666665,0.7459270833333334,0.17078074135942192,0.4062080909551219,0.0,0.0,1.9412544965744019,2.3567442893981934
2864601_0.342,55,0.985554111673061,26,False,False,0.26517708333333334,0.7348229166666667,0.08041396475805053,0.19889989299157956,0.0,0.0,0.9302649849653342,2.7782185077667236
2864601_0.342,55,0.985554111673061,27,True,False,0.0,1.0,0.0,0.0,0.0,0.0,0.0,0.0
2864601_0.342,55,0.985554111673061,28,False,False,0.965625,0.034375,0.9597735318733858,0.5461170660716702,0.0,0.9438492655754089,2.4407429695129395,4.163089275360107
2864601_0.342,55,0.985554111673061,29,False,False,0.4622291666666667,0.5377708333333333,0.2317897530824792,0.3528864193120727,0.0,0.0,1.3090873956680298,2.568185806274414
2864601_0.342,55,0.985554111673061,30,True,False,0.0,1.0,0.0,0.0,0.0,0.0,0.0,0.0
2864601_0.359,56,0.9855424742614327,0,False,False,0.8613645833333333,0.13863541666666668,0.5935199054628972,0.5597364337056461,0.0,0.48247645795345306,2.697134017944336,3.0996649265289307
2864601_0.359,56,0.9855424742614327,1,False,False,0.053552083333333333,0.9464479166666667,0.009246560234831199,0.05067895447815094,0.0,0.0,0.2904478916525851,1.0267354249954224
2864601_0.359,56,0.9855424742614327,2,False,False,0.59275,0.40725,0.28860255070861834,0.36891337730821644,0.0,0.12780200690031052,1.4680711030960083,1.7456923723220825
2864601_0.359,56,0.9855424742614327,3,False,False,0.9699479166666667,0.030052083333333333,0.8829408536203385,0.7042158587217573,0.0,0.7149968147277832,3.49157935857773,3.867283821105957
2864601_0.359,56,0.9855424742614327,4,False,True,0.0080625,0.9919375,0.0007170272445264345,0.010769768461163017,0.0,0.0,0.0,0.373709499835968
2864601_0.359,56,0.9855424742614327,5,False,False,0.9998229166666667,0.00017708333333333335,0.923958195304503,0.5845100164860472,0.10772204130887986,0.8105388879776001,2.870699219703677,5.7247843742370605
2864601_0.359,56,0.9855424742614327,6,False,False,0.9292604166666667,0.07073958333333333,0.4431898688106112,0.29535503282255315,0.0,0.41387249529361725,1.2879745960235596,2.419612169265747
2864601_0.359,56,0.9855424742614327,7,False,False,0.16027083333333333,0.8397291666666666,0.03895268530373417,0.12281838241798108,0.0,0.0,0.6377483469247823,1.4290684461593628
2864601_0.359,56,0.9855424742614327,8,True,False,0.0,1.0,0.0,0.0,0.0,0.0,0.0,0.0
2864601_0.359,56,0.9855424742614327,9,False,False,0.37557291666666665,0.6244270833333333,0.10663267458377548,0.19454316292959226,0.0,0.0,0.8110499382019043,1.4746487140655518
2864601_0.359,56,0.9855424742614327,10,False,False,0.5857604166666667,0.4142395833333333,0.216790597477214,0.30380915252451185,0.0,0.07492043077945709,1.2607052886486083,2.3422884941101074
2864601_0.359,56,0.9855424742614327,11,False,False,0.08414583333333334,0.9158541666666666,0.00758744749711343,0.03482967941013034,0.0,0.0,0.19574914872646332,0.6547829508781433
2864601_0.359,56,0.9855424742614327,12,False,False,0.9990729166666666,0.0009270833333333334,0.9865603296926213,0.5380260659563652,0.07620799779891968,0.9317984580993652,2.5624077320098877,4.2723069190979
2864601_0.359,56,0.9855424742614327,13,True,False,0.0,1.0,0.0,0.0,0.0,0.0,0.0,0.0
2864601_0.359,56,0.9855424742614327,14,False,False,0.5817916666666667,0.41820833333333335,0.1311608352241573,0.17196045520216666,0.0,0.051998067647218704,0.6645291447639465,1.293546199798584
2864601_0.359,56,0.9855424742614327,15,False,False,0.6341875,0.3658125,0.35331654718946887,0.5603345111963609,0.0,0.12472595274448395,2.6082341217994798,2.8264122009277344
2864601_0.359,56,0.9855424742614327,16,False,False,0.9596041666666667,0.04039583333333333,0.6726075114545575,0.5224025408709856,0.0,0.5596508979797363,2.425395529270178,4.125442028045654
2864601_0.359,56,0.9855424742614327,17,False,False,0.7562291666666666,0.24377083333333333,0.33704163262739195,0.3375152424330489,0.0,0.26154032349586487,1.3322750329971313,2.1744115352630615
2864601_0.359,56,0.9855424742614327,18,False,False,0.8311458333333334,0.16885416666666667,0.6789345447614041,0.6656571678957146,0.0,0.5114096701145172,2.8233985900878906,3.6642160415649414
2864601_0.359,56,0.9855424742614327,19,False,False,0.8281145833333333,0.17188541666666668,0.40166874483340714,0.3133931254213017,0.0,0.3829776495695114,1.1453659534454346,2.019932508468628
2864601_0.359,56,0.9855424742614327,20,False,False,0.88090625,0.11909375,0.7941141637952979,0.5089920235807246,0.0,0.8275591731071472,1.9851797819137573,2.9368016719818115
2864601_0.359,56,0.9855424742614327,21,True,False,0.0,1.0,0.0,0.0,0.0,0.0,0.0,0.0
2864601_0.359,56,0.9855424742614327,22,True,False,0.0,1.0,0.0,0.0,0.0,0.0,0.0,0.0
2864601_0.475,57,0.9855416143748738,0,False,False,0.35669791666666667,0.6433020833333334,0.1585016542884467,0.3273783887893715,0.0,0.0,1.4274972414970628,3.9160842895507812
2864601_0.475,57,0.9855416143748738,1,False,False,0.11965625,0.88034375,0.1400679181393037,0.47991152026267675,0.0,0.0,2.7473435401916504,3.28706955909729
2864601_0.475,57,0.9855416143748738,2,False,False,0.339125,0.660875,0.19236624333583077,0.3773851624990714,0.0,0.0,1.5854557752609253,4.404253005981445
2864601_0.475,57,0.9855416143748738,3,False,False,0.22058333333333333,0.7794166666666666,0.2821234058444937,0.686728526283863,0.0,0.0,3.2545884680748016,3.7223784923553467
2864601_0.475,57,0.9855416143748738,4,False,False,0.9604270833333334,0.039572916666666666,0.79134688903028,0.5018049244986589,0.0,0.7454225718975067,2.234754037857056,3.338280439376831
2864601_0.475,57,0.9855416143748738,5,False,False,0.10436458333333333,0.8956354166666667,0.09914094926225311,0.41456237438723714,0.0,0.0,2.3382225036621094,7.3898515701293945
2864601_0.475,57,0.9855416143748738,6,False,False,0.6483125,0.3516875,0.6447184525634491,0.7636916114948733,0.0,0.41511397063732147,3.1501979970932035,4.859228610992432
2864601_0.475,57,0.9855416143748738,7,False,False,0.60290625,0.39709375,0.42634390373893805,0.5373153630433786,0.0,0.23035333305597305,2.224592447280884,6.503969669342041
2864601_0.475,57,0.9855416143748738,8,False,False,0.13390625,0.86609375,0.05797058739460509,0.25620766440118553,0.0,0.0,1.3733845949172974,4.782351493835449
2864601_0.475,57,0.9855416143748738,9,False,False,0.2640104166666667,0.7359895833333333,0.12988971079095374,0.3196690422194202,0.0,0.0,1.522997260093689,4.483575820922852
2864601_0.475,57,0.9855416143748738,10,False,False,0.7057916666666667,0.29420833333333335,0.6454314150415118,0.882738508621982,0.0,0.3316381126642227,3.8393055820465176,7.193619728088379
2864601_0.475,57,0.9855416143748738,11,False,False,0.0666875,0.9333125,0.042928051129826526,0.2912443272657787,0.0,0.0,1.232054352760315,6.926330089569092
2864601_0.475,57,0.9855416143748738,12,False,False,0.18451041666666668,0.8154895833333333,0.21788897194045073,0.567471158079761,0.0,0.0,2.6956663250923323,4.5893144607543945
2864601_0.475,57,0.9855416143748738,13,False,False,0.8043958333333333,0.19560416666666666,0.9300162157504623,0.837436874189638,0.0,0.8188430070877075,3.6632639074325577,7.058715343475342
2864601_0.475,57,0.9855416143748738,14,False,False,0.21810416666666665,0.7818958333333333,0.11119682313027732,0.3456803959407297,0.0,0.0,1.6107851266860962,5.908564567565918
2864601_0.475,57,0.9855416143748738,15,False,False,0.62546875,0.37453125,0.25595883506455075,0.34457800477307293,0.0,0.1043505072593689,1.4414043426513672,3.3356010913848877
2864601_0.475,57,0.9855416143748738,16,False,False,0.7673854166666667,0.23261458333333335,0.519995231124413,0.5582790905034071,0.0,0.36969636380672455,2.288837103843698,5.647470474243164
2864601_0.475,57,0.9855416143748738,17,False,False,0.02646875,0.97353125,0.022561627700114818,0.19518542301444508,0.0,0.0,0.7731320983171559,5.801656246185303
2864601_0.475,57,0.9855416143748738,18,False,False,0.6935833333333333,0.30641666666666667,0.5417306020806593,0.6981829268495804,0.0,0.28962990641593933,3.009697198867798,6.477706432342529
2864601_0.475,57,0.9855416143748738,19,False,False,0.9876145833333333,0.012385416666666666,1.3548312813023524,1.1548852316086593,0.0,1.0993508100509644,5.271012783050537,9.869085311889648
2864601_0.475,57,0.9855416143748738,20,False,False,0.24754166666666666,0.7524583333333333,0.11389731359751325,0.3139389056700682,0.0,0.0,1.3412383031845136,8.6218900680542
2864601_0.475,57,0.9855416143748738,21,False,False,0.33615625,0.66384375,0.19213891442942516,0.42354606902945924,0.0,0.0,2.147963047027588,6.079209327697754
2864601_0.475,57,0.9855416143748738,22,False,False,0.45464583333333336,0.5453541666666667,0.2928241829987222,0.45356973013279656,0.0,0.0,1.7424155473709106,2.1488871574401855
2864601_0.475,57,0.9855416143748738,23,False,True,0.005520833333333333,0.9944791666666667,0.0029530527819224515,0.05758424433247426,0.0,0.0,0.0,2.775972843170166
2864601_0.475,57,0.9855416143748738,24,False,False,0.04710416666666667,0.9528958333333334,0.02685155823039622,0.13623608227369197,0.0,0.0,0.8104143267869997,1.3237743377685547
2864601_0.475,57,0.9855416143748738,25,False,False,0.24227083333333332,0.7577291666666667,0.10800868375714727,0.32796709650434513,0.0,0.0,1.7057851755619122,4.813455104827881
2864601_0.475,57,0.9855416143748738,26,False,False,0.28017708333333335,0.7198229166666666,0.183574805333816,0.378044424312842,0.0,0.0,1.5584202289581306,2.565199851989746
2864601_0.475,57,0.9855416143748738,27,False,False,0.41854166666666665,0.5814583333333333,0.24540119769189125,0.42267087091454014,0.0,0.0,1.7909806334972447,4.015783786773682
2864601_0.475,57,0.9855416143748738,28,False,False,0.6785104166666667,0.32148958333333333,0.46598352425384276,0.5694552158296837,0.0,0.2998158633708954,2.4502081751823463,5.572046279907227
2864601_0.475,57,0.9855416143748738,29,False,False,0.741125,0.258875,0.5703482754864229,0.5238190451889124,0.0,0.5033115148544312,1.9506686925888062,3.6705479621887207
2864601_0.462,58,0.9855383516501591,0,False,False,0.8868854166666666,0.11311458333333334,1.1773268298701471,0.8569817527180663,0.0,1.1726477146148682,3.8270062422752837,8.022174835205078
2864601_0.462,58,0.9855383516501591,1,False,False,0.9823958333333334,0.017604166666666667,2.3887048687851586,1.5779583208395997,0.0,2.181241512298584,7.111368274688727,17.484590530395508
2864601_0.462,58,0.9855383516501591,2,False,False,0.45417708333333334,0.5458229166666667,0.7631104995179471,1.65849479472864,0.0,0.0,8.622071638107304,10.628159523010254
2864601_0.462,58,0.9855383516501591,3,False,False,0.77465625,0.22534375,0.7205339239606965,0.8855635511074131,0.0,0.532337486743927,4.100839986801171,20.570491790771484
2864601_0.462,58,0.9855383516501591,4,False,False,0.48953125,0.51046875,0.37772457649187874,0.5628206670847185,0.0,0.0,2.2603552961349536,5.607361316680908
2864601_0.462,58,0.9855383516501591,5,False,False,0.9474583333333333,0.05254166666666667,1.7083096183382258,1.1704576510577678,0.0,1.517718255519867,5.240243868827879,12.450071334838867
2864601_0.462,58,0.9855383516501591,6,False,False,0.9311770833333334,0.06882291666666666,1.8248559515447984,1.5549383635382585,0.0,1.4419055581092834,7.39383602142334,10.191883087158203
2864601_0.268,59,0.985519608133426,0,False,False,0.37726041666666665,0.6227395833333333,0.47243008575198603,0.8775432529540839,0.0,0.0,3.85016076326372,9.610738754272461
2864601_0.268,59,0.985519608133426,1,False,False,0.5900520833333334,0.4099479166666667,1.5510899817335078,2.1939049806697906,0.0,0.6371188759803772,9.685108013153078,24.523761749267578
2864601_0.268,59,0.985519608133426,2,False,False,0.28620833333333334,0.7137916666666667,0.4473033732570023,1.1305538254281695,0.0,0.0,5.150275535583496,24.446239471435547
2864601_0.268,59,0.985519608133426,3,False,False,0.31485416666666666,0.6851458333333333,0.6148909367139995,1.569538656033189,0.0,0.0,7.9275407791137695,20.509143829345703
2864601_0.268,59,0.985519608133426,4,False,False,0.3194270833333333,0.6805729166666666,0.528968189900818,1.0736635289357874,0.0,0.0,4.455634799003625,12.590229988098145
2864601_0.268,59,0.985519608133426,5,False,False,0.14709375,0.85290625,0.2774218876249776,0.859839165485581,0.0,0.0,4.243926796913149,10.273027420043945
2864601_0.268,59,0.985519608133426,6,False,False,0.03736458333333333,0.9626354166666666,0.06184582777778625,0.4146662036931828,0.0,0.0,2.4576044487953372,5.508095741271973
2864601_0.268,59,0.985519608133426,7,False,False,0.45617708333333334,0.5438229166666667,0.8943196853571265,1.4805945118754718,0.0,0.0,6.322935996055623,12.446290969848633
2864601_0.268,59,0.985519608133426,8,False,False,0.333625,0.666375,0.800978985221165,1.6910155795397848,0.0,0.0,7.458045549392709,11.301860809326172
2864601_0.268,59,0.985519608133426,9,False,False,0.212875,0.787125,0.3116256294363898,0.8937759259390711,0.0,0.0,4.3304923677444584,23.959590911865234
2864601_0.268,59,0.985519608133426,10,True,False,0.0,1.0,0.0,0.0,0.0,0.0,0.0,0.0
2864601_0.268,59,0.985519608133426,11,False,False,0.09184375,0.90815625,0.12830887486647863,0.5804526242192377,0.0,0.0,2.9215521812438965,11.690449714660645
2864601_0.268,59,0.985519608133426,12,False,False,0.028895833333333332,0.9711041666666667,0.04965435097859336,0.41262693490905544,0.0,0.0,1.8747045993804932,11.109306335449219
2864601_0.268,59,0.985519608133426,13,False,False,0.018479166666666668,0.9815208333333333,0.013245264390944915,0.14138353326716493,0.0,0.0,0.43425278037786863,8.577133178710938
2864601_0.268,59,0.985519608133426,14,False,False,0.029104166666666667,0.9708958333333333,0.055191968902850934,0.38634263937765295,0.0,0.0,2.6899021553993285,4.4331583976745605
2864601_0.268,59,0.985519608133426,15,False,False,0.14325,0.85675,0.6934092259196095,2.1531534083893753,0.0,0.0,11.379561576843262,14.48502254486084
2864601_0.268,59,0.985519608133426,16,False,False,0.6845833333333333,0.3154166666666667,1.4156220041896028,1.8671992384500953,0.0,0.920922577381134,8.879877281189103,25.09443473815918
2864601_0.268,59,0.985519608133426,17,True,False,0.0,1.0,0.0,0.0,0.0,0.0,0.0,0.0
2864601_0.268,59,0.985519608133426,18,False,False,0.03517708333333333,0.9648229166666666,0.0631361460550579,0.4760636056677223,0.0,0.0,2.2282822132110596,12.133502960205078
2864601_0.268,59,0.985519608133426,19,False,False,0.68034375,0.31965625,1.2235893979724741,1.3736550261960414,0.0,0.8001039922237396,5.268207702636721,7.689557075500488
2864601_0.268,59,0.985519608133426,20,False,False,0.44708333333333333,0.5529166666666666,0.5119540676435756,0.8423747723210298,0.0,0.0,3.315591335296631,14.554292678833008
2864601_0.268,59,0.985519608133426,21,False,False,0.8203125,0.1796875,2.3829209590570244,2.466086334458816,0.0,1.827178955078125,10.107678613662724,23.280529022216797
2864601_0.268,59,0.985519608133426,22,False,False,0.13632291666666665,0.8636770833333334,0.20496520948865085,0.6867825405622888,0.0,0.0,2.862540667057038,11.000621795654297
2864601_0.268,59,0.985519608133426,23,False,True,0.00010416666666666667,0.9998958333333333,0.0001786734654257695,0.022541984257319524,0.0,0.0,0.0,3.5672097206115723
2864601_0.268,59,0.985519608133426,24,False,False,0.32116666666666666,0.6788333333333333,0.4448303352487081,1.028408030890599,0.0,0.0,4.6390485763549805,19.125991821289062
2864601_0.268,59,0.985519608133426,25,False,False,0.04622916666666667,0.9537708333333333,0.10239943694388542,0.6807994399810618,0.0,0.0,3.448803186416626,24.328128814697266
2864601_0.268,59,0.985519608133426,26,False,False,0.39628125,0.60371875,0.6981324653549233,1.4785455087001507,0.0,0.0,7.304572105407715,19.73365592956543
2864601_0.268,59,0.985519608133426,27,False,False,0.033427083333333336,0.9665729166666667,0.05486813296251967,0.42153027719360653,0.0,0.0,2.0627615451812744,10.076826095581055
2864601_0.262,60,0.9854941044198289,0,False,False,0.29984375,0.70015625,0.17867771698414814,0.42599551933092916,0.0,0.0,2.1681904792785645,3.5104970932006836
2864601_0.262,60,0.9854941044198289,1,False,False,0.12873958333333332,0.8712604166666666,0.06953547507981443,0.22151609350510046,0.0,0.0,1.1427829265594482,1.3680148124694824
2864601_0.262,60,0.9854941044198289,2,False,False,0.13266666666666665,0.8673333333333333,0.1186071743925116,0.36423736220533653,0.0,0.0,1.841745138168335,2.053459644317627
2864601_0.262,60,0.9854941044198289,3,False,False,0.5709375,0.4290625,0.3419009112812237,0.469970638294158,0.0,0.12115088105201721,2.0273923873901367,4.005593299865723
2864601_0.262,60,0.9854941044198289,4,False,False,0.7739375,0.2260625,0.8084627562905089,0.8178513517192391,0.0,0.6357313394546509,3.289438745975499,4.611114978790283
2864601_0.262,60,0.9854941044198289,5,False,False,0.6366770833333333,0.36332291666666666,0.38550830713615314,0.4569687388892682,0.0,0.22810357809066772,1.8948554992675781,3.249807357788086
2864601_0.262,60,0.9854941044198289,6,False,False,0.3261145833333333,0.6738854166666667,0.22128178815201582,0.4040290361283618,0.0,0.0,1.4174930655956286,1.7997524738311768
2864601_0.262,60,0.9854941044198289,7,False,False,0.9221979166666666,0.07780208333333333,1.3755282187784417,1.1016459873006927,0.0,1.2013961672782898,4.554428520202643,6.935111999511719
2864601_0.262,60,0.9854941044198289,8,False,False,0.7357083333333333,0.26429166666666665,0.5570798147993857,0.4974788122718256,0.0,0.5013989210128784,1.6758173704147339,3.8094136714935303
2864601_0.262,60,0.9854941044198289,9,False,False,0.16423958333333333,0.8357604166666667,0.08919346121750027,0.2482021053504641,0.0,0.0,1.1919464564323428,1.680127501487732
2864601_0.262,60,0.9854941044198289,10,False,False,0.020635416666666666,0.9793645833333333,0.006556608936650567,0.06080932120232943,0.0,0.0,0.24064440771937728,1.6833131313323975
2864601_0.262,60,0.9854941044198289,11,False,False,0.6694166666666667,0.33058333333333334,0.5291681251192173,0.6253880709208427,0.0,0.3759947717189789,2.824907064437866,4.95578145980835
2864601_0.262,60,0.9854941044198289,12,False,False,0.26171875,0.73828125,0.11856881711618428,0.26128652211589387,0.0,0.0,1.1352706241607673,3.4111034870147705
2864601_0.262,60,0.9854941044198289,13,False,False,0.9585520833333333,0.04144791666666667,0.8864961204203305,0.6717072313412678,0.0,0.7292155623435974,2.8824336528778076,5.749338626861572
2864601_0.262,60,0.9854941044198289,14,False,False,0.015302083333333332,0.9846979166666666,0.002421410746486799,0.028800056555714694,0.0,0.0,0.057973479665816716,0.8934431076049805
2864601_0.262,60,0.9854941044198289,15,False,False,0.07851041666666667,0.9214895833333333,0.041408069046949096,0.18004171712349984,0.0,0.0,1.0881023764610331,1.5885733366012573
2864601_0.262,60,0.9854941044198289,16,False,False,0.98346875,0.01653125,0.9373538512348617,0.4003206514961324,0.0,0.9332965016365051,2.004537250995637,3.0221338272094727
2864601_0.262,60,0.9854941044198289,17,False,False,0.9995104166666666,0.0004895833333333333,1.4943111963937232,0.48760305175065566,0.5705689787864685,1.4178043603897095,3.047309160232544,4.687287330627441
2864601_0.262,60,0.9854941044198289,18,False,False,0.5581875,0.4418125,0.24483862860374683,0.356726280334671,0.0,0.06772752106189728,1.56125555157662,3.1796674728393555
2864601_0.262,60,0.9854941044198289,19,False,False,0.16180208333333335,0.8381979166666667,0.10519791632947913,0.36873859010949434,0.0,0.0,2.0193015623092823,4.3197126388549805
2864601_0.262,60,0.9854941044198289,20,False,False,0.9994270833333333,0.0005729166666666667,1.0539515110125377,0.47861307659489205,0.21797700762748717,0.9743151664733887,2.532057566642762,4.218327522277832
2864601_0.262,60,0.9854941044198289,21,True,False,0.0,1.0,0.0,0.0,0.0,0.0,0.0,0.0
2864601_0.262,60,0.9854941044198289,22,False,False,0.5518333333333333,0.44816666666666666,0.20443031673326667,0.3013473547512506,0.0,0.04977562837302685,1.332393727302554,2.790954828262329
2864601_0.262,60,0.9854941044198289,23,False,False,0.931125,0.068875,1.0511772867916023,0.842368942175226,0.0,0.909404456615448,3.969681463241584,6.626213550567627
2864601_0.262,60,0.9854941044198289,24,False,False,0.44440625,0.55559375,0.19475076569546157,0.32234529824930297,0.0,0.0,1.3980023860931396,2.4270336627960205
2864601_0.262,60,0.9854941044198289,25,False,False,0.978875,0.021125,1.0601594029311918,0.6562452334177872,0.0,0.9671761989593506,3.2510361671447754,5.118399143218994
2864601_0.262,60,0.9854941044198289,26,False,False,0.9966354166666667,0.003364583333333333,1.3103358412574708,0.5494161584530465,0.15257165372371673,1.2706767320632935,2.8496516871452395,4.759678840637207
2864601_0.485,61,0.9854763912423791,0,False,False,0.78621875,0.21378125,0.2755784195751779,0.26014782021926197,0.0,0.2412315234541893,1.111742676496507,2.114945888519287
2864601_0.485,61,0.9854763912423791,1,False,False,0.9996458333333333,0.0003541666666666667,1.3463172398910102,0.5191018443991082,0.3477529376745224,1.3036389350891113,2.741600751876831,4.3985595703125
2864601_0.485,61,0.9854763912423791,2,False,False,0.28875,0.71125,0.04478998004811566,0.1029095819521707,0.0,0.0,0.48952242732048035,1.1603013277053833
2864601_0.485,61,0.9854763912423791,3,False,False,0.12536458333333333,0.8746354166666667,0.018725040554226628,0.06686996215172016,0.0,0.0,0.34688075035810556,0.8026049733161926
2864601_0.485,61,0.9854763912423791,4,False,False,0.13683333333333333,0.8631666666666666,0.06073156100649048,0.19106068112373165,0.0,0.0,0.9867395758628845,1.2374606132507324
2864601_0.485,61,0.9854763912423791,5,False,False,0.74115625,0.25884375,0.4250809054518998,0.5040426754523963,0.0,0.2815505862236023,2.263657822608955,5.558620452880859
2864601_0.485,61,0.9854763912423791,6,False,False,0.7127083333333334,0.28729166666666667,0.2541234163795302,0.28426755544960586,0.0,0.16391728073358536,1.094216383695604,1.7312227487564087
2864601_0.485,61,0.9854763912423791,7,False,False,0.5681458333333333,0.43185416666666665,0.14471967173317693,0.2255199193515419,0.0,0.03630619868636131,1.0655321192741396,2.5177764892578125
2864601_0.485,61,0.9854763912423791,8,False,False,0.31921875,0.68078125,0.15714982600769564,0.34431599823813397,0.0,0.0,1.6173388862609879,1.855318546295166
2864601_0.485,61,0.9854763912423791,9,False,False,0.964125,0.035875,0.7636746734945724,0.5466256524813095,0.0,0.6646800637245178,2.61867730855942,4.353680610656738
2864601_0.485,61,0.9854763912423791,10,False,False,0.4978854166666667,0.5021145833333334,0.15828553514968394,0.22671660117802442,0.0,0.0,0.8468910783529298,1.3992913961410522
2864601_0.485,61,0.9854763912423791,11,False,False,0.7928854166666667,0.20711458333333332,0.34719434947668926,0.30458124314802254,0.0,0.30305415391921997,1.0559147596359253,1.8873869180679321
2864601_0.485,61,0.9854763912423791,12,False,False,0.9906041666666666,0.009395833333333334,0.850867020246158,0.39794861317569286,0.009064592700451613,0.783827543258667,2.0868957352638247,3.428410291671753
2864601_0.485,61,0.9854763912423791,13,False,False,0.8643958333333334,0.13560416666666666,0.4075287491789432,0.2862417476226306,0.0,0.40616972744464874,1.1259933269023912,1.8425885438919067
2864601_0.485,61,0.9854763912423791,14,False,False,0.9378541666666667,0.06214583333333333,0.6908149929920004,0.5289602379610182,0.0,0.610181987285614,2.587777178287507,5.031140327453613
2864601_0.485,61,0.9854763912423791,15,False,False,0.012239583333333333,0.9877604166666667,0.0025592621169147757,0.03606962018091055,0.0,0.0,0.018783623930066874,1.718338131904602
2864601_0.485,61,0.9854763912423791,16,False,False,0.7249479166666667,0.2750520833333333,0.2971235318404891,0.29735037163924327,0.0,0.22758977860212326,1.124679296016694,1.4404956102371216
2864601_0.485,61,0.9854763912423791,17,False,False,1.0,0.0,1.3026384869953618,0.6126945199228558,0.3311103582382202,1.2068612575531006,3.3126912689209007,5.2889323234558105
2864601_0.485,61,0.9854763912423791,18,False,False,0.8431458333333334,0.15685416666666666,0.4180924911596893,0.3026457578113877,0.0,0.42582011222839355,1.2093565464019775,2.7778985500335693
2864601_0.485,61,0.9854763912423791,19,False,False,0.9904895833333334,0.009510416666666667,0.5192539682658212,0.20350827048666986,0.004681859300471843,0.5249582529067993,0.9588443672657018,1.5886456966400146
2864601_0.485,61,0.9854763912423791,20,False,False,0.9072916666666667,0.09270833333333334,0.6241984285381106,0.40094312067709764,0.0,0.6204780340194702,1.7670211672782947,2.638967752456665
2864601_0.485,61,0.9854763912423791,21,False,False,0.9660625,0.0339375,0.46633744636365654,0.19258069022267818,0.0,0.4993533194065094,0.8263756430149085,1.1970115900039673
2864601_0.473,62,0.98547363626713,0,False,False,0.9981979166666667,0.0018020833333333333,0.8992267147612365,0.3049908908261512,0.18284288048744202,0.9056976139545441,1.687946349382401,1.9394742250442505
2864601_0.473,62,0.98547363626713,1,False,False,0.1284375,0.8715625,0.022746052018140783,0.09461754083159175,0.0,0.0,0.44448259472846985,1.5560861825942993
2864601_0.473,62,0.98547363626713,2,False,False,0.7868854166666667,0.21311458333333333,0.43790992518038124,0.4655334029604788,0.0,0.31134699285030365,1.9653117203712502,3.5509138107299805
2864601_0.473,62,0.98547363626713,3,True,False,0.0,1.0,0.0,0.0,0.0,0.0,0.0,0.0
2864601_0.473,62,0.98547363626713,4,False,False,0.8995833333333333,0.10041666666666667,0.375703591857109,0.2854709048851552,0.0,0.3470979183912277,1.133688304424292,2.3173575401306152
2864601_0.473,62,0.98547363626713,5,True,False,0.0,1.0,0.0,0.0,0.0,0.0,0.0,0.0
2864601_0.473,62,0.98547363626713,6,False,False,0.9696354166666666,0.030364583333333334,0.814997294435551,0.5031488709101195,0.0,0.7629361748695374,2.2040209650993376,3.689296245574951
2864601_0.473,62,0.98547363626713,7,False,False,0.9253854166666666,0.07461458333333333,0.6195387735171729,0.38826001873981864,0.0,0.602937638759613,1.585000522136689,2.833646535873413
2864601_0.473,62,0.98547363626713,8,False,False,0.8667708333333334,0.13322916666666668,0.7579500097214006,0.5955360598928893,0.0,0.7012909054756165,2.678584618568446,5.090672969818115
2864601_0.473,62,0.98547363626713,9,False,False,0.9996041666666666,0.0003958333333333333,1.761854027992973,0.8056870617121575,0.46279102474451067,1.6563199162483215,4.235337257385254,7.319254398345947
2864601_0.473,62,0.98547363626713,10,False,False,0.8675520833333333,0.13244791666666667,0.5486307883828968,0.3868255840063425,0.0,0.5429470837116241,1.4402580237388665,3.030965805053711
2864601_0.473,62,0.98547363626713,11,False,False,0.2902708333333333,0.7097291666666666,0.09148125162435482,0.22566190476285808,0.0,0.0,1.0863042402267538,3.0104198455810547
2864601_0.473,62,0.98547363626713,12,False,True,0.007875,0.992125,0.0008741186689270156,0.013610001558325835,0.0,0.0,0.0,0.5191566348075867
2864601_0.473,62,0.98547363626713,13,False,False,0.8180833333333334,0.18191666666666667,0.6110420575297548,0.4895606768571371,0.0,0.5993643701076508,2.0895323753356934,3.7455556392669678
2864601_0.473,62,0.98547363626713,14,False,False,0.13977083333333334,0.8602291666666667,0.05908425632266517,0.18529560614774024,0.0,0.0,1.0009146881103517,1.1581296920776367
2864601_0.473,62,0.98547363626713,15,False,False,0.9178229166666667,0.08217708333333333,0.5576738270665665,0.48966393439592154,0.0,0.44915997982025146,2.2620351314544678,5.204868793487549
2864601_0.473,62,0.98547363626713,16,False,False,0.9981041666666667,0.0018958333333333334,0.7904129509687657,0.26074895943738996,0.17985913380980492,0.7853391766548157,1.4501354694366455,2.536020278930664
2864601_0.473,62,0.98547363626713,17,False,False,0.15482291666666667,0.8451770833333333,0.10766570016799645,0.3082514486104923,0.0,0.0,1.4931117165088659,1.789201259613037
2864601_0.473,62,0.98547363626713,18,False,False,0.98796875,0.01203125,0.64098608665388,0.33567539945169206,0.0,0.6109645366668701,1.5649349284172078,2.8371574878692627
2864601_0.473,62,0.98547363626713,19,False,False,0.4963125,0.5036875,0.20509223387537137,0.3047706770781225,0.0,0.0,1.262795093059542,1.9131535291671753
2864601_0.473,62,0.98547363626713,20,False,False,0.18571875,0.81428125,0.06579237834673939,0.19741912883891977,0.0,0.0,1.0674371886253369,1.6721481084823608
2864601_0.473,62,0.98547363626713,21,False,False,0.9583958333333333,0.041604166666666664,0.6592269970747511,0.3965002597250571,0.0,0.6051212847232819,1.7101997137069702,2.8505101203918457
2864601_0.473,62,0.98547363626713,22,False,False,0.27317708333333335,0.7268229166666667,0.16811525108037578,0.3756442910031582,0.0,0.0,1.6901148462295539,1.973354458808899
2864601_0.473,62,0.98547363626713,23,False,False,0.022385416666666668,0.9776145833333333,0.001636923030597624,0.0143415449167496,0.0,0.0,0.0651789294183262,0.636671245098114
2864601_0.473,62,0.98547363626713,24,False,False,0.4696666666666667,0.5303333333333333,0.11614999388164221,0.17261303360063998,0.0,0.0,0.6871485710144043,1.4704349040985107
2864601_0.473,62,0.98547363626713,25,False,False,0.036291666666666667,0.9637083333333333,0.007893944693690438,0.050095467980701615,0.0,0.0,0.34922724157571905,0.5628123879432678
2864601_0.473,62,0.98547363626713,26,False,False,0.9966354166666667,0.003364583333333333,0.725549865821981,0.37392752515072597,0.08225481949746609,0.6692256927490234,2.045521814823153,3.684253215789795
2864601_0.473,62,0.98547363626713,27,False,False,0.80446875,0.19553125,0.42163703134086505,0.38075834481540954,0.0,0.3609601855278015,1.4957108938694075,4.378310203552246
2864601_0.473,62,0.98547363626713,28,False,False,0.9297708333333333,0.07022916666666666,0.656265787665505,0.41349742976967774,0.0,0.6254960298538208,1.7942935228347778,2.5388505458831787
2864601_0.189,63,0.9854734310917874,0,False,False,0.5341770833333334,0.46582291666666664,0.6879964594836773,1.1029816415585973,0.0,0.11196989566087723,5.06808666229251,10.03581714630127
2864601_0.189,63,0.9854734310917874,1,True,False,0.0,1.0,0.0,0.0,0.0,0.0,0.0,0.0
2864601_0.189,63,0.9854734310917874,2,False,False,0.03853125,0.96146875,0.04230727982762983,0.2982660642422486,0.0,0.0,1.5348060905933643,5.460566997528076
2864601_0.189,63,0.9854734310917874,3,False,False,0.153875,0.846125,0.1143362411212399,0.40729663236467933,0.0,0.0,2.064980070590983,6.624149799346924
2864601_0.189,63,0.9854734310917874,4,False,False,0.42376041666666664,0.5762395833333334,0.4377920455389385,0.7647516742143453,0.0,0.0,3.2048730850219727,9.333800315856934
2864601_0.189,63,0.9854734310917874,5,False,False,0.17704166666666668,0.8229583333333333,0.25401763163561175,0.7306871489859834,0.0,0.0,3.6001468873024245,8.106498718261719
2864601_0.189,63,0.9854734310917874,6,False,True,0.0030625,0.9969375,0.002195697617600672,0.052619380501454496,0.0,0.0,0.0,3.0658323764801025
2864601_0.189,63,0.9854734310917874,7,False,False,0.19969791666666667,0.8003020833333333,0.23585578715268843,0.6642609047589478,0.0,0.0,3.189618825912527,7.663361549377441
2864601_0.189,63,0.9854734310917874,8,False,False,0.7278229166666667,0.27217708333333335,1.026764268513841,1.0795030435933741,0.0,0.7611863017082214,4.480439186096191,9.118151664733887
2864601_0.189,63,0.9854734310917874,9,False,False,0.06257291666666667,0.9374270833333334,0.05720577032051248,0.3614331758902249,0.0,0.0,1.6236704587936401,9.163536071777344
2864601_0.189,63,0.9854734310917874,10,False,False,0.03557291666666667,0.9644270833333334,0.07516012164343314,0.47233832064480824,0.0,0.0,3.281459159851105,5.390769004821777
2864601_0.189,63,0.9854734310917874,11,False,False,0.7020208333333333,0.2979791666666667,0.9811008705886304,1.0836009261727224,0.0,0.6999132335186005,3.991776704788208,5.9837422370910645
2864601_0.189,63,0.9854734310917874,12,False,False,0.72903125,0.27096875,1.4064798732657156,1.7121334511992006,0.0,0.8740857243537903,7.646997680664075,21.016746520996094
2864601_0.189,63,0.9854734310917874,13,False,False,0.17021875,0.82978125,0.4515995815655081,1.348618894222011,0.0,0.0,7.23476830959321,8.495429992675781
2864601_0.189,63,0.9854734310917874,14,False,False,0.042833333333333334,0.9571666666666667,0.03570690655374309,0.22023834302600165,0.0,0.0,1.245432734489441,3.9079463481903076
2864601_0.189,63,0.9854734310917874,15,False,False,0.08614583333333334,0.9138541666666666,0.07241081753355669,0.3510769182357518,0.0,0.0,1.7663200139999724,7.949349403381348
2864601_0.189,63,0.9854734310917874,16,False,False,0.9264583333333334,0.07354166666666667,2.0504822053723752,2.1460470706860493,0.0,1.4575624465942383,9.396248817443848,22.478784561157227
2864601_0.189,63,0.9854734310917874,17,False,False,0.03344791666666667,0.9665520833333333,0.03388483414948701,0.2446044560517263,0.0,0.0,1.284781839847571,5.341841697692871
2864601_0.189,63,0.9854734310917874,18,False,False,0.46679166666666666,0.5332083333333333,1.0145429637977972,1.8314033953129094,0.0,0.0,7.5227017736435,8.348470687866211
2864601_0.189,63,0.9854734310917874,19,False,False,0.0473125,0.9526875,0.08525643264450507,0.5364954540102621,0.0,0.0,3.0396674823761733,10.84759521484375
2864601_0.189,63,0.9854734310917874,20,False,False,0.0463125,0.9536875,0.09556918960156448,0.6030055949674535,0.0,0.0,3.2904558181762695,10.584717750549316
2864601_0.189,63,0.9854734310917874,21,False,False,0.22098958333333332,0.7790104166666667,0.25385354753564826,0.7109003850113079,0.0,0.0,3.659160614013672,7.656396865844727
2864601_0.189,63,0.9854734310917874,22,False,False,0.6516145833333333,0.34838541666666667,0.821902738117581,1.0596467166259118,0.0,0.47771696746349335,4.586079120635986,10.52845573425293
2864601_0.189,63,0.9854734310917874,23,False,False,0.18492708333333333,0.8150729166666667,0.35822523153178676,0.9557671451994759,0.0,0.0,4.623990335464492,6.8472208976745605
2864601_0.189,63,0.9854734310917874,24,False,False,0.43022916666666666,0.5697708333333333,0.49301276414785844,0.8771658923257474,0.0,0.0,3.9163312911987305,9.145986557006836
2864601_0.189,63,0.9854734310917874,25,False,False,0.7299270833333333,0.27007291666666666,1.6155943060532438,1.7166358627173213,0.0,1.2900171279907227,6.906338691711426,18.141870498657227
2864601_0.189,63,0.9854734310917874,26,False,False,0.6711354166666667,0.32886458333333335,0.7161979467417847,0.8159597306267874,0.0,0.5277723670005798,3.4830873012542725,7.792813301086426
2864601_0.395,64,0.9854687449926256,0,False,False,0.9582604166666666,0.04173958333333333,1.1333387393234855,0.7542486494395001,0.0,1.0223594307899475,3.754418215751649,6.855980396270752
2864601_0.395,64,0.9854687449926256,1,False,False,0.42389583333333336,0.5761041666666666,0.36488892194653,0.6907691619593237,0.0,0.0,3.1958796977996826,3.8051843643188477
2864601_0.395,64,0.9854687449926256,2,False,False,0.10792708333333334,0.8920729166666667,0.036106774641518125,0.16923381002909874,0.0,0.0,0.7399450516700841,3.1478049755096436
2864601_0.395,64,0.9854687449926256,3,False,False,0.8485104166666667,0.15148958333333334,0.7589138583021937,0.7738971079601406,0.0,0.5377071499824524,3.304421901702881,5.572840213775635
2864601_0.395,64,0.9854687449926256,4,False,False,0.4898645833333333,0.5101354166666666,0.31823134584558066,0.4908385830748057,0.0,0.0,2.183244063854225,2.772853374481201
2864601_0.395,64,0.9854687449926256,5,False,False,0.925,0.075,0.773589188164876,0.6175507099488285,0.0,0.6909368634223938,2.978090178966528,5.134212017059326
2864601_0.395,64,0.9854687449926256,6,False,False,0.16405208333333332,0.8359479166666667,0.028824383359710735,0.09412980587750902,0.0,0.0,0.42616793513298035,1.6021921634674072
2864601_0.395,64,0.9854687449926256,7,False,False,0.48644791666666665,0.5135520833333334,0.21449745487368016,0.35484780422697604,0.0,0.0,1.4772414755821255,6.426339149475098
2864601_0.395,64,0.9854687449926256,8,False,False,0.16240625,0.83759375,0.08930710621619285,0.3078469832507251,0.0,0.0,1.665744662284851,3.9169249534606934
2864601_0.395,64,0.9854687449926256,9,False,False,0.9882916666666667,0.011708333333333333,1.3903067521657257,0.9572291384036277,0.0,1.2465211749076843,4.144393444061279,7.507175445556641
2864601_0.395,64,0.9854687449926256,10,False,False,0.45859375,0.54140625,0.2523691088164824,0.4501547247734235,0.0,0.0,2.0161852836608887,6.136545181274414
2864601_0.395,64,0.9854687449926256,11,False,False,0.19290625,0.80709375,0.22635615713936935,0.646535260671605,0.0,0.0,3.550203714370734,4.231808662414551
2864601_0.395,64,0.9854687449926256,12,False,False,0.8820104166666667,0.11798958333333333,0.6974656857032356,0.7064169205860968,0.0,0.5144820213317871,3.315718336105349,3.9036362171173096
2864601_0.395,64,0.9854687449926256,13,False,False,0.9054479166666667,0.09455208333333333,0.6033255734239361,0.5184264265069176,0.0,0.49991779029369354,2.4529075622558594,4.556551933288574
2864601_0.395,64,0.9854687449926256,14,False,False,0.22172916666666667,0.7782708333333334,0.08188835247213759,0.20606471572885757,0.0,0.0,0.9648832082748413,2.4441416263580322
2864601_0.395,64,0.9854687449926256,15,False,False,0.9926354166666667,0.007364583333333333,1.5370198928792718,0.7119657733786072,0.08866409972310067,1.4786065816879272,3.9334723949432373,7.797905921936035
2864601_0.395,64,0.9854687449926256,16,False,False,0.18695833333333334,0.8130416666666667,0.08101588205219018,0.23241017387367827,0.0,0.0,1.145710825920105,2.1128973960876465
2864601_0.237,65,0.9854491819360869,0,False,False,0.04311458333333333,0.9568854166666667,0.012437857846577268,0.08508555473098453,0.0,0.0,0.41793346792459873,2.1539013385772705
2864601_0.237,65,0.9854491819360869,1,False,False,0.7940625,0.2059375,0.7892527405325154,0.8303622155417093,0.0,0.5844694375991821,3.53324896097184,6.601673126220703
2864601_0.237,65,0.9854491819360869,2,False,False,0.022125,0.977875,0.010596858056144583,0.09651620790351677,0.0,0.0,0.378511207103737,2.1983389854431152
2864601_0.237,65,0.9854491819360869,3,False,False,0.70846875,0.29153125,0.5744403908177104,0.6749711373032313,0.0,0.3667897582054138,2.9010097980499268,5.401010513305664
2864601_0.237,65,0.9854491819360869,4,False,False,0.8767916666666666,0.12320833333333334,0.9350221250761555,0.9854223730841584,0.0,0.625410258769989,4.473475685119647,6.939784049987793
2864601_0.237,65,0.9854491819360869,5,True,False,0.0,1.0,0.0,0.0,0.0,0.0,0.0,0.0
2864601_0.237,65,0.9854491819360869,6,True,False,0.0,1.0,0.0,0.0,0.0,0.0,0.0,0.0
2864601_0.237,65,0.9854491819360869,7,False,False,0.7232291666666667,0.27677083333333335,0.876060634525447,1.219242798242035,0.0,0.4612899124622345,5.639462471008301,9.767613410949707
2864601_0.237,65,0.9854491819360869,8,False,False,0.12088541666666666,0.8791145833333334,0.04640549647333758,0.1877891687410239,0.0,0.0,0.946418066620829,3.6636769771575928
2864601_0.237,65,0.9854491819360869,9,False,False,0.7479375,0.2520625,0.9931596375345898,1.2369983784900178,0.0,0.6234039664268494,5.704000949859619,8.646063804626465
2864601_0.237,65,0.9854491819360869,10,True,False,0.0,1.0,0.0,0.0,0.0,0.0,0.0,0.0
2864601_0.237,65,0.9854491819360869,11,False,False,0.3206979166666667,0.6793020833333333,0.18537025785694217,0.4115438507260977,0.0,0.0,1.9437439990043688,6.106936454772949
2864601_0.237,65,0.9854491819360869,12,False,False,0.4284375,0.5715625,0.2634299664009519,0.525094602048044,0.0,0.0,2.5666320753097587,5.0287957191467285
2864601_0.237,65,0.9854491819360869,13,False,False,0.35371875,0.64628125,0.24349978433497926,0.49261710407134535,0.0,0.0,2.144610328674318,5.586216449737549
2864601_0.237,65,0.9854491819360869,14,False,False,0.9020833333333333,0.09791666666666667,1.0643324730615826,0.8469018479843153,0.0,0.9209569096565247,3.542776806354534,6.182882785797119
2864601_0.237,65,0.9854491819360869,15,False,False,0.1584375,0.8415625,0.06190643860090745,0.20907707718484664,0.0,0.0,1.1022062301635742,3.5042848587036133
2864601_0.237,65,0.9854491819360869,16,False,False,0.48502083333333335,0.5149791666666667,0.2869450565530708,0.46708022945188127,0.0,0.0,2.0243875098228585,4.764084815979004
2864601_0.237,65,0.9854491819360869,17,False,False,0.27939583333333334,0.7206041666666667,0.15461129255044442,0.33390092303709223,0.0,0.0,1.4996692645549776,3.924630880355835
2864601_0.237,65,0.9854491819360869,18,False,False,0.6866875,0.3133125,0.4855357552115541,0.5240939049628495,0.0,0.3679519295692444,2.1360201096534808,4.075543403625488
2864601_0.237,65,0.9854491819360869,19,False,False,0.9776666666666667,0.022333333333333334,1.4617432549874574,0.7139744461302533,0.0,1.3780733346939087,3.524844169616699,5.31598424911499
2864601_0.237,65,0.9854491819360869,20,True,False,0.0,1.0,0.0,0.0,0.0,0.0,0.0,0.0
2864601_0.237,65,0.9854491819360869,21,False,False,0.77578125,0.22421875,0.3616162306724277,0.37108460243492614,0.0,0.30060064792633057,1.6105411577224746,4.973099231719971
2864601_0.237,65,0.9854491819360869,22,False,False,0.6490416666666666,0.3509583333333333,0.305956824926507,0.3740662347682765,0.0,0.1819063052535057,1.5801571607589722,2.926490068435669
2864601_0.237,65,0.9854491819360869,23,False,False,0.25571875,0.74428125,0.15653206891660346,0.3301652762569083,0.0,0.0,1.2947300672531128,2.2846693992614746
2864601_0.237,65,0.9854491819360869,24,False,False,0.23097916666666668,0.7690208333333334,0.1609480711755548,0.45958000061024973,0.0,0.0,2.3040611743927,8.263351440429688
2864601_0.237,65,0.9854491819360869,25,False,False,0.21386458333333333,0.7861354166666666,0.3607066630220241,0.9932135027031553,0.0,0.0,5.296719365119941,6.548374652862549
2864601_0.372,66,0.9854406194879038,0,False,False,0.8850208333333334,0.11497916666666666,0.47045318521966784,0.40722331814665463,0.0,0.399067223072052,1.80246316313745,4.036471843719482
2864601_0.372,66,0.9854406194879038,1,False,False,0.60340625,0.39659375,0.305544137660037,0.3597606768811541,0.0,0.1529964804649353,1.272697981595998,2.409059762954712
2864601_0.372,66,0.9854406194879038,2,False,False,0.20995833333333333,0.7900416666666666,0.06822815710722396,0.18074703217404145,0.0,0.0,0.8740737873315856,1.6910756826400757
2864601_0.372,66,0.9854406194879038,3,True,False,0.0,1.0,0.0,0.0,0.0,0.0,0.0,0.0
2864601_0.372,66,0.9854406194879038,4,False,False,0.9798333333333333,0.020166666666666666,1.0677736641053106,0.6765280919611515,0.0,0.9544017016887665,3.1866469717025763,7.168428421020508
2864601_0.372,66,0.9854406194879038,5,False,False,0.32708333333333334,0.6729166666666667,0.25955060736230395,0.5271610892405393,0.0,0.0,2.155355226993561,3.5561482906341553
2864601_0.372,66,0.9854406194879038,6,False,False,0.13715625,0.86284375,0.10693300172972613,0.3192653776488961,0.0,0.0,1.4882362735271482,1.9478219747543335
2864601_0.372,66,0.9854406194879038,7,True,False,0.0,1.0,0.0,0.0,0.0,0.0,0.0,0.0
2864601_0.372,66,0.9854406194879038,8,False,False,0.5686458333333333,0.43135416666666665,0.24754543055646305,0.3460686641217477,0.0,0.0806574895977974,1.4822358083724998,3.6024575233459473
2864601_0.372,66,0.9854406194879038,9,False,False,0.9673854166666667,0.032614583333333336,1.808537569176702,1.2388645504252476,0.0,1.5939907431602478,6.006598472595215,10.856313705444336
2864601_0.372,66,0.9854406194879038,10,False,False,0.025270833333333333,0.9747291666666666,0.003055218677802259,0.02772110219076279,0.0,0.0,0.11147497825324659,0.8302143216133118
2864601_0.372,66,0.9854406194879038,11,False,False,0.9872916666666667,0.012708333333333334,1.0543118943440655,0.5337266929247289,0.0,1.0120119452476501,2.6519589233398673,4.416649341583252
2864601_0.372,66,0.9854406194879038,12,False,False,0.6821458333333333,0.31785416666666666,0.684338618063956,0.8024744424034281,0.0,0.4082914739847183,3.29354505300523,5.385185241699219
2864601_0.372,66,0.9854406194879038,13,False,False,0.7042083333333333,0.2957916666666667,0.2791740380099025,0.2955016307474954,0.0,0.20513136684894562,1.1015033459663437,3.0405449867248535
2864601_0.372,66,0.9854406194879038,14,False,False,0.6694791666666666,0.3305208333333333,0.3009280331588278,0.3676717558504502,0.0,0.16576571762561798,1.512118692398075,2.847276449203491
2864601_0.372,66,0.9854406194879038,15,False,False,0.04629166666666667,0.9537083333333334,0.019703752646892857,0.11168860900584385,0.0,0.0,0.6979329544305857,1.5662766695022583
2864601_0.372,66,0.9854406194879038,16,False,False,0.82796875,0.17203125,0.46190289198018536,0.4240718348221389,0.0,0.4066920876502991,1.7798661506176157,3.611605405807495
2864601_0.372,66,0.9854406194879038,17,False,False,0.06821875,0.93178125,0.016405480150446464,0.08219122974947198,0.0,0.0,0.4636563089489947,1.4635779857635498
2864601_0.372,66,0.9854406194879038,18,False,False,0.05504166666666667,0.9449583333333333,0.030477209424257884,0.1588144480182943,0.0,0.0,0.922230064868927,1.823275089263916
2864601_0.372,66,0.9854406194879038,19,False,False,0.6293958333333334,0.3706041666666667,0.23041395091510664,0.3036192222319568,0.0,0.11588961631059647,1.3132116794586182,3.2713558673858643
2864601_0.372,66,0.9854406194879038,20,False,False,0.2064375,0.7935625,0.08108534480589473,0.23455502571772285,0.0,0.0,1.172317073345193,3.6929168701171875
2864601_0.372,66,0.9854406194879038,21,False,False,0.14360416666666667,0.8563958333333334,0.05294709173973412,0.1853321909943185,0.0,0.0,0.9935601353645325,3.219895601272583
2864601_0.372,66,0.9854406194879038,22,False,False,0.4499375,0.5500625,0.1959689463796126,0.31667469572001544,0.0,0.0,1.3213267755508549,4.156380653381348
2864601_0.372,66,0.9854406194879038,23,False,False,0.9272604166666667,0.07273958333333333,1.0186589502210797,0.6129943667256772,0.0,0.9939703941345215,2.7223592686653175,4.172729015350342
2864601_0.372,66,0.9854406194879038,24,False,False,0.9368020833333334,0.06319791666666667,0.733678796835782,0.5613987368316689,0.0,0.6233648061752319,2.309085190296176,5.497076988220215
2864601_0.372,66,0.9854406194879038,25,False,False,0.18361458333333333,0.8163854166666666,0.05619361266285768,0.17574350952597884,0.0,0.0,0.8503285443782858,3.0956785678863525
2864601_0.372,66,0.9854406194879038,26,False,False,0.11342708333333333,0.8865729166666667,0.07393184016897658,0.301035258165256,0.0,0.0,1.5972796428203695,5.483214855194092
2864601_0.372,66,0.9854406194879038,27,False,False,0.8638333333333333,0.13616666666666666,0.4331713712862798,0.2952666480338298,0.0,0.44442543387413025,0.9740854036808069,1.7521802186965942
2864601_0.372,66,0.9854406194879038,28,True,False,0.0,1.0,0.0,0.0,0.0,0.0,0.0,0.0
2864601_0.472,67,0.9854302575112713,0,False,False,0.5943541666666666,0.4056458333333333,0.5434964217813488,0.7669911419497054,0.0,0.21960566192865372,3.3853600025177,8.900135040283203
2864601_0.472,67,0.9854302575112713,1,False,False,0.10085416666666666,0.8991458333333333,0.06449287881785207,0.25059242295817125,0.0,0.0,1.366264507770539,5.031421184539795
2864601_0.472,67,0.9854302575112713,2,False,False,0.33338541666666666,0.6666145833333333,0.6764816620544124,1.5092610141987348,0.0,0.0,7.097849736213691,8.196585655212402
2864601_0.472,67,0.9854302575112713,3,False,False,0.024760416666666667,0.9752395833333334,0.010078694945505163,0.0829996143576226,0.0,0.0,0.4189431965351105,1.873486876487732
2864601_0.472,67,0.9854302575112713,4,False,False,0.09879166666666667,0.9012083333333333,0.062294806005698054,0.2493537350483116,0.0,0.0,1.3899052715301603,5.134877681732178
2864601_0.472,67,0.9854302575112713,5,True,False,0.0,1.0,0.0,0.0,0.0,0.0,0.0,0.0
2864601_0.472,67,0.9854302575112713,6,False,False,0.9681041666666667,0.03189583333333333,2.162757328091383,1.4757064754435785,0.0,1.9595133066177368,6.6240339279174805,11.639372825622559
2864601_0.472,67,0.9854302575112713,7,False,False,0.8187083333333334,0.18129166666666666,1.5493090669130714,1.6696055534315613,0.0,1.1410200595855713,7.600699710845966,10.022049903869629
2864601_0.472,67,0.9854302575112713,8,False,False,0.03254166666666667,0.9674583333333333,0.0319590702617661,0.2494096203183434,0.0,0.0,1.1516284275055426,4.829768180847168
2864601_0.472,67,0.9854302575112713,9,False,False,0.8017604166666666,0.19823958333333333,1.0952895222175503,0.966281937961365,0.0,0.9540663659572601,3.678839316368125,5.925795078277588
2864601_0.472,67,0.9854302575112713,10,False,False,0.5355416666666667,0.4644583333333333,0.45234073160934585,0.649560706365224,0.0,0.0878991074860096,2.661423683166504,6.127671241760254
2864601_0.472,67,0.9854302575112713,11,False,False,0.12404166666666666,0.8759583333333333,0.06605059442891532,0.22873583401346603,0.0,0.0,1.2123149633407593,2.4920692443847656
2864601_0.472,67,0.9854302575112713,12,False,False,0.2061875,0.7938125,0.12183389220484077,0.37927572551419403,0.0,0.0,1.6774404835701067,9.807974815368652
2864601_0.472,67,0.9854302575112713,13,False,False,0.8509895833333333,0.14901041666666667,1.365940754392306,1.345855614230738,0.0,1.0272459983825684,5.906993064880371,10.937561988830566
2864601_0.472,67,0.9854302575112713,14,False,False,0.19652083333333334,0.8034791666666666,0.223822603255951,0.621747059920369,0.0,0.0,3.021889040470153,6.146406650543213
2864601_0.472,67,0.9854302575112713,15,False,False,0.12538541666666667,0.8746145833333333,0.07308640020788455,0.26460223694145457,0.0,0.0,1.3882872891426157,3.2472000122070312
2864601_0.472,67,0.9854302575112713,16,False,False,0.6030833333333333,0.39691666666666664,0.5314048721005878,0.6361937036393576,0.0,0.28446395695209503,2.3987700080871726,5.0505452156066895
2864601_0.472,67,0.9854302575112713,17,False,False,0.08704166666666667,0.9129583333333333,0.13330880456085842,0.5893672818716518,0.0,0.0,3.529446945190473,5.94187068939209
2864601_0.472,67,0.9854302575112713,18,True,False,0.0,1.0,0.0,0.0,0.0,0.0,0.0,0.0
2864601_0.472,67,0.9854302575112713,19,False,False,0.021697916666666667,0.9783020833333333,0.004789328011624699,0.0465742990676733,0.0,0.0,0.1618266567587862,1.3305635452270508
2864601_0.472,67,0.9854302575112713,20,False,False,0.3757916666666667,0.6242083333333334,0.3469264013155506,0.687390786577784,0.0,0.0,3.1920722818374805,7.376287937164307
2864601_0.472,67,0.9854302575112713,21,False,False,0.3924270833333333,0.6075729166666667,0.269393667037387,0.5274310880019866,0.0,0.0,2.4477490997314466,5.223252296447754
2864601_0.472,67,0.9854302575112713,22,True,False,0.0,1.0,0.0,0.0,0.0,0.0,0.0,0.0
2864601_0.472,67,0.9854302575112713,23,False,False,0.028041666666666666,0.9719583333333334,0.008722367259149603,0.0717214118921468,0.0,0.0,0.32659587264060974,2.359762668609619
2864601_0.472,67,0.9854302575112713,24,False,False,0.7966145833333333,0.20338541666666668,1.0894366406982932,0.892997990035758,0.0,1.0634941458702087,3.8101171469688504,12.254743576049805
2864601_0.472,67,0.9854302575112713,25,False,False,0.2269375,0.7730625,0.18365484835877025,0.47485580221770896,0.0,0.0,2.269381523132324,4.6348795890808105
2864601_0.472,67,0.9854302575112713,26,False,False,0.87465625,0.12534375,1.1618381397761575,0.8878629595305059,0.0,1.097812294960022,3.9651854991912874,8.83145523071289
2864601_0.472,67,0.9854302575112713,27,False,False,0.5629166666666666,0.4370833333333333,0.30622603917378255,0.4329648823042029,0.0,0.0917615219950676,1.7621499300003052,4.286552429199219
2864601_0.436,68,0.9854017550154825,0,True,False,0.0,1.0,0.0,0.0,0.0,0.0,0.0,0.0
2864601_0.436,68,0.9854017550154825,1,False,False,0.9154375,0.0845625,1.5867862869023688,1.292150225748827,0.0,1.357002317905426,5.610191903114338,10.091318130493164
2864601_0.436,68,0.9854017550154825,2,False,False,0.9268541666666666,0.07314583333333333,1.3075640819041947,0.9164669659271528,0.0,1.2112941145896912,4.104012017250084,7.741347312927246
2864601_0.436,68,0.9854017550154825,3,True,False,0.0,1.0,0.0,0.0,0.0,0.0,0.0,0.0
2864601_0.436,68,0.9854017550154825,4,False,False,0.964,0.036,1.1511480696688035,0.8409974061435496,0.0,0.9722609519958496,4.144039840698278,11.714920997619629
2864601_0.436,68,0.9854017550154825,5,True,False,0.0,1.0,0.0,0.0,0.0,0.0,0.0,0.0
2864601_0.436,68,0.9854017550154825,6,False,False,0.9603958333333333,0.03960416666666667,2.0105631286511305,1.3985853149316514,0.0,1.8067603707313538,6.219919724464427,10.258742332458496
2864601_0.436,68,0.9854017550154825,7,False,False,0.2927916666666667,0.7072083333333333,0.27815170854469673,0.5610668467987222,0.0,0.0,2.4393709635734573,9.585250854492188
2864601_0.436,68,0.9854017550154825,8,False,False,0.9877916666666666,0.012208333333333333,2.3397122205417125,1.7293313417819456,0.0,2.0916450023651123,7.663651833534262,17.223148345947266
2864601_0.436,68,0.9854017550154825,9,False,False,0.6891145833333333,0.3108854166666667,0.673636499285165,0.8441528502532643,0.0,0.4064220041036606,3.8106439113616943,7.340516567230225
2864601_0.436,68,0.9854017550154825,10,False,False,0.89296875,0.10703125,1.6415817658035285,1.8483589881699034,0.0,1.0671351552009583,9.195089626312257,10.380739212036133
2864601_0.454,69,0.9854013093969364,0,True,False,0.0,1.0,0.0,0.0,0.0,0.0,0.0,0.0
2864601_0.454,69,0.9854013093969364,1,True,False,0.0,1.0,0.0,0.0,0.0,0.0,0.0,0.0
2864601_0.454,69,0.9854013093969364,2,False,False,0.838125,0.161875,1.0440441528582127,0.8726973050974473,0.0,0.927148699760437,3.5992419719696045,6.593874454498291
2864601_0.454,69,0.9854013093969364,3,False,False,0.16034375,0.83965625,0.08620581069410563,0.24470537357988992,0.0,0.0,1.1297666084766445,2.816113233566284
2864601_0.454,69,0.9854013093969364,4,False,False,0.50996875,0.49003125,0.5517804312028463,0.8755373804007818,0.0,0.028050134889781475,3.6174306917190586,6.380733489990234
2864601_0.454,69,0.9854013093969364,5,False,False,0.045822916666666665,0.9541770833333333,0.012370584775909948,0.07794626937168117,0.0,0.0,0.4199358993768699,1.5814344882965088
2864601_0.454,69,0.9854013093969364,6,True,False,0.0,1.0,0.0,0.0,0.0,0.0,0.0,0.0
2864601_0.454,69,0.9854013093969364,7,False,False,0.10153125,0.89846875,0.055548844229908356,0.23143011236808683,0.0,0.0,1.2384621632099153,4.105557441711426
2864601_0.454,69,0.9854013093969364,8,False,False,0.86959375,0.13040625,1.0858443403324578,1.21890407455638,0.0,0.6897940635681152,5.435045151710517,12.646419525146484
2864601_0.454,69,0.9854013093969364,9,False,False,0.8642083333333334,0.13579166666666667,0.7480490719617595,0.751386332872038,0.0,0.5753720998764038,3.5329861545562826,9.45694351196289
2864601_0.454,69,0.9854013093969364,10,True,False,0.0,1.0,0.0,0.0,0.0,0.0,0.0,0.0
2864601_0.454,69,0.9854013093969364,11,False,False,0.019760416666666666,0.9802395833333334,0.009061868460304443,0.08905016702058975,0.0,0.0,0.3163098362088282,2.9281392097473145
2864601_0.454,69,0.9854013093969364,12,False,False,0.12638541666666667,0.8736145833333333,0.042865086581450364,0.1576749752112349,0.0,0.0,0.8354479074478149,3.0909006595611572
2864601_0.454,69,0.9854013093969364,13,True,False,0.0,1.0,0.0,0.0,0.0,0.0,0.0,0.0
2864601_0.454,69,0.9854013093969364,14,False,False,0.7664583333333334,0.23354166666666668,0.6325789813586143,0.712609341183682,0.0,0.42983655631542206,3.206263515949251,6.686904430389404
2864601_0.454,69,0.9854013093969364,15,False,False,0.06357291666666667,0.9364270833333334,0.01553394095342918,0.08543467809784175,0.0,0.0,0.4399514356255592,1.7760543823242188
2864601_0.454,69,0.9854013093969364,16,True,False,0.0,1.0,0.0,0.0,0.0,0.0,0.0,0.0
2864601_0.454,69,0.9854013093969364,17,False,False,0.2165625,0.7834375,0.23452293038565283,0.5921802751035465,0.0,0.0,2.72038112640381,4.190462589263916
2864601_0.454,69,0.9854013093969364,18,False,False,0.8206145833333334,0.17938541666666666,0.6608281991272155,0.7297209873736182,0.0,0.4731923043727875,3.413052508831027,6.145901203155518
2864601_0.454,69,0.9854013093969364,19,False,False,0.05298958333333333,0.9470104166666666,0.0244159162883235,0.1413804697743622,0.0,0.0,0.7850238084793091,3.417639970779419
2864601_0.454,69,0.9854013093969364,20,False,False,0.06134375,0.93865625,0.024483359368657906,0.1371285027495707,0.0,0.0,0.7774476540088743,2.2671666145324707
2864601_0.454,69,0.9854013093969364,21,False,False,0.38390625,0.61609375,0.23510360673353264,0.4380551896158146,0.0,0.0,1.892199515104298,4.23305082321167
2864601_0.454,69,0.9854013093969364,22,False,False,0.7874479166666667,0.21255208333333334,0.8826880242261292,0.8651765637497392,0.0,0.7069131135940552,3.476090204715748,6.8745436668396
2864601_0.454,69,0.9854013093969364,23,False,False,0.6845416666666667,0.31545833333333334,0.34465037950934946,0.38507407974961716,0.0,0.24934257566928864,1.599122166633606,3.5186049938201904
2864601_0.454,69,0.9854013093969364,24,False,False,0.08565625,0.91434375,0.051548938421378504,0.23393345599405208,0.0,0.0,1.2557141387462694,4.408359527587891
2864601_0.454,69,0.9854013093969364,25,False,False,0.045083333333333336,0.9549166666666666,0.020553959962710717,0.12776513308149184,0.0,0.0,0.7521448135375977,2.4827005863189697
2864601_0.454,69,0.9854013093969364,26,False,False,0.8036458333333333,0.19635416666666666,1.2861183896081088,1.416931987665694,0.0,0.8967529535293579,6.263716859817521,7.419806480407715
2864601_0.454,69,0.9854013093969364,27,False,False,0.15572916666666667,0.8442708333333333,0.2696426233772393,0.8448114982484395,0.0,0.0,4.635921220779423,5.908146858215332
2864601_0.454,69,0.9854013093969364,28,True,False,0.0,1.0,0.0,0.0,0.0,0.0,0.0,0.0
2864601_0.377,70,0.985380203573252,0,False,False,0.675875,0.324125,0.5209696426846061,0.5652441607607107,0.0,0.3769030272960663,2.2631512379646317,5.737250328063965
2864601_0.377,70,0.985380203573252,1,False,False,0.35510416666666667,0.6448958333333333,0.260036337816706,0.6162241590929698,0.0,0.0,2.995745546817787,6.239804267883301
2864601_0.377,70,0.985380203573252,2,False,False,0.16535416666666666,0.8346458333333333,0.05026861778226559,0.15834613418053695,0.0,0.0,0.7759518623352051,2.837622880935669
2864601_0.377,70,0.985380203573252,3,False,False,0.6437604166666666,0.35623958333333333,0.47446696951277756,0.5998800870768287,0.0,0.26380428671836853,2.5424423503876072,3.4867193698883057
2864601_0.377,70,0.985380203573252,4,False,False,0.08267708333333333,0.9173229166666667,0.0556587905193231,0.2612064758776619,0.0,0.0,1.6219595670700073,3.039762020111084
2864601_0.377,70,0.985380203573252,5,False,False,0.07409375,0.92590625,0.05448144324248324,0.33365534109301903,0.0,0.0,1.3623705029487854,12.483095169067383
2864601_0.377,70,0.985380203573252,6,False,False,0.3286145833333333,0.6713854166666666,0.13306359898569797,0.2990487701246304,0.0,0.0,1.4671696245670751,4.59442663192749
2864601_0.377,70,0.985380203573252,7,False,False,0.19666666666666666,0.8033333333333333,0.07101722754832633,0.21265808882781428,0.0,0.0,1.0029157400131226,2.200659990310669
2864601_0.377,70,0.985380203573252,8,False,False,0.15463541666666666,0.8453645833333333,0.0930063757319762,0.32068096357566883,0.0,0.0,1.6682871580123901,4.965267658233643
2864601_0.377,70,0.985380203573252,9,False,False,0.7142083333333333,0.28579166666666667,0.6062933479999953,0.7008174487562782,0.0,0.4257578104734421,2.9894192957878136,4.09766960144043
2864601_0.377,70,0.985380203573252,10,False,False,0.07571875,0.92428125,0.041811128444806854,0.20690889610652005,0.0,0.0,1.091797947883606,3.9215445518493652
2864601_0.377,70,0.985380203573252,11,False,False,0.01621875,0.98378125,0.009254134139285119,0.10812072378629932,0.0,0.0,0.22158794105052948,3.1117725372314453
2864601_0.377,70,0.985380203573252,12,False,False,0.9989583333333333,0.0010416666666666667,1.2956325124324284,0.7399011942969902,0.16474623382091522,1.1703672409057617,3.681029422283184,7.374006271362305
2864601_0.377,70,0.985380203573252,13,False,False,0.15846875,0.84153125,0.09038685537291326,0.2837153391281269,0.0,0.0,1.4340126514434814,4.002218246459961
2864601_0.377,70,0.985380203573252,14,False,False,0.4718645833333333,0.5281354166666666,0.2581910603231494,0.4381823367105312,0.0,0.0,1.8811802864074707,5.798207759857178
2864601_0.377,70,0.985380203573252,15,False,False,0.214875,0.785125,0.13068407097232543,0.3763559882583662,0.0,0.0,1.8730997049808553,4.533239364624023
2864601_0.377,70,0.985380203573252,16,False,False,0.32948958333333334,0.6705104166666667,0.4089494590368692,0.8705540881193716,0.0,0.0,4.133550415039071,5.382399559020996
2864601_0.377,70,0.985380203573252,17,False,False,0.5823229166666667,0.4176770833333333,0.3921921646376839,0.5722982396252362,0.0,0.11615967005491257,2.4361803150177046,4.338242053985596
2864601_0.377,70,0.985380203573252,18,False,False,0.05721875,0.94278125,0.03252714682797,0.18346265254340827,0.0,0.0,0.9599692255258592,4.4557294845581055
2864601_0.377,70,0.985380203573252,19,False,False,0.15247916666666667,0.8475208333333333,0.2008096731430488,0.604809387891225,0.0,0.0,3.020097537040715,4.364880084991455
2864601_0.377,70,0.985380203573252,20,False,False,0.16707291666666665,0.8329270833333333,0.08302803971854042,0.2946350170668672,0.0,0.0,1.4289216232299888,5.672871112823486
2864601_0.377,70,0.985380203573252,21,False,False,0.9669479166666667,0.033052083333333336,1.2082982194185687,1.045561100084246,0.0,0.9519186615943909,4.876342296600342,7.795520782470703
2864601_0.377,70,0.985380203573252,22,False,False,0.6936354166666666,0.30636458333333333,0.5201999086609322,0.6176829225260615,0.0,0.3068687319755554,2.475999608039883,5.07860803604126
2864601_0.377,70,0.985380203573252,23,False,False,0.12136458333333333,0.8786354166666667,0.08051851098045301,0.3643780444886684,0.0,0.0,1.8565915119648324,7.097447872161865
2864601_0.377,70,0.985380203573252,24,False,False,0.3768020833333333,0.6231979166666667,0.24525465898124382,0.502580732761948,0.0,0.0,2.495919556617745,3.711568832397461
2864601_0.377,70,0.985380203573252,25,False,False,0.16578125,0.83421875,0.06536308647801214,0.2301945902666201,0.0,0.0,1.1227127826213958,4.164719104766846
2864601_0.377,70,0.985380203573252,26,False,False,0.03152083333333333,0.9684791666666667,0.01570165156783029,0.11385243699161013,0.0,0.0,0.603867132067685,2.3391358852386475
2864601_0.377,70,0.985380203573252,27,False,False,0.028635416666666667,0.9713645833333333,0.026890000470619572,0.21581735703381671,0.0,0.0,1.0499869084358249,4.540868759155273
2864601_0.377,70,0.985380203573252,28,False,False,0.6294895833333334,0.3705104166666667,0.40588400742921293,0.541809138625983,0.0,0.22383027523756027,2.384025905132311,8.175015449523926
2864601_0.377,70,0.985380203573252,29,False,False,0.68246875,0.31753125,0.3747705354175651,0.43564746847403935,0.0,0.25826744735240936,1.839755654335022,3.7078053951263428
2864601_0.377,70,0.985380203573252,30,False,False,0.7480208333333334,0.25197916666666664,0.6569001749147233,0.7000383986093878,0.0,0.5061633884906769,2.9789637207985105,7.998112678527832
2864601_0.212,71,0.9853703895795144,0,False,False,0.6328958333333333,0.3671041666666667,0.8218472715127845,1.061473949736331,0.0,0.414385050535202,4.535391807556152,8.431036949157715
2864601_0.212,71,0.9853703895795144,1,False,False,0.060447916666666664,0.9395520833333333,0.09098318932676132,0.5460042592953561,0.0,0.0,2.7348608779907564,15.0713529586792
2864601_0.212,71,0.9853703895795144,2,False,False,0.74265625,0.25734375,2.013169247964687,2.5965973093779082,0.0,1.1762580275535583,12.142807979583743,15.954207420349121
2864601_0.212,71,0.9853703895795144,3,False,False,0.75353125,0.24646875,1.7696037057839706,1.8428359130901117,0.0,1.383313536643982,7.925175790786752,16.76873207092285
2864601_0.212,71,0.9853703895795144,4,False,False,0.0639375,0.9360625,0.19443258347847223,1.069867497985931,0.0,0.0,6.262907614708043,16.27640724182129
2864601_0.212,71,0.9853703895795144,5,False,False,0.4264791666666667,0.5735208333333334,0.6640104344541905,1.2795268676821812,0.0,0.0,6.215539469718938,14.865694999694824
2864601_0.212,71,0.9853703895795144,6,False,False,0.05,0.95,0.05563527090284576,0.38122205987877333,0.0,0.0,1.6725215911865234,11.832060813903809
2864601_0.212,71,0.9853703895795144,7,False,False,0.23382291666666666,0.7661770833333333,0.6301700873275384,1.6129204811949338,0.0,0.0,8.019857940673834,12.603275299072266
2864601_0.212,71,0.9853703895795144,8,False,False,0.26997916666666666,0.7300208333333333,1.0155968398124628,2.357985334593497,0.0,0.0,11.053783121109037,13.698545455932617
2864601_0.212,71,0.9853703895795144,9,False,False,0.19923958333333333,0.8007604166666666,0.23952796633567852,0.5896706386311441,0.0,0.0,2.461994128227236,8.47031021118164
2864601_0.212,71,0.9853703895795144,10,False,False,0.249375,0.750625,0.4804584294789159,1.2450124417478359,0.0,0.0,6.19304895401001,13.603022575378418
2864601_0.212,71,0.9853703895795144,11,False,False,0.2714270833333333,0.7285729166666667,0.3770011926949258,0.8940993262810814,0.0,0.0,4.088449745178247,11.273185729980469
2864601_0.212,71,0.9853703895795144,12,False,False,0.09353125,0.90646875,0.10530794879901718,0.4798256434222046,0.0,0.0,2.1991939544677734,8.336836814880371
2864601_0.212,71,0.9853703895795144,13,False,False,0.66415625,0.33584375,0.9245806295777096,1.1006070149466156,0.0,0.6820342540740967,4.921927447319047,10.79822826385498
2864601_0.212,71,0.9853703895795144,14,False,False,0.7594166666666666,0.24058333333333334,2.163577645507618,2.5765781526494744,0.0,1.4528738856315613,11.142826738357563,24.41107940673828
2864601_0.212,71,0.9853703895795144,15,False,False,0.026458333333333334,0.9735416666666666,0.05241803936107559,0.507858631094174,0.0,0.0,1.6473181247711182,14.659463882446289
2864601_0.123,72,0.9853689140399841,0,False,False,0.9963229166666666,0.0036770833333333334,0.7534638465651724,0.4056367297146306,0.052006643265485764,0.7015347480773926,1.9240470111370098,2.692540407180786
2864601_0.123,72,0.9853689140399841,1,False,False,0.5062604166666667,0.49373958333333334,0.176575356544572,0.2588335904316104,0.0,0.006631612312048674,1.070437505245209,2.7045812606811523
2864601_0.123,72,0.9853689140399841,2,False,False,0.9967604166666667,0.0032395833333333335,0.7826662092177048,0.4157623046595514,0.09931511923670769,0.7155345678329468,2.2506715440750193,3.4382200241088867
2864601_0.123,72,0.9853689140399841,3,False,False,0.97371875,0.02628125,0.8750898215290809,0.39833691102372676,0.0,0.8931394219398499,1.915478229522705,3.2886600494384766
2864601_0.123,72,0.9853689140399841,4,False,False,0.98125,0.01875,0.8602797328953896,0.443661042844553,0.0,0.8367777764797211,2.0363194942474365,3.3177168369293213
2864601_0.123,72,0.9853689140399841,5,False,False,0.9986145833333333,0.0013854166666666667,0.951087547426078,0.4260160407071984,0.1575077199935913,0.9163167178630829,2.0538207268714914,3.1470015048980713
2864601_0.123,72,0.9853689140399841,6,True,False,0.0,1.0,0.0,0.0,0.0,0.0,0.0,0.0
2864601_0.123,72,0.9853689140399841,7,False,False,0.7455104166666666,0.2544895833333333,0.303598682470587,0.27280769617760137,0.0,0.2896423637866974,1.0613160133361816,3.0103347301483154
2864601_0.123,72,0.9853689140399841,8,False,False,0.6752291666666667,0.32477083333333334,0.32432467829456396,0.3199576197634364,0.0,0.274066761136055,1.0560619866848058,2.4616429805755615
2864601_0.123,72,0.9853689140399841,9,False,False,0.13195833333333334,0.8680416666666667,0.018631137507284998,0.06101925239348249,0.0,0.0,0.3084747162461285,0.5589397549629211
2864601_0.123,72,0.9853689140399841,10,False,False,1.0,0.0,1.7773837569582587,0.3582586613360537,0.9903098219633102,1.771699070930481,2.6135294437408447,3.482684373855591
2864601_0.123,72,0.9853689140399841,11,False,False,0.9322708333333334,0.06772916666666666,0.5745985281326386,0.3644185101156326,0.0,0.5617318451404572,1.5806223189830781,2.1314539909362793
2864601_0.123,72,0.9853689140399841,12,True,False,0.0,1.0,0.0,0.0,0.0,0.0,0.0,0.0
2864601_0.123,72,0.9853689140399841,13,False,False,0.39928125,0.60071875,0.1384409024494968,0.249669572801531,0.0,0.0,0.9969857335090637,2.3838987350463867
2864601_0.123,72,0.9853689140399841,14,False,False,0.23333333333333334,0.7666666666666667,0.13879775546776715,0.347209708585248,0.0,0.0,1.677249178886414,1.9416271448135376
2864601_0.123,72,0.9853689140399841,15,False,True,4.1666666666666665e-05,0.9999583333333333,2.5782694574445487e-06,0.00044581290502422507,0.0,0.0,0.0,0.09255695343017578
2864601_0.123,72,0.9853689140399841,16,False,False,0.98246875,0.01753125,0.6720398713080973,0.4226695772140609,0.0,0.602648138999939,2.103428649902357,3.52205753326416
2864601_0.123,72,0.9853689140399841,17,False,False,0.9992708333333333,0.0007291666666666667,1.0260411887271375,0.5630913718704016,0.18797473832964898,0.9031224250793457,2.976742744445801,3.4453444480895996
2864601_0.123,72,0.9853689140399841,18,True,False,0.0,1.0,0.0,0.0,0.0,0.0,0.0,0.0
2864601_0.123,72,0.9853689140399841,19,False,False,0.9814479166666666,0.018552083333333334,0.938219669739994,0.6954523350678105,0.0,0.7835075259208679,3.303027868270874,5.233405590057373
2864601_0.288,73,0.9853655973775949,0,False,False,1.0,0.0,1.079573398192219,0.3483276957046587,0.47807912647724154,1.0261858701705933,2.3362398648262026,3.1734566688537598
2864601_0.288,73,0.9853655973775949,1,False,False,0.6651354166666666,0.33486458333333335,0.2613798331929369,0.2826877298747616,0.0,0.19237349927425385,1.103264466524126,2.224445343017578
2864601_0.288,73,0.9853655973775949,2,True,False,0.0,1.0,0.0,0.0,0.0,0.0,0.0,0.0
2864601_0.288,73,0.9853655973775949,3,False,False,0.3427395833333333,0.6572604166666667,0.1390202775781193,0.26893743269156856,0.0,0.0,1.1353388357162482,2.4421770572662354
2864601_0.288,73,0.9853655973775949,4,False,False,0.9207395833333333,0.07926041666666667,0.37751396532199744,0.2995239418402054,0.0,0.3293303847312927,1.2760897445678734,1.9222487211227417
2864601_0.288,73,0.9853655973775949,5,False,False,0.9944895833333334,0.005510416666666667,0.9528073483356111,0.4085238958732934,0.12982384860515594,0.872335821390152,2.139264371395112,2.6463534832000732
2864601_0.288,73,0.9853655973775949,6,False,False,0.48344791666666664,0.5165520833333334,0.22289588132783145,0.32259248251915,0.0,0.0,1.33671236038208,2.3594448566436768
2864601_0.288,73,0.9853655973775949,7,False,False,0.7073333333333334,0.2926666666666667,0.404160186793707,0.473594135366008,0.0,0.23188738524913788,1.7406464862823492,2.9177639484405518
2864601_0.288,73,0.9853655973775949,8,False,False,0.8931041666666667,0.10689583333333333,0.30541739963475484,0.28738501305492775,0.0,0.24466519802808762,1.4189825367927578,2.1128017902374268
2864601_0.288,73,0.9853655973775949,9,False,False,0.4319895833333333,0.5680104166666666,0.14557000564729372,0.22879266371784754,0.0,0.0,0.9051648110151297,1.4739868640899658
2864601_0.288,73,0.9853655973775949,10,False,False,0.09516666666666666,0.9048333333333334,0.014808893537478676,0.0657369202048399,0.0,0.0,0.3385971784591675,1.339623212814331
2864601_0.288,73,0.9853655973775949,11,False,False,0.9021458333333333,0.09785416666666667,0.39074879549894626,0.2548293712044465,0.0,0.39467503130435944,1.0164383220672608,1.471423864364624
2864601_0.288,73,0.9853655973775949,12,False,False,0.6114166666666667,0.38858333333333334,0.2687809850222712,0.3436439123042157,0.0,0.142569899559021,1.4021453547477751,3.088486433029175
2864601_0.288,73,0.9853655973775949,13,False,False,0.4115729166666667,0.5884270833333334,0.15001824638098285,0.260735656937759,0.0,0.0,1.149090923070909,2.2560150623321533
2864601_0.288,73,0.9853655973775949,14,False,False,0.9948854166666666,0.005114583333333333,1.0868382370412364,0.6874739688952355,0.08952406488358974,0.9360194504261017,3.6100778579711914,4.914215087890625
2864601_0.288,73,0.9853655973775949,15,False,False,0.28719791666666666,0.7128020833333333,0.13616672309467637,0.3104837100176307,0.0,0.0,1.4607712793350247,1.8005938529968262
2864601_0.288,73,0.9853655973775949,16,False,False,0.9727395833333333,0.027260416666666665,0.7713550204148011,0.46069087785216917,0.0,0.709038108587265,2.1300008296966553,3.062441825866699
2864601_0.288,73,0.9853655973775949,17,False,False,0.9916145833333333,0.008385416666666666,1.0243201030161575,0.45294469235944307,0.04325868580490351,0.9542641341686249,2.343308303356171,3.0086910724639893
2864601_0.288,73,0.9853655973775949,18,False,False,0.09659375,0.90340625,0.004035016979987376,0.01792058081965294,0.0,0.0,0.09087923094630262,0.35752081871032715
2864601_0.288,73,0.9853655973775949,19,False,False,1.0,0.0,1.182281030889678,0.44019870579735354,0.3065605166554451,1.1358667612075806,2.4143319129943848,3.6978273391723633
2864601_0.288,73,0.9853655973775949,20,False,False,0.8845104166666666,0.11548958333333334,0.48417798022760433,0.3214498434017551,0.0,0.47486069798469543,1.316253670454029,1.9973434209823608
2864601_0.288,73,0.9853655973775949,21,False,False,0.88659375,0.11340625,0.9088753697067059,0.6392937186186529,0.0,0.8755174577236176,2.6830235934257534,4.560415744781494
2864601_0.288,73,0.9853655973775949,22,False,False,0.039177083333333335,0.9608229166666666,0.016790996671992464,0.12260898223926685,0.0,0.0,0.5624383312463764,2.122504234313965
2864601_0.288,73,0.9853655973775949,23,False,False,1.0,0.0,1.1286956402522823,0.44455656325679055,0.378492988049984,1.0604822635650635,2.5762737822532653,4.109663486480713
2864601_0.288,73,0.9853655973775949,24,False,False,0.12697916666666667,0.8730208333333334,0.07450330362757794,0.24084207673532418,0.0,0.0,1.3172494375705728,1.6383302211761475
2864601_0.349,74,0.9853648639346299,0,False,False,0.16408333333333333,0.8359166666666666,0.08554332369445956,0.2563364233248945,0.0,0.0,1.2800624644756364,2.7572872638702393
2864601_0.349,74,0.9853648639346299,1,False,False,0.6777291666666667,0.32227083333333334,0.5170019330039918,0.6344317910577253,0.0,0.3453795611858368,2.8671159744262695,8.124091148376465
2864601_0.349,74,0.9853648639346299,2,True,False,0.0,1.0,0.0,0.0,0.0,0.0,0.0,0.0
2864601_0.349,74,0.9853648639346299,3,False,False,0.6919791666666667,0.30802083333333335,0.6190937851055761,0.770367447743655,0.0,0.37000781297683716,3.249904942512516,7.168473720550537
2864601_0.349,74,0.9853648639346299,4,True,False,0.0,1.0,0.0,0.0,0.0,0.0,0.0,0.0
2864601_0.349,74,0.9853648639346299,5,False,False,0.09754166666666667,0.9024583333333334,0.07574761457379721,0.3093310721420072,0.0,0.0,1.6058681011199951,4.870589733123779
2864601_0.349,74,0.9853648639346299,6,False,False,0.2115625,0.7884375,0.29552867066550503,0.7493941484452646,0.0,0.0,3.448117527961731,4.247838973999023
2864601_0.349,74,0.9853648639346299,7,False,False,0.9601145833333333,0.039885416666666666,1.4505793027540919,0.9944684537225809,0.0,1.2959625720977783,5.00028133392334,8.606142044067383
2864601_0.349,74,0.9853648639346299,8,False,False,0.6871875,0.3128125,0.5496669834582364,0.6338112458887886,0.0,0.3423880934715271,2.5395107007026674,5.7649030685424805
2864601_0.349,74,0.9853648639346299,9,False,False,0.7294479166666666,0.27055208333333336,0.8133207515863966,0.9140603814895499,0.0,0.5455838441848755,3.8620218658447274,5.015541076660156
2864601_0.349,74,0.9853648639346299,10,False,False,0.9447395833333333,0.055260416666666666,1.446940685863031,1.3517803522853118,0.0,1.081055760383606,6.96097469329834,14.381403923034668
2864601_0.349,74,0.9853648639346299,11,False,False,0.929,0.071,0.7691366260285795,0.6182684439620981,0.0,0.7022625803947449,3.163405749797846,6.162153244018555
2864601_0.349,74,0.9853648639346299,12,False,False,0.6144791666666667,0.3855208333333333,0.40022785627352264,0.5130300509264756,0.0,0.20444480329751968,2.183838508129132,5.099897384643555
2864601_0.349,74,0.9853648639346299,13,False,False,0.16080208333333335,0.8391979166666667,0.08566163989250379,0.2638769968266003,0.0,0.0,1.3213385879993478,3.46647310256958
2864601_0.349,74,0.9853648639346299,14,True,False,0.0,1.0,0.0,0.0,0.0,0.0,0.0,0.0
2864601_0.349,74,0.9853648639346299,15,False,False,0.13533333333333333,0.8646666666666667,0.11025562791029278,0.39185507843938006,0.0,0.0,2.054393656253824,5.030960559844971
2864601_0.349,74,0.9853648639346299,16,False,False,0.5049375,0.4950625,0.2979767684049316,0.44320037758668857,0.0,0.010730369947850704,1.856979489326477,5.865907192230225
2864601_0.349,74,0.9853648639346299,17,False,False,0.03046875,0.96953125,0.019358483610046582,0.13041856057671933,0.0,0.0,0.8369409936666509,2.0034451484680176
2864601_0.349,74,0.9853648639346299,18,False,False,0.5610520833333333,0.43894791666666666,0.34040162094027454,0.4288948878504694,0.0,0.1347983255982399,1.6448694467544556,3.690545082092285
2864601_0.349,74,0.9853648639346299,19,False,False,0.3352291666666667,0.6647708333333333,0.18852872755359126,0.4005124118458592,0.0,0.0,1.7838226556777954,7.241444110870361
2864601_0.349,74,0.9853648639346299,20,False,False,0.581,0.419,0.5716469430132514,0.8099936329250205,0.0,0.18743664026260376,3.348511171340946,6.567719459533691
2864601_0.510,75,0.9853339296435432,0,False,False,0.7870208333333333,0.21297916666666666,0.5726579412857714,0.4729572934646555,0.0,0.5488044023513794,1.8318315839767554,2.4895520210266113
2864601_0.510,75,0.9853339296435432,1,True,False,0.0,1.0,0.0,0.0,0.0,0.0,0.0,0.0
2864601_0.510,75,0.9853339296435432,2,False,False,0.29519791666666667,0.7048020833333334,0.13843288450259664,0.29512489547066645,0.0,0.0,1.3122262954711914,1.907545804977417
2864601_0.510,75,0.9853339296435432,3,False,False,0.9977916666666666,0.0022083333333333334,1.7419223904355652,0.7360176313424123,0.5151518613100052,1.6177302598953247,4.266773171424873,6.213504791259766
2864601_0.510,75,0.9853339296435432,4,False,False,0.8978020833333333,0.10219791666666667,0.9788947888745682,0.7298069601602505,0.0,0.8772717714309692,3.421785831451416,7.253270149230957
2864601_0.510,75,0.9853339296435432,5,False,False,0.5047395833333334,0.49526041666666665,0.1772418980779524,0.26464199539776057,0.0,0.004581767832860351,1.0536712408065796,2.3590664863586426
2864601_0.510,75,0.9853339296435432,6,False,False,0.6225625,0.3774375,0.4608419741623622,0.5465772162227549,0.0,0.26645827293395996,2.078836441040039,3.344789981842041
2864601_0.510,75,0.9853339296435432,7,False,False,0.433625,0.566375,0.1624489112994018,0.33672830845753027,0.0,0.0,1.6128572213649899,3.251875162124634
2864601_0.510,75,0.9853339296435432,8,False,False,0.99159375,0.00840625,1.4910798430555843,0.5781371796167356,0.05104342129081488,1.4829380512237549,2.697798252105713,3.1668589115142822
2864601_0.510,75,0.9853339296435432,9,False,False,0.71359375,0.28640625,0.4426005010047238,0.4850938253457289,0.0,0.31912702322006226,2.0416805171966557,3.797469139099121
2864601_0.510,75,0.9853339296435432,10,False,False,0.77078125,0.22921875,0.3517953537900309,0.3079918290936639,0.0,0.3232494741678238,1.1604145765304565,2.52351975440979
2864601_0.510,75,0.9853339296435432,11,False,False,0.27532291666666664,0.7246770833333334,0.19863483236959492,0.44611009499633647,0.0,0.0,1.9611558663845112,2.3824381828308105
2864601_0.510,75,0.9853339296435432,12,False,False,0.98234375,0.01765625,1.1771155597863645,0.43833876814279193,0.0,1.1945411562919617,2.441589219570169,4.444283485412598
2864601_0.510,75,0.9853339296435432,13,False,False,0.07108333333333333,0.9289166666666666,0.0119909363325505,0.0664722957724203,0.0,0.0,0.36659035354852926,1.477952003479004
2864601_0.510,75,0.9853339296435432,14,False,False,0.10646875,0.89353125,0.07784418248262258,0.28151528665934544,0.0,0.0,1.5628294241428433,1.8202213048934937
2864601_0.510,75,0.9853339296435432,15,False,False,0.4705,0.5295,0.1819343098213546,0.2538729125311082,0.0,0.0,0.9111589193344116,1.7716294527053833
2864601_0.510,75,0.9853339296435432,16,False,False,0.05015625,0.94984375,0.013161975259412732,0.10590092073630217,0.0,0.0,0.32925519347190857,4.262814998626709
2864601_0.510,75,0.9853339296435432,17,False,False,0.03191666666666667,0.9680833333333333,0.0033132541755384656,0.028283961003504863,0.0,0.0,0.11999920763075708,1.2742820978164673
2864601_0.510,75,0.9853339296435432,18,False,False,0.6884166666666667,0.3115833333333333,0.37217469827696437,0.43009062460742126,0.0,0.2443195804953575,1.8921819925308228,3.7768216133117676
2864601_0.510,75,0.9853339296435432,19,False,False,0.027322916666666665,0.9726770833333334,0.011821293000113049,0.08616137642147552,0.0,0.0,0.5579069608449969,1.2220842838287354
2864601_0.510,75,0.9853339296435432,20,True,False,0.0,1.0,0.0,0.0,0.0,0.0,0.0,0.0
2864601_0.510,75,0.9853339296435432,21,False,False,0.7856354166666667,0.21436458333333333,0.5747420747645866,0.5330270091640851,0.0,0.5160194039344788,2.1615335941314697,5.628450393676758
2864601_0.510,75,0.9853339296435432,22,False,False,0.9375416666666667,0.06245833333333333,0.8999234085905116,0.6072641118890851,0.0,0.816083163022995,2.608362760543831,3.855151891708374
2864601_0.510,75,0.9853339296435432,23,False,False,0.7825520833333334,0.21744791666666666,0.401370156128267,0.40503746772151483,0.0,0.31135086715221405,1.7043858265876823,3.3774595260620117
2864601_0.510,75,0.9853339296435432,24,False,False,0.76215625,0.23784375,0.4885919646914975,0.43913063813038467,0.0,0.43289846181869507,1.6101753759384159,2.38948130607605
2864601_0.510,75,0.9853339296435432,25,False,False,0.8856041666666666,0.11439583333333334,0.6734061294816678,0.5061818288290966,0.0,0.6192026138305664,2.1094107580184964,3.411350727081299
2864601_0.510,75,0.9853339296435432,26,False,False,0.29732291666666666,0.7026770833333333,0.07711009249439402,0.16888921900334034,0.0,0.0,0.7427271491289145,2.197190046310425
2864601_0.510,75,0.9853339296435432,27,False,False,0.28951041666666666,0.7104895833333333,0.10540932245557777,0.2651963579453216,0.0,0.0,1.3608942031860352,2.3880698680877686
2864601_0.510,75,0.9853339296435432,28,False,False,0.99940625,0.00059375,1.4069102117796102,0.5689837833798015,0.3130406439304352,1.3514095544815063,2.8634917736053467,4.197415828704834
2864601_0.376,76,0.9853303513254787,0,False,False,0.015416666666666667,0.9845833333333334,0.0021634737347079255,0.024625391939610032,0.0,0.0,0.06003594771027565,0.7899227738380432
2864601_0.376,76,0.9853303513254787,1,False,False,0.04451041666666666,0.9554895833333333,0.017793724449317778,0.10334615334582634,0.0,0.0,0.6855042999982837,1.1081409454345703
2864601_0.376,76,0.9853303513254787,2,False,False,0.9363645833333333,0.06363541666666667,0.6631957161046576,0.5095452137239649,0.0,0.581129640340805,2.155696153640747,3.648283004760742
2864601_0.376,76,0.9853303513254787,3,False,False,0.9957395833333333,0.004260416666666667,0.7093042328773299,0.3339876359450859,0.08573316752910615,0.6831784248352051,1.7423723721504214,2.8600914478302
2864601_0.376,76,0.9853303513254787,4,False,False,0.8271354166666667,0.17286458333333332,0.5739097551343758,0.4530752286305175,0.0,0.5454211831092834,1.8066787719726562,3.021575927734375
2864601_0.376,76,0.9853303513254787,5,False,False,0.5084166666666666,0.4915833333333333,0.29705302595892213,0.4945042570239165,0.0,0.008940665051341057,2.1846079516410906,3.1228456497192383
2864601_0.376,76,0.9853303513254787,6,False,False,0.058104166666666665,0.9418958333333334,0.021163293901105436,0.11925075613512418,0.0,0.0,0.6746309030056,2.4995009899139404
2864601_0.376,76,0.9853303513254787,7,False,False,0.9884895833333334,0.011510416666666667,0.8384611900973674,0.48087617718903486,0.0,0.760425478219986,2.3680890226364135,3.7310736179351807
2864601_0.376,76,0.9853303513254787,8,False,False,0.929875,0.070125,0.5637569231227111,0.348667520845692,0.0,0.5806781649589539,1.386415958404541,2.3584351539611816
2864601_0.376,76,0.9853303513254787,9,False,False,0.18088541666666666,0.8191145833333333,0.05265471099559909,0.14501012266630464,0.0,0.0,0.7126083374023438,2.4694437980651855
2864601_0.376,76,0.9853303513254787,10,True,False,0.0,1.0,0.0,0.0,0.0,0.0,0.0,0.0
2864601_0.376,76,0.9853303513254787,11,False,False,0.9701666666666666,0.029833333333333333,0.7234331679807051,0.42481129569906106,0.0,0.6869903206825256,1.8255121994018606,4.45786714553833
2864601_0.376,76,0.9853303513254787,12,False,False,0.971,0.029,0.5579658711806814,0.3472728884733431,0.0,0.49233798682689667,1.7209988796710982,3.2169551849365234
2864601_0.376,76,0.9853303513254787,13,False,False,0.3048645833333333,0.6951354166666667,0.1570213478767458,0.3509199860170415,0.0,0.0,1.6386524021625526,1.8578652143478394
2864601_0.376,76,0.9853303513254787,14,False,False,0.3302291666666667,0.6697708333333333,0.08831217407253426,0.20016794079920286,0.0,0.0,0.9679595828056335,2.7014238834381104
2864601_0.376,76,0.9853303513254787,15,False,False,0.96375,0.03625,0.5151257855977756,0.40373097624266774,0.0,0.43127675354480743,1.9582247734069824,3.4107565879821777
2864601_0.376,76,0.9853303513254787,16,False,False,0.10001041666666667,0.8999895833333333,0.01744426218696636,0.07792589202934652,0.0,0.0,0.39527052640914917,1.8291410207748413
2864601_0.376,76,0.9853303513254787,17,False,False,0.21552083333333333,0.7844791666666666,0.03058064219737177,0.09812577677551844,0.0,0.0,0.432591050863266,1.6577485799789429
2864601_0.376,76,0.9853303513254787,18,False,False,0.99975,0.00025,1.256312618120833,0.4477998602822951,0.48432199865579606,1.1829355955123901,2.7449890112877116,4.621169090270996
2864601_0.376,76,0.9853303513254787,19,False,False,0.22533333333333333,0.7746666666666666,0.1290914794044146,0.32847069294608455,0.0,0.0,1.5914666652679443,1.864630937576294
2864601_0.376,76,0.9853303513254787,20,False,False,0.9844895833333334,0.015510416666666667,0.8279049632659772,0.582417947093906,0.0,0.7154950499534607,2.862912089824677,3.197357416152954
2864601_0.376,76,0.9853303513254787,21,False,False,0.26738541666666665,0.7326145833333333,0.10325227962638997,0.21665727817004915,0.0,0.0,0.8718212842941284,2.1314897537231445
2864601_0.376,76,0.9853303513254787,22,False,False,0.058729166666666666,0.9412708333333333,0.0117753135959537,0.064565048740761,0.0,0.0,0.3597073158621817,1.7326664924621582
2864601_0.305,77,0.9853293464869389,0,False,False,0.07816666666666666,0.9218333333333333,0.02999358776323667,0.16308750285318438,0.0,0.0,0.6476491689682007,6.488213539123535
2864601_0.305,77,0.9853293464869389,1,False,False,0.2701458333333333,0.7298541666666667,0.13800478024798868,0.3198966562864476,0.0,0.0,1.4740055322647165,4.361405372619629
2864601_0.305,77,0.9853293464869389,2,False,False,0.9578229166666666,0.04217708333333333,0.5549067746954313,0.4367244033398463,0.0,0.46018192172050476,2.049456138610863,4.4694085121154785
2864601_0.305,77,0.9853293464869389,3,False,False,0.18439583333333334,0.8156041666666667,0.08436679515217546,0.2508108914197288,0.0,0.0,1.2442492246627808,4.097647666931152
2864601_0.305,77,0.9853293464869389,4,False,False,0.5936145833333333,0.40638541666666667,0.32266021761956093,0.401765074623821,0.0,0.15768302977085114,1.6546787023544312,3.033648729324341
2864601_0.305,77,0.9853293464869389,5,False,False,0.9648020833333333,0.03519791666666667,1.2037106144550793,0.7698950002112931,0.0,1.1059142351150513,3.5700692915916634,10.83611011505127
2864601_0.305,77,0.9853293464869389,6,False,False,0.7267291666666666,0.27327083333333335,0.5560562434067128,0.6088102166424948,0.0,0.37478600442409515,2.3593642711639404,3.7809736728668213
2864601_0.305,77,0.9853293464869389,7,False,False,0.5227395833333334,0.4772604166666667,0.3458681158020453,0.5604334056488777,0.0,0.034827686846256256,2.4212812805175985,6.240342140197754
2864601_0.305,77,0.9853293464869389,8,True,False,0.0,1.0,0.0,0.0,0.0,0.0,0.0,0.0
2864601_0.305,77,0.9853293464869389,9,False,False,0.130125,0.869875,0.09059256957697338,0.3547926213425972,0.0,0.0,1.887143778801002,7.2136759757995605
2864601_0.305,77,0.9853293464869389,10,False,False,0.27553125,0.72446875,0.19082005669506535,0.4881090911545077,0.0,0.0,2.4860269379615807,4.746595859527588
2864601_0.305,77,0.9853293464869389,11,False,False,0.9700416666666667,0.029958333333333333,1.467858552867976,1.1378609674855875,0.0,1.2209689617156982,4.967511568069479,8.228803634643555
2864601_0.305,77,0.9853293464869389,12,True,False,0.0,1.0,0.0,0.0,0.0,0.0,0.0,0.0
2864601_0.305,77,0.9853293464869389,13,False,False,0.12370833333333334,0.8762916666666667,0.1111091395055076,0.35593460307216934,0.0,0.0,1.8157700610160854,2.217169761657715
2864601_0.305,77,0.9853293464869389,14,False,False,0.15892708333333333,0.8410729166666666,0.06606660960486094,0.23525349799265968,0.0,0.0,1.245094031095513,4.740853786468506
2864601_0.305,77,0.9853293464869389,15,False,False,0.219125,0.780875,0.07498281547577182,0.18075540229620418,0.0,0.0,0.8040581941604614,1.6240452527999878
2864601_0.305,77,0.9853293464869389,16,False,False,0.8565729166666667,0.14342708333333334,0.5237859247360439,0.46622229450125957,0.0,0.43718570470809937,2.007505662441266,4.53354024887085
2864601_0.305,77,0.9853293464869389,17,False,False,0.5433854166666666,0.4566145833333333,0.39557243845661433,0.6317766918661455,0.0,0.0849381871521473,3.0009167194366455,6.014176368713379
2864601_0.305,77,0.9853293464869389,18,False,False,0.53046875,0.46953125,0.29288478997394607,0.3805379638669375,0.0,0.053719840943813324,1.2730944156646729,2.1724064350128174
2864601_0.305,77,0.9853293464869389,19,False,False,0.13340625,0.86659375,0.051545539035159814,0.18125434444809577,0.0,0.0,0.9377129077911377,2.239039897918701
2864601_0.305,77,0.9853293464869389,20,True,False,0.0,1.0,0.0,0.0,0.0,0.0,0.0,0.0
2864601_0.305,77,0.9853293464869389,21,False,False,0.6195625,0.3804375,0.4649758715590251,0.5323541831292017,0.0,0.2707001566886902,1.848011926412583,4.363592147827148
2864601_0.305,77,0.9853293464869389,22,False,False,0.94178125,0.05821875,0.5817412650677642,0.3441175409800371,0.0,0.5769339203834534,1.5172294783592322,3.0967557430267334
2864601_0.305,77,0.9853293464869389,23,False,False,0.7808229166666667,0.21917708333333333,0.47145407549958007,0.5669041813272643,0.0,0.30413390696048737,2.5916736125946045,5.547835350036621
2864601_0.305,77,0.9853293464869389,24,False,False,0.23569791666666667,0.7643020833333334,0.11269709132476918,0.31681560442224077,0.0,0.0,1.658144235610962,4.239974021911621
2864601_0.305,77,0.9853293464869389,25,False,False,0.9268958333333334,0.07310416666666666,0.7618260878322692,0.7342847382111496,0.0,0.5914651155471802,3.2735263633728042,7.902878284454346
2864601_0.305,77,0.9853293464869389,26,False,False,0.08419791666666666,0.9158020833333333,0.046807847038671524,0.22761154303049766,0.0,0.0,1.094116449356079,5.871816635131836
2864601_0.305,77,0.9853293464869389,27,False,False,0.037625,0.962375,0.03393257381765837,0.24200213823209676,0.0,0.0,1.302066445350647,4.580735206604004
2864601_0.305,77,0.9853293464869389,28,False,False,0.9685416666666666,0.03145833333333333,0.8480445744781964,0.43068047593480646,0.0,0.8227587640285492,2.0344839096069336,3.48266863822937
2864601_0.305,77,0.9853293464869389,29,False,False,0.1036875,0.8963125,0.046869133976005284,0.20766495949256397,0.0,0.0,1.1150144338607788,4.476062774658203
2864601_0.305,77,0.9853293464869389,30,False,False,0.25588541666666664,0.7441145833333334,0.21544613919874003,0.4587300710812712,0.0,0.0,1.823509198427202,2.1499409675598145
2864601_0.496,78,0.9853293403601217,0,False,False,0.3994270833333333,0.6005729166666667,0.28798385716325675,0.5175245157072869,0.0,0.0,2.2105488777160645,4.429304122924805
2864601_0.496,78,0.9853293403601217,1,True,False,0.0,1.0,0.0,0.0,0.0,0.0,0.0,0.0
2864601_0.496,78,0.9853293403601217,2,True,False,0.0,1.0,0.0,0.0,0.0,0.0,0.0,0.0
2864601_0.496,78,0.9853293403601217,3,False,False,0.7862291666666666,0.21377083333333333,0.895484676201374,0.8296262129679238,0.0,0.764041930437088,3.267566204071045,5.87209939956665
2864601_0.496,78,0.9853293403601217,4,False,False,0.2288125,0.7711875,0.15750002213821962,0.43454547719772607,0.0,0.0,2.145043740272534,4.8897385597229
2864601_0.496,78,0.9853293403601217,5,False,False,0.4075416666666667,0.5924583333333333,0.22724004972588102,0.4108831415534905,0.0,0.0,1.8852428722381716,3.7057862281799316
2864601_0.496,78,0.9853293403601217,6,False,False,0.68471875,0.31528125,0.7005571743973803,0.8912567942538754,0.0,0.38675688207149506,3.958782196044922,7.8202128410339355
2864601_0.496,78,0.9853293403601217,7,False,False,0.4333854166666667,0.5666145833333334,0.5822998699119182,0.9568675964838061,0.0,0.0,3.897180213928224,6.352826118469238
2864601_0.496,78,0.9853293403601217,8,False,False,0.16166666666666665,0.8383333333333334,0.2802612301271547,0.7940494183387582,0.0,0.0,3.9877327847480846,4.824550151824951
2864601_0.496,78,0.9853293403601217,9,True,False,0.0,1.0,0.0,0.0,0.0,0.0,0.0,0.0
2864601_0.496,78,0.9853293403601217,10,False,False,0.9514895833333333,0.04851041666666667,1.2212992572892025,0.7450086031887938,0.0,1.1626554131507874,3.2666587829589844,8.084026336669922
2864601_0.496,78,0.9853293403601217,11,False,False,0.7247708333333334,0.2752291666666667,0.5114354486078005,0.5638765726992816,0.0,0.37950029969215393,2.4686890387535096,4.873641490936279
2864601_0.496,78,0.9853293403601217,12,False,False,0.9589895833333333,0.04101041666666667,1.6784767973561774,1.5984639520571082,0.0,1.2601032257080078,7.516390323638916,13.136415481567383
2864601_0.496,78,0.9853293403601217,13,False,False,0.9736875,0.0263125,1.3925024165428022,0.6838014264674915,0.0,1.3342161178588867,3.3181384515762335,5.537622451782227
2864601_0.496,78,0.9853293403601217,14,False,False,0.5593229166666667,0.44067708333333333,0.3490502456287679,0.4891347074663849,0.0,0.10723112151026726,1.9981099450588267,4.4379401206970215
2864601_0.496,78,0.9853293403601217,15,False,False,0.7211666666666666,0.2788333333333333,1.0035572311570964,0.9948235848786077,0.0,0.7772365808486938,3.586945693492893,6.165543556213379
2864601_0.496,78,0.9853293403601217,16,False,False,0.6125208333333333,0.38747916666666665,0.7956419575955815,0.9165608489197116,0.0,0.44461897015571594,3.323895926475526,4.110122203826904
2864601_0.261,79,0.9853273244133539,0,False,False,0.6531145833333334,0.34688541666666667,0.4599988576499802,0.5816159494222821,0.0,0.2679216265678406,2.540456306934362,2.863478660583496
2864601_0.261,79,0.9853273244133539,1,False,False,0.9754479166666666,0.024552083333333332,1.1969285968425556,0.8943037644110446,0.0,0.9584315121173859,4.5363616132736215,5.428619384765625
2864601_0.261,79,0.9853273244133539,2,False,False,0.9368125,0.0631875,0.35725234167215086,0.34258964223294047,0.0,0.2694343030452728,1.6075482368469238,2.7864410877227783
2864601_0.261,79,0.9853273244133539,3,False,False,0.03746875,0.96253125,0.015179541938152397,0.11876724732336519,0.0,0.0,0.5086947804689493,2.986367702484131
2864601_0.261,79,0.9853273244133539,4,False,False,0.977625,0.022375,1.2566089573567942,0.9897865530248898,0.0,1.0408024787902832,4.553629398345947,9.42004108428955
2864601_0.261,79,0.9853273244133539,5,False,False,0.08001041666666667,0.9199895833333334,0.021761023058640604,0.09953560510505151,0.0,0.0,0.519591110348709,1.6024869680404663
2864601_0.261,79,0.9853273244133539,6,False,False,0.1115,0.8885,0.13918697239255562,0.49248169278901327,0.0,0.0,2.7348982620239397,3.6506054401397705
2864601_0.261,79,0.9853273244133539,7,False,False,0.74484375,0.25515625,0.4422932315255902,0.490549949121506,0.0,0.332985520362854,2.145930261611939,4.0685014724731445
2864601_0.261,79,0.9853273244133539,8,False,False,0.23133333333333334,0.7686666666666667,0.12391169408801579,0.35570711008202455,0.0,0.0,1.6766667366027832,7.316273212432861
2864601_0.261,79,0.9853273244133539,9,False,False,0.8609479166666667,0.13905208333333333,0.8577748070644405,0.7183942792794293,0.0,0.7393779456615448,3.2152130603790283,4.997463703155518
2864601_0.261,79,0.9853273244133539,10,False,False,0.4090520833333333,0.5909479166666667,0.26484794725055405,0.4972509245594661,0.0,0.0,2.2102113699913035,4.864519119262695
2864601_0.261,79,0.9853273244133539,11,False,False,0.8668854166666666,0.13311458333333334,1.2108346887511297,0.8773552000833091,0.0,1.1428017020225525,3.720151245594026,5.053297519683838
2864601_0.261,79,0.9853273244133539,12,False,False,0.08944791666666667,0.9105520833333334,0.07255640396341187,0.3363616050916566,0.0,0.0,1.8527413606643677,5.643749713897705
2864601_0.261,79,0.9853273244133539,13,False,False,0.9930104166666667,0.006989583333333334,1.3394653026670311,1.116051873168142,0.0676320469379425,0.9878962934017181,5.506179332733154,6.1565656661987305
2864601_0.261,79,0.9853273244133539,14,False,False,0.46382291666666664,0.5361770833333334,0.22268196566418716,0.3397741888655561,0.0,0.0,1.2690470218658447,3.2489986419677734
2864601_0.261,79,0.9853273244133539,15,False,False,0.1001875,0.8998125,0.044692094676527634,0.1973601176164787,0.0,0.0,1.0516184091568046,2.9823272228240967
2864601_0.261,79,0.9853273244133539,16,False,False,0.18240625,0.81759375,0.07387564805098047,0.21019049994247585,0.0,0.0,1.0195762586593684,2.992882490158081
2864601_0.261,79,0.9853273244133539,17,False,False,0.018541666666666668,0.9814583333333333,0.016218381611117366,0.1635691353467384,0.0,0.0,0.49100702345374697,4.408771514892578
2864601_0.261,79,0.9853273244133539,18,False,False,0.30835416666666665,0.6916458333333333,0.09425211655294698,0.22083846629286066,0.0,0.0,1.0249781608581543,3.2425875663757324
2864601_0.261,79,0.9853273244133539,19,False,False,0.9843645833333333,0.015635416666666666,1.2909300425412824,0.8622426344256121,0.0,1.1259381771087646,4.026156497001648,7.139922618865967
2864601_0.261,79,0.9853273244133539,20,False,True,0.00321875,0.99678125,0.0007293325637695792,0.023027998339183942,0.0,0.0,0.0,1.6317087411880493
2864601_0.261,79,0.9853273244133539,21,False,False,0.3983229166666667,0.6016770833333334,0.29977852422832696,0.6054884952324284,0.0,0.0,2.7504931354522797,3.260571241378784
2864601_0.252,80,0.9853124464355186,0,False,False,0.99871875,0.00128125,1.9186729582995565,0.7768777563595217,0.3504295098781586,1.875762939453125,4.06674861907959,6.558851718902588
2864601_0.252,80,0.9853124464355186,1,False,False,0.3159166666666667,0.6840833333333334,0.16537709426466668,0.30448189489071575,0.0,0.0,1.1036548984050758,1.9178872108459473
2864601_0.252,80,0.9853124464355186,2,False,False,0.3344479166666667,0.6655520833333334,0.3683329701547155,0.7813884632347086,0.0,0.0,3.497995412349712,4.121430397033691
2864601_0.252,80,0.9853124464355186,3,False,False,0.942125,0.057875,1.1390284636223,0.7309028441806288,0.0,1.0503085851669312,3.3407156538963325,4.765593528747559
2864601_0.252,80,0.9853124464355186,4,True,False,0.0,1.0,0.0,0.0,0.0,0.0,0.0,0.0
2864601_0.252,80,0.9853124464355186,5,False,False,0.8233333333333334,0.17666666666666667,0.7257279132631963,0.8502047068974108,0.0,0.507807731628418,4.221483254432684,5.073512554168701
2864601_0.252,80,0.9853124464355186,6,False,False,0.11144791666666666,0.8885520833333334,0.07723935919902124,0.30230557266373587,0.0,0.0,1.6274060380458844,3.57523512840271
2864601_0.252,80,0.9853124464355186,7,False,False,0.8066770833333333,0.19332291666666668,0.6533036941836059,0.6468598767412743,0.0,0.5019351840019226,2.768582344055176,4.597632884979248
2864601_0.252,80,0.9853124464355186,8,False,False,0.9374583333333333,0.06254166666666666,0.8923206164699549,0.6463048752648244,0.0,0.7770133316516876,2.7563131403923076,4.5787034034729
2864601_0.252,80,0.9853124464355186,9,False,False,0.1415,0.8585,0.038748010023732946,0.1261830144579781,0.0,0.0,0.6214579433202784,1.4534460306167603
2864601_0.252,80,0.9853124464355186,10,False,False,0.10766666666666666,0.8923333333333333,0.0301430536327141,0.11652823365406778,0.0,0.0,0.6250477516651245,1.7234764099121094
2864601_0.252,80,0.9853124464355186,11,False,False,0.9833125,0.0166875,1.4386566284712126,0.770955507684148,0.0,1.3610858917236328,3.843660354614258,7.0480265617370605
2864601_0.252,80,0.9853124464355186,12,False,False,0.9977708333333334,0.0022291666666666666,1.9673400084052677,1.065210590696662,0.15776175379753113,1.81782066822052,5.689228620529203,8.732396125793457
2864601_0.252,80,0.9853124464355186,13,False,False,0.98484375,0.01515625,1.2726938158361873,0.6610437198527297,0.0,1.2189140915870667,3.1351804733276367,4.570418834686279
2864601_0.252,80,0.9853124464355186,14,False,False,0.3191041666666667,0.6808958333333334,0.19268759564152443,0.42080864135516627,0.0,0.0,2.053692579269409,3.553262233734131
2864601_0.252,80,0.9853124464355186,15,True,False,0.0,1.0,0.0,0.0,0.0,0.0,0.0,0.0
2864601_0.252,80,0.9853124464355186,16,False,False,0.9965104166666666,0.0034895833333333333,1.5083316159094957,0.5686855410525835,0.23059672683477403,1.487531840801239,3.1451516079902677,5.762231349945068
2864601_0.208,81,0.9853096868068765,0,False,False,0.04255208333333333,0.9574479166666666,0.01803086330681041,0.11921769408865307,0.0,0.0,0.6644150018692017,2.346320867538452
2864601_0.208,81,0.9853096868068765,1,False,False,0.9429895833333334,0.05701041666666667,1.0949546263135561,0.7490492018663124,0.0,0.9923292398452759,3.5012548470497142,5.917013645172119
2864601_0.208,81,0.9853096868068765,2,False,False,0.33710416666666665,0.6628958333333334,0.14643608392968607,0.28440125028850927,0.0,0.0,1.2619545912742633,3.184309959411621
2864601_0.208,81,0.9853096868068765,3,False,False,0.09498958333333334,0.9050104166666667,0.045925376014586315,0.2360132859920513,0.0,0.0,1.123334236145024,4.888187885284424
2864601_0.208,81,0.9853096868068765,4,False,False,0.80975,0.19025,0.4477475917324447,0.42004088903686887,0.0,0.3789318799972534,1.819694989919663,3.2486720085144043
2864601_0.208,81,0.9853096868068765,5,False,False,0.86459375,0.13540625,0.8393629910281984,0.7710926232764096,0.0,0.6802799105644226,3.4522018027305608,5.6776299476623535
2864601_0.208,81,0.9853096868068765,6,False,False,0.6594375,0.3405625,0.6853560550850877,1.1622668426725256,0.0,0.2587991952896118,6.047608375549316,7.809980869293213
2864601_0.208,81,0.9853096868068765,7,False,False,0.0111875,0.9888125,0.0017616505741395183,0.02419957473431511,0.0,0.0,0.013690858408808742,0.8154448866844177
2864601_0.208,81,0.9853096868068765,8,False,False,0.87015625,0.12984375,1.1279736851970645,1.0089052573244865,0.0,0.9235548973083496,4.45256453990937,8.742754936218262
2864601_0.208,81,0.9853096868068765,9,False,False,0.9800104166666667,0.019989583333333335,0.8886536612921014,0.5792864143999814,0.0,0.7917108535766602,2.759599208831787,4.393527030944824
2864601_0.208,81,0.9853096868068765,10,False,False,0.69309375,0.30690625,0.43107256084106105,0.517501405264481,0.0,0.272177517414093,2.257164716720581,4.621501922607422
2864601_0.208,81,0.9853096868068765,11,False,False,0.21995833333333334,0.7800416666666666,0.05486588203823601,0.1313173356267927,0.0,0.0,0.5773277932405472,1.163432002067566
2864601_0.208,81,0.9853096868068765,12,False,False,0.21463541666666666,0.7853645833333334,0.22611775785763377,0.6004619084872996,0.0,0.0,3.04380869388581,4.258965492248535
2864601_0.208,81,0.9853096868068765,13,False,False,0.9229375,0.0770625,1.5282597545855976,1.1824560291529678,0.0,1.2989914417266846,5.256877422332764,9.557631492614746
2864601_0.208,81,0.9853096868068765,14,False,False,0.70440625,0.29559375,0.5046112037568491,0.6107903059488148,0.0,0.29280297458171844,2.6326943135261573,4.644264221191406
2864601_0.230,82,0.9852937460407709,0,False,False,0.010072916666666668,0.9899270833333333,0.0015061620369378943,0.02204172558905576,0.0,0.0,0.0010683453874662519,0.754087507724762
2864601_0.230,82,0.9852937460407709,1,False,False,0.9857291666666667,0.014270833333333333,1.5321968187596746,1.218942015486242,0.0,1.2091435194015503,5.676591873168945,10.508418083190918
2864601_0.230,82,0.9852937460407709,2,False,False,0.9655833333333333,0.034416666666666665,1.0163302149061397,0.6446194759329272,0.0,0.9111166894435883,2.804980754852295,5.46392822265625
2864601_0.230,82,0.9852937460407709,3,True,False,0.0,1.0,0.0,0.0,0.0,0.0,0.0,0.0
2864601_0.230,82,0.9852937460407709,4,False,False,0.62309375,0.37690625,0.3454369212493243,0.43028620091896613,0.0,0.21217358857393265,1.8600016200542469,3.785249710083008
2864601_0.230,82,0.9852937460407709,5,False,False,0.3947395833333333,0.6052604166666666,0.24997655484188067,0.4469713007984217,0.0,0.0,1.8656731843948364,3.602177619934082
2864601_0.230,82,0.9852937460407709,6,True,False,0.0,1.0,0.0,0.0,0.0,0.0,0.0,0.0
2864601_0.230,82,0.9852937460407709,7,False,False,0.8119895833333334,0.18801041666666668,0.5388965700806992,0.4121203342544342,0.0,0.561631977558136,1.5585734844207764,3.6825754642486572
2864601_0.230,82,0.9852937460407709,8,False,False,0.9348020833333334,0.06519791666666666,1.0821955637317793,0.8433215211524724,0.0,0.9542379379272461,4.021960802078253,8.066643714904785
2864601_0.230,82,0.9852937460407709,9,False,False,0.09098958333333333,0.9090104166666667,0.06081935167728526,0.2684624965219822,0.0,0.0,1.4772189700603524,3.5846221446990967
2864601_0.230,82,0.9852937460407709,10,False,False,0.94525,0.05475,0.852553092924591,0.5064326866640197,0.0,0.8509805798530579,2.0696765041351353,3.128565549850464
2864601_0.230,82,0.9852937460407709,11,False,False,0.02033333333333333,0.9796666666666667,0.023664050100177823,0.1877529194633454,0.0,0.0,1.275275468826294,2.5796256065368652
2864601_0.230,82,0.9852937460407709,12,False,False,0.42028125,0.57971875,0.21159262530018844,0.3443501483706811,0.0,0.0,1.2949460744857788,2.5269713401794434
2864601_0.230,82,0.9852937460407709,13,False,False,0.9967708333333334,0.0032291666666666666,0.9633130595409766,0.44762135408688,0.06303211383521556,0.9326027035713196,2.384900169372565,3.9992754459381104
2864601_0.230,82,0.9852937460407709,14,False,False,0.9655104166666667,0.03448958333333333,1.1565255049826166,0.6750700951995287,0.0,1.0974676012992859,3.4840540885925293,6.096681118011475
2864601_0.230,82,0.9852937460407709,15,False,False,0.181,0.819,0.31761398453982204,0.9377994315230093,0.0,0.0,4.884023604393007,5.706923484802246
2864601_0.230,82,0.9852937460407709,16,False,False,0.979375,0.020625,1.0821691179117152,0.50783245512608,0.0,1.1037160754203796,2.3120250058174228,3.894946813583374
2864601_0.230,82,0.9852937460407709,17,True,False,0.0,1.0,0.0,0.0,0.0,0.0,0.0,0.0
2864601_0.230,82,0.9852937460407709,18,False,False,0.05354166666666667,0.9464583333333333,0.013834619827887763,0.08213734837604877,0.0,0.0,0.441898912191391,1.844842553138733
2864601_0.230,82,0.9852937460407709,19,False,False,0.9921979166666667,0.007802083333333334,1.913785497205444,1.3812939183015402,0.04806230463087559,1.5064510703086853,6.014264330863956,6.794658660888672
2864601_0.230,82,0.9852937460407709,20,False,False,0.3936354166666667,0.6063645833333333,0.45781466646031943,0.8474758572435903,0.0,0.0,3.4385668134689333,4.217615127563477
2864601_0.230,82,0.9852937460407709,21,False,False,0.5102604166666667,0.48973958333333334,0.33611600433621547,0.5513043221689923,0.0,0.016359077766537666,2.5280044484138497,5.344715595245361
2864601_0.452,83,0.9852886081945107,0,True,False,0.0,1.0,0.0,0.0,0.0,0.0,0.0,0.0
2864601_0.452,83,0.9852886081945107,1,False,False,0.8168229166666666,0.18317708333333332,0.5714876972020415,0.5755011654948861,0.0,0.43795567750930786,2.5692232847213754,5.172388553619385
2864601_0.452,83,0.9852886081945107,2,False,False,0.08945833333333333,0.9105416666666667,0.02620571764305699,0.11693907843121,0.0,0.0,0.6369211220741295,2.148817300796509
2864601_0.452,83,0.9852886081945107,3,True,False,0.0,1.0,0.0,0.0,0.0,0.0,0.0,0.0
2864601_0.452,83,0.9852886081945107,4,False,False,0.9780729166666666,0.021927083333333333,1.7795108231599772,1.2123533157221398,0.0,1.5505168437957764,5.493409094810516,9.87832260131836
2864601_0.452,83,0.9852886081945107,5,False,False,0.10302083333333334,0.8969791666666667,0.04896060248768845,0.19045432616614694,0.0,0.0,1.017407667636874,2.4310340881347656
2864601_0.452,83,0.9852886081945107,6,True,False,0.0,1.0,0.0,0.0,0.0,0.0,0.0,0.0
2864601_0.452,83,0.9852886081945107,7,False,False,0.7147291666666666,0.2852708333333333,0.5028526844793143,0.6521907950336676,0.0,0.2801705598831177,3.0088142275810346,5.339268207550049
2864601_0.452,83,0.9852886081945107,8,False,False,0.03028125,0.96971875,0.018703189284855325,0.1415635426178871,0.0,0.0,0.7393961793184322,2.4342546463012695
2864601_0.452,83,0.9852886081945107,9,False,False,0.8188958333333334,0.18110416666666668,0.9853233856042961,0.7858764052428298,0.0,0.9429191648960114,3.3269124031066895,7.748660564422607
2864601_0.452,83,0.9852886081945107,10,False,False,0.05725,0.94275,0.010547275567544905,0.05592870140856853,0.0,0.0,0.33388379037380683,1.1928865909576416
2864601_0.452,83,0.9852886081945107,11,False,False,0.02,0.98,0.008766400763589142,0.07334323294256843,0.0,0.0,0.44674371868372337,1.6729276180267334
2864601_0.452,83,0.9852886081945107,12,False,False,0.34517708333333336,0.6548229166666667,0.1636137940451323,0.3386657970577338,0.0,0.0,1.4975662946701074,5.643921852111816
2864601_0.452,83,0.9852886081945107,13,False,False,0.92496875,0.07503125,1.115985268645776,0.9198823655288344,0.0,0.9482477307319641,4.39544542312623,8.192907333374023
2864601_0.452,83,0.9852886081945107,14,False,False,0.6613541666666667,0.3386458333333333,0.41263958497370373,0.5240839410475616,0.0,0.2453427016735077,2.2311978340148926,7.284919261932373
2864601_0.452,83,0.9852886081945107,15,False,False,0.9283229166666667,0.07167708333333334,1.1134178244266588,0.7314782337085809,0.0,1.0815175771713257,3.6025216579437256,7.270562171936035
2864601_0.452,83,0.9852886081945107,16,True,False,0.0,1.0,0.0,0.0,0.0,0.0,0.0,0.0
2864601_0.452,83,0.9852886081945107,17,False,False,0.3104895833333333,0.6895104166666667,0.19021951166586692,0.36341046321957254,0.0,0.0,1.4348459243774414,2.265392303466797
2864601_0.452,83,0.9852886081945107,18,False,False,0.10620833333333334,0.8937916666666667,0.10053613124137822,0.36094646138021935,0.0,0.0,2.0301970219612158,2.8904221057891846
2864601_0.452,83,0.9852886081945107,19,False,False,0.26059375,0.73940625,0.22522890613728797,0.49183881780140704,0.0,0.0,2.045448064804077,4.8685503005981445
2864601_0.452,83,0.9852886081945107,20,True,False,0.0,1.0,0.0,0.0,0.0,0.0,0.0,0.0
2864601_0.452,83,0.9852886081945107,21,False,False,0.08082291666666666,0.9191770833333334,0.030822724004584415,0.15797706970894707,0.0,0.0,0.7462120199203621,4.126251697540283
2864601_0.452,83,0.9852886081945107,22,False,False,0.12495833333333334,0.8750416666666667,0.05431731665719553,0.21726841600303454,0.0,0.0,1.2541719675064087,3.046466827392578
2864601_0.452,83,0.9852886081945107,23,False,False,0.1429375,0.8570625,0.0510820622893704,0.17747733996715612,0.0,0.0,0.9121039307117617,2.6190664768218994
2864601_0.452,83,0.9852886081945107,24,False,False,0.21202083333333333,0.7879791666666667,0.057636357564121644,0.16132624564627182,0.0,0.0,0.724958598613739,2.820965051651001
2864601_0.452,83,0.9852886081945107,25,False,False,0.7561354166666666,0.24386458333333333,0.7732085247164878,1.0268085144425934,0.0,0.43268802762031555,4.751473698616029,5.699881553649902
2864601_0.452,83,0.9852886081945107,26,True,False,0.0,1.0,0.0,0.0,0.0,0.0,0.0,0.0
2864601_0.452,83,0.9852886081945107,27,False,False,0.09375,0.90625,0.04791246660281514,0.18417877191676257,0.0,0.0,0.9671121174097131,1.4692856073379517
2864601_0.452,83,0.9852886081945107,28,False,False,0.14007291666666666,0.8599270833333333,0.0618185999785048,0.21792765084607796,0.0,0.0,1.1081621623039302,3.5277469158172607
2864601_0.452,83,0.9852886081945107,29,False,False,0.8681875,0.1318125,1.1262925843309368,0.9367332445983355,0.0,0.9790236055850983,3.9167679095268273,6.048433303833008
2864601_0.452,83,0.9852886081945107,30,False,False,0.038927083333333334,0.9610729166666667,0.013652571688263303,0.09806927926482313,0.0,0.0,0.4787510335445404,2.8473479747772217
2864601_0.498,84,0.9852847366278263,0,False,False,0.30014583333333333,0.6998541666666667,0.16162341451856443,0.34681579928224254,0.0,0.0,1.4815504932403671,3.0799942016601562
2864601_0.498,84,0.9852847366278263,1,False,False,0.5865833333333333,0.41341666666666665,0.37456711530675163,0.48733375580249777,0.0,0.17999929189682007,2.073801889419559,4.193610191345215
2864601_0.498,84,0.9852847366278263,2,False,False,0.23935416666666667,0.7606458333333334,0.27695158906014516,0.6533005390543012,0.0,0.0,2.929171323776254,3.8396706581115723
2864601_0.498,84,0.9852847366278263,3,False,False,0.03357291666666667,0.9664270833333334,0.019645416669466613,0.14165292783299016,0.0,0.0,0.7554799914360046,3.290595531463623
2864601_0.498,84,0.9852847366278263,4,False,False,0.8556458333333333,0.14435416666666667,1.005006971729058,0.8329167304517804,0.0,0.9087461829185486,3.4577868723869325,5.844686031341553
2864601_0.498,84,0.9852847366278263,5,False,False,0.82940625,0.17059375,0.5180097309391132,0.5828190850607624,0.0,0.34010064601898193,2.521960804462446,5.025354385375977
2864601_0.498,84,0.9852847366278263,6,True,False,0.0,1.0,0.0,0.0,0.0,0.0,0.0,0.0
2864601_0.498,84,0.9852847366278263,7,False,False,0.038572916666666665,0.9614270833333334,0.026816478102624386,0.1901020276831015,0.0,0.0,0.9382585883140564,4.164806842803955
2864601_0.498,84,0.9852847366278263,8,False,False,0.11841666666666667,0.8815833333333334,0.046651357328109044,0.18994554792960902,0.0,0.0,0.9635966420173645,3.0391924381256104
2864601_0.498,84,0.9852847366278263,9,False,False,0.9242604166666667,0.07573958333333333,1.0682356267490334,0.7272707639439323,0.0,1.0219477415084839,2.706087112426758,5.4468159675598145
2864601_0.498,84,0.9852847366278263,10,True,False,0.0,1.0,0.0,0.0,0.0,0.0,0.0,0.0
2864601_0.498,84,0.9852847366278263,11,False,False,0.675625,0.324375,0.5118249731149364,0.5391070809944243,0.0,0.401821106672287,2.085777766704567,5.807511806488037
2864601_0.498,84,0.9852847366278263,12,False,False,0.034520833333333334,0.9654791666666667,0.009274114573634052,0.06780591510367767,0.0,0.0,0.32513441294434253,1.4355673789978027
2864601_0.498,84,0.9852847366278263,13,False,False,0.28169791666666666,0.7183020833333333,0.28587075761061503,0.5673658268955645,0.0,0.0,2.1231242918968207,2.642239570617676
2864601_0.498,84,0.9852847366278263,14,False,False,0.9657083333333333,0.034291666666666665,2.0111277063613398,1.301820537389575,0.0,1.8426405787467957,6.164558787345891,10.592825889587402
2864601_0.498,84,0.9852847366278263,15,True,False,0.0,1.0,0.0,0.0,0.0,0.0,0.0,0.0
2864601_0.498,84,0.9852847366278263,16,False,False,0.9675104166666667,0.032489583333333336,1.3888003563434652,0.7374491153790237,0.0,1.3482244610786438,3.3480583691597006,5.20464563369751
2864601_0.498,84,0.9852847366278263,17,False,False,0.029229166666666667,0.9707708333333334,0.016532330746525152,0.1129018875582917,0.0,0.0,0.7675290560722364,1.3043838739395142
2864601_0.498,84,0.9852847366278263,18,True,False,0.0,1.0,0.0,0.0,0.0,0.0,0.0,0.0
2864601_0.498,84,0.9852847366278263,19,True,False,0.0,1.0,0.0,0.0,0.0,0.0,0.0,0.0
2864601_0.498,84,0.9852847366278263,20,False,False,0.0924375,0.9075625,0.07466633510355557,0.27636201805186333,0.0,0.0,1.4640547740459455,2.2316040992736816
2864601_0.498,84,0.9852847366278263,21,False,False,0.39645833333333336,0.6035416666666666,0.2567156368117624,0.407290797274824,0.0,0.0,1.5720069253444673,3.8784217834472656
2864601_0.498,84,0.9852847366278263,22,False,False,0.09963541666666667,0.9003645833333334,0.03960862909839814,0.1617471106139073,0.0,0.0,0.8911166167259259,1.9209856986999512
2864601_0.498,84,0.9852847366278263,23,False,False,1.0,0.0,3.392774025215457,1.2582749534142008,1.3099749279022217,3.290902853012085,6.996609544754029,9.392707824707031
2864601_0.498,84,0.9852847366278263,24,False,False,0.5618541666666667,0.43814583333333335,0.539355353426992,0.6520629344029608,0.0,0.22880683094263077,2.23231015682222,5.719776630401611
2864601_0.498,84,0.9852847366278263,25,False,False,0.47480208333333335,0.5251979166666667,0.3911680128605729,0.6615112732823308,0.0,0.0,3.1149208545684814,6.856278419494629
2864601_0.498,84,0.9852847366278263,26,False,False,0.849125,0.150875,0.7996986498780696,0.7672394667050533,0.0,0.589942216873169,3.3846399784088135,5.3245344161987305
2864601_0.498,84,0.9852847366278263,27,False,False,0.4895625,0.5104375,0.36140326733468636,0.5709675004823794,0.0,0.0,2.4799822831153975,4.113369941711426
2864601_0.498,84,0.9852847366278263,28,False,False,0.10357291666666667,0.8964270833333333,0.04492848748471018,0.19144800380615984,0.0,0.0,0.9919954425096589,2.6615149974823
2864601_0.498,84,0.9852847366278263,29,True,False,0.0,1.0,0.0,0.0,0.0,0.0,0.0,0.0
2864601_0.271,85,0.9852781663945789,0,False,False,0.67896875,0.32103125,0.28317965639242654,0.3310440567987736,0.0,0.1998302936553955,1.3394325542449979,4.7152557373046875
2864601_0.271,85,0.9852781663945789,1,False,False,0.28989583333333335,0.7101041666666666,0.08341084563454729,0.19311143339658707,0.0,0.0,0.9422193843126396,1.9474773406982422
2864601_0.271,85,0.9852781663945789,2,False,False,0.44704166666666667,0.5529583333333333,0.09700835837854292,0.18388524596128936,0.0,0.0,0.8873943090438843,2.1097686290740967
2864601_0.271,85,0.9852781663945789,3,False,False,0.9856666666666667,0.014333333333333333,1.3356618468925836,0.7724091120630922,0.0,1.2535380125045776,3.4579819130897547,4.961878776550293
2864601_0.271,85,0.9852781663945789,4,False,False,0.18332291666666667,0.8166770833333333,0.10163520675537252,0.2739779345136842,0.0,0.0,1.287580575942994,1.491180658340454
2864601_0.271,85,0.9852781663945789,5,False,False,0.97940625,0.02059375,0.5984078287407496,0.46387795691045686,0.0,0.479748398065567,2.194573163986206,4.128706932067871
2864601_0.271,85,0.9852781663945789,6,False,False,1.0,0.0,1.4497517293719575,0.4450928827947016,0.6591671705245972,1.3848404288291931,2.8739573788642914,4.809540271759033
2864601_0.271,85,0.9852781663945789,7,False,False,0.9821770833333333,0.017822916666666667,0.9427288172218572,0.5166394633493,0.0,0.8991692662239075,2.657688856124878,4.344042778015137
2864601_0.271,85,0.9852781663945789,8,False,False,0.8215416666666666,0.17845833333333333,0.5778567453256477,0.4723009614904659,0.0,0.5448157787322998,1.7118739807605747,4.521975517272949
2864601_0.271,85,0.9852781663945789,9,False,False,0.5049895833333333,0.4950104166666667,0.1628333258992338,0.2801502874344666,0.0,0.0038368350360542536,1.3012325763702393,3.5711042881011963
2864601_0.271,85,0.9852781663945789,10,False,False,1.0,0.0,1.0256003784382095,0.31172119492072825,0.4465448659658432,0.9988260865211487,1.9284138607978851,3.0573244094848633
2864601_0.271,85,0.9852781663945789,11,False,False,0.67575,0.32425,0.4373991329199155,0.5561000053582662,0.0,0.24119781702756882,2.3726320362091093,5.107265472412109
2864601_0.271,85,0.9852781663945789,12,False,False,0.8955416666666667,0.10445833333333333,0.5829302623179042,0.41820091808366494,0.0,0.5464031100273132,1.6468734920024881,3.2103023529052734
2864601_0.271,85,0.9852781663945789,13,False,False,0.9626458333333333,0.03735416666666667,0.7394988028277879,0.5218094258819922,0.0,0.6539807319641113,2.2504823207855225,4.44100284576416
2864601_0.271,85,0.9852781663945789,14,False,False,0.7290104166666667,0.27098958333333334,0.48172267524942747,0.4982438986085434,0.0,0.3886945843696594,2.0885090470314167,3.483059883117676
2864601_0.271,85,0.9852781663945789,15,False,False,0.950625,0.049375,0.5312420085626788,0.279275621974782,0.0,0.5347631573677063,1.2691155672073364,2.713319778442383
2864601_0.271,85,0.9852781663945789,16,True,False,0.0,1.0,0.0,0.0,0.0,0.0,0.0,0.0
2864601_0.271,85,0.9852781663945789,17,False,False,1.0,0.0,1.1523146595409295,0.3594448977555321,0.43372490227222443,1.1234301328659058,2.127450971603395,2.9304747581481934
2864601_0.271,85,0.9852781663945789,18,False,False,0.26079166666666664,0.7392083333333334,0.057466387320172674,0.12338594955275697,0.0,0.0,0.5060857534408569,0.8812946081161499
2864601_0.271,85,0.9852781663945789,19,False,False,0.0879375,0.9120625,0.04295208692674775,0.17728982518351913,0.0,0.0,1.1097014451026936,1.3519785404205322
2864601_0.271,85,0.9852781663945789,20,False,False,0.0256875,0.9743125,0.003926476117624437,0.034399060930892775,0.0,0.0,0.13954879343509674,0.7392556071281433
2864601_0.271,85,0.9852781663945789,21,False,False,0.5825833333333333,0.41741666666666666,0.2378519856570312,0.3151826726857761,0.0,0.08742968365550041,1.2048513448238385,1.3906022310256958
2864601_0.271,85,0.9852781663945789,22,False,False,0.9675104166666667,0.032489583333333336,0.9898289334241651,0.5067534224551132,0.0,0.9907073974609375,2.3911778926849365,3.5168161392211914
2864601_0.450,86,0.9852622576533231,0,False,False,0.9909479166666667,0.009052083333333334,3.0858716288669004,2.317014867354276,0.01853289343416691,2.6596518754959106,10.272073745727539,20.235727310180664
2864601_0.450,86,0.9852622576533231,1,False,False,0.39298958333333334,0.6070104166666667,0.5310746048177218,0.9258237176465687,0.0,0.0,3.979952096939087,9.15296459197998
2864601_0.450,86,0.9852622576533231,2,False,False,0.8978125,0.1021875,1.6416500118817883,1.5285682554173596,0.0,1.2397425174713135,6.756560592651367,11.700325965881348
2864601_0.450,86,0.9852622576533231,3,True,False,0.0,1.0,0.0,0.0,0.0,0.0,0.0,0.0
2864601_0.450,86,0.9852622576533231,4,False,False,0.9868229166666667,0.013177083333333334,2.267528701774841,1.7605050085033844,0.0,1.8337385654449463,8.865431184768692,16.050745010375977
2864601_0.450,86,0.9852622576533231,5,False,False,0.03196875,0.96803125,0.04216042751005686,0.27031891048296686,0.0,0.0,1.940915822982788,3.010446548461914
2864601_0.450,86,0.9852622576533231,6,False,False,0.8665833333333334,0.13341666666666666,1.2124505218079267,1.1469683270441593,0.0,0.9788667559623718,5.472585854530339,10.071760177612305
2864601_0.450,86,0.9852622576533231,7,False,False,0.12484375,0.87515625,0.20604416150410906,0.6361994676212566,0.0,0.0,3.068826861381533,3.752542495727539
2864601_0.450,86,0.9852622576533231,8,False,False,0.11546875,0.88453125,0.20518454322191126,0.8159708302542125,0.0,0.0,4.435744285583496,10.880020141601562
2864601_0.450,86,0.9852622576533231,9,False,False,0.3499375,0.6500625,0.5305004814602973,1.0157878784829861,0.0,0.0,4.093277091979988,5.666792392730713
2864601_0.46,87,0.9852597481974614,0,False,False,0.43744791666666666,0.5625520833333333,0.29381314662574404,0.48196166753518793,0.0,0.0,1.9222495555877686,5.740861892700195
2864601_0.46,87,0.9852597481974614,1,False,False,0.973,0.027,1.6836604714218188,1.2102046604890473,0.0,1.437531590461731,5.830393033027651,13.498712539672852
2864601_0.46,87,0.9852597481974614,2,False,False,0.14797916666666666,0.8520208333333333,0.08625713976386426,0.27026311110380985,0.0,0.0,1.2920938730239868,3.1277525424957275
2864601_0.46,87,0.9852597481974614,3,False,False,0.9553958333333333,0.04460416666666667,1.7523619716019305,0.9386383978267265,0.0,1.68303382396698,4.360152244567871,7.643288612365723
2864601_0.46,87,0.9852597481974614,4,False,False,0.7693333333333333,0.23066666666666666,0.8168470889912639,0.7976092871562346,0.0,0.6381604969501495,2.9981393218040493,5.291574001312256
2864601_0.46,87,0.9852597481974614,5,False,False,0.9183125,0.0816875,1.404238250645054,1.139377149638612,0.0,1.1840704083442688,4.988802909851074,9.237903594970703
2864601_0.46,87,0.9852597481974614,6,False,False,0.37252083333333336,0.6274791666666667,0.5899681603426963,1.2755494972621113,0.0,0.0,6.256776332855225,7.305386543273926
2864601_0.46,87,0.9852597481974614,7,False,False,0.8994375,0.1005625,1.894299561588216,1.4007448200386194,0.0,1.7485862374305725,5.7243123054504395,9.547218322753906
2864601_0.46,87,0.9852597481974614,8,False,False,0.142875,0.857125,0.14181644578761185,0.5208130753885575,0.0,0.0,2.542248129844713,9.937105178833008
2864601_0.46,87,0.9852597481974614,9,False,False,0.3420520833333333,0.6579479166666666,0.28672577506419444,0.5170636989570496,0.0,0.0,2.02294490337372,3.1848561763763428
2864601_0.46,87,0.9852597481974614,10,False,False,0.3325,0.6675,0.19090951710324847,0.44541151308572247,0.0,0.0,2.1172301959992095,7.67575740814209
2864601_0.46,87,0.9852597481974614,11,False,False,0.9192604166666667,0.08073958333333334,2.1480843759859507,1.7649051343706168,0.0,1.8807932138442993,8.99766228675843,11.269396781921387
2864601_0.46,87,0.9852597481974614,12,True,False,0.0,1.0,0.0,0.0,0.0,0.0,0.0,0.0
2864601_0.46,87,0.9852597481974614,13,False,False,0.0825,0.9175,0.03705599879552801,0.16380854422470287,0.0,0.0,0.8819216555356989,3.8047330379486084
2864601_0.46,87,0.9852597481974614,14,False,False,0.6748229166666667,0.32517708333333334,0.7329180816720782,0.8914296952842127,0.0,0.4350801408290863,3.8090429568290824,8.081206321716309
2864601_0.46,87,0.9852597481974614,15,False,False,0.060760416666666664,0.9392395833333333,0.050857386476164494,0.30807374436185786,0.0,0.0,1.486219466924692,7.254626274108887
2864601_0.46,87,0.9852597481974614,16,False,False,0.5920833333333333,0.40791666666666665,0.47224593232935197,0.6728100124852314,0.0,0.20049192756414413,3.105122916698459,7.456478595733643
2864601_0.46,87,0.9852597481974614,17,False,False,0.084875,0.915125,0.03377039877885367,0.1679691944821577,0.0,0.0,0.8085953938961048,3.028867721557617
2864601_0.46,87,0.9852597481974614,18,False,False,0.95771875,0.04228125,1.3280156813936936,0.70032697906313,0.0,1.3182408809661865,3.1837510991096507,5.036808490753174
2864601_0.46,87,0.9852597481974614,19,False,False,0.05621875,0.94378125,0.057047333890792896,0.3027034413414158,0.0,0.0,1.9848484206199901,3.094926595687866
2864601_0.308,88,0.9852545456058796,0,False,False,0.5067604166666667,0.49323958333333334,0.2670679795169534,0.40594953329404515,0.0,0.011405610013753176,1.7364177870750443,4.080430030822754
2864601_0.308,88,0.9852545456058796,1,False,False,0.60196875,0.39803125,0.40363249886021,0.6066004294982849,0.0,0.13591600209474564,2.8378186702728283,5.9502153396606445
2864601_0.308,88,0.9852545456058796,2,False,False,0.09822916666666667,0.9017708333333333,0.05704282933677647,0.3291513157145569,0.0,0.0,1.2179568600655184,9.559138298034668
2864601_0.308,88,0.9852545456058796,3,False,False,0.7611770833333333,0.23882291666666666,0.44312637277485495,0.47425671516735274,0.0,0.33981189131736755,2.0874592971801764,5.513845920562744
2864601_0.308,88,0.9852545456058796,4,False,False,0.4425625,0.5574375,0.20059424202963919,0.34047149880798766,0.0,0.0,1.4332917714119107,2.8343260288238525
2864601_0.308,88,0.9852545456058796,5,True,False,0.0,1.0,0.0,0.0,0.0,0.0,0.0,0.0
2864601_0.308,88,0.9852545456058796,6,False,False,0.23222916666666665,0.7677708333333333,0.23008294446805333,0.5530124494021686,0.0,0.0,2.5955168795585655,2.8674254417419434
2864601_0.308,88,0.9852545456058796,7,False,False,0.0813125,0.9186875,0.03829367125758775,0.15860112196391535,0.0,0.0,0.9133434349298504,1.6228135824203491
2864601_0.308,88,0.9852545456058796,8,False,False,0.49153125,0.50846875,0.2537580299191607,0.3762440372748874,0.0,0.0,1.5775390195846577,3.105551242828369
2864601_0.308,88,0.9852545456058796,9,False,False,0.21114583333333334,0.7888541666666666,0.11972835609108533,0.37410215544322617,0.0,0.0,1.9989315271377563,4.621945858001709
2864601_0.308,88,0.9852545456058796,10,False,False,0.4209791666666667,0.5790208333333333,0.33645422292358534,0.60776690850556,0.0,0.0,2.7861597537994385,6.264771461486816
2864601_0.308,88,0.9852545456058796,11,False,False,0.8933541666666667,0.10664583333333333,0.7253522888999814,0.49587688369010213,0.0,0.6787672936916351,2.118481004238133,3.4212799072265625
2864601_0.308,88,0.9852545456058796,12,False,False,0.9863645833333333,0.013635416666666667,1.0678249905727104,0.6092673834609895,0.0,0.9811855256557465,2.8920559883117676,4.373939037322998
2864601_0.308,88,0.9852545456058796,13,False,False,0.10405208333333334,0.8959479166666666,0.033141995127457906,0.16341669759800032,0.0,0.0,0.6724485224485425,5.819485664367676
2864601_0.308,88,0.9852545456058796,14,False,False,0.059125,0.940875,0.023220732038605245,0.13277495481228055,0.0,0.0,0.6887113422155504,2.4211835861206055
2864601_0.308,88,0.9852545456058796,15,False,False,0.8005520833333334,0.19944791666666667,0.49652515675622316,0.5067990192930849,0.0,0.36622896790504456,2.1918931007385254,4.304564952850342
2864601_0.308,88,0.9852545456058796,16,False,False,0.9843229166666667,0.015677083333333335,0.9531031047160832,0.5381466187356551,0.0,0.8738420009613037,2.5691907048225406,3.7497718334198
2864601_0.308,88,0.9852545456058796,17,True,False,0.0,1.0,0.0,0.0,0.0,0.0,0.0,0.0
2864601_0.308,88,0.9852545456058796,18,False,False,0.29804166666666665,0.7019583333333334,0.08979738698597713,0.1944898407641367,0.0,0.0,0.8240643739700317,3.4724717140197754
2864601_0.308,88,0.9852545456058796,19,False,False,0.9908958333333333,0.009104166666666667,0.8286841946480442,0.5355110584001839,0.005206773327663542,0.7358590066432953,2.3756759595871086,5.72408390045166
2864601_0.308,88,0.9852545456058796,20,False,False,0.9158645833333333,0.08413541666666667,0.9826900267854866,0.8982463041987648,0.0,0.7350521087646484,3.8752855229377756,5.573795795440674
2864601_0.308,88,0.9852545456058796,21,False,False,0.06639583333333333,0.9336041666666667,0.04816997379187039,0.27479512200764805,0.0,0.0,1.4385390543937941,6.752268314361572
2864601_0.308,88,0.9852545456058796,22,False,False,0.13354166666666667,0.8664583333333333,0.15963997201921779,0.5403473299352995,0.0,0.0,3.10134220123291,3.5751402378082275
2864601_0.308,88,0.9852545456058796,23,False,False,0.9412395833333334,0.05876041666666667,1.5107424721282388,1.1316862030023425,0.0,1.319068968296051,5.036311149597168,10.03454303741455
2864601_0.308,88,0.9852545456058796,24,False,False,0.19102083333333333,0.8089791666666667,0.10488735226357948,0.26158055180982337,0.0,0.0,1.008575439453125,3.386775493621826
2864601_0.308,88,0.9852545456058796,25,True,False,0.0,1.0,0.0,0.0,0.0,0.0,0.0,0.0
2864601_0.308,88,0.9852545456058796,26,False,False,0.18476041666666668,0.8152395833333334,0.1030387717203959,0.3146888272661579,0.0,0.0,1.5974042809009659,4.743004322052002
2864601_0.308,88,0.9852545456058796,27,False,False,0.6841041666666666,0.3158958333333333,0.48737898751776076,0.535183904006921,0.0,0.3269929587841034,2.0469517707824707,2.6156280040740967
2864601_0.308,88,0.9852545456058796,28,False,False,0.0511875,0.9488125,0.0222853145736226,0.13947718802186945,0.0,0.0,0.7058133256435435,3.7659969329833984
2864601_0.163,89,0.9852532207219727,0,False,False,0.12715625,0.87284375,0.10850511324327636,0.4078603820492195,0.0,0.0,2.164074420928955,6.106438159942627
2864601_0.163,89,0.9852532207219727,1,False,False,0.06446875,0.93553125,0.04593721442803871,0.26680480115620425,0.0,0.0,1.2853927612304688,9.369410514831543
2864601_0.163,89,0.9852532207219727,2,False,False,0.5815520833333333,0.41844791666666664,0.7256159799962786,1.2068777333506397,0.0,0.20004645735025406,5.704894542694113,10.63892650604248
2864601_0.163,89,0.9852532207219727,3,False,False,0.21209375,0.78790625,0.23915258951343002,0.6795421917077187,0.0,0.0,3.263713223934181,8.139403343200684
2864601_0.163,89,0.9852532207219727,4,False,False,0.7272708333333333,0.2727291666666667,0.8266778269508961,0.9689407016696409,0.0,0.5488145351409912,4.356173453331005,10.328028678894043
2864601_0.163,89,0.9852532207219727,5,False,False,0.39116666666666666,0.6088333333333333,0.44298952244276113,0.7672591546716577,0.0,0.0,3.149955263137818,5.139735221862793
2864601_0.163,89,0.9852532207219727,6,False,False,0.021197916666666667,0.9788020833333333,0.022151573574286886,0.2152432101804822,0.0,0.0,0.740113717317658,5.745616436004639
2864601_0.163,89,0.9852532207219727,7,False,False,0.30221875,0.69778125,0.5451796805489435,1.1590619424465776,0.0,0.0,4.933893332481388,5.811615467071533
2864601_0.163,89,0.9852532207219727,8,False,False,0.10795833333333334,0.8920416666666666,0.15129734245496912,0.5567600235176123,0.0,0.0,3.041924326419838,5.134774208068848
2864601_0.163,89,0.9852532207219727,9,False,False,0.39869791666666665,0.6013020833333333,0.3882670047437558,0.7148238857192213,0.0,0.0,3.091854908466364,8.700251579284668
2864601_0.163,89,0.9852532207219727,10,False,False,0.018552083333333334,0.9814479166666666,0.030309663030342864,0.28642962639902936,0.0,0.0,1.1407774686813354,6.502997875213623
2864601_0.163,89,0.9852532207219727,11,False,False,0.07991666666666666,0.9200833333333334,0.09123719110644106,0.481377403900854,0.0,0.0,2.6186885833740234,7.4610466957092285
2864601_0.163,89,0.9852532207219727,12,False,True,0.005604166666666667,0.9943958333333334,0.0020985641564493563,0.0371031334199075,0.0,0.0,0.0,1.6231473684310913
2864601_0.163,89,0.9852532207219727,13,False,False,0.9141666666666667,0.08583333333333333,1.8952977061265914,1.904646711927067,0.0,1.390626311302185,8.602686576843272,17.914106369018555
2864601_0.163,89,0.9852532207219727,14,False,False,0.73153125,0.26846875,1.461033753230541,1.680370537385533,0.0,0.9400065839290619,7.016539893150339,8.481294631958008
2864601_0.163,89,0.9852532207219727,15,False,False,0.10010416666666666,0.8998958333333333,0.12233412874233014,0.50068965591382,0.0,0.0,2.729137897491455,6.54642915725708
2864601_0.163,89,0.9852532207219727,16,False,False,0.91246875,0.08753125,1.3574586549605292,1.2025238212064955,0.0,1.0159608125686646,5.173919448852574,8.823212623596191
2864601_0.163,89,0.9852532207219727,17,False,False,0.69959375,0.30040625,0.9221800264846155,1.0318116627421308,0.0,0.7066600024700165,4.56239441871644,8.90849494934082
2864601_0.163,89,0.9852532207219727,18,False,False,0.3155833333333333,0.6844166666666667,0.42116616469569257,0.9046719101612092,0.0,0.0,4.252867841720591,7.4705352783203125
2864601_0.163,89,0.9852532207219727,19,False,False,0.14839583333333334,0.8516041666666667,0.41742339991865085,1.2616450781253035,0.0,0.0,6.737204270362861,8.114582061767578
2864601_0.163,89,0.9852532207219727,20,False,False,0.07502083333333333,0.9249791666666667,0.094653702536191,0.5196535748649478,0.0,0.0,2.4734044075012207,14.96341609954834
2864601_0.246,90,0.9852519428145636,0,True,False,0.0,1.0,0.0,0.0,0.0,0.0,0.0,0.0
2864601_0.246,90,0.9852519428145636,1,False,False,0.020489583333333332,0.9795104166666667,0.014291324595202241,0.14350346142895054,0.0,0.0,0.4592510759830475,8.544164657592773
2864601_0.246,90,0.9852519428145636,2,False,False,0.0634375,0.9365625,0.061873894151093664,0.3195581979860367,0.0,0.0,1.7381253623962496,4.839097499847412
2864601_0.246,90,0.9852519428145636,3,False,False,0.13303125,0.86696875,0.09641023521686459,0.3868926792301403,0.0,0.0,2.157989501953125,5.329104423522949
2864601_0.246,90,0.9852519428145636,4,False,False,0.07075,0.92925,0.03217673229447212,0.17419658407715505,0.0,0.0,0.822557957768445,7.20932149887085
2864601_0.246,90,0.9852519428145636,5,True,False,0.0,1.0,0.0,0.0,0.0,0.0,0.0,0.0
2864601_0.246,90,0.9852519428145636,6,True,False,0.0,1.0,0.0,0.0,0.0,0.0,0.0,0.0
2864601_0.246,90,0.9852519428145636,7,False,False,0.020625,0.979375,0.00902626938156997,0.089147332796312,0.0,0.0,0.32502710759639775,2.77168869972229
2864601_0.246,90,0.9852519428145636,8,False,False,0.827125,0.172875,1.4321467840031012,1.4681851815568112,0.0,1.0871118903160095,6.340333061218276,11.801281929016113
2864601_0.246,90,0.9852519428145636,9,False,False,0.17926041666666667,0.8207395833333333,0.11589408618303908,0.356767936639158,0.0,0.0,1.8330958080291764,5.692278861999512
2864601_0.246,90,0.9852519428145636,10,False,False,0.6259479166666667,0.37405208333333334,0.7641284033092106,0.999521000210663,0.0,0.3436093032360077,4.516092252731342,9.444141387939453
2864601_0.246,90,0.9852519428145636,11,False,False,0.7699895833333333,0.23001041666666666,0.9984101377453061,0.9644438365389224,0.0,0.833565890789032,3.9521178174019003,7.610694885253906
2864601_0.246,90,0.9852519428145636,12,False,False,0.5642604166666667,0.43573958333333335,0.5408626375662678,0.8174817750544733,0.0,0.16836798191070557,3.6445316720009,9.515785217285156
2864601_0.246,90,0.9852519428145636,13,False,False,0.5763958333333333,0.42360416666666667,0.5794550731124262,0.7650911870982836,0.0,0.22917060554027557,3.150210380554199,5.947234630584717
2864601_0.246,90,0.9852519428145636,14,False,False,0.8242395833333334,0.17576041666666667,1.403672665012238,1.1313287266444476,0.0,1.3312747478485107,4.475254058837891,9.129161834716797
2864601_0.246,90,0.9852519428145636,15,True,False,0.0,1.0,0.0,0.0,0.0,0.0,0.0,0.0
2864601_0.246,90,0.9852519428145636,16,True,False,0.0,1.0,0.0,0.0,0.0,0.0,0.0,0.0
2864601_0.246,90,0.9852519428145636,17,False,False,0.5718229166666666,0.4281770833333333,0.6474724415549963,0.9358946129578909,0.0,0.22282056510448456,3.9760382175445557,14.352709770202637
2864601_0.246,90,0.9852519428145636,18,True,False,0.0,1.0,0.0,0.0,0.0,0.0,0.0,0.0
2864601_0.246,90,0.9852519428145636,19,False,False,0.24460416666666668,0.7553958333333334,0.5685067281607488,1.598801464405734,0.0,0.0,9.000585699081437,11.304314613342285
2864601_0.246,90,0.9852519428145636,20,False,False,0.7546770833333334,0.24532291666666667,1.1913460786887433,1.3753547753242548,0.0,0.8276194334030151,6.862259783744816,8.158791542053223
2864601_0.246,90,0.9852519428145636,21,False,False,0.079,0.921,0.055721451362267846,0.2831013913818339,0.0,0.0,1.3757085096836166,5.51641845703125
2864601_0.246,90,0.9852519428145636,22,True,False,0.0,1.0,0.0,0.0,0.0,0.0,0.0,0.0
2864601_0.246,90,0.9852519428145636,23,False,False,0.16489583333333332,0.8351041666666666,0.43914401336512826,1.3291159305074973,0.0,0.0,6.721985340118408,9.092700004577637
2864601_0.246,90,0.9852519428145636,24,False,False,0.1164375,0.8835625,0.09566710513333146,0.40416045284723473,0.0,0.0,1.8904997110366821,9.879663467407227
2864601_0.246,90,0.9852519428145636,25,False,False,0.7747083333333333,0.22529166666666667,1.5288179871970746,2.0526067877996135,0.0,0.8741151988506317,10.376953125,12.293517112731934
2864601_0.246,90,0.9852519428145636,26,True,False,0.0,1.0,0.0,0.0,0.0,0.0,0.0,0.0
2864601_0.246,90,0.9852519428145636,27,False,False,0.08227083333333333,0.9177291666666667,0.06556350092238426,0.31683266836276397,0.0,0.0,1.7169159650802612,6.210353851318359
2864601_0.246,90,0.9852519428145636,28,True,False,0.0,1.0,0.0,0.0,0.0,0.0,0.0,0.0
2864601_0.438,91,0.9852448117304078,0,False,False,0.018447916666666668,0.9815520833333333,0.011727653722627414,0.12827265032088395,0.0,0.0,0.3326197564601898,4.722071647644043
2864601_0.438,91,0.9852448117304078,1,False,False,0.6251666666666666,0.37483333333333335,0.49633282756871144,0.6204104507248901,0.0,0.2801959812641144,2.628109931945801,4.59425163269043
2864601_0.438,91,0.9852448117304078,2,False,False,0.021791666666666668,0.9782083333333333,0.009913360428067487,0.08331780610291324,0.0,0.0,0.42997994869947503,1.7831627130508423
2864601_0.438,91,0.9852448117304078,3,False,False,0.23585416666666667,0.7641458333333333,0.23119579291571776,0.5451286314028113,0.0,0.0,2.320839538574223,2.7381539344787598
2864601_0.438,91,0.9852448117304078,4,False,False,0.16933333333333334,0.8306666666666667,0.07985799442100142,0.27039138781984173,0.0,0.0,1.4244416272640357,3.662384510040283
2864601_0.438,91,0.9852448117304078,5,False,False,0.027572916666666666,0.9724270833333334,0.01140649327203558,0.10040984889766835,0.0,0.0,0.38432402074337163,3.064136028289795
2864601_0.438,91,0.9852448117304078,6,False,False,0.33310416666666665,0.6668958333333334,0.18355533040930663,0.3640432384348828,0.0,0.0,1.5645256042480469,3.3812143802642822
2864601_0.438,91,0.9852448117304078,7,False,False,0.98553125,0.01446875,1.3570554031576418,0.9950686726269476,0.0,1.1765817403793335,4.425260167121888,7.607288360595703
2864601_0.438,91,0.9852448117304078,8,False,False,0.9838958333333333,0.016104166666666666,1.3527458591321002,0.6612877649903107,0.0,1.2756989002227783,3.452666361331973,5.824671745300293
2864601_0.438,91,0.9852448117304078,9,False,False,0.51684375,0.48315625,0.31591256974010873,0.4664089939348109,0.0,0.03259158134460449,2.0179598331451416,4.565757751464844
2864601_0.438,91,0.9852448117304078,10,False,False,0.1101875,0.8898125,0.11210744369944571,0.38613360344615333,0.0,0.0,2.045772075653076,2.6605100631713867
2864601_0.438,91,0.9852448117304078,11,False,False,1.0,0.0,1.8792470061133693,0.7916727960712503,0.4456193149089813,1.8119648694992065,3.987713646888736,5.747613906860352
2864601_0.438,91,0.9852448117304078,12,False,True,0.009145833333333334,0.9908541666666667,0.002493487167383743,0.052220084428831026,0.0,0.0,0.0,3.7392213344573975
2864601_0.438,91,0.9852448117304078,13,False,False,0.8984895833333333,0.10151041666666667,0.748016656856216,0.4957450406926496,0.0,0.7376254200935364,2.0316193079948444,3.763944149017334
2864601_0.438,91,0.9852448117304078,14,False,False,0.75,0.25,0.6224187355969322,0.6000217890827506,0.0,0.4955890476703644,2.083382949829105,3.252906322479248
2864601_0.438,91,0.9852448117304078,15,False,False,0.22703125,0.77296875,0.2139908726614616,0.5193891169825943,0.0,0.0,2.4155290770530713,2.967623710632324
2864601_0.438,91,0.9852448117304078,16,False,False,0.81446875,0.18553125,0.534928883082064,0.608072750457955,0.0,0.3598954975605011,2.7976469588279818,5.4727349281311035
2864601_0.438,91,0.9852448117304078,17,False,False,0.19686458333333334,0.8031354166666667,0.06937115763134129,0.22060064107652477,0.0,0.0,1.1039304327964803,3.644592523574829
2864601_0.438,91,0.9852448117304078,18,False,False,0.9783229166666667,0.021677083333333333,0.9551314108862304,0.541508142337962,0.0,0.9074395895004272,2.5361571741104125,4.134622573852539
2864601_0.438,91,0.9852448117304078,19,True,False,0.0,1.0,0.0,0.0,0.0,0.0,0.0,0.0
2864601_0.438,91,0.9852448117304078,20,False,False,0.5642083333333333,0.4357916666666667,0.3253048841164073,0.6079986093984001,0.0,0.05820949748158455,3.094984679222108,6.239078044891357
2864601_0.362,92,0.9852437499754315,0,False,False,0.6962604166666667,0.30373958333333334,0.27358589086258134,0.3554049162531747,0.0,0.1570621281862259,1.5700946271419542,3.684039831161499
2864601_0.362,92,0.9852437499754315,1,False,False,0.5507395833333333,0.44926041666666666,0.24929420044458353,0.42251116962936175,0.0,0.05263723433017731,1.9306531620026126,6.347440719604492
2864601_0.362,92,0.9852437499754315,2,False,False,0.131,0.869,0.036116751383042336,0.1410176384046724,0.0,0.0,0.7080687719583594,3.6929166316986084
2864601_0.362,92,0.9852437499754315,3,False,False,0.03553125,0.96446875,0.014538179847909305,0.09007061946506753,0.0,0.0,0.6134763509035148,1.1365253925323486
2864601_0.362,92,0.9852437499754315,4,False,False,0.8787916666666666,0.12120833333333333,0.6344918087123207,0.4448703931529461,0.0,0.6200787723064423,1.6970672881603273,3.3888773918151855
2864601_0.362,92,0.9852437499754315,5,False,False,1.0,0.0,1.1278648865317615,0.48904191556436527,0.3198016285896301,1.1165968775749207,2.4580485820770264,3.7498297691345215
2864601_0.362,92,0.9852437499754315,6,True,False,0.0,1.0,0.0,0.0,0.0,0.0,0.0,0.0
2864601_0.362,92,0.9852437499754315,7,False,False,0.3305208333333333,0.6694791666666666,0.1609538074365603,0.32460328174115183,0.0,0.0,1.4689142894744878,3.363025426864624
2864601_0.362,92,0.9852437499754315,8,True,False,0.0,1.0,0.0,0.0,0.0,0.0,0.0,0.0
2864601_0.362,92,0.9852437499754315,9,False,False,0.8054270833333333,0.19457291666666668,0.4979670123686078,0.44242470459326466,0.0,0.4651995897293091,1.9313810276985195,3.4908883571624756
2864601_0.362,92,0.9852437499754315,10,False,False,0.97703125,0.02296875,1.0023281781356603,0.6594893792630823,0.0,0.9093481302261353,3.045210361480713,5.636415481567383
2864601_0.362,92,0.9852437499754315,11,False,False,0.7124895833333333,0.28751041666666666,0.2848155263555624,0.3098914101255811,0.0,0.22640568763017654,1.3679126095771796,3.0410780906677246
2864601_0.362,92,0.9852437499754315,12,False,False,0.1698125,0.8301875,0.10544366604306674,0.29339750444030055,0.0,0.0,1.4152934038639076,1.6358342170715332
2864601_0.362,92,0.9852437499754315,13,False,False,0.70509375,0.29490625,0.3092972334270022,0.3576623100581329,0.0,0.18745143711566925,1.4490624034404773,2.199794292449951
2864601_0.362,92,0.9852437499754315,14,False,False,0.5900520833333334,0.4099479166666667,0.3084721780237657,0.4114361060826779,0.0,0.12972311675548553,1.6582699739933016,5.21868896484375
2864601_0.362,92,0.9852437499754315,15,False,False,0.28015625,0.71984375,0.1795184202370393,0.3882119430022216,0.0,0.0,1.646659198999406,1.863099217414856
2864601_0.362,92,0.9852437499754315,16,False,False,0.5125104166666666,0.4874895833333333,0.22328188175462302,0.2976254660215551,0.0,0.01912427321076393,1.039042962789537,1.3494337797164917
2864601_0.362,92,0.9852437499754315,17,False,False,1.0,0.0,0.9786474125070187,0.40267666682601644,0.3559800907969475,0.9071715176105499,2.2025647163391113,3.2415759563446045
2864601_0.362,92,0.9852437499754315,18,False,False,0.1561875,0.8438125,0.05699481928507384,0.19087224336674002,0.0,0.0,1.0241029775142845,2.377908706665039
2864601_0.362,92,0.9852437499754315,19,False,False,0.56553125,0.43446875,0.2528957547501733,0.3608684422760902,0.0,0.08129503950476646,1.5281917691230793,3.526848793029785
2864601_0.362,92,0.9852437499754315,20,False,False,0.36075,0.63925,0.14665869835190487,0.3021379894608587,0.0,0.0,1.381251573562622,3.8981668949127197
2864601_0.362,92,0.9852437499754315,21,False,False,0.99871875,0.00128125,1.0875813778199954,0.5366726072635843,0.12383338175714016,0.9904154539108276,2.8255566859245307,5.182417392730713
2864601_0.362,92,0.9852437499754315,22,False,False,0.9272083333333333,0.07279166666666667,0.5220199843642465,0.42517308160773903,0.0,0.46632707118988037,2.1312413215637207,4.437469482421875
2864601_0.362,92,0.9852437499754315,23,False,False,0.2933645833333333,0.7066354166666666,0.13329173133358085,0.27545904674982213,0.0,0.0,1.0684435451030847,3.215402841567993
2864601_0.362,92,0.9852437499754315,24,True,False,0.0,1.0,0.0,0.0,0.0,0.0,0.0,0.0
2864601_0.362,92,0.9852437499754315,25,False,False,0.49626041666666665,0.5037395833333334,0.2242144886401337,0.3245019752412866,0.0,0.0,1.3060242903232626,2.390618085861206
2864601_0.362,92,0.9852437499754315,26,False,False,0.939,0.061,0.6344118869858041,0.4330801430361428,0.0,0.6059024631977081,2.0787753629684484,3.040891647338867
2864601_0.362,92,0.9852437499754315,27,False,False,0.5939895833333333,0.40601041666666665,0.28988834846071654,0.3752651466862651,0.0,0.12094804644584656,1.5330426132679003,2.631814956665039
2864601_0.362,92,0.9852437499754315,28,False,False,0.2769583333333333,0.7230416666666667,0.1454856357890795,0.3681909063306566,0.0,0.0,1.7864759194851014,5.981594085693359
2864601_0.362,92,0.9852437499754315,29,False,False,0.10969791666666667,0.8903020833333334,0.06376806458850152,0.21848626990153922,0.0,0.0,1.1301981210708618,1.8943582773208618
2864601_0.362,92,0.9852437499754315,30,False,False,0.8760208333333334,0.12397916666666667,0.5125179469770652,0.3613264161510846,0.0,0.5205169320106506,1.4984729182720296,2.7348945140838623
2864601_0.362,92,0.9852437499754315,31,False,False,0.8173333333333334,0.18266666666666667,0.6501876602669759,0.613597733553706,0.0,0.5271358489990234,2.321345329284668,4.199916839599609
2864601_0.136,93,0.9852271732044668,0,False,False,0.610125,0.389875,0.5036494310873845,0.6300516626949793,0.0,0.24335947632789612,2.45592381715775,5.748813629150391
2864601_0.136,93,0.9852271732044668,1,False,False,0.48541666666666666,0.5145833333333333,0.549456558767199,0.8404667640792212,0.0,0.0,3.411477465629579,5.154186248779297
2864601_0.136,93,0.9852271732044668,2,False,False,0.040677083333333336,0.9593229166666667,0.04378596117432122,0.2858471974467967,0.0,0.0,1.5834859609603882,6.140368938446045
2864601_0.136,93,0.9852271732044668,3,False,False,0.85425,0.14575,1.27063583280793,1.068575566231368,0.0,1.1072099804878235,4.883394241333008,9.067034721374512
2864601_0.136,93,0.9852271732044668,4,False,False,0.8083645833333334,0.19163541666666667,1.5421157317569838,1.338644060937391,0.0,1.3737090826034546,5.543186044693011,11.73003101348877
2864601_0.136,93,0.9852271732044668,5,False,False,0.7000416666666667,0.2999583333333333,0.8771280244985605,1.297129767709148,0.0,0.4069985896348953,5.715306653976452,14.649054527282715
2864601_0.136,93,0.9852271732044668,6,False,False,0.48009375,0.51990625,0.4424196733395081,0.716597778017738,0.0,0.0,3.2225009155273594,7.315591335296631
2864601_0.136,93,0.9852271732044668,7,False,False,0.6137708333333334,0.3862291666666667,0.5078464690675897,0.6504548829321048,0.0,0.26753851771354675,2.8262863159179688,5.197521686553955
2864601_0.136,93,0.9852271732044668,8,False,False,0.62021875,0.37978125,0.4439624921977097,0.673496500699327,0.0,0.19637081027030945,3.1763191103935458,6.510121822357178
2864601_0.136,93,0.9852271732044668,9,False,False,0.28972916666666665,0.7102708333333333,0.2786369160978052,0.6560762917183209,0.0,0.0,3.4417020368576123,4.799258232116699
2864601_0.136,93,0.9852271732044668,10,True,False,0.0,1.0,0.0,0.0,0.0,0.0,0.0,0.0
2864601_0.136,93,0.9852271732044668,11,False,False,0.042645833333333334,0.9573541666666666,0.05573794524072461,0.3227728180623495,0.0,0.0,2.0141171646118936,5.090377330780029
2864601_0.136,93,0.9852271732044668,12,True,False,0.0,1.0,0.0,0.0,0.0,0.0,0.0,0.0
2864601_0.136,93,0.9852271732044668,13,False,False,0.2283125,0.7716875,0.11890192408342486,0.3260524887209242,0.0,0.0,1.5102824926376441,5.466280460357666
2864601_0.136,93,0.9852271732044668,14,False,False,0.3608645833333333,0.6391354166666666,0.30954915136813754,0.6507160961643637,0.0,0.0,2.989797353744507,7.205430030822754
2864601_0.136,93,0.9852271732044668,15,False,False,0.2947916666666667,0.7052083333333333,0.21018906870598558,0.48188036023805614,0.0,0.0,2.247819662094116,5.8299150466918945
2864601_0.136,93,0.9852271732044668,16,False,False,0.05740625,0.94259375,0.05326722216999284,0.3075776923661217,0.0,0.0,1.5784897327423164,6.382551193237305
2864601_0.136,93,0.9852271732044668,17,True,False,0.0,1.0,0.0,0.0,0.0,0.0,0.0,0.0
2864601_0.136,93,0.9852271732044668,18,False,False,0.1145625,0.8854375,0.05704209632485758,0.2507163990753765,0.0,0.0,1.278430398702623,4.770112991333008
2864601_0.136,93,0.9852271732044668,19,False,False,0.18984375,0.81015625,0.46361229152001915,1.3011808654327917,0.0,0.0,6.911352996826182,8.175321578979492
2864601_0.136,93,0.9852271732044668,20,True,False,0.0,1.0,0.0,0.0,0.0,0.0,0.0,0.0
2864601_0.136,93,0.9852271732044668,21,False,False,0.58515625,0.41484375,0.8230450692587025,1.103068359809993,0.0,0.3236018866300583,4.346870822906499,8.74376106262207
2864601_0.136,93,0.9852271732044668,22,False,False,0.8296770833333333,0.17032291666666666,1.9107819998497644,2.405089857381258,0.0,1.2305048704147339,12.557796621322634,14.242354393005371
2864601_0.250,94,0.9852260848904939,0,False,False,0.9964583333333333,0.0035416666666666665,1.2265078637392046,0.681102442215852,0.14955611526966095,1.103729009628296,3.2889838218688965,4.89123010635376
2864601_0.250,94,0.9852260848904939,1,False,False,0.8436145833333333,0.15638541666666667,0.5771390158215439,0.43128879762161604,0.0,0.567284882068634,1.5591840744018555,2.140774965286255
2864601_0.250,94,0.9852260848904939,2,False,False,0.5684895833333333,0.4315104166666667,0.32803521058985463,0.37658059321057435,0.0,0.15276025980710983,1.2230170965194702,2.0667989253997803
2864601_0.250,94,0.9852260848904939,3,False,False,0.6331770833333333,0.36682291666666667,0.4798554278732621,0.6144946400690049,0.0,0.2223343849182129,2.3877162718772893,4.203008651733398
2864601_0.250,94,0.9852260848904939,4,False,False,0.2678229166666667,0.7321770833333333,0.12630444452689327,0.3366738450323744,0.0,0.0,1.6262079286575437,6.910344123840332
2864601_0.250,94,0.9852260848904939,5,False,False,0.16586458333333334,0.8341354166666667,0.10381789857238301,0.28871114659288416,0.0,0.0,1.3621943283081082,1.8797866106033325
2864601_0.250,94,0.9852260848904939,6,False,False,0.14564583333333334,0.8543541666666666,0.0875893726014023,0.3078693216025063,0.0,0.0,1.672603726387024,3.8708155155181885
2864601_0.250,94,0.9852260848904939,7,False,False,0.09583333333333334,0.9041666666666667,0.09367789236326196,0.3631052532919001,0.0,0.0,2.212988224029543,2.690821409225464
2864601_0.250,94,0.9852260848904939,8,False,False,0.9938333333333333,0.006166666666666667,0.7772614264112687,0.46346421499161694,0.03163778569549322,0.7059208452701569,2.158008112907411,4.0331034660339355
2864601_0.250,94,0.9852260848904939,9,False,False,0.8046145833333334,0.19538541666666667,0.7161859823541211,0.5674357585023357,0.0,0.7129681408405304,2.0254292488098145,3.4551339149475098
2864601_0.250,94,0.9852260848904939,10,False,False,0.2320625,0.7679375,0.11074616242458023,0.270715186333616,0.0,0.0,1.1261898279190063,3.320648431777954
2864601_0.250,94,0.9852260848904939,11,False,False,0.5076875,0.4923125,0.2855532688654388,0.4233551940592092,0.0,0.011976232286542654,1.6907497644424438,2.9992828369140625
2864601_0.250,94,0.9852260848904939,12,False,False,0.1814375,0.8185625,0.17132603687855166,0.45722636782157783,0.0,0.0,2.281284716129307,2.5502381324768066
2864601_0.250,94,0.9852260848904939,13,False,False,0.420125,0.579875,0.2661810664565875,0.46083534612702814,0.0,0.0,1.947085843086243,2.2520148754119873
2864601_0.250,94,0.9852260848904939,14,False,False,0.7001666666666667,0.29983333333333334,0.48213314493521603,0.5554970434662793,0.0,0.29666806757450104,2.2415263652801514,4.266103267669678
2864601_0.250,94,0.9852260848904939,15,False,False,0.6336666666666667,0.36633333333333334,0.2957930098708311,0.3156463707053623,0.0,0.23840667307376862,1.2433755981922199,2.5889205932617188
2864601_0.250,94,0.9852260848904939,16,False,False,0.1524375,0.8475625,0.06980297539111462,0.24280455780052904,0.0,0.0,1.2464016854763103,5.214735984802246
2864601_0.250,94,0.9852260848904939,17,False,False,0.023770833333333335,0.9762291666666667,0.01684404037811267,0.16102214650003777,0.0,0.0,0.6209936237335534,6.4204630851745605
2864601_0.250,94,0.9852260848904939,18,False,False,0.018864583333333334,0.9811354166666667,0.005526246375255748,0.05598163805591667,0.0,0.0,0.16748855218291359,1.4977350234985352
2864601_0.250,94,0.9852260848904939,19,False,False,0.9861979166666667,0.013802083333333333,1.1792084933175466,0.5660174398636355,0.0,1.075271487236023,2.7820963859558105,4.5668721199035645
2864601_0.250,94,0.9852260848904939,20,False,False,0.13355208333333332,0.8664479166666667,0.08164906087892101,0.30040264964637564,0.0,0.0,1.5861491978168514,5.301087379455566
2864601_0.250,94,0.9852260848904939,21,False,False,0.24146875,0.75853125,0.17420364341470532,0.39567753927630944,0.0,0.0,1.7070059192180644,2.395627737045288
2864601_0.250,94,0.9852260848904939,22,False,False,0.996125,0.003875,1.904979001434004,1.2481107006210417,0.035762785822153094,1.6855239868164062,5.950109977722189,11.96992301940918
2864601_0.250,94,0.9852260848904939,23,False,False,0.566875,0.433125,0.43432485098040424,0.5940309206819944,0.0,0.13407683372497559,2.371513972282417,4.48336935043335
2864601_0.250,94,0.9852260848904939,24,False,False,0.86484375,0.13515625,0.7218353039601055,0.6330065952845251,0.0,0.6350078880786896,2.8256521224975586,5.285123825073242
2864601_0.250,94,0.9852260848904939,25,True,False,0.0,1.0,0.0,0.0,0.0,0.0,0.0,0.0
2864601_0.250,94,0.9852260848904939,26,False,False,0.33734375,0.66265625,0.11876231921309621,0.2320952676738369,0.0,0.0,0.9502833485603333,2.2554638385772705
2864601_0.250,94,0.9852260848904939,27,True,False,0.0,1.0,0.0,0.0,0.0,0.0,0.0,0.0
2864601_0.250,94,0.9852260848904939,28,False,False,0.9121979166666667,0.08780208333333334,0.6455835992426456,0.5315793000866937,0.0,0.5420767068862915,2.536435842514038,5.0753912925720215
2864601_0.250,94,0.9852260848904939,29,False,False,0.2511875,0.7488125,0.1334828307933216,0.3290780876291419,0.0,0.0,1.510273814201355,3.5098516941070557
2864601_0.247,95,0.9851968189547502,0,False,False,0.07094791666666667,0.9290520833333333,0.029588528937803706,0.14879204827441317,0.0,0.0,0.7914607590436976,2.4482178688049316
2864601_0.247,95,0.9851968189547502,1,True,False,0.0,1.0,0.0,0.0,0.0,0.0,0.0,0.0
2864601_0.247,95,0.9851968189547502,2,False,False,0.7603229166666666,0.23967708333333335,0.6152398506181543,0.5855185553344706,0.0,0.536510705947876,2.371111528873449,7.0055975914001465
2864601_0.247,95,0.9851968189547502,3,False,False,0.197,0.803,0.12321814187945829,0.37679679917899583,0.0,0.0,1.7811597919464162,7.4246439933776855
2864601_0.247,95,0.9851968189547502,4,False,False,0.5124375,0.4875625,0.3422283347636107,0.5177776269630657,0.0,0.024821510538458824,2.1487403225898802,5.7163872718811035
2864601_0.247,95,0.9851968189547502,5,False,False,0.95015625,0.04984375,1.701031506424211,1.1037810638896062,0.0,1.607365608215332,4.628951549530029,9.15061092376709
2864601_0.247,95,0.9851968189547502,6,False,False,0.6231145833333334,0.37688541666666664,0.47763924515032463,0.5932718721735147,0.0,0.30554886162281036,2.5367916893959115,6.526923656463623
2864601_0.247,95,0.9851968189547502,7,False,False,0.21619791666666666,0.7838020833333333,0.1447900106818047,0.39825055941393456,0.0,0.0,1.9149209260940552,4.855466842651367
2864601_0.247,95,0.9851968189547502,8,False,False,0.35770833333333335,0.6422916666666667,0.4211557342446831,0.8228000845938561,0.0,0.0,3.887582511901864,4.615756511688232
2864601_0.247,95,0.9851968189547502,9,False,False,0.6962083333333333,0.3037916666666667,0.8117404972653849,1.003034213580756,0.0,0.5095020532608032,4.748777685165412,10.063783645629883
2864601_0.247,95,0.9851968189547502,10,False,False,0.027958333333333335,0.9720416666666667,0.014980972940071297,0.13069465817742804,0.0,0.0,0.4936354160308838,2.808987855911255
2864601_0.247,95,0.9851968189547502,11,False,False,0.08825,0.91175,0.05980795007114375,0.2544623788730124,0.0,0.0,1.4283247423172019,2.983203887939453
2864601_0.247,95,0.9851968189547502,12,True,False,0.0,1.0,0.0,0.0,0.0,0.0,0.0,0.0
2864601_0.247,95,0.9851968189547502,13,False,False,0.8922916666666667,0.10770833333333334,1.4837584251662175,1.3414953413567285,0.0,1.193550169467926,6.120402812957764,11.725564956665039
2864601_0.247,95,0.9851968189547502,14,False,False,0.10798958333333333,0.8920104166666667,0.05350568956253513,0.2486707510991109,0.0,0.0,1.086749792098999,7.287227153778076
2864601_0.247,95,0.9851968189547502,15,False,False,0.55378125,0.44621875,0.5328015940587186,0.7439763871910763,0.0,0.13802678883075714,2.7615809011459365,4.374955654144287
2864601_0.247,95,0.9851968189547502,16,False,False,0.208,0.792,0.10411298507478818,0.2896024680170094,0.0,0.0,1.4349052906036377,4.184998989105225
2864601_0.247,95,0.9851968189547502,17,False,False,0.19186458333333334,0.8081354166666667,0.13993040866726006,0.42805461096173814,0.0,0.0,2.0577473640441895,8.6634521484375
2864601_0.247,95,0.9851968189547502,18,False,False,0.04355208333333333,0.9564479166666666,0.02375588339151212,0.1498286328614254,0.0,0.0,0.8011350888013926,3.5466055870056152
2864601_0.247,95,0.9851968189547502,19,False,False,0.09776041666666667,0.9022395833333333,0.05544940300698985,0.2786840955579817,0.0,0.0,1.3040664947032965,7.070568084716797
2864601_0.247,95,0.9851968189547502,20,True,False,0.0,1.0,0.0,0.0,0.0,0.0,0.0,0.0
2864601_0.247,95,0.9851968189547502,21,False,False,0.23865625,0.76134375,0.33300024570222847,0.7827671100782795,0.0,0.0,3.59349499464036,4.385684013366699
2864601_0.247,95,0.9851968189547502,22,False,False,0.21864583333333334,0.7813541666666667,0.16122248427641905,0.44801357836667305,0.0,0.0,2.185367538928997,5.145236492156982
2864601_0.247,95,0.9851968189547502,23,False,False,0.05861458333333333,0.9413854166666666,0.04939347587202186,0.28545925834324937,0.0,0.0,1.5457876646519015,6.9905314445495605
2864601_0.247,95,0.9851968189547502,24,False,False,0.9240729166666667,0.07592708333333334,1.3966910990611408,1.1813544501208983,0.0,1.1609335541725159,5.309327840805058,10.147857666015625
2864601_0.247,95,0.9851968189547502,25,False,False,0.38726041666666666,0.6127395833333333,0.2518699173038926,0.4845032454532439,0.0,0.0,2.2099509239196777,4.287103176116943
2864601_0.247,95,0.9851968189547502,26,False,False,0.28141666666666665,0.7185833333333334,0.1452071620952047,0.33396053509599943,0.0,0.0,1.5675609111785889,3.5502986907958984
2864601_0.247,95,0.9851968189547502,27,True,False,0.0,1.0,0.0,0.0,0.0,0.0,0.0,0.0
2864601_0.247,95,0.9851968189547502,28,False,False,0.9105104166666667,0.08948958333333333,0.946936506419106,0.7596943244694258,0.0,0.8393970131874084,3.301941521167778,8.139976501464844
2864601_0.247,95,0.9851968189547502,29,False,False,0.10916666666666666,0.8908333333333334,0.14947631501631772,0.5533123435067787,0.0,0.0,3.204206585884096,4.0625901222229
2864601_0.247,95,0.9851968189547502,30,False,False,0.8175520833333333,0.18244791666666665,0.9098522187577798,0.9274670725878212,0.0,0.683399498462677,3.7901318073272705,7.878637313842773
2864601_0.247,95,0.9851968189547502,31,False,False,0.7191770833333333,0.28082291666666664,0.6619796942141886,0.639613534149965,0.0,0.5824852585792542,2.423962445259105,6.3085408210754395
2864601_0.382,96,0.9851953071572922,0,True,False,0.0,1.0,0.0,0.0,0.0,0.0,0.0,0.0
2864601_0.382,96,0.9851953071572922,1,False,False,0.035291666666666666,0.9647083333333333,0.11602541741492617,0.9090042944005392,0.0,0.0,3.8370809483528396,26.774192810058594
2864601_0.382,96,0.9851953071572922,2,False,False,0.010083333333333333,0.9899166666666667,0.023936726123526264,0.3296102027138321,0.0,0.0,0.01778319530193678,20.086109161376953
2864601_0.382,96,0.9851953071572922,3,False,False,0.046677083333333334,0.9533229166666667,0.12077489829977275,0.7361815016522748,0.0,0.0,4.04712487220776,16.339019775390625
2864601_0.382,96,0.9851953071572922,4,False,False,0.21877083333333333,0.7812291666666666,0.7703385139607151,1.9714692983042148,0.0,0.0,9.083931922912598,23.126625061035156
2864601_0.382,96,0.9851953071572922,5,False,False,0.06066666666666667,0.9393333333333334,0.1777065339793747,0.9848441268938594,0.0,0.0,5.4124387454987195,19.814857482910156
2864601_0.382,96,0.9851953071572922,6,False,False,0.22013541666666667,0.7798645833333333,0.8896224562177765,2.364287142920049,0.0,0.0,10.857202529907227,46.51356887817383
2864601_0.382,96,0.9851953071572922,7,False,False,0.04864583333333333,0.9513541666666666,0.30051916234767606,1.8443144989626556,0.0,0.0,9.823639869689941,40.92685317993164
2864601_0.382,96,0.9851953071572922,8,False,False,0.48342708333333334,0.5165729166666667,2.3395126570803515,4.089174619400389,0.0,0.0,15.568470001220703,63.88015365600586
2864601_0.382,96,0.9851953071572922,9,False,False,0.10570833333333333,0.8942916666666667,0.6006399042437567,2.1858897157076953,0.0,0.0,12.447463989257812,22.101428985595703
2864601_0.382,96,0.9851953071572922,10,False,False,0.06380208333333333,0.9361979166666666,0.22594507000923567,1.3261263740991334,0.0,0.0,6.079871659278936,31.93621063232422
2864601_0.382,96,0.9851953071572922,11,False,False,0.31014583333333334,0.6898541666666667,1.2746130540666794,2.66976558987456,0.0,0.0,11.648561477661133,31.114215850830078
2864601_0.382,96,0.9851953071572922,12,False,False,0.12592708333333333,0.8740729166666666,0.4412183381157056,1.7166672946979564,0.0,0.0,9.455403327941895,24.748775482177734
2864601_0.382,96,0.9851953071572922,13,False,False,0.34598958333333335,0.6540104166666667,1.972471832651822,3.624820960384713,0.0,0.0,13.900599079132087,29.863061904907227
2864601_0.382,96,0.9851953071572922,14,False,False,0.40740625,0.59259375,1.1708133627346067,2.3166619693612582,0.0,0.0,10.727019186019922,38.049156188964844
2864601_0.382,96,0.9851953071572922,15,False,False,0.21483333333333332,0.7851666666666667,2.0322973844085888,5.135413180415804,0.0,0.0,24.597075595855717,28.151884078979492
2864601_0.382,96,0.9851953071572922,16,False,False,0.6590104166666667,0.34098958333333335,3.5066301880495714,4.864759679032837,0.0,1.8092355728149414,21.030913410186795,44.88301086425781
2864601_0.382,96,0.9851953071572922,17,False,False,0.6525104166666666,0.34748958333333335,3.2721276449871888,4.773841797111103,0.0,1.4105070233345032,21.034416141510082,68.03297424316406
2864601_0.382,96,0.9851953071572922,18,False,False,0.08565625,0.91434375,0.2420021408575591,1.4338829866791067,0.0,0.0,5.500881586074847,44.63405227661133
2864601_0.307,97,0.9851743547486735,0,False,False,0.09889583333333334,0.9011041666666667,0.042885920266298096,0.21842684953105543,0.0,0.0,1.021706049442299,4.420766830444336
2864601_0.307,97,0.9851743547486735,1,False,False,0.565625,0.434375,0.18208489648972367,0.22270903500580858,0.0,0.0828259028494358,0.8621807098388672,1.672938585281372
2864601_0.307,97,0.9851743547486735,2,True,False,0.0,1.0,0.0,0.0,0.0,0.0,0.0,0.0
2864601_0.307,97,0.9851743547486735,3,False,False,0.60015625,0.39984375,0.2854258267906468,0.38077597165222965,0.0,0.11791858449578285,1.589136004447937,3.1680126190185547
2864601_0.307,97,0.9851743547486735,4,False,False,0.10532291666666667,0.8946770833333333,0.05461167214294543,0.22770864463365226,0.0,0.0,1.2258135056495698,3.200122833251953
2864601_0.307,97,0.9851743547486735,5,False,False,0.26084375,0.73915625,0.23255628473033343,0.5322285225908079,0.0,0.0,2.191455602645875,2.643738269805908
2864601_0.307,97,0.9851743547486735,6,False,False,0.9822604166666666,0.017739583333333333,0.6931799477955058,0.5131671885334157,0.0,0.5572681725025177,2.369294447898874,3.693751096725464
2864601_0.307,97,0.9851743547486735,7,False,False,0.5066979166666666,0.4933020833333333,0.2547442191072888,0.42554853423971317,0.0,0.008398807607591152,2.0080888700485358,4.998889446258545
2864601_0.307,97,0.9851743547486735,8,False,False,0.04609375,0.95390625,0.012006339652372163,0.06867788621130919,0.0,0.0,0.41708680987358093,0.7803782224655151
2864601_0.307,97,0.9851743547486735,9,False,False,0.12441666666666666,0.8755833333333334,0.035419938713897786,0.1385371577617348,0.0,0.0,0.7248280048370361,2.9631974697113037
2864601_0.307,97,0.9851743547486735,10,False,False,0.15584375,0.84415625,0.04003072346361925,0.12406771048121333,0.0,0.0,0.6268100142478943,1.2952160835266113
2864601_0.307,97,0.9851743547486735,11,False,False,0.42122916666666665,0.5787708333333333,0.15448991259444306,0.24650831061336506,0.0,0.0,0.9984012842178345,2.22906231880188
2864601_0.307,97,0.9851743547486735,12,False,False,0.5122916666666667,0.48770833333333335,0.21920723809174797,0.32093477725050523,0.0,0.01939956657588482,1.4033102834224762,2.44795560836792
2864601_0.307,97,0.9851743547486735,13,False,False,0.9511458333333334,0.048854166666666664,0.8756339302420092,0.6466792519841754,0.0,0.7919497191905975,3.218218965530399,5.988436222076416
2864601_0.307,97,0.9851743547486735,14,False,False,0.31503125,0.68496875,0.08336074415167018,0.1728411661271358,0.0,0.0,0.7358449697494507,1.9799296855926514
2864601_0.307,97,0.9851743547486735,15,False,False,0.453625,0.546375,0.15839710346159597,0.2711086134005321,0.0,0.0,1.216313344240191,2.5479118824005127
2864601_0.307,97,0.9851743547486735,16,True,False,0.0,1.0,0.0,0.0,0.0,0.0,0.0,0.0
2864601_0.307,97,0.9851743547486735,17,False,False,0.09607291666666666,0.9039270833333334,0.05853251033828292,0.2273548967087939,0.0,0.0,1.33639932513237,1.7125335931777954
2864601_0.307,97,0.9851743547486735,18,False,False,0.8397083333333333,0.16029166666666667,0.4492983578970608,0.4162917560289957,0.0,0.35414350032806396,1.676282286643982,2.7027010917663574
2864601_0.307,97,0.9851743547486735,19,False,False,0.5587291666666667,0.44127083333333333,0.20025346110106026,0.2663057861030353,0.0,0.06416536122560501,1.0082160711288455,2.708517074584961
2864601_0.307,97,0.9851743547486735,20,False,False,0.28069791666666666,0.7193020833333333,0.09802324890022479,0.24138242483846586,0.0,0.0,1.1949729943275504,2.4401423931121826
2864601_0.307,97,0.9851743547486735,21,True,False,0.0,1.0,0.0,0.0,0.0,0.0,0.0,0.0
2864601_0.307,97,0.9851743547486735,22,False,False,0.7071666666666667,0.29283333333333333,0.24542976300018812,0.24514566903812046,0.0,0.20041976124048233,0.9270338416099548,1.928551435470581
2864601_0.307,97,0.9851743547486735,23,False,False,0.6900625,0.3099375,0.42175344518955477,0.5749389565871477,0.0,0.19903409481048584,2.4007174968719482,2.7741379737854004
2864601_0.307,97,0.9851743547486735,24,False,False,0.31178125,0.68821875,0.1400240873941654,0.2780113274944628,0.0,0.0,1.183624267578125,2.819789409637451
2864601_0.307,97,0.9851743547486735,25,False,False,0.7204479166666666,0.2795520833333333,0.345623447849951,0.3892234806762958,0.0,0.21897418797016144,1.4629867267608683,2.823125123977661
2864601_0.307,97,0.9851743547486735,26,False,False,0.4776666666666667,0.5223333333333333,0.17862217371144007,0.29049161670013995,0.0,0.0,1.2361378657818025,2.9364020824432373
2864601_0.307,97,0.9851743547486735,27,False,False,0.9475833333333333,0.05241666666666667,0.5701060919622846,0.4835246962797461,0.0,0.47112447023391724,2.1585945701599183,4.272221565246582
2864601_0.307,97,0.9851743547486735,28,False,False,0.16747916666666668,0.8325208333333334,0.052711595253561776,0.16569900508292928,0.0,0.0,0.8604381084442139,1.930575966835022
2864601_0.307,97,0.9851743547486735,29,False,False,1.0,0.0,1.374269359087261,0.623334228400237,0.27487344592809676,1.3201682567596436,3.6334203958511364,5.892766952514648
2864601_0.307,97,0.9851743547486735,30,False,False,0.9710208333333333,0.028979166666666667,0.846035507771443,0.6148927621869807,0.0,0.7378448247909546,2.7845533800125275,5.143404006958008
2864601_0.339,98,0.9851662119214212,0,False,False,0.20313541666666668,0.7968645833333333,0.18164770759903726,0.4975366641143417,0.0,0.0,2.4254088401794434,5.7457170486450195
2864601_0.339,98,0.9851662119214212,1,False,False,0.81496875,0.18503125,1.6934368875933754,1.9354849183088885,0.0,1.1381847262382507,8.342175731658946,17.442628860473633
2864601_0.339,98,0.9851662119214212,2,True,False,0.0,1.0,0.0,0.0,0.0,0.0,0.0,0.0
2864601_0.339,98,0.9851662119214212,3,False,False,0.22697916666666668,0.7730208333333334,0.23973880194035255,0.5603329215054998,0.0,0.0,2.3979713392258066,5.024255275726318
2864601_0.339,98,0.9851662119214212,4,True,False,0.0,1.0,0.0,0.0,0.0,0.0,0.0,0.0
2864601_0.339,98,0.9851662119214212,5,False,False,0.7988333333333333,0.20116666666666666,1.4860815172589221,1.485420066157148,0.0,1.158216655254364,6.240959644317627,15.832083702087402
2864601_0.339,98,0.9851662119214212,6,False,False,0.33478125,0.66521875,0.32660977640268507,0.6908943974234713,0.0,0.0,3.2576178646088008,6.613687038421631
2864601_0.339,98,0.9851662119214212,7,True,False,0.0,1.0,0.0,0.0,0.0,0.0,0.0,0.0
2864601_0.339,98,0.9851662119214212,8,False,False,0.78765625,0.21234375,1.9428083209553646,2.8258135861905944,0.0,1.0159783363342285,13.688898677825952,19.435901641845703
2864601_0.339,98,0.9851662119214212,9,False,False,0.5198854166666667,0.48011458333333334,0.5747389570537019,0.9013737152756978,0.0,0.07423583045601845,4.199937672615068,9.456526756286621
2864601_0.339,98,0.9851662119214212,10,False,False,0.093875,0.906125,0.16190765838030985,0.7244625610814003,0.0,0.0,4.145359263420125,9.951800346374512
2864601_0.339,98,0.9851662119214212,11,False,False,0.04540625,0.95459375,0.05784624062460209,0.3834991038919283,0.0,0.0,2.051671137809761,9.691329956054688
2864601_0.339,98,0.9851662119214212,12,False,False,0.09392708333333333,0.9060729166666667,0.16020050975866207,0.6390427518171149,0.0,0.0,3.505692958831787,5.724762916564941
2864601_0.339,98,0.9851662119214212,13,False,False,0.4139479166666667,0.5860520833333334,0.7237317863186182,1.322288865454352,0.0,0.0,5.3516925334930425,6.2271928787231445
2864601_0.339,98,0.9851662119214212,14,True,False,0.0,1.0,0.0,0.0,0.0,0.0,0.0,0.0
2864601_0.339,98,0.9851662119214212,15,False,False,0.03509375,0.96490625,0.04918585007836433,0.3664187886189764,0.0,0.0,1.9212552309036255,8.319676399230957
2864601_0.339,98,0.9851662119214212,16,False,False,0.39088541666666665,0.6091145833333333,0.4730558607017769,1.008612238005651,0.0,0.0,4.642650871276915,21.763843536376953
2864601_0.339,98,0.9851662119214212,17,True,False,0.0,1.0,0.0,0.0,0.0,0.0,0.0,0.0
2864601_0.339,98,0.9851662119214212,18,False,False,0.06942708333333333,0.9305729166666666,0.0599362313898821,0.32699559884748003,0.0,0.0,1.568153573274631,7.861944198608398
2864601_0.339,98,0.9851662119214212,19,False,False,0.01378125,0.98621875,0.013679429776120135,0.159661489737216,0.0,0.0,0.3122340738773346,5.078925132751465
2864601_0.339,98,0.9851662119214212,20,True,False,0.0,1.0,0.0,0.0,0.0,0.0,0.0,0.0
2864601_0.339,98,0.9851662119214212,21,True,False,0.0,1.0,0.0,0.0,0.0,0.0,0.0,0.0
2864601_0.339,98,0.9851662119214212,22,False,False,0.15761458333333334,0.8423854166666667,0.13569121641379348,0.40580672100927634,0.0,0.0,1.8575541245937361,5.242903709411621
2864601_0.426,99,0.985162661317769,0,True,False,0.0,1.0,0.0,0.0,0.0,0.0,0.0,0.0
2864601_0.426,99,0.985162661317769,1,False,False,0.18221875,0.81778125,0.2718652144426366,0.8007466046245857,0.0,0.0,3.9536566734313965,8.903862953186035
2864601_0.426,99,0.985162661317769,2,False,False,0.38647916666666665,0.6135208333333333,0.5973250864965,1.1343711908823138,0.0,0.0,4.928814377784733,14.767668724060059
2864601_0.426,99,0.985162661317769,3,False,False,0.17038541666666668,0.8296145833333334,0.26499154309028744,0.8329870954070405,0.0,0.0,4.221317768096924,13.009664535522461
2864601_0.426,99,0.985162661317769,4,False,False,0.5961458333333334,0.4038541666666667,1.4823451744620577,2.039699017191383,0.0,0.5702775120735168,8.739816112518328,18.02187156677246
2864601_0.426,99,0.985162661317769,5,True,False,0.0,1.0,0.0,0.0,0.0,0.0,0.0,0.0
2864601_0.426,99,0.985162661317769,6,False,False,0.4250833333333333,0.5749166666666666,2.2573131686406427,4.773120375003246,0.0,0.0,23.931499481201172,28.10464859008789
2864601_0.426,99,0.985162661317769,7,False,False,0.6693958333333333,0.33060416666666664,1.0938905928052116,1.253083602225298,0.0,0.768246591091156,5.394101986885246,13.304337501525879
2864601_0.426,99,0.985162661317769,8,False,False,0.28478125,0.71521875,0.5793105825891626,1.5111591181076833,0.0,0.0,7.39371395111084,24.1921329498291
2864601_0.426,99,0.985162661317769,9,True,False,0.0,1.0,0.0,0.0,0.0,0.0,0.0,0.0
2864601_0.426,99,0.985162661317769,10,False,False,0.07765625,0.92234375,0.2189217057510323,1.0259141684018231,0.0,0.0,5.9154525661469,15.023335456848145
2864601_0.426,99,0.985162661317769,11,False,False,0.4371770833333333,0.5628229166666666,0.7706420506551167,1.2705366775070384,0.0,0.0,5.439046020507815,12.484045028686523
2864601_0.426,99,0.985162661317769,12,False,False,0.024697916666666667,0.9753020833333333,0.04053915631386796,0.3676997929217981,0.0,0.0,1.4245638847351074,9.216092109680176
2864601_0.426,99,0.985162661317769,13,False,False,0.055614583333333335,0.9443854166666666,0.07789870300372664,0.41586569593617395,0.0,0.0,2.491826057434082,5.290980815887451
2864601_0.426,99,0.985162661317769,14,False,False,0.11664583333333334,0.8833541666666667,0.18126522048932261,0.653549972739311,0.0,0.0,3.491828203201294,6.697382926940918
2864601_0.426,99,0.985162661317769,15,True,False,0.0,1.0,0.0,0.0,0.0,0.0,0.0,0.0
2864601_0.426,99,0.985162661317769,16,False,False,0.06780208333333333,0.9321979166666666,0.11938249598871334,0.7094852976141987,0.0,0.0,3.2801578044891464,15.993072509765625
2864601_0.426,99,0.985162661317769,17,False,False,0.21173958333333334,0.7882604166666667,0.3182270308282284,0.8739370042119413,0.0,0.0,4.237745146751404,9.43696403503418
2864601_0.426,99,0.985162661317769,18,False,False,0.047364583333333335,0.9526354166666666,0.12406525479588613,0.7812433015531984,0.0,0.0,4.307599782943742,14.144733428955078
2864601_0.426,99,0.985162661317769,19,False,False,0.16804166666666667,0.8319583333333334,0.25548384302982063,0.8386171671118061,0.0,0.0,4.482062630653386,10.01345443725586
2864601_0.426,99,0.985162661317769,20,False,False,0.5847708333333334,0.41522916666666665,1.899745394309488,2.988179141959075,0.0,0.5880335867404938,13.31451488494882,37.11838912963867
2864601_0.426,99,0.985162661317769,21,False,False,0.03505208333333333,0.9649479166666667,0.05057378446067984,0.381336053295515,0.0,0.0,1.7048048973083496,12.140493392944336
2864601_0.426,99,0.985162661317769,22,False,False,0.20998958333333334,0.7900104166666667,0.38591620703340446,1.0154123016749033,0.0,0.0,4.818452835083008,10.430907249450684
2864601_0.426,99,0.985162661317769,23,False,False,0.061552083333333334,0.9384479166666667,0.094461778272084,0.49109132491553703,0.0,0.0,2.7652413845062256,9.91553783416748
2864601_0.426,99,0.985162661317769,24,False,False,0.7969166666666667,0.20308333333333334,3.6428401987683428,5.460372734098327,0.0,1.8352972865104675,28.611596851348885,33.484275817871094
2864601_0.426,99,0.985162661317769,25,True,False,0.0,1.0,0.0,0.0,0.0,0.0,0.0,0.0
2864601_0.379,100,0.9851606281154485,0,False,False,0.99378125,0.00621875,1.1259128993632013,0.8696660857889423,0.024476032685488463,0.8979358673095703,4.263171672821045,6.632966995239258
2864601_0.379,100,0.9851606281154485,1,False,False,0.9825416666666666,0.017458333333333333,0.768716813199062,0.4568348081752371,0.0,0.6995946764945984,2.1130993366241455,3.5710608959198
2864601_0.379,100,0.9851606281154485,2,False,False,0.999375,0.000625,1.204668149405957,0.4314913854533132,0.30865462094545365,1.1791900992393494,2.52514009714127,2.8047099113464355
2864601_0.379,100,0.9851606281154485,3,False,False,0.88428125,0.11571875,0.7475315990663227,0.5936819049121043,0.0,0.6786169707775116,2.302952358722692,3.7307302951812744
2864601_0.379,100,0.9851606281154485,4,True,False,0.0,1.0,0.0,0.0,0.0,0.0,0.0,0.0
2864601_0.379,100,0.9851606281154485,5,False,False,1.0,0.0,2.573725935007135,0.42471081420704615,1.4479126119613648,2.552151083946228,3.74094820022583,5.164458274841309
2864601_0.379,100,0.9851606281154485,6,True,False,0.0,1.0,0.0,0.0,0.0,0.0,0.0,0.0
2864601_0.379,100,0.9851606281154485,7,False,False,0.9921354166666667,0.007864583333333333,1.418104552123632,0.8501733259702144,0.01928642196580768,1.2709961533546448,4.363035316467293,6.647312164306641
2864601_0.379,100,0.9851606281154485,8,True,False,0.0,1.0,0.0,0.0,0.0,0.0,0.0,0.0
2864601_0.379,100,0.9851606281154485,9,True,False,0.0,1.0,0.0,0.0,0.0,0.0,0.0,0.0
2864601_0.379,100,0.9851606281154485,10,False,False,0.9745729166666667,0.025427083333333333,0.6552959905718204,0.4878287032698465,0.0,0.5480380058288574,2.2646400928497314,3.9014573097229004
2864601_0.379,100,0.9851606281154485,11,False,False,0.34703125,0.65296875,0.13105856033442687,0.23414712033229132,0.0,0.0,0.8997218859195715,1.2271645069122314
2864601_0.379,100,0.9851606281154485,12,False,False,0.9789583333333334,0.021041666666666667,0.6728123244580859,0.307545778631315,0.0,0.6653577089309692,1.521883985996253,2.110872983932495
2864601_0.379,100,0.9851606281154485,13,False,False,0.10734375,0.89265625,0.022363231306813607,0.09391405432919547,0.0,0.0,0.47891858220100403,1.7350270748138428
2864601_0.379,100,0.9851606281154485,14,True,False,0.0,1.0,0.0,0.0,0.0,0.0,0.0,0.0
2864601_0.379,100,0.9851606281154485,15,False,False,0.3481458333333333,0.6518541666666666,0.10501205336955415,0.20424745592714566,0.0,0.0,0.8802902102470398,2.056213617324829
2864601_0.379,100,0.9851606281154485,16,False,False,0.8357604166666667,0.16423958333333333,0.37769836418030794,0.3512364068933906,0.0,0.2888641357421875,1.4326334822177955,1.9624755382537842
2864601_0.379,100,0.9851606281154485,17,True,False,0.0,1.0,0.0,0.0,0.0,0.0,0.0,0.0
2864601_0.379,100,0.9851606281154485,18,True,False,0.0,1.0,0.0,0.0,0.0,0.0,0.0,0.0
2864601_0.379,100,0.9851606281154485,19,False,False,0.7235520833333333,0.2764479166666667,0.47386597746880293,0.5395121789883216,0.0,0.3341170400381088,2.423499026298528,3.7257888317108154
2864601_0.379,100,0.9851606281154485,20,True,False,0.0,1.0,0.0,0.0,0.0,0.0,0.0,0.0
2864601_0.379,100,0.9851606281154485,21,True,False,0.0,1.0,0.0,0.0,0.0,0.0,0.0,0.0
2864601_0.379,100,0.9851606281154485,22,False,False,0.8508958333333333,0.14910416666666668,0.57966449620277,0.5011981939893684,0.0,0.5026302337646484,2.024273743629456,4.109671115875244
2864601_0.379,100,0.9851606281154485,23,False,False,0.81090625,0.18909375,0.6765932852446752,0.6197325678522844,0.0,0.562817394733429,2.496180331707002,2.782205581665039
2864601_0.379,100,0.9851606281154485,24,False,False,1.0,0.0,1.3730778871520113,0.6403243565737351,0.384846485555172,1.246305763721466,3.637799808979083,5.50213623046875
2864601_0.379,100,0.9851606281154485,25,False,False,0.8574375,0.1425625,0.5204350301597634,0.5019727777801377,0.0,0.39030250906944275,2.174384593963623,2.785835027694702
