entity,entity_type,gradient_set,stratum,n,transform,mean_signed_change,mean_absolute_change,rms_change,max_absolute_change,relative_l2_change,original_reference_residual_std,rms_change_over_residual_std
2864601_0.437,member,varied,all,1000,stellarator_parity,0.003581450589001179,0.030133937381207943,0.06831108867270726,0.8217616677284241,0.03279300738912255,0.26622242545337277,0.25659404370752953
2864601_0.437,member,varied,all,1000,plain_reversal_control,-0.07864894643425942,0.28809890849888325,0.4606568448208385,2.8416677713394165,0.22114013419456965,0.26622242545337277,1.7303457589507978
2864601_0.437,member,varied,stable_near_floor,240,stellarator_parity,5.610634883244832e-05,0.010257699092229207,0.03237336420987716,0.26384830474853516,0.016809233506633457,0.17004462739026538,0.19038157633512184
2864601_0.437,member,varied,stable_near_floor,240,plain_reversal_control,0.05398187475899855,0.11247706425686678,0.3053093336749602,2.2236014008522034,0.15852587479713617,0.17004462739026538,1.7954659218621005
2864601_0.437,member,varied,unstable,760,stellarator_parity,0.004694717191159725,0.03641064420930649,0.07621711115714444,0.8217616677284241,0.03577722771402622,0.3009878890093701,0.2532231825273598
2864601_0.437,member,varied,unstable,760,plain_reversal_control,-0.12053236365318298,0.34355843825952004,0.49978076675957384,2.8416677713394165,0.23460309670595253,0.3009878890093701,1.6604680288116678
2864601_0.437,member,fixed,all,1000,stellarator_parity,-0.0001360771656036377,0.0015757558345794677,0.002560902185868712,0.021964430809020996,0.0012976001213288043,,
2864601_0.437,member,fixed,all,1000,plain_reversal_control,-0.004985812306404114,0.016503103375434876,0.02246600606680768,0.18793082237243652,0.01138344617725974,,
2864601_0.437,member,fixed,stable_near_floor,23,stellarator_parity,-0.0012060041012971299,0.0017872478650963824,0.002315144905433704,0.0053865909576416016,0.0011986088348428855,,
2864601_0.437,member,fixed,stable_near_floor,23,plain_reversal_control,0.005140760670537534,0.008954587190047554,0.011782758686742148,0.029186010360717773,0.006100230973708836,,
2864601_0.437,member,fixed,unstable,977,stellarator_parity,-0.00011088953047472232,0.001570777004792478,0.0025664041567786977,0.021964430809020996,0.00129974325006717,,
2864601_0.437,member,fixed,unstable,977,plain_reversal_control,-0.005224206552534777,0.016680806417670196,0.022656896621685,0.18793082237243652,0.011474478161875919,,
2864601_0.371,member,varied,all,1000,stellarator_parity,-0.005557975143194198,0.033211151689291,0.07311067114909374,0.6792382001876831,0.0351931092329501,0.25641094789122804,0.28513084854749643
2864601_0.371,member,varied,all,1000,plain_reversal_control,-0.07229266333580017,0.2769560591578484,0.43779064162399045,2.490378677845001,0.2107382360150496,0.25641094789122804,1.7073788979154876
2864601_0.371,member,varied,stable_near_floor,240,stellarator_parity,-0.0013210066904624303,0.010140864923596383,0.037483445078295326,0.38054800033569336,0.019464849097179642,0.15362904661943755,0.24398670631047725
2864601_0.371,member,varied,stable_near_floor,240,plain_reversal_control,0.03414442390203476,0.09938788364330928,0.2737123747199029,1.9519471228122711,0.14213661681376843,0.15362904661943755,1.7816446872701748
2864601_0.371,member,varied,unstable,760,stellarator_parity,-0.006895965180898967,0.04049650540477351,0.08117531513794458,0.6792382001876831,0.03823481676848338,0.2919430521098296,0.27805188221230986
2864601_0.371,member,varied,unstable,760,plain_reversal_control,-0.10590437509511647,0.33303021984665016,0.4780445565497326,2.490378677845001,0.22516630820329353,0.2919430521098296,1.637458240896554
2864601_0.371,member,fixed,all,1000,stellarator_parity,0.00010944724082946778,0.0006883637905120849,0.0012261286911415302,0.009615063667297363,0.0005991860813970381,,
2864601_0.371,member,fixed,all,1000,plain_reversal_control,0.0005283405780792237,0.005438977718353271,0.007464223097845017,0.032634735107421875,0.0036476257516714185,,
2864601_0.371,member,fixed,stable_near_floor,23,stellarator_parity,0.0006556821906048318,0.0018746438233748727,0.002950891883068011,0.009615063667297363,0.001468420727051847,,
2864601_0.371,member,fixed,stable_near_floor,23,plain_reversal_control,0.0021647681360659394,0.007420021554698114,0.01021994731458564,0.02805328369140625,0.005085642938064071,,
2864601_0.371,member,fixed,unstable,977,stellarator_parity,9.658807619811324e-05,0.0006604370343648545,0.0011548983482953072,0.00917816162109375,0.0005641407983824441,,
2864601_0.371,member,fixed,unstable,977,plain_reversal_control,0.0004898166949331699,0.005392341067139422,0.007386974207722263,0.032634735107421875,0.003608363916465992,,
2864601_0.409,member,varied,all,1000,stellarator_parity,-0.0015476566106081009,0.02949554081261158,0.0630164726187424,0.6561655402183533,0.030490653092971002,0.26020836841298844,0.2421769638043543
2864601_0.409,member,varied,all,1000,plain_reversal_control,-0.07685624272376299,0.27710884680598974,0.4298868910068654,2.7130426168441772,0.20800167826289456,0.26020836841298844,1.6520871086074085
2864601_0.409,member,varied,stable_near_floor,240,stellarator_parity,0.0027227944073577722,0.013720380359639723,0.04774273201806025,0.41985177993774414,0.024888296332846133,0.1610611238410849,0.2964261696395888
2864601_0.409,member,varied,stable_near_floor,240,plain_reversal_control,0.023261037096381186,0.10758749600499869,0.2534449571304736,1.7531575486063957,0.13212090993750789,0.1610611238410849,1.5735948631560623
2864601_0.409,member,varied,unstable,760,stellarator_parity,-0.002896220089965745,0.03447717042933954,0.06712152559642057,0.6561655402183533,0.03178909703556942,0.29557803642684227,0.22708563331644446
2864601_0.409,member,varied,unstable,760,plain_reversal_control,-0.10847222582486114,0.33064190495367113,0.47209847315328013,2.7130426168441772,0.22358824594734925,0.29557803642684227,1.5972041727468744
2864601_0.409,member,fixed,all,1000,stellarator_parity,0.00022242367267608643,0.0038744083642959595,0.007183472588795433,0.08540010452270508,0.003212644014459348,,
2864601_0.409,member,fixed,all,1000,plain_reversal_control,0.0006470320224761963,0.033523406744003295,0.047842036992663636,0.36887669563293457,0.02139625813060933,,
2864601_0.409,member,fixed,stable_near_floor,23,stellarator_parity,0.0028040409088134766,0.0036848213361657185,0.006007834539484608,0.016437292098999023,0.0023167063222045274,,
2864601_0.409,member,fixed,stable_near_floor,23,plain_reversal_control,0.010564949201500935,0.02223273982172427,0.034232074807986325,0.10822606086730957,0.01320037421280973,,
2864601_0.409,member,fixed,unstable,977,stellarator_parity,0.0001616486507404058,0.003878871518489404,0.007208839300662858,0.08540010452270508,0.0032371646204589696,,
2864601_0.409,member,fixed,unstable,977,plain_reversal_control,0.0004135498370948565,0.03378920545353494,0.04811607744567999,0.36887669563293457,0.021606760407059823,,
2864601_0.386,member,varied,all,1000,stellarator_parity,-0.006111579388380051,0.028799215629696846,0.06731474538397433,0.9283639788627625,0.032287933514624174,0.2572253939954718,0.2616955672158844
2864601_0.386,member,varied,all,1000,plain_reversal_control,-0.07585083640366792,0.2879572014585137,0.46265334175823264,3.4820640087127686,0.22191453378897924,0.2572253939954718,1.798630121901484
2864601_0.386,member,varied,stable_near_floor,240,stellarator_parity,-0.0038493567456801734,0.008186595017711322,0.03310226829722007,0.34958112239837646,0.01717071108407641,0.15678942990194003,0.21112563721880387
2864601_0.386,member,varied,stable_near_floor,240,plain_reversal_control,0.0227769968410333,0.07582159365216891,0.25471617650411155,2.453509211540222,0.1321256246225281,0.15678942990194003,1.6245749261504256
2864601_0.386,member,varied,unstable,760,stellarator_parity,-0.006825965486074749,0.03530846424400806,0.07494113923754657,0.9283639788627625,0.0351505763364233,0.292498126664023,0.2562106639528241
2864601_0.386,member,varied,unstable,760,plain_reversal_control,-0.10699646795462621,0.3549473933973595,0.5110320250838266,3.4820640087127686,0.23969571841078013,0.292498126664023,1.747129224081568
2864601_0.386,member,fixed,all,1000,stellarator_parity,3.4062862396240236e-06,0.0002876756191253662,0.0005013526527034536,0.003958702087402344,0.0002569200324944043,,
2864601_0.386,member,fixed,all,1000,plain_reversal_control,-0.0006192185878753662,0.002556295156478882,0.0035544881385710684,0.028848648071289062,0.0018215106734516791,,
2864601_0.386,member,fixed,stable_near_floor,23,stellarator_parity,0.0002502358478048573,0.0003514497176460598,0.0006326654670454214,0.0020537376403808594,0.0003264416732233411,,
2864601_0.386,member,fixed,stable_near_floor,23,plain_reversal_control,0.0008538702259893003,0.0013279707535453465,0.0015724301943807262,0.0029191970825195312,0.000811339910929097,,
2864601_0.386,member,fixed,unstable,977,stellarator_parity,-2.404440388830804e-06,0.00028617428415507354,0.0004978442511392531,0.003958702087402344,0.00025508126280765416,,
2864601_0.386,member,fixed,unstable,977,plain_reversal_control,-0.0006538972395835416,0.0025852116982060785,0.003587981413998031,0.028848648071289062,0.0018383798304763596,,
2864601_0.355,member,varied,all,1000,stellarator_parity,-0.0018980340659618378,0.025256119459867478,0.05193419720377437,0.46310198307037354,0.02514187704472254,0.2611039584649687,0.19890237401644822
2864601_0.355,member,varied,all,1000,plain_reversal_control,-0.08099606858193874,0.2786070389896631,0.4361837128557514,2.6455447673797607,0.21116100504067992,0.2611039584649687,1.6705365763892563
2864601_0.355,member,varied,stable_near_floor,240,stellarator_parity,-0.001601739600300789,0.010570965334773063,0.03193824611052481,0.20037615299224854,0.016733634717687754,0.1706343879098817,0.18717356156481524
2864601_0.355,member,varied,stable_near_floor,240,plain_reversal_control,0.014813107127944628,0.08413984465102355,0.24278541300060877,1.6650136411190033,0.12720430551746378,0.1706343879098817,1.422839885761085
2864601_0.355,member,varied,unstable,760,stellarator_parity,-0.0019916007393284848,0.029893536552002557,0.05680470310046817,0.46310198307037354,0.026885889585609054,0.29408040224842397,0.1931604509044519
2864601_0.355,member,varied,unstable,760,plain_reversal_control,-0.11125159775348085,0.3400177319387072,0.4813761656039932,2.6455447673797607,0.2278372340875091,0.29408040224842397,1.6368862458143383
2864601_0.355,member,fixed,all,1000,stellarator_parity,-2.1311283111572265e-05,0.000359652042388916,0.0006020648681012667,0.0040950775146484375,0.0003010939500018618,,
2864601_0.355,member,fixed,all,1000,plain_reversal_control,0.0010126628875732422,0.0037497463226318357,0.00523269896085822,0.033524513244628906,0.002616884131213642,,
2864601_0.355,member,fixed,stable_near_floor,23,stellarator_parity,-0.00023767222528872281,0.00025765792183254075,0.0004089723330060603,0.0012388229370117188,0.00020365178974256657,,
2864601_0.355,member,fixed,stable_near_floor,23,plain_reversal_control,0.0017827075460682745,0.002579813418181046,0.0034396856262152117,0.008208274841308594,0.0017128252387677496,,
2864601_0.355,member,fixed,unstable,977,stellarator_parity,-1.621783206748377e-05,0.00036205313222801184,0.0006058695865420517,0.0040950775146484375,0.0003030274566310143,,
2864601_0.355,member,fixed,unstable,977,plain_reversal_control,0.000994534917107136,0.0037772882436168595,0.005267561198674609,0.033524513244628906,0.002634586234626575,,
2864601_0.449,member,varied,all,1000,stellarator_parity,-0.00022587449848651887,0.026731842771172524,0.05187565066198886,0.3901328444480896,0.025066479280830473,0.25852889984016847,0.20065706655642826
2864601_0.449,member,varied,all,1000,plain_reversal_control,0.0018792027458548546,0.2524643390402198,0.3998116042155426,1.7228639125823975,0.19319023791344686,0.25852889984016847,1.5464870831180577
2864601_0.449,member,varied,stable_near_floor,240,stellarator_parity,-0.0005826248476902643,0.00863704519967238,0.028595093243468008,0.19765806198120117,0.014870358267641808,0.1657586054352106,0.17251045982433086
2864601_0.449,member,varied,stable_near_floor,240,plain_reversal_control,0.05141499222566684,0.1018060707176725,0.2708558227673283,1.438529521226883,0.14085364538362258,0.1657586054352106,1.63403777472776
2864601_0.449,member,varied,unstable,760,stellarator_parity,-0.00011321649347480974,0.03244598937269889,0.057294714620066266,0.3901328444480896,0.027106415556433772,0.29227518531589947,0.19603003436005176
2864601_0.449,member,varied,unstable,760,plain_reversal_control,-0.013763678142506825,0.3000406342999716,0.4326208812680259,1.7228639125823975,0.20467509898259684,0.29227518531589947,1.4801834127671043
2864601_0.449,member,fixed,all,1000,stellarator_parity,1.4586448669433595e-06,0.0007183036804199219,0.0015873778450235135,0.017607688903808594,0.0007780893198120713,,
2864601_0.449,member,fixed,all,1000,plain_reversal_control,-0.0008450961112976075,0.0075006775856018065,0.012729240317030823,0.07975006103515625,0.006239526380599192,,
2864601_0.449,member,fixed,stable_near_floor,23,stellarator_parity,-2.7718751326851223e-05,0.0001604038736094599,0.0002247612428624071,0.0006437301635742188,0.00011035651730098644,,
2864601_0.449,member,fixed,stable_near_floor,23,plain_reversal_control,-6.070344344429348e-05,0.000797271728515625,0.0011008729374804755,0.0031337738037109375,0.0005405224754235049,,
2864601_0.449,member,fixed,unstable,977,stellarator_parity,2.1455231806150843e-06,0.0007314374527399225,0.0016055834378003355,0.017607688903808594,0.0007869822259997068,,
2864601_0.449,member,fixed,unstable,977,plain_reversal_control,-0.0008635618547578184,0.007658485502401174,0.012877093388879187,0.07975006103515625,0.006311751467410492,,
2864601_0.340,member,varied,all,1000,stellarator_parity,0.0016595362350344657,0.02620552422851324,0.05919017652197523,0.8955756276845932,0.028535419581382573,0.25888375561514304,0.2286361165509644
2864601_0.340,member,varied,all,1000,plain_reversal_control,-0.0991856927126646,0.3013610031157732,0.4798748596528774,3.3654452562332153,0.23134633602026916,0.25888375561514304,1.853630632453664
2864601_0.340,member,varied,stable_near_floor,240,stellarator_parity,0.0014394592493772508,0.007563259328405062,0.022766659072619405,0.16385459899902344,0.011797903752189566,0.16141096534523544,0.1410477846032623
2864601_0.340,member,varied,stable_near_floor,240,plain_reversal_control,0.027022570775200924,0.08740662277365724,0.25335038856237313,1.9971879497170448,0.13128863090120532,0.16141096534523544,1.5695983728273488
2864601_0.340,member,varied,unstable,760,stellarator_parity,0.0017290342305051653,0.03209255524960004,0.06667951643400866,0.8955756276845932,0.03148424993494005,0.29342904353517657,0.22724238756554802
2864601_0.340,member,varied,unstable,760,plain_reversal_control,-0.13904093381409582,0.3689255442764414,0.5317240334324349,3.3654452562332153,0.25106559345806523,0.29342904353517657,1.8121043064664841
2864601_0.340,member,fixed,all,1000,stellarator_parity,9.40408706665039e-05,0.0004036264419555664,0.0006724059898084786,0.004506111145019531,0.000335807292744327,,
2864601_0.340,member,fixed,all,1000,plain_reversal_control,0.0015185985565185547,0.003978651046752929,0.0058448551019948895,0.02884960174560547,0.0029189879299600227,,
2864601_0.340,member,fixed,stable_near_floor,23,stellarator_parity,0.0001239361970320992,0.00014450239098590353,0.0002124373817485883,0.00048160552978515625,0.00010624624948936722,,
2864601_0.340,member,fixed,stable_near_floor,23,plain_reversal_control,0.0006954773612644361,0.001072468964949898,0.0013717238005616196,0.00305938720703125,0.0006860398482855117,,
2864601_0.340,member,fixed,unstable,977,stellarator_parity,9.333709123312756e-05,0.0004097265987337673,0.0006794933338681719,0.004506111145019531,0.00033933533056220214,,
2864601_0.340,member,fixed,unstable,977,plain_reversal_control,0.0015379760258029402,0.0040470667968874946,0.005909506398694645,0.02884960174560547,0.0029511758354490995,,
2864601_0.296,member,varied,all,1000,stellarator_parity,0.00427273291349411,0.02543963760137558,0.046310734170507205,0.34976768493652344,0.022282776190119803,0.2619513822510106,0.17679133346252285
2864601_0.296,member,varied,all,1000,plain_reversal_control,-0.14310949957370758,0.3622843365371227,0.577909989501395,3.447808265686035,0.27806596428987307,0.2619513822510106,2.2061727047793256
2864601_0.296,member,varied,stable_near_floor,240,stellarator_parity,0.0030305436501900356,0.009383647764722506,0.028913406903014544,0.25395870208740234,0.015043344808329253,0.15161780628582996,0.1906992826984119
2864601_0.296,member,varied,stable_near_floor,240,plain_reversal_control,0.04068140387535095,0.1012125184138616,0.28697294598816725,2.196777641773224,0.14930903824799518,0.15161780628582996,1.8927390721322384
2864601_0.296,member,varied,unstable,760,stellarator_parity,0.004665003207169081,0.030509950181371287,0.05057625399379314,0.34976768493652344,0.023797290139696375,0.299842514879022,0.1686760598782972
2864601_0.296,member,varied,unstable,760,plain_reversal_control,-0.20114873224183133,0.4447280685760473,0.6429937410173723,3.447808265686035,0.30254333614500273,0.299842514879022,2.144438193752484
2864601_0.296,member,fixed,all,1000,stellarator_parity,-3.424310684204102e-05,0.0015101342201232911,0.002641409146460334,0.027091503143310547,0.0012560247123487227,,
2864601_0.296,member,fixed,all,1000,plain_reversal_control,0.0004070849418640137,0.013568359851837158,0.021266611446073443,0.34175872802734375,0.010112552824306493,,
2864601_0.296,member,fixed,stable_near_floor,23,stellarator_parity,-0.0011563093765922215,0.002162518708602242,0.002995651282756604,0.007688999176025391,0.0013793400911680327,,
2864601_0.296,member,fixed,stable_near_floor,23,plain_reversal_control,-0.008167121721350628,0.014369529226551886,0.019553554339500318,0.054818153381347656,0.00900338486677484,,
2864601_0.296,member,fixed,unstable,977,stellarator_parity,-7.828036008618139e-06,0.0014947761410700506,0.0026324955307793444,0.027091503143310547,0.0012527673060845233,,
2864601_0.296,member,fixed,unstable,977,plain_reversal_control,0.0006089342287155354,0.01354949916031368,0.021305279911050492,0.34175872802734375,0.010138880696082988,,
2864601_0.270,member,varied,all,1000,stellarator_parity,0.0020141431093215942,0.028211703240871428,0.057781756763828414,0.6710337996482849,0.028028173079858807,0.27239201461463064,0.2121272051443055
2864601_0.270,member,varied,all,1000,plain_reversal_control,-0.17704814299941063,0.30592915503680707,0.4909945597244921,3.179192304611206,0.2381665299218107,0.27239201461463064,1.8025291982921439
2864601_0.270,member,varied,stable_near_floor,240,stellarator_parity,0.0012615419303377469,0.011020071618258954,0.03019656037860196,0.24111604690551758,0.015858950668460596,0.18018118524149962,0.16758997526922162
2864601_0.270,member,varied,stable_near_floor,240,plain_reversal_control,-0.0160690788179636,0.10083581941823165,0.25402103721363317,1.7322797775268555,0.13340946940357165,0.18018118524149962,1.4098088924943237
2864601_0.270,member,varied,unstable,760,stellarator_parity,0.0022518066395270197,0.033640639542749054,0.06407121523646227,0.6710337996482849,0.030382045491165077,0.3058634695823411,0.20947652010863538
2864601_0.270,member,varied,unstable,760,plain_reversal_control,-0.22788363695144653,0.37069547154793614,0.5448192031304201,3.179192304611206,0.2583488037940123,0.3058634695823411,1.7812496663114914
2864601_0.270,member,fixed,all,1000,stellarator_parity,-0.00036275386810302734,0.0014248571395874023,0.0029462734161984543,0.03651714324951172,0.0014841118766870255,,
2864601_0.270,member,fixed,all,1000,plain_reversal_control,0.0010194768905639649,0.013824748039245606,0.022892528984617348,0.3115863800048828,0.011531541494648604,,
2864601_0.270,member,fixed,stable_near_floor,23,stellarator_parity,-0.0006488717120626699,0.0009004758751910666,0.0016564814413742935,0.006282806396484375,0.0008336529229302888,,
2864601_0.270,member,fixed,stable_near_floor,23,plain_reversal_control,-0.0022577617479407268,0.004721558612325917,0.006396313676656762,0.013831138610839844,0.0032190554384358,,
2864601_0.270,member,fixed,unstable,977,stellarator_parity,-0.00035601823820428447,0.0014372018367021574,0.002969896151010608,0.03651714324951172,0.0014960432942568394,,
2864601_0.270,member,fixed,unstable,977,plain_reversal_control,0.0010966278513475963,0.014039050349193562,0.023139620902896743,0.3115863800048828,0.01165625763434326,,
2864601_0.352,member,varied,all,1000,stellarator_parity,-0.00148810113966465,0.032814368531107904,0.06865894195188577,0.5644228458404541,0.033177370876246226,0.26096459610597017,0.2630967685900403
2864601_0.352,member,varied,all,1000,plain_reversal_control,-0.07709757681190968,0.32603607229888437,0.5219554467687789,2.6380053758621216,0.2522192877725949,0.26096459610597017,2.0001006058186834
2864601_0.352,member,varied,stable_near_floor,240,stellarator_parity,0.0019648638864358265,0.011497050275405247,0.03798299386633597,0.3473508358001709,0.019715652852171292,0.1474469599557888,0.2576044557156348
2864601_0.352,member,varied,stable_near_floor,240,plain_reversal_control,0.03955837972462177,0.10808526389300824,0.29257334463106954,2.020182430744171,0.15186466124402104,0.1474469599557888,1.9842616268168305
2864601_0.352,member,varied,unstable,760,stellarator_parity,-0.002578511147906906,0.03954615324343506,0.07580966846077151,0.5644228458404541,0.03588499046596828,0.29934543359066734,0.2532514612012943
2864601_0.352,member,varied,unstable,760,plain_reversal_control,-0.11393629992870909,0.3948626433744242,0.5757074475606068,2.6380053758621216,0.27251479509621707,0.29934543359066734,1.9232210782538408
2864601_0.352,member,fixed,all,1000,stellarator_parity,0.00018457818031311036,0.005185935258865356,0.009442755010547909,0.0835881233215332,0.004557214235381563,,
2864601_0.352,member,fixed,all,1000,plain_reversal_control,-0.012795863151550292,0.03938047218322754,0.060319667292170434,0.3899264335632324,0.02911117000814876,,
2864601_0.352,member,fixed,stable_near_floor,23,stellarator_parity,-0.0001693186552628227,0.005134603251581607,0.0075248836816403895,0.019403934478759766,0.0031620647477058573,,
2864601_0.352,member,fixed,stable_near_floor,23,plain_reversal_control,0.008685194927713146,0.03122773377791695,0.03690723148305032,0.08199071884155273,0.015508951439702849,,
2864601_0.352,member,fixed,unstable,977,stellarator_parity,0.00019290942618644348,0.005187143688924237,0.00948323268873956,0.0835881233215332,0.0045940342635129375,,
2864601_0.352,member,fixed,unstable,977,plain_reversal_control,-0.013301558479925993,0.03957239949471387,0.06076224246042002,0.3899264335632324,0.029435513495572784,,
2864601_0.487,member,varied,all,1000,stellarator_parity,0.002449896637350321,0.025561767760664225,0.060333829338126754,0.7607421875,0.02908589932891099,0.2668594680511224,0.22608839693320748
2864601_0.487,member,varied,all,1000,plain_reversal_control,-0.06638058216497301,0.2956811875216663,0.4584960156711769,2.811957359313965,0.22103302742117467,0.2668594680511224,1.7181178506409323
2864601_0.487,member,varied,stable_near_floor,240,stellarator_parity,0.002597455432017644,0.009639206777016322,0.04011226844534301,0.38812780380249023,0.020681399544939017,0.15007611672960383,0.2672794933627871
2864601_0.487,member,varied,stable_near_floor,240,plain_reversal_control,0.02162688399354617,0.07242141688863436,0.2047635465962036,1.776223599910736,0.10557360337686111,0.15007611672960383,1.3643979539071602
2864601_0.487,member,varied,unstable,760,stellarator_parity,0.0024032991232448503,0.03058994491339514,0.06543389978728134,0.7607421875,0.030936307651259334,0.3059945900205392,0.21384005443654816
2864601_0.487,member,varied,unstable,760,plain_reversal_control,-0.09417241358345277,0.366184272984729,0.5131890105056026,2.811957359313965,0.24262917484451377,0.3059945900205392,1.6771179205199542
2864601_0.487,member,fixed,all,1000,stellarator_parity,0.00010937404632568359,0.0012319650650024414,0.0022631852664328563,0.01874065399169922,0.001206508807319123,,
2864601_0.487,member,fixed,all,1000,plain_reversal_control,-0.00048302650451660157,0.011548818588256836,0.015748151865054003,0.07283973693847656,0.008395372754495803,,
2864601_0.487,member,fixed,stable_near_floor,23,stellarator_parity,-3.507862920346467e-05,0.001315158346424932,0.0021524920473298434,0.007273674011230469,0.0011307659693735213,,
2864601_0.487,member,fixed,stable_near_floor,23,plain_reversal_control,0.0010487514993418818,0.0037199517954950747,0.004568705514746887,0.010172843933105469,0.0024000723842736078,,
2864601_0.487,member,fixed,unstable,977,stellarator_parity,0.00011277467225932782,0.0012300065742422395,0.002265725992290366,0.01874065399169922,0.0012082873630732598,,
2864601_0.487,member,fixed,unstable,977,plain_reversal_control,-0.0005190867850577941,0.011733121491259416,0.015917012475148585,0.07283973693847656,0.008488371981891766,,
2864601_0.272,member,varied,all,1000,stellarator_parity,0.006452151350677013,0.028727729238569737,0.060283242362105374,0.6007742285728455,0.02914577311571858,0.2604748237177358,0.23143596567870783
2864601_0.272,member,varied,all,1000,plain_reversal_control,-0.025922307424247264,0.31039964900165795,0.5300223440747975,4.6844751834869385,0.25625547633741863,0.2604748237177358,2.034831376444879
2864601_0.272,member,varied,stable_near_floor,240,stellarator_parity,0.004675348848104477,0.009645069887240728,0.031744997230439734,0.2751901149749756,0.016505482297784268,0.15853925582961478,0.200234301998722
2864601_0.272,member,varied,stable_near_floor,240,plain_reversal_control,0.03827657469858726,0.09140404084076484,0.24677845364782686,1.7534154653549194,0.1283098993076321,0.15853925582961478,1.556576334085007
2864601_0.272,member,varied,unstable,760,stellarator_parity,0.007013246877805183,0.034753832191621,0.06680894347916565,0.6007742285728455,0.03163200093095745,0.29596198377487676,0.22573488198397743
2864601_0.272,member,varied,unstable,760,plain_reversal_control,-0.04619563862093185,0.37955615684194,0.5919501445647661,4.6844751834869385,0.2802703732291818,0.29596198377487676,2.000088447221088
2864601_0.272,member,fixed,all,1000,stellarator_parity,7.004261016845703e-06,0.00029812002182006835,0.0004940166099928474,0.004254341125488281,0.00024733057445447393,,
2864601_0.272,member,fixed,all,1000,plain_reversal_control,-0.0005747544765472412,0.003092982530593872,0.004134092929421007,0.01747727394104004,0.0020697433211743234,,
2864601_0.272,member,fixed,stable_near_floor,23,stellarator_parity,2.3707099582837976e-05,6.861272065535836e-05,9.665302944051881e-05,0.0002543926239013672,4.827013138427505e-05,,
2864601_0.272,member,fixed,stable_near_floor,23,plain_reversal_control,-0.0004340462062669837,0.0005826950073242188,0.0008901101047328896,0.002893686294555664,0.00044453579934986855,,
2864601_0.272,member,fixed,unstable,977,stellarator_parity,6.611051920614565e-06,0.00030352295726202163,0.0004995776613050774,0.004254341125488281,0.0002501293159383986,,
2864601_0.272,member,fixed,unstable,977,plain_reversal_control,-0.0005780669537390999,0.0031520783474159827,0.00418024078745073,0.01747727394104004,0.0020929694211934066,,
2864601_0.404,member,varied,all,1000,stellarator_parity,0.0028359402976930142,0.030022381216287614,0.05749426197689016,0.4781949818134308,0.027734455625024242,0.26583284910859684,0.21627974936010583
2864601_0.404,member,varied,all,1000,plain_reversal_control,-0.21493134141154588,0.3625338102225214,0.5605375744362096,3.275650978088379,0.2703957568949849,0.26583284910859684,2.108609136590269
2864601_0.404,member,varied,stable_near_floor,240,stellarator_parity,0.004926047225793203,0.014036970337231953,0.04060732282089045,0.29372668266296387,0.02119417557703518,0.17882574664278417,0.22707760813663014
2864601_0.404,member,varied,stable_near_floor,240,plain_reversal_control,-0.006978470707933108,0.09663488206764062,0.2367588084923361,1.8684905171394348,0.12357149912908702,0.17882574664278417,1.323963763256512
2864601_0.404,member,varied,unstable,760,stellarator_parity,0.0021759065309245335,0.03507040570441045,0.061876798647585045,0.4781949818134308,0.029184295767028298,0.2979052747578383,0.20770628750324596
2864601_0.404,member,varied,unstable,760,plain_reversal_control,-0.2806006690021604,0.44650189279774694,0.6290649246251163,3.275650978088379,0.29669952580262104,0.2979052747578383,2.11162734576107
2864601_0.404,member,fixed,all,1000,stellarator_parity,0.00017247247695922853,0.004020378589630127,0.006711881625345662,0.053437232971191406,0.002650966185336912,,
2864601_0.404,member,fixed,all,1000,plain_reversal_control,0.012292743682861328,0.04072288703918457,0.05808574940208623,0.32247161865234375,0.022941906027276544,,
2864601_0.404,member,fixed,stable_near_floor,23,stellarator_parity,0.0005597238955290421,0.0017509045808211617,0.0021832926144309205,0.0040340423583984375,0.0009453348132212776,,
2864601_0.404,member,fixed,stable_near_floor,23,plain_reversal_control,-0.008970758189325747,0.016714261925738792,0.019350015113922012,0.03710174560546875,0.008378282783829355,,
2864601_0.404,member,fixed,unstable,977,stellarator_parity,0.00016335601572370578,0.0040738053063165205,0.006782157888858364,0.053437232971191406,0.0026734444124690915,,
2864601_0.404,member,fixed,unstable,977,plain_reversal_control,0.01279331742191998,0.041288084969183805,0.05869043880926786,0.32247161865234375,0.023135059411954813,,
2864601_0.274,member,varied,all,1000,stellarator_parity,0.0026816885247826576,0.03218393669277429,0.06345952827090924,0.6807678639888763,0.03039910970748488,0.26905587462327796,0.23586003598606764
2864601_0.274,member,varied,all,1000,plain_reversal_control,-0.06026430539041758,0.31196939102560284,0.4773469579497795,3.07023349404335,0.22866420439342486,0.26905587462327796,1.7741554932340466
2864601_0.274,member,varied,stable_near_floor,240,stellarator_parity,-2.4220161139965058e-05,0.009085331050058206,0.025318174939286626,0.20212888717651367,0.013161098251497957,0.16495627451424635,0.15348415823430855
2864601_0.274,member,varied,stable_near_floor,240,plain_reversal_control,0.056800905521959065,0.12280421967928608,0.30027653364745904,1.6650690734386444,0.15609217376174717,0.16495627451424635,1.8203401751870059
2864601_0.274,member,varied,unstable,760,stellarator_parity,0.003536186004547696,0.03947823321152674,0.0713891239378352,0.6807678639888763,0.033411331957126436,0.3054466324605281,0.23372044852077584
2864601_0.274,member,varied,unstable,760,plain_reversal_control,-0.0972322667311681,0.3717057609244397,0.520905435232564,3.07023349404335,0.24379265992929036,0.3054466324605281,1.7053893540629523
2864601_0.274,member,fixed,all,1000,stellarator_parity,0.0001519089937210083,0.0030189305543899536,0.005439577636125034,0.05886554718017578,0.003014793319535973,,
2864601_0.274,member,fixed,all,1000,plain_reversal_control,0.004783297061920166,0.02660334825515747,0.038911242897429664,0.2993842363357544,0.021565894080257973,,
2864601_0.274,member,fixed,stable_near_floor,23,stellarator_parity,0.00019877889881963316,0.0010740031366762908,0.0015526696538782074,0.0047397613525390625,0.0009057381377959187,,
2864601_0.274,member,fixed,stable_near_floor,23,plain_reversal_control,-0.00012360448422639266,0.004558936409328295,0.005616436413013503,0.013448715209960938,0.0032763058420481436,,
2864601_0.274,member,fixed,unstable,977,stellarator_parity,0.00015080560803291376,0.0030647169726165805,0.005498074181233077,0.05886554718017578,0.003043729631310163,,
2864601_0.274,member,fixed,unstable,977,plain_reversal_control,0.004898812656148796,0.027122305749992755,0.03935715921094637,0.2993842363357544,0.021788093020542472,,
2864601_0.240,member,varied,all,1000,stellarator_parity,0.0061456536315381526,0.03101556109264493,0.061183393579918685,0.6832878589630127,0.02953171651004154,0.2657421238648345,0.23023596218053352
2864601_0.240,member,varied,all,1000,plain_reversal_control,-0.12469388354569673,0.3327063785493374,0.5388134136797893,3.845635771751404,0.2600719583135684,0.2657421238648345,2.027579993128407
2864601_0.240,member,varied,stable_near_floor,240,stellarator_parity,0.0032087386896212894,0.011584733054041863,0.03488103443302817,0.33003854751586914,0.01818256786438132,0.16391389256516714,0.2128009645012886
2864601_0.240,member,varied,stable_near_floor,240,plain_reversal_control,0.023136801520983376,0.09966862897078196,0.26029394738264333,2.021744728088379,0.13568440385733532,0.16391389256516714,1.5879919835297576
2864601_0.240,member,varied,unstable,760,stellarator_parity,0.007073100455301373,0.03715161205220379,0.06738931348599964,0.6832878589630127,0.03181858142906456,0.30154637812359275,0.2234791009772276
2864601_0.240,member,varied,unstable,760,plain_reversal_control,-0.17137725777727994,0.4062972468373023,0.6005032860582101,3.845635771751404,0.2835340162625871,0.30154637812359275,1.9914126967629702
2864601_0.240,member,fixed,all,1000,stellarator_parity,-2.6222586631774903e-05,0.0012049654722213745,0.0020286860924235914,0.021558761596679688,0.001015673083136511,,
2864601_0.240,member,fixed,all,1000,plain_reversal_control,0.0011438138484954833,0.013007579326629638,0.017873015708,0.08954513072967529,0.00894822567024394,,
2864601_0.240,member,fixed,stable_near_floor,23,stellarator_parity,-0.000772144483483356,0.0008508433466372283,0.0012868105589382058,0.0038518905639648438,0.0006467805088628742,,
2864601_0.240,member,fixed,stable_near_floor,23,plain_reversal_control,0.0004427484844041907,0.0029300140297931175,0.003591214250884623,0.008317947387695312,0.001805026671944104,,
2864601_0.240,member,fixed,unstable,977,stellarator_parity,-8.662501035473608e-06,0.0012133020217489439,0.002042907692826487,0.021558761596679688,0.0010226991602906286,,
2864601_0.240,member,fixed,unstable,977,plain_reversal_control,0.001160317946114828,0.01324481986074145,0.01807377306818581,0.08954513072967529,0.009047903928808073,,
2864601_0.417,member,varied,all,1000,stellarator_parity,0.004572806507349014,0.03521691235899925,0.07710402454265938,0.5473020076751709,0.03729599167061941,0.2666369689049585,0.28917229617226387
2864601_0.417,member,varied,all,1000,plain_reversal_control,-0.14048120924830437,0.33429974219202996,0.5269497932765014,3.40814208984375,0.2548909115632675,0.2666369689049585,1.9762818165860943
2864601_0.417,member,varied,stable_near_floor,240,stellarator_parity,0.002729977418979009,0.014067277560631435,0.045433769014350485,0.30256521701812744,0.023656470928319285,0.15856444712511153,0.2865318792333192
2864601_0.417,member,varied,stable_near_floor,240,plain_reversal_control,0.03749083379904429,0.11205906867980957,0.28949295599247477,2.1304142475128174,0.15073329477081457,0.15856444712511153,1.8257116348664035
2864601_0.417,member,varied,unstable,760,stellarator_parity,0.005154752535255332,0.04189574440058909,0.08467908485190903,0.5473020076751709,0.04010204858618238,0.3034843617415429,0.27902289385185675
2864601_0.417,member,varied,unstable,760,plain_reversal_control,-0.19668290705273025,0.4044810075116785,0.5821496048646874,3.40814208984375,0.2756925370596308,0.3034843617415429,1.9182194480269952
2864601_0.417,member,fixed,all,1000,stellarator_parity,0.002082688570022583,0.010914085149765015,0.02013602062126064,0.16028785705566406,0.006334944483268437,,
2864601_0.417,member,fixed,all,1000,plain_reversal_control,0.03201045703887939,0.09545898818969727,0.15049429924666563,1.143498420715332,0.047346645531808486,,
2864601_0.417,member,fixed,stable_near_floor,23,stellarator_parity,-0.010545357413913893,0.021502639936364216,0.033907140777073,0.09821701049804688,0.009171268923590084,,
2864601_0.417,member,fixed,stable_near_floor,23,plain_reversal_control,-0.0037779600723930025,0.08402925988902217,0.12331857743210478,0.4278419017791748,0.033355446993901076,,
2864601_0.417,member,fixed,unstable,977,stellarator_parity,0.002379971126450975,0.010664815180377317,0.019696166021488524,0.16028785705566406,0.006222463340394307,,
2864601_0.417,member,fixed,unstable,977,plain_reversal_control,0.032852968393597165,0.09572806060619217,0.15107517179735577,1.143498420715332,0.047728056167236445,,
2864601_0.494,member,varied,all,1000,stellarator_parity,0.0026823524832725524,0.03129069072008133,0.0639240736832006,0.6219720840454102,0.030877684680398258,0.2635144223591003,0.2425828275770388
2864601_0.494,member,varied,all,1000,plain_reversal_control,-0.19950383055210114,0.36344331994652745,0.6015263965082809,4.405802965164185,0.290559429775517,0.2635144223591003,2.282707683029811
2864601_0.494,member,varied,stable_near_floor,240,stellarator_parity,0.004301575074593226,0.012354130297899247,0.039142775393251956,0.30065178871154785,0.02039637321465828,0.15576412731216083,0.2512951863095374
2864601_0.494,member,varied,stable_near_floor,240,plain_reversal_control,-0.008777247679730257,0.08846704531461,0.22707024891934127,1.4218517541885376,0.11832092886552635,0.15576412731216083,1.4577826925725885
2864601_0.494,member,varied,unstable,760,stellarator_parity,0.0021710190333818135,0.03727065716919146,0.06994894330245156,0.6219720840454102,0.033061545073396745,0.30082623123103364,0.23252275247477003
2864601_0.494,member,varied,unstable,760,plain_reversal_control,-0.2597332777749551,0.45027793298818564,0.6780965912697018,4.405802965164185,0.32050406993916924,0.30082623123103364,2.2541139065393723
2864601_0.494,member,fixed,all,1000,stellarator_parity,8.201980590820313e-05,0.001858062744140625,0.003346478141608523,0.03252410888671875,0.0016628795906653872,,
2864601_0.494,member,fixed,all,1000,plain_reversal_control,-0.014317767143249512,0.02301100826263428,0.030463356028609292,0.10774993896484375,0.015137374535128135,,
2864601_0.494,member,fixed,stable_near_floor,23,stellarator_parity,-0.0008458676545516304,0.002089790675951087,0.0038508768186030977,0.01210784912109375,0.0018762310636074688,,
2864601_0.494,member,fixed,stable_near_floor,23,plain_reversal_control,0.011245229969853941,0.016323587168817936,0.021778395345662182,0.05935096740722656,0.010610908576888239,,
2864601_0.494,member,fixed,unstable,977,stellarator_parity,0.00010386362534584506,0.0018526075318257421,0.0033336845319946154,0.03252410888671875,0.0016573056342340097,,
2864601_0.494,member,fixed,unstable,977,plain_reversal_control,-0.014919557249289818,0.023168439874873558,0.030638166251532945,0.10774993896484375,0.015231436887305883,,
2864601_0.260,member,varied,all,1000,stellarator_parity,-0.00504512595385313,0.028864697851240635,0.05786027535124522,0.4112950265407562,0.02796046926372317,0.26310022254676896,0.21991724214889222
2864601_0.260,member,varied,all,1000,plain_reversal_control,-0.0947309298068285,0.28771965934336186,0.4549179975968487,2.585236132144928,0.21983512197453503,0.26310022254676896,1.7290673234454677
2864601_0.260,member,varied,stable_near_floor,240,stellarator_parity,-0.00208863103762269,0.010391245937595765,0.037179473613542256,0.3267115354537964,0.019437093408441956,0.1730957367248067,0.21479138837862546
2864601_0.260,member,varied,stable_near_floor,240,plain_reversal_control,0.03191087059676647,0.10863580219447613,0.3097333514735061,2.585236132144928,0.16192580204006657,0.1730957367248067,1.7893759680859755
2864601_0.260,member,varied,unstable,760,stellarator_parity,-0.005978755927399585,0.03469841950818112,0.06299599278983728,0.4112950265407562,0.029765745782480632,0.2959350718696422,0.21287099359952402
2864601_0.260,member,varied,unstable,760,plain_reversal_control,-0.13472307730270058,0.34427245633774683,0.491943039029825,2.292368561029434,0.232444172886898,0.2959350718696422,1.6623343624730065
2864601_0.260,member,fixed,all,1000,stellarator_parity,-8.348655700683594e-05,0.0010274620056152344,0.0018531999919672516,0.01837635040283203,0.0008682658663588086,,
2864601_0.260,member,fixed,all,1000,plain_reversal_control,0.003759235382080078,0.009779626846313477,0.012864047284538563,0.058852195739746094,0.006027095407298022,,
2864601_0.260,member,fixed,stable_near_floor,23,stellarator_parity,9.449668552564538e-05,0.00029659271240234375,0.0004085346280477875,0.0009641647338867188,0.00018661647289103887,,
2864601_0.260,member,fixed,stable_near_floor,23,plain_reversal_control,0.0012559890747070312,0.0036653850389563518,0.004834996403932331,0.014683723449707031,0.002208600968917535,,
2864601_0.260,member,fixed,unstable,977,stellarator_parity,-8.767654122203253e-05,0.0010446677310439923,0.001873838500088991,0.01837635040283203,0.0008784734036641864,,
2864601_0.260,member,fixed,unstable,977,plain_reversal_control,0.003818165438446076,0.009923564985074186,0.012993425515075256,0.058852195739746094,0.0060914421050390225,,
2864601_0.434,member,varied,all,1000,stellarator_parity,0.007291052967309952,0.03388010185956955,0.07868614703499857,1.247788429260254,0.03781047349995342,0.26831701568900657,0.2932581328580366
2864601_0.434,member,varied,all,1000,plain_reversal_control,-0.06797027717530728,0.2906025059968233,0.45942328597585097,2.7642303109169006,0.22076328088507166,0.26831701568900657,1.7122405927037685
2864601_0.434,member,varied,stable_near_floor,240,stellarator_parity,0.005429823758701483,0.012384448014199734,0.051031571822375374,0.4870315343141556,0.026560399268026696,0.16503399403799976,0.3092185468808635
2864601_0.434,member,varied,stable_near_floor,240,plain_reversal_control,0.017536972525219123,0.09657581852128108,0.30380383130611854,2.3798983097076416,0.1581207627061318,0.16503399403799976,1.840856079845989
2864601_0.434,member,varied,unstable,760,stellarator_parity,0.0078788095595021,0.04066820307389686,0.08558234429464065,1.247788429260254,0.040198010136430415,0.305025791953057,0.2805741237377449
2864601_0.434,member,varied,unstable,760,plain_reversal_control,-0.09497256655442088,0.3518740915154156,0.49857498432630626,2.7642303109169006,0.23418057122530292,0.305025791953057,1.6345338573960204
2864601_0.434,member,fixed,all,1000,stellarator_parity,2.2812247276306152e-05,0.0006982728242874146,0.0013466451075645142,0.015479087829589844,0.0006713354392091829,,
2864601_0.434,member,fixed,all,1000,plain_reversal_control,0.00016145992279052734,0.0063533754348754886,0.008449574077338647,0.04751789569854736,0.004212318815459634,,
2864601_0.434,member,fixed,stable_near_floor,23,stellarator_parity,0.0002371953881305197,0.00041607151860776156,0.0006710358534402651,0.0021758079528808594,0.0003310526825127349,,
2864601_0.434,member,fixed,stable_near_floor,23,plain_reversal_control,0.0015598380047342052,0.0018138056216032608,0.003263852045607754,0.013285160064697266,0.0016102075164591927,,
2864601_0.434,member,fixed,unstable,977,stellarator_parity,1.776535654995312e-05,0.0007049162531826367,0.001358507970488524,0.015479087829589844,0.0006774176651679054,,
2864601_0.434,member,fixed,unstable,977,plain_reversal_control,0.00012854007029850626,0.006460243506221713,0.00853377234968617,0.04751789569854736,0.004255350918640538,,
2864601_0.460,member,varied,all,1000,stellarator_parity,0.0003278976082801819,0.029488888144493103,0.058558061558695425,0.5567989349365234,0.028410420018850975,0.2694586272489158,0.2173174492743247
2864601_0.460,member,varied,all,1000,plain_reversal_control,-0.05603819164633751,0.30633773651719093,0.47707530246478114,2.5616396963596344,0.23146103820494626,0.2694586272489158,1.7704955574648453
2864601_0.460,member,varied,stable_near_floor,240,stellarator_parity,-0.0008070133626461029,0.012623427559932072,0.03473710621685565,0.25763726234436035,0.01811530303444429,0.17006133307094737,0.2042622246314145
2864601_0.460,member,varied,stable_near_floor,240,plain_reversal_control,0.03153014530738195,0.12373858516414961,0.2898591313732887,2.0286400616168976,0.15116072045114717,0.17006133307094737,1.7044387818150484
2864601_0.460,member,varied,unstable,760,stellarator_parity,0.0006862905464674297,0.03481482306593343,0.06427169510751435,0.5567989349365234,0.03054074295435857,0.30423841976054256,0.21125436806469342
2864601_0.460,member,varied,unstable,760,plain_reversal_control,-0.08369135068435418,0.36400062641815134,0.5224391784949807,2.5616396963596344,0.24825361511020722,0.30423841976054256,1.7172031688377087
2864601_0.460,member,fixed,all,1000,stellarator_parity,-0.0002965450286865234,0.0030034518241882323,0.005565726240429223,0.06324529647827148,0.0029097452239204027,,
2864601_0.460,member,fixed,all,1000,plain_reversal_control,0.008261423707008362,0.024340221524238585,0.03179119888392763,0.13630986213684082,0.016620344788657482,,
2864601_0.460,member,fixed,stable_near_floor,23,stellarator_parity,-0.0015075414077095363,0.0023311428401781163,0.0032358198766425485,0.008744955062866211,0.001526410208853958,,
2864601_0.460,member,fixed,stable_near_floor,23,plain_reversal_control,0.02649658659230108,0.031161567439203678,0.03582693533213623,0.058305978775024414,0.016900384424260825,,
2864601_0.460,member,fixed,unstable,977,stellarator_parity,-0.0002680364138272304,0.0030192789548251133,0.005608927522258376,0.06324529647827148,0.0029402413722103937,,
2864601_0.460,member,fixed,unstable,977,plain_reversal_control,0.007832141469176497,0.024179637127059266,0.031690000371202544,0.13630986213684082,0.016612133033813214,,
2864601_0.402,member,varied,all,1000,stellarator_parity,-0.00138432739675045,0.02894248665869236,0.0642290821257895,0.7788867950439453,0.031051949610380613,0.2659696481519871,0.241490269931425
2864601_0.402,member,varied,all,1000,plain_reversal_control,-0.02902132074534893,0.2706915439814329,0.42821057375974286,2.706508904695511,0.20702106769918693,0.2659696481519871,1.6099978953803178
2864601_0.402,member,varied,stable_near_floor,240,stellarator_parity,0.004039051632086436,0.012032911678155263,0.03851866948845112,0.3001883924007416,0.02013050452105801,0.15492002902985957,0.24863582668853593
2864601_0.402,member,varied,stable_near_floor,240,plain_reversal_control,0.036460588499903676,0.11971702290078004,0.30894415777763873,2.652575135231018,0.1614594129935327,0.15492002902985957,1.9942170144965068
2864601_0.402,member,varied,unstable,760,stellarator_parity,-0.0030969734058568354,0.03428235244201987,0.07042437054744467,0.7788867950439453,0.033297165458577846,0.304278151205179,0.23144734601715305
2864601_0.402,member,varied,unstable,760,plain_reversal_control,-0.04969981840174449,0.31836770853321805,0.45948646570993845,2.706508904695511,0.21724861373682686,0.304278151205179,1.5100869513305948
2864601_0.402,member,fixed,all,1000,stellarator_parity,-2.6912689208984374e-05,0.0038701400756835937,0.007453777934340174,0.08974361419677734,0.0038516634645711515,,
2864601_0.402,member,fixed,all,1000,plain_reversal_control,-0.018642277240753173,0.040844293117523196,0.062149581229070994,0.7107558250427246,0.03211516005267203,,
2864601_0.402,member,fixed,stable_near_floor,23,stellarator_parity,0.00011120671811311141,0.0021312133125636888,0.003243922323293334,0.010044574737548828,0.0016783931122383662,,
2864601_0.402,member,fixed,stable_near_floor,23,plain_reversal_control,0.004479968029519786,0.011691031248673149,0.015476210311889095,0.041169166564941406,0.008007332544466172,,
2864601_0.402,member,fixed,unstable,977,stellarator_parity,-3.016422080407977e-05,0.003911076939093786,0.007524560655472036,0.08974361419677734,0.003888123655979718,,
2864601_0.402,member,fixed,unstable,977,plain_reversal_control,-0.019186608500954074,0.0415306032741082,0.06283201797722855,0.7107558250427246,0.0324668331662056,,
2864601_0.279,member,varied,all,1000,stellarator_parity,0.0019049020633101464,0.02602924486249685,0.054733036982308046,0.5078737288713455,0.026368518599038514,0.2669355969250076,0.20504210608405532
2864601_0.279,member,varied,all,1000,plain_reversal_control,-0.07561603580415249,0.3011563379913568,0.4778396033872892,2.758089780807495,0.2302068944821704,0.2669355969250076,1.7900932243275616
2864601_0.279,member,varied,stable_near_floor,240,stellarator_parity,-0.0009341984366377195,0.0107511380687356,0.03695587654432736,0.30905669927597046,0.019310382327012175,0.15024518092688174,0.24597046185669202
2864601_0.279,member,varied,stable_near_floor,240,plain_reversal_control,0.027709377619127434,0.12215764454255501,0.3258429847704566,2.5424357652664185,0.17026121967219726,0.15024518092688174,2.168741671182327
2864601_0.279,member,varied,unstable,760,stellarator_parity,0.002801460115925262,0.03085391016578988,0.05924890075183279,0.5078737288713455,0.02789148936938607,0.3065884079716328,0.19325225354676429
2864601_0.279,member,varied,unstable,760,plain_reversal_control,-0.10824511372729352,0.35768224118571534,0.5166300345706183,2.758089780807495,0.24320419339908525,0.3065884079716328,1.6850931774903235
2864601_0.279,member,fixed,all,1000,stellarator_parity,0.00010240769386291504,0.001852618932723999,0.0034224947616824514,0.04567444324493408,0.0015878635573135624,,
2864601_0.279,member,fixed,all,1000,plain_reversal_control,0.0012733482122421265,0.01964890444278717,0.028141985909064474,0.20972967147827148,0.013056450620677772,,
2864601_0.279,member,fixed,stable_near_floor,23,stellarator_parity,0.0003104520880657694,0.0010974821837052054,0.0015508944482880162,0.003962278366088867,0.0007002974134102286,,
2864601_0.279,member,fixed,stable_near_floor,23,plain_reversal_control,0.0008517555568529212,0.0054010308307150135,0.007258634693998083,0.02166271209716797,0.003277594491815863,,
2864601_0.279,member,fixed,unstable,977,stellarator_parity,9.751002644565234e-05,0.0018703959493334486,0.0034543594015840613,0.04567444324493408,0.0016036988932918341,,
2864601_0.279,member,fixed,unstable,977,plain_reversal_control,0.0012832731161049225,0.019984320095886104,0.028449519876230376,0.20972967147827148,0.013207792888971752,,
2864601_0.353,member,varied,all,1000,stellarator_parity,0.00032166355848312376,0.0270632663667202,0.06052047131985172,0.6736540794372559,0.029110616972919185,0.26724392274744646,0.22646154381233727
2864601_0.353,member,varied,all,1000,plain_reversal_control,-0.04352016119658947,0.26263944251835347,0.39704607832483846,1.9932974576950073,0.1909809367747395,0.26724392274744646,1.4857066691842378
2864601_0.353,member,varied,stable_near_floor,240,stellarator_parity,0.00011302319665749868,0.010950046156843503,0.03783004053084451,0.4017085134983063,0.019851726780730918,0.16255783709982044,0.23271742049332603
2864601_0.353,member,varied,stable_near_floor,240,plain_reversal_control,0.006107089544336001,0.0879389639943838,0.19931916807158898,1.2666938304901123,0.10459490952682408,0.16255783709982044,1.2261430862247191
2864601_0.353,member,varied,unstable,760,stellarator_parity,0.00038754998853332117,0.03215165169615494,0.06608667132917309,0.6736540794372559,0.031014989306155132,0.3035837322181555,0.2176884474220877
2864601_0.353,member,varied,unstable,760,plain_reversal_control,-0.05919192458846067,0.3178080146838176,0.44145518478298695,1.9932974576950073,0.20717835472441232,0.3035837322181555,1.4541463785212212
2864601_0.353,member,fixed,all,1000,stellarator_parity,0.00016982531547546386,0.00219305157661438,0.003529064056305406,0.022721290588378906,0.0019091712037001814,,
2864601_0.353,member,fixed,all,1000,plain_reversal_control,-0.0038584247827529905,0.023932978034019472,0.03343843112844486,0.1528301239013672,0.018089694261365367,,
2864601_0.353,member,fixed,stable_near_floor,23,stellarator_parity,0.000453948974609375,0.000763602878736413,0.0014002860918680565,0.0047969818115234375,0.0008011527774856869,,
2864601_0.353,member,fixed,stable_near_floor,23,plain_reversal_control,-0.0031957211701766305,0.005113518756368886,0.007176150163766571,0.019922256469726562,0.0041057271572884245,,
2864601_0.353,member,fixed,unstable,977,stellarator_parity,0.00016313663158592452,0.002226702876564424,0.0035638918566826506,0.022721290588378906,0.001925613119605899,,
2864601_0.353,member,fixed,unstable,977,plain_reversal_control,-0.003874025788985597,0.02437601545816068,0.0338118135150699,0.1528301239013672,0.018268924625252533,,
2864601_0.175,member,varied,all,1000,stellarator_parity,0.004139070838689804,0.030711224526166914,0.0765628825802078,1.2683509290218353,0.0367904040888024,0.2756695799518457,0.27773424472000824
2864601_0.175,member,varied,all,1000,plain_reversal_control,-0.07680768889188766,0.2814726783037186,0.4476810125264284,2.4784111976623535,0.21512206435640716,0.2756695799518457,1.623976837069327
2864601_0.175,member,varied,stable_near_floor,240,stellarator_parity,0.0038515518109003702,0.010480516155560811,0.031499855767300154,0.2984510660171509,0.016527579584713896,0.18280678668350886,0.17231228850291794
2864601_0.175,member,varied,stable_near_floor,240,plain_reversal_control,0.013412571015457312,0.10486239275584618,0.27170392599540794,2.0384039133787155,0.14255964514701044,0.18280678668350886,1.4862901477821258
2864601_0.175,member,varied,unstable,760,stellarator_parity,0.004229866321149626,0.037099869274779367,0.08602124255536288,1.2683509290218353,0.040321508981920634,0.3104184053223776,0.27711386013347883
2864601_0.175,member,varied,unstable,760,plain_reversal_control,-0.10529829728368081,0.3372443474240993,0.4903016839290347,2.4784111976623535,0.2298235082999608,0.3104184053223776,1.5794865108589282
2864601_0.175,member,fixed,all,1000,stellarator_parity,8.667469024658204e-05,0.0029723520278930665,0.0053768949227974054,0.041199684143066406,0.002375483458292794,,
2864601_0.175,member,fixed,all,1000,plain_reversal_control,0.004646484375,0.022815132141113283,0.03239237516516349,0.18071746826171875,0.014310778336658869,,
2864601_0.175,member,fixed,stable_near_floor,23,stellarator_parity,0.00034970822541610056,0.0015432109003481658,0.002516405334265378,0.008317947387695312,0.0010519204712634502,,
2864601_0.175,member,fixed,stable_near_floor,23,plain_reversal_control,0.003283542135487432,0.009964403898819633,0.013140052323249824,0.03458595275878906,0.00549287105860254,,
2864601_0.175,member,fixed,unstable,977,stellarator_parity,8.048249852815938e-05,0.003005996087190439,0.005426097538818948,0.041199684143066406,0.002400527910203746,,
2864601_0.175,member,fixed,unstable,977,plain_reversal_control,0.0046785700162577165,0.023117656961556224,0.03270936447681843,0.18071746826171875,0.0144707576282752,,
2864601_0.277,member,varied,all,1000,stellarator_parity,0.006393627271056176,0.029640956073999403,0.06820536286218908,0.7015560269355774,0.03294605347659044,0.27271754906457824,0.2500952472480543
2864601_0.277,member,varied,all,1000,plain_reversal_control,-0.000532517146319151,0.30459868723526595,0.4803059410624893,2.3676949441432953,0.23200793244575343,0.27271754906457824,1.7611845761665859
2864601_0.277,member,varied,stable_near_floor,240,stellarator_parity,0.008299887428681057,0.013367529958486557,0.06443608621149306,0.7015560269355774,0.03355208404938743,0.1751134580328932,0.36796764186673436
2864601_0.277,member,varied,stable_near_floor,240,plain_reversal_control,0.07627508573544522,0.1365017536561936,0.37394322161616,2.1885255575180054,0.1947134771684233,0.1751134580328932,2.135433939896948
2864601_0.277,member,varied,unstable,760,stellarator_parity,0.005791650379174634,0.0347799327420561,0.06935311355722373,0.5724370926618576,0.03278646630185494,0.3079326777533886,0.2252216752804844
2864601_0.277,member,varied,unstable,760,plain_reversal_control,-0.024787549635297373,0.35768192941813093,0.5093000215746093,2.3676949441432953,0.2407699833276001,0.3079326777533886,1.6539330131844208
2864601_0.277,member,fixed,all,1000,stellarator_parity,6.44674301147461e-05,0.00023415231704711914,0.0004273183561419925,0.0036385059356689453,0.00021082158117565727,,
2864601_0.277,member,fixed,all,1000,plain_reversal_control,0.0014115636348724365,0.0024722702503204345,0.003286065622246516,0.014766216278076172,0.00162121177424632,,
2864601_0.277,member,fixed,stable_near_floor,23,stellarator_parity,0.00019698557646378228,0.00020140150318975034,0.0002996701840791791,0.0008509159088134766,0.00014646632796661786,,
2864601_0.277,member,fixed,stable_near_floor,23,plain_reversal_control,0.0014125575190005095,0.0016101339588994565,0.002057142728373381,0.005828142166137695,0.0010054458452512193,,
2864601_0.277,member,fixed,unstable,977,stellarator_parity,6.134776034399089e-05,0.00023492331880629977,0.0004298669505113888,0.0036385059356689453,0.00021212619150179056,,
2864601_0.277,member,fixed,unstable,977,plain_reversal_control,0.0014115402373955218,0.002492566191674255,0.003309502932957229,0.014766216278076172,0.001633138467837674,,
2864601_0.463,member,varied,all,1000,stellarator_parity,0.0028428374826908113,0.03208312553167343,0.06963041457460883,0.938516765832901,0.033463049621836743,0.27018624610166003,0.2577126540645957
2864601_0.463,member,varied,all,1000,plain_reversal_control,-0.10169650211930276,0.3155199423730373,0.49718478675130634,3.8932766914367676,0.23893752883597186,0.27018624610166003,1.8401557959550467
2864601_0.463,member,varied,stable_near_floor,240,stellarator_parity,0.00190488671263059,0.013963519285122553,0.04323215732679292,0.4334295392036438,0.022567381829374573,0.17613077312038827,0.24545487742362335
2864601_0.463,member,varied,stable_near_floor,240,plain_reversal_control,0.03479275392989318,0.11028904604415099,0.27819641918694976,1.8436316847801208,0.145219790164526,0.17613077312038827,1.5794878672155601
2864601_0.463,member,varied,unstable,760,stellarator_parity,0.0031390324627098283,0.037805106451636865,0.07608712086985896,0.938516765832901,0.03571659553535434,0.30416974172415984,0.25014690954651075
2864601_0.463,member,varied,unstable,760,plain_reversal_control,-0.14479837245062777,0.38032969910847514,0.548464762507363,3.8932766914367676,0.25745873761441956,0.30416974172415984,1.803153592459388
2864601_0.463,member,fixed,all,1000,stellarator_parity,-7.384109497070312e-05,0.0013497791290283203,0.0023895943516740585,0.021605491638183594,0.0011871414080400276,,
2864601_0.463,member,fixed,all,1000,plain_reversal_control,-0.004109968185424804,0.0097578125,0.013594880287831153,0.0913228988647461,0.006753884949437169,,
2864601_0.463,member,fixed,stable_near_floor,23,stellarator_parity,-0.0014404213946798573,0.001553120820418648,0.002458467687807464,0.006531715393066406,0.0012667926883100304,,
2864601_0.463,member,fixed,stable_near_floor,23,plain_reversal_control,-0.0044403905453889265,0.0060480366582455845,0.00756501227922568,0.01855182647705078,0.0038980793971082734,,
2864601_0.463,member,fixed,unstable,977,stellarator_parity,-4.166980848829724e-05,0.0013449921700703085,0.002387949040978438,0.021605491638183594,0.0011853415401002936,,
2864601_0.463,member,fixed,unstable,977,plain_reversal_control,-0.004102189562825854,0.009845146015210186,0.013704906277764243,0.0913228988647461,0.00680290677708894,,
2864601_0.229,member,varied,all,1000,stellarator_parity,-0.006285253018140793,0.024098025619983674,0.04522134271717248,0.4594476819038391,0.021861849263280053,0.26707649488524243,0.16931981504625934
2864601_0.229,member,varied,all,1000,plain_reversal_control,-0.034713848382234576,0.3132400053441525,0.4846481833383811,2.214531183242798,0.23429878223944697,0.26707649488524243,1.8146418446393981
2864601_0.229,member,varied,stable_near_floor,240,stellarator_parity,-0.002335467686255773,0.008932483941316604,0.02425494057605622,0.21409285068511963,0.01262105421163683,0.1590740274632734,0.15247580615670359
2864601_0.229,member,varied,stable_near_floor,240,plain_reversal_control,0.07952443733811379,0.13318177536129952,0.34042116603665734,2.0307397842407227,0.17713809596295735,0.1590740274632734,2.140017270357054
2864601_0.229,member,varied,unstable,760,stellarator_parity,-0.007532553649262378,0.028887144044825907,0.05004967694017988,0.4594476819038391,0.02368966514465693,0.304627787608849,0.16429780530870391
2864601_0.229,member,varied,unstable,760,plain_reversal_control,-0.07078909650444984,0.3701004990229481,0.5219788823423134,2.214531183242798,0.24706463040812654,0.304627787608849,1.7134972696993405
2864601_0.229,member,fixed,all,1000,stellarator_parity,0.00023721790313720704,0.0032430391311645507,0.00504823733474537,0.02793598175048828,0.003152335703875084,,
2864601_0.229,member,fixed,all,1000,plain_reversal_control,-0.006916033744812012,0.044819172859191896,0.06175486178429731,0.2344503402709961,0.03856238183388232,,
2864601_0.229,member,fixed,stable_near_floor,23,stellarator_parity,0.0022605813067892323,0.0024372183758279552,0.0034325052448322436,0.012174606323242188,0.0021234871923098354,,
2864601_0.229,member,fixed,stable_near_floor,23,plain_reversal_control,0.0060707589854364806,0.010832579239555027,0.013819624622770692,0.03513526916503906,0.008549381223281253,,
2864601_0.229,member,fixed,unstable,977,stellarator_parity,0.00018958498780046539,0.0032620093229483193,0.005080086563672408,0.02793598175048828,0.003172927657146839,,
2864601_0.229,member,fixed,unstable,977,plain_reversal_control,-0.007221761721061464,0.0456192666700943,0.0624415416880623,0.2344503402709961,0.038999826497782525,,
2864601_0.224,member,varied,all,1000,stellarator_parity,0.0024624071568250657,0.028195621743798256,0.06929110758014267,0.9292132258415222,0.033244889016067994,0.270471732855049,0.25618613393983436
2864601_0.224,member,varied,all,1000,plain_reversal_control,-0.11981851282715797,0.3137808938324451,0.5011362882177964,3.0427699089050293,0.24043807157297262,0.270471732855049,1.8528231506039303
2864601_0.224,member,varied,stable_near_floor,240,stellarator_parity,0.0022667795419692993,0.012178845206896464,0.0457322093237642,0.41272687911987305,0.02391133122592047,0.17527675253931743,0.26091428932371236
2864601_0.224,member,varied,stable_near_floor,240,plain_reversal_control,0.015980523079633713,0.11291067749261856,0.30121021689326377,1.6328871548175812,0.1574893793950945,0.17527675253931743,1.7184835554600855
2864601_0.224,member,varied,unstable,760,stellarator_parity,0.0025241842983584656,0.03325355117650409,0.07521297127920266,0.9292132258415222,0.03521840828137503,0.3050992533826326,0.2465196831697133
2864601_0.224,member,varied,unstable,760,plain_reversal_control,-0.16270241890298692,0.37721359372923247,0.5493572280235394,3.0427699089050293,0.25723604346165835,0.3050992533826326,1.8005852912874116
2864601_0.224,member,fixed,all,1000,stellarator_parity,3.911781311035156e-05,0.0009120960235595704,0.0015664682798440057,0.010557174682617188,0.0007568971092927983,,
2864601_0.224,member,fixed,all,1000,plain_reversal_control,-0.0019755191802978515,0.009139978408813476,0.012069280227738753,0.06866836547851562,0.005831719309713633,,
2864601_0.224,member,fixed,stable_near_floor,23,stellarator_parity,0.00023319410241168478,0.00048380312712296194,0.0006832337505150887,0.002185821533203125,0.0003340791312591191,,
2864601_0.224,member,fixed,stable_near_floor,23,plain_reversal_control,-0.00024016007133152175,0.003527433975883152,0.006361466961809107,0.026288986206054688,0.003110550897891922,,
2864601_0.224,member,fixed,unstable,977,stellarator_parity,3.4548975184117514e-05,0.000922178660834946,0.0015813285810985754,0.010557174682617188,0.0007638661111818244,,
2864601_0.224,member,fixed,unstable,977,plain_reversal_control,-0.002016372055943937,0.009272105862198735,0.012171444810442059,0.06866836547851562,0.005879457518157007,,
2864601_0.373,member,varied,all,1000,stellarator_parity,-0.004156488686800003,0.02726529437303543,0.05280968869455506,0.3928603529930115,0.025524061956107718,0.2629237618989425,0.2008555191555985
2864601_0.373,member,varied,all,1000,plain_reversal_control,-0.07903319422900677,0.30809616658091543,0.48661103105697134,2.6016632318496704,0.23518961032058078,0.2629237618989425,1.8507685556545679
2864601_0.373,member,varied,stable_near_floor,240,stellarator_parity,-0.0012589527914921442,0.008630775039394696,0.02826610289448689,0.24821722507476807,0.014634438579471255,0.15174648715965916,0.1862718763614401
2864601_0.373,member,varied,stable_near_floor,240,plain_reversal_control,0.04184711544464032,0.10082682439436515,0.28755700401812084,1.8765216022729874,0.14887921865665982,0.15174648715965916,1.8949829376647742
2864601_0.373,member,varied,unstable,760,stellarator_parity,-0.00507150002216038,0.033149879425764084,0.058457247114246304,0.3928603529930115,0.027697144908755817,0.3006667835598421,0.19442535827244609
2864601_0.373,member,varied,unstable,760,plain_reversal_control,-0.11720592359963217,0.3735496430608787,0.5342788157043766,2.6016632318496704,0.25314222805124553,0.3006667835598421,1.77697984918257
2864601_0.373,member,fixed,all,1000,stellarator_parity,-5.3009033203125e-05,0.0003131771087646484,0.0005563782889390889,0.004387855529785156,0.00027616358998681055,,
2864601_0.373,member,fixed,all,1000,plain_reversal_control,-0.0010088014602661133,0.0030491600036621092,0.00432116444106072,0.02876567840576172,0.002144850560653928,,
2864601_0.373,member,fixed,stable_near_floor,23,stellarator_parity,-0.00018248350723930028,0.00021316694176715353,0.0002894499402550388,0.0006856918334960938,0.0001412996892715896,,
2864601_0.373,member,fixed,stable_near_floor,23,plain_reversal_control,0.000614829685377038,0.0012556158978006115,0.001781849699002093,0.004731178283691406,0.0008698388694633293,,
2864601_0.373,member,fixed,unstable,977,stellarator_parity,-4.9961015902375735e-05,0.00031553149345343287,0.0005611344621267333,0.004387855529785156,0.00027863539847258913,,
2864601_0.373,member,fixed,unstable,977,plain_reversal_control,-0.0010470240972669245,0.003091382638702861,0.004363174897236008,0.02876567840576172,0.002166566229935771,,
2864601_0.481,member,varied,all,1000,stellarator_parity,0.0029637440331280233,0.028410363260656595,0.05826248928699293,0.4756903648376465,0.028172957272650043,0.2658915448291281,0.21912125609121794
2864601_0.481,member,varied,all,1000,plain_reversal_control,-0.07537376908585429,0.31245230097696186,0.490585594029364,3.0006262063980103,0.23722376349361537,0.2658915448291281,1.8450590233872717
2864601_0.481,member,varied,stable_near_floor,240,stellarator_parity,0.0015044890033702055,0.009798863747467598,0.03564936532928166,0.3717052936553955,0.018591911940122587,0.16933327285582203,0.2105278231977193
2864601_0.481,member,varied,stable_near_floor,240,plain_reversal_control,0.04161533455674847,0.11621650128314892,0.2961329103467308,1.8639767915010452,0.15443969172759395,0.16933327285582203,1.7488170242765677
2864601_0.481,member,varied,unstable,760,stellarator_parity,0.0034245614109462814,0.03428767889640049,0.06375845783218866,0.4756903648376465,0.03016941364035993,0.30065017828811785,0.2120685848091795
2864601_0.481,member,varied,unstable,760,plain_reversal_control,-0.11231769655193938,0.3744215008802712,0.5375719008548898,3.0006262063980103,0.2543698450331385,0.30065017828811785,1.788031205954337
2864601_0.481,member,fixed,all,1000,stellarator_parity,-0.0005088934898376465,0.004175750970840454,0.007614820446579907,0.06014108657836914,0.0037995817095078364,,
2864601_0.481,member,fixed,all,1000,plain_reversal_control,-0.0009447965621948242,0.04332249855995178,0.06067686937833089,0.3382667303085327,0.030276055055723484,,
2864601_0.481,member,fixed,stable_near_floor,23,stellarator_parity,-0.003098508586054263,0.004532254260519277,0.007114763015065158,0.023481369018554688,0.0037208192798362564,,
2864601_0.481,member,fixed,stable_near_floor,23,plain_reversal_control,-0.030693474023238472,0.03795872045599896,0.050263194967726,0.11519479751586914,0.026286225487212638,,
2864601_0.481,member,fixed,unstable,977,stellarator_parity,-0.0004479301866513802,0.0041673583652492435,0.00762619749612524,0.06014108657836914,0.0038012482368757297,,
2864601_0.481,member,fixed,unstable,977,plain_reversal_control,-0.00024446945717537295,0.04344876969238875,0.06090057282658856,0.3382667303085327,0.030355651712326175,,
2864601_0.289,member,varied,all,1000,stellarator_parity,0.0004586763456463814,0.02848852764815092,0.06006638234598112,0.5958452820777893,0.028952512771038788,0.27396438500010734,0.21924887187784495
2864601_0.289,member,varied,all,1000,plain_reversal_control,-0.08949587897211313,0.31708581844717265,0.5106209873156488,3.6572884023189545,0.24612370645634352,0.27396438500010734,1.8638225085915774
2864601_0.289,member,varied,stable_near_floor,240,stellarator_parity,-0.0004166154811779658,0.009774450833598772,0.028742211082000597,0.21398833394050598,0.01519183045420639,0.17510854575553106,0.16413939684090337
2864601_0.289,member,varied,stable_near_floor,240,plain_reversal_control,0.023300331862022478,0.10505467159673572,0.2603640913961664,2.0441348254680634,0.13761666148680796,0.17510854575553106,1.4868725582340256
2864601_0.289,member,varied,unstable,760,stellarator_parity,0.0007350842909593331,0.03439823611590423,0.06698097491709519,0.5958452820777893,0.03145988019013545,0.3092765452791435,0.21657308302069989
2864601_0.289,member,varied,unstable,760,plain_reversal_control,-0.12511573502499806,0.38404302271573165,0.5671539314232857,3.6572884023189545,0.26638302524000723,0.3092765452791435,1.8338084154147223
2864601_0.289,member,fixed,all,1000,stellarator_parity,5.270481109619141e-05,0.0007279844284057617,0.0019638055648650925,0.04116058349609375,0.0009670929996539289,,
2864601_0.289,member,fixed,all,1000,plain_reversal_control,0.001740941047668457,0.006090832710266113,0.010653956960628937,0.13588333129882812,0.005246633057558478,,
2864601_0.289,member,fixed,stable_near_floor,23,stellarator_parity,0.0006311665410580842,0.0008764681608780571,0.0014285614986950042,0.004894256591796875,0.0006877803562892431,,
2864601_0.289,member,fixed,stable_near_floor,23,plain_reversal_control,0.0033794900645380435,0.004206118376358696,0.00502415999457086,0.009037017822265625,0.0024188797992083194,,
2864601_0.289,member,fixed,unstable,977,stellarator_parity,3.908698121991348e-05,0.0007244889055328213,0.001974658845836023,0.04116058349609375,0.0009729676813874739,,
2864601_0.289,member,fixed,unstable,977,plain_reversal_control,0.001702367222296911,0.006135201624984507,0.01075103140394815,0.13588333129882812,0.005297323190626717,,
2864601_0.393,member,varied,all,1000,stellarator_parity,0.003438813507556915,0.027052147507667542,0.05344111051039084,0.43572139739990234,0.025770481591158224,0.26106163787827585,0.20470686901653704
2864601_0.393,member,varied,all,1000,plain_reversal_control,0.05088558751344681,0.29628148978948593,0.45957286129048786,3.010925531387329,0.221616164944395,0.26106163787827585,1.760399823679843
2864601_0.393,member,varied,stable_near_floor,240,stellarator_parity,0.0017376882334550223,0.009725137799978256,0.031966297943217446,0.27751922607421875,0.01675451917527934,0.15284369265964967,0.20914371660988051
2864601_0.393,member,varied,stable_near_floor,240,plain_reversal_control,0.07942421088616053,0.1406020681063334,0.3630675671841038,3.010925531387329,0.19029487015085436,0.15284369265964967,2.375417401047604
2864601_0.393,member,varied,unstable,760,stellarator_parity,0.0039760109625364606,0.032523834783779945,0.05861010425256215,0.43572139739990234,0.027601916984029303,0.2985660971785914,0.1963052898718896
2864601_0.393,member,varied,unstable,760,plain_reversal_control,0.041873390658905635,0.3454434124262709,0.48608381456300137,2.468511462211609,0.22891692939211455,0.2985660971785914,1.6280609860142417
2864601_0.393,member,fixed,all,1000,stellarator_parity,-5.4373741149902344e-05,0.0007773408889770508,0.0014711649483722972,0.019681930541992188,0.0007181861315459063,,
2864601_0.393,member,fixed,all,1000,plain_reversal_control,0.0012742118835449218,0.0079295654296875,0.012007822205912745,0.08631610870361328,0.005861920098012782,,
2864601_0.393,member,fixed,stable_near_floor,23,stellarator_parity,-0.0002596481986667799,0.00047509566597316575,0.0006359243511969059,0.0014591217041015625,0.00031302656803210204,,
2864601_0.393,member,fixed,stable_near_floor,23,plain_reversal_control,-0.004427204961362092,0.007826266081436821,0.009139903321148533,0.018077850341796875,0.004499014015392617,,
2864601_0.393,member,fixed,unstable,977,stellarator_parity,-4.954128206813348e-05,0.0007844561808184933,0.0014851792934332233,0.019681930541992188,0.0007248873058803998,,
2864601_0.393,member,fixed,unstable,977,plain_reversal_control,0.0014084315226778404,0.007931997246483575,0.012067128174125794,0.08631610870361328,0.00588973201453324,,
2864601_0.406,member,varied,all,1000,stellarator_parity,0.007076376713812351,0.030628453187644483,0.0574090172801297,0.3951907157897949,0.027739221554371165,0.2595721283308841,0.22116787980776104
2864601_0.406,member,varied,all,1000,plain_reversal_control,-0.037462988436222075,0.28062022985517976,0.4515642475433747,2.911167621612549,0.2181894291539121,0.2595721283308841,1.739648437785095
2864601_0.406,member,varied,stable_near_floor,240,stellarator_parity,0.004541033009688059,0.014062704642613728,0.04093033986975158,0.23163267970085144,0.02139378972616975,0.15990364745811653,0.2559687694458154
2864601_0.406,member,varied,stable_near_floor,240,plain_reversal_control,0.03824847713112831,0.10777164796988169,0.3051018180911415,2.2387470304965973,0.15947300125249583,0.15990364745811653,1.9080353884426349
2864601_0.406,member,varied,unstable,760,stellarator_parity,0.007877011567746338,0.03585974220186472,0.0617052097500414,0.3951907157897949,0.0291531265232167,0.2946792664136707,0.20939786670779761
2864601_0.406,member,varied,unstable,760,plain_reversal_control,-0.061371872299595884,0.33520399255580025,0.48878119230496686,2.911167621612549,0.23092863632030436,0.2946792664136707,1.6586887779841826
2864601_0.406,member,fixed,all,1000,stellarator_parity,-2.0526528358459472e-05,0.0007744876146316528,0.0014131243741467964,0.014643669128417969,0.000702288218392718,,
2864601_0.406,member,fixed,all,1000,plain_reversal_control,0.004691277027130127,0.008780030965805053,0.011389048886956283,0.0489501953125,0.005660078474576801,,
2864601_0.406,member,fixed,stable_near_floor,23,stellarator_parity,-0.00019471541694972825,0.0003070831298828125,0.00039654666981537635,0.0009136199951171875,0.00020028419419025414,,
2864601_0.406,member,fixed,stable_near_floor,23,plain_reversal_control,-0.0018631893655528193,0.0021862776383109713,0.002667300295755363,0.005528450012207031,0.001347175833420843,,
2864601_0.406,member,fixed,unstable,977,stellarator_parity,-1.642586874986256e-05,0.0007854909955418098,0.0014283658605280093,0.014643669128417969,0.0007095973081374764,,
2864601_0.406,member,fixed,unstable,977,plain_reversal_control,0.0048455786924645255,0.008935257502685671,0.01151505628506572,0.0489501953125,0.0057205602351162715,,
2864601_0.206,member,varied,all,1000,stellarator_parity,0.0042186028433498,0.027342756546800955,0.05238929741055297,0.3610692322254181,0.025442288300880384,0.26170034742431547,0.20018810798752995
2864601_0.206,member,varied,all,1000,plain_reversal_control,-0.03364030505763367,0.28190299078822134,0.43948650616387697,2.2685019969940186,0.21343180662536737,0.26170034742431547,1.6793501059106457
2864601_0.206,member,varied,stable_near_floor,240,stellarator_parity,0.006337870129694541,0.01189109282568097,0.03263457982823477,0.2605828568339348,0.017111947150552996,0.16469342254433836,0.1981535104685129
2864601_0.206,member,varied,stable_near_floor,240,plain_reversal_control,0.03258676246429483,0.10751707786694169,0.24597590878989886,1.2722496390342712,0.12897750710062286,0.16469342254433836,1.493538144935192
2864601_0.206,member,varied,unstable,760,stellarator_parity,0.003549360542398828,0.032222229300838845,0.057228014521731964,0.3610692322254181,0.027188396851773707,0.2965297018927449,0.192992520332521
2864601_0.206,member,varied,unstable,760,plain_reversal_control,-0.054554115854032144,0.33697222644757285,0.4848051611498542,2.2685019969940186,0.23032557091640693,0.2965297018927449,1.6349295131494408
2864601_0.206,member,fixed,all,1000,stellarator_parity,0.00019128286838531494,0.0030549737215042113,0.005585289523757313,0.043660640716552734,0.0030606958282763047,,
2864601_0.206,member,fixed,all,1000,plain_reversal_control,0.020664360642433165,0.03965745675563812,0.05959909342270268,0.44998133182525635,0.0326598461605268,,
2864601_0.206,member,fixed,stable_near_floor,23,stellarator_parity,0.00021692462589429772,0.002658268679743228,0.004008012345329482,0.01129603385925293,0.002018835410038722,,
2864601_0.206,member,fixed,stable_near_floor,23,plain_reversal_control,0.019420924394027046,0.02196937022001847,0.032031690176299914,0.11045646667480469,0.016134359078673884,,
2864601_0.206,member,fixed,unstable,977,stellarator_parity,0.000190679224145083,0.003064312734769823,0.005617087480780499,0.043660640716552734,0.0030847946783177866,,
2864601_0.206,member,fixed,unstable,977,plain_reversal_control,0.02069363293896678,0.04007386002106213,0.060095908213475206,0.44998133182525635,0.03300349842866311,,
2864601_0.284,member,varied,all,1000,stellarator_parity,0.0012721614986658096,0.030543258532881735,0.0692156734524021,0.6514655947685242,0.03354179694849334,0.26207622694741317,0.26410512032550953
2864601_0.284,member,varied,all,1000,plain_reversal_control,-0.06755834490060807,0.28922263565659523,0.45013901646814924,2.4664519131183624,0.21813659733227908,0.26207622694741317,1.717588129649286
2864601_0.284,member,varied,stable_near_floor,240,stellarator_parity,0.006153432776530584,0.013017122199138005,0.04623603771252465,0.4073324203491211,0.024073408991884565,0.15444660886593287,0.2993658329698891
2864601_0.284,member,varied,stable_near_floor,240,plain_reversal_control,0.03567360490560532,0.10837039202451706,0.28921705538983306,1.70843505859375,0.15058471284060665,0.15444660886593287,1.8726021730971605
2864601_0.284,member,varied,unstable,760,stellarator_parity,-0.0002692925890809611,0.03607782790143239,0.07502406953652835,0.6514655947685242,0.03561230972465516,0.2989413910612945,0.2509658139683491
2864601_0.284,member,varied,unstable,760,plain_reversal_control,-0.10015790799730702,0.3463338704877778,0.4900993091041331,2.4664519131183624,0.23263958486226805,0.2989413910612945,1.6394494832722706
2864601_0.284,member,fixed,all,1000,stellarator_parity,6.343555450439453e-05,0.0007150125503540039,0.001693751967365345,0.02248668670654297,0.0008558805897648409,,
2864601_0.284,member,fixed,all,1000,plain_reversal_control,0.0007425756454467774,0.005791388273239136,0.009833689543789714,0.07510995864868164,0.0049691242687647,,
2864601_0.284,member,fixed,stable_near_floor,23,stellarator_parity,7.961107336956522e-06,0.00023319410241168478,0.0004319540040625167,0.0013885498046875,0.00021634916139965762,,
2864601_0.284,member,fixed,stable_near_floor,23,plain_reversal_control,1.7959138621454653e-05,0.001150996788688328,0.0015685441228184538,0.005260348320007324,0.0007856234747184319,,
2864601_0.284,member,fixed,unstable,977,stellarator_parity,6.474150361887875e-05,0.0007263552569074054,0.001712290537044274,0.02248668670654297,0.0008654304646218228,,
2864601_0.284,member,fixed,unstable,977,plain_reversal_control,0.0007596341711959917,0.005900629833264385,0.009945854561905177,0.07510995864868164,0.005026860423715649,,
2864601_0.235,member,varied,all,1000,stellarator_parity,0.00418542954325676,0.03143350633978843,0.06346356214439314,0.5610494613647461,0.030491812096240477,0.2688787466272179,0.23603041497504842
2864601_0.235,member,varied,all,1000,plain_reversal_control,-0.0757344074845314,0.29619728603959083,0.4606499733553394,2.7971694469451904,0.22132467758004862,0.2688787466272179,1.713225679357987
2864601_0.235,member,varied,stable_near_floor,240,stellarator_parity,0.0053803631414969764,0.012667811786135038,0.037812865807654555,0.34221041202545166,0.019607162632610472,0.16225257090976863,0.23304940929831505
2864601_0.235,member,varied,stable_near_floor,240,plain_reversal_control,0.04305345863103867,0.086009581387043,0.19585058045320494,1.297920137643814,0.10155469839738501,0.16225257090976863,1.2070722784548094
2864601_0.235,member,varied,unstable,760,stellarator_parity,0.0038080820911809018,0.0373595151462053,0.06962747343347463,0.5610494613647461,0.03273033192929528,0.30655461009139723,0.2271291024222916
2864601_0.235,member,varied,unstable,760,plain_reversal_control,-0.11324636520523775,0.36257235066671123,0.5168128669585158,2.7971694469451904,0.2429422733117662,0.30655461009139723,1.685875370800757
2864601_0.235,member,fixed,all,1000,stellarator_parity,-0.00023010194301605223,0.0030910557508468627,0.00526960228829285,0.0616459846496582,0.002747907631276968,,
2864601_0.235,member,fixed,all,1000,plain_reversal_control,0.013290438055992126,0.03049034559726715,0.04186027166378809,0.1804105043411255,0.021828622666230674,,
2864601_0.235,member,fixed,stable_near_floor,23,stellarator_parity,0.00038209168807319975,0.0013999109682829483,0.0022528660209431084,0.00847005844116211,0.0011594732027423612,,
2864601_0.235,member,fixed,stable_near_floor,23,plain_reversal_control,-0.0007029875465061353,0.006725845129593559,0.008641237036056421,0.024889826774597168,0.004447349593234094,,
2864601_0.235,member,fixed,unstable,977,stellarator_parity,-0.0002445138708717869,0.003130867756987057,0.00532005090311741,0.0616459846496582,0.002775083522666404,,
2864601_0.235,member,fixed,unstable,977,plain_reversal_control,0.01361986363312361,0.031049796478287102,0.042329372232724094,0.1804105043411255,0.022080154033678995,,
2864601_0.405,member,varied,all,1000,stellarator_parity,0.0008713186532258988,0.03390399532020092,0.07075098793853365,0.7739260792732239,0.034247244564398795,0.2691578813368091,0.2628605470779428
2864601_0.405,member,varied,all,1000,plain_reversal_control,-0.14146438382565976,0.32437402273714544,0.5223755141922952,2.9485576152801514,0.2528575573324761,0.2691578813368091,1.9407773296395647
2864601_0.405,member,varied,stable_near_floor,240,stellarator_parity,0.002625018854935964,0.010182117919127147,0.02771264767050746,0.16159355640411377,0.014509974227016015,0.15796906473543967,0.17543085234390354
2864601_0.405,member,varied,stable_near_floor,240,plain_reversal_control,0.00974076675872008,0.11439917969206968,0.3216538297674501,2.483056426048279,0.16841367289902234,0.15796906473543967,2.0361824025871345
2864601_0.405,member,varied,unstable,760,stellarator_parity,0.00031751858952798343,0.04139511449948737,0.07964877251887462,0.7739260792732239,0.03769899780714818,0.3076594415140012,0.25888616363249134
2864601_0.405,member,varied,unstable,760,plain_reversal_control,-0.18921337874704286,0.3906818679092746,0.5712929623815572,2.9485576152801514,0.2704018085270276,0.3076594415140012,1.85690047271167
2864601_0.405,member,fixed,all,1000,stellarator_parity,0.0004826507568359375,0.00581713056564331,0.010058088001673742,0.07578277587890625,0.003672173266703905,,
2864601_0.405,member,fixed,all,1000,plain_reversal_control,-0.004666728496551514,0.056955978393554686,0.07983650170147347,0.514237642288208,0.029148031634494094,,
2864601_0.405,member,fixed,stable_near_floor,23,stellarator_parity,0.008222776910533075,0.009200521137403406,0.019492153689257573,0.07578277587890625,0.005837613045975705,,
2864601_0.405,member,fixed,stable_near_floor,23,plain_reversal_control,0.03848418982132622,0.053608635197515075,0.09486321894297942,0.353518009185791,0.028410137397489335,,
2864601_0.405,member,fixed,unstable,977,stellarator_parity,0.0003004369374551451,0.005737480634066563,0.009726369993945504,0.06049942970275879,0.003571560929849734,,
2864601_0.405,member,fixed,unstable,977,plain_reversal_control,-0.005682563830544541,0.05703477971751468,0.07944851694184209,0.514237642288208,0.029173804741195384,,
2864601_0.398,member,varied,all,1000,stellarator_parity,0.005571806972846389,0.03109030163474381,0.06454663389298716,0.5802522003650665,0.031088493902892943,0.2703192474628002,0.23877927487153758
2864601_0.398,member,varied,all,1000,plain_reversal_control,-0.11872947822511196,0.3255755005888641,0.5278468631447533,3.6878378987312317,0.25423423340314144,0.2703192474628002,1.9526795376174333
2864601_0.398,member,varied,stable_near_floor,240,stellarator_parity,0.005255389213562012,0.013602852821350098,0.04513301023317906,0.3655123710632324,0.023718571882601455,0.16842715621472265,0.26796753710927923
2864601_0.398,member,varied,stable_near_floor,240,plain_reversal_control,0.013532734910647074,0.10884596382578214,0.269962648347033,1.6783379316329956,0.14187239998739035,0.16842715621472265,1.6028451374127923
2864601_0.398,member,varied,unstable,760,stellarator_parity,0.005671728370515139,0.03661265389160498,0.06956056316039452,0.5802522003650665,0.03268765288723011,0.30663333856478997,0.22685257736805664
2864601_0.398,member,varied,unstable,760,plain_reversal_control,-0.1604964928995622,0.3940164069351005,0.5861685936871672,3.6878378987312317,0.2754502645365482,0.30663333856478997,1.9116270801823232
2864601_0.398,member,fixed,all,1000,stellarator_parity,0.0001251620054244995,0.0009254554510116578,0.0015515034192847856,0.014543533325195312,0.0007653286323627819,,
2864601_0.398,member,fixed,all,1000,plain_reversal_control,0.00012773215770721434,0.007608161568641663,0.01049060484774316,0.05900859832763672,0.00517482601777491,,
2864601_0.398,member,fixed,stable_near_floor,23,stellarator_parity,-0.0005378308503524116,0.0007182826166567595,0.0010971571644141174,0.0029821395874023438,0.000531087808555761,,
2864601_0.398,member,fixed,stable_near_floor,23,plain_reversal_control,-0.003269858982252038,0.004799718442170516,0.006611330840855932,0.015417098999023438,0.003200268222084915,,
2864601_0.398,member,fixed,unstable,977,stellarator_parity,0.00014076982086244112,0.0009303326006433493,0.0015606065671312497,0.014543533325195312,0.0007701679100923628,,
2864601_0.398,member,fixed,unstable,977,plain_reversal_control,0.0002077163912988856,0.007674276401711096,0.01056478125391027,0.05900859832763672,0.005213777559493466,,
2864601_0.358,member,varied,all,1000,stellarator_parity,-0.0006096661537885665,0.026024464458227158,0.05331007461672752,0.4315858483314514,0.025693219185592645,0.2655308437124382,0.20076791784859732
2864601_0.358,member,varied,all,1000,plain_reversal_control,-0.0095372668877244,0.2541875643059611,0.39045994561089453,1.806303858757019,0.1881853108985786,0.2655308437124382,1.4704880990539493
2864601_0.358,member,varied,stable_near_floor,240,stellarator_parity,-0.002167000373204549,0.009062718848387401,0.025085111980991517,0.22089135646820068,0.013095068278704334,0.15615827765121393,0.16063901548030754
2864601_0.358,member,varied,stable_near_floor,240,plain_reversal_control,0.03623739490285516,0.08734856164082885,0.20016807871859077,1.4355949461460114,0.10449284260812791,0.15615827765121393,1.281828166456053
2864601_0.358,member,varied,unstable,760,stellarator_parity,-0.00011787640028878262,0.031380805177123924,0.059503880604294734,0.4315858483314514,0.028032439176028816,0.3031756412110003,0.19626867239931714
2864601_0.358,member,varied,unstable,760,plain_reversal_control,-0.02399242324264426,0.30687356514758185,0.4335332604088736,1.806303858757019,0.20423869216220586,0.3031756412110003,1.4299739209824862
2864601_0.358,member,fixed,all,1000,stellarator_parity,0.0001562786102294922,0.004493807315826416,0.007945616123947999,0.09493684768676758,0.00417760793184416,,
2864601_0.358,member,fixed,all,1000,plain_reversal_control,0.009065359115600587,0.0466691370010376,0.06378774866455045,0.3215796947479248,0.03353801651357649,,
2864601_0.358,member,fixed,stable_near_floor,23,stellarator_parity,0.0006401746169380519,0.002855746642402981,0.00466632797177627,0.014400482177734375,0.002444693879838789,,
2864601_0.358,member,fixed,stable_near_floor,23,plain_reversal_control,-0.009056174236795177,0.01112204012663468,0.013641308677409727,0.028889894485473633,0.007146695225531022,,
2864601_0.358,member,fixed,unstable,977,stellarator_parity,0.00014488699492314942,0.0045323696448834674,0.008006650217241097,0.09493684768676758,0.004210053353109431,,
2864601_0.358,member,fixed,unstable,977,plain_reversal_control,0.009491966349075615,0.047505967326637664,0.06450025919933884,0.3215796947479248,0.033915498385812266,,
2864601_0.242,member,varied,all,1000,stellarator_parity,-0.002354451060295105,0.029510976910591125,0.061005318536948516,0.5328113734722137,0.02948896248458141,0.27374153423461917,0.22285737057593133
2864601_0.242,member,varied,all,1000,plain_reversal_control,-0.06733532842993736,0.3274899964034557,0.49787206262435857,2.8256397247314453,0.24066312460869665,0.27374153423461917,1.818766976726451
2864601_0.242,member,varied,stable_near_floor,240,stellarator_parity,-0.0025897786021232606,0.010480941832065582,0.03429789932967015,0.2207944393157959,0.01789760162512927,0.1767124047484531,0.19408880422680339
2864601_0.242,member,varied,stable_near_floor,240,plain_reversal_control,0.0640741769845287,0.12717975719521443,0.3056358245415563,2.016559660434723,0.15948930800203878,0.1767124047484531,1.7295663254462716
2864601_0.242,member,varied,unstable,760,stellarator_parity,-0.002280137099717793,0.03552046167223077,0.06727130726992739,0.5328113734722137,0.03181278800267962,0.30847991393193097,0.21807354136117738
2864601_0.242,member,varied,unstable,760,plain_reversal_control,-0.10883306698187402,0.3907458614165846,0.5446599723964267,2.8256397247314453,0.2575712133237924,0.30847991393193097,1.7656254031392498
2864601_0.242,member,fixed,all,1000,stellarator_parity,5.791473388671875e-05,0.0008898611068725586,0.001533890343429745,0.014181137084960938,0.0007921919673343155,,
2864601_0.242,member,fixed,all,1000,plain_reversal_control,-0.002475627899169922,0.008915348768234252,0.011860749802349881,0.07642734050750732,0.006125594805541587,,
2864601_0.242,member,fixed,stable_near_floor,23,stellarator_parity,0.00021714749543563178,0.0004033213076384171,0.0007080646396067121,0.002850055694580078,0.0003719768359820187,,
2864601_0.242,member,fixed,stable_near_floor,23,plain_reversal_control,-0.0015558989151664402,0.0029737638390582542,0.0037802337703960985,0.009426593780517578,0.001985919531252621,,
2864601_0.242,member,fixed,unstable,977,stellarator_parity,5.4166163246365627e-05,0.0009013149608975179,0.0015480328615432616,0.014181137084960938,0.0007991806060418834,,
2864601_0.242,member,fixed,unstable,977,plain_reversal_control,-0.002497279656214016,0.009055222313138088,0.011985521461022029,0.07642734050750732,0.00618759235860052,,
2864601_0.490,member,varied,all,1000,stellarator_parity,0.004889354437589645,0.026142924576997757,0.05008838335049435,0.5274848937988281,0.024029550733005608,0.2703491644232333,0.18527293567691844
2864601_0.490,member,varied,all,1000,plain_reversal_control,-0.06743975320458412,0.31895400559902193,0.5131578127084199,3.693709373474121,0.24618386279766918,0.2703491644232333,1.8981298270449547
2864601_0.490,member,varied,stable_near_floor,240,stellarator_parity,0.003107854227224986,0.009715825567642849,0.027290691462418432,0.15964055061340332,0.014322607021806695,0.1805941902644661,0.15111610967359107
2864601_0.490,member,varied,stable_near_floor,240,plain_reversal_control,0.056067291150490445,0.11486387290060521,0.3002131537689634,1.9745513945817947,0.1575568369211649,0.1805941902644661,1.6623632982286123
2864601_0.490,member,varied,unstable,760,stellarator_parity,0.005451933451389011,0.03133042952732036,0.0553707421429074,0.5274848937988281,0.025899952440280757,0.30402019942710923,0.18212849753814758
2864601_0.490,member,varied,unstable,760,plain_reversal_control,-0.10644197773776556,0.3834035211879956,0.5639384947994538,3.693709373474121,0.26378516215030157,0.30402019942710923,1.8549375859305743
2864601_0.490,member,fixed,all,1000,stellarator_parity,-0.0003722944259643555,0.001955768585205078,0.0035492084725371885,0.03497886657714844,0.001739746448536534,,
2864601_0.490,member,fixed,all,1000,plain_reversal_control,0.0012243194580078124,0.02212808322906494,0.031616874955403294,0.23099136352539062,0.015497919139747072,,
2864601_0.490,member,fixed,stable_near_floor,23,stellarator_parity,9.872602379840353e-05,0.0008469042570694634,0.00121855769142356,0.0030336380004882812,0.0005948698430081086,,
2864601_0.490,member,fixed,stable_near_floor,23,plain_reversal_control,-0.0025816793027131453,0.005732950956925102,0.0071048274983492015,0.01595783233642578,0.003468401741082282,,
2864601_0.490,member,fixed,unstable,977,stellarator_parity,-0.00038338293194648795,0.0019818728631448112,0.0035858713534369043,0.03497886657714844,0.0017578879957802528,,
2864601_0.490,member,fixed,unstable,977,plain_reversal_control,0.0013139182005836385,0.022514048471909586,0.03196828287983572,0.23099136352539062,0.01567168902094284,,
2864601_0.263,member,varied,all,1000,stellarator_parity,0.0013102492345497012,0.031279734916053716,0.06836288016158644,0.6522600501775742,0.03311466215795262,0.2692250787758937,0.2539246361164316
2864601_0.263,member,varied,all,1000,plain_reversal_control,0.02748265469260514,0.24125871744938196,0.3739557282797327,1.8566258251667023,0.18114242078075582,0.2692250787758937,1.3890077773587286
2864601_0.263,member,varied,stable_near_floor,240,stellarator_parity,-0.00154676903039217,0.014175846862296263,0.04351663605119394,0.39941853284835815,0.022797741726172667,0.1738496946564769,0.2503118348132957
2864601_0.263,member,varied,stable_near_floor,240,plain_reversal_control,0.04329668144152189,0.1134025544898274,0.2826574131383555,1.8566258251667023,0.14808016626412726,0.1738496946564769,1.6258723588607977
2864601_0.263,member,varied,unstable,760,stellarator_parity,0.002212465528741871,0.03668096272250344,0.07450711690500068,0.6522600501775742,0.03529153466425003,0.3037440816322441,0.24529569927624015
2864601_0.263,member,varied,unstable,760,plain_reversal_control,0.02248875150873669,0.28163434785766234,0.39846421543208477,1.699319839477539,0.18873920043523768,0.3037440816322441,1.3118419074730232
2864601_0.263,member,fixed,all,1000,stellarator_parity,-0.0005429821014404296,0.0032960898876190185,0.0062863801721596176,0.0827479362487793,0.0030801963643120648,,
2864601_0.263,member,fixed,all,1000,plain_reversal_control,0.0012878323793411254,0.024867119908332826,0.03328694192325447,0.1556100845336914,0.016309913604199363,,
2864601_0.263,member,fixed,stable_near_floor,23,stellarator_parity,0.0005839389303456182,0.001880106718643852,0.003213222074175157,0.011400222778320312,0.0018508169273113125,,
2864601_0.263,member,fixed,stable_near_floor,23,plain_reversal_control,-0.0007516923158065132,0.010312629782635233,0.013651525966949086,0.04088258743286133,0.007863283258983984,,
2864601_0.263,member,fixed,unstable,977,stellarator_parity,-0.0005695114604282282,0.0033294241894475025,0.006340807493616546,0.0827479362487793,0.003096806421670925,,
2864601_0.263,member,fixed,unstable,977,plain_reversal_control,0.0013358457549689615,0.025209753759807794,0.03361127240138392,0.1556100845336914,0.016415512427703272,,
2864601_0.211,member,varied,all,1000,stellarator_parity,-0.0027878330647945404,0.023616719245910644,0.051217325352976024,0.7604060173034668,0.024920849505474692,0.2657878567265499,0.1927000201731182
2864601_0.211,member,varied,all,1000,plain_reversal_control,-0.12161592085659503,0.2723992883712053,0.4323234603101597,2.242154836654663,0.21035592580879509,0.2657878567265499,1.6265734094652275
2864601_0.211,member,varied,stable_near_floor,240,stellarator_parity,-0.0008548210064570109,0.007422051827112834,0.02426724147257323,0.18160724639892578,0.012702187974670069,0.16214135740511765,0.14966719078304253
2864601_0.211,member,varied,stable_near_floor,240,plain_reversal_control,-0.005451919635136923,0.09582839260498682,0.26107020486841076,1.7358990907669067,0.1366518242533704,0.16214135740511765,1.6101395044825906
2864601_0.211,member,varied,unstable,760,stellarator_parity,-0.0033982579253221813,0.028730824746583637,0.05714568932294016,0.7604060173034668,0.0272274096052777,0.30189177732362193,0.1892919702204447
2864601_0.211,member,varied,unstable,760,plain_reversal_control,-0.15829928966337128,0.3281585186131691,0.4737111848919824,2.242154836654663,0.22570256161872532,0.30189177732362193,1.5691423896722219
2864601_0.211,member,fixed,all,1000,stellarator_parity,5.821752548217773e-05,0.00031179189682006836,0.0008554274027830551,0.021549224853515625,0.0004334747997354348,,
2864601_0.211,member,fixed,all,1000,plain_reversal_control,-0.00038748979568481445,0.003270803928375244,0.01215418350806484,0.36238861083984375,0.006158947264216041,,
2864601_0.211,member,fixed,stable_near_floor,23,stellarator_parity,2.8029732082201086e-05,0.0001117042873216712,0.000145470301637928,0.0003027915954589844,7.285420437080491e-05,,
2864601_0.211,member,fixed,stable_near_floor,23,plain_reversal_control,0.000414288562277089,0.0011239881100861924,0.001578377082644842,0.004521369934082031,0.000790480292255205,,
2864601_0.211,member,fixed,unstable,977,stellarator_parity,5.892819001462345e-05,0.00031650224996076755,0.0008651499680275735,0.021549224853515625,0.00043852425437445653,,
2864601_0.211,member,fixed,unstable,977,plain_reversal_control,-0.00040636482355904555,0.003321343092981844,0.012294029866525764,0.36238861083984375,0.006231555776123759,,
2864601_0.292,member,varied,all,1000,stellarator_parity,-0.00087383047118783,0.0318265432305634,0.0716316284223232,0.7177381217479706,0.03453667692723682,0.26416818304447476,0.27115918199075273
2864601_0.292,member,varied,all,1000,plain_reversal_control,-0.10985773599147797,0.28161537323147057,0.4402360985109873,2.2189016342163086,0.21225668382603624,0.26416818304447476,1.66649932417058
2864601_0.292,member,varied,stable_near_floor,240,stellarator_parity,-0.00179716261724631,0.010304468870162963,0.03905783788118518,0.35822805762290955,0.02035449786490049,0.16183082603769422,0.24134980236761372
2864601_0.292,member,varied,stable_near_floor,240,plain_reversal_control,0.02226006966084242,0.09197458668301503,0.24023723075683284,1.5938841700553894,0.12519659217657597,0.16183082603769422,1.4844961039800657
2864601_0.292,member,varied,unstable,760,stellarator_parity,-0.00058225189874831,0.0386229877654267,0.07918139287043019,0.7177381217479706,0.03733695150361928,0.2998401496561417,0.26407868646422383
2864601_0.292,member,varied,unstable,760,plain_reversal_control,-0.15157914830273703,0.34150193740466706,0.4866054274555148,2.2189016342163086,0.22945243304869092,0.2998401496561417,1.6228828194408138
2864601_0.292,member,fixed,all,1000,stellarator_parity,-1.7442703247070312e-06,0.00030876827239990234,0.0005193497864968703,0.00310516357421875,0.0002568428667501456,,
2864601_0.292,member,fixed,all,1000,plain_reversal_control,5.902290344238281e-05,0.002734504699707031,0.004383996247966668,0.05964183807373047,0.0021680920901975312,,
2864601_0.292,member,fixed,stable_near_floor,23,stellarator_parity,-0.00015130250350288722,0.00025512861168902856,0.0005677572477457566,0.0024776458740234375,0.0002779696630952716,,
2864601_0.292,member,fixed,stable_near_floor,23,plain_reversal_control,0.0011106574017068615,0.001738175101902174,0.002363698675323525,0.005306243896484375,0.0011572490303684204,,
2864601_0.292,member,fixed,unstable,977,stellarator_parity,1.776547856560261e-06,0.0003100310279744674,0.0005181557228593724,0.00310516357421875,0.0002563137246975429,,
2864601_0.292,member,fixed,unstable,977,plain_reversal_control,3.4265898877302965e-05,0.002757959746533553,0.004420446637417538,0.05964183807373047,0.0021866421472888377,,
2864601_0.276,member,varied,all,1000,stellarator_parity,0.0016640714928507804,0.031223142363131045,0.06731978394438674,0.5006879270076752,0.032431855577243186,0.26730708020499616,0.251844372744484
2864601_0.276,member,varied,all,1000,plain_reversal_control,-0.0490600228831172,0.3209440140798688,0.5211108576389393,3.561795949935913,0.2510494105067403,0.26730708020499616,1.9494839315116628
2864601_0.276,member,varied,stable_near_floor,240,stellarator_parity,4.5530001322428386e-05,0.011713742216428121,0.03743602528321329,0.2934730052947998,0.019451275040955045,0.16728951912556206,0.22377986068042333
2864601_0.276,member,varied,stable_near_floor,240,plain_reversal_control,0.06888977525134882,0.13077565866212051,0.3513826220342717,2.6038835048675537,0.1825738703319389,0.16728951912556206,2.10044612400694
2864601_0.276,member,varied,unstable,760,stellarator_parity,0.002175189858596576,0.037384005567353024,0.07430027867906244,0.5006879270076752,0.03502717284743667,0.3024679209121095,0.24564680596542487
2864601_0.276,member,varied,unstable,760,plain_reversal_control,-0.0863073275571591,0.3809971789486314,0.5641992306905188,3.561795949935913,0.2659788674434211,0.3024679209121095,1.865319234479952
2864601_0.276,member,fixed,all,1000,stellarator_parity,3.3092617988586426e-05,0.00040300285816192625,0.0007521401032886966,0.007443428039550781,0.0003740346072264973,,
2864601_0.276,member,fixed,all,1000,plain_reversal_control,0.0001592797040939331,0.004991098046302795,0.011028378260568539,0.285571813583374,0.005484344090948816,,
2864601_0.276,member,fixed,stable_near_floor,23,stellarator_parity,1.6834424889605977e-05,0.00024225400841754416,0.00046051568306276015,0.0014753341674804688,0.00022906240921440093,,
2864601_0.276,member,fixed,stable_near_floor,23,plain_reversal_control,0.0009465632231339165,0.0018616759258767834,0.002736546610660508,0.008641719818115234,0.0013611696248789253,,
2864601_0.276,member,fixed,unstable,977,stellarator_parity,3.347535948426355e-05,0.00040678711972192707,0.0007576542321680554,0.007443428039550781,0.0003767747817819598,,
2864601_0.276,member,fixed,unstable,977,plain_reversal_control,0.00014074590579514127,0.005064769191410061,0.011149532041213777,0.285571813583374,0.005544564160591259,,
2864601_0.427,member,varied,all,1000,stellarator_parity,0.0006919578388333321,0.025235571406781673,0.054929306681567466,0.655097171664238,0.02652161623111285,0.26432983533412646,0.20780592781792492
2864601_0.427,member,varied,all,1000,plain_reversal_control,-0.09707549738138914,0.2916857481524348,0.4521069214590599,2.8870850801467896,0.21829160043614254,0.26432983533412646,1.7103892978542266
2864601_0.427,member,varied,stable_near_floor,240,stellarator_parity,-0.0005291559423009555,0.008973480574786663,0.02715391575204451,0.23479008674621582,0.014228748114084123,0.17017075752279287,0.1595686365115198
2864601_0.427,member,varied,stable_near_floor,240,plain_reversal_control,0.01001679819698135,0.10104851049060623,0.2612279664341943,2.3714950680732727,0.1368843804587083,0.17017075752279287,1.5350931631082687
2864601_0.427,member,varied,unstable,760,stellarator_parity,0.0010775727170862649,0.030370968511622205,0.061132602839594145,0.655097171664238,0.028837363555395207,0.2980683562667615,0.20509591694088605
2864601_0.427,member,varied,unstable,760,plain_reversal_control,-0.13089411703771667,0.35188698109827543,0.4973919564295582,2.8870850801467896,0.23462885613956763,0.2980683562667615,1.6687177487046245
2864601_0.427,member,fixed,all,1000,stellarator_parity,-0.00021020972728729248,0.0019741476774215697,0.0035730986818751317,0.04456973075866699,0.0018286426720493553,,
2864601_0.427,member,fixed,all,1000,plain_reversal_control,-0.007591087222099304,0.02793130338191986,0.03638126701115231,0.1945781707763672,0.01861922752295806,,
2864601_0.427,member,fixed,stable_near_floor,23,stellarator_parity,-0.0011499964672586193,0.0012614519699760106,0.0015587181960925536,0.003823518753051758,0.0007862102598149716,,
2864601_0.427,member,fixed,stable_near_floor,23,plain_reversal_control,-0.008032156073528788,0.008530575296153193,0.011784302193082425,0.040784597396850586,0.005943947605274082,,
2864601_0.427,member,fixed,unstable,977,stellarator_parity,-0.0001880857815151937,0.0019909255702273507,0.0036069921484717512,0.04456973075866699,0.0018466299749653357,,
2864601_0.427,member,fixed,unstable,977,plain_reversal_control,-0.0075807038202744545,0.028388024718636988,0.03676257309258401,0.1945781707763672,0.018820908567373167,,
2864601_0.461,member,varied,all,1000,stellarator_parity,0.004698281809687614,0.02958126454055309,0.0647191840459806,0.772617369890213,0.03127614327606614,0.27105377731724584,0.2387687959435156
2864601_0.461,member,varied,all,1000,plain_reversal_control,-0.11514813387393952,0.2982897460460663,0.4590287950221366,2.350441813468933,0.22182990364576383,0.27105377731724584,1.6934971339096363
2864601_0.461,member,varied,stable_near_floor,240,stellarator_parity,0.001438880277176698,0.00910056612143914,0.025495672358684687,0.1707627773284912,0.013358111660292184,0.16555319879849953,0.15400289782208523
2864601_0.461,member,varied,stable_near_floor,240,plain_reversal_control,0.012754373314479987,0.10570956859737635,0.253845289446382,1.4025835394859314,0.13299879576264273,0.16555319879849953,1.5333155220718255
2864601_0.461,member,varied,unstable,760,stellarator_parity,0.005727566504164746,0.03604885351501013,0.07284234733323935,0.772617369890213,0.03440040962002428,0.30768869978151375,0.23674040478237868
2864601_0.461,member,varied,unstable,760,plain_reversal_control,-0.15553839930186147,0.3591045389245999,0.5068510255874611,2.350441813468933,0.239364648928354,0.30768869978151375,1.6472851487473223
2864601_0.461,member,fixed,all,1000,stellarator_parity,-3.649473190307617e-05,0.002153632640838623,0.003559288847302817,0.02202892303466797,0.0017710023458307926,,
2864601_0.461,member,fixed,all,1000,plain_reversal_control,0.009829473495483399,0.025764785766601562,0.03268545135615635,0.13359737396240234,0.016263364258890203,,
2864601_0.461,member,fixed,stable_near_floor,23,stellarator_parity,-0.0003676207169242527,0.001284640768299932,0.0022527841330330506,0.009298324584960938,0.0011374619648004624,,
2864601_0.461,member,fixed,stable_near_floor,23,plain_reversal_control,-0.006354995395826257,0.006934497667395551,0.008505043132697768,0.017983436584472656,0.004294314280084265,,
2864601_0.461,member,fixed,unstable,977,stellarator_parity,-2.869954494761347e-05,0.002174089972536054,0.003584312924783048,0.02202892303466797,0.0017828478710172155,,
2864601_0.461,member,fixed,unstable,977,plain_reversal_control,0.01021047941615906,0.02620807811694111,0.03304218648830859,0.13359737396240234,0.01643528148089928,,
2864601_0.471,member,varied,all,1000,stellarator_parity,0.0035902978181838988,0.027711474061012268,0.060852462818214166,0.565880537033081,0.029329930868018533,0.25939864252553674,0.23459052146822043
2864601_0.471,member,varied,all,1000,plain_reversal_control,-0.026678095921874045,0.25735396315157416,0.3909645513904704,1.8788917064666748,0.1884387703154082,0.25939864252553674,1.5071958264083112
2864601_0.471,member,varied,stable_near_floor,240,stellarator_parity,0.003900593767563502,0.01033647283911705,0.03394132290337295,0.24039196968078613,0.017761262478255994,0.16447697634845743,0.2063591127275199
2864601_0.471,member,varied,stable_near_floor,240,plain_reversal_control,0.03694722106059392,0.11321730663379033,0.2741472587320918,1.809875726699829,0.14345938824768553,0.16447697634845743,1.6667819704521394
2864601_0.471,member,varied,unstable,760,stellarator_parity,0.0034923096236429718,0.03319831655213707,0.06714613888396409,0.565880537033081,0.031615223542170084,0.2929041002914711,0.22924274128339772
2864601_0.471,member,varied,unstable,760,plain_reversal_control,-0.04677030128475867,0.3028708020519269,0.42117577867309514,1.8788917064666748,0.19830725362046828,0.2929041002914711,1.437930634135814
2864601_0.471,member,fixed,all,1000,stellarator_parity,0.000245419979095459,0.002727536678314209,0.0046713083205643284,0.039656639099121094,0.00204401008653977,,
2864601_0.471,member,fixed,all,1000,plain_reversal_control,0.01316704511642456,0.029067607402801513,0.038663816847159395,0.1331043243408203,0.016918008017542452,,
2864601_0.471,member,fixed,stable_near_floor,23,stellarator_parity,-0.0008262551349142324,0.0012454571931258492,0.0018889172596862809,0.004364967346191406,0.0007877244410643713,,
2864601_0.471,member,fixed,stable_near_floor,23,plain_reversal_control,-0.0021915228470512057,0.008450280065121859,0.010984525264558032,0.02575397491455078,0.004580814209839202,,
2864601_0.471,member,fixed,unstable,977,stellarator_parity,0.0002706487688827905,0.002762426983492645,0.004717078146021473,0.039656639099121094,0.0020664943473612833,,
2864601_0.471,member,fixed,unstable,977,plain_reversal_control,0.013528608128870766,0.02955296925414914,0.0390799453276976,0.1331043243408203,0.01712044694086513,,
2864601_0.440,member,varied,all,1000,stellarator_parity,-0.0008387027755379677,0.028303917326033115,0.06188238461412153,0.5721432566642761,0.029967259401808555,0.264760150847697,0.23372997943984142
2864601_0.440,member,varied,all,1000,plain_reversal_control,-0.030712405294179915,0.2558404905498028,0.3986219839392965,2.110649012029171,0.19303729923242932,0.264760150847697,1.5055966038053943
2864601_0.440,member,varied,stable_near_floor,240,stellarator_parity,0.0001784856120745341,0.008214194575945537,0.02217758699741364,0.18142223358154297,0.011777228015217857,0.15845280150765984,0.13996336313650815
2864601_0.440,member,varied,stable_near_floor,240,plain_reversal_control,0.039011595274011296,0.11234628222882748,0.26904969513774024,1.465528517961502,0.14287666225507528,0.15845280150765984,1.697980045652484
2864601_0.440,member,varied,unstable,760,stellarator_parity,-0.0011599201610998104,0.034648040299744984,0.06988135281283425,0.5721432566642761,0.032975295663012785,0.30114466976146825,0.2320524313718922
2864601_0.440,member,varied,unstable,760,plain_reversal_control,-0.052730510736766614,0.30115445107221606,0.43153097841292143,2.110649012029171,0.2036288799249153,0.30114466976146825,1.432969007071352
2864601_0.440,member,fixed,all,1000,stellarator_parity,0.00011539530754089355,0.0033972740173339845,0.007309181952674242,0.07702207565307617,0.0038427018006980678,,
2864601_0.440,member,fixed,all,1000,plain_reversal_control,0.007586035013198852,0.0312453875541687,0.04146213726256414,0.17118167877197266,0.021798147939298754,,
2864601_0.440,member,fixed,stable_near_floor,23,stellarator_parity,0.0008430377296779467,0.0025288436723792033,0.004070520799297245,0.015539169311523438,0.002908301965979512,,
2864601_0.440,member,fixed,stable_near_floor,23,plain_reversal_control,-0.012178410654482634,0.026182661885800568,0.03309552945123155,0.06475973129272461,0.023646063517171304,,
2864601_0.440,member,fixed,unstable,977,stellarator_parity,9.826554734728842e-05,0.0034177181298559495,0.0073682943150098195,0.07702207565307617,0.003853038400098379,,
2864601_0.440,member,fixed,unstable,977,plain_reversal_control,0.008051318790431887,0.03136457147471371,0.04163885038751981,0.17118167877197266,0.021773843798861787,,
2864601_0.457,member,varied,all,1000,stellarator_parity,0.0033568575158715247,0.031405056890100244,0.0639447389433744,0.5315566658973694,0.030887481852753397,0.2659029324519042,0.2404815108796912
2864601_0.457,member,varied,all,1000,plain_reversal_control,-0.15083673718385399,0.3394979088772088,0.5358922487703933,3.223647356033325,0.2588541666200952,0.2659029324519042,2.0153679533689384
2864601_0.457,member,varied,stable_near_floor,240,stellarator_parity,0.002215146521727244,0.009942991534868877,0.03447251302000692,0.3865405321121216,0.01800362928420747,0.16914707927726444,0.20380199981756633
2864601_0.457,member,varied,stable_near_floor,240,plain_reversal_control,-0.00264101077336818,0.07778263440510878,0.20785768764011395,1.1437268573790789,0.10855584418731924,0.16914707927726444,1.2288576813046557
2864601_0.457,member,varied,unstable,760,stellarator_parity,0.003717397829811824,0.03818255121280488,0.07074532383279003,0.5315566658973694,0.033418046246520706,0.3004379055543704,0.23547402815982957
2864601_0.457,member,varied,unstable,760,plain_reversal_control,-0.19763538762927055,0.422144837657872,0.6035109403551222,3.223647356033325,0.285081125117712,0.3004379055543704,2.008770961312352
2864601_0.457,member,fixed,all,1000,stellarator_parity,2.075839042663574e-05,0.0003418729305267334,0.000626375952482595,0.008364677429199219,0.0003111525618742092,,
2864601_0.457,member,fixed,all,1000,plain_reversal_control,-0.0002661271095275879,0.0032758822441101075,0.005077472091600054,0.045215606689453125,0.002522236753956572,,
2864601_0.457,member,fixed,stable_near_floor,23,stellarator_parity,-0.0006196395210597826,0.0007787372754967731,0.0012280961143863727,0.003593921661376953,0.000612675482262188,,
2864601_0.457,member,fixed,stable_near_floor,23,plain_reversal_control,-0.0028442921845809274,0.003481222235638162,0.004566237690145775,0.011854171752929688,0.0022780154143975076,,
2864601_0.457,member,fixed,unstable,977,stellarator_parity,3.5834288035834946e-05,0.0003315885088948901,0.0006050434332485924,0.008364677429199219,0.0003005254559480295,,
2864601_0.457,member,fixed,unstable,977,plain_reversal_control,-0.00020543335648129637,0.0032710482422624665,0.005088888564821345,0.045215606689453125,0.0025276541685616354,,
2864601_0.400,member,varied,all,1000,stellarator_parity,0.0014131831526756286,0.027171363420784474,0.05841788293443313,0.4771416187286377,0.028244741509516783,0.26642876526773,0.21926267186551698
2864601_0.400,member,varied,all,1000,plain_reversal_control,-0.049536725156009195,0.29802462372928856,0.4476966531507685,2.583519458770752,0.21645899522089465,0.26642876526773,1.680361550678979
2864601_0.400,member,varied,stable_near_floor,240,stellarator_parity,-0.000429306427637736,0.009772671759128571,0.03465092260185039,0.37480539083480835,0.018089282385747134,0.16227427259644361,0.21353306379023507
2864601_0.400,member,varied,stable_near_floor,240,plain_reversal_control,0.061391788674518465,0.1189514929583917,0.28183580337116404,1.9017113149166107,0.14713049612487494,0.16227427259644361,1.7367867306486433
2864601_0.400,member,varied,unstable,760,stellarator_parity,0.001995021967511428,0.03266568710341265,0.06411835583330983,0.4771416187286377,0.030327296417517764,0.3030854095126871,0.21155210320550202
2864601_0.400,member,varied,unstable,760,plain_reversal_control,-0.0845667821551232,0.3545740334464139,0.4885111004873983,2.583519458770752,0.23106052479331585,0.3030854095126871,1.6117935247125426
2864601_0.400,member,fixed,all,1000,stellarator_parity,-8.529651165008545e-05,0.0006577521562576294,0.00119028602814232,0.008853435516357422,0.000602561285384704,,
2864601_0.400,member,fixed,all,1000,plain_reversal_control,-0.0007382085323333741,0.007370543956756592,0.010014328586277939,0.044469356536865234,0.0050695770281619385,,
2864601_0.400,member,fixed,stable_near_floor,23,stellarator_parity,-0.00026416778564453125,0.00028183149254840356,0.0004878668785834523,0.0013380050659179688,0.00024897997931123907,,
2864601_0.400,member,fixed,stable_near_floor,23,plain_reversal_control,-0.0011615338532820992,0.0016292489093282948,0.0020819849561557876,0.00506591796875,0.0010625287226201984,,
2864601_0.400,member,fixed,unstable,977,stellarator_parity,-8.108562188358365e-05,0.0006666018750552877,0.0012018863136947964,0.008853435516357422,0.0006083188214408529,,
2864601_0.400,member,fixed,unstable,977,plain_reversal_control,-0.0007282428390050007,0.007505702386736992,0.010126481585256437,0.044469356536865234,0.005125384383776236,,
2864601_0.385,member,varied,all,1000,stellarator_parity,-6.345577538013458e-05,0.02906931833922863,0.06912500401789616,1.0603859424591064,0.03328190862889686,0.26953755271774743,0.25645778601500485
2864601_0.385,member,varied,all,1000,plain_reversal_control,-0.07364107310771942,0.320120324075222,0.5082792485124931,3.8335981369018555,0.24472336381459786,0.26953755271774743,1.8857455793729403
2864601_0.385,member,varied,stable_near_floor,240,stellarator_parity,0.0023296734939018886,0.0107057207574447,0.03577608626022134,0.32460343837738037,0.018696335231376437,0.18107682348940515,0.1975740769625032
2864601_0.385,member,varied,stable_near_floor,240,plain_reversal_control,0.029302767291665078,0.10883213840425014,0.25395129250930626,1.3759465217590332,0.13271318899055984,0.18107682348940515,1.402450560019709
2864601_0.385,member,varied,unstable,760,stellarator_parity,-0.000819180807784984,0.03486834915452882,0.07670074604154471,1.0603859424591064,0.03607830039502263,0.3017493757481504,0.25418692532958737
2864601_0.385,member,varied,unstable,760,plain_reversal_control,-0.10614965428647243,0.38684290902394997,0.5653013778371831,3.8335981369018555,0.2659050136524502,0.3017493757481504,1.8734135785222024
2864601_0.385,member,fixed,all,1000,stellarator_parity,-0.0001878647804260254,0.00353851318359375,0.005994800117078046,0.036995887756347656,0.0032108836577044437,,
2864601_0.385,member,fixed,all,1000,plain_reversal_control,0.00207337749004364,0.029698236107826233,0.04163843636617086,0.20748555660247803,0.022302023795527297,,
2864601_0.385,member,fixed,stable_near_floor,23,stellarator_parity,-0.0003108563630477242,0.0005335185838782269,0.0011221872031854155,0.0044116973876953125,0.0005733856925602573,,
2864601_0.385,member,fixed,stable_near_floor,23,plain_reversal_control,0.004159637119459069,0.005602504896081012,0.012425004134633351,0.05267333984375,0.006348601713312957,,
2864601_0.385,member,fixed,unstable,977,stellarator_parity,-0.00018496937981159442,0.0036092551240169404,0.0060625082763490325,0.036995887756347656,0.003250933535035697,,
2864601_0.385,member,fixed,unstable,977,plain_reversal_control,0.002024263906137238,0.030265484641981956,0.04208254094133735,0.20748555660247803,0.02256616194973586,,
2864601_0.350,member,varied,all,1000,stellarator_parity,0.005808906301856041,0.030001028582453727,0.06580568338645394,0.7672234773635864,0.031693238780926586,0.27567900031519044,0.238704011953093
2864601_0.350,member,varied,all,1000,plain_reversal_control,-0.0652741226181388,0.29953612468391655,0.4671978249355871,3.5717856884002686,0.22501114587104362,0.27567900031519044,1.6947167698715846
2864601_0.350,member,varied,stable_near_floor,240,stellarator_parity,0.0047866585354010265,0.010320370147625605,0.03794696991108393,0.32965731620788574,0.019684622160242356,0.17092481132189946,0.22200972238968347
2864601_0.350,member,varied,stable_near_floor,240,plain_reversal_control,0.04127135059485833,0.08923627318193515,0.21089805725744543,1.271854281425476,0.10940131929293714,0.17092481132189946,1.2338645023294197
2864601_0.350,member,varied,unstable,760,stellarator_parity,0.00613172138599973,0.03621597335134682,0.07240960389789801,0.7672234773635864,0.03413788676007112,0.31270291688143653,0.2315603724456226
2864601_0.350,member,varied,unstable,760,plain_reversal_control,-0.0989200615275063,0.36594660410559493,0.5226439488078505,3.5717856884002686,0.24640322525996786,0.31270291688143653,1.6713753553057342
2864601_0.350,member,fixed,all,1000,stellarator_parity,0.0012468054294586181,0.0071710445880889895,0.012665174937334588,0.10246586799621582,0.0049431098002762335,,
2864601_0.350,member,fixed,all,1000,plain_reversal_control,-0.014159825325012207,0.062015720367431644,0.0815952018430247,0.4027092456817627,0.031845911634178756,,
2864601_0.350,member,fixed,stable_near_floor,23,stellarator_parity,0.0030444290326989217,0.008866880251013714,0.01683248275459311,0.07171249389648438,0.00507003027941501,,
2864601_0.350,member,fixed,stable_near_floor,23,plain_reversal_control,0.01688819346220597,0.03181257455245308,0.05024280503836635,0.19473981857299805,0.015133390990568703,,
2864601_0.350,member,fixed,unstable,977,stellarator_parity,0.00120448675712031,0.0071311221518072405,0.012550410500798385,0.10246586799621582,0.004937943452473313,,
2864601_0.350,member,fixed,unstable,977,plain_reversal_control,-0.014890740813349995,0.06272674631804015,0.08218931859034384,0.4027092456817627,0.03233728550716441,,
2864601_0.416,member,varied,all,1000,stellarator_parity,0.0029528278559446336,0.024610220924019814,0.04783432614364879,0.4035837650299072,0.023056362740860026,0.27307351950715986,0.1751701381737038
2864601_0.416,member,varied,all,1000,plain_reversal_control,-0.15516834510862829,0.32412929271161556,0.5093640741462363,2.7573165893554688,0.24551580021029024,0.27307351950715986,1.8653001399239701
2864601_0.416,member,varied,stable_near_floor,240,stellarator_parity,-0.0017467018216848374,0.008719986552993457,0.02986658636001638,0.21601468324661255,0.015556491690156465,0.1712838212508585,0.17436898676071944
2864601_0.416,member,varied,stable_near_floor,240,plain_reversal_control,-0.010457441955804826,0.08429877137144406,0.23795031937077316,1.7637202143669128,0.12394024952637672,0.1712838212508585,1.3892165508280923
2864601_0.416,member,varied,unstable,760,stellarator_parity,0.004436889859406571,0.02962818967276498,0.05223982704070977,0.4035837650299072,0.02462743144444516,0.30951125016367415,0.16878167437559888
2864601_0.416,member,varied,unstable,760,plain_reversal_control,-0.20086652505162514,0.3998652468190381,0.5687739294602491,2.7573165893554688,0.26813720007637387,0.30951125016367415,1.837651875850952
2864601_0.416,member,fixed,all,1000,stellarator_parity,-0.00011322212219238281,0.0034582300186157227,0.005377915688028894,0.04105710983276367,0.0022398528239497323,,
2864601_0.416,member,fixed,all,1000,plain_reversal_control,-0.011112661361694335,0.039008084297180175,0.05388784089933869,0.2807645797729492,0.022443794141959992,,
2864601_0.416,member,fixed,stable_near_floor,23,stellarator_parity,0.0006281811258067255,0.0027783435323963995,0.003884140961928021,0.01087188720703125,0.0015612323821635396,,
2864601_0.416,member,fixed,stable_near_floor,23,plain_reversal_control,-0.019450146219004757,0.0279693603515625,0.03603805114819702,0.083892822265625,0.014485512496617205,,
2864601_0.416,member,fixed,unstable,977,stellarator_parity,-0.00013067583222716223,0.0034742355346679688,0.005408112719570735,0.04105710983276367,0.002254385023000191,,
2864601_0.416,member,fixed,unstable,977,plain_reversal_control,-0.010916384850212105,0.03926795190286002,0.054237322531287484,0.2807645797729492,0.022608960637911877,,
2864601_0.342,member,varied,all,1000,stellarator_parity,0.0026247567385435104,0.025746922999620437,0.05443997488725497,0.5675645470619202,0.026220151371458993,0.268553505724532,0.20271556217589137
2864601_0.342,member,varied,all,1000,plain_reversal_control,-0.06614498389884829,0.3034261442385614,0.4783780019771045,2.4193848371505737,0.23040318535400867,0.268553505724532,1.7813135623997378
2864601_0.342,member,varied,stable_near_floor,240,stellarator_parity,0.002935366084178289,0.00898911530772845,0.02816098299151513,0.33487439155578613,0.014715676859448624,0.16920954252873183,0.166426683570363
2864601_0.342,member,varied,stable_near_floor,240,plain_reversal_control,0.02756601134315133,0.11874884078279138,0.28959777513594054,1.72219318151474,0.1513309133917587,0.16920954252873183,1.7114742514404397
2864601_0.342,member,varied,unstable,760,stellarator_parity,0.0025266695767641066,0.031038862270744223,0.06040848923647517,0.5675645470619202,0.02842716758231043,0.3036221581904994,0.19895942244957468
2864601_0.342,member,varied,unstable,760,plain_reversal_control,-0.09573792976474291,0.36174529269827826,0.5240498465246686,2.4193848371505737,0.24660859751555775,0.3036221581904994,1.7259934177658662
2864601_0.342,member,fixed,all,1000,stellarator_parity,0.0001067676544189453,0.002444174766540527,0.003984535871382341,0.031147003173828125,0.00263049456533501,,
2864601_0.342,member,fixed,all,1000,plain_reversal_control,0.006814718723297119,0.03153376817703247,0.044614250602166304,0.1930065155029297,0.02945325316014239,,
2864601_0.342,member,fixed,stable_near_floor,23,stellarator_parity,-0.00017182723335597825,0.0029320924178413725,0.003945898427191467,0.0123138427734375,0.0024033506631321463,,
2864601_0.342,member,fixed,stable_near_floor,23,plain_reversal_control,0.01752272896144701,0.024029773214588993,0.03128831910987614,0.09085655212402344,0.019056953408335225,,
2864601_0.342,member,fixed,unstable,977,stellarator_parity,0.00011332618299501823,0.002432688475875308,0.003985440940146441,0.031147003173828125,0.0026365234566221424,,
2864601_0.342,member,fixed,unstable,977,plain_reversal_control,0.006562636598959916,0.031710423124971264,0.04488031738111468,0.1930065155029297,0.029690067245509714,,
2864601_0.359,member,varied,all,1000,stellarator_parity,0.0006472078636288643,0.02884012845903635,0.0648526573807011,0.7468734979629517,0.031441302763379884,0.27214468349250237,0.2383021286634387
2864601_0.359,member,varied,all,1000,plain_reversal_control,-0.08357050756365061,0.3135176009312272,0.48374618913256573,2.9845640510320663,0.234525630983231,0.27214468349250237,1.7775331229128826
2864601_0.359,member,varied,stable_near_floor,240,stellarator_parity,0.0028108134865760803,0.009208389123280843,0.026609616772057847,0.2616990804672241,0.013923941750683998,0.17422065233341813,0.1527351460097462
2864601_0.359,member,varied,stable_near_floor,240,plain_reversal_control,0.03139493577182293,0.1174987784276406,0.3166708177710262,2.423264503479004,0.16570347700066643,0.17422065233341813,1.817642245794094
2864601_0.359,member,varied,unstable,760,stellarator_parity,-3.6036017301835514e-05,0.03503962509138019,0.07287272574944781,0.7468734979629517,0.03456525883363056,0.3071937506709512,0.2372207298823113
2864601_0.359,member,varied,unstable,760,plain_reversal_control,-0.11987538440643172,0.3754182817218335,0.5255862364285977,2.9845640510320663,0.2492979933810954,0.3071937506709512,1.7109275018799985
2864601_0.359,member,fixed,all,1000,stellarator_parity,-2.857494354248047e-05,0.00465581464767456,0.007567881317702209,0.05639290809631348,0.003196200361828493,,
2864601_0.359,member,fixed,all,1000,plain_reversal_control,-0.012673634767532348,0.05307128930091858,0.06939372204834549,0.2836902141571045,0.02930757370636071,,
2864601_0.359,member,fixed,stable_near_floor,23,stellarator_parity,-0.0002868486487347147,0.006784252498460853,0.01084070193688571,0.03035593032836914,0.003811049112396037,,
2864601_0.359,member,fixed,stable_near_floor,23,plain_reversal_control,-0.007732380991396697,0.041545505109040634,0.05545279248367254,0.14558053016662598,0.01949443096998322,,
2864601_0.359,member,fixed,unstable,977,stellarator_parity,-2.249480513979737e-05,0.004605708127134044,0.007473586981373301,0.05639290809631348,0.003172974773495583,,
2864601_0.359,member,fixed,unstable,977,plain_reversal_control,-0.012789959063183445,0.05334262301270281,0.06968832043735376,0.2836902141571045,0.029586767813916393,,
2864601_0.475,member,varied,all,1000,stellarator_parity,0.00033685731538571416,0.03393200971581973,0.07900885001472017,1.149943470954895,0.03791612398232062,0.2675631148822942,0.2952905150976344
2864601_0.475,member,varied,all,1000,plain_reversal_control,-0.18790988650918006,0.362360296100378,0.6041643467202267,4.511393785476685,0.28993676368753535,0.2675631148822942,2.258025539080786
2864601_0.475,member,varied,stable_near_floor,240,stellarator_parity,0.0015870794964333375,0.011518915525327127,0.047905646051871496,0.6166175603866577,0.024875123928707867,0.15221387114616167,0.31472588990178585
2864601_0.475,member,varied,stable_near_floor,240,plain_reversal_control,0.016011027991771697,0.09763237684965134,0.29911456066513886,2.499554395675659,0.15531596750349352,0.15221387114616167,1.965093972138173
2864601_0.475,member,varied,unstable,760,stellarator_parity,-5.794968915564057e-05,0.04100982893387003,0.08653878168480929,1.149943470954895,0.04060521110947038,0.30737655681488046,0.2815399540600874
2864601_0.475,member,varied,unstable,760,plain_reversal_control,-0.2523059647726385,0.4459585863900812,0.6723308562004574,4.511393785476685,0.31546707522256123,0.30737655681488046,2.187319889217749
2864601_0.475,member,fixed,all,1000,stellarator_parity,7.83247947692871e-05,0.0014772744178771972,0.0027639929792244223,0.02438831329345703,0.0014201896958048327,,
2864601_0.475,member,fixed,all,1000,plain_reversal_control,-0.0030905208587646486,0.012632980346679687,0.018074819643462255,0.11339950561523438,0.009287169976234452,,
2864601_0.475,member,fixed,stable_near_floor,23,stellarator_parity,0.0006618499755859375,0.000680467356806216,0.0013069717538250559,0.005265235900878906,0.0006532311914443975,,
2864601_0.475,member,fixed,stable_near_floor,23,plain_reversal_control,-0.004695705745531165,0.005292208298392918,0.006670238086831566,0.01541280746459961,0.0033338192351339935,,
2864601_0.475,member,fixed,unstable,977,stellarator_parity,6.458776390052256e-05,0.0014960324141971896,0.002789138378967922,0.02438831329345703,0.0014340699770919278,,
2864601_0.475,member,fixed,unstable,977,plain_reversal_control,-0.0030527324735081184,0.012805792789986337,0.018257674243298203,0.11339950561523438,0.009387408914980787,,
2864601_0.462,member,varied,all,1000,stellarator_parity,-0.0050033295303583145,0.03052920190989971,0.06609473759613034,0.6432592868804932,0.031729410128799915,0.26801659925212884,0.2466068809937911
2864601_0.462,member,varied,all,1000,plain_reversal_control,-0.013576387345790863,0.3072068377733231,0.4728243990367221,2.862895131111145,0.2269838692395058,0.26801659925212884,1.7641608779310203
2864601_0.462,member,varied,stable_near_floor,240,stellarator_parity,-0.00390193040172259,0.01276556874314944,0.04943142716648023,0.46574175357818604,0.025780266228120147,0.16836619551071177,0.29359472675935894
2864601_0.462,member,varied,stable_near_floor,240,plain_reversal_control,0.07088762248555819,0.12958637302120526,0.29411541811778336,1.4588618278503418,0.1533917634086232,0.16836619551071177,1.7468792783826441
2864601_0.462,member,varied,unstable,760,stellarator_parity,-0.005351139781506438,0.036138770278347165,0.07054377606819863,0.6432592868804932,0.033076946049011305,0.3036672542870181,0.23230616759725617
2864601_0.462,member,varied,unstable,760,plain_reversal_control,-0.040249232555690566,0.3632975108529392,0.5165701426394016,2.862895131111145,0.24221219349096113,0.3036672542870181,1.7011058497310134
2864601_0.462,member,fixed,all,1000,stellarator_parity,-0.00044333624839782717,0.0043072676658630375,0.007815007975842147,0.0778970718383789,0.004099631863619075,,
2864601_0.462,member,fixed,all,1000,plain_reversal_control,-0.009686880826950073,0.04711429929733276,0.06412037029878892,0.2271890640258789,0.03363655085145863,,
2864601_0.462,member,fixed,stable_near_floor,23,stellarator_parity,-0.002585701320482337,0.0036262843919836955,0.005925418528238085,0.019023895263671875,0.0027879094623591586,,
2864601_0.462,member,fixed,stable_near_floor,23,plain_reversal_control,0.007047528805940047,0.020511585733164913,0.031431885748244584,0.12031173706054688,0.014788702482317227,,
2864601_0.462,member,fixed,unstable,977,stellarator_parity,-0.00039290186082572507,0.004323299001890903,0.007854016451813654,0.0778970718383789,0.004131936227043488,,
2864601_0.462,member,fixed,unstable,977,plain_reversal_control,-0.010080833151982287,0.047740565839785025,0.06469120990356439,0.2271890640258789,0.03403353626921511,,
2864601_0.268,member,varied,all,1000,stellarator_parity,0.0013988347351551057,0.03362386485934257,0.0668145011733576,0.7411172389984131,0.03224143631760407,0.2743475962137325,0.2435395902696566
2864601_0.268,member,varied,all,1000,plain_reversal_control,-0.09702983902394771,0.3381081948131323,0.5456034920792882,2.9030184745788574,0.26328177170543954,0.2743475962137325,1.988730718290062
2864601_0.268,member,varied,stable_near_floor,240,stellarator_parity,-0.0011607885360717773,0.011314492672681808,0.032688985802316335,0.24550294876098633,0.017113154704233375,0.15919705819859611,0.20533661973538028
2864601_0.268,member,varied,stable_near_floor,240,plain_reversal_control,0.03083352477600177,0.12289170827716589,0.3196316763905293,2.6148616075515747,0.16733178445863528,0.15919705819859611,2.007773761697237
2864601_0.268,member,varied,unstable,760,stellarator_parity,0.0022071368208057,0.040668929760393345,0.07440749128223825,0.7411172389984131,0.035082164264046214,0.3142187553253377,0.23680155949060958
2864601_0.268,member,varied,unstable,760,plain_reversal_control,-0.1374077433818265,0.4060712958244901,0.5995214237388162,2.9030184745788574,0.2826665528560918,0.3142187553253377,1.907974662804835
2864601_0.268,member,fixed,all,1000,stellarator_parity,0.00037978792190551756,0.001252908229827881,0.005749451909990712,0.11553525924682617,0.002806125739495092,,
2864601_0.268,member,fixed,all,1000,plain_reversal_control,-0.0026968107223510744,0.011826912879943847,0.03353979360863041,0.28092288970947266,0.016369713081517506,,
2864601_0.268,member,fixed,stable_near_floor,23,stellarator_parity,-0.00021478404169497281,0.0002475821453592052,0.0003824644750172854,0.00113677978515625,0.0001856633739213537,,
2864601_0.268,member,fixed,stable_near_floor,23,plain_reversal_control,-0.00018801896468452785,0.0010716189508852751,0.0015416552265180635,0.004679203033447266,0.000748380384258947,,
2864601_0.268,member,fixed,unstable,977,stellarator_parity,0.0003937850100967267,0.0012765750670262223,0.005816437446730486,0.11553525924682617,0.002839182224887438,,
2864601_0.268,member,fixed,unstable,977,plain_reversal_control,-0.0027558713266768987,0.012080108131088523,0.03393146037625506,0.28092288970947266,0.016562990670326686,,
2864601_0.262,member,varied,all,1000,stellarator_parity,-0.0018593557327985764,0.026076018646359445,0.05108534534600762,0.3630146384239197,0.024693327716668993,0.27338888072849415,0.1868596309033545
2864601_0.262,member,varied,all,1000,plain_reversal_control,-0.06340324030816555,0.2882604919523001,0.4388695885845085,2.2392830848693848,0.21213814847282594,0.27338888072849415,1.6052942146551865
2864601_0.262,member,varied,stable_near_floor,240,stellarator_parity,-0.0008729657779137294,0.011474640294909477,0.031297864681949866,0.2075963020324707,0.016492802229941404,0.17862982980322356,0.17521074008986748
2864601_0.262,member,varied,stable_near_floor,240,plain_reversal_control,0.03647745108852784,0.11801032877216737,0.26948159060427695,1.4612774401903152,0.14200670312852412,0.17862982980322356,1.5086035232812716
2864601_0.262,member,varied,unstable,760,stellarator_parity,-0.0021708472974990545,0.030686980231027856,0.05589721522398038,0.3630146384239197,0.02636707617478013,0.30820496142778775,0.18136377482384258
2864601_0.262,member,varied,unstable,760,plain_reversal_control,-0.0949445112755424,0.3420237013776051,0.48010091749222933,2.2392830848693848,0.22646669270330083,0.30820496142778775,1.5577326051732516
2864601_0.262,member,fixed,all,1000,stellarator_parity,9.097957611083984e-05,0.002890657424926758,0.004726316515182176,0.029807329177856445,0.0023698733141814875,,
2864601_0.262,member,fixed,all,1000,plain_reversal_control,-0.0056357839107513425,0.02976268124580383,0.04136121490115308,0.2967662811279297,0.020739372642839208,,
2864601_0.262,member,fixed,stable_near_floor,23,stellarator_parity,-0.0010638962621274202,0.0019643514052681303,0.002853504729614166,0.0074367523193359375,0.0015991810051293174,,
2864601_0.262,member,fixed,stable_near_floor,23,plain_reversal_control,-0.004006955934607465,0.011270761489868164,0.014509316676532708,0.03444194793701172,0.008131412359584391,,
2864601_0.262,member,fixed,unstable,977,stellarator_parity,0.00011816703187284596,0.0029124640149494276,0.004761538863985466,0.029807329177856445,0.0023819479224852598,,
2864601_0.262,member,fixed,unstable,977,plain_reversal_control,-0.005674128888695364,0.03019800791354848,0.04178597478485187,0.2967662811279297,0.020903329505640084,,
2864601_0.485,member,varied,all,1000,stellarator_parity,0.003946985766291619,0.025243590965867042,0.04962291093327424,0.3855780363082886,0.023964848845208872,0.2663844000430747,0.18628309662746825
2864601_0.485,member,varied,all,1000,plain_reversal_control,-0.04336850506067276,0.30015879598259926,0.4647681327779488,2.7264841496944427,0.22445474964317227,0.2663844000430747,1.7447272914735068
2864601_0.485,member,varied,stable_near_floor,240,stellarator_parity,0.0028294165929158527,0.010472538694739342,0.03035076481544637,0.2652980834245682,0.015868390208445445,0.16523932138322545,0.18367761717597733
2864601_0.485,member,varied,stable_near_floor,240,plain_reversal_control,0.040948391892015934,0.12219851308812697,0.28995541109253103,1.637266844511032,0.15159834140076922,0.16523932138322545,1.7547603600965065
2864601_0.485,member,varied,unstable,760,stellarator_parity,0.004299902347357649,0.029908133788328423,0.054306061834751146,0.3855780363082886,0.02563903163926355,0.3022697931866446,0.17966089585808664
2864601_0.485,member,varied,unstable,760,plain_reversal_control,-0.06999489357204813,0.35635678005453786,0.5076151976394642,2.7264841496944427,0.23965578930124012,0.3022697931866446,1.6793447743752004
2864601_0.485,member,fixed,all,1000,stellarator_parity,5.11016845703125e-05,0.0017860212326049805,0.00284274053660467,0.025325775146484375,0.0013910364570147585,,
2864601_0.485,member,fixed,all,1000,plain_reversal_control,-0.0008810858726501465,0.018856927394866944,0.02493539043612309,0.11057329177856445,0.012201619078459014,,
2864601_0.485,member,fixed,stable_near_floor,23,stellarator_parity,-0.0002811680669369905,0.0009829065074091372,0.001306871218078737,0.0027723312377929688,0.0006501055787370064,,
2864601_0.485,member,fixed,stable_near_floor,23,plain_reversal_control,-0.003825477931810462,0.0070015451182489806,0.011564382014413472,0.047097206115722656,0.00575272387838535,,
2864601_0.485,member,fixed,unstable,977,stellarator_parity,5.8923797451241846e-05,0.0018049277205062133,0.0028690084688566472,0.025325775146484375,0.0014033551965550778,,
2864601_0.485,member,fixed,unstable,977,plain_reversal_control,-0.0008117706041131074,0.019136020324613322,0.025164714146112304,0.11057329177856445,0.012309141903942679,,
2864601_0.473,member,varied,all,1000,stellarator_parity,0.001107123874127865,0.03209586323052645,0.06492789241329716,0.551497109234333,0.03133120422864741,0.27979956983991755,0.23205143757170366
2864601_0.473,member,varied,all,1000,plain_reversal_control,-0.20559439315646888,0.4025149588212371,0.6536645127745877,4.155547201633453,0.31542832495461665,0.27979956983991755,2.3361884121143235
2864601_0.473,member,varied,stable_near_floor,240,stellarator_parity,0.006368021729091803,0.015286505781114101,0.05217922559508753,0.47195184230804443,0.02706401859755735,0.166469049754439,0.3134470081499107
2864601_0.473,member,varied,stable_near_floor,240,plain_reversal_control,0.005023691616952419,0.12829847689718007,0.3184070354869849,2.819609820842743,0.16514951748966075,0.166469049754439,1.9127101161247206
2864601_0.473,member,varied,unstable,760,stellarator_parity,-0.0005542122905975894,0.037404081372446135,0.06846234109986041,0.551497109234333,0.03235709990765727,0.3191743182285766,0.21449827630188942
2864601_0.473,member,varied,unstable,760,plain_reversal_control,-0.272105367295444,0.4891096373235709,0.7281423422162555,4.155547201633453,0.34413918857552744,0.3191743182285766,2.2813312369787737
2864601_0.473,member,fixed,all,1000,stellarator_parity,-0.0010372958183288575,0.0038900885581970215,0.006658600695210417,0.0697183609008789,0.002864455697732798,,
2864601_0.473,member,fixed,all,1000,plain_reversal_control,0.008947508692741394,0.051138890385627744,0.0669167052195102,0.3933342695236206,0.028786819680809046,,
2864601_0.473,member,fixed,stable_near_floor,23,stellarator_parity,-7.689517477284308e-05,0.0019545555114746094,0.0025627338051616923,0.00598907470703125,0.0010214720374338835,,
2864601_0.473,member,fixed,stable_near_floor,23,plain_reversal_control,0.020522801772407864,0.026367830193561058,0.03910093439025359,0.13743829727172852,0.01558511892133914,,
2864601_0.473,member,fixed,unstable,977,stellarator_parity,-0.0010599050453521822,0.003935653819276464,0.006725035971371411,0.0697183609008789,0.0028986656740644873,,
2864601_0.473,member,fixed,unstable,977,plain_reversal_control,0.008675009469780975,0.05172203714552287,0.06743343605116654,0.3933342695236206,0.02906556741076856,,
2864601_0.189,member,varied,all,1000,stellarator_parity,0.003273908585309982,0.028878234177827835,0.0584918194083671,0.4760563373565674,0.02816225427547304,0.27076621214096885,0.2160233322535625
2864601_0.189,member,varied,all,1000,plain_reversal_control,-0.0631088621020317,0.29777765810489654,0.4745440243694345,3.1291192770004272,0.2284803176645002,0.27076621214096885,1.7525969012794436
2864601_0.189,member,varied,stable_near_floor,240,stellarator_parity,0.002451830481489499,0.014349707340200742,0.05337571161339385,0.3809809684753418,0.02784248548122419,0.15390990592460646,0.3467984162081173
2864601_0.189,member,varied,stable_near_floor,240,plain_reversal_control,0.030340044697125753,0.10573650648196538,0.3171245370455503,3.1291192770004272,0.16542234382529594,0.15390990592460646,2.0604556616446468
2864601_0.189,member,varied,unstable,760,stellarator_parity,0.003533512197042766,0.03346619002128902,0.060016894069441475,0.4760563373565674,0.028243857003930287,0.3103838352341504,0.1933634656719972
2864601_0.189,member,varied,unstable,760,plain_reversal_control,-0.09261904319650248,0.35842223230161163,0.5143413235258599,2.857710361480713,0.24204822688872318,0.3103838352341504,1.6571137576731276
2864601_0.189,member,fixed,all,1000,stellarator_parity,6.8531036376953124e-06,0.00032099723815917966,0.000669933689322749,0.009410858154296875,0.00033227043958398674,,
2864601_0.189,member,fixed,all,1000,plain_reversal_control,0.0007939014434814453,0.0028768367767333983,0.004846012654704272,0.04705810546875,0.0024035016907955845,,
2864601_0.189,member,fixed,stable_near_floor,23,stellarator_parity,0.00045759781547214675,0.00047070047129755437,0.000686704246109494,0.0018787384033203125,0.0003366284803004084,,
2864601_0.189,member,fixed,stable_near_floor,23,plain_reversal_control,0.0019697935684867525,0.0024935680886973505,0.003084580533059188,0.006862640380859375,0.0015120885928559895,,
2864601_0.189,member,fixed,unstable,977,stellarator_parity,-3.7580820042620906e-06,0.0003174730064681023,0.0006695338251207155,0.009410858154296875,0.0003321646526509775,,
2864601_0.189,member,fixed,unstable,977,plain_reversal_control,0.000766219233783265,0.002885859478703541,0.0048798251974939465,0.04705810546875,0.0024209463075757502,,
2864601_0.395,member,varied,all,1000,stellarator_parity,-0.0034014645218849184,0.027776184022426605,0.059065856557885925,0.7615904211997986,0.02848995751804196,0.2760959002777124,0.21393239268846168
2864601_0.395,member,varied,all,1000,plain_reversal_control,0.0135138458609581,0.3458024544119835,0.5231872522763603,2.7796647548675537,0.2523553108338787,0.2760959002777124,1.894947558982621
2864601_0.395,member,varied,stable_near_floor,240,stellarator_parity,-0.0018698270122210184,0.009327381352583567,0.03529023146136828,0.39855748414993286,0.01832244367097083,0.16232066321535557,0.21741059186375858
2864601_0.395,member,varied,stable_near_floor,240,plain_reversal_control,0.09991305669148763,0.14464775323867798,0.33385790251094527,1.824303686618805,0.17333670989269537,0.16232066321535557,2.056780054354548
2864601_0.395,member,varied,unstable,760,stellarator_parity,-0.003885139524936676,0.033602121707640195,0.06478587510664294,0.7615904211997986,0.030594557606098395,0.3155167749265329,0.20533258531730406
2864601_0.395,member,varied,unstable,760,plain_reversal_control,-0.013770115453945964,0.4093249916246063,0.5700579808552326,2.7796647548675537,0.2692048491339005,0.3155167749265329,1.8067438125531323
2864601_0.395,member,fixed,all,1000,stellarator_parity,0.0002538574934005737,0.0029955276250839234,0.005128215841169289,0.039682626724243164,0.0028324682404020744,,
2864601_0.395,member,fixed,all,1000,plain_reversal_control,0.024215009212493897,0.046696828842163085,0.06306280419865344,0.22870373725891113,0.03483148829450447,,
2864601_0.395,member,fixed,stable_near_floor,23,stellarator_parity,-0.0005238211673239003,0.0011190072349880052,0.0015158767738778286,0.003954172134399414,0.0009801289307853989,,
2864601_0.395,member,fixed,stable_near_floor,23,plain_reversal_control,-0.0008149458014446756,0.01241699508998705,0.017523813313831238,0.06034541130065918,0.011330470063625772,,
2864601_0.395,member,fixed,unstable,977,stellarator_parity,0.00027216517937464014,0.0030397036424556797,0.005183011618314754,0.039682626724243164,0.0028536695029633603,,
2864601_0.395,member,fixed,unstable,977,plain_reversal_control,0.02480425073278109,0.04750382595198913,0.06374410154451042,0.22870373725891113,0.03509631310271208,,
2864601_0.237,member,varied,all,1000,stellarator_parity,0.002420070618391037,0.027891453236341478,0.054402537614799074,0.74313023686409,0.026183191420804514,0.27025199089416835,0.20130300404004536
2864601_0.237,member,varied,all,1000,plain_reversal_control,-0.1153902941122651,0.3548881053701043,0.5339310795571066,2.793907403945923,0.256973668407658,0.27025199089416835,1.9756786167995186
2864601_0.237,member,varied,stable_near_floor,240,stellarator_parity,-7.358851532141368e-05,0.011880697185794513,0.031616611351025045,0.24857497215270996,0.016456757841246783,0.16763976028292524,0.1885985239877805
2864601_0.237,member,varied,stable_near_floor,240,plain_reversal_control,0.023882115135590236,0.1093913363913695,0.2591820029313013,1.3694718182086945,0.13490678718519442,0.16763976028292524,1.5460652204100054
2864601_0.237,member,varied,unstable,760,stellarator_parity,0.0032075419237739163,0.03294748146282999,0.05982133125676919,0.74313023686409,0.02815367837954853,0.3066383586193199,0.1950875667549315
2864601_0.237,member,varied,unstable,760,plain_reversal_control,-0.15937105492737733,0.4324134008370732,0.5948908824784834,2.793907403945923,0.2799731504525791,0.3066383586193199,1.9400406562214167
2864601_0.237,member,fixed,all,1000,stellarator_parity,0.0009251782894134521,0.008538463830947876,0.013699933426777345,0.10630345344543457,0.0051443114559286554,,
2864601_0.237,member,fixed,all,1000,plain_reversal_control,0.0046023097038269045,0.09577324104309082,0.1239349778893688,0.7187082767486572,0.046537461656594246,,
2864601_0.237,member,fixed,stable_near_floor,23,stellarator_parity,0.005262312681778618,0.007603997769563094,0.01057761426348254,0.025942325592041016,0.0032458634804549548,,
2864601_0.237,member,fixed,stable_near_floor,23,plain_reversal_control,0.0026208628778872285,0.024165402288022247,0.03541450068354015,0.09887218475341797,0.010867349818578469,,
2864601_0.237,member,fixed,unstable,977,stellarator_parity,0.0008230758421008638,0.00856046252021282,0.013764907231529,0.10630345344543457,0.005199237857248905,,
2864601_0.237,member,fixed,unstable,977,plain_reversal_control,0.004648955842001533,0.09745899364428486,0.12526750270141568,0.7187082767486572,0.04731565068861596,,
2864601_0.372,member,varied,all,1000,stellarator_parity,-0.002317638337612152,0.029223771035671232,0.05417497956237507,0.32686519622802734,0.026009681602750613,0.27619781903365925,0.19614557331378837
2864601_0.372,member,varied,all,1000,plain_reversal_control,-0.11596541909873485,0.34052262802422045,0.5401353540177013,2.7616803646087646,0.25932171444964147,0.27619781903365925,1.9556104965183556
2864601_0.372,member,varied,stable_near_floor,240,stellarator_parity,-0.005756693333387375,0.012090082218249639,0.03997325391930607,0.32686519622802734,0.020871497580612974,0.1607135863910748,0.24872355111307487
2864601_0.372,member,varied,stable_near_floor,240,plain_reversal_control,0.021175792875389256,0.1027785861864686,0.24957083593750448,1.7105057537555695,0.13031005954572555,0.1607135863910748,1.552891958556681
2864601_0.372,member,varied,unstable,760,stellarator_parity,-0.0012316209705252397,0.034634409609593846,0.057941006336849565,0.3032536506652832,0.027162952454658582,0.31569400223979344,0.1835353409496801
2864601_0.372,member,varied,unstable,760,plain_reversal_control,-0.15927317024845827,0.41559969386772105,0.6034960168007225,2.7616803646087646,0.2829211062650864,0.31569400223979344,1.911648661422214
2864601_0.372,member,fixed,all,1000,stellarator_parity,0.00035059165954589845,0.0030529022216796873,0.004725791649890936,0.03525876998901367,0.0021947291384343814,,
2864601_0.372,member,fixed,all,1000,plain_reversal_control,-0.004917259216308594,0.03445930480957031,0.0455664012183868,0.23204946517944336,0.021161726097233546,,
2864601_0.372,member,fixed,stable_near_floor,23,stellarator_parity,-0.0009607232135275136,0.0015529134999150815,0.0027903983795549325,0.010921478271484375,0.0013908834252718113,,
2864601_0.372,member,fixed,stable_near_floor,23,plain_reversal_control,0.0034078307773755946,0.007913071176280146,0.013865408657499138,0.05655050277709961,0.006911259420030126,,
2864601_0.372,member,fixed,unstable,977,stellarator_parity,0.0003814619175609327,0.00308821413631693,0.004761886091337621,0.03525876998901367,0.0022080661322110245,,
2864601_0.372,member,fixed,unstable,977,plain_reversal_control,-0.005113243934686011,0.035084241732360154,0.04605051718757441,0.23204946517944336,0.021353427071188494,,
2864601_0.472,member,varied,all,1000,stellarator_parity,-0.00047917380928993227,0.026955809354782104,0.06014456051987473,0.8022501468658447,0.029026723701744667,0.2736789733983359,0.21976317644372032
2864601_0.472,member,varied,all,1000,plain_reversal_control,-0.059109291464090344,0.30860606318712236,0.49939655006852207,3.3137937784194946,0.2410167361960079,0.2736789733983359,1.8247530815663262
2864601_0.472,member,varied,stable_near_floor,240,stellarator_parity,0.003237372760971387,0.010794394090771675,0.03999297372915748,0.3701387643814087,0.02107826667271461,0.17717913767445478,0.22572055747691766
2864601_0.472,member,varied,stable_near_floor,240,plain_reversal_control,0.0480818435549736,0.1158437562485536,0.30245788560873554,1.9820352494716644,0.159410200734294,0.17717913767445478,1.7070739229156047
2864601_0.472,member,varied,unstable,760,stellarator_parity,-0.001652820094635612,0.03205941417499592,0.06522736603483935,0.8022501468658447,0.030706468924128694,0.30796027585379077,0.21180447982780454
2864601_0.472,member,varied,unstable,760,plain_reversal_control,-0.0929591235753737,0.3694783706414072,0.5470513408075346,3.3137937784194946,0.257530175102231,0.30796027585379077,1.776369823318564
2864601_0.472,member,fixed,all,1000,stellarator_parity,3.4653186798095704e-05,0.0003435091972351074,0.000581740379137289,0.004818439483642578,0.00028157570286769785,,
2864601_0.472,member,fixed,all,1000,plain_reversal_control,0.0004182162284851074,0.0033071198463439943,0.0044746519618926485,0.026246070861816406,0.002165834307611129,,
2864601_0.472,member,fixed,stable_near_floor,23,stellarator_parity,-1.4989272407863451e-05,0.00028089855028235394,0.0004136097642572706,0.00101470947265625,0.00019637462110850504,,
2864601_0.472,member,fixed,stable_near_floor,23,plain_reversal_control,0.004844437474789826,0.0052174070607060976,0.005855456343578733,0.010222434997558594,0.002780067397471875,,
2864601_0.472,member,fixed,unstable,977,stellarator_parity,3.5821842439587065e-05,0.0003449831428644967,0.0005851166579794028,0.004818439483642578,0.00028334101507962694,,
2864601_0.472,member,fixed,unstable,977,plain_reversal_control,0.0003140165471493771,0.0032621489088513348,0.004436971738938983,0.026246070861816406,0.0021485904720812852,,
2864601_0.436,member,varied,all,1000,stellarator_parity,-0.006502045124769211,0.02511927580833435,0.05377321082394071,0.6771578788757324,0.02590213198192942,0.26854079994497254,0.20024223818116105
2864601_0.436,member,varied,all,1000,plain_reversal_control,-0.10513129554688931,0.30939899750053884,0.4979917737454071,3.509000539779663,0.23987871380233447,0.26854079994497254,1.854436174493604
2864601_0.436,member,varied,stable_near_floor,240,stellarator_parity,-0.006065484633048375,0.012533982346455256,0.054440314324216046,0.6771578788757324,0.02861892271591578,0.1739667012080324,0.312935256840419
2864601_0.436,member,varied,stable_near_floor,240,plain_reversal_control,0.026563624292612074,0.11994922459125519,0.303336618329555,1.9849766492843628,0.1594621071653004,0.1739667012080324,1.7436475844122594
2864601_0.436,member,varied,unstable,760,stellarator_parity,-0.006639906332681054,0.029093579006822485,0.05356082037989626,0.553797721862793,0.025170239960833563,0.3025791250614569,0.17701426153908506
2864601_0.436,member,varied,unstable,760,plain_reversal_control,-0.14671916496988974,0.3692252415771547,0.5452095948413715,3.509000539779663,0.25621445365793966,0.3025791250614569,1.8018744509576923
2864601_0.436,member,fixed,all,1000,stellarator_parity,-6.614971160888672e-05,0.0011794710159301759,0.0019709201499479145,0.013952255249023438,0.0009127455086620969,,
2864601_0.436,member,fixed,all,1000,plain_reversal_control,-0.007766551017761231,0.015220066070556641,0.02118955748275744,0.10314226150512695,0.009813017246505545,,
2864601_0.436,member,fixed,stable_near_floor,23,stellarator_parity,-0.00035352292268172556,0.0012144835098930027,0.0018181510955561735,0.0043430328369140625,0.0008297399374228657,,
2864601_0.436,member,fixed,stable_near_floor,23,plain_reversal_control,-0.003674631533415421,0.006170355755349864,0.009333522897017818,0.02962970733642578,0.0042594901619754716,,
2864601_0.436,member,fixed,unstable,977,stellarator_parity,-5.938452854371242e-05,0.0011786467709341214,0.001974374147530943,0.013952255249023438,0.0009146655701120844,,
2864601_0.436,member,fixed,unstable,977,plain_reversal_control,-0.007862880749736617,0.01543310940448679,0.021389637466887643,0.10314226150512695,0.009909147651982699,,
2864601_0.454,member,varied,all,1000,stellarator_parity,0.0023456891626119614,0.027081868454813956,0.05248366731793216,0.4751706123352051,0.025269324060323464,0.274218216300954,0.19139380317583068
2864601_0.454,member,varied,all,1000,plain_reversal_control,-0.03620181672275066,0.2881999215036631,0.45161617378671826,3.226776957511902,0.21743974896359386,0.274218216300954,1.646922585518791
2864601_0.454,member,varied,stable_near_floor,240,stellarator_parity,0.005476576710740725,0.012794504935542742,0.04377188386945889,0.4751706123352051,0.022891238208377837,0.17714027859975984,0.24710294132685323
2864601_0.454,member,varied,stable_near_floor,240,plain_reversal_control,0.028548751150568326,0.11598928458988667,0.27748968294476717,2.342233419418335,0.1451178672501223,0.17714027859975984,1.5664968190082964
2864601_0.454,member,varied,unstable,760,stellarator_parity,0.0013569878316239308,0.0315936674608996,0.05494854840934866,0.38284537196159363,0.02584156697444895,0.3085849209760366,0.17806621346094784
2864601_0.454,member,varied,unstable,760,plain_reversal_control,-0.05664936447221982,0.3425822278974872,0.4940128948774707,3.226776957511902,0.2323276533915792,0.3085849209760366,1.600897715011271
2864601_0.454,member,fixed,all,1000,stellarator_parity,0.0008317761421203614,0.007344620704650879,0.0132939045732042,0.15794682502746582,0.0053554857699755825,,
2864601_0.454,member,fixed,all,1000,plain_reversal_control,0.009946463823318482,0.0655344455242157,0.08392607320093619,0.30135464668273926,0.033809847835338365,,
2864601_0.454,member,fixed,stable_near_floor,23,stellarator_parity,-0.004504525143167247,0.00644268160280974,0.009694109339381531,0.02697610855102539,0.003392256862702975,,
2864601_0.454,member,fixed,stable_near_floor,23,plain_reversal_control,0.02996243601259978,0.03235033284062925,0.03940583493160067,0.08974385261535645,0.013789272360919258,,
2864601_0.454,member,fixed,unstable,977,stellarator_parity,0.000957400430310346,0.007365853662012543,0.013366974396627396,0.15794682502746582,0.005405663581358259,,
2864601_0.454,member,fixed,unstable,977,plain_reversal_control,0.009475258746191081,0.06631564776753451,0.08469265832117,0.30135464668273926,0.03425008570456147,,
2864601_0.377,member,varied,all,1000,stellarator_parity,0.0004264630004763603,0.028873510129749775,0.058048809179618424,0.6148190498352051,0.028269836096933114,0.26874531565573956,0.21599933393435758
2864601_0.377,member,varied,all,1000,plain_reversal_control,-0.08217000301927328,0.3378747891411185,0.5094387368749491,2.459569036960602,0.24809724430901953,0.26874531565573956,1.8956190385380922
2864601_0.377,member,varied,stable_near_floor,240,stellarator_parity,0.001351562701165676,0.012595182098448277,0.03817509784940048,0.31781303882598877,0.020158911419646413,0.1681214282167512,0.22706860305863621
2864601_0.377,member,varied,stable_near_floor,240,plain_reversal_control,0.032754594056556625,0.12383716898038984,0.30151062120286926,1.634964108467102,0.15921703537969215,0.1681214282167512,1.7934098252731088
2864601_0.377,member,varied,unstable,760,stellarator_parity,0.00013432625289026059,0.034014034771213404,0.0630361540389515,0.6148190498352051,0.02999882172480092,0.303538770573497,0.20767084850430442
2864601_0.377,member,varied,unstable,760,plain_reversal_control,-0.11846198104321956,0.405465616560296,0.5592637894462473,2.459569036960602,0.26615289229681616,0.303538770573497,1.842478930746116
2864601_0.377,member,fixed,all,1000,stellarator_parity,0.0005011672973632812,0.005919171333312988,0.011636399553244869,0.13265562057495117,0.005822796179146481,,
2864601_0.377,member,fixed,all,1000,plain_reversal_control,0.015587457656860352,0.04734566020965576,0.06512722999135902,0.33288002014160156,0.03258934038977128,,
2864601_0.377,member,fixed,stable_near_floor,23,stellarator_parity,0.0025592886883279552,0.0038427684618079143,0.005090438294794307,0.012868881225585938,0.0026912559674572094,,
2864601_0.377,member,fixed,stable_near_floor,23,plain_reversal_control,-0.0016703398331351902,0.013523433519446331,0.017994975282687644,0.03872966766357422,0.009513735715705206,,
2864601_0.377,member,fixed,unstable,977,stellarator_parity,0.00045271612848693787,0.0059680528748120845,0.011746634598774657,0.13265562057495117,0.005870763272722291,,
2864601_0.377,member,fixed,unstable,977,plain_reversal_control,0.015993731292755844,0.048141884584143806,0.06583149176742133,0.33288002014160156,0.03290143238958097,,
2864601_0.212,member,varied,all,1000,stellarator_parity,0.003506574332714081,0.02994113501906395,0.07011377612619787,1.1745493412017822,0.03397024387307268,0.27263159879299675,0.257174063595738
2864601_0.212,member,varied,all,1000,plain_reversal_control,-0.14983548450469972,0.31475467121601103,0.4950937948991741,3.120367556810379,0.23987378632265366,0.27263159879299675,1.815980968791105
2864601_0.212,member,varied,stable_near_floor,240,stellarator_parity,0.0004314061254262924,0.011094237739841143,0.037887955289669845,0.3132965564727783,0.019720768548537108,0.1775620916979101,0.21337862675175834
2864601_0.212,member,varied,stable_near_floor,240,plain_reversal_control,0.023589007183909418,0.08737606244782607,0.24029897443902462,1.6934520304203033,0.12507617318306158,0.1775620916979101,1.3533236297297626
2864601_0.212,member,varied,unstable,760,stellarator_parity,0.004477680082383909,0.035892786791450096,0.07755662010858252,1.1745493412017822,0.036808181593130776,0.3074521918164437,0.25225586993013105
2864601_0.212,member,varied,unstable,760,plain_reversal_control,-0.2046011134589973,0.3865584424059642,0.551623682795329,3.120367556810379,0.2617992462664722,0.3074521918164437,1.7941771029060076
2864601_0.212,member,fixed,all,1000,stellarator_parity,7.059860229492188e-05,0.0006363716125488281,0.0012055974784582321,0.011289596557617188,0.0006090803727749622,,
2864601_0.212,member,fixed,all,1000,plain_reversal_control,-0.0004419097900390625,0.005045658111572266,0.00734632321512364,0.05019950866699219,0.0037114388196258026,,
2864601_0.212,member,fixed,stable_near_floor,23,stellarator_parity,9.246494459069294e-05,0.0002362624458644701,0.0003188602501186452,0.0006961822509765625,0.00015999300943174075,,
2864601_0.212,member,fixed,stable_near_floor,23,plain_reversal_control,-0.00028651693592900813,0.002033482427182405,0.0037272706206646303,0.014833450317382812,0.0018702150655177444,,
2864601_0.212,member,fixed,unstable,977,stellarator_parity,7.008383681610639e-05,0.0006457907638627895,0.0012187241123116426,0.011289596557617188,0.00061581197063909,,
2864601_0.212,member,fixed,unstable,977,plain_reversal_control,-0.0004455679636772726,0.005116569105165886,0.00741025709068748,0.05019950866699219,0.00374434621901667,,
2864601_0.123,member,varied,all,1000,stellarator_parity,0.0021488138511776924,0.027314015187323095,0.057860213592556574,0.8132626488804817,0.027964811576357537,0.2747307477869817,0.2106069817762798
2864601_0.123,member,varied,all,1000,plain_reversal_control,-0.08049296996742487,0.30824395366758106,0.47813213769141194,3.323397994041443,0.23108928068080042,0.2747307477869817,1.7403663097155102
2864601_0.123,member,varied,stable_near_floor,240,stellarator_parity,0.001380813183883826,0.01246043040106694,0.03510588842663026,0.27255451679229736,0.018371860555083448,0.1672025314241571,0.2099602687089355
2864601_0.123,member,varied,stable_near_floor,240,plain_reversal_control,0.04202527018884818,0.11389749658604463,0.23513000298387435,1.040601722896099,0.12304988766098979,0.1672025314241571,1.4062586312607896
2864601_0.123,member,varied,unstable,760,stellarator_parity,0.002391340377691545,0.032004620909298724,0.06337049268143513,0.8132626488804817,0.029940678741242028,0.3120874945077334,0.2030536109157198
2864601_0.123,member,varied,unstable,760,plain_reversal_control,-0.11918294054309005,0.36961651906175047,0.5323009545219598,3.323397994041443,0.25149641731706907,0.3120874945077334,1.705614495581045
2864601_0.123,member,fixed,all,1000,stellarator_parity,0.000115181565284729,0.0035242375135421753,0.005743076979759319,0.03958749771118164,0.003185664185023987,,
2864601_0.123,member,fixed,all,1000,plain_reversal_control,-0.007236920833587647,0.03494737195968628,0.04618239006341303,0.20033442974090576,0.025617205989460393,,
2864601_0.123,member,fixed,stable_near_floor,23,stellarator_parity,0.0022532110628874407,0.006331008413563604,0.010380013559707111,0.03683662414550781,0.004872690357077471,,
2864601_0.123,member,fixed,stable_near_floor,23,plain_reversal_control,0.01503970830336861,0.024232164673183277,0.02846118108560097,0.05114936828613281,0.013360533859529632,,
2864601_0.123,member,fixed,unstable,977,stellarator_parity,6.484924343737756e-05,0.0034581620471138305,0.005587748471385967,0.03958749771118164,0.003114063188644818,,
2864601_0.123,member,fixed,unstable,977,plain_reversal_control,-0.007761345060967374,0.03519962351300211,0.04651831018099554,0.20033442974090576,0.02592474555259801,,
2864601_0.288,member,varied,all,1000,stellarator_parity,0.001886486828327179,0.027986682176589967,0.06872316013888215,1.1699813306331635,0.03346091269166718,0.2732333861553512,0.251518165865018
2864601_0.288,member,varied,all,1000,plain_reversal_control,-0.07024374227225781,0.3282031086832285,0.4965439188705255,2.76747465133667,0.24176438748346493,0.2732333861553512,1.817288603919755
2864601_0.288,member,varied,stable_near_floor,240,stellarator_parity,0.0030548731486002606,0.011519920825958253,0.03712017681559035,0.2935614585876465,0.019427139366063335,0.16988828672589876,0.218497564081512
2864601_0.288,member,varied,stable_near_floor,240,plain_reversal_control,0.03839410630365213,0.11510216258466244,0.28825437054942193,2.4843143224716187,0.15086021430772173,0.16988828672589876,1.6967289276069835
2864601_0.288,member,varied,unstable,760,stellarator_parity,0.0015175227271883112,0.03318671207678946,0.07602090201694768,1.1699813306331635,0.03625231404715338,0.3099903686280699,0.24523633541711246
2864601_0.288,member,varied,unstable,760,plain_reversal_control,-0.10455043129622936,0.395498144293302,0.5460553804253218,2.76747465133667,0.2603990562214508,0.3099903686280699,1.7615236977910287
2864601_0.288,member,fixed,all,1000,stellarator_parity,0.00017485237121582032,0.0037648558616638185,0.006102660775660556,0.049367666244506836,0.0029674925865610336,,
2864601_0.288,member,fixed,all,1000,plain_reversal_control,0.019474889755249022,0.052278326511383054,0.07072602697571319,0.29888296127319336,0.03439138573200919,,
2864601_0.288,member,fixed,stable_near_floor,23,stellarator_parity,0.004315148229184358,0.00440166307532269,0.005601595513972096,0.01519012451171875,0.002594643947118949,,
2864601_0.288,member,fixed,stable_near_floor,23,plain_reversal_control,0.004771833834440812,0.011734174645465353,0.014170149517893528,0.02744317054748535,0.006563575071542747,,
2864601_0.288,member,fixed,unstable,977,stellarator_parity,7.7383789093736e-05,0.0037498644943003033,0.00611396186298736,0.049367666244506836,0.002976566151806492,,
2864601_0.288,member,fixed,unstable,977,plain_reversal_control,0.01982102106147071,0.05323279477434734,0.07152064249270369,0.29888296127319336,0.034819635511304306,,
2864601_0.349,member,varied,all,1000,stellarator_parity,0.00037323464453220366,0.02666796503961086,0.053022225280492864,0.41970477998256683,0.025478057698227728,0.27703263677148704,0.19139342533215226
2864601_0.349,member,varied,all,1000,plain_reversal_control,-0.09006733153760434,0.3424632429331541,0.5474095533453686,3.376051604747772,0.26303935964425657,0.27703263677148704,1.9759749599355128
2864601_0.349,member,varied,stable_near_floor,240,stellarator_parity,0.0005092645684878031,0.008087793986002604,0.02744839044434343,0.32085442543029785,0.014336453278370449,0.1667303046657409,0.16462748328428753
2864601_0.349,member,varied,stable_near_floor,240,plain_reversal_control,0.05045728422701359,0.12203586585819721,0.3053212462796168,2.0967241525650024,0.15947105499891423,0.1667303046657409,1.8312282634624912
2864601_0.349,member,varied,unstable,760,stellarator_parity,0.00033027782644096175,0.032535387477592416,0.058832243448493214,0.41970477998256683,0.027608154186444276,0.3154999337491497,0.18647307702850435
2864601_0.349,member,varied,unstable,760,plain_reversal_control,-0.13444352598958895,0.41207188832524577,0.6040261451628679,3.376051604747772,0.2834508081083065,0.3154999337491497,1.9145048240901439
2864601_0.349,member,fixed,all,1000,stellarator_parity,-0.00031648898124694825,0.004097456455230713,0.0072500555451116755,0.09254062175750732,0.003363400093004926,,
2864601_0.349,member,fixed,all,1000,plain_reversal_control,-0.0015048352479934692,0.05344961392879486,0.08266896720647607,0.5380743741989136,0.03835126645041447,,
2864601_0.349,member,fixed,stable_near_floor,23,stellarator_parity,0.00035625955332880437,0.0006574547809103261,0.0011256666547158271,0.0038204193115234375,0.0004936617539685617,,
2864601_0.349,member,fixed,stable_near_floor,23,plain_reversal_control,0.0065709818964419155,0.009468990823496943,0.018011485039855498,0.07575416564941406,0.007898947045382847,,
2864601_0.349,member,fixed,unstable,977,stellarator_parity,-0.0003323264595429997,0.00417843909444194,0.007332863836149549,0.09254062175750732,0.003406591521090862,,
2864601_0.349,member,fixed,unstable,977,plain_reversal_control,-0.0016949517211992152,0.054484981719400645,0.0835907111289317,0.5380743741989136,0.03883331453257968,,
2864601_0.510,member,varied,all,1000,stellarator_parity,0.00031217271089553834,0.026026473343372346,0.051493663463498755,0.4543313980102539,0.024565111575275994,0.27429798950853185,0.18772891320042678
2864601_0.510,member,varied,all,1000,plain_reversal_control,-0.11308174395561219,0.33471845161914826,0.5477756934489593,3.746367633342743,0.2613170266538959,0.27429798950853185,1.9970095093676254
2864601_0.510,member,varied,stable_near_floor,240,stellarator_parity,-0.0005175140996774038,0.008777962376674017,0.03177687407021618,0.3967268466949463,0.01643405298486187,0.1549015519251726,0.20514238673067942
2864601_0.510,member,varied,stable_near_floor,240,plain_reversal_control,0.049258583784103395,0.10223309844732284,0.23158653754007089,1.3826481699943542,0.11976966079496867,0.1549015519251726,1.4950562771116849
2864601_0.510,member,varied,unstable,760,stellarator_parity,0.000574179072129099,0.031473371543382346,0.056303368165237545,0.4543313980102539,0.026248622328987302,0.31526612936057935,0.17858996867006188
2864601_0.510,member,varied,unstable,760,plain_reversal_control,-0.1643471106102592,0.4081348789365668,0.6147169358038925,3.746367633342743,0.2865809491147095,0.31526612936057935,1.9498350078096156
2864601_0.510,member,fixed,all,1000,stellarator_parity,0.00043707919120788573,0.004356038331985473,0.006785554019538301,0.04120159149169922,0.003198795784366891,,
2864601_0.510,member,fixed,all,1000,plain_reversal_control,0.016939468145370482,0.055598457574844364,0.07550332885670565,0.36927294731140137,0.03559322191777797,,
2864601_0.510,member,fixed,stable_near_floor,23,stellarator_parity,0.00025574020717454994,0.003876426945561948,0.005106246563410299,0.013994216918945312,0.0026001430596986597,,
2864601_0.510,member,fixed,stable_near_floor,23,plain_reversal_control,-0.012034633885259214,0.02621305507162343,0.038492695818147245,0.14409351348876953,0.019600799655432734,,
2864601_0.510,member,fixed,unstable,977,stellarator_parity,0.000441348174455344,0.004367329081102916,0.006820107471819746,0.04120159149169922,0.0032096889458849863,,
2864601_0.510,member,fixed,unstable,977,plain_reversal_control,0.0176215606189677,0.05629023265936236,0.07615822733971668,0.36927294731140137,0.035841696254862915,,
2864601_0.376,member,varied,all,1000,stellarator_parity,-0.003982570692896843,0.026378941670060156,0.053527792274035986,0.6004604995250702,0.025988768331688405,0.26806026493384505,0.19968566503971105
2864601_0.376,member,varied,all,1000,plain_reversal_control,-0.015597300544381142,0.2959874375909567,0.4480726293473949,2.6299999952316284,0.21754784318889878,0.26806026493384505,1.671536918975945
2864601_0.376,member,varied,stable_near_floor,240,stellarator_parity,-0.002310454348723094,0.012297658373912175,0.03195220566235209,0.26906585693359375,0.01670009241393192,0.1685416242353659,0.18958050159604076
2864601_0.376,member,varied,stable_near_floor,240,plain_reversal_control,0.03221503222982089,0.1349293015897274,0.2858884775164244,1.7262662649154663,0.14942204757488817,0.1685416242353659,1.6962485013030688
2864601_0.376,member,varied,unstable,760,stellarator_parity,-0.004510607433162238,0.030825662710948994,0.058716514740956016,0.6004604995250702,0.027910347441345122,0.3033739871103399,0.1935449881521987
2864601_0.376,member,varied,unstable,760,plain_reversal_control,-0.030695931946760728,0.3468479015913449,0.4882209217253816,2.6299999952316284,0.2320712599105349,0.3033739871103399,1.6093038377341533
2864601_0.376,member,fixed,all,1000,stellarator_parity,-8.948802947998047e-06,0.006301774024963379,0.011519957728755964,0.0998239517211914,0.005782158710926599,,
2864601_0.376,member,fixed,all,1000,plain_reversal_control,0.01998355531692505,0.07654896974563599,0.10051465678557317,0.36310744285583496,0.050450853379239095,,
2864601_0.376,member,fixed,stable_near_floor,23,stellarator_parity,-0.0009040003237516984,0.003655558047087296,0.005871478272361175,0.02246379852294922,0.0036112098075377214,,
2864601_0.376,member,fixed,stable_near_floor,23,plain_reversal_control,-0.03497144450312075,0.03584471992824389,0.04187663098626892,0.08077144622802734,0.025755915888527697,,
2864601_0.376,member,fixed,unstable,977,stellarator_parity,1.2122010745436045e-05,0.006364069795169264,0.011619897793341244,0.0998239517211914,0.0058095255019621215,,
2864601_0.376,member,fixed,unstable,977,plain_reversal_control,0.02127727588587188,0.07750720694706896,0.10148771664635166,0.36310744285583496,0.050740160410941995,,
2864601_0.305,member,varied,all,1000,stellarator_parity,-0.0007564925961196422,0.027751937340945006,0.05352979681260599,0.35175372287631035,0.025815248138997316,0.2720438790561672,0.1967689807920803
2864601_0.305,member,varied,all,1000,plain_reversal_control,-0.07518006213009358,0.2792186768427491,0.41589457744110025,1.913965031504631,0.20056907284537018,0.2720438790561672,1.5287775592820196
2864601_0.305,member,varied,stable_near_floor,240,stellarator_parity,0.0008428022420654695,0.011053783679381013,0.032198189960251394,0.28748464584350586,0.01683789320311526,0.16514148354408478,0.19497336023177989
2864601_0.305,member,varied,stable_near_floor,240,plain_reversal_control,0.0096443148329854,0.09145273783554633,0.20173886996047724,1.247871220111847,0.1054984007332427,0.16514148354408478,1.221612314670909
2864601_0.305,member,varied,unstable,760,stellarator_parity,-0.0012615330713359933,0.03302503849722837,0.05867647159129344,0.35175372287631035,0.027651865257856914,0.3100683742918118,0.18923720203748284
2864601_0.305,member,varied,unstable,760,plain_reversal_control,-0.10196670748685535,0.3385131838976553,0.4633979793873445,1.913965031504631,0.21838086270823667,0.3100683742918118,1.4945025607520717
2864601_0.305,member,fixed,all,1000,stellarator_parity,0.0004619072675704956,0.006265644431114197,0.010460793600805351,0.07498311996459961,0.0070137899484836565,,
2864601_0.305,member,fixed,all,1000,plain_reversal_control,-0.009482626974582672,0.07545242601633072,0.10473489298357871,0.474719762802124,0.07022302204750334,,
2864601_0.305,member,fixed,stable_near_floor,23,stellarator_parity,-0.0014539283254872198,0.0019279873889425526,0.0029058795402743458,0.008381128311157227,0.0020421654528337855,,
2864601_0.305,member,fixed,stable_near_floor,23,plain_reversal_control,0.0006139589392620584,0.011147747869076937,0.01550443518438458,0.04280877113342285,0.010896054519954918,,
2864601_0.305,member,fixed,unstable,977,stellarator_parity,0.0005070088219618236,0.006367759182362864,0.010573812674035772,0.07498311996459961,0.007082087712751305,,
2864601_0.305,member,fixed,unstable,977,plain_reversal_control,-0.00972031528166397,0.07696625160219238,0.1059338204000374,0.474719762802124,0.07095194807660259,,
2864601_0.496,member,varied,all,1000,stellarator_parity,-0.00038924048840999605,0.029487164236605166,0.0590536471671193,0.5674614906311035,0.028351037820697002,0.27474300792636747,0.21494140146760707
2864601_0.496,member,varied,all,1000,plain_reversal_control,-0.12293161444365978,0.32326589603722095,0.5017563654285961,2.9572491496801376,0.24088797856607508,0.27474300792636747,1.8262752861869715
2864601_0.496,member,varied,stable_near_floor,240,stellarator_parity,0.0005635191996892293,0.012113504608472188,0.04202588646850246,0.3473546504974365,0.021941925660276244,0.16043917946440456,0.26194279108630336
2864601_0.496,member,varied,stable_near_floor,240,plain_reversal_control,0.030951124802231788,0.09687009785945216,0.2493922852675928,1.3119986057281494,0.13020896031994922,0.16043917946440456,1.5544350581955177
2864601_0.496,member,varied,unstable,760,stellarator_parity,-0.000690111968862383,0.0349735830665419,0.06348902942642705,0.5674614906311035,0.02976313626623188,0.3141525302592876,0.20209618994322923
2864601_0.496,member,varied,unstable,760,plain_reversal_control,-0.17152616367920448,0.39475930598809533,0.5582306250672707,2.9572491496801376,0.26169393849554073,0.3141525302592876,1.7769413622310535
2864601_0.496,member,fixed,all,1000,stellarator_parity,-7.0098876953125e-05,0.0020875205993652344,0.003355484300381678,0.01859569549560547,0.0015208291452922845,,
2864601_0.496,member,fixed,all,1000,plain_reversal_control,-0.0014003257751464843,0.018261760711669923,0.02378613737052722,0.1363973617553711,0.010780754051779948,,
2864601_0.496,member,fixed,stable_near_floor,23,stellarator_parity,-0.002354995064113451,0.0024062446925951085,0.003515842470142534,0.011053085327148438,0.0014583854733311833,,
2864601_0.496,member,fixed,stable_near_floor,23,plain_reversal_control,0.006360883298127547,0.012003898620605469,0.014329776648001443,0.03149986267089844,0.005944048482547197,,
2864601_0.496,member,fixed,unstable,977,stellarator_parity,-1.6309099773301562e-05,0.0020800173709678064,0.003351616802251761,0.01859569549560547,0.0015225550553684087,,
2864601_0.496,member,fixed,unstable,977,plain_reversal_control,-0.0015830359170966406,0.018409079880650967,0.023963838620951094,0.1363973617553711,0.010886168017133928,,
2864601_0.261,member,varied,all,1000,stellarator_parity,-0.0006201313026249408,0.03194474295899272,0.06616831732781606,0.699607253074646,0.03196445176973176,0.2744052702115564,0.24113355139572468
2864601_0.261,member,varied,all,1000,plain_reversal_control,-0.07911794032156468,0.3215305836126208,0.5068761179531598,3.3641910552978516,0.2448606505326921,0.2744052702115564,1.8471806957729962
2864601_0.261,member,varied,stable_near_floor,240,stellarator_parity,0.0003573531284928322,0.010777950348953406,0.03338008123601187,0.2892972230911255,0.01736913704287913,0.15957244397145412,0.20918449580168882
2864601_0.261,member,varied,stable_near_floor,240,plain_reversal_control,0.03295261139671008,0.0998772135625283,0.2549770364817779,1.6667801439762115,0.1326758631330497,0.15957244397145412,1.5978763634615427
2864601_0.261,member,varied,unstable,760,stellarator_parity,-0.0009288105966621323,0.03862899325689987,0.07354582406475986,0.699607253074646,0.03477806451743995,0.31360879342343484,0.23451454680818923
2864601_0.261,member,varied,unstable,760,plain_reversal_control,-0.11450864086417775,0.3915263846810711,0.5634949791483908,3.3641910552978516,0.26646332391109095,0.31360879342343484,1.7968086066628859
2864601_0.261,member,fixed,all,1000,stellarator_parity,8.12530517578125e-06,0.00015024852752685547,0.0002441792485486198,0.0016260147094726562,0.00012104888898204519,,
2864601_0.261,member,fixed,all,1000,plain_reversal_control,0.00017318630218505858,0.0014908266067504882,0.00220022509474103,0.02001810073852539,0.0010907347975386429,,
2864601_0.261,member,fixed,stable_near_floor,23,stellarator_parity,-3.130539603855299e-06,0.0001521525175675102,0.00022760895512176032,0.00079345703125,0.00011237182176483986,,
2864601_0.261,member,fixed,stable_near_floor,23,plain_reversal_control,0.00098444067913553,0.0010661249575407608,0.0014448077354428082,0.004414558410644531,0.000713309708068333,,
2864601_0.261,member,fixed,unstable,977,stellarator_parity,8.390284121463584e-06,0.00015020370483398438,0.00024455581103656417,0.0016260147094726562,0.00012124733905981594,,
2864601_0.261,member,fixed,unstable,977,plain_reversal_control,0.0001540881950511171,0.0015008247008465208,0.0022149068503401685,0.02001810073852539,0.0010981197327956831,,
2864601_0.252,member,varied,all,1000,stellarator_parity,0.003393747590482235,0.029504663817584514,0.0635293463586075,0.8155229091644287,0.030748854446034903,0.2778112611427705,0.22867808200891837
2864601_0.252,member,varied,all,1000,plain_reversal_control,-0.1483293801918626,0.3384390319958329,0.520740398641968,2.9811681509017944,0.2520436875208396,0.2778112611427705,1.874439489961328
2864601_0.252,member,varied,stable_near_floor,240,stellarator_parity,0.0012068988134463629,0.011784482126434645,0.034751193788845475,0.3360764980316162,0.018013958069023468,0.16269921196397152,0.21359165400592633
2864601_0.252,member,varied,stable_near_floor,240,plain_reversal_control,0.010654443378249804,0.09335753309230009,0.26608759668060067,2.29987233877182,0.1379316877116932,0.16269921196397152,1.6354571940982954
2864601_0.252,member,varied,unstable,760,stellarator_parity,0.004084331414809353,0.035100510667421314,0.07020780186076885,0.8155229091644287,0.03331378326285638,0.3170199361959615,0.22146178787119197
2864601_0.252,member,varied,unstable,760,plain_reversal_control,-0.19853479816137176,0.415833189544317,0.5783118997656862,2.9811681509017944,0.2744104896679614,0.3170199361959615,1.8242130343758907
2864601_0.252,member,fixed,all,1000,stellarator_parity,-0.00022834014892578124,0.0033634090423583984,0.005766859979530037,0.045948028564453125,0.003979581441155044,,
2864601_0.252,member,fixed,all,1000,plain_reversal_control,0.006060968279838562,0.03587334144115448,0.052558677851483486,0.35643482208251953,0.03626957125573486,,
2864601_0.252,member,fixed,stable_near_floor,23,stellarator_parity,2.019301704738451e-05,0.0013030093649159307,0.0018796771412447994,0.0055294036865234375,0.001216107047732057,,
2864601_0.252,member,fixed,stable_near_floor,23,plain_reversal_control,-0.004380889560865319,0.01603537020475968,0.020446727374999474,0.053114891052246094,0.0132285533074717,,
2864601_0.252,member,fixed,unstable,977,stellarator_parity,-0.00023419098087806663,0.0034119138454097564,0.005827212723841263,0.045948028564453125,0.004027762033607644,,
2864601_0.252,member,fixed,unstable,977,plain_reversal_control,0.00630678478990631,0.03634035611713921,0.053081107078388784,0.35643482208251953,0.03668959379455466,,
2864601_0.208,member,varied,all,1000,stellarator_parity,-0.0044194448813796045,0.032952584590762855,0.0672982844488969,0.5733635425567627,0.032357640194944755,0.2748112506155922,0.24488911679614672
2864601_0.208,member,varied,all,1000,plain_reversal_control,-0.06870712885633111,0.32285396216437223,0.501891302931036,2.8019222021102905,0.2413139997579933,0.2748112506155922,1.826312793987772
2864601_0.208,member,varied,stable_near_floor,240,stellarator_parity,-0.0021925824383894604,0.00994650200009346,0.029967783185953722,0.24366474151611328,0.015686575240516674,0.16542527481203362,0.18115601270727802
2864601_0.208,member,varied,stable_near_floor,240,plain_reversal_control,0.047122461007287106,0.11538819313670198,0.2888672689402617,1.5405595898628235,0.15120698520262507,0.16542527481203362,1.7462099988559214
2864601_0.208,member,varied,unstable,760,stellarator_parity,-0.005122664600218597,0.04021766330360582,0.07533716112099134,0.5733635425567627,0.03536076310357969,0.3129055437236796,0.24076646333731952
2864601_0.208,member,varied,unstable,760,plain_reversal_control,-0.10528489407642107,0.3883694681731102,0.5523493461929254,2.8019222021102905,0.2592544514622419,0.3129055437236796,1.7652271021464983
2864601_0.208,member,fixed,all,1000,stellarator_parity,0.00015492081642150878,0.002186842203140259,0.004164118227733554,0.03737592697143555,0.0021764178515876753,,
2864601_0.208,member,fixed,all,1000,plain_reversal_control,-0.001901219129562378,0.019012039184570312,0.026230597150270936,0.14443397521972656,0.01370968276439325,,
2864601_0.208,member,fixed,stable_near_floor,23,stellarator_parity,0.002243643221647843,0.0024244267007578974,0.003594732174721334,0.009202003479003906,0.001986210434618409,,
2864601_0.208,member,fixed,stable_near_floor,23,plain_reversal_control,-0.020275613536005436,0.020275613536005436,0.022780571027795633,0.03782033920288086,0.01258703171272588,,
2864601_0.208,member,fixed,unstable,977,stellarator_parity,0.00010574925519304852,0.0021812491187541733,0.004176587315629367,0.03737592697143555,0.0021802366076692195,,
2864601_0.208,member,fixed,unstable,977,plain_reversal_control,-0.001468659179359522,0.018982292807822095,0.026306365137722013,0.14443397521972656,0.013732288098790105,,
2864601_0.230,member,varied,all,1000,stellarator_parity,-0.004198011830449104,0.028445642277598382,0.05758872684373455,0.47255420684814453,0.02764425229912952,0.2696980159568727,0.21353040599654813
2864601_0.230,member,varied,all,1000,plain_reversal_control,-0.12859700728952886,0.30193365494906904,0.47510902333825644,2.962643623352051,0.22806605442753788,0.2696980159568727,1.7616333648306517
2864601_0.230,member,varied,stable_near_floor,240,stellarator_parity,-0.0013922976950804392,0.011885369569063187,0.038992843745767246,0.38460350036621094,0.02046641189327392,0.18023280998924585,0.2163470887908471
2864601_0.230,member,varied,stable_near_floor,240,plain_reversal_control,-0.012711309020717938,0.09902826311687628,0.22224372364053308,1.2464708089828491,0.11665041971235661,0.18023280998924585,1.2330924855124543
2864601_0.230,member,varied,unstable,760,stellarator_parity,-0.0050840268205655246,0.033675202080293704,0.06231874150254771,0.47255420684814453,0.02917081806158543,0.3024859943141402,0.20602190737409135
2864601_0.230,member,varied,unstable,760,plain_reversal_control,-0.16519249095336386,0.3660090418434457,0.5304844342798055,2.962643623352051,0.24831478530815076,0.3024859943141402,1.7537487495334496
2864601_0.230,member,fixed,all,1000,stellarator_parity,-0.001962075591087341,0.00688636839389801,0.014394562345022408,0.152296781539917,0.010644774930140733,,
2864601_0.230,member,fixed,all,1000,plain_reversal_control,0.0002589619159698486,0.0691098403930664,0.0962385699505136,0.7668640613555908,0.07116839624346548,,
2864601_0.230,member,fixed,stable_near_floor,23,stellarator_parity,-0.013839016789975374,0.017997534378715183,0.023587302620364688,0.05940604209899902,0.01202759560526365,,
2864601_0.230,member,fixed,stable_near_floor,23,plain_reversal_control,0.02054100451262101,0.08213139616924783,0.1096442672304749,0.31246089935302734,0.05590961068795681,,
2864601_0.230,member,fixed,unstable,977,stellarator_parity,-0.0016824751329763642,0.00662479539732606,0.014106160071655743,0.152296781539917,0.010569652868095213,,
2864601_0.230,member,fixed,unstable,977,plain_reversal_control,-0.00021850684526144787,0.06880329404419008,0.09590040596503309,0.7668640613555908,0.07185754279058239,,
2864601_0.452,member,varied,all,1000,stellarator_parity,0.006352023728191852,0.03008597468584776,0.06184545523371272,0.5396974682807922,0.029893186607007995,0.2801002309694175,0.22079758741957362
2864601_0.452,member,varied,all,1000,plain_reversal_control,-0.0923658212274313,0.32449068969488143,0.49602664413090164,2.941086530685425,0.2397559687938097,0.2801002309694175,1.770889807602693
2864601_0.452,member,varied,stable_near_floor,240,stellarator_parity,-0.0007616362534463405,0.014506367997576793,0.05403753113305969,0.4618656635284424,0.028307739537259128,0.1598328893745384,0.33808768235699516
2864601_0.452,member,varied,stable_near_floor,240,plain_reversal_control,0.035385025199502707,0.11515313675627112,0.2939036337246988,2.1203168630599976,0.15396239128776248,0.1598328893745384,1.8388182487021851
2864601_0.452,member,varied,unstable,760,stellarator_parity,0.008598442669761808,0.03500585048214385,0.06411387061556992,0.5396974682807922,0.030286930109709884,0.3206613658998348,0.19994261059686627
2864601_0.452,member,varied,unstable,760,plain_reversal_control,-0.1327081937833052,0.3905972853597057,0.5444835658771003,2.941086530685425,0.2572101098759838,0.3206613658998348,1.6980017669081502
2864601_0.452,member,fixed,all,1000,stellarator_parity,-0.0005030945539474487,0.003011183142662048,0.0048099582890315275,0.030877113342285156,0.00232067656837269,,
2864601_0.452,member,fixed,all,1000,plain_reversal_control,0.01734378218650818,0.035671151876449585,0.04815402656436881,0.23860132694244385,0.023233033304167656,,
2864601_0.452,member,fixed,stable_near_floor,23,stellarator_parity,0.0005740704743758491,0.0013216682102369225,0.002200648419065505,0.0070648193359375,0.0010779508925985578,,
2864601_0.452,member,fixed,stable_near_floor,23,plain_reversal_control,-0.002994791321132494,0.009003437083700428,0.018048428293421438,0.07879078388214111,0.008840721316654622,,
2864601_0.452,member,fixed,unstable,977,stellarator_parity,-0.0005284525842969225,0.0030509567797611047,0.004854517371213528,0.030877113342285156,0.0023413533155981427,,
2864601_0.452,member,fixed,unstable,977,plain_reversal_control,0.017822581767547824,0.03629894864229731,0.04863876961557081,0.23860132694244385,0.023458674837857914,,
2864601_0.498,member,varied,all,1000,stellarator_parity,0.008180370539426803,0.02832551321387291,0.0593079078949022,0.5751324892044067,0.028817763149143076,0.2645824552613693,0.22415661626661731
2864601_0.498,member,varied,all,1000,plain_reversal_control,-0.07304535845667123,0.2519590409770608,0.37172818353287296,1.8641523122787476,0.18062304217330685,0.2645824552613693,1.4049615767820247
2864601_0.498,member,varied,stable_near_floor,240,stellarator_parity,0.002825356150666873,0.01004745475947857,0.026842655234993924,0.1580263376235962,0.014106615204066829,0.15241709876439746,0.17611314906660588
2864601_0.498,member,varied,stable_near_floor,240,plain_reversal_control,0.02688460610806942,0.10536678992211819,0.24794279996008883,1.8382567167282104,0.1303013297692001,0.15241709876439746,1.6267387449970598
2864601_0.498,member,varied,unstable,760,stellarator_parity,0.009871427714824677,0.03409753167315533,0.06633746644455493,0.5751324892044067,0.031519256096230894,0.3030426385932673,0.21890472823393886
2864601_0.498,member,varied,unstable,760,plain_reversal_control,-0.10460218937185249,0.29825133078388477,0.40299485882210645,1.8641523122787476,0.19147698640699273,0.3030426385932673,1.3298289002921182
2864601_0.498,member,fixed,all,1000,stellarator_parity,-0.0002748606204986572,0.006090266227722168,0.009597424271431539,0.06424140930175781,0.005193768175929109,,
2864601_0.498,member,fixed,all,1000,plain_reversal_control,-0.016996647000312805,0.051114327549934384,0.07237553821464465,0.5207881927490234,0.03916694276128875,,
2864601_0.498,member,fixed,stable_near_floor,23,stellarator_parity,-0.003861862680186396,0.005184857741646145,0.007623262236338249,0.024597644805908203,0.003859426833677301,,
2864601_0.498,member,fixed,stable_near_floor,23,plain_reversal_control,-0.009084489034569782,0.015595182128574537,0.020427786878991397,0.0571141242980957,0.010341969932191417,,
2864601_0.498,member,fixed,unstable,977,stellarator_parity,-0.00019041737856127954,0.006111580859431225,0.00963902888853615,0.06424140930175781,0.005225060322006893,,
2864601_0.498,member,fixed,unstable,977,plain_reversal_control,-0.017182910698585158,0.05195049985770437,0.07315538319895798,0.5207881927490234,0.03965558092150659,,
2864601_0.271,member,varied,all,1000,stellarator_parity,-0.0044015621840953825,0.02922369810193777,0.06104763460035214,0.4944190979003906,0.029303053481151125,0.2784348826176084,0.21925282502836607
2864601_0.271,member,varied,all,1000,plain_reversal_control,-0.07782417174428702,0.3200515812560916,0.4778684457334359,2.369649648666382,0.22937833241127176,0.2784348826176084,1.716266443489129
2864601_0.271,member,varied,stable_near_floor,240,stellarator_parity,-0.0025275781750679015,0.012587957084178925,0.04208221240656095,0.36140894889831543,0.02204162370533784,0.15939691542762055,0.2640089508235796
2864601_0.271,member,varied,stable_near_floor,240,plain_reversal_control,0.02627575509250164,0.10320759527385234,0.24861713530895502,1.5295231640338898,0.13021951627060094,0.15939691542762055,1.5597361758348949
2864601_0.271,member,varied,unstable,760,stellarator_parity,-0.004993346607998798,0.03447709000228267,0.06591256834516597,0.4944190979003906,0.030867293127958752,0.3196349133852895,0.20621204250523983
2864601_0.271,member,varied,unstable,760,plain_reversal_control,-0.11069783285064133,0.38852862946100925,0.5300493227236825,2.369649648666382,0.24822561504672178,0.3196349133852895,1.6582960763261756
2864601_0.271,member,fixed,all,1000,stellarator_parity,0.00040843009948730467,0.004203275680541992,0.006755523019403411,0.050635337829589844,0.0034731066833495923,,
2864601_0.271,member,fixed,all,1000,plain_reversal_control,0.002486262798309326,0.05149028158187866,0.06806321675572222,0.4282665252685547,0.0349922296653571,,
2864601_0.271,member,fixed,stable_near_floor,23,stellarator_parity,0.0007008676943571671,0.0037940066793690557,0.005337700249017088,0.012453079223632812,0.0032152057720540366,,
2864601_0.271,member,fixed,stable_near_floor,23,plain_reversal_control,-0.0016656129256538723,0.01479940829069718,0.01857289053543844,0.04179668426513672,0.011187526850026061,,
2864601_0.271,member,fixed,unstable,977,stellarator_parity,0.0004015456934668269,0.004212910467672982,0.006785332279269708,0.050635337829589844,0.003477335628546908,,
2864601_0.271,member,fixed,unstable,977,plain_reversal_control,0.0025840039873074364,0.05235403806672736,0.0688007192505062,0.4282665252685547,0.035258876422362556,,
2864601_0.450,member,varied,all,1000,stellarator_parity,0.0004193684458732605,0.02952497887611389,0.066447122257323,0.786372184753418,0.03207631810562182,0.2674095908773171,0.24848443931768996
2864601_0.450,member,varied,all,1000,plain_reversal_control,-0.13021391686797143,0.3016889570057392,0.48839500334919983,3.855498790740967,0.23576511602650574,0.2674095908773171,1.8263929941587886
2864601_0.450,member,varied,stable_near_floor,240,stellarator_parity,0.0009571954607963562,0.012234510978062947,0.034168928286350035,0.2618269920349121,0.01776441388014644,0.16982887309614314,0.2011962257266254
2864601_0.450,member,varied,stable_near_floor,240,plain_reversal_control,0.014223053182164828,0.10213164202868938,0.25707527447194156,1.6410827338695526,0.13365334539614984,0.16982887309614314,1.5137312624479742
2864601_0.450,member,varied,unstable,760,stellarator_parity,0.00024952833589754605,0.034985126633393135,0.07376185273017209,0.786372184753418,0.034856732483112905,0.3018382360439468,0.24437544327363675
2864601_0.450,member,varied,unstable,760,plain_reversal_control,-0.17582559162064604,0.364707056472176,0.5412809272526692,3.855498790740967,0.2557864774421531,0.3018382360439468,1.7932815084894025
2864601_0.450,member,fixed,all,1000,stellarator_parity,-0.00039266884326934816,0.004248776555061341,0.008040795838112921,0.06392562389373779,0.0039287322585099625,,
2864601_0.450,member,fixed,all,1000,plain_reversal_control,0.003245128870010376,0.032615314245224,0.04847297531262687,0.2937678098678589,0.02368389219311003,,
2864601_0.450,member,fixed,stable_near_floor,23,stellarator_parity,0.0008605044821034307,0.0027418136596679688,0.004259564022789124,0.01345062255859375,0.0020322433681415546,,
2864601_0.450,member,fixed,stable_near_floor,23,plain_reversal_control,0.007046036098314368,0.014380703801694124,0.017930136759788846,0.040256500244140625,0.008554490864558586,,
2864601_0.450,member,fixed,unstable,977,stellarator_parity,-0.0004221703647469059,0.004284252651882269,0.008108595609814131,0.06392562389373779,0.0039641361309117745,,
2864601_0.450,member,fixed,unstable,977,plain_reversal_control,0.0031556499895078255,0.03304458347777383,0.0489629930456158,0.2937678098678589,0.023937063722204378,,
2864601_0.46,member,varied,all,1000,stellarator_parity,-0.006753983348608017,0.02843894901871681,0.06162636029698638,0.5454831123352051,0.02969192268689503,0.2807067554087918,0.2195399972018494
2864601_0.46,member,varied,all,1000,plain_reversal_control,-0.18806136786937713,0.3339186490774155,0.5437689708658372,2.7679332196712494,0.2619909104589851,0.2807067554087918,1.9371424463011202
2864601_0.46,member,varied,stable_near_floor,240,stellarator_parity,-0.003187963863213857,0.014701651036739349,0.05792161372650564,0.5454831123352051,0.030330127861483612,0.17106614082180888,0.3385919238503177
2864601_0.46,member,varied,stable_near_floor,240,plain_reversal_control,-0.01615143766005834,0.07255404740571976,0.18260895026877347,1.1305559873580933,0.09562152112085737,0.17106614082180888,1.0674757108070156
2864601_0.46,member,varied,unstable,760,stellarator_parity,-0.007880094765048277,0.03277704311828864,0.0627508553375357,0.5371627807617188,0.029526977377892394,0.31979848636062574,0.19621998856734338
2864601_0.46,member,varied,unstable,760,plain_reversal_control,-0.24234871425126728,0.4164548390790036,0.6152466843556893,2.7679332196712494,0.2895000368214447,0.31979848636062574,1.9238573995684796
2864601_0.46,member,fixed,all,1000,stellarator_parity,0.0003665132522583008,0.0023086481094360353,0.004431024912462062,0.04376983642578125,0.0022561939186827814,,
2864601_0.46,member,fixed,all,1000,plain_reversal_control,0.00032376861572265623,0.019997167587280273,0.02986250883541482,0.25562477111816406,0.01520542361239785,,
2864601_0.46,member,fixed,stable_near_floor,23,stellarator_parity,0.002160694288170856,0.002550954404084579,0.0038533204507327744,0.010859489440917969,0.002200299303139672,,
2864601_0.46,member,fixed,stable_near_floor,23,plain_reversal_control,-0.007573459459387738,0.013589983401091202,0.017602590987484342,0.0384674072265625,0.01005132305460064,,
2864601_0.46,member,fixed,unstable,977,stellarator_parity,0.0003242756229584146,0.0023029438670850457,0.004443720163783145,0.04376983642578125,0.002257222060525478,,
2864601_0.46,member,fixed,unstable,977,plain_reversal_control,0.0005096808426699838,0.020148002015409595,0.030091005877604958,0.25562477111816406,0.015284959400437698,,
2864601_0.308,member,varied,all,1000,stellarator_parity,0.002839342303574085,0.027402405329048633,0.05175074141429954,0.4141780138015747,0.02488692449533753,0.270965279481907,0.19098661464394392
2864601_0.308,member,varied,all,1000,plain_reversal_control,-0.1128102950155735,0.31352146351337434,0.4862179101092496,2.5237021446228027,0.233822126726597,0.270965279481907,1.7943919274045421
2864601_0.308,member,varied,stable_near_floor,240,stellarator_parity,0.001713790682454904,0.010965765702227752,0.03864245068520598,0.3472774028778076,0.020161533576607046,0.17056872990426006,0.22655061515024424
2864601_0.308,member,varied,stable_near_floor,240,plain_reversal_control,0.0366518484428525,0.11599969584494829,0.3012832707687094,1.6711127907037735,0.1571932595361724,0.17056872990426006,1.7663452787496232
2864601_0.308,member,varied,unstable,760,stellarator_parity,0.0031947796576117216,0.03259292310593944,0.05524778964546955,0.4141780138015747,0.025959163354306185,0.30681576089422485,0.18006829076983533
2864601_0.308,member,varied,unstable,760,plain_reversal_control,-0.1600088666340238,0.3758967585665615,0.5314115635344581,2.5237021446228027,0.24969323976003577,0.30681576089422485,1.7320217253039452
2864601_0.308,member,fixed,all,1000,stellarator_parity,0.00012443137168884278,0.0028995392322540285,0.004944037740414062,0.03583526611328125,0.0023629447361266415,,
2864601_0.308,member,fixed,all,1000,plain_reversal_control,0.0013278083801269531,0.029831501483917236,0.050371440807018115,0.5135483741760254,0.024074438172895073,,
2864601_0.308,member,fixed,stable_near_floor,23,stellarator_parity,-0.0003321689108143682,0.001954203066618546,0.002609118857468485,0.005940437316894531,0.0012170388076058543,,
2864601_0.308,member,fixed,stable_near_floor,23,plain_reversal_control,-0.005355441051980723,0.009074563565461533,0.011022702920427516,0.02043437957763672,0.005141604484774881,,
2864601_0.308,member,fixed,unstable,977,stellarator_parity,0.0001351804059749982,0.002921793819571957,0.004985848617722655,0.03583526611328125,0.002384326891383602,,
2864601_0.308,member,fixed,unstable,977,plain_reversal_control,0.001485141785386397,0.03032014997125038,0.05093282900108445,0.5135483741760254,0.0243570399249301,,
2864601_0.163,member,varied,all,1000,stellarator_parity,0.002614236369729042,0.025885076746344566,0.05888373892439252,0.7994598746299744,0.028469595215788537,0.27274926637423014,0.2158896326547772
2864601_0.163,member,varied,all,1000,plain_reversal_control,-0.05833485367894173,0.2938094337582588,0.43550286199853266,2.3573684692382812,0.21056051166070802,0.27274926637423014,1.5967150628408795
2864601_0.163,member,varied,stable_near_floor,240,stellarator_parity,0.00018699833502372105,0.012835283763706684,0.052706275705883175,0.507814884185791,0.027635230369634944,0.16718177030128412,0.31526329462177216
2864601_0.163,member,varied,stable_near_floor,240,plain_reversal_control,0.029384943222006164,0.10712281602124372,0.23728886581096587,1.2417715787887573,0.12441654021294224,0.16718177030128412,1.419346531522781
2864601_0.163,member,varied,unstable,760,stellarator_parity,0.003380732591214933,0.030006064004019686,0.06070405290821893,0.7994598746299744,0.02867961165659818,0.3099698348882521,0.1958385819384763
2864601_0.163,member,varied,unstable,760,plain_reversal_control,-0.0860358421739779,0.35276310251731624,0.4814305729689871,2.3573684692382812,0.22745173033569704,0.3099698348882521,1.5531529806522906
2864601_0.163,member,fixed,all,1000,stellarator_parity,-0.00038207530975341796,0.0022490854263305664,0.005101664533677567,0.08356857299804688,0.0020930894688584605,,
2864601_0.163,member,fixed,all,1000,plain_reversal_control,0.003923964619636536,0.02523693025112152,0.0534335849743971,0.9358550310134888,0.02192250651820941,,
2864601_0.163,member,fixed,stable_near_floor,23,stellarator_parity,0.001500751661217731,0.00307439721148947,0.00515666402220349,0.01994609832763672,0.002259358382987767,,
2864601_0.163,member,fixed,stable_near_floor,23,plain_reversal_control,-0.0022591300632642665,0.010091781616210938,0.013957655510979912,0.03765678405761719,0.006115454846350942,,
2864601_0.163,member,fixed,unstable,977,stellarator_parity,-0.0004263997932051441,0.0022296563873759555,0.005100362620410913,0.08356857299804688,0.0020895283082323483,,
2864601_0.163,member,fixed,unstable,977,plain_reversal_control,0.0040695236551603,0.02559346906238349,0.0540164426976268,0.9358550310134888,0.022129580684129544,,
2864601_0.246,member,varied,all,1000,stellarator_parity,-0.0047167625948786734,0.034169758297502996,0.06539668518414093,0.5110942125320435,0.03158322623171701,0.2657287874423779,0.24610312572295887
2864601_0.246,member,varied,all,1000,plain_reversal_control,-0.11253316554427147,0.3189541676491499,0.5242611991753986,3.3516476154327393,0.2531911214069185,0.2657287874423779,1.9729183436291498
2864601_0.246,member,varied,stable_near_floor,240,stellarator_parity,-0.004830373357981444,0.015392799209803344,0.043415076419470504,0.3551328182220459,0.02273446765783096,0.15202579450407963,0.2855770401404181
2864601_0.246,member,varied,stable_near_floor,240,plain_reversal_control,0.019432288439323504,0.08742808752382795,0.20699433711942805,1.3269726932048798,0.10839336126298564,0.15202579450407963,1.3615737894655326
2864601_0.246,member,varied,unstable,760,stellarator_parity,-0.0046808855117935885,0.040099324325197624,0.07093694296374485,0.5110942125320435,0.03347813025699282,0.3047691242072452,0.23275633038045945
2864601_0.246,member,varied,unstable,760,plain_reversal_control,-0.15420646680224884,0.39206766663609366,0.5900118281786528,3.3516476154327393,0.2784514247678631,0.3047691242072452,1.9359304513322042
2864601_0.246,member,fixed,all,1000,stellarator_parity,-0.0013842451572418212,0.005197510242462158,0.009857141199789924,0.12584853172302246,0.004466606700201518,,
2864601_0.246,member,fixed,all,1000,plain_reversal_control,-0.00647231924533844,0.03963667929172516,0.051745655096868313,0.2432842254638672,0.02344772029510084,,
2864601_0.246,member,fixed,stable_near_floor,23,stellarator_parity,-0.006185811498890753,0.006604163543037746,0.009124888536734323,0.022618532180786133,0.003283319668011469,,
2864601_0.246,member,fixed,stable_near_floor,23,plain_reversal_control,0.04352402687072754,0.04640710872152577,0.053098416005092346,0.09828495979309082,0.019105885283741592,,
2864601_0.246,member,fixed,unstable,977,stellarator_parity,-0.0012712093068242927,0.0051643955792961,0.009873725254598271,0.12584853172302246,0.004505301316853906,,
2864601_0.246,member,fixed,unstable,977,plain_reversal_control,-0.007649305899043166,0.0394772935426101,0.05171338280878015,0.2432842254638672,0.02359640010834459,,
2864601_0.438,member,varied,all,1000,stellarator_parity,0.007965461060404777,0.02943761518597603,0.07281223607801543,1.2605558037757874,0.035228736086736795,0.2795146396020435,0.2604952505589017
2864601_0.438,member,varied,all,1000,plain_reversal_control,-0.05398079553991556,0.26851045291870834,0.4149970771887386,1.9493622779846191,0.2007879897189896,0.2795146396020435,1.4847060525330158
2864601_0.438,member,varied,stable_near_floor,240,stellarator_parity,0.00504306306441625,0.012690896292527516,0.045987164589446086,0.41361916065216064,0.024132562713689753,0.182364662732554,0.25217146732472145
2864601_0.438,member,varied,stable_near_floor,240,plain_reversal_control,0.016315550388147432,0.11854572522764405,0.3189907577962325,1.850517213344574,0.1673959361558829,0.182364662732554,1.7491917184857617
2864601_0.438,member,varied,unstable,760,stellarator_parity,0.008888323585453786,0.03472605273127556,0.07942279509228657,1.2605558037757874,0.03754847743036879,0.31414046707182053,0.2528257369469324
2864601_0.438,member,varied,unstable,760,plain_reversal_control,-0.07617964162246177,0.3158677353474655,0.44099371821062483,1.9493622779846191,0.20848728196892946,0.31414046707182053,1.4038106020572079
2864601_0.438,member,fixed,all,1000,stellarator_parity,1.984596252441406e-05,0.00028977036476135254,0.0007079351732401168,0.009843826293945312,0.0003511125536004949,,
2864601_0.438,member,fixed,all,1000,plain_reversal_control,0.0004550174474716187,0.0026337734460830688,0.004689710457261117,0.03939712047576904,0.002325942086984563,,
2864601_0.438,member,fixed,stable_near_floor,23,stellarator_parity,0.00019736911939538044,0.0002153438070546026,0.00031228347662498455,0.0008831024169921875,0.000153334202723292,,
2864601_0.438,member,fixed,stable_near_floor,23,plain_reversal_control,0.001683763835741126,0.002271869908208432,0.0034724545216260803,0.013347148895263672,0.001705008703376996,,
2864601_0.438,member,fixed,unstable,977,stellarator_parity,1.5666809394391312e-05,0.00029152247410347664,0.0007146151036553163,0.009843826293945312,0.00035451027638221,,
2864601_0.438,member,fixed,unstable,977,plain_reversal_control,0.0004260909715962874,0.0026422931813656855,0.004714581525406899,0.03939712047576904,0.0023388360965914032,,
2864601_0.362,member,varied,all,1000,stellarator_parity,0.0032249721959233283,0.029490395329892637,0.059771486932190976,0.5792585015296936,0.02889495687864453,0.26881234132386816,0.22235395383196938
2864601_0.362,member,varied,all,1000,plain_reversal_control,-0.13965703930705786,0.34316442810744047,0.5401667518914859,3.249992847442627,0.2611294415494277,0.26881234132386816,2.009456668660487
2864601_0.362,member,varied,stable_near_floor,240,stellarator_parity,0.0030055717875560124,0.011438441649079322,0.03536906864506344,0.22439074516296387,0.018545709303952725,0.15380725941992468,0.22995708250999247
2864601_0.362,member,varied,stable_near_floor,240,plain_reversal_control,0.014136457908898592,0.1141342212446034,0.2834086835886973,1.788556456565857,0.14860484772152727,0.15380725941992468,1.842622283613641
2864601_0.362,member,varied,unstable,760,stellarator_parity,0.003294256535407744,0.03519101228172842,0.0656184907152548,0.5792585015296936,0.030995893346064955,0.3077868135621028,0.21319461336187107
2864601_0.362,member,varied,unstable,760,plain_reversal_control,-0.18822340684893885,0.41548975659044163,0.5987961653282307,3.249992847442627,0.28285048732813467,0.3077868135621028,1.945489991589293
2864601_0.362,member,fixed,all,1000,stellarator_parity,0.00013899314403533936,0.0017620285749435425,0.002833597841881634,0.0167161226272583,0.0014127317579516938,,
2864601_0.362,member,fixed,all,1000,plain_reversal_control,-0.011942542433738709,0.022957064270973205,0.031082198809090612,0.15326988697052002,0.01549648602760507,,
2864601_0.362,member,fixed,stable_near_floor,23,stellarator_parity,0.0009319471276324729,0.0011334626570991848,0.0015184650211931192,0.0035772323608398438,0.0007117604360344241,,
2864601_0.362,member,fixed,stable_near_floor,23,plain_reversal_control,0.013156973797342052,0.01420419112495754,0.018108960579578733,0.04452323913574219,0.008488336246378306,,
2864601_0.362,member,fixed,unstable,977,stellarator_parity,0.00012032585475925536,0.0017768259302254465,0.002857274434940354,0.0167161226272583,0.0014267431146555525,,
2864601_0.362,member,fixed,unstable,977,plain_reversal_control,-0.012533421526179709,0.023163119626508886,0.03132293887680076,0.15326988697052002,0.015640705291294535,,
2864601_0.136,member,varied,all,1000,stellarator_parity,-0.0031310504674911498,0.032759445190429684,0.07259571235282627,0.7708001136779785,0.035128583492367645,0.26929895605235465,0.2695729438279474
2864601_0.136,member,varied,all,1000,plain_reversal_control,-0.10082360069453716,0.35697134740650655,0.556254070779306,3.2588815689086914,0.2691676537778265,0.26929895605235465,2.0655634129943086
2864601_0.136,member,varied,stable_near_floor,240,stellarator_parity,-0.0010160921762386959,0.013300459459424019,0.05114615458222304,0.6072736978530884,0.026628662974591814,0.16098403389660915,0.31770948549513484
2864601_0.136,member,varied,stable_near_floor,240,plain_reversal_control,0.032453663647174835,0.10687735726435979,0.3066260014294747,2.3373498916625977,0.1596413360497316,0.16098403389660915,1.9046982114164384
2864601_0.136,member,varied,unstable,760,stellarator_parity,-0.00379893203314982,0.03890438805285253,0.0781556683902694,0.7708001136779785,0.03703118015487724,0.3070841399892657,0.254508970710768
2864601_0.136,member,varied,unstable,760,plain_reversal_control,-0.1429111578550778,0.4359483969250792,0.6143609325293347,3.2588815689086914,0.2910922629310488,0.3070841399892657,2.000627360796979
2864601_0.136,member,fixed,all,1000,stellarator_parity,9.021055698394775e-05,0.0031515818834304808,0.0051234661168024186,0.026700973510742188,0.0027630642127461362,,
2864601_0.136,member,fixed,all,1000,plain_reversal_control,0.0015317263603210449,0.028868017196655275,0.03809482008331224,0.1525712013244629,0.020544379852148836,,
2864601_0.136,member,fixed,stable_near_floor,23,stellarator_parity,-0.00034215139306109887,0.0007486239723537279,0.0011157665857992518,0.003620624542236328,0.0005720768017763167,,
2864601_0.136,member,fixed,stable_near_floor,23,plain_reversal_control,0.0018548032511835513,0.005855010903399923,0.010632738632841211,0.04340696334838867,0.005451626880224293,,
2864601_0.136,member,fixed,unstable,977,stellarator_parity,0.00010038898569534599,0.0032081510051856143,0.005180594404718772,0.026700973510742188,0.002797377237299054,,
2864601_0.136,member,fixed,unstable,977,plain_reversal_control,0.0015241206607408632,0.029409776812566096,0.0385060716366542,0.1525712013244629,0.020792210290786223,,
2864601_0.250,member,varied,all,1000,stellarator_parity,-0.002393155366182327,0.031432367831468584,0.06357631972684218,0.5232967138290405,0.030658087526736967,0.2687217784498838,0.23658789434031324
2864601_0.250,member,varied,all,1000,plain_reversal_control,-0.08742513558268547,0.31759215077757835,0.5018537617610062,3.8483307361602783,0.24200640458266642,0.2687217784498838,1.8675589476072223
2864601_0.250,member,varied,stable_near_floor,240,stellarator_parity,0.0008614106724659601,0.017304848258694012,0.06105924620606238,0.5232967138290405,0.03212539373308787,0.17541143162597758,0.34809160178486226
2864601_0.250,member,varied,stable_near_floor,240,plain_reversal_control,0.05871167108416557,0.10846179450551668,0.2960440744099074,2.3258925676345825,0.15575908717689946,0.17541143162597758,1.687712549095145
2864601_0.250,member,varied,unstable,760,stellarator_parity,-0.003420913062597576,0.035893689801818444,0.0643507336345234,0.45549845695495605,0.03027631366153096,0.3028379237616835,0.21249232208170804
2864601_0.250,member,varied,unstable,760,plain_reversal_control,-0.13357360084590159,0.38363331591612415,0.551103075222895,3.8483307361602783,0.2592879462734074,0.3028379237616835,1.8197954482628877
2864601_0.250,member,fixed,all,1000,stellarator_parity,-8.400821685791015e-05,0.002071707725524902,0.005784862228835629,0.05881023406982422,0.002946954736430323,,
2864601_0.250,member,fixed,all,1000,plain_reversal_control,-0.0013642473220825196,0.016270594596862795,0.03306897507464301,0.18566608428955078,0.016846170033116014,,
2864601_0.250,member,fixed,stable_near_floor,23,stellarator_parity,0.0006139174751613451,0.0006923675537109375,0.001072938245036216,0.0030155181884765625,0.0005618764803592478,,
2864601_0.250,member,fixed,stable_near_floor,23,plain_reversal_control,-0.0064558775528617525,0.0068355228589928665,0.019974537344006386,0.09436225891113281,0.010460269071008685,,
2864601_0.250,member,fixed,unstable,977,stellarator_parity,-0.00010043840203338905,0.002104179397942222,0.005850242407003234,0.05881023406982422,0.0029783790296146967,,
2864601_0.250,member,fixed,unstable,977,plain_reversal_control,-0.0012443829461276348,0.01649270989877785,0.03331528803425571,0.18566608428955078,0.01696093056383771,,
2864601_0.247,member,varied,all,1000,stellarator_parity,0.0020088788494467737,0.031349182240664956,0.06651302729571573,0.7492316961288452,0.0321521251851347,0.27878907720349444,0.23857831147081265
2864601_0.247,member,varied,all,1000,plain_reversal_control,-0.11448084921762347,0.35794891690090297,0.5643561495628305,3.881684359163046,0.27280745302828063,0.27878907720349444,2.024312269418268
2864601_0.247,member,varied,stable_near_floor,240,stellarator_parity,-0.004097982371846835,0.012496716901659965,0.04680727329920691,0.4703042507171631,0.02447131744632268,0.16774709364197105,0.2790347795778176
2864601_0.247,member,varied,stable_near_floor,240,plain_reversal_control,0.0067755247311045725,0.09369757164580127,0.26263477674858055,2.256201058626175,0.13730812630710318,0.16774709364197105,1.5656591780310176
2864601_0.247,member,varied,unstable,760,stellarator_parity,0.003937361340381597,0.03730259234771917,0.07161815595987837,0.7492316961288452,0.03385304588867124,0.3176681023110277,0.22544962946817143
2864601_0.247,member,varied,unstable,760,plain_reversal_control,-0.15277233572774812,0.44139671013935616,0.6303125554244347,3.881684359163046,0.29794120746341046,0.3176681023110277,1.9841858557372496
2864601_0.247,member,fixed,all,1000,stellarator_parity,3.998100757598877e-05,0.0006779874563217163,0.0012102466089888744,0.011923789978027344,0.0005938092358438974,,
2864601_0.247,member,fixed,all,1000,plain_reversal_control,0.0005520924329757691,0.006587476372718811,0.010177949299542622,0.13280963897705078,0.004993825432874974,,
2864601_0.247,member,fixed,stable_near_floor,23,stellarator_parity,0.00035688151483950406,0.0007293120674465014,0.0009863293465873614,0.0031061172485351562,0.0004791913249551013,,
2864601_0.247,member,fixed,stable_near_floor,23,plain_reversal_control,-0.008695789005445398,0.010059377421503481,0.012955917812071263,0.030031204223632812,0.00629441214930528,,
2864601_0.247,member,fixed,unstable,977,stellarator_parity,3.252070904266139e-05,0.0006767792003791677,0.001215020883954136,0.011923789978027344,0.0005962916711554496,,
2864601_0.247,member,fixed,unstable,977,plain_reversal_control,0.0007698010031740155,0.006505742775869223,0.01010335374043886,0.13280963897705078,0.004958388588807467,,
2864601_0.382,member,varied,all,1000,stellarator_parity,7.95353204011917e-05,0.03357334794104099,0.07471066477828904,0.7486304640769958,0.036269257334665475,0.2702442060632876,0.27645612043498463
2864601_0.382,member,varied,all,1000,plain_reversal_control,-0.030289150670170784,0.32464856357872485,0.5143399005579519,2.9014850854873657,0.2496929490077791,0.2702442060632876,1.9032411760106351
2864601_0.382,member,varied,stable_near_floor,240,stellarator_parity,0.001949948693315188,0.010793027654290199,0.03638317745166881,0.3130754232406616,0.0189932987946473,0.16361240796820165,0.2223741946193955
2864601_0.382,member,varied,stable_near_floor,240,plain_reversal_control,0.06174388900399208,0.12401535188158354,0.33603542052768015,1.917209506034851,0.17542231313209397,0.16361240796820165,2.05385046709287
2864601_0.382,member,varied,unstable,760,stellarator_parity,-0.0005111215342032282,0.04076713329475177,0.08322438666560902,0.7486304640769958,0.03956650297958738,0.3067566278152246,0.27130428202431334
2864601_0.382,member,varied,unstable,760,plain_reversal_control,-0.05935221583043274,0.3880064199041379,0.5589520038501472,2.9014850854873657,0.26573672708028656,0.3067566278152246,1.8221350515915598
2864601_0.382,member,fixed,all,1000,stellarator_parity,-0.0018263598680496216,0.005922757983207703,0.015259082064647145,0.15579748153686523,0.00796787583361908,,
2864601_0.382,member,fixed,all,1000,plain_reversal_control,0.005652269124984741,0.04551704335212708,0.07348088919834836,0.3869304656982422,0.038369713118775337,,
2864601_0.382,member,fixed,stable_near_floor,23,stellarator_parity,0.0001242990079133407,0.0003426074981689453,0.000499151807585275,0.001589059829711914,0.0002457921713649304,,
2864601_0.382,member,fixed,stable_near_floor,23,plain_reversal_control,0.0018399591031281845,0.0025630100913669753,0.0036626596464308246,0.013034343719482422,0.0018035656763862194,,
2864601_0.382,member,fixed,unstable,977,stellarator_parity,-0.0018722812131337036,0.006054122835977295,0.015437457766757602,0.15579748153686523,0.008072857364516024,,
2864601_0.382,member,fixed,unstable,977,plain_reversal_control,0.0057420164438206685,0.04652824372571713,0.07433865722264214,0.3869304656982422,0.03887462466263874,,
2864601_0.307,member,varied,all,1000,stellarator_parity,0.0009245510771870613,0.02866761540621519,0.05933496073514419,0.5122034549713135,0.0287209598608141,0.2671101504555817,0.22213667520288086
2864601_0.307,member,varied,all,1000,plain_reversal_control,-0.10795462916791439,0.2983130612522364,0.4769695305685861,3.8466835021972656,0.23087607327222437,0.2671101504555817,1.78566606231575
2864601_0.307,member,varied,stable_near_floor,240,stellarator_parity,0.00022380581746498743,0.01048412589977185,0.03271902603964165,0.31846368312835693,0.017175457434159352,0.16089473939526744,0.2033567173334447
2864601_0.307,member,varied,stable_near_floor,240,plain_reversal_control,0.015279445983469486,0.0938342222943902,0.2364976395246885,1.658302754163742,0.12414657869137286,0.16089473939526744,1.4698904414996978
2864601_0.307,member,varied,unstable,760,stellarator_parity,0.0011458390539414005,0.034409769987197296,0.06553132282236492,0.5122034549713135,0.03099600037102765,0.3035240427430183,0.21590158799330328
2864601_0.307,member,varied,unstable,760,plain_reversal_control,-0.14687065289993034,0.36288532618629304,0.5307349187814918,3.8466835021972656,0.2510350627906762,0.3035240427430183,1.7485762049856588
2864601_0.307,member,fixed,all,1000,stellarator_parity,5.501699447631836e-05,0.0009156527519226074,0.001741830254675667,0.016155719757080078,0.0008914721330336358,,
2864601_0.307,member,fixed,all,1000,plain_reversal_control,0.0009456257820129395,0.01078144598007202,0.017785118741777454,0.23478126525878906,0.0091024585767923,,
2864601_0.307,member,fixed,stable_near_floor,23,stellarator_parity,-1.9488127335258152e-05,0.00016204170558763587,0.000210179878252024,0.00048542022705078125,0.00011007876457854609,,
2864601_0.307,member,fixed,stable_near_floor,23,plain_reversal_control,0.0016178877457328465,0.0020927346271017323,0.0028109475583860395,0.006466865539550781,0.0014721943751018233,,
2864601_0.307,member,fixed,unstable,977,stellarator_parity,5.677095333165742e-05,0.0009333938512733795,0.0017619185010189164,0.016155719757080078,0.000901275506385653,,
2864601_0.307,member,fixed,unstable,977,plain_reversal_control,0.0009297997583020307,0.010985990873744812,0.017988075085982703,0.23478126525878906,0.009201453683951158,,
2864601_0.339,member,varied,all,1000,stellarator_parity,0.0052996729165315625,0.030927950784564017,0.07131446233584732,0.7317485213279724,0.034366425222704874,0.2660874743051768,0.26801134672749183
2864601_0.339,member,varied,all,1000,plain_reversal_control,-0.016066897213459014,0.2849748257696629,0.4514771150286237,2.558424711227417,0.2175667319810183,0.2660874743051768,1.6967244181919767
2864601_0.339,member,varied,stable_near_floor,240,stellarator_parity,0.0017730085179209708,0.011469603391985099,0.04290759749590929,0.4623072147369385,0.022340629559019904,0.1596020935866037,0.26884106925970025
2864601_0.339,member,varied,stable_near_floor,240,plain_reversal_control,0.04354768848667542,0.09373653487612804,0.26642939677348093,2.064635470509529,0.13872136414808448,0.1596020935866037,1.669335224784569
2864601_0.339,member,varied,unstable,760,stellarator_parity,0.006413356410829645,0.037072692066431046,0.07816899436445336,0.7317485213279724,0.03684476235515886,0.3030894152710087,0.25790737131007435
2864601_0.339,member,varied,unstable,760,plain_reversal_control,-0.03489255585560673,0.3453658649992002,0.4957653251114166,2.558424711227417,0.23367776106333876,0.3030894152710087,1.6357064949566975
2864601_0.339,member,fixed,all,1000,stellarator_parity,2.2869110107421875e-05,0.0004739017486572266,0.000990238058541092,0.014118194580078125,0.0005120173163102407,,
2864601_0.339,member,fixed,all,1000,plain_reversal_control,-0.00011956596374511718,0.004190542221069336,0.005601243134207409,0.03722381591796875,0.002896206071702938,,
2864601_0.339,member,fixed,stable_near_floor,23,stellarator_parity,2.9024870499320654e-06,0.0001885787300441576,0.00028272305508923463,0.0008602142333984375,0.00014344499638432087,,
2864601_0.339,member,fixed,stable_near_floor,23,plain_reversal_control,0.0015513793281886888,0.0016136584074600883,0.0019001157389970358,0.00370025634765625,0.0009640603778287322,,
2864601_0.339,member,fixed,unstable,977,stellarator_parity,2.3339153434261452e-05,0.000480618667212089,0.00100088648991736,0.014118194580078125,0.0005177584468578952,,
2864601_0.339,member,fixed,unstable,977,plain_reversal_control,-0.00015890244451735624,0.004251205811359011,0.0056592859473242356,0.03722381591796875,0.002927547860750165,,
2864601_0.426,member,varied,all,1000,stellarator_parity,0.0004992879331111908,0.030061740189790725,0.06055188861619482,0.509317934513092,0.029360654285632583,0.2800911811667944,0.21618634461802694
2864601_0.426,member,varied,all,1000,plain_reversal_control,-0.015643684387207032,0.2952469019293785,0.46758891140133746,2.910618841648102,0.2267264768976693,0.2800911811667944,1.6694167572626577
2864601_0.426,member,varied,stable_near_floor,240,stellarator_parity,-0.0024729907512664796,0.012285818656285604,0.0377360154755357,0.3033936023712158,0.01973713723764322,0.1755021286450703,0.2150174232464825
2864601_0.426,member,varied,stable_near_floor,240,plain_reversal_control,0.03495627815524737,0.1398108882208665,0.31118890064574967,1.5194520354270935,0.16276170023457653,0.1755021286450703,1.7731346226294942
2864601_0.426,member,varied,unstable,760,stellarator_parity,0.001437902254493613,0.03567518909510813,0.0661414907567113,0.509317934513092,0.03138208286282634,0.316901514605357,0.2087130786960058
2864601_0.426,member,varied,unstable,760,plain_reversal_control,-0.031622619926929475,0.34433195888996126,0.5070530731240611,2.910618841648102,0.240580933005587,0.316901514605357,1.6000336058838445
2864601_0.426,member,fixed,all,1000,stellarator_parity,-0.0001314101219177246,0.0054039635658264164,0.010404109491207689,0.12910842895507812,0.004536536993879927,,
2864601_0.426,member,fixed,all,1000,plain_reversal_control,-0.005682488918304443,0.048050953388214114,0.07517198107173884,0.48084449768066406,0.03277747829579981,,
2864601_0.426,member,fixed,stable_near_floor,23,stellarator_parity,0.001033119533372962,0.002360634181810462,0.002999343912698022,0.0065631866455078125,0.0013088262344505264,,
2864601_0.426,member,fixed,stable_near_floor,23,plain_reversal_control,-0.02466098121974779,0.03187299811321756,0.054076340135600254,0.21492481231689453,0.023597338182161785,,
2864601_0.426,member,fixed,unstable,977,stellarator_parity,-0.0001588248425642812,0.00547560796278892,0.010515796220382132,0.12910842895507812,0.004585152623363123,,
2864601_0.426,member,fixed,unstable,977,plain_reversal_control,-0.0052357076256399635,0.04843180596889469,0.07559771361828638,0.48084449768066406,0.03296251160185984,,
2864601_0.379,member,varied,all,1000,stellarator_parity,-0.0008035086467862129,0.02311450008302927,0.04815427620049245,0.5428328514099121,0.02331389387113363,0.26897341887624826,0.17902986994654557
2864601_0.379,member,varied,all,1000,plain_reversal_control,-0.057281836792826654,0.25156060291826726,0.37114567271347076,1.7858017683029175,0.17969018552673963,0.26897341887624826,1.3798600406839117
2864601_0.379,member,varied,stable_near_floor,240,stellarator_parity,-0.002333311488231023,0.00806323712070783,0.021172661229599248,0.1629863977432251,0.011061797190186868,0.16799003468274157,0.12603522149147112
2864601_0.379,member,varied,stable_near_floor,240,plain_reversal_control,0.02345994549492995,0.08460757049421469,0.18591481194589463,1.1370521783828735,0.09713242573031729,0.16799003468274157,1.1067014320046127
2864601_0.379,member,varied,unstable,760,stellarator_parity,-0.0003204130126457465,0.02786753049218341,0.05394010733580865,0.5428328514099121,0.025551400334550653,0.304809237081554,0.17696349314170087
2864601_0.379,member,varied,unstable,760,plain_reversal_control,-0.08277924172580242,0.30428261315744176,0.4127151340460993,1.7858017683029175,0.1955029408541596,0.304809237081554,1.3540112432211961
2864601_0.379,member,fixed,all,1000,stellarator_parity,9.021472930908203e-05,0.004610944747924805,0.007117335979054403,0.036617279052734375,0.004421033582983835,,
2864601_0.379,member,fixed,all,1000,plain_reversal_control,0.0324523594379425,0.06170249581336975,0.08485164849109546,0.31607675552368164,0.052706797691530645,,
2864601_0.379,member,fixed,stable_near_floor,23,stellarator_parity,-0.0006242420362389606,0.001688874286154042,0.002287104520423869,0.004909992218017578,0.001576312621301377,,
2864601_0.379,member,fixed,stable_near_floor,23,plain_reversal_control,0.0016756265059761379,0.017141860464344853,0.020166704001689906,0.03947734832763672,0.013899246739288208,,
2864601_0.379,member,fixed,unstable,977,stellarator_parity,0.00010703407998216799,0.00467973453361644,0.007192069010993138,0.036617279052734375,0.004457615802737147,,
2864601_0.379,member,fixed,unstable,977,plain_reversal_control,0.03317688846295297,0.06275151793519941,0.08578882122565457,0.31607675552368164,0.05317157060216572,,
ensemble_mean,ensemble,varied,all,1000,stellarator_parity,0.0009866254911758006,0.004260932634118944,0.009943414120114184,0.14931440353393555,0.00481846213741573,0.22745596855028857,0.043715775776249986
ensemble_mean,ensemble,varied,all,1000,plain_reversal_control,-0.08276027233529021,0.2235005935873196,0.35639469346020497,2.208326816558838,0.1727046983731743,0.22745596855028857,1.566873341384353
ensemble_mean,ensemble,varied,stable_near_floor,240,stellarator_parity,0.0009206580910055588,0.00165096201429454,0.0048206433899325735,0.03914356231689453,0.0025226905443907046,0.14856543438264114,0.03244794733017543
ensemble_mean,ensemble,varied,stable_near_floor,240,plain_reversal_control,0.03090815814794041,0.06970988882045882,0.18299491459731604,1.2250995337963104,0.09576305554779704,0.14856543438264114,1.2317462359784124
ensemble_mean,ensemble,varied,unstable,760,stellarator_parity,0.0010074573017558768,0.005085133882484546,0.011079510470244159,0.14931440353393555,0.005252118829861261,0.2556413346103027,0.04334005878639956
ensemble_mean,ensemble,varied,unstable,760,plain_reversal_control,-0.11865556617209988,0.2720660793031704,0.39566776371051793,2.208326816558838,0.18756190697541816,0.2556413346103027,1.5477456504194451
ensemble_mean,ensemble,fixed,all,1000,stellarator_parity,5.637168884277343e-06,0.0004160580635070801,0.0006664317991169413,0.0047016143798828125,0.00032774669450727213,,
ensemble_mean,ensemble,fixed,all,1000,plain_reversal_control,0.0014094672203063966,0.004847994804382324,0.006482447150073181,0.026222705841064453,0.0031880240837393772,,
ensemble_mean,ensemble,fixed,stable_near_floor,23,stellarator_parity,-0.00015551110972528872,0.0004077786984650985,0.0005688667080137268,0.0013875961303710938,0.0002733087465803142,,
ensemble_mean,ensemble,fixed,stable_near_floor,23,plain_reversal_control,0.0008411511130954908,0.0023601469786270804,0.0029993143322646384,0.008896589279174805,0.0014410033654700006,,
ensemble_mean,ensemble,fixed,unstable,977,stellarator_parity,9.430833580306023e-06,0.00041625297179363643,0.0006685571076523559,0.0047016143798828125,0.0003289770624737477,,
ensemble_mean,ensemble,fixed,unstable,977,plain_reversal_control,0.0014228462074771752,0.004906562358110441,0.006542140828277664,0.026222705841064453,0.003219192866760291,,
ensemble_spread,ensemble,varied,all,1000,stellarator_parity,0.0027793390937149525,0.0046107978615909815,0.010940119913618672,0.1481090933084488,0.05813171093693928,,
ensemble_spread,ensemble,varied,all,1000,plain_reversal_control,0.09290530526544899,0.09727914596442133,0.12939884815290115,0.6255555748939514,0.6875771468495022,,
ensemble_spread,ensemble,varied,stable_near_floor,240,stellarator_parity,0.000895039279324313,0.0020404861463854712,0.005306101888860654,0.04163441061973572,0.044044786447142666,,
ensemble_spread,ensemble,varied,stable_near_floor,240,plain_reversal_control,0.034219950674256934,0.0396921169750082,0.08072606735162967,0.489637553691864,0.6700893559327502,,
ensemble_spread,ensemble,varied,unstable,760,stellarator_parity,0.003374381140364628,0.00542247524534009,0.012189787117823096,0.1481090933084488,0.059466710413924435,,
ensemble_spread,ensemble,varied,unstable,760,plain_reversal_control,0.11143752250477279,0.11546452354002548,0.1413285384600979,0.6255555748939514,0.6894577557914484,,
ensemble_spread,ensemble,fixed,all,1000,stellarator_parity,-0.00019252096116542815,0.0008130720406770706,0.0014323414348611746,0.01238211989402771,0.0055103335039083335,,
ensemble_spread,ensemble,fixed,all,1000,plain_reversal_control,-0.002182391092181206,0.008283351615071297,0.011601882685265033,0.07288342714309692,0.044633382315876484,,
ensemble_spread,ensemble,fixed,stable_near_floor,23,stellarator_parity,6.562341814455779e-05,0.0011839335379393203,0.0016778022917336352,0.004231542348861694,0.004469241403159152,,
ensemble_spread,ensemble,fixed,stable_near_floor,23,plain_reversal_control,-0.004012593756551328,0.005791901246361111,0.00790600313175633,0.025145113468170166,0.021059594866473602,,
ensemble_spread,ensemble,fixed,unstable,977,stellarator_parity,-0.00019859805504887716,0.0008043414220107126,0.0014260539975459849,0.01238211989402771,0.005557636513078217,,
ensemble_spread,ensemble,fixed,unstable,977,plain_reversal_control,-0.002139305461392554,0.008342003977896613,0.011674801595683541,0.07288342714309692,0.04549919129483903,,
