left_member_id,right_member_id,distance
2864601_0.437,2864601_0.371,3.4228081894319455
2864601_0.437,2864601_0.409,2.7910322593417756
2864601_0.437,2864601_0.386,2.8365377845615596
2864601_0.437,2864601_0.355,2.784131572038154
2864601_0.437,2864601_0.449,2.588601791659478
2864601_0.437,2864601_0.340,2.86597695778755
2864601_0.437,2864601_0.296,2.5886630929487753
2864601_0.437,2864601_0.270,2.790130833612024
2864601_0.437,2864601_0.352,3.184215115425343
2864601_0.437,2864601_0.487,2.8215276071183024
2864601_0.437,2864601_0.272,3.2311068679029806
2864601_0.437,2864601_0.404,2.6770505729566754
2864601_0.437,2864601_0.274,2.6991795403817
2864601_0.437,2864601_0.240,2.680823921093749
2864601_0.437,2864601_0.417,3.12110635469817
2864601_0.437,2864601_0.494,2.7970360053739567
2864601_0.437,2864601_0.260,2.717248195785881
2864601_0.437,2864601_0.434,2.8066642089182543
2864601_0.437,2864601_0.460,2.81390021058272
2864601_0.437,2864601_0.402,2.7359563833709166
2864601_0.437,2864601_0.279,2.800548746939525
2864601_0.437,2864601_0.353,2.922172464094609
2864601_0.437,2864601_0.175,2.4699381473843776
2864601_0.437,2864601_0.277,2.817273637325296
2864601_0.437,2864601_0.463,3.2060731933551834
2864601_0.437,2864601_0.229,2.2321697746299236
2864601_0.437,2864601_0.224,3.0176782748194917
2864601_0.437,2864601_0.373,2.31935444019509
2864601_0.437,2864601_0.481,2.7341148237166184
2864601_0.437,2864601_0.289,2.803444895380243
2864601_0.437,2864601_0.393,2.628522172424156
2864601_0.437,2864601_0.406,2.9199679182070217
2864601_0.437,2864601_0.206,2.628661594282193
2864601_0.437,2864601_0.284,3.358564409027848
2864601_0.437,2864601_0.235,2.9495127447955216
2864601_0.437,2864601_0.405,2.7792038697686734
2864601_0.437,2864601_0.398,2.423637408542151
2864601_0.437,2864601_0.358,2.7929453610210446
2864601_0.437,2864601_0.242,2.904502452057918
2864601_0.437,2864601_0.490,2.773751037143006
2864601_0.437,2864601_0.263,2.684605381959916
2864601_0.437,2864601_0.211,2.5877422598102444
2864601_0.437,2864601_0.292,3.5790161441834347
2864601_0.437,2864601_0.276,2.8381320220987227
2864601_0.437,2864601_0.427,2.7973623967968484
2864601_0.437,2864601_0.461,2.818531655723958
2864601_0.437,2864601_0.471,2.7285188033085546
2864601_0.437,2864601_0.440,2.011747573295811
2864601_0.437,2864601_0.457,2.7958247554207234
2864601_0.437,2864601_0.400,2.856790551600161
2864601_0.437,2864601_0.385,3.8171406928520066
2864601_0.437,2864601_0.350,2.7645493117637057
2864601_0.437,2864601_0.416,1.9579568315161173
2864601_0.437,2864601_0.342,2.7947407550454515
2864601_0.437,2864601_0.359,2.6486523433980422
2864601_0.437,2864601_0.475,2.613549352096201
2864601_0.437,2864601_0.462,3.058729824698198
2864601_0.437,2864601_0.268,4.329015818879645
2864601_0.437,2864601_0.262,2.4436629642702514
2864601_0.437,2864601_0.485,1.9190281756868566
2864601_0.437,2864601_0.473,2.6777214896707267
2864601_0.437,2864601_0.189,3.245997565224409
2864601_0.437,2864601_0.395,1.760810509381001
2864601_0.437,2864601_0.237,2.990113436292663
2864601_0.437,2864601_0.372,2.839583977714856
2864601_0.437,2864601_0.472,2.749937244287856
2864601_0.437,2864601_0.436,3.431475562220147
2864601_0.437,2864601_0.454,2.96057140676384
2864601_0.437,2864601_0.377,2.676577521214259
2864601_0.437,2864601_0.212,3.2398324081532954
2864601_0.437,2864601_0.123,2.642444680481114
2864601_0.437,2864601_0.288,2.7460141673566736
2864601_0.437,2864601_0.349,2.784848281253038
2864601_0.437,2864601_0.510,2.5395413290218105
2864601_0.437,2864601_0.376,2.627334308990649
2864601_0.437,2864601_0.305,3.1077514581679555
2864601_0.437,2864601_0.496,2.6447604167321304
2864601_0.437,2864601_0.261,2.786521225073969
2864601_0.437,2864601_0.252,2.624465040771455
2864601_0.437,2864601_0.208,2.4815764493462025
2864601_0.437,2864601_0.230,2.789383572150518
2864601_0.437,2864601_0.452,2.8483536514168253
2864601_0.437,2864601_0.498,2.745134442756283
2864601_0.437,2864601_0.271,2.6820202077111066
2864601_0.437,2864601_0.450,3.848911765393384
2864601_0.437,2864601_0.46,2.501504380062756
2864601_0.437,2864601_0.308,2.854993263946154
2864601_0.437,2864601_0.163,2.7164790042268585
2864601_0.437,2864601_0.246,2.8803282282040743
2864601_0.437,2864601_0.438,2.59247059907914
2864601_0.437,2864601_0.362,2.433365044804917
2864601_0.437,2864601_0.136,2.88391618036331
2864601_0.437,2864601_0.250,2.1541550900706867
2864601_0.437,2864601_0.247,2.8065571540945515
2864601_0.437,2864601_0.382,4.304445753721003
2864601_0.437,2864601_0.307,2.8089508620230155
2864601_0.437,2864601_0.339,3.0785703401768654
2864601_0.437,2864601_0.426,3.3297754476625845
2864601_0.437,2864601_0.379,2.864722722509937
2864601_0.371,2864601_0.409,2.232670903556703
2864601_0.371,2864601_0.386,1.8174622029728293
2864601_0.371,2864601_0.355,2.158358712443683
2864601_0.371,2864601_0.449,2.2021560881932243
2864601_0.371,2864601_0.340,1.9002801217995013
2864601_0.371,2864601_0.296,2.236358766794484
2864601_0.371,2864601_0.270,2.2311615565053367
2864601_0.371,2864601_0.352,1.5308268720337281
2864601_0.371,2864601_0.487,2.141870063120335
2864601_0.371,2864601_0.272,1.2464982101287327
2864601_0.371,2864601_0.404,2.160063575455808
2864601_0.371,2864601_0.274,2.2008426249071738
2864601_0.371,2864601_0.240,2.1837329361572175
2864601_0.371,2864601_0.417,1.3920482239074907
2864601_0.371,2864601_0.494,2.1425653618191127
2864601_0.371,2864601_0.260,2.207919019805818
2864601_0.371,2864601_0.434,2.171787979557003
2864601_0.371,2864601_0.460,2.2056526203357505
2864601_0.371,2864601_0.402,2.2082934679161275
2864601_0.371,2864601_0.279,2.179222508160171
2864601_0.371,2864601_0.353,2.129059083299678
2864601_0.371,2864601_0.175,2.2170237220159175
2864601_0.371,2864601_0.277,2.247006148172496
2864601_0.371,2864601_0.463,1.2066589993963108
2864601_0.371,2864601_0.229,2.3180130832848596
2864601_0.371,2864601_0.224,2.193170619772336
2864601_0.371,2864601_0.373,2.275636978102826
2864601_0.371,2864601_0.481,2.1931063554132955
2864601_0.371,2864601_0.289,2.1246537618956753
2864601_0.371,2864601_0.393,2.2026654025308203
2864601_0.371,2864601_0.406,2.1890028023304
2864601_0.371,2864601_0.206,2.258273156239353
2864601_0.371,2864601_0.284,0.985370500118962
2864601_0.371,2864601_0.235,2.157207549286377
2864601_0.371,2864601_0.405,2.1540939367924636
2864601_0.371,2864601_0.398,2.386033863597535
2864601_0.371,2864601_0.358,2.1947478301831227
2864601_0.371,2864601_0.242,2.214890024299939
2864601_0.371,2864601_0.490,2.1703553201674626
2864601_0.371,2864601_0.263,2.196029021365961
2864601_0.371,2864601_0.211,2.041997043361351
2864601_0.371,2864601_0.292,0.9516527486833228
2864601_0.371,2864601_0.276,2.177316276319089
2864601_0.371,2864601_0.427,2.1772672495370418
2864601_0.371,2864601_0.461,2.1513879747684594
2864601_0.371,2864601_0.471,2.23284659154555
2864601_0.371,2864601_0.440,2.4743058982670236
2864601_0.371,2864601_0.457,2.12202559071522
2864601_0.371,2864601_0.400,2.1852313636684992
2864601_0.371,2864601_0.385,1.2785488910908978
2864601_0.371,2864601_0.350,2.0409354038037497
2864601_0.371,2864601_0.416,2.6364524080334415
2864601_0.371,2864601_0.342,2.1847874239636553
2864601_0.371,2864601_0.359,2.1807094471888018
2864601_0.371,2864601_0.475,2.2016594852528697
2864601_0.371,2864601_0.462,5.250418456120466
2864601_0.371,2864601_0.268,1.6559066702055025
2864601_0.371,2864601_0.262,2.24664119848428
2864601_0.371,2864601_0.485,2.4968959852442083
2864601_0.371,2864601_0.473,2.2821019600531263
2864601_0.371,2864601_0.189,1.0093154259688122
2864601_0.371,2864601_0.395,2.4897455314150156
2864601_0.371,2864601_0.237,2.3009313063278234
2864601_0.371,2864601_0.372,2.197188907241953
2864601_0.371,2864601_0.472,2.2094299080301076
2864601_0.371,2864601_0.436,2.3282706170029694
2864601_0.371,2864601_0.454,2.1969939399021126
2864601_0.371,2864601_0.377,2.179299907955994
2864601_0.371,2864601_0.212,1.1518413334780884
2864601_0.371,2864601_0.123,2.2859703082481384
2864601_0.371,2864601_0.288,2.2924859250121785
2864601_0.371,2864601_0.349,2.153676404228444
2864601_0.371,2864601_0.510,2.279508592730335
2864601_0.371,2864601_0.376,2.2666149404590086
2864601_0.371,2864601_0.305,2.318253652584705
2864601_0.371,2864601_0.496,2.169266552357378
2864601_0.371,2864601_0.261,2.183052559537994
2864601_0.371,2864601_0.252,2.3182329281258482
2864601_0.371,2864601_0.208,2.2296849990373024
2864601_0.371,2864601_0.230,2.1824399673197035
2864601_0.371,2864601_0.452,2.196606828010085
2864601_0.371,2864601_0.498,2.161696843107562
2864601_0.371,2864601_0.271,2.383506883917403
2864601_0.371,2864601_0.450,2.1723503045508488
2864601_0.371,2864601_0.46,2.1866710480658234
2864601_0.371,2864601_0.308,2.201748839225927
2864601_0.371,2864601_0.163,1.9691133611823701
2864601_0.371,2864601_0.246,2.0576201901145112
2864601_0.371,2864601_0.438,2.2039093679163706
2864601_0.371,2864601_0.362,2.2513164882330097
2864601_0.371,2864601_0.136,1.831895623993928
2864601_0.371,2864601_0.250,2.2613884095305634
2864601_0.371,2864601_0.247,2.1772258623464427
2864601_0.371,2864601_0.382,1.955921274749457
2864601_0.371,2864601_0.307,2.162815478356025
2864601_0.371,2864601_0.339,1.750380638971416
2864601_0.371,2864601_0.426,1.2079732084753674
2864601_0.371,2864601_0.379,2.33790150190769
2864601_0.409,2864601_0.386,1.1883593974104028
2864601_0.409,2864601_0.355,1.1346060486015341
2864601_0.409,2864601_0.449,1.0267313549858441
2864601_0.409,2864601_0.340,1.1928771047514743
2864601_0.409,2864601_0.296,0.9650202274454789
2864601_0.409,2864601_0.270,0.9935830009311996
2864601_0.409,2864601_0.352,1.4168661165102518
2864601_0.409,2864601_0.487,1.0538640893429454
2864601_0.409,2864601_0.272,2.0244138020398728
2864601_0.409,2864601_0.404,0.9462736523082874
2864601_0.409,2864601_0.274,0.9647059187303106
2864601_0.409,2864601_0.240,1.0544125189840836
2864601_0.409,2864601_0.417,1.4930321876910717
2864601_0.409,2864601_0.494,1.010852540802078
2864601_0.409,2864601_0.260,0.9905925706651185
2864601_0.409,2864601_0.434,1.0906935852276165
2864601_0.409,2864601_0.460,1.1439709237455091
2864601_0.409,2864601_0.402,1.012083155159267
2864601_0.409,2864601_0.279,0.9811246463595434
2864601_0.409,2864601_0.353,1.097654815513655
2864601_0.409,2864601_0.175,1.0946904742013506
2864601_0.409,2864601_0.277,1.0369810807260444
2864601_0.409,2864601_0.463,1.992356180011691
2864601_0.409,2864601_0.229,1.216098847446746
2864601_0.409,2864601_0.224,1.1109947631083195
2864601_0.409,2864601_0.373,1.1578121892333675
2864601_0.409,2864601_0.481,1.1294665478436678
2864601_0.409,2864601_0.289,1.0398552497227656
2864601_0.409,2864601_0.393,0.982152932351809
2864601_0.409,2864601_0.406,1.0959522084576527
2864601_0.409,2864601_0.206,1.102594996482123
2864601_0.409,2864601_0.284,2.1488336179292835
2864601_0.409,2864601_0.235,1.1625772870918183
2864601_0.409,2864601_0.405,1.2487250683783402
2864601_0.409,2864601_0.398,1.262121705095917
2864601_0.409,2864601_0.358,1.1568484759741477
2864601_0.409,2864601_0.242,1.0721674517452446
2864601_0.409,2864601_0.490,0.9508980819469656
2864601_0.409,2864601_0.263,0.9164643738845224
2864601_0.409,2864601_0.211,1.204785285482896
2864601_0.409,2864601_0.292,2.4061472258729037
2864601_0.409,2864601_0.276,1.0541498444745316
2864601_0.409,2864601_0.427,1.0057212277709537
2864601_0.409,2864601_0.461,1.0507265794620222
2864601_0.409,2864601_0.471,1.0744899823278866
2864601_0.409,2864601_0.440,1.4198817103498058
2864601_0.409,2864601_0.457,0.956743836066104
2864601_0.409,2864601_0.400,1.0994214403257856
2864601_0.409,2864601_0.385,2.655696708470461
2864601_0.409,2864601_0.350,1.0566467006505966
2864601_0.409,2864601_0.416,1.8034727492106912
2864601_0.409,2864601_0.342,1.0573500603805084
2864601_0.409,2864601_0.359,1.0135242014264259
2864601_0.409,2864601_0.475,1.1316765465177403
2864601_0.409,2864601_0.462,4.83795366835067
2864601_0.409,2864601_0.268,3.4702675308640263
2864601_0.409,2864601_0.262,1.0321532036058592
2864601_0.409,2864601_0.485,1.5370839517916262
2864601_0.409,2864601_0.473,1.1139750102758963
2864601_0.409,2864601_0.189,1.9381251007886326
2864601_0.409,2864601_0.395,1.588453010446549
2864601_0.409,2864601_0.237,1.1476156099035164
2864601_0.409,2864601_0.372,1.0908996584787385
2864601_0.409,2864601_0.472,1.188842478891606
2864601_0.409,2864601_0.436,1.7616823813729199
2864601_0.409,2864601_0.454,1.2166055899118047
2864601_0.409,2864601_0.377,1.0442388382134702
2864601_0.409,2864601_0.212,1.725850690747844
2864601_0.409,2864601_0.123,1.0888867539690106
2864601_0.409,2864601_0.288,0.9607455418774046
2864601_0.409,2864601_0.349,0.9959295245189661
2864601_0.409,2864601_0.510,1.1639437752620045
2864601_0.409,2864601_0.376,1.0627649759271998
2864601_0.409,2864601_0.305,1.117233774102693
2864601_0.409,2864601_0.496,1.1870814658462987
2864601_0.409,2864601_0.261,1.131206169313743
2864601_0.409,2864601_0.252,1.1389702437105969
2864601_0.409,2864601_0.208,1.1269529741441384
2864601_0.409,2864601_0.230,1.0442671686795384
2864601_0.409,2864601_0.452,1.1806952586102963
2864601_0.409,2864601_0.498,1.0959193589319658
2864601_0.409,2864601_0.271,1.2728851348803298
2864601_0.409,2864601_0.450,3.583072357844366
2864601_0.409,2864601_0.46,1.094046447489506
2864601_0.409,2864601_0.308,1.0213706096872281
2864601_0.409,2864601_0.163,1.1770777040982483
2864601_0.409,2864601_0.246,1.2145523155606541
2864601_0.409,2864601_0.438,0.9904763127387306
2864601_0.409,2864601_0.362,1.0941017833058018
2864601_0.409,2864601_0.136,1.2548998061840753
2864601_0.409,2864601_0.250,1.3445091791663588
2864601_0.409,2864601_0.247,1.070690286478341
2864601_0.409,2864601_0.382,3.7328061319969406
2864601_0.409,2864601_0.307,1.0786079911825983
2864601_0.409,2864601_0.339,1.5888169400711398
2864601_0.409,2864601_0.426,1.857050938876706
2864601_0.409,2864601_0.379,1.2372475521766186
2864601_0.386,2864601_0.355,1.2169284304573889
2864601_0.386,2864601_0.449,1.0418173363425258
2864601_0.386,2864601_0.340,0.9587790262529454
2864601_0.386,2864601_0.296,1.1070785668666168
2864601_0.386,2864601_0.270,1.0483321332913371
2864601_0.386,2864601_0.352,1.1471251674636265
2864601_0.386,2864601_0.487,1.0204589208588768
2864601_0.386,2864601_0.272,1.6784876687969796
2864601_0.386,2864601_0.404,1.0910240633492618
2864601_0.386,2864601_0.274,1.002216115653445
2864601_0.386,2864601_0.240,1.0730981774763673
2864601_0.386,2864601_0.417,1.218351162652737
2864601_0.386,2864601_0.494,1.0557700647931645
2864601_0.386,2864601_0.260,1.0163700304009764
2864601_0.386,2864601_0.434,1.063433297815032
2864601_0.386,2864601_0.460,1.1142294371905368
2864601_0.386,2864601_0.402,1.165962806159608
2864601_0.386,2864601_0.279,1.1613028056589314
2864601_0.386,2864601_0.353,1.0615619601078907
2864601_0.386,2864601_0.175,1.12316789130962
2864601_0.386,2864601_0.277,1.1550230174987817
2864601_0.386,2864601_0.463,1.5709363556568234
2864601_0.386,2864601_0.229,1.3258741833043426
2864601_0.386,2864601_0.224,1.1136204708235071
2864601_0.386,2864601_0.373,1.1286183285030056
2864601_0.386,2864601_0.481,1.202668836876765
2864601_0.386,2864601_0.289,1.0327012350680826
2864601_0.386,2864601_0.393,1.130057431861654
2864601_0.386,2864601_0.406,1.2187944622508144
2864601_0.386,2864601_0.206,1.1131075441345881
2864601_0.386,2864601_0.284,1.7386890924956593
2864601_0.386,2864601_0.235,1.2153176161529373
2864601_0.386,2864601_0.405,1.2238692157181432
2864601_0.386,2864601_0.398,1.4344550066297437
2864601_0.386,2864601_0.358,1.1748203729444895
2864601_0.386,2864601_0.242,1.0537203331882028
2864601_0.386,2864601_0.490,1.1390105859816368
2864601_0.386,2864601_0.263,1.0857495675753084
2864601_0.386,2864601_0.211,1.1023913028842238
2864601_0.386,2864601_0.292,1.9632434566415222
2864601_0.386,2864601_0.276,0.9823318135712373
2864601_0.386,2864601_0.427,1.0548094451745593
2864601_0.386,2864601_0.461,1.088864003685431
2864601_0.386,2864601_0.471,0.9980197981438701
2864601_0.386,2864601_0.440,1.5941202167973283
2864601_0.386,2864601_0.457,1.119089542832395
2864601_0.386,2864601_0.400,1.010887838579721
2864601_0.386,2864601_0.385,2.2754975076354738
2864601_0.386,2864601_0.350,0.9348863068356347
2864601_0.386,2864601_0.416,1.9356364250420761
2864601_0.386,2864601_0.342,1.1049830591701324
2864601_0.386,2864601_0.359,1.0264867006360072
2864601_0.386,2864601_0.475,1.1231008512910878
2864601_0.386,2864601_0.462,4.912399445085694
2864601_0.386,2864601_0.268,3.1286318432309796
2864601_0.386,2864601_0.262,1.2393298381090683
2864601_0.386,2864601_0.485,1.586681037522867
2864601_0.386,2864601_0.473,1.2720932934134093
2864601_0.386,2864601_0.189,1.502395481592604
2864601_0.386,2864601_0.395,1.6118596519193804
2864601_0.386,2864601_0.237,1.342163845981476
2864601_0.386,2864601_0.372,1.1559034109243767
2864601_0.386,2864601_0.472,1.079417493690119
2864601_0.386,2864601_0.436,1.8632795596107732
2864601_0.386,2864601_0.454,1.290350815601527
2864601_0.386,2864601_0.377,1.2015322504799708
2864601_0.386,2864601_0.212,1.330576170484632
2864601_0.386,2864601_0.123,1.3188023741630421
2864601_0.386,2864601_0.288,1.2749170699816461
2864601_0.386,2864601_0.349,1.0509283930015405
2864601_0.386,2864601_0.510,1.089842462223753
2864601_0.386,2864601_0.376,1.1790717272280682
2864601_0.386,2864601_0.305,1.3441454665334964
2864601_0.386,2864601_0.496,1.2948926310101794
2864601_0.386,2864601_0.261,1.329938534921003
2864601_0.386,2864601_0.252,1.2677555565946828
2864601_0.386,2864601_0.208,1.12466785660263
2864601_0.386,2864601_0.230,1.1263918261708317
2864601_0.386,2864601_0.452,1.0684094429732969
2864601_0.386,2864601_0.498,1.1333818194458858
2864601_0.386,2864601_0.271,1.395274698665566
2864601_0.386,2864601_0.450,3.264017372254834
2864601_0.386,2864601_0.46,1.1669201186124738
2864601_0.386,2864601_0.308,1.2224991308528992
2864601_0.386,2864601_0.163,0.988131665657275
2864601_0.386,2864601_0.246,1.067202817347001
2864601_0.386,2864601_0.438,1.0664699951028642
2864601_0.386,2864601_0.362,1.0713221488060922
2864601_0.386,2864601_0.136,1.16924148671779
2864601_0.386,2864601_0.250,1.2159859117102925
2864601_0.386,2864601_0.247,1.1524850742713917
2864601_0.386,2864601_0.382,3.3088289366200847
2864601_0.386,2864601_0.307,0.9632619887590699
2864601_0.386,2864601_0.339,1.357186883829211
2864601_0.386,2864601_0.426,1.564430319519664
2864601_0.386,2864601_0.379,1.2712448992593044
2864601_0.355,2864601_0.449,1.1389718332756138
2864601_0.355,2864601_0.340,1.235200145159934
2864601_0.355,2864601_0.296,1.1820678487030183
2864601_0.355,2864601_0.270,1.2222756941314847
2864601_0.355,2864601_0.352,1.5011860599711242
2864601_0.355,2864601_0.487,0.9692809931642087
2864601_0.355,2864601_0.272,2.0783546774465256
2864601_0.355,2864601_0.404,1.0463940554362798
2864601_0.355,2864601_0.274,1.1702912712438334
2864601_0.355,2864601_0.240,1.1268185997084108
2864601_0.355,2864601_0.417,1.5074162135576763
2864601_0.355,2864601_0.494,1.0463365227662238
2864601_0.355,2864601_0.260,1.0651000501523906
2864601_0.355,2864601_0.434,1.0939069180380112
2864601_0.355,2864601_0.460,1.1923223092276856
2864601_0.355,2864601_0.402,1.2815542816994043
2864601_0.355,2864601_0.279,1.0558293733564403
2864601_0.355,2864601_0.353,1.0557555500745832
2864601_0.355,2864601_0.175,1.1618677335164431
2864601_0.355,2864601_0.277,1.0429270129825667
2864601_0.355,2864601_0.463,1.915512214346823
2864601_0.355,2864601_0.229,1.2016823041091729
2864601_0.355,2864601_0.224,0.9766025040235244
2864601_0.355,2864601_0.373,1.2487978941274451
2864601_0.355,2864601_0.481,1.2112713051260884
2864601_0.355,2864601_0.289,1.1075254777887185
2864601_0.355,2864601_0.393,1.078429479334351
2864601_0.355,2864601_0.406,1.1000782981881918
2864601_0.355,2864601_0.206,1.173124341683861
2864601_0.355,2864601_0.284,2.1272912707471927
2864601_0.355,2864601_0.235,1.1857819685853834
2864601_0.355,2864601_0.405,1.2682778223998468
2864601_0.355,2864601_0.398,1.4749931601160775
2864601_0.355,2864601_0.358,1.2747854490604202
2864601_0.355,2864601_0.242,1.0530191583787005
2864601_0.355,2864601_0.490,0.9675865499184542
2864601_0.355,2864601_0.263,1.0828279176227138
2864601_0.355,2864601_0.211,1.1295084951328729
2864601_0.355,2864601_0.292,2.397768004217244
2864601_0.355,2864601_0.276,1.108754256829258
2864601_0.355,2864601_0.427,1.0528526417662336
2864601_0.355,2864601_0.461,1.1081570197681079
2864601_0.355,2864601_0.471,0.9455008936793099
2864601_0.355,2864601_0.440,1.5580303102933581
2864601_0.355,2864601_0.457,1.0748120147096716
2864601_0.355,2864601_0.400,1.1001533554147451
2864601_0.355,2864601_0.385,2.6545547669073053
2864601_0.355,2864601_0.350,0.9955653164212968
2864601_0.355,2864601_0.416,1.8891190291600406
2864601_0.355,2864601_0.342,1.0930970964150724
2864601_0.355,2864601_0.359,1.0963945757209412
2864601_0.355,2864601_0.475,1.1769501739887478
2864601_0.355,2864601_0.462,4.91020826659236
2864601_0.355,2864601_0.268,3.3670520617250577
2864601_0.355,2864601_0.262,1.1305270025358916
2864601_0.355,2864601_0.485,1.4858953490615108
2864601_0.355,2864601_0.473,1.13456345436182
2864601_0.355,2864601_0.189,1.954504106739787
2864601_0.355,2864601_0.395,1.5804596219065101
2864601_0.355,2864601_0.237,1.3503429830269174
2864601_0.355,2864601_0.372,1.0214600373786122
2864601_0.355,2864601_0.472,1.1176537403846099
2864601_0.355,2864601_0.436,1.893172354662471
2864601_0.355,2864601_0.454,1.1395541876581368
2864601_0.355,2864601_0.377,0.9142663233498293
2864601_0.355,2864601_0.212,1.8061094721481048
2864601_0.355,2864601_0.123,1.222321531602903
2864601_0.355,2864601_0.288,1.2929742766552257
2864601_0.355,2864601_0.349,0.9929629381772681
2864601_0.355,2864601_0.510,1.2779975653028683
2864601_0.355,2864601_0.376,1.2394574806329264
2864601_0.355,2864601_0.305,1.2237082403784554
2864601_0.355,2864601_0.496,1.094758648291204
2864601_0.355,2864601_0.261,1.0586987479622165
2864601_0.355,2864601_0.252,1.3548042553464457
2864601_0.355,2864601_0.208,1.0910582142448553
2864601_0.355,2864601_0.230,0.9697154676889914
2864601_0.355,2864601_0.452,1.111037252166387
2864601_0.355,2864601_0.498,1.0704278585491398
2864601_0.355,2864601_0.271,1.5275264656529433
2864601_0.355,2864601_0.450,3.6304321959798886
2864601_0.355,2864601_0.46,1.25884768185189
2864601_0.355,2864601_0.308,0.9418692949657367
2864601_0.355,2864601_0.163,1.1404791306483362
2864601_0.355,2864601_0.246,1.1366537766989484
2864601_0.355,2864601_0.438,1.2132958273831382
2864601_0.355,2864601_0.362,1.1536766755401742
2864601_0.355,2864601_0.136,1.2185772706596336
2864601_0.355,2864601_0.250,1.282455340945383
2864601_0.355,2864601_0.247,0.838876051358482
2864601_0.355,2864601_0.382,3.703308662779013
2864601_0.355,2864601_0.307,1.1565460205472808
2864601_0.355,2864601_0.339,1.5266337802253678
2864601_0.355,2864601_0.426,1.8504459383030596
2864601_0.355,2864601_0.379,1.382067800921963
2864601_0.449,2864601_0.340,1.0752728629322976
2864601_0.449,2864601_0.296,0.9550747308062436
2864601_0.449,2864601_0.270,0.8477333034625327
2864601_0.449,2864601_0.352,1.325828648353423
2864601_0.449,2864601_0.487,1.0348261770099065
2864601_0.449,2864601_0.272,1.9813094135772733
2864601_0.449,2864601_0.404,0.9338959133024657
2864601_0.449,2864601_0.274,0.9676170367796036
2864601_0.449,2864601_0.240,0.8970394064430273
2864601_0.449,2864601_0.417,1.485237227143754
2864601_0.449,2864601_0.494,0.9168092877330503
2864601_0.449,2864601_0.260,0.8871773588548028
2864601_0.449,2864601_0.434,0.9120788176702617
2864601_0.449,2864601_0.460,0.9492480240487093
2864601_0.449,2864601_0.402,0.8779065161449376
2864601_0.449,2864601_0.279,0.9287656655143677
2864601_0.449,2864601_0.353,0.9953332065639993
2864601_0.449,2864601_0.175,1.0141320687334672
2864601_0.449,2864601_0.277,1.046050717409559
2864601_0.449,2864601_0.463,1.9411247095261706
2864601_0.449,2864601_0.229,1.0093873102941084
2864601_0.449,2864601_0.224,1.1440521049734267
2864601_0.449,2864601_0.373,0.978861222175707
2864601_0.449,2864601_0.481,0.9130888725233823
2864601_0.449,2864601_0.289,0.9174132312099859
2864601_0.449,2864601_0.393,1.0357258215354699
2864601_0.449,2864601_0.406,1.1267662280719266
2864601_0.449,2864601_0.206,0.9752753271684248
2864601_0.449,2864601_0.284,2.13442297035602
2864601_0.449,2864601_0.235,1.0803188685984955
2864601_0.449,2864601_0.405,1.0388184667846942
2864601_0.449,2864601_0.398,1.009631931951954
2864601_0.449,2864601_0.358,1.0785237018182863
2864601_0.449,2864601_0.242,1.074951514507761
2864601_0.449,2864601_0.490,0.9824018674837975
2864601_0.449,2864601_0.263,0.9340706909776292
2864601_0.449,2864601_0.211,1.1892141270944587
2864601_0.449,2864601_0.292,2.331597298853096
2864601_0.449,2864601_0.276,1.011872492281154
2864601_0.449,2864601_0.427,0.9761616195725986
2864601_0.449,2864601_0.461,1.0310304052299244
2864601_0.449,2864601_0.471,0.9533646722843585
2864601_0.449,2864601_0.440,1.229506053499717
2864601_0.449,2864601_0.457,0.9693079441867539
2864601_0.449,2864601_0.400,0.9360850617788443
2864601_0.449,2864601_0.385,2.6110590670306237
2864601_0.449,2864601_0.350,1.0473021823881774
2864601_0.449,2864601_0.416,1.5595672656257922
2864601_0.449,2864601_0.342,0.9567728007501224
2864601_0.449,2864601_0.359,0.8994670499308637
2864601_0.449,2864601_0.475,1.0209120105168281
2864601_0.449,2864601_0.462,4.5871680141012074
2864601_0.449,2864601_0.268,3.4824040050275196
2864601_0.449,2864601_0.262,0.9702617167896008
2864601_0.449,2864601_0.485,1.290593045690421
2864601_0.449,2864601_0.473,1.07409552480167
2864601_0.449,2864601_0.189,1.9516935968218976
2864601_0.449,2864601_0.395,1.2653586148404639
2864601_0.449,2864601_0.237,1.154129140345637
2864601_0.449,2864601_0.372,1.1142514830360366
2864601_0.449,2864601_0.472,1.0451853202222947
2864601_0.449,2864601_0.436,1.7320268363076534
2864601_0.449,2864601_0.454,1.2945621375169996
2864601_0.449,2864601_0.377,1.097031867809593
2864601_0.449,2864601_0.212,1.6614180894966766
2864601_0.449,2864601_0.123,1.0074751974133325
2864601_0.449,2864601_0.288,1.0590853920932721
2864601_0.449,2864601_0.349,0.9010851018417767
2864601_0.449,2864601_0.510,0.9452172185150086
2864601_0.449,2864601_0.376,0.9477073420497742
2864601_0.449,2864601_0.305,1.246741646994239
2864601_0.449,2864601_0.496,1.0827891910240393
2864601_0.449,2864601_0.261,1.047222222032239
2864601_0.449,2864601_0.252,0.9023468107647393
2864601_0.449,2864601_0.208,0.9218624746822692
2864601_0.449,2864601_0.230,0.9761293774185723
2864601_0.449,2864601_0.452,1.1589697610822691
2864601_0.449,2864601_0.498,1.01222455889506
2864601_0.449,2864601_0.271,1.0810127883804828
2864601_0.449,2864601_0.450,3.517804078187769
2864601_0.449,2864601_0.46,0.9696590415262937
2864601_0.449,2864601_0.308,1.0129367498646014
2864601_0.449,2864601_0.163,1.0458059861235451
2864601_0.449,2864601_0.246,1.1722918649358391
2864601_0.449,2864601_0.438,0.8711472684754125
2864601_0.449,2864601_0.362,0.9298434439587326
2864601_0.449,2864601_0.136,1.194824267280041
2864601_0.449,2864601_0.250,1.2001919339294416
2864601_0.449,2864601_0.247,1.0273111256430845
2864601_0.449,2864601_0.382,3.676039147647043
2864601_0.449,2864601_0.307,0.9288119374854997
2864601_0.449,2864601_0.339,1.5452588252719062
2864601_0.449,2864601_0.426,1.8671607322685952
2864601_0.449,2864601_0.379,1.121577158548753
2864601_0.340,2864601_0.296,1.1405011341380764
2864601_0.340,2864601_0.270,1.1673427540663286
2864601_0.340,2864601_0.352,1.0536916495814914
2864601_0.340,2864601_0.487,1.047059997215167
2864601_0.340,2864601_0.272,1.6484802713096094
2864601_0.340,2864601_0.404,1.0488410202204252
2864601_0.340,2864601_0.274,1.0416393928026073
2864601_0.340,2864601_0.240,1.0608608009358658
2864601_0.340,2864601_0.417,1.2930941352077547
2864601_0.340,2864601_0.494,1.0441792095284352
2864601_0.340,2864601_0.260,1.0813450134791667
2864601_0.340,2864601_0.434,0.9233500040138259
2864601_0.340,2864601_0.460,1.1401357098330238
2864601_0.340,2864601_0.402,1.0674714756398906
2864601_0.340,2864601_0.279,1.1442759164966931
2864601_0.340,2864601_0.353,0.8711531325349748
2864601_0.340,2864601_0.175,1.1322164949419031
2864601_0.340,2864601_0.277,1.2332174667560436
2864601_0.340,2864601_0.463,1.529118480003023
2864601_0.340,2864601_0.229,1.3469549851243192
2864601_0.340,2864601_0.224,1.0451205771114342
2864601_0.340,2864601_0.373,1.1595181842152185
2864601_0.340,2864601_0.481,1.1296780213842967
2864601_0.340,2864601_0.289,1.0876233766073429
2864601_0.340,2864601_0.393,1.1389965517701324
2864601_0.340,2864601_0.406,1.0673422443644476
2864601_0.340,2864601_0.206,1.0599168155734013
2864601_0.340,2864601_0.284,1.759913808544408
2864601_0.340,2864601_0.235,1.2261447438987898
2864601_0.340,2864601_0.405,1.2113428756472369
2864601_0.340,2864601_0.398,1.4135577532372903
2864601_0.340,2864601_0.358,1.1310207917761463
2864601_0.340,2864601_0.242,1.1056641713309414
2864601_0.340,2864601_0.490,1.096135108240896
2864601_0.340,2864601_0.263,1.0955004075066512
2864601_0.340,2864601_0.211,1.0468387053826422
2864601_0.340,2864601_0.292,1.9865446173764538
2864601_0.340,2864601_0.276,0.9710928110742232
2864601_0.340,2864601_0.427,1.1171963247578613
2864601_0.340,2864601_0.461,1.069848787810006
2864601_0.340,2864601_0.471,1.1609111633632536
2864601_0.340,2864601_0.440,1.6053068316065375
2864601_0.340,2864601_0.457,1.0240747113934052
2864601_0.340,2864601_0.400,0.9615959755537337
2864601_0.340,2864601_0.385,2.183838108649499
2864601_0.340,2864601_0.350,0.9900818359709179
2864601_0.340,2864601_0.416,1.8681001903994339
2864601_0.340,2864601_0.342,1.0703068734446346
2864601_0.340,2864601_0.359,1.0951263253357608
2864601_0.340,2864601_0.475,1.2379944225422366
2864601_0.340,2864601_0.462,4.963009697681082
2864601_0.340,2864601_0.268,3.212926518598039
2864601_0.340,2864601_0.262,1.233752641193287
2864601_0.340,2864601_0.485,1.5562801071368018
2864601_0.340,2864601_0.473,1.3499058127345709
2864601_0.340,2864601_0.189,1.6482889871874924
2864601_0.340,2864601_0.395,1.6520287799050979
2864601_0.340,2864601_0.237,1.2389815692807333
2864601_0.340,2864601_0.372,1.1866981426098175
2864601_0.340,2864601_0.472,1.0073986153299568
2864601_0.340,2864601_0.436,1.7175863048254383
2864601_0.340,2864601_0.454,1.1562362713347198
2864601_0.340,2864601_0.377,1.1711649439575984
2864601_0.340,2864601_0.212,1.3454979058687007
2864601_0.340,2864601_0.123,1.2490873900000061
2864601_0.340,2864601_0.288,1.2191921932245628
2864601_0.340,2864601_0.349,0.9366964720064035
2864601_0.340,2864601_0.510,1.2321798105811168
2864601_0.340,2864601_0.376,1.1956941485771186
2864601_0.340,2864601_0.305,1.358828324757603
2864601_0.340,2864601_0.496,1.292341024574622
2864601_0.340,2864601_0.261,1.1928535079638816
2864601_0.340,2864601_0.252,1.250697568135936
2864601_0.340,2864601_0.208,1.100413105035022
2864601_0.340,2864601_0.230,1.0939464256961262
2864601_0.340,2864601_0.452,1.0070797006330343
2864601_0.340,2864601_0.498,1.168010961202382
2864601_0.340,2864601_0.271,1.3821757935607353
2864601_0.340,2864601_0.450,3.3376599706998022
2864601_0.340,2864601_0.46,1.143000637987396
2864601_0.340,2864601_0.308,1.1933531352429105
2864601_0.340,2864601_0.163,0.9522613289975375
2864601_0.340,2864601_0.246,0.9743308534799753
2864601_0.340,2864601_0.438,1.05272919037681
2864601_0.340,2864601_0.362,1.129900419581007
2864601_0.340,2864601_0.136,1.0951937485885836
2864601_0.340,2864601_0.250,1.3683896159945215
2864601_0.340,2864601_0.247,1.1563261405646355
2864601_0.340,2864601_0.382,3.359724401649895
2864601_0.340,2864601_0.307,0.9427362695049739
2864601_0.340,2864601_0.339,1.1156297775360946
2864601_0.340,2864601_0.426,1.4673955203276383
2864601_0.340,2864601_0.379,1.2121326729600654
2864601_0.296,2864601_0.270,0.9158556263437456
2864601_0.296,2864601_0.352,1.3791701324386783
2864601_0.296,2864601_0.487,0.9528426493537329
2864601_0.296,2864601_0.272,1.945372447941552
2864601_0.296,2864601_0.404,0.9951291261789097
2864601_0.296,2864601_0.274,0.8362448036417317
2864601_0.296,2864601_0.240,0.940057553105745
2864601_0.296,2864601_0.417,1.5836074967304181
2864601_0.296,2864601_0.494,0.9458777229840796
2864601_0.296,2864601_0.260,0.9062466598995597
2864601_0.296,2864601_0.434,0.9953808431565786
2864601_0.296,2864601_0.460,1.082455909055963
2864601_0.296,2864601_0.402,1.0243711426001127
2864601_0.296,2864601_0.279,0.998957454443353
2864601_0.296,2864601_0.353,1.0846805325621536
2864601_0.296,2864601_0.175,0.9503093265555593
2864601_0.296,2864601_0.277,0.9977283824360094
2864601_0.296,2864601_0.463,1.9118327654306433
2864601_0.296,2864601_0.229,0.9941828425980624
2864601_0.296,2864601_0.224,1.0414435138475242
2864601_0.296,2864601_0.373,0.9006438976996826
2864601_0.296,2864601_0.481,1.0200790012642467
2864601_0.296,2864601_0.289,1.0622065410169492
2864601_0.296,2864601_0.393,1.0141939740841444
2864601_0.296,2864601_0.406,1.0941775664364757
2864601_0.296,2864601_0.206,0.9250845412766627
2864601_0.296,2864601_0.284,2.1381079617743253
2864601_0.296,2864601_0.235,1.1910974687193667
2864601_0.296,2864601_0.405,1.1377773658971984
2864601_0.296,2864601_0.398,1.1627462822242256
2864601_0.296,2864601_0.358,1.07989765186087
2864601_0.296,2864601_0.242,0.9248260563291164
2864601_0.296,2864601_0.490,0.9606438388689531
2864601_0.296,2864601_0.263,0.8346889148374756
2864601_0.296,2864601_0.211,1.1105981443335788
2864601_0.296,2864601_0.292,2.34827378588835
2864601_0.296,2864601_0.276,0.998464592348947
2864601_0.296,2864601_0.427,1.035548956115612
2864601_0.296,2864601_0.461,0.9346752009136742
2864601_0.296,2864601_0.471,1.0384168793290358
2864601_0.296,2864601_0.440,1.2750830984337658
2864601_0.296,2864601_0.457,0.9537063044054236
2864601_0.296,2864601_0.400,0.9248939908896631
2864601_0.296,2864601_0.385,2.665773174822969
2864601_0.296,2864601_0.350,1.0205942318447334
2864601_0.296,2864601_0.416,1.6266409671821014
2864601_0.296,2864601_0.342,1.030172818583954
2864601_0.296,2864601_0.359,0.8775350101644933
2864601_0.296,2864601_0.475,0.9634213320468281
2864601_0.296,2864601_0.462,4.653559035273114
2864601_0.296,2864601_0.268,3.503474527252255
2864601_0.296,2864601_0.262,0.9784537441913332
2864601_0.296,2864601_0.485,1.347540909996276
2864601_0.296,2864601_0.473,1.0658207642834987
2864601_0.296,2864601_0.189,1.8897386144667523
2864601_0.296,2864601_0.395,1.3712322066913298
2864601_0.296,2864601_0.237,1.2022321044628097
2864601_0.296,2864601_0.372,1.0595864689459844
2864601_0.296,2864601_0.472,1.0413631612614056
2864601_0.296,2864601_0.436,1.7644024967762577
2864601_0.296,2864601_0.454,1.2295617214005519
2864601_0.296,2864601_0.377,1.007009293872455
2864601_0.296,2864601_0.212,1.7086666852441357
2864601_0.296,2864601_0.123,1.0720667060715459
2864601_0.296,2864601_0.288,0.9873614760829326
2864601_0.296,2864601_0.349,0.9638574829297404
2864601_0.296,2864601_0.510,1.0048451330380073
2864601_0.296,2864601_0.376,1.0178873919769578
2864601_0.296,2864601_0.305,1.1018755580872015
2864601_0.296,2864601_0.496,1.0877704035253637
2864601_0.296,2864601_0.261,1.0672791682835583
2864601_0.296,2864601_0.252,1.034860079123638
2864601_0.296,2864601_0.208,1.0931632397792774
2864601_0.296,2864601_0.230,0.9860600512674325
2864601_0.296,2864601_0.452,1.0268714267129981
2864601_0.296,2864601_0.498,1.029017217917625
2864601_0.296,2864601_0.271,1.1742947126189909
2864601_0.296,2864601_0.450,3.5248620888335256
2864601_0.296,2864601_0.46,0.9593771504633908
2864601_0.296,2864601_0.308,1.0851892320712406
2864601_0.296,2864601_0.163,1.0631767945038995
2864601_0.296,2864601_0.246,1.0846839833538384
2864601_0.296,2864601_0.438,1.0049005933701731
2864601_0.296,2864601_0.362,0.9339753733161271
2864601_0.296,2864601_0.136,1.2171501446757522
2864601_0.296,2864601_0.250,1.183238351983936
2864601_0.296,2864601_0.247,1.017465815060379
2864601_0.296,2864601_0.382,3.70440931706529
2864601_0.296,2864601_0.307,0.9534544061180932
2864601_0.296,2864601_0.339,1.5344292599842995
2864601_0.296,2864601_0.426,1.930051744558717
2864601_0.296,2864601_0.379,1.170862321249279
2864601_0.270,2864601_0.352,1.410229119428746
2864601_0.270,2864601_0.487,1.0346596173798628
2864601_0.270,2864601_0.272,2.074107871009605
2864601_0.270,2864601_0.404,1.0238110837419698
2864601_0.270,2864601_0.274,0.8798240275398292
2864601_0.270,2864601_0.240,0.8851259567045193
2864601_0.270,2864601_0.417,1.5023191364646558
2864601_0.270,2864601_0.494,0.9381246344582987
2864601_0.270,2864601_0.260,0.9254952607288972
2864601_0.270,2864601_0.434,1.0375067538456921
2864601_0.270,2864601_0.460,1.0328065985537738
2864601_0.270,2864601_0.402,1.0610704051139586
2864601_0.270,2864601_0.279,0.9681967456909374
2864601_0.270,2864601_0.353,1.1152235943157334
2864601_0.270,2864601_0.175,1.0284623021582733
2864601_0.270,2864601_0.277,1.0805123124798164
2864601_0.270,2864601_0.463,2.001767937302753
2864601_0.270,2864601_0.229,1.1707356425308406
2864601_0.270,2864601_0.224,1.141365366293115
2864601_0.270,2864601_0.373,1.083729000427212
2864601_0.270,2864601_0.481,0.9961089372684606
2864601_0.270,2864601_0.289,0.9792859368009524
2864601_0.270,2864601_0.393,1.0158574681787682
2864601_0.270,2864601_0.406,1.1727082552582249
2864601_0.270,2864601_0.206,1.0669218128800617
2864601_0.270,2864601_0.284,2.1889435139732973
2864601_0.270,2864601_0.235,1.0620290592191035
2864601_0.270,2864601_0.405,1.2606203385007317
2864601_0.270,2864601_0.398,1.2724126863380543
2864601_0.270,2864601_0.358,1.130506391821318
2864601_0.270,2864601_0.242,0.988805492251482
2864601_0.270,2864601_0.490,0.9986154931998802
2864601_0.270,2864601_0.263,0.9242972995678537
2864601_0.270,2864601_0.211,1.2335897387299406
2864601_0.270,2864601_0.292,2.3905992373615836
2864601_0.270,2864601_0.276,0.964041951357147
2864601_0.270,2864601_0.427,0.9710272754094023
2864601_0.270,2864601_0.461,1.0109065323327142
2864601_0.270,2864601_0.471,0.9329278778518779
2864601_0.270,2864601_0.440,1.417630789118332
2864601_0.270,2864601_0.457,0.9226653531763402
2864601_0.270,2864601_0.400,0.9269256211898722
2864601_0.270,2864601_0.385,2.686676821376693
2864601_0.270,2864601_0.350,1.0202428980283704
2864601_0.270,2864601_0.416,1.828576198647131
2864601_0.270,2864601_0.342,1.0548549233375202
2864601_0.270,2864601_0.359,0.9157992851155077
2864601_0.270,2864601_0.475,1.0391368010140274
2864601_0.270,2864601_0.462,4.879431906646217
2864601_0.270,2864601_0.268,3.491621594729417
2864601_0.270,2864601_0.262,1.036769247626511
2864601_0.270,2864601_0.485,1.4544413616762057
2864601_0.270,2864601_0.473,1.0960863625542847
2864601_0.270,2864601_0.189,1.9253044227198952
2864601_0.270,2864601_0.395,1.498649031653729
2864601_0.270,2864601_0.237,1.2237366714461366
2864601_0.270,2864601_0.372,1.0700936636080667
2864601_0.270,2864601_0.472,1.0600154686183922
2864601_0.270,2864601_0.436,1.8366246505763268
2864601_0.270,2864601_0.454,1.3121567570958803
2864601_0.270,2864601_0.377,1.0803819387573932
2864601_0.270,2864601_0.212,1.684610440892275
2864601_0.270,2864601_0.123,1.0528857376532543
2864601_0.270,2864601_0.288,1.0312218110777929
2864601_0.270,2864601_0.349,0.9371648473476566
2864601_0.270,2864601_0.510,1.0493752126994713
2864601_0.270,2864601_0.376,1.0146709966922183
2864601_0.270,2864601_0.305,1.242985238759814
2864601_0.270,2864601_0.496,1.1937417366337986
2864601_0.270,2864601_0.261,1.1566586172209616
2864601_0.270,2864601_0.252,1.0307357478048318
2864601_0.270,2864601_0.208,1.1265572687055
2864601_0.270,2864601_0.230,1.0604042373567695
2864601_0.270,2864601_0.452,1.1382195785988114
2864601_0.270,2864601_0.498,0.9516862938546832
2864601_0.270,2864601_0.271,1.162237125663826
2864601_0.270,2864601_0.450,3.592146759747468
2864601_0.270,2864601_0.46,1.0333645843697967
2864601_0.270,2864601_0.308,0.9845224138655275
2864601_0.270,2864601_0.163,1.1570646078735796
2864601_0.270,2864601_0.246,1.1947721333240424
2864601_0.270,2864601_0.438,0.8561929934638444
2864601_0.270,2864601_0.362,0.9581480718881827
2864601_0.270,2864601_0.136,1.2413568266496526
2864601_0.270,2864601_0.250,1.265839321059383
2864601_0.270,2864601_0.247,1.0513562499427513
2864601_0.270,2864601_0.382,3.728542538082244
2864601_0.270,2864601_0.307,0.8965634295488836
2864601_0.270,2864601_0.339,1.6282998351234865
2864601_0.270,2864601_0.426,1.9031999797901913
2864601_0.270,2864601_0.379,1.2211159280936148
2864601_0.352,2864601_0.487,1.367079225044228
2864601_0.352,2864601_0.272,1.324231699742496
2864601_0.352,2864601_0.404,1.3452266074539945
2864601_0.352,2864601_0.274,1.3217284635392559
2864601_0.352,2864601_0.240,1.4304677421742737
2864601_0.352,2864601_0.417,1.07768004961961
2864601_0.352,2864601_0.494,1.2837428820310532
2864601_0.352,2864601_0.260,1.3800285335620315
2864601_0.352,2864601_0.434,1.2205803591581512
2864601_0.352,2864601_0.460,1.3847222011074902
2864601_0.352,2864601_0.402,1.296614683372059
2864601_0.352,2864601_0.279,1.3936474171553093
2864601_0.352,2864601_0.353,1.2113486069651038
2864601_0.352,2864601_0.175,1.4499609868286174
2864601_0.352,2864601_0.277,1.4580917376512095
2864601_0.352,2864601_0.463,1.2737421924523011
2864601_0.352,2864601_0.229,1.66701926569964
2864601_0.352,2864601_0.224,1.3145674123807025
2864601_0.352,2864601_0.373,1.4769176495229943
2864601_0.352,2864601_0.481,1.369986092701586
2864601_0.352,2864601_0.289,1.2691768266115453
2864601_0.352,2864601_0.393,1.4440258007027633
2864601_0.352,2864601_0.406,1.3206709024536847
2864601_0.352,2864601_0.206,1.418462980547279
2864601_0.352,2864601_0.284,1.546580533082356
2864601_0.352,2864601_0.235,1.4036388129655193
2864601_0.352,2864601_0.405,1.230539208009814
2864601_0.352,2864601_0.398,1.5831695100886738
2864601_0.352,2864601_0.358,1.3415910306242855
2864601_0.352,2864601_0.242,1.4085209062309645
2864601_0.352,2864601_0.490,1.3258841444854497
2864601_0.352,2864601_0.263,1.3523464866785264
2864601_0.352,2864601_0.211,1.3606125675016958
2864601_0.352,2864601_0.292,1.5760008148138756
2864601_0.352,2864601_0.276,1.309329899019752
2864601_0.352,2864601_0.427,1.3895235704864701
2864601_0.352,2864601_0.461,1.2995200903719832
2864601_0.352,2864601_0.471,1.529156468918465
2864601_0.352,2864601_0.440,1.888211932404404
2864601_0.352,2864601_0.457,1.303565617016917
2864601_0.352,2864601_0.400,1.249052392154516
2864601_0.352,2864601_0.385,1.824285569657032
2864601_0.352,2864601_0.350,1.3079737693438602
2864601_0.352,2864601_0.416,2.13002275235491
2864601_0.352,2864601_0.342,1.2982810966006744
2864601_0.352,2864601_0.359,1.3445160115321293
2864601_0.352,2864601_0.475,1.4261212717049934
2864601_0.352,2864601_0.462,5.135681373063905
2864601_0.352,2864601_0.268,2.8225623450813604
2864601_0.352,2864601_0.262,1.4775412400301344
2864601_0.352,2864601_0.485,1.9682130332322252
2864601_0.352,2864601_0.473,1.6147382822879248
2864601_0.352,2864601_0.189,1.3882281660248765
2864601_0.352,2864601_0.395,1.976562341466722
2864601_0.352,2864601_0.237,1.4087619900632502
2864601_0.352,2864601_0.372,1.4646905692317245
2864601_0.352,2864601_0.472,1.3533506439870349
2864601_0.352,2864601_0.436,1.4783072664703658
2864601_0.352,2864601_0.454,1.4054539831961665
2864601_0.352,2864601_0.377,1.4873383967444465
2864601_0.352,2864601_0.212,1.0794631792614138
2864601_0.352,2864601_0.123,1.463314902118339
2864601_0.352,2864601_0.288,1.4515333278057938
2864601_0.352,2864601_0.349,1.2493460413119073
2864601_0.352,2864601_0.510,1.5480442042680114
2864601_0.352,2864601_0.376,1.4029438242591987
2864601_0.352,2864601_0.305,1.4311099392445885
2864601_0.352,2864601_0.496,1.4132803661821598
2864601_0.352,2864601_0.261,1.3580079467033215
2864601_0.352,2864601_0.252,1.4471697812700297
2864601_0.352,2864601_0.208,1.3615463608681675
2864601_0.352,2864601_0.230,1.2574351430906485
2864601_0.352,2864601_0.452,1.360409192796959
2864601_0.352,2864601_0.498,1.4124200449200741
2864601_0.352,2864601_0.271,1.5572464483133646
2864601_0.352,2864601_0.450,2.960524370447265
2864601_0.352,2864601_0.46,1.4059280400271552
2864601_0.352,2864601_0.308,1.4256694905746397
2864601_0.352,2864601_0.163,1.1685101185430529
2864601_0.352,2864601_0.246,1.1989750874384562
2864601_0.352,2864601_0.438,1.3895785462267776
2864601_0.352,2864601_0.362,1.5378851102783981
2864601_0.352,2864601_0.136,1.1356681904797028
2864601_0.352,2864601_0.250,1.7300032030134347
2864601_0.352,2864601_0.247,1.4242235702414154
2864601_0.352,2864601_0.382,3.0160449501521938
2864601_0.352,2864601_0.307,1.3049129636813275
2864601_0.352,2864601_0.339,1.1341708215427722
2864601_0.352,2864601_0.426,1.290350121480714
2864601_0.352,2864601_0.379,1.4075571996940714
2864601_0.487,2864601_0.272,1.9673184030344926
2864601_0.487,2864601_0.404,0.9537411491820055
2864601_0.487,2864601_0.274,0.8674785748311534
2864601_0.487,2864601_0.240,1.0685132656144376
2864601_0.487,2864601_0.417,1.4337586599634615
2864601_0.487,2864601_0.494,0.9224631409715885
2864601_0.487,2864601_0.260,0.9947506517643271
2864601_0.487,2864601_0.434,0.9878704147116032
2864601_0.487,2864601_0.460,1.033684157910297
2864601_0.487,2864601_0.402,1.10519576156789
2864601_0.487,2864601_0.279,1.1074012255267212
2864601_0.487,2864601_0.353,0.9477307099384534
2864601_0.487,2864601_0.175,0.9617634727514985
2864601_0.487,2864601_0.277,0.9978027489861664
2864601_0.487,2864601_0.463,1.791651266764075
2864601_0.487,2864601_0.229,1.1969370717184042
2864601_0.487,2864601_0.224,0.8945021713395525
2864601_0.487,2864601_0.373,1.046696124502151
2864601_0.487,2864601_0.481,1.1621586029685518
2864601_0.487,2864601_0.289,0.960985998534283
2864601_0.487,2864601_0.393,1.0306012944959935
2864601_0.487,2864601_0.406,1.0557816866252916
2864601_0.487,2864601_0.206,1.0076185869896688
2864601_0.487,2864601_0.284,2.045253011301843
2864601_0.487,2864601_0.235,1.1454673221475382
2864601_0.487,2864601_0.405,1.1842161648190739
2864601_0.487,2864601_0.398,1.4841734489874845
2864601_0.487,2864601_0.358,1.1494998080856071
2864601_0.487,2864601_0.242,0.9040891183500737
2864601_0.487,2864601_0.490,0.9254049909114899
2864601_0.487,2864601_0.263,1.006094293608661
2864601_0.487,2864601_0.211,0.9427219008341852
2864601_0.487,2864601_0.292,2.3367465940650725
2864601_0.487,2864601_0.276,0.944723798268955
2864601_0.487,2864601_0.427,0.8793690000351555
2864601_0.487,2864601_0.461,0.8957254781049638
2864601_0.487,2864601_0.471,0.9220606439058922
2864601_0.487,2864601_0.440,1.5320085988117933
2864601_0.487,2864601_0.457,0.8908237554851502
2864601_0.487,2864601_0.400,0.9425100377103952
2864601_0.487,2864601_0.385,2.612488352028745
2864601_0.487,2864601_0.350,0.8252026122264832
2864601_0.487,2864601_0.416,1.945309170802728
2864601_0.487,2864601_0.342,1.0512802752171906
2864601_0.487,2864601_0.359,0.9809136839157276
2864601_0.487,2864601_0.475,0.9579790669680917
2864601_0.487,2864601_0.462,4.994369923964316
2864601_0.487,2864601_0.268,3.4329963416804707
2864601_0.487,2864601_0.262,1.0991774643565848
2864601_0.487,2864601_0.485,1.5690689739774686
2864601_0.487,2864601_0.473,1.1226074467762666
2864601_0.487,2864601_0.189,1.8183110810569032
2864601_0.487,2864601_0.395,1.5662102497990227
2864601_0.487,2864601_0.237,1.296669649674029
2864601_0.487,2864601_0.372,1.0389895219602219
2864601_0.487,2864601_0.472,1.0444914347513459
2864601_0.487,2864601_0.436,1.8577441289475358
2864601_0.487,2864601_0.454,1.1646644399537294
2864601_0.487,2864601_0.377,0.9387219516259039
2864601_0.487,2864601_0.212,1.6505790727962928
2864601_0.487,2864601_0.123,1.1999832878332237
2864601_0.487,2864601_0.288,1.1934999612284718
2864601_0.487,2864601_0.349,0.9084898764269841
2864601_0.487,2864601_0.510,1.0954825487039181
2864601_0.487,2864601_0.376,1.1226022777698463
2864601_0.487,2864601_0.305,1.141358385689153
2864601_0.487,2864601_0.496,1.074378957475143
2864601_0.487,2864601_0.261,1.0896918351896916
2864601_0.487,2864601_0.252,1.190540274058146
2864601_0.487,2864601_0.208,1.1015910059689427
2864601_0.487,2864601_0.230,0.9807266933534987
2864601_0.487,2864601_0.452,0.9472207184568386
2864601_0.487,2864601_0.498,0.9234407321366246
2864601_0.487,2864601_0.271,1.460349507037537
2864601_0.487,2864601_0.450,3.61592977069648
2864601_0.487,2864601_0.46,1.1467091548501742
2864601_0.487,2864601_0.308,0.9453088848765974
2864601_0.487,2864601_0.163,0.9719255930436911
2864601_0.487,2864601_0.246,1.007698098556765
2864601_0.487,2864601_0.438,1.019277681646618
2864601_0.487,2864601_0.362,1.04592879346323
2864601_0.487,2864601_0.136,1.2330262090905042
2864601_0.487,2864601_0.250,1.174406783018397
2864601_0.487,2864601_0.247,0.8338099788622421
2864601_0.487,2864601_0.382,3.6856510968816707
2864601_0.487,2864601_0.307,0.8763375855771941
2864601_0.487,2864601_0.339,1.420794130713865
2864601_0.487,2864601_0.426,1.8061247510092875
2864601_0.487,2864601_0.379,1.3274885061101975
2864601_0.272,2864601_0.404,1.922802944338202
2864601_0.272,2864601_0.274,1.9506704919150848
2864601_0.272,2864601_0.240,2.038784678782458
2864601_0.272,2864601_0.417,1.42131406633286
2864601_0.272,2864601_0.494,2.027607132991084
2864601_0.272,2864601_0.260,1.9376222277753155
2864601_0.272,2864601_0.434,1.9143920987210483
2864601_0.272,2864601_0.460,2.0596758055238706
2864601_0.272,2864601_0.402,1.933758234269479
2864601_0.272,2864601_0.279,2.034309379046497
2864601_0.272,2864601_0.353,1.938211894146361
2864601_0.272,2864601_0.175,1.982791663361106
2864601_0.272,2864601_0.277,2.055550892060851
2864601_0.272,2864601_0.463,1.1377543105125225
2864601_0.272,2864601_0.229,2.0808964882959065
2864601_0.272,2864601_0.224,1.9787595213785583
2864601_0.272,2864601_0.373,1.956461986157547
2864601_0.272,2864601_0.481,1.9991412216300317
2864601_0.272,2864601_0.289,1.9859340960364684
2864601_0.272,2864601_0.393,2.013162732755575
2864601_0.272,2864601_0.406,1.933569537389787
2864601_0.272,2864601_0.206,1.9419819076573728
2864601_0.272,2864601_0.284,1.2667463899662448
2864601_0.272,2864601_0.235,2.103687211997302
2864601_0.272,2864601_0.405,1.7753794010707944
2864601_0.272,2864601_0.398,2.132179472722134
2864601_0.272,2864601_0.358,1.9291063314399288
2864601_0.272,2864601_0.242,1.997798018189801
2864601_0.272,2864601_0.490,2.0045726293428743
2864601_0.272,2864601_0.263,1.9759064631207968
2864601_0.272,2864601_0.211,1.8834904363944793
2864601_0.272,2864601_0.292,1.14624514774941
2864601_0.272,2864601_0.276,1.9931539689205915
2864601_0.272,2864601_0.427,2.0568614472818925
2864601_0.272,2864601_0.461,2.005727248677517
2864601_0.272,2864601_0.471,2.0668044857073777
2864601_0.272,2864601_0.440,2.2898455624364553
2864601_0.272,2864601_0.457,1.9573429269825262
2864601_0.272,2864601_0.400,1.9849502084652022
2864601_0.272,2864601_0.385,1.4600667000990901
2864601_0.272,2864601_0.350,1.9019961620710781
2864601_0.272,2864601_0.416,2.347662316147905
2864601_0.272,2864601_0.342,2.0102041352682547
2864601_0.272,2864601_0.359,1.9783444160262753
2864601_0.272,2864601_0.475,2.0269650144205134
2864601_0.272,2864601_0.462,4.967319994163958
2864601_0.272,2864601_0.268,2.302152525725945
2864601_0.272,2864601_0.262,2.028383523550137
2864601_0.272,2864601_0.485,2.3032651664507497
2864601_0.272,2864601_0.473,2.1399875962497372
2864601_0.272,2864601_0.189,1.1481661604684847
2864601_0.272,2864601_0.395,2.3234722880900227
2864601_0.272,2864601_0.237,2.0997275479656876
2864601_0.272,2864601_0.372,2.1199408536932283
2864601_0.272,2864601_0.472,2.008576618944698
2864601_0.272,2864601_0.436,1.811524163854393
2864601_0.272,2864601_0.454,2.0362059041134932
2864601_0.272,2864601_0.377,2.0620269627912613
2864601_0.272,2864601_0.212,1.0724443543750504
2864601_0.272,2864601_0.123,2.1103655319877737
2864601_0.272,2864601_0.288,1.9895398833998117
2864601_0.272,2864601_0.349,1.9822646192636244
2864601_0.272,2864601_0.510,2.0640192837571694
2864601_0.272,2864601_0.376,2.0309639332361438
2864601_0.272,2864601_0.305,2.0445887629032815
2864601_0.272,2864601_0.496,1.9860462243590895
2864601_0.272,2864601_0.261,2.013075276356642
2864601_0.272,2864601_0.252,2.001356988671877
2864601_0.272,2864601_0.208,1.9938149711544308
2864601_0.272,2864601_0.230,1.969964078287692
2864601_0.272,2864601_0.452,1.9885580200594706
2864601_0.272,2864601_0.498,1.9997133089570505
2864601_0.272,2864601_0.271,2.1076950330308364
2864601_0.272,2864601_0.450,2.2059826571253396
2864601_0.272,2864601_0.46,1.9400464099094203
2864601_0.272,2864601_0.308,2.0707842276011257
2864601_0.272,2864601_0.163,1.6549155806890934
2864601_0.272,2864601_0.246,1.8823060497741444
2864601_0.272,2864601_0.438,2.0516315806731007
2864601_0.272,2864601_0.362,2.0583728507690413
2864601_0.272,2864601_0.136,1.7414833557738338
2864601_0.272,2864601_0.250,2.1513743517674624
2864601_0.272,2864601_0.247,2.0744039809410144
2864601_0.272,2864601_0.382,2.299481574000829
2864601_0.272,2864601_0.307,1.9833897044566557
2864601_0.272,2864601_0.339,1.5278711779530403
2864601_0.272,2864601_0.426,1.3723711870561106
2864601_0.272,2864601_0.379,1.9921561965699817
2864601_0.404,2864601_0.274,0.9513989050526822
2864601_0.404,2864601_0.240,1.0317907018343877
2864601_0.404,2864601_0.417,1.4787588407485208
2864601_0.404,2864601_0.494,1.0226536848778414
2864601_0.404,2864601_0.260,0.9394867940249947
2864601_0.404,2864601_0.434,1.0094591786542326
2864601_0.404,2864601_0.460,1.0994999809976675
2864601_0.404,2864601_0.402,0.9781492738692406
2864601_0.404,2864601_0.279,0.9606072001257043
2864601_0.404,2864601_0.353,1.0023951537036961
2864601_0.404,2864601_0.175,1.0387420512706198
2864601_0.404,2864601_0.277,1.063004557791718
2864601_0.404,2864601_0.463,1.8868953000054907
2864601_0.404,2864601_0.229,1.1563606913838673
2864601_0.404,2864601_0.224,1.0972235893048106
2864601_0.404,2864601_0.373,1.0011390553677677
2864601_0.404,2864601_0.481,1.0292504479289124
2864601_0.404,2864601_0.289,0.9407556190155335
2864601_0.404,2864601_0.393,0.9105211682657542
2864601_0.404,2864601_0.406,1.075826606921784
2864601_0.404,2864601_0.206,1.0114774992781952
2864601_0.404,2864601_0.284,2.1258160206193883
2864601_0.404,2864601_0.235,1.1772464544343153
2864601_0.404,2864601_0.405,1.1355438329507122
2864601_0.404,2864601_0.398,1.235568327618139
2864601_0.404,2864601_0.358,1.0561114557038092
2864601_0.404,2864601_0.242,1.0784990250675432
2864601_0.404,2864601_0.490,0.912125153938308
2864601_0.404,2864601_0.263,0.9205288628447172
2864601_0.404,2864601_0.211,1.1488137486378318
2864601_0.404,2864601_0.292,2.342650239269787
2864601_0.404,2864601_0.276,1.02272689153116
2864601_0.404,2864601_0.427,1.0041291580953637
2864601_0.404,2864601_0.461,1.0913130513427105
2864601_0.404,2864601_0.471,1.0831058724501372
2864601_0.404,2864601_0.440,1.4485895024120035
2864601_0.404,2864601_0.457,0.9084133927253698
2864601_0.404,2864601_0.400,1.027105318260941
2864601_0.404,2864601_0.385,2.6175993799967916
2864601_0.404,2864601_0.350,1.023456430475282
2864601_0.404,2864601_0.416,1.7314855785216827
2864601_0.404,2864601_0.342,1.026150565743015
2864601_0.404,2864601_0.359,0.9891562775188547
2864601_0.404,2864601_0.475,1.08696220548799
2864601_0.404,2864601_0.462,4.777110961246394
2864601_0.404,2864601_0.268,3.4494262585943485
2864601_0.404,2864601_0.262,1.02797502446829
2864601_0.404,2864601_0.485,1.4230487323478338
2864601_0.404,2864601_0.473,1.1058437872190452
2864601_0.404,2864601_0.189,1.9331278052590188
2864601_0.404,2864601_0.395,1.5131980925871777
2864601_0.404,2864601_0.237,1.2049223003192133
2864601_0.404,2864601_0.372,1.0885206846975668
2864601_0.404,2864601_0.472,1.054439234204243
2864601_0.404,2864601_0.436,1.6846937438209244
2864601_0.404,2864601_0.454,1.1274427892697123
2864601_0.404,2864601_0.377,1.0112954864798889
2864601_0.404,2864601_0.212,1.6853580257687975
2864601_0.404,2864601_0.123,1.1265593133430112
2864601_0.404,2864601_0.288,1.0425204604344527
2864601_0.404,2864601_0.349,0.9929495222090117
2864601_0.404,2864601_0.510,1.093722385384495
2864601_0.404,2864601_0.376,0.9952456215112314
2864601_0.404,2864601_0.305,1.1817601767824588
2864601_0.404,2864601_0.496,1.099531496519221
2864601_0.404,2864601_0.261,1.0490439445645405
2864601_0.404,2864601_0.252,1.0127077568006988
2864601_0.404,2864601_0.208,1.0103870318846464
2864601_0.404,2864601_0.230,1.0646809219232272
2864601_0.404,2864601_0.452,1.11473872467406
2864601_0.404,2864601_0.498,1.0026313796707138
2864601_0.404,2864601_0.271,1.2091923689169253
2864601_0.404,2864601_0.450,3.5181730534437534
2864601_0.404,2864601_0.46,1.0331738946036082
2864601_0.404,2864601_0.308,1.0146000186287711
2864601_0.404,2864601_0.163,0.9634436169298585
2864601_0.404,2864601_0.246,1.1193661565126123
2864601_0.404,2864601_0.438,0.949110231377286
2864601_0.404,2864601_0.362,1.041723290470792
2864601_0.404,2864601_0.136,1.2634369112150141
2864601_0.404,2864601_0.250,1.2634274974314386
2864601_0.404,2864601_0.247,1.0267884199344062
2864601_0.404,2864601_0.382,3.6870917171927027
2864601_0.404,2864601_0.307,0.994002163081965
2864601_0.404,2864601_0.339,1.5158352368956969
2864601_0.404,2864601_0.426,1.8410335517140064
2864601_0.404,2864601_0.379,1.1790165627098521
2864601_0.274,2864601_0.240,0.97470593842957
2864601_0.274,2864601_0.417,1.464815960100032
2864601_0.274,2864601_0.494,0.944311995615182
2864601_0.274,2864601_0.260,0.9802996833288042
2864601_0.274,2864601_0.434,0.9373005163968973
2864601_0.274,2864601_0.460,1.09687655527434
2864601_0.274,2864601_0.402,0.9643810186800175
2864601_0.274,2864601_0.279,1.0624320861431438
2864601_0.274,2864601_0.353,1.0801489466801495
2864601_0.274,2864601_0.175,0.9933928215489984
2864601_0.274,2864601_0.277,1.1001180075817927
2864601_0.274,2864601_0.463,1.8207096883224183
2864601_0.274,2864601_0.229,1.1993383185598454
2864601_0.274,2864601_0.224,1.0140787159120344
2864601_0.274,2864601_0.373,0.9031490152482549
2864601_0.274,2864601_0.481,1.0674761802391968
2864601_0.274,2864601_0.289,0.9988595525876935
2864601_0.274,2864601_0.393,1.005139485527842
2864601_0.274,2864601_0.406,1.0916306654881096
2864601_0.274,2864601_0.206,0.9218623765243171
2864601_0.274,2864601_0.284,2.1107226174140385
2864601_0.274,2864601_0.235,1.1343166580094908
2864601_0.274,2864601_0.405,1.1586409486017433
2864601_0.274,2864601_0.398,1.2571666894818931
2864601_0.274,2864601_0.358,1.0840893212950806
2864601_0.274,2864601_0.242,0.9495979475021767
2864601_0.274,2864601_0.490,0.9132786210978222
2864601_0.274,2864601_0.263,0.8780275335403195
2864601_0.274,2864601_0.211,1.0471339322069526
2864601_0.274,2864601_0.292,2.3314794275042794
2864601_0.274,2864601_0.276,0.9570874606061746
2864601_0.274,2864601_0.427,0.9986694686360338
2864601_0.274,2864601_0.461,1.0011496288524842
2864601_0.274,2864601_0.471,0.9554723679132823
2864601_0.274,2864601_0.440,1.4085871824048037
2864601_0.274,2864601_0.457,0.8934227489655149
2864601_0.274,2864601_0.400,0.8988777976489722
2864601_0.274,2864601_0.385,2.6207526462978232
2864601_0.274,2864601_0.350,0.9459376474232003
2864601_0.274,2864601_0.416,1.796334751136135
2864601_0.274,2864601_0.342,1.0597539681315655
2864601_0.274,2864601_0.359,0.9518974426079587
2864601_0.274,2864601_0.475,1.0131448172547017
2864601_0.274,2864601_0.462,4.848373508283195
2864601_0.274,2864601_0.268,3.5014922577961176
2864601_0.274,2864601_0.262,1.076439073361897
2864601_0.274,2864601_0.485,1.4588674973358766
2864601_0.274,2864601_0.473,1.0791716253305248
2864601_0.274,2864601_0.189,1.8718875339699026
2864601_0.274,2864601_0.395,1.4761614684499003
2864601_0.274,2864601_0.237,1.222827370751966
2864601_0.274,2864601_0.372,1.0521135988014625
2864601_0.274,2864601_0.472,1.0085158451686533
2864601_0.274,2864601_0.436,1.7829270063191938
2864601_0.274,2864601_0.454,1.2003625486061287
2864601_0.274,2864601_0.377,1.0216748277022136
2864601_0.274,2864601_0.212,1.6351454439624213
2864601_0.274,2864601_0.123,1.0971368469104785
2864601_0.274,2864601_0.288,1.061199849510429
2864601_0.274,2864601_0.349,0.9472102853418252
2864601_0.274,2864601_0.510,1.057692156351803
2864601_0.274,2864601_0.376,1.0215816495777486
2864601_0.274,2864601_0.305,1.2135778495945517
2864601_0.274,2864601_0.496,1.0811921738380506
2864601_0.274,2864601_0.261,1.0584875835239567
2864601_0.274,2864601_0.252,1.0339899385294915
2864601_0.274,2864601_0.208,1.0177918917853677
2864601_0.274,2864601_0.230,0.994041245757208
2864601_0.274,2864601_0.452,1.0306137390253014
2864601_0.274,2864601_0.498,1.0148422034487665
2864601_0.274,2864601_0.271,1.2307879740112893
2864601_0.274,2864601_0.450,3.542181087960063
2864601_0.274,2864601_0.46,1.067996006698277
2864601_0.274,2864601_0.308,1.0314244348768418
2864601_0.274,2864601_0.163,0.9740243116658837
2864601_0.274,2864601_0.246,1.0320077100480456
2864601_0.274,2864601_0.438,0.9216380078471754
2864601_0.274,2864601_0.362,0.9819149296108929
2864601_0.274,2864601_0.136,1.1959058114548378
2864601_0.274,2864601_0.250,1.1999595517745407
2864601_0.274,2864601_0.247,1.0155851609702033
2864601_0.274,2864601_0.382,3.6815877934123713
2864601_0.274,2864601_0.307,0.9013143673856518
2864601_0.274,2864601_0.339,1.4356187413567745
2864601_0.274,2864601_0.426,1.8289943938164155
2864601_0.274,2864601_0.379,1.2171023953589668
2864601_0.240,2864601_0.417,1.536688955320168
2864601_0.240,2864601_0.494,0.9015842829937233
2864601_0.240,2864601_0.260,0.9186110682357805
2864601_0.240,2864601_0.434,0.9517807855412586
2864601_0.240,2864601_0.460,0.9800885824830594
2864601_0.240,2864601_0.402,1.0575124633850306
2864601_0.240,2864601_0.279,0.8366378644002548
2864601_0.240,2864601_0.353,1.0162365772948336
2864601_0.240,2864601_0.175,1.0904688374581646
2864601_0.240,2864601_0.277,1.0216178078490674
2864601_0.240,2864601_0.463,1.9768880709748804
2864601_0.240,2864601_0.229,0.983503044174634
2864601_0.240,2864601_0.224,1.1304215398324273
2864601_0.240,2864601_0.373,1.0913883210047044
2864601_0.240,2864601_0.481,0.9412825817804142
2864601_0.240,2864601_0.289,1.0102437619123412
2864601_0.240,2864601_0.393,0.9168286966627179
2864601_0.240,2864601_0.406,1.0556284916308145
2864601_0.240,2864601_0.206,1.0270468740156724
2864601_0.240,2864601_0.284,2.098840655227258
2864601_0.240,2864601_0.235,0.9816410738960227
2864601_0.240,2864601_0.405,1.227655080636251
2864601_0.240,2864601_0.398,1.1542799875077467
2864601_0.240,2864601_0.358,1.0524333625994746
2864601_0.240,2864601_0.242,1.0092985594426376
2864601_0.240,2864601_0.490,0.9320835775549655
2864601_0.240,2864601_0.263,0.9743474372807323
2864601_0.240,2864601_0.211,1.2269817425273588
2864601_0.240,2864601_0.292,2.3675548531956085
2864601_0.240,2864601_0.276,0.9130204910500567
2864601_0.240,2864601_0.427,1.060199925497656
2864601_0.240,2864601_0.461,1.0065640103315812
2864601_0.240,2864601_0.471,0.9292059118216465
2864601_0.240,2864601_0.440,1.3581401655231815
2864601_0.240,2864601_0.457,0.9783062055933506
2864601_0.240,2864601_0.400,0.85626113136119
2864601_0.240,2864601_0.385,2.6506077460798916
2864601_0.240,2864601_0.350,1.0369009190156957
2864601_0.240,2864601_0.416,1.568032159658955
2864601_0.240,2864601_0.342,0.9580382284089937
2864601_0.240,2864601_0.359,0.9183085498708737
2864601_0.240,2864601_0.475,1.1111960651002664
2864601_0.240,2864601_0.462,4.69456240492601
2864601_0.240,2864601_0.268,3.462268598384464
2864601_0.240,2864601_0.262,1.0319825018516278
2864601_0.240,2864601_0.485,1.2492842443435381
2864601_0.240,2864601_0.473,0.9631475522517826
2864601_0.240,2864601_0.189,1.9456842863076942
2864601_0.240,2864601_0.395,1.3894765339724677
2864601_0.240,2864601_0.237,1.1306892957098544
2864601_0.240,2864601_0.372,0.9559676930821709
2864601_0.240,2864601_0.472,0.8556353009908977
2864601_0.240,2864601_0.436,1.8621548799313539
2864601_0.240,2864601_0.454,1.1937175388233379
2864601_0.240,2864601_0.377,0.9751572869534246
2864601_0.240,2864601_0.212,1.710476781160695
2864601_0.240,2864601_0.123,1.0563964530633498
2864601_0.240,2864601_0.288,0.9610400092525236
2864601_0.240,2864601_0.349,0.839084727715264
2864601_0.240,2864601_0.510,1.0718288596156804
2864601_0.240,2864601_0.376,0.9819796004919698
2864601_0.240,2864601_0.305,1.2774049447705573
2864601_0.240,2864601_0.496,1.1668258709799093
2864601_0.240,2864601_0.261,1.058437898423932
2864601_0.240,2864601_0.252,1.0951254696156343
2864601_0.240,2864601_0.208,1.1208164507074267
2864601_0.240,2864601_0.230,0.9639089267383195
2864601_0.240,2864601_0.452,0.9990524295606099
2864601_0.240,2864601_0.498,0.9661320910847265
2864601_0.240,2864601_0.271,1.011548993970928
2864601_0.240,2864601_0.450,3.619947118038405
2864601_0.240,2864601_0.46,0.9929930680370117
2864601_0.240,2864601_0.308,0.9885597104128478
2864601_0.240,2864601_0.163,1.1617921569700111
2864601_0.240,2864601_0.246,1.0198085548316387
2864601_0.240,2864601_0.438,0.9228998425755139
2864601_0.240,2864601_0.362,0.8895763847862939
2864601_0.240,2864601_0.136,1.1518984510071408
2864601_0.240,2864601_0.250,1.2119919874934804
2864601_0.240,2864601_0.247,0.9785160426957119
2864601_0.240,2864601_0.382,3.7118055925157996
2864601_0.240,2864601_0.307,0.8955182058438129
2864601_0.240,2864601_0.339,1.5099899386720859
2864601_0.240,2864601_0.426,1.839475458112042
2864601_0.240,2864601_0.379,1.1891781516614912
2864601_0.417,2864601_0.494,1.3801046600240492
2864601_0.417,2864601_0.260,1.523590715924966
2864601_0.417,2864601_0.434,1.36637715887225
2864601_0.417,2864601_0.460,1.5205966675683773
2864601_0.417,2864601_0.402,1.4788906933065322
2864601_0.417,2864601_0.279,1.5726533021514548
2864601_0.417,2864601_0.353,1.44346971035134
2864601_0.417,2864601_0.175,1.51512646405513
2864601_0.417,2864601_0.277,1.5154880343546693
2864601_0.417,2864601_0.463,1.1991389933614307
2864601_0.417,2864601_0.229,1.7587490000861212
2864601_0.417,2864601_0.224,1.4569895340880348
2864601_0.417,2864601_0.373,1.643319932855495
2864601_0.417,2864601_0.481,1.5356185027482545
2864601_0.417,2864601_0.289,1.3941030774020107
2864601_0.417,2864601_0.393,1.5796576264229234
2864601_0.417,2864601_0.406,1.4679625591938081
2864601_0.417,2864601_0.206,1.565214156817608
2864601_0.417,2864601_0.284,1.3305564344102283
2864601_0.417,2864601_0.235,1.453839700594732
2864601_0.417,2864601_0.405,1.4995697647342658
2864601_0.417,2864601_0.398,1.7513398197962942
2864601_0.417,2864601_0.358,1.5907008636762063
2864601_0.417,2864601_0.242,1.5482209136747174
2864601_0.417,2864601_0.490,1.4194721747272556
2864601_0.417,2864601_0.263,1.474984858759813
2864601_0.417,2864601_0.211,1.3917972542258032
2864601_0.417,2864601_0.292,1.5509299767714013
2864601_0.417,2864601_0.276,1.4799796287169509
2864601_0.417,2864601_0.427,1.3972704433331562
2864601_0.417,2864601_0.461,1.4522336454290583
2864601_0.417,2864601_0.471,1.512451545211017
2864601_0.417,2864601_0.440,1.9348609599598379
2864601_0.417,2864601_0.457,1.428080312347893
2864601_0.417,2864601_0.400,1.47288609422194
2864601_0.417,2864601_0.385,1.7655126338826561
2864601_0.417,2864601_0.350,1.3340467099514328
2864601_0.417,2864601_0.416,2.2277966991011615
2864601_0.417,2864601_0.342,1.5119478888970774
2864601_0.417,2864601_0.359,1.4684781385942103
2864601_0.417,2864601_0.475,1.5894557655200616
2864601_0.417,2864601_0.462,5.160439010114784
2864601_0.417,2864601_0.268,2.543366588525471
2864601_0.417,2864601_0.262,1.5420922548659262
2864601_0.417,2864601_0.485,1.984902575672777
2864601_0.417,2864601_0.473,1.6865851454838572
2864601_0.417,2864601_0.189,1.2149858582719855
2864601_0.417,2864601_0.395,1.978595137759745
2864601_0.417,2864601_0.237,1.621004322388261
2864601_0.417,2864601_0.372,1.5444928679828978
2864601_0.417,2864601_0.472,1.541711674383745
2864601_0.417,2864601_0.436,1.8889122081369123
2864601_0.417,2864601_0.454,1.5750537274403147
2864601_0.417,2864601_0.377,1.5406341268344694
2864601_0.417,2864601_0.212,0.9766619590217493
2864601_0.417,2864601_0.123,1.584929263676574
2864601_0.417,2864601_0.288,1.6552281239670195
2864601_0.417,2864601_0.349,1.3757637096450779
2864601_0.417,2864601_0.510,1.6782683506119327
2864601_0.417,2864601_0.376,1.582169150473473
2864601_0.417,2864601_0.305,1.6454011664601047
2864601_0.417,2864601_0.496,1.540835067054064
2864601_0.417,2864601_0.261,1.5844219120358003
2864601_0.417,2864601_0.252,1.6438701071306427
2864601_0.417,2864601_0.208,1.5091748767082116
2864601_0.417,2864601_0.230,1.4471316876365048
2864601_0.417,2864601_0.452,1.5267469048187086
2864601_0.417,2864601_0.498,1.5282209184181657
2864601_0.417,2864601_0.271,1.8440179436200077
2864601_0.417,2864601_0.450,2.807473375002047
2864601_0.417,2864601_0.46,1.5929678585867557
2864601_0.417,2864601_0.308,1.451470689036778
2864601_0.417,2864601_0.163,1.329581794927118
2864601_0.417,2864601_0.246,1.4641370652454013
2864601_0.417,2864601_0.438,1.5033509148837347
2864601_0.417,2864601_0.362,1.6143120361193213
2864601_0.417,2864601_0.136,1.1851108683812617
2864601_0.417,2864601_0.250,1.7030717265310507
2864601_0.417,2864601_0.247,1.4380634730593234
2864601_0.417,2864601_0.382,2.7834471174136852
2864601_0.417,2864601_0.307,1.505763828403929
2864601_0.417,2864601_0.339,1.2604729490811775
2864601_0.417,2864601_0.426,1.175996402479121
2864601_0.417,2864601_0.379,1.6957041109650357
2864601_0.494,2864601_0.260,1.0722316277905946
2864601_0.494,2864601_0.434,0.9272165227043987
2864601_0.494,2864601_0.460,0.8882654301379284
2864601_0.494,2864601_0.402,1.0269489278212605
2864601_0.494,2864601_0.279,1.0615563879908954
2864601_0.494,2864601_0.353,0.9365096406628257
2864601_0.494,2864601_0.175,0.9960109595222456
2864601_0.494,2864601_0.277,0.9620814953959753
2864601_0.494,2864601_0.463,1.8422226710915033
2864601_0.494,2864601_0.229,1.1837740240251673
2864601_0.494,2864601_0.224,1.0156107817796927
2864601_0.494,2864601_0.373,1.1427147945530678
2864601_0.494,2864601_0.481,0.9697582165982689
2864601_0.494,2864601_0.289,0.9044707960278727
2864601_0.494,2864601_0.393,0.9899100788624408
2864601_0.494,2864601_0.406,0.9764855431500108
2864601_0.494,2864601_0.206,1.0796088058362847
2864601_0.494,2864601_0.284,2.0428822125671844
2864601_0.494,2864601_0.235,0.8590767312119174
2864601_0.494,2864601_0.405,1.1698859136672235
2864601_0.494,2864601_0.398,1.2242905302877036
2864601_0.494,2864601_0.358,1.053302471155558
2864601_0.494,2864601_0.242,1.0032500443639398
2864601_0.494,2864601_0.490,0.8493812372060516
2864601_0.494,2864601_0.263,0.9462941323758449
2864601_0.494,2864601_0.211,1.0598679590328204
2864601_0.494,2864601_0.292,2.3421461297448443
2864601_0.494,2864601_0.276,0.8081981777291929
2864601_0.494,2864601_0.427,0.8860971616789411
2864601_0.494,2864601_0.461,0.7817640020502933
2864601_0.494,2864601_0.471,0.977942616493239
2864601_0.494,2864601_0.440,1.4247248184577561
2864601_0.494,2864601_0.457,0.890895400784127
2864601_0.494,2864601_0.400,0.815334788235993
2864601_0.494,2864601_0.385,2.5824971758499977
2864601_0.494,2864601_0.350,0.8442833766408031
2864601_0.494,2864601_0.416,1.7580046256811046
2864601_0.494,2864601_0.342,0.8112846934508404
2864601_0.494,2864601_0.359,0.818304936449744
2864601_0.494,2864601_0.475,0.9798769583852623
2864601_0.494,2864601_0.462,4.903074215460587
2864601_0.494,2864601_0.268,3.426364774816577
2864601_0.494,2864601_0.262,1.0183591494453725
2864601_0.494,2864601_0.485,1.4451855255086667
2864601_0.494,2864601_0.473,1.0488524997029833
2864601_0.494,2864601_0.189,1.8848801019593824
2864601_0.494,2864601_0.395,1.5091969378570114
2864601_0.494,2864601_0.237,1.1699201823350194
2864601_0.494,2864601_0.372,0.9633396076728342
2864601_0.494,2864601_0.472,0.9402830161859187
2864601_0.494,2864601_0.436,1.8273591779493967
2864601_0.494,2864601_0.454,1.1419451563536651
2864601_0.494,2864601_0.377,0.9700123400470411
2864601_0.494,2864601_0.212,1.6227114615933533
2864601_0.494,2864601_0.123,1.0431023911108437
2864601_0.494,2864601_0.288,1.1220198544825501
2864601_0.494,2864601_0.349,0.7349684938169696
2864601_0.494,2864601_0.510,1.0988427073342084
2864601_0.494,2864601_0.376,1.0426203470520137
2864601_0.494,2864601_0.305,1.2333359235020587
2864601_0.494,2864601_0.496,1.0891006972542712
2864601_0.494,2864601_0.261,1.0718864350166804
2864601_0.494,2864601_0.252,1.184623268243027
2864601_0.494,2864601_0.208,1.0527375827680323
2864601_0.494,2864601_0.230,0.8915125202168075
2864601_0.494,2864601_0.452,0.8707770918359483
2864601_0.494,2864601_0.498,0.9390158446410573
2864601_0.494,2864601_0.271,1.3308963159713
2864601_0.494,2864601_0.450,3.63574631952004
2864601_0.494,2864601_0.46,1.0656475813243624
2864601_0.494,2864601_0.308,0.9252556168734766
2864601_0.494,2864601_0.163,1.0755692876906293
2864601_0.494,2864601_0.246,0.955684190721906
2864601_0.494,2864601_0.438,0.9294855049006152
2864601_0.494,2864601_0.362,1.027286542564041
2864601_0.494,2864601_0.136,1.0779616823561382
2864601_0.494,2864601_0.250,1.1881422956622611
2864601_0.494,2864601_0.247,0.8989866655635531
2864601_0.494,2864601_0.382,3.671574198675348
2864601_0.494,2864601_0.307,0.9694720114139812
2864601_0.494,2864601_0.339,1.4139873976824633
2864601_0.494,2864601_0.426,1.7652060035014212
2864601_0.494,2864601_0.379,1.202816830351249
2864601_0.260,2864601_0.434,0.9575327303617436
2864601_0.260,2864601_0.460,1.0601663320931272
2864601_0.260,2864601_0.402,1.0629258138977316
2864601_0.260,2864601_0.279,0.8229273160706951
2864601_0.260,2864601_0.353,1.0167732688157867
2864601_0.260,2864601_0.175,1.045040754638174
2864601_0.260,2864601_0.277,1.0072840677728356
2864601_0.260,2864601_0.463,1.965894992764136
2864601_0.260,2864601_0.229,1.055392672689719
2864601_0.260,2864601_0.224,1.0465064958245325
2864601_0.260,2864601_0.373,0.964929394410436
2864601_0.260,2864601_0.481,1.025930710401342
2864601_0.260,2864601_0.289,1.0706567830981921
2864601_0.260,2864601_0.393,1.0128857154986743
2864601_0.260,2864601_0.406,1.0859724716016255
2864601_0.260,2864601_0.206,0.976375078057917
2864601_0.260,2864601_0.284,2.1381536899672016
2864601_0.260,2864601_0.235,1.2092124296538447
2864601_0.260,2864601_0.405,1.1287595950207543
2864601_0.260,2864601_0.398,1.2312290194048028
2864601_0.260,2864601_0.358,1.123935528276802
2864601_0.260,2864601_0.242,0.9143093347892677
2864601_0.260,2864601_0.490,1.049635091629664
2864601_0.260,2864601_0.263,0.945878655192911
2864601_0.260,2864601_0.211,1.2119465968343024
2864601_0.260,2864601_0.292,2.3135013483739773
2864601_0.260,2864601_0.276,1.038245150242561
2864601_0.260,2864601_0.427,1.0374325744394066
2864601_0.260,2864601_0.461,1.0936833292079242
2864601_0.260,2864601_0.471,0.9766822732446091
2864601_0.260,2864601_0.440,1.4147276139161522
2864601_0.260,2864601_0.457,1.0221516234338095
2864601_0.260,2864601_0.400,0.9933960546969369
2864601_0.260,2864601_0.385,2.648453966663614
2864601_0.260,2864601_0.350,1.0656862747006708
2864601_0.260,2864601_0.416,1.7507939627347033
2864601_0.260,2864601_0.342,1.0920290984326162
2864601_0.260,2864601_0.359,0.9399925913631466
2864601_0.260,2864601_0.475,1.0822196018172892
2864601_0.260,2864601_0.462,4.7428413378939585
2864601_0.260,2864601_0.268,3.498089617538935
2864601_0.260,2864601_0.262,0.9853784367916484
2864601_0.260,2864601_0.485,1.4178190768889731
2864601_0.260,2864601_0.473,1.1094215335427218
2864601_0.260,2864601_0.189,1.9294095073105764
2864601_0.260,2864601_0.395,1.4651210447470433
2864601_0.260,2864601_0.237,1.2513202223461972
2864601_0.260,2864601_0.372,1.0565546891729347
2864601_0.260,2864601_0.472,1.0428384868433542
2864601_0.260,2864601_0.436,1.7263718822693603
2864601_0.260,2864601_0.454,1.2674981119869482
2864601_0.260,2864601_0.377,1.0938186077615077
2864601_0.260,2864601_0.212,1.6712538947829039
2864601_0.260,2864601_0.123,1.1658153996512195
2864601_0.260,2864601_0.288,0.9980004637184561
2864601_0.260,2864601_0.349,0.9598302015892397
2864601_0.260,2864601_0.510,1.0021034156498885
2864601_0.260,2864601_0.376,1.043174106502996
2864601_0.260,2864601_0.305,1.0379502656259072
2864601_0.260,2864601_0.496,1.1471729541063895
2864601_0.260,2864601_0.261,1.1145501875565136
2864601_0.260,2864601_0.252,0.997022198479327
2864601_0.260,2864601_0.208,0.9947060808765456
2864601_0.260,2864601_0.230,1.0150549951270522
2864601_0.260,2864601_0.452,1.1046517464133023
2864601_0.260,2864601_0.498,1.0032257845206274
2864601_0.260,2864601_0.271,1.0868384876349042
2864601_0.260,2864601_0.450,3.5216360482263127
2864601_0.260,2864601_0.46,0.998612189627605
2864601_0.260,2864601_0.308,1.0606020526910096
2864601_0.260,2864601_0.163,1.0207412679395538
2864601_0.260,2864601_0.246,1.1422764065608242
2864601_0.260,2864601_0.438,0.9897147269755954
2864601_0.260,2864601_0.362,0.9488746684081214
2864601_0.260,2864601_0.136,1.2395858966847648
2864601_0.260,2864601_0.250,1.2694788710520133
2864601_0.260,2864601_0.247,1.048117230279033
2864601_0.260,2864601_0.382,3.712878912861112
2864601_0.260,2864601_0.307,0.8963930368830804
2864601_0.260,2864601_0.339,1.5565067078358783
2864601_0.260,2864601_0.426,1.9141748586897136
2864601_0.260,2864601_0.379,1.1374547928171836
2864601_0.434,2864601_0.460,1.0677444454904614
2864601_0.434,2864601_0.402,0.9513414603200752
2864601_0.434,2864601_0.279,0.9951205755293754
2864601_0.434,2864601_0.353,0.929243633292675
2864601_0.434,2864601_0.175,1.0906678980718372
2864601_0.434,2864601_0.277,1.0930134255161417
2864601_0.434,2864601_0.463,1.7459345006852898
2864601_0.434,2864601_0.229,1.1814927018007366
2864601_0.434,2864601_0.224,0.9984705846607109
2864601_0.434,2864601_0.373,1.0838339882444787
2864601_0.434,2864601_0.481,1.0244578713506596
2864601_0.434,2864601_0.289,0.9377955500268215
2864601_0.434,2864601_0.393,1.1399448162144092
2864601_0.434,2864601_0.406,1.0068698441177226
2864601_0.434,2864601_0.206,1.00131633653801
2864601_0.434,2864601_0.284,2.0656603721560254
2864601_0.434,2864601_0.235,1.0607239849710683
2864601_0.434,2864601_0.405,1.0603073210642513
2864601_0.434,2864601_0.398,1.2360910424506248
2864601_0.434,2864601_0.358,1.1239220661819629
2864601_0.434,2864601_0.242,1.0434481482185414
2864601_0.434,2864601_0.490,0.9833720859129957
2864601_0.434,2864601_0.263,0.9656768675101495
2864601_0.434,2864601_0.211,1.1320151346383784
2864601_0.434,2864601_0.292,2.2781831306299214
2864601_0.434,2864601_0.276,0.9474891095901677
2864601_0.434,2864601_0.427,1.0309585069085816
2864601_0.434,2864601_0.461,1.0061732756148056
2864601_0.434,2864601_0.471,1.0123089161270378
2864601_0.434,2864601_0.440,1.527361565554026
2864601_0.434,2864601_0.457,0.96711031766178
2864601_0.434,2864601_0.400,0.8252735521468758
2864601_0.434,2864601_0.385,2.5398112377070126
2864601_0.434,2864601_0.350,0.989550370351902
2864601_0.434,2864601_0.416,1.7736828259122919
2864601_0.434,2864601_0.342,1.0243989549960801
2864601_0.434,2864601_0.359,1.0104601307922216
2864601_0.434,2864601_0.475,1.1551707225429646
2864601_0.434,2864601_0.462,4.8724207615716155
2864601_0.434,2864601_0.268,3.466429784445257
2864601_0.434,2864601_0.262,1.1064902100625402
2864601_0.434,2864601_0.485,1.4665589091813689
2864601_0.434,2864601_0.473,1.218851096427553
2864601_0.434,2864601_0.189,1.8893392289857047
2864601_0.434,2864601_0.395,1.5154527352221558
2864601_0.434,2864601_0.237,1.1688821565614118
2864601_0.434,2864601_0.372,1.076540603492361
2864601_0.434,2864601_0.472,1.0070466753861829
2864601_0.434,2864601_0.436,1.7001749920950757
2864601_0.434,2864601_0.454,1.111880463767687
2864601_0.434,2864601_0.377,1.0580744521206544
2864601_0.434,2864601_0.212,1.5744876356530044
2864601_0.434,2864601_0.123,1.142563544513117
2864601_0.434,2864601_0.288,1.1508598579472555
2864601_0.434,2864601_0.349,0.8721972489960145
2864601_0.434,2864601_0.510,1.1569416324856667
2864601_0.434,2864601_0.376,1.0814475710993559
2864601_0.434,2864601_0.305,1.1807949548205
2864601_0.434,2864601_0.496,1.2014153593039063
2864601_0.434,2864601_0.261,1.1066999518626237
2864601_0.434,2864601_0.252,1.1139484244437339
2864601_0.434,2864601_0.208,0.929304722563193
2864601_0.434,2864601_0.230,0.9632774777892191
2864601_0.434,2864601_0.452,1.0031561987817015
2864601_0.434,2864601_0.498,1.0611896184451686
2864601_0.434,2864601_0.271,1.2913993062013365
2864601_0.434,2864601_0.450,3.5458008096282927
2864601_0.434,2864601_0.46,1.122442839531551
2864601_0.434,2864601_0.308,1.0222801928257046
2864601_0.434,2864601_0.163,0.9409978508549333
2864601_0.434,2864601_0.246,0.9601427731937103
2864601_0.434,2864601_0.438,0.9678727239324826
2864601_0.434,2864601_0.362,1.0008667692179676
2864601_0.434,2864601_0.136,1.2011771954347217
2864601_0.434,2864601_0.250,1.301661369524643
2864601_0.434,2864601_0.247,0.9836386903007867
2864601_0.434,2864601_0.382,3.6606350671737733
2864601_0.434,2864601_0.307,0.9450492836063356
2864601_0.434,2864601_0.339,1.3579421098058777
2864601_0.434,2864601_0.426,1.7622284643715778
2864601_0.434,2864601_0.379,1.1169575326599797
2864601_0.460,2864601_0.402,1.1285339883652248
2864601_0.460,2864601_0.279,1.080473969999931
2864601_0.460,2864601_0.353,0.9985265216909026
2864601_0.460,2864601_0.175,1.072966321817743
2864601_0.460,2864601_0.277,1.0751287264004532
2864601_0.460,2864601_0.463,2.0002525214039837
2864601_0.460,2864601_0.229,1.1202018310639998
2864601_0.460,2864601_0.224,1.140259267097636
2864601_0.460,2864601_0.373,1.1284514306516609
2864601_0.460,2864601_0.481,0.9464658000102016
2864601_0.460,2864601_0.289,1.0066972469131534
2864601_0.460,2864601_0.393,1.0226007399845514
2864601_0.460,2864601_0.406,1.2324104994645104
2864601_0.460,2864601_0.206,1.134619270937979
2864601_0.460,2864601_0.284,2.1335005910235365
2864601_0.460,2864601_0.235,1.033116983476686
2864601_0.460,2864601_0.405,1.1803959413226763
2864601_0.460,2864601_0.398,1.2228152477100316
2864601_0.460,2864601_0.358,0.996780180328035
2864601_0.460,2864601_0.242,1.0477420177912207
2864601_0.460,2864601_0.490,1.0305614654609359
2864601_0.460,2864601_0.263,1.0384713453380912
2864601_0.460,2864601_0.211,1.197299857565349
2864601_0.460,2864601_0.292,2.3891131447317293
2864601_0.460,2864601_0.276,0.8655938296532345
2864601_0.460,2864601_0.427,0.9092577659494626
2864601_0.460,2864601_0.461,0.916877590403441
2864601_0.460,2864601_0.471,1.0459436007489473
2864601_0.460,2864601_0.440,1.4053813985562051
2864601_0.460,2864601_0.457,1.0945843016976378
2864601_0.460,2864601_0.400,0.9381138267572171
2864601_0.460,2864601_0.385,2.6736510046232422
2864601_0.460,2864601_0.350,0.9637201737188757
2864601_0.460,2864601_0.416,1.6677046309514303
2864601_0.460,2864601_0.342,0.8663703963446073
2864601_0.460,2864601_0.359,0.878772789316783
2864601_0.460,2864601_0.475,1.04462789143615
2864601_0.460,2864601_0.462,4.801828013367563
2864601_0.460,2864601_0.268,3.464813228820303
2864601_0.460,2864601_0.262,1.074126086650677
2864601_0.460,2864601_0.485,1.414950958956035
2864601_0.460,2864601_0.473,1.1229138550463815
2864601_0.460,2864601_0.189,1.9307378958718286
2864601_0.460,2864601_0.395,1.4509524079575733
2864601_0.460,2864601_0.237,1.2608652133850342
2864601_0.460,2864601_0.372,1.0704455355197378
2864601_0.460,2864601_0.472,1.0429664533098237
2864601_0.460,2864601_0.436,1.8202317798714103
2864601_0.460,2864601_0.454,1.2855649894799104
2864601_0.460,2864601_0.377,1.1337861903591455
2864601_0.460,2864601_0.212,1.7171555798552225
2864601_0.460,2864601_0.123,1.0658327452054106
2864601_0.460,2864601_0.288,1.1309043673285657
2864601_0.460,2864601_0.349,0.939086923574231
2864601_0.460,2864601_0.510,0.981496399930449
2864601_0.460,2864601_0.376,1.0284428075536873
2864601_0.460,2864601_0.305,1.354970866092789
2864601_0.460,2864601_0.496,1.137397304585566
2864601_0.460,2864601_0.261,1.1077453965067041
2864601_0.460,2864601_0.252,1.1978600058391564
2864601_0.460,2864601_0.208,1.1046859983696111
2864601_0.460,2864601_0.230,1.0191373909826702
2864601_0.460,2864601_0.452,1.1068748147014198
2864601_0.460,2864601_0.498,0.9847100080320411
2864601_0.460,2864601_0.271,1.338618402479498
2864601_0.460,2864601_0.450,3.639952390989852
2864601_0.460,2864601_0.46,1.0601765032836947
2864601_0.460,2864601_0.308,1.0312577111670544
2864601_0.460,2864601_0.163,1.1432801151174345
2864601_0.460,2864601_0.246,1.1262227161589629
2864601_0.460,2864601_0.438,0.9392058718259825
2864601_0.460,2864601_0.362,1.1042555966014231
2864601_0.460,2864601_0.136,1.2021154841154305
2864601_0.460,2864601_0.250,1.2508015341616974
2864601_0.460,2864601_0.247,1.0096873472360877
2864601_0.460,2864601_0.382,3.7062871002832387
2864601_0.460,2864601_0.307,1.0257451170502663
2864601_0.460,2864601_0.339,1.5290794747452667
2864601_0.460,2864601_0.426,1.8621492338532104
2864601_0.460,2864601_0.379,1.1746921615032597
2864601_0.402,2864601_0.279,1.0173473812420393
2864601_0.402,2864601_0.353,1.053914588047273
2864601_0.402,2864601_0.175,1.1083461401496042
2864601_0.402,2864601_0.277,1.1963484325791816
2864601_0.402,2864601_0.463,1.9185321882642032
2864601_0.402,2864601_0.229,1.235935527717486
2864601_0.402,2864601_0.224,1.2023024959197617
2864601_0.402,2864601_0.373,1.0822456636283244
2864601_0.402,2864601_0.481,1.020340446650413
2864601_0.402,2864601_0.289,1.0024151881419345
2864601_0.402,2864601_0.393,1.0879348325130382
2864601_0.402,2864601_0.406,1.0772609758230423
2864601_0.402,2864601_0.206,1.025205268454838
2864601_0.402,2864601_0.284,2.1452426110389315
2864601_0.402,2864601_0.235,1.1963571771090515
2864601_0.402,2864601_0.405,1.1838719690234059
2864601_0.402,2864601_0.398,1.1269008257177173
2864601_0.402,2864601_0.358,1.0547681320623832
2864601_0.402,2864601_0.242,1.2025585449970857
2864601_0.402,2864601_0.490,1.067674451642462
2864601_0.402,2864601_0.263,1.0116505517774015
2864601_0.402,2864601_0.211,1.2107900019159987
2864601_0.402,2864601_0.292,2.3385696046139377
2864601_0.402,2864601_0.276,1.152407936889969
2864601_0.402,2864601_0.427,1.0603804135358768
2864601_0.402,2864601_0.461,1.0723105753976765
2864601_0.402,2864601_0.471,1.1279753131329577
2864601_0.402,2864601_0.440,1.3965399791554007
2864601_0.402,2864601_0.457,0.9527356039420087
2864601_0.402,2864601_0.400,1.0885292901664414
2864601_0.402,2864601_0.385,2.588980378266083
2864601_0.402,2864601_0.350,1.134843962833745
2864601_0.402,2864601_0.416,1.6237715812650895
2864601_0.402,2864601_0.342,1.1328371188596147
2864601_0.402,2864601_0.359,1.0303991309700333
2864601_0.402,2864601_0.475,1.126600923690051
2864601_0.402,2864601_0.462,4.762626336968884
2864601_0.402,2864601_0.268,3.4986973695990007
2864601_0.402,2864601_0.262,1.0595719668477146
2864601_0.402,2864601_0.485,1.546374929502357
2864601_0.402,2864601_0.473,1.2171268291657522
2864601_0.402,2864601_0.189,1.9701255883942148
2864601_0.402,2864601_0.395,1.467506064964256
2864601_0.402,2864601_0.237,1.2146214032369915
2864601_0.402,2864601_0.372,1.206956638170823
2864601_0.402,2864601_0.472,1.1892885525424273
2864601_0.402,2864601_0.436,1.550978384866672
2864601_0.402,2864601_0.454,1.3414039832775306
2864601_0.402,2864601_0.377,1.152103356552146
2864601_0.402,2864601_0.212,1.600020976762275
2864601_0.402,2864601_0.123,1.1545005398442174
2864601_0.402,2864601_0.288,1.1053298419862971
2864601_0.402,2864601_0.349,0.9857905384276259
2864601_0.402,2864601_0.510,1.2473160695109125
2864601_0.402,2864601_0.376,1.0170756097497835
2864601_0.402,2864601_0.305,1.2673251112267387
2864601_0.402,2864601_0.496,1.1025031904965346
2864601_0.402,2864601_0.261,1.0521949269661048
2864601_0.402,2864601_0.252,1.0806482801674717
2864601_0.402,2864601_0.208,1.081917372561691
2864601_0.402,2864601_0.230,1.0230143904279643
2864601_0.402,2864601_0.452,1.2449620389486937
2864601_0.402,2864601_0.498,1.1111085912736152
2864601_0.402,2864601_0.271,1.177327347584184
2864601_0.402,2864601_0.450,3.52924915911669
2864601_0.402,2864601_0.46,1.0571539874002334
2864601_0.402,2864601_0.308,1.1760925147927945
2864601_0.402,2864601_0.163,1.0962777215942436
2864601_0.402,2864601_0.246,1.1729347543309363
2864601_0.402,2864601_0.438,0.984304870303617
2864601_0.402,2864601_0.362,1.0902094096035881
2864601_0.402,2864601_0.136,1.24383212522787
2864601_0.402,2864601_0.250,1.3085109888390867
2864601_0.402,2864601_0.247,1.12711724534532
2864601_0.402,2864601_0.382,3.7019788511714706
2864601_0.402,2864601_0.307,1.0468961538443724
2864601_0.402,2864601_0.339,1.5160917272876362
2864601_0.402,2864601_0.426,1.8493728867985886
2864601_0.402,2864601_0.379,1.088966281913264
2864601_0.279,2864601_0.353,1.0374345792470852
2864601_0.279,2864601_0.175,1.1946704891337436
2864601_0.279,2864601_0.277,1.1664729506157319
2864601_0.279,2864601_0.463,2.040680515737928
2864601_0.279,2864601_0.229,1.1069694260356868
2864601_0.279,2864601_0.224,1.16405821016439
2864601_0.279,2864601_0.373,1.1772873103666912
2864601_0.279,2864601_0.481,1.0341022476180821
2864601_0.279,2864601_0.289,1.0403263825521352
2864601_0.279,2864601_0.393,1.0106367887815284
2864601_0.279,2864601_0.406,1.171433488681263
2864601_0.279,2864601_0.206,1.080934564750412
2864601_0.279,2864601_0.284,2.192313108694271
2864601_0.279,2864601_0.235,1.1704359592352507
2864601_0.279,2864601_0.405,1.2001578942225275
2864601_0.279,2864601_0.398,1.206005876050596
2864601_0.279,2864601_0.358,1.165901798770226
2864601_0.279,2864601_0.242,1.0698137334768036
2864601_0.279,2864601_0.490,1.0388184409585652
2864601_0.279,2864601_0.263,0.9514000188965728
2864601_0.279,2864601_0.211,1.3406090564538473
2864601_0.279,2864601_0.292,2.347922891823113
2864601_0.279,2864601_0.276,1.0454606845286845
2864601_0.279,2864601_0.427,1.041007433712767
2864601_0.279,2864601_0.461,1.1469600822559032
2864601_0.279,2864601_0.471,1.0733774562819707
2864601_0.279,2864601_0.440,1.4656846054686923
2864601_0.279,2864601_0.457,1.0042704860609348
2864601_0.279,2864601_0.400,0.9800444461741433
2864601_0.279,2864601_0.385,2.670300434999199
2864601_0.279,2864601_0.350,1.1650819960602772
2864601_0.279,2864601_0.416,1.6845677607131593
2864601_0.279,2864601_0.342,1.0376608737390813
2864601_0.279,2864601_0.359,0.9920220723817735
2864601_0.279,2864601_0.475,1.2038163302148215
2864601_0.279,2864601_0.462,4.791482635813356
2864601_0.279,2864601_0.268,3.4496095397956807
2864601_0.279,2864601_0.262,1.0595418052164094
2864601_0.279,2864601_0.485,1.4172608138184275
2864601_0.279,2864601_0.473,1.0537170777823501
2864601_0.279,2864601_0.189,1.9997746944489558
2864601_0.279,2864601_0.395,1.5278780716451443
2864601_0.279,2864601_0.237,1.1001738132674048
2864601_0.279,2864601_0.372,1.0632424796854154
2864601_0.279,2864601_0.472,1.0862520335465469
2864601_0.279,2864601_0.436,1.690690818622049
2864601_0.279,2864601_0.454,1.1901736221898649
2864601_0.279,2864601_0.377,1.040599420104728
2864601_0.279,2864601_0.212,1.7402737880087782
2864601_0.279,2864601_0.123,1.0537450055837707
2864601_0.279,2864601_0.288,0.9794902141048141
2864601_0.279,2864601_0.349,1.0136206093873628
2864601_0.279,2864601_0.510,1.1128686270361883
2864601_0.279,2864601_0.376,1.0072512293482925
2864601_0.279,2864601_0.305,1.1657021704743011
2864601_0.279,2864601_0.496,1.1797325211571792
2864601_0.279,2864601_0.261,1.0406478313267526
2864601_0.279,2864601_0.252,1.0776332713343706
2864601_0.279,2864601_0.208,1.0858425107797047
2864601_0.279,2864601_0.230,1.0210102704765667
2864601_0.279,2864601_0.452,1.1996382404196841
2864601_0.279,2864601_0.498,1.0125421077573808
2864601_0.279,2864601_0.271,1.0227801963006407
2864601_0.279,2864601_0.450,3.5937268820154524
2864601_0.279,2864601_0.46,1.0392983976535255
2864601_0.279,2864601_0.308,1.0191130606857164
2864601_0.279,2864601_0.163,1.1707622265453697
2864601_0.279,2864601_0.246,1.1084655907848158
2864601_0.279,2864601_0.438,0.9889355449885034
2864601_0.279,2864601_0.362,0.9924684208290228
2864601_0.279,2864601_0.136,1.267674082834704
2864601_0.279,2864601_0.250,1.3671790228413438
2864601_0.279,2864601_0.247,1.0504186392866917
2864601_0.279,2864601_0.382,3.7446617037274694
2864601_0.279,2864601_0.307,1.000202828000819
2864601_0.279,2864601_0.339,1.6318460065216955
2864601_0.279,2864601_0.426,1.9156303619771509
2864601_0.279,2864601_0.379,1.1421307527512343
2864601_0.353,2864601_0.175,1.152510923319722
2864601_0.353,2864601_0.277,1.0649451804063814
2864601_0.353,2864601_0.463,1.8049721415662041
2864601_0.353,2864601_0.229,1.2250691529496733
2864601_0.353,2864601_0.224,0.9511285473290872
2864601_0.353,2864601_0.373,1.228770351802822
2864601_0.353,2864601_0.481,1.0633393058902896
2864601_0.353,2864601_0.289,0.9254240252008795
2864601_0.353,2864601_0.393,1.0910715115324163
2864601_0.353,2864601_0.406,0.8912831184200847
2864601_0.353,2864601_0.206,1.0632946649615798
2864601_0.353,2864601_0.284,2.0327444706810924
2864601_0.353,2864601_0.235,1.0283857388608835
2864601_0.353,2864601_0.405,1.1813486640497604
2864601_0.353,2864601_0.398,1.3889185578851015
2864601_0.353,2864601_0.358,1.0212343250470248
2864601_0.353,2864601_0.242,1.072480536139899
2864601_0.353,2864601_0.490,0.9955914042901723
2864601_0.353,2864601_0.263,0.9489295684203721
2864601_0.353,2864601_0.211,1.0919619959794622
2864601_0.353,2864601_0.292,2.2743499372275027
2864601_0.353,2864601_0.276,0.9538733420567139
2864601_0.353,2864601_0.427,0.9437626063793573
2864601_0.353,2864601_0.461,0.903332192582145
2864601_0.353,2864601_0.471,1.0622858051847728
2864601_0.353,2864601_0.440,1.5941935804664864
2864601_0.353,2864601_0.457,0.9270271112418036
2864601_0.353,2864601_0.400,0.9170125115394199
2864601_0.353,2864601_0.385,2.4645518013347814
2864601_0.353,2864601_0.350,0.9869398522637276
2864601_0.353,2864601_0.416,1.7775218871625946
2864601_0.353,2864601_0.342,0.9740103102543377
2864601_0.353,2864601_0.359,0.9899780865157459
2864601_0.353,2864601_0.475,1.1600900921474662
2864601_0.353,2864601_0.462,4.920425379499422
2864601_0.353,2864601_0.268,3.446084753533609
2864601_0.353,2864601_0.262,1.13889856087402
2864601_0.353,2864601_0.485,1.562163469845432
2864601_0.353,2864601_0.473,1.214065852644102
2864601_0.353,2864601_0.189,1.906470808122293
2864601_0.353,2864601_0.395,1.6537965146677414
2864601_0.353,2864601_0.237,1.1101951958667906
2864601_0.353,2864601_0.372,1.0468478757135606
2864601_0.353,2864601_0.472,1.0281428169438713
2864601_0.353,2864601_0.436,1.7271732568022942
2864601_0.353,2864601_0.454,1.067946108100816
2864601_0.353,2864601_0.377,1.0898271571101013
2864601_0.353,2864601_0.212,1.651580458473931
2864601_0.353,2864601_0.123,1.168446860416
2864601_0.353,2864601_0.288,1.1697121251773663
2864601_0.353,2864601_0.349,0.8206801441318029
2864601_0.353,2864601_0.510,1.1947260019178483
2864601_0.353,2864601_0.376,1.1680500263423936
2864601_0.353,2864601_0.305,1.1297753289915484
2864601_0.353,2864601_0.496,1.1824072559588368
2864601_0.353,2864601_0.261,1.068937042648166
2864601_0.353,2864601_0.252,1.2776605601578674
2864601_0.353,2864601_0.208,1.0946694598970246
2864601_0.353,2864601_0.230,0.919333797022169
2864601_0.353,2864601_0.452,1.0278396280783888
2864601_0.353,2864601_0.498,1.0453161959033634
2864601_0.353,2864601_0.271,1.3660806404726549
2864601_0.353,2864601_0.450,3.6516317215459213
2864601_0.353,2864601_0.46,1.1666839077475144
2864601_0.353,2864601_0.308,1.0380853084670092
2864601_0.353,2864601_0.163,1.0409185423811693
2864601_0.353,2864601_0.246,0.9158342362071393
2864601_0.353,2864601_0.438,1.0907046128978766
2864601_0.353,2864601_0.362,1.1279246238951157
2864601_0.353,2864601_0.136,1.1294064307600233
2864601_0.353,2864601_0.250,1.3372026375527728
2864601_0.353,2864601_0.247,0.9908245459859814
2864601_0.353,2864601_0.382,3.685308542220445
2864601_0.353,2864601_0.307,0.9354016251110994
2864601_0.353,2864601_0.339,1.276003373559198
2864601_0.353,2864601_0.426,1.7182322257696239
2864601_0.353,2864601_0.379,1.0859036235322008
2864601_0.175,2864601_0.277,1.0400583310035614
2864601_0.175,2864601_0.463,1.8743190226068533
2864601_0.175,2864601_0.229,1.0983295226287826
2864601_0.175,2864601_0.224,1.1340647645962196
2864601_0.175,2864601_0.373,1.0004901592681104
2864601_0.175,2864601_0.481,1.085320905975508
2864601_0.175,2864601_0.289,1.1121044334489953
2864601_0.175,2864601_0.393,0.9796765591849627
2864601_0.175,2864601_0.406,1.1771270396210491
2864601_0.175,2864601_0.206,1.1151908674481907
2864601_0.175,2864601_0.284,2.1276307445939504
2864601_0.175,2864601_0.235,1.2972873420314681
2864601_0.175,2864601_0.405,1.2314323941490253
2864601_0.175,2864601_0.398,1.2704890362927284
2864601_0.175,2864601_0.358,1.2144816023958453
2864601_0.175,2864601_0.242,1.0137004090618786
2864601_0.175,2864601_0.490,1.0280444151035488
2864601_0.175,2864601_0.263,1.0397978309652747
2864601_0.175,2864601_0.211,0.986155397057035
2864601_0.175,2864601_0.292,2.363715235468334
2864601_0.175,2864601_0.276,0.9955666899161756
2864601_0.175,2864601_0.427,0.9848691704175905
2864601_0.175,2864601_0.461,0.951290252948796
2864601_0.175,2864601_0.471,1.0011469559007955
2864601_0.175,2864601_0.440,1.299252149477792
2864601_0.175,2864601_0.457,1.0085419736668617
2864601_0.175,2864601_0.400,1.1094803928800117
2864601_0.175,2864601_0.385,2.661233495334234
2864601_0.175,2864601_0.350,0.9533905330228295
2864601_0.175,2864601_0.416,1.7019520040017417
2864601_0.175,2864601_0.342,1.0880982537474913
2864601_0.175,2864601_0.359,0.9880989763862651
2864601_0.175,2864601_0.475,0.9240455797173853
2864601_0.175,2864601_0.462,4.688463001598331
2864601_0.175,2864601_0.268,3.43819741909916
2864601_0.175,2864601_0.262,0.992076416376114
2864601_0.175,2864601_0.485,1.350602525877142
2864601_0.175,2864601_0.473,1.2587902101423578
2864601_0.175,2864601_0.189,1.842305354397576
2864601_0.175,2864601_0.395,1.261346222751413
2864601_0.175,2864601_0.237,1.389469645467171
2864601_0.175,2864601_0.372,1.1231775583024692
2864601_0.175,2864601_0.472,1.1304394040765635
2864601_0.175,2864601_0.436,1.8458549113439016
2864601_0.175,2864601_0.454,1.3233730813186537
2864601_0.175,2864601_0.377,1.0340126464013868
2864601_0.175,2864601_0.212,1.6682110299727242
2864601_0.175,2864601_0.123,1.1606108458538058
2864601_0.175,2864601_0.288,1.184106581549543
2864601_0.175,2864601_0.349,1.0284838865970962
2864601_0.175,2864601_0.510,1.0551416164992
2864601_0.175,2864601_0.376,1.135040933018491
2864601_0.175,2864601_0.305,1.331988165760679
2864601_0.175,2864601_0.496,1.1352010042610614
2864601_0.175,2864601_0.261,1.231146737715576
2864601_0.175,2864601_0.252,1.1564717328680312
2864601_0.175,2864601_0.208,0.9675425065365831
2864601_0.175,2864601_0.230,1.0810288975331255
2864601_0.175,2864601_0.452,1.0573984712230244
2864601_0.175,2864601_0.498,1.1046999965359654
2864601_0.175,2864601_0.271,1.414823105473701
2864601_0.175,2864601_0.450,3.471327280918174
2864601_0.175,2864601_0.46,0.9724998874139141
2864601_0.175,2864601_0.308,1.1396596789656854
2864601_0.175,2864601_0.163,1.0551751967294496
2864601_0.175,2864601_0.246,1.2165447844527915
2864601_0.175,2864601_0.438,0.9448956890470025
2864601_0.175,2864601_0.362,1.0005505550205187
2864601_0.175,2864601_0.136,1.3124937708825168
2864601_0.175,2864601_0.250,1.0561240601765403
2864601_0.175,2864601_0.247,1.0575756454117315
2864601_0.175,2864601_0.382,3.6414035911726628
2864601_0.175,2864601_0.307,1.0494514389828349
2864601_0.175,2864601_0.339,1.5979664480396412
2864601_0.175,2864601_0.426,1.924103917211836
2864601_0.175,2864601_0.379,1.3478902495805243
2864601_0.277,2864601_0.463,1.956703904297086
2864601_0.277,2864601_0.229,1.0973213830866748
2864601_0.277,2864601_0.224,1.0565258466833731
2864601_0.277,2864601_0.373,1.1762235125123988
2864601_0.277,2864601_0.481,1.1012159493454161
2864601_0.277,2864601_0.289,1.066400579327848
2864601_0.277,2864601_0.393,1.0038146347554042
2864601_0.277,2864601_0.406,0.9833452525570642
2864601_0.277,2864601_0.206,1.0907381338806448
2864601_0.277,2864601_0.284,2.0850438073351456
2864601_0.277,2864601_0.235,1.1211319694648574
2864601_0.277,2864601_0.405,1.2832430801788204
2864601_0.277,2864601_0.398,1.284129254235788
2864601_0.277,2864601_0.358,1.183815717627571
2864601_0.277,2864601_0.242,1.025141638463632
2864601_0.277,2864601_0.490,0.9705688722372275
2864601_0.277,2864601_0.263,1.028728772270068
2864601_0.277,2864601_0.211,1.18859676246788
2864601_0.277,2864601_0.292,2.407909534233589
2864601_0.277,2864601_0.276,1.0423320295830496
2864601_0.277,2864601_0.427,1.0365134978977082
2864601_0.277,2864601_0.461,0.9800140652918998
2864601_0.277,2864601_0.471,0.9929570648338487
2864601_0.277,2864601_0.440,1.4338613337619437
2864601_0.277,2864601_0.457,1.080251418445064
2864601_0.277,2864601_0.400,1.069995594443663
2864601_0.277,2864601_0.385,2.673094216586645
2864601_0.277,2864601_0.350,1.0273745390043638
2864601_0.277,2864601_0.416,1.8322456995347105
2864601_0.277,2864601_0.342,1.0450276100004696
2864601_0.277,2864601_0.359,0.974865786799216
2864601_0.277,2864601_0.475,1.1112493329413815
2864601_0.277,2864601_0.462,4.879722237951658
2864601_0.277,2864601_0.268,3.4647184436203373
2864601_0.277,2864601_0.262,1.0435433047587177
2864601_0.277,2864601_0.485,1.5350880366787647
2864601_0.277,2864601_0.473,1.0800853419533583
2864601_0.277,2864601_0.189,1.9258929966788647
2864601_0.277,2864601_0.395,1.5657532404098635
2864601_0.277,2864601_0.237,1.3303121851118405
2864601_0.277,2864601_0.372,0.9941560622445805
2864601_0.277,2864601_0.472,1.1003614510377955
2864601_0.277,2864601_0.436,1.929223276780179
2864601_0.277,2864601_0.454,1.2795183272415451
2864601_0.277,2864601_0.377,1.0244419081901894
2864601_0.277,2864601_0.212,1.747465555959775
2864601_0.277,2864601_0.123,1.229879240412127
2864601_0.277,2864601_0.288,1.2224077829852407
2864601_0.277,2864601_0.349,0.8920035661543029
2864601_0.277,2864601_0.510,1.1635750878380153
2864601_0.277,2864601_0.376,1.1743175137818505
2864601_0.277,2864601_0.305,1.1275188060536556
2864601_0.277,2864601_0.496,1.1974860850014695
2864601_0.277,2864601_0.261,1.1896034607356547
2864601_0.277,2864601_0.252,1.2419513153013724
2864601_0.277,2864601_0.208,1.2283880789995525
2864601_0.277,2864601_0.230,1.026553311341242
2864601_0.277,2864601_0.452,0.9746082516297032
2864601_0.277,2864601_0.498,1.1369186352173761
2864601_0.277,2864601_0.271,1.4014628491886418
2864601_0.277,2864601_0.450,3.632416559513626
2864601_0.277,2864601_0.46,1.185271545592897
2864601_0.277,2864601_0.308,0.955203042207996
2864601_0.277,2864601_0.163,1.175266636294822
2864601_0.277,2864601_0.246,1.1956741942268838
2864601_0.277,2864601_0.438,1.126565709100694
2864601_0.277,2864601_0.362,1.15255004487144
2864601_0.277,2864601_0.136,1.216595454821312
2864601_0.277,2864601_0.250,1.309914560583058
2864601_0.277,2864601_0.247,0.9463981791252123
2864601_0.277,2864601_0.382,3.7160245171309207
2864601_0.277,2864601_0.307,1.046711176309308
2864601_0.277,2864601_0.339,1.549665278958777
2864601_0.277,2864601_0.426,1.8345607845050238
2864601_0.277,2864601_0.379,1.3112183668578397
2864601_0.463,2864601_0.229,2.0664674901125006
2864601_0.463,2864601_0.224,1.817016565207155
2864601_0.463,2864601_0.373,1.9003376305453044
2864601_0.463,2864601_0.481,1.9614307050250686
2864601_0.463,2864601_0.289,1.8432327551726218
2864601_0.463,2864601_0.393,1.956212983545176
2864601_0.463,2864601_0.406,1.8192903905435507
2864601_0.463,2864601_0.206,1.869332203225092
2864601_0.463,2864601_0.284,1.0485696416794137
2864601_0.463,2864601_0.235,1.9761882892581382
2864601_0.463,2864601_0.405,1.826590985271856
2864601_0.463,2864601_0.398,2.1775302226412983
2864601_0.463,2864601_0.358,1.9416631614097668
2864601_0.463,2864601_0.242,1.9364956147350594
2864601_0.463,2864601_0.490,1.8382767352599187
2864601_0.463,2864601_0.263,1.8729239393931694
2864601_0.463,2864601_0.211,1.6062507846336749
2864601_0.463,2864601_0.292,1.1840231123713039
2864601_0.463,2864601_0.276,1.8780640036854972
2864601_0.463,2864601_0.427,1.911848522677533
2864601_0.463,2864601_0.461,1.8503228626199215
2864601_0.463,2864601_0.471,1.939520738457414
2864601_0.463,2864601_0.440,2.239691232538998
2864601_0.463,2864601_0.457,1.837859301492205
2864601_0.463,2864601_0.400,1.831919075708108
2864601_0.463,2864601_0.385,1.3286197823310468
2864601_0.463,2864601_0.350,1.7580350690978424
2864601_0.463,2864601_0.416,2.472600528743275
2864601_0.463,2864601_0.342,1.9264840844020252
2864601_0.463,2864601_0.359,1.9383385003110039
2864601_0.463,2864601_0.475,1.8981260177582011
2864601_0.463,2864601_0.462,5.2217498618971145
2864601_0.463,2864601_0.268,2.2132133970330403
2864601_0.463,2864601_0.262,1.9696272250168623
2864601_0.463,2864601_0.485,2.2668546144085555
2864601_0.463,2864601_0.473,2.0577310336374626
2864601_0.463,2864601_0.189,1.067054885009458
2864601_0.463,2864601_0.395,2.2602203808798844
2864601_0.463,2864601_0.237,2.027706308197174
2864601_0.463,2864601_0.372,1.9584140772380187
2864601_0.463,2864601_0.472,1.8935441600711216
2864601_0.463,2864601_0.436,2.1981997325163576
2864601_0.463,2864601_0.454,1.8806879320633967
2864601_0.463,2864601_0.377,1.8695554320782024
2864601_0.463,2864601_0.212,1.0472240946095674
2864601_0.463,2864601_0.123,2.014578167925915
2864601_0.463,2864601_0.288,2.0731742390646994
2864601_0.463,2864601_0.349,1.8142344368355878
2864601_0.463,2864601_0.510,2.0497541554166396
2864601_0.463,2864601_0.376,1.9906065380511968
2864601_0.463,2864601_0.305,2.0057020463445463
2864601_0.463,2864601_0.496,1.9292080735502524
2864601_0.463,2864601_0.261,1.9096101611577996
2864601_0.463,2864601_0.252,2.046768053853673
2864601_0.463,2864601_0.208,1.8800979430520772
2864601_0.463,2864601_0.230,1.8391355429354976
2864601_0.463,2864601_0.452,1.8219644221474487
2864601_0.463,2864601_0.498,1.944294504928158
2864601_0.463,2864601_0.271,2.219088641217479
2864601_0.463,2864601_0.450,2.4029428549935
2864601_0.463,2864601_0.46,1.9546585338672156
2864601_0.463,2864601_0.308,1.919585647817877
2864601_0.463,2864601_0.163,1.5449532567669593
2864601_0.463,2864601_0.246,1.721438456168378
2864601_0.463,2864601_0.438,1.9521905448296117
2864601_0.463,2864601_0.362,1.9667341282611357
2864601_0.463,2864601_0.136,1.5871061142064542
2864601_0.463,2864601_0.250,2.0079457054625336
2864601_0.463,2864601_0.247,1.8571418502562769
2864601_0.463,2864601_0.382,2.2659083476564628
2864601_0.463,2864601_0.307,1.85688163885075
2864601_0.463,2864601_0.339,1.2646385273183083
2864601_0.463,2864601_0.426,1.1003670451309058
2864601_0.463,2864601_0.379,2.0305066008648307
2864601_0.229,2864601_0.224,1.3557498850076564
2864601_0.229,2864601_0.373,1.0095948887412074
2864601_0.229,2864601_0.481,1.1223389162012007
2864601_0.229,2864601_0.289,1.2339808327629758
2864601_0.229,2864601_0.393,1.1033410380039097
2864601_0.229,2864601_0.406,1.2840769195062338
2864601_0.229,2864601_0.206,1.061622070379693
2864601_0.229,2864601_0.284,2.209049474484076
2864601_0.229,2864601_0.235,1.3133934771408677
2864601_0.229,2864601_0.405,1.2839727137499037
2864601_0.229,2864601_0.398,1.1078271668770763
2864601_0.229,2864601_0.358,1.2272819756790978
2864601_0.229,2864601_0.242,1.2171357349898375
2864601_0.229,2864601_0.490,1.1513917845501473
2864601_0.229,2864601_0.263,1.0462557041769887
2864601_0.229,2864601_0.211,1.284253291355292
2864601_0.229,2864601_0.292,2.4643640467332215
2864601_0.229,2864601_0.276,1.194548456964394
2864601_0.229,2864601_0.427,1.1847780422728498
2864601_0.229,2864601_0.461,1.2037991058786197
2864601_0.229,2864601_0.471,1.1057618867885484
2864601_0.229,2864601_0.440,1.0930689213700213
2864601_0.229,2864601_0.457,1.239146417447763
2864601_0.229,2864601_0.400,1.1716564337838995
2864601_0.229,2864601_0.385,2.7762525239966216
2864601_0.229,2864601_0.350,1.248388393896003
2864601_0.229,2864601_0.416,1.2595583638637036
2864601_0.229,2864601_0.342,1.1556923926903186
2864601_0.229,2864601_0.359,1.069309310979065
2864601_0.229,2864601_0.475,1.157251290962695
2864601_0.229,2864601_0.462,4.247334437733704
2864601_0.229,2864601_0.268,3.511016383458579
2864601_0.229,2864601_0.262,0.9451323277992538
2864601_0.229,2864601_0.485,1.0390370899471533
2864601_0.229,2864601_0.473,1.0414951198664084
2864601_0.229,2864601_0.189,2.0335974395505834
2864601_0.229,2864601_0.395,1.05349061250136
2864601_0.229,2864601_0.237,1.3856178650870759
2864601_0.229,2864601_0.372,1.0993809888222614
2864601_0.229,2864601_0.472,1.199040472144666
2864601_0.229,2864601_0.436,1.9965434937210205
2864601_0.229,2864601_0.454,1.4201370109375433
2864601_0.229,2864601_0.377,1.1034046550642183
2864601_0.229,2864601_0.212,1.9155470385303872
2864601_0.229,2864601_0.123,1.1264662628969098
2864601_0.229,2864601_0.288,1.182307009577502
2864601_0.229,2864601_0.349,1.1200523207280038
2864601_0.229,2864601_0.510,1.0521098085992975
2864601_0.229,2864601_0.376,1.1066893014821242
2864601_0.229,2864601_0.305,1.39821548189464
2864601_0.229,2864601_0.496,1.1746229225094145
2864601_0.229,2864601_0.261,1.1425075745676436
2864601_0.229,2864601_0.252,1.1856264252985809
2864601_0.229,2864601_0.208,1.0971779641371984
2864601_0.229,2864601_0.230,1.1054949680630115
2864601_0.229,2864601_0.452,1.2671724232769481
2864601_0.229,2864601_0.498,1.1800972424331002
2864601_0.229,2864601_0.271,1.1976714553034085
2864601_0.229,2864601_0.450,3.494682037710704
2864601_0.229,2864601_0.46,1.0429052744328178
2864601_0.229,2864601_0.308,1.131500559148971
2864601_0.229,2864601_0.163,1.2368369635239287
2864601_0.229,2864601_0.246,1.3263073542635446
2864601_0.229,2864601_0.438,1.1029522887007126
2864601_0.229,2864601_0.362,0.9535536653224059
2864601_0.229,2864601_0.136,1.359842414971255
2864601_0.229,2864601_0.250,1.1302650101021998
2864601_0.229,2864601_0.247,1.1074166132323298
2864601_0.229,2864601_0.382,3.706464064195202
2864601_0.229,2864601_0.307,1.1440993329194504
2864601_0.229,2864601_0.339,1.6892083047374946
2864601_0.229,2864601_0.426,2.0261547093689765
2864601_0.229,2864601_0.379,1.2311594059886488
2864601_0.224,2864601_0.373,1.1780541637914148
2864601_0.224,2864601_0.481,1.185404840586619
2864601_0.224,2864601_0.289,1.120660579770673
2864601_0.224,2864601_0.393,1.1640839162988537
2864601_0.224,2864601_0.406,1.0718983899111512
2864601_0.224,2864601_0.206,1.1491933896997526
2864601_0.224,2864601_0.284,2.0596694100020274
2864601_0.224,2864601_0.235,1.2858485190894962
2864601_0.224,2864601_0.405,1.1339900424706395
2864601_0.224,2864601_0.398,1.518331361446885
2864601_0.224,2864601_0.358,1.2021559099378287
2864601_0.224,2864601_0.242,0.8729506079392665
2864601_0.224,2864601_0.490,0.9578153013893239
2864601_0.224,2864601_0.263,1.0385852399485955
2864601_0.224,2864601_0.211,1.0737280951602335
2864601_0.224,2864601_0.292,2.315236488934432
2864601_0.224,2864601_0.276,1.0086749594467468
2864601_0.224,2864601_0.427,1.0553157996328535
2864601_0.224,2864601_0.461,0.9929714584313383
2864601_0.224,2864601_0.471,1.029478971311009
2864601_0.224,2864601_0.440,1.6395039202272612
2864601_0.224,2864601_0.457,1.0879736117385645
2864601_0.224,2864601_0.400,1.028509920220185
2864601_0.224,2864601_0.385,2.585989164055771
2864601_0.224,2864601_0.350,0.8834303817077632
2864601_0.224,2864601_0.416,2.070490837046201
2864601_0.224,2864601_0.342,1.0885708525392013
2864601_0.224,2864601_0.359,1.126760395258961
2864601_0.224,2864601_0.475,1.114302167006883
2864601_0.224,2864601_0.462,5.063668541389744
2864601_0.224,2864601_0.268,3.43659872995668
2864601_0.224,2864601_0.262,1.2317823711512432
2864601_0.224,2864601_0.485,1.7548723141269986
2864601_0.224,2864601_0.473,1.2595204054806235
2864601_0.224,2864601_0.189,1.8816455917051487
2864601_0.224,2864601_0.395,1.7563900082504138
2864601_0.224,2864601_0.237,1.2111981425541474
2864601_0.224,2864601_0.372,1.0999075683064072
2864601_0.224,2864601_0.472,1.0638256470350518
2864601_0.224,2864601_0.436,1.7870283073235127
2864601_0.224,2864601_0.454,1.132557822629506
2864601_0.224,2864601_0.377,1.0490384221923297
2864601_0.224,2864601_0.212,1.6446307287481996
2864601_0.224,2864601_0.123,1.249926204738497
2864601_0.224,2864601_0.288,1.2420892905675827
2864601_0.224,2864601_0.349,0.9297606928599945
2864601_0.224,2864601_0.510,1.2392014564784593
2864601_0.224,2864601_0.376,1.2721836271398896
2864601_0.224,2864601_0.305,1.0858363516351281
2864601_0.224,2864601_0.496,1.0718658306633495
2864601_0.224,2864601_0.261,1.1491943117592063
2864601_0.224,2864601_0.252,1.2907974480880686
2864601_0.224,2864601_0.208,1.1618849895243544
2864601_0.224,2864601_0.230,0.9214847525708931
2864601_0.224,2864601_0.452,1.019800139993196
2864601_0.224,2864601_0.498,1.099858596974528
2864601_0.224,2864601_0.271,1.5073638760906551
2864601_0.224,2864601_0.450,3.632791441359791
2864601_0.224,2864601_0.46,1.225033742206349
2864601_0.224,2864601_0.308,1.0446921629086754
2864601_0.224,2864601_0.163,1.0314416806924191
2864601_0.224,2864601_0.246,1.0413413604987058
2864601_0.224,2864601_0.438,1.1896172028194465
2864601_0.224,2864601_0.362,1.2515917684974656
2864601_0.224,2864601_0.136,1.1167166978689116
2864601_0.224,2864601_0.250,1.4210615130691138
2864601_0.224,2864601_0.247,0.9074329969594827
2864601_0.224,2864601_0.382,3.7003721603514337
2864601_0.224,2864601_0.307,1.0680510734507669
2864601_0.224,2864601_0.339,1.3200467739264217
2864601_0.224,2864601_0.426,1.7793184410101759
2864601_0.224,2864601_0.379,1.3767921761928967
2864601_0.373,2864601_0.481,1.0768340756303538
2864601_0.373,2864601_0.289,1.1681076686063698
2864601_0.373,2864601_0.393,1.035213658688965
2864601_0.373,2864601_0.406,1.2803049529888695
2864601_0.373,2864601_0.206,0.9956426555290999
2864601_0.373,2864601_0.284,2.163138978376741
2864601_0.373,2864601_0.235,1.3718561717866369
2864601_0.373,2864601_0.405,1.1823635349778068
2864601_0.373,2864601_0.398,1.1892401926493101
2864601_0.373,2864601_0.358,1.135147568618979
2864601_0.373,2864601_0.242,1.1098202187890511
2864601_0.373,2864601_0.490,1.0802265655687842
2864601_0.373,2864601_0.263,0.9872475097372714
2864601_0.373,2864601_0.211,1.0606846848821339
2864601_0.373,2864601_0.292,2.3960889503443914
2864601_0.373,2864601_0.276,1.148265034197275
2864601_0.373,2864601_0.427,1.1593963105407803
2864601_0.373,2864601_0.461,1.1542158992128975
2864601_0.373,2864601_0.471,1.08475530317013
2864601_0.373,2864601_0.440,1.186937963510927
2864601_0.373,2864601_0.457,1.1356001041623254
2864601_0.373,2864601_0.400,1.0865599808234703
2864601_0.373,2864601_0.385,2.7146726716338105
2864601_0.373,2864601_0.350,1.06926606512207
2864601_0.373,2864601_0.416,1.510751389729881
2864601_0.373,2864601_0.342,1.1307065132580154
2864601_0.373,2864601_0.359,1.0090740541041137
2864601_0.373,2864601_0.475,0.9864884072836263
2864601_0.373,2864601_0.462,4.498042262582344
2864601_0.373,2864601_0.268,3.5449143113484927
2864601_0.373,2864601_0.262,1.0140459571218388
2864601_0.373,2864601_0.485,1.2592343891406481
2864601_0.373,2864601_0.473,1.1633007357814806
2864601_0.373,2864601_0.189,1.9613857801132992
2864601_0.373,2864601_0.395,1.1626454764040013
2864601_0.373,2864601_0.237,1.392816735592657
2864601_0.373,2864601_0.372,1.2287113615069465
2864601_0.373,2864601_0.472,1.0867284525284482
2864601_0.373,2864601_0.436,1.8468210364849822
2864601_0.373,2864601_0.454,1.3746801532150184
2864601_0.373,2864601_0.377,1.1293348968448667
2864601_0.373,2864601_0.212,1.7469370300255198
2864601_0.373,2864601_0.123,1.1262915359250898
2864601_0.373,2864601_0.288,1.1256382446317876
2864601_0.373,2864601_0.349,1.0881499977096036
2864601_0.373,2864601_0.510,1.0424221394677127
2864601_0.373,2864601_0.376,1.0249430670819673
2864601_0.373,2864601_0.305,1.3653583702864636
2864601_0.373,2864601_0.496,1.031578692947129
2864601_0.373,2864601_0.261,1.0975335263549055
2864601_0.373,2864601_0.252,1.035945612043587
2864601_0.373,2864601_0.208,0.9690980734926948
2864601_0.373,2864601_0.230,1.1038189781981644
2864601_0.373,2864601_0.452,1.1748330626425936
2864601_0.373,2864601_0.498,1.0910226903787756
2864601_0.373,2864601_0.271,1.2339946611628618
2864601_0.373,2864601_0.450,3.4363968985171964
2864601_0.373,2864601_0.46,1.0135108189831843
2864601_0.373,2864601_0.308,1.1999976759283089
2864601_0.373,2864601_0.163,0.9848698464312964
2864601_0.373,2864601_0.246,1.1900489433038635
2864601_0.373,2864601_0.438,0.9464021744688714
2864601_0.373,2864601_0.362,0.9868768211407838
2864601_0.373,2864601_0.136,1.295656565899807
2864601_0.373,2864601_0.250,1.100898203644153
2864601_0.373,2864601_0.247,1.1330475168398384
2864601_0.373,2864601_0.382,3.6652409891426996
2864601_0.373,2864601_0.307,1.0256290451071814
2864601_0.373,2864601_0.339,1.5411983593085157
2864601_0.373,2864601_0.426,1.9501833274753806
2864601_0.373,2864601_0.379,1.235538532710891
2864601_0.481,2864601_0.289,0.9730075163033371
2864601_0.481,2864601_0.393,1.0125219704475168
2864601_0.481,2864601_0.406,1.0656010699712626
2864601_0.481,2864601_0.206,1.0782317513966742
2864601_0.481,2864601_0.284,2.176202207432824
2864601_0.481,2864601_0.235,1.060997043037485
2864601_0.481,2864601_0.405,1.177867038937949
2864601_0.481,2864601_0.398,1.1821410286292595
2864601_0.481,2864601_0.358,0.9052510755899839
2864601_0.481,2864601_0.242,1.1146219471762036
2864601_0.481,2864601_0.490,0.9950963421993991
2864601_0.481,2864601_0.263,0.9735056684555355
2864601_0.481,2864601_0.211,1.2235276173599343
2864601_0.481,2864601_0.292,2.36740358576455
2864601_0.481,2864601_0.276,1.0016184529734196
2864601_0.481,2864601_0.427,1.0096035748614898
2864601_0.481,2864601_0.461,0.96661883059871
2864601_0.481,2864601_0.471,1.1141103510581734
2864601_0.481,2864601_0.440,1.309979370598753
2864601_0.481,2864601_0.457,0.9785007511532972
2864601_0.481,2864601_0.400,1.0287557174615731
2864601_0.481,2864601_0.385,2.631982035280293
2864601_0.481,2864601_0.350,1.0781348866430007
2864601_0.481,2864601_0.416,1.5654356608734008
2864601_0.481,2864601_0.342,0.9854378521941904
2864601_0.481,2864601_0.359,0.967177647495758
2864601_0.481,2864601_0.475,1.0364890342560626
2864601_0.481,2864601_0.462,4.748015493359377
2864601_0.481,2864601_0.268,3.4477043913905
2864601_0.481,2864601_0.262,1.0209249406090795
2864601_0.481,2864601_0.485,1.3737266991284875
2864601_0.481,2864601_0.473,1.1921617151297146
2864601_0.481,2864601_0.189,1.9866854107678187
2864601_0.481,2864601_0.395,1.4240309622422687
2864601_0.481,2864601_0.237,1.2942310622137585
2864601_0.481,2864601_0.372,1.1634189186585946
2864601_0.481,2864601_0.472,1.1324096809086668
2864601_0.481,2864601_0.436,1.6178170867867643
2864601_0.481,2864601_0.454,1.2492823907482153
2864601_0.481,2864601_0.377,1.0634555884758958
2864601_0.481,2864601_0.212,1.6890443079946624
2864601_0.481,2864601_0.123,1.0750773413208299
2864601_0.481,2864601_0.288,1.0614984404514738
2864601_0.481,2864601_0.349,0.9517324912614528
2864601_0.481,2864601_0.510,1.1473998142887936
2864601_0.481,2864601_0.376,1.009499604499255
2864601_0.481,2864601_0.305,1.3213241128704423
2864601_0.481,2864601_0.496,1.0946535529449046
2864601_0.481,2864601_0.261,0.9723005939128987
2864601_0.481,2864601_0.252,1.1281654033599637
2864601_0.481,2864601_0.208,1.1076636300168272
2864601_0.481,2864601_0.230,1.0392758140979346
2864601_0.481,2864601_0.452,1.1548265296393092
2864601_0.481,2864601_0.498,1.0259112360442273
2864601_0.481,2864601_0.271,1.2347759702306336
2864601_0.481,2864601_0.450,3.5573468213034865
2864601_0.481,2864601_0.46,1.056185319668982
2864601_0.481,2864601_0.308,1.0790491341821429
2864601_0.481,2864601_0.163,1.1503548277680997
2864601_0.481,2864601_0.246,1.1571665454593696
2864601_0.481,2864601_0.438,0.9165797097431166
2864601_0.481,2864601_0.362,1.1620184709732644
2864601_0.481,2864601_0.136,1.212257735859931
2864601_0.481,2864601_0.250,1.3491560827554174
2864601_0.481,2864601_0.247,1.1205561911459674
2864601_0.481,2864601_0.382,3.684931161590804
2864601_0.481,2864601_0.307,1.0793538323884102
2864601_0.481,2864601_0.339,1.5565501557983292
2864601_0.481,2864601_0.426,1.873049884410196
2864601_0.481,2864601_0.379,1.1233334381551845
2864601_0.289,2864601_0.393,1.0330778664847302
2864601_0.289,2864601_0.406,1.0862512650687437
2864601_0.289,2864601_0.206,1.0966954312587138
2864601_0.289,2864601_0.284,2.106466276283205
2864601_0.289,2864601_0.235,0.9649380732660104
2864601_0.289,2864601_0.405,1.1598079104743229
2864601_0.289,2864601_0.398,1.3397422279429667
2864601_0.289,2864601_0.358,1.0384238523384532
2864601_0.289,2864601_0.242,1.1564375947808223
2864601_0.289,2864601_0.490,0.9487484512851188
2864601_0.289,2864601_0.263,0.956870817536096
2864601_0.289,2864601_0.211,1.1510356902906391
2864601_0.289,2864601_0.292,2.3486032886290653
2864601_0.289,2864601_0.276,0.955387584225854
2864601_0.289,2864601_0.427,0.8869906199843047
2864601_0.289,2864601_0.461,0.9015068372621478
2864601_0.289,2864601_0.471,1.0746289231205712
2864601_0.289,2864601_0.440,1.4482295406080603
2864601_0.289,2864601_0.457,0.8853390594798598
2864601_0.289,2864601_0.400,0.9127551161335054
2864601_0.289,2864601_0.385,2.5854559715824728
2864601_0.289,2864601_0.350,0.9694695708608099
2864601_0.289,2864601_0.416,1.7602117243143538
2864601_0.289,2864601_0.342,0.9631523793335643
2864601_0.289,2864601_0.359,0.9958245593509895
2864601_0.289,2864601_0.475,1.031116707514029
2864601_0.289,2864601_0.462,4.891819439417416
2864601_0.289,2864601_0.268,3.436014171923638
2864601_0.289,2864601_0.262,1.066770195162355
2864601_0.289,2864601_0.485,1.4767586883095598
2864601_0.289,2864601_0.473,1.1991010349197628
2864601_0.289,2864601_0.189,1.9202715259936791
2864601_0.289,2864601_0.395,1.561139772937556
2864601_0.289,2864601_0.237,1.225927457711287
2864601_0.289,2864601_0.372,1.1543759951900627
2864601_0.289,2864601_0.472,1.0690586224886323
2864601_0.289,2864601_0.436,1.734555118235044
2864601_0.289,2864601_0.454,1.1620155349640646
2864601_0.289,2864601_0.377,1.029332495755955
2864601_0.289,2864601_0.212,1.6687716004127549
2864601_0.289,2864601_0.123,1.1305739475151337
2864601_0.289,2864601_0.288,1.1135767534280043
2864601_0.289,2864601_0.349,0.9038432110904185
2864601_0.289,2864601_0.510,1.1639400677384064
2864601_0.289,2864601_0.376,1.0437040473630574
2864601_0.289,2864601_0.305,1.209173430644263
2864601_0.289,2864601_0.496,1.1654064970096147
2864601_0.289,2864601_0.261,1.0788572536534642
2864601_0.289,2864601_0.252,1.175479463113978
2864601_0.289,2864601_0.208,1.0894660050527931
2864601_0.289,2864601_0.230,1.0164014497290823
2864601_0.289,2864601_0.452,1.0659258830693739
2864601_0.289,2864601_0.498,0.9319882234336458
2864601_0.289,2864601_0.271,1.3358322137602368
2864601_0.289,2864601_0.450,3.5945288419330765
2864601_0.289,2864601_0.46,1.1141635829899523
2864601_0.289,2864601_0.308,1.0199355968665944
2864601_0.289,2864601_0.163,1.0297212453301965
2864601_0.289,2864601_0.246,1.0017764216231242
2864601_0.289,2864601_0.438,0.9310453153084909
2864601_0.289,2864601_0.362,1.0734246213128933
2864601_0.289,2864601_0.136,1.2648473997778897
2864601_0.289,2864601_0.250,1.243706475354156
2864601_0.289,2864601_0.247,1.0384256241433825
2864601_0.289,2864601_0.382,3.696943490789387
2864601_0.289,2864601_0.307,0.9061181532350648
2864601_0.289,2864601_0.339,1.4852003377583995
2864601_0.289,2864601_0.426,1.7962688960825024
2864601_0.289,2864601_0.379,1.1510157815667137
2864601_0.393,2864601_0.406,1.0935674472660726
2864601_0.393,2864601_0.206,1.084839419127733
2864601_0.393,2864601_0.284,2.1435517089932974
2864601_0.393,2864601_0.235,1.168178699703229
2864601_0.393,2864601_0.405,1.2710795197229405
2864601_0.393,2864601_0.398,1.3049343325691654
2864601_0.393,2864601_0.358,1.0734557320562041
2864601_0.393,2864601_0.242,1.0528744398597882
2864601_0.393,2864601_0.490,0.8938507965768716
2864601_0.393,2864601_0.263,1.036022035722618
2864601_0.393,2864601_0.211,1.0791169109824263
2864601_0.393,2864601_0.292,2.407269872263097
2864601_0.393,2864601_0.276,0.9659339729078564
2864601_0.393,2864601_0.427,0.9981273272845322
2864601_0.393,2864601_0.461,1.0653071075369667
2864601_0.393,2864601_0.471,1.0194012058671378
2864601_0.393,2864601_0.440,1.343627512645818
2864601_0.393,2864601_0.457,0.9236233216955383
2864601_0.393,2864601_0.400,1.0253596121943078
2864601_0.393,2864601_0.385,2.718824951268114
2864601_0.393,2864601_0.350,1.014786091970476
2864601_0.393,2864601_0.416,1.6697654122181185
2864601_0.393,2864601_0.342,0.9435602592444009
2864601_0.393,2864601_0.359,0.9607685555768882
2864601_0.393,2864601_0.475,0.9541434674161907
2864601_0.393,2864601_0.462,4.816577769445739
2864601_0.393,2864601_0.268,3.4371579199992985
2864601_0.393,2864601_0.262,1.0224885022701344
2864601_0.393,2864601_0.485,1.3560207658521095
2864601_0.393,2864601_0.473,1.0690031929153248
2864601_0.393,2864601_0.189,1.9303247541105923
2864601_0.393,2864601_0.395,1.4170263618804446
2864601_0.393,2864601_0.237,1.210099546167468
2864601_0.393,2864601_0.372,1.0457905113357633
2864601_0.393,2864601_0.472,0.9492775001384737
2864601_0.393,2864601_0.436,1.788968274197756
2864601_0.393,2864601_0.454,1.1535721847652052
2864601_0.393,2864601_0.377,0.8979061842843366
2864601_0.393,2864601_0.212,1.7586339221158018
2864601_0.393,2864601_0.123,1.0151257866841192
2864601_0.393,2864601_0.288,0.9816685506954822
2864601_0.393,2864601_0.349,0.9503942500757699
2864601_0.393,2864601_0.510,1.1147655997255908
2864601_0.393,2864601_0.376,0.9856982760438294
2864601_0.393,2864601_0.305,1.3378690348695874
2864601_0.393,2864601_0.496,1.1098971141819483
2864601_0.393,2864601_0.261,1.10939944708227
2864601_0.393,2864601_0.252,1.1590872676498911
2864601_0.393,2864601_0.208,1.1202928649555282
2864601_0.393,2864601_0.230,1.0599937691486707
2864601_0.393,2864601_0.452,0.99846984766039
2864601_0.393,2864601_0.498,0.9662174783914977
2864601_0.393,2864601_0.271,1.238808426326931
2864601_0.393,2864601_0.450,3.5849103976616705
2864601_0.393,2864601_0.46,0.8908057096322354
2864601_0.393,2864601_0.308,1.0271269148154598
2864601_0.393,2864601_0.163,1.1181675059361296
2864601_0.393,2864601_0.246,1.115285769246883
2864601_0.393,2864601_0.438,0.8913856645082027
2864601_0.393,2864601_0.362,1.0278147485139613
2864601_0.393,2864601_0.136,1.2356363260180556
2864601_0.393,2864601_0.250,1.1694001121968927
2864601_0.393,2864601_0.247,0.9761365725708835
2864601_0.393,2864601_0.382,3.7022054601837433
2864601_0.393,2864601_0.307,1.024810389875024
2864601_0.393,2864601_0.339,1.5922758781372743
2864601_0.393,2864601_0.426,1.9111740531367756
2864601_0.393,2864601_0.379,1.2975457343848231
2864601_0.406,2864601_0.206,1.1377002438643389
2864601_0.406,2864601_0.284,2.052425455882794
2864601_0.406,2864601_0.235,1.0484236495052044
2864601_0.406,2864601_0.405,1.2589179936997117
2864601_0.406,2864601_0.398,1.3842228514278783
2864601_0.406,2864601_0.358,1.1496580524919346
2864601_0.406,2864601_0.242,1.1303773607177963
2864601_0.406,2864601_0.490,0.9544611092628895
2864601_0.406,2864601_0.263,1.0698485866128238
2864601_0.406,2864601_0.211,1.2048726908255494
2864601_0.406,2864601_0.292,2.3204880070118006
2864601_0.406,2864601_0.276,1.1162499233045835
2864601_0.406,2864601_0.427,1.1800403720979638
2864601_0.406,2864601_0.461,1.0195958783293586
2864601_0.406,2864601_0.471,1.1463448070682223
2864601_0.406,2864601_0.440,1.616992100866115
2864601_0.406,2864601_0.457,0.9495962569586092
2864601_0.406,2864601_0.400,1.0700469890253064
2864601_0.406,2864601_0.385,2.503969851814166
2864601_0.406,2864601_0.350,1.1100075906532438
2864601_0.406,2864601_0.416,1.8374126637836266
2864601_0.406,2864601_0.342,1.1404406075235034
2864601_0.406,2864601_0.359,1.0821037893260599
2864601_0.406,2864601_0.475,1.2151809866294603
2864601_0.406,2864601_0.462,4.922720038242204
2864601_0.406,2864601_0.268,3.4598436483696613
2864601_0.406,2864601_0.262,1.1395390587788585
2864601_0.406,2864601_0.485,1.6484184204391357
2864601_0.406,2864601_0.473,1.2011105464234815
2864601_0.406,2864601_0.189,2.0003121011863794
2864601_0.406,2864601_0.395,1.706617395447531
2864601_0.406,2864601_0.237,1.3250720122716277
2864601_0.406,2864601_0.372,1.1230909465573218
2864601_0.406,2864601_0.472,1.15758220364543
2864601_0.406,2864601_0.436,1.7226922604561885
2864601_0.406,2864601_0.454,1.2211483373298058
2864601_0.406,2864601_0.377,1.0606753521771157
2864601_0.406,2864601_0.212,1.6715526940632786
2864601_0.406,2864601_0.123,1.2880201751544706
2864601_0.406,2864601_0.288,1.198330509083905
2864601_0.406,2864601_0.349,0.9032480395490123
2864601_0.406,2864601_0.510,1.3440404728369848
2864601_0.406,2864601_0.376,1.2382265076591261
2864601_0.406,2864601_0.305,1.0974568243357585
2864601_0.406,2864601_0.496,1.229636476503953
2864601_0.406,2864601_0.261,1.0357540720125076
2864601_0.406,2864601_0.252,1.3333328162903344
2864601_0.406,2864601_0.208,1.265450808584141
2864601_0.406,2864601_0.230,0.9887031754787411
2864601_0.406,2864601_0.452,1.021850638179203
2864601_0.406,2864601_0.498,1.1437886630548426
2864601_0.406,2864601_0.271,1.3677295961825529
2864601_0.406,2864601_0.450,3.639169352142263
2864601_0.406,2864601_0.46,1.2718454168861475
2864601_0.406,2864601_0.308,1.0500831834738429
2864601_0.406,2864601_0.163,1.1795165127437361
2864601_0.406,2864601_0.246,1.0671739271352914
2864601_0.406,2864601_0.438,1.1850278902312226
2864601_0.406,2864601_0.362,1.2312582599912179
2864601_0.406,2864601_0.136,1.1969372115239705
2864601_0.406,2864601_0.250,1.4376170609890897
2864601_0.406,2864601_0.247,1.0686554136461905
2864601_0.406,2864601_0.382,3.6998414716533423
2864601_0.406,2864601_0.307,1.0853477279594819
2864601_0.406,2864601_0.339,1.383712103770161
2864601_0.406,2864601_0.426,1.7418083256280459
2864601_0.406,2864601_0.379,1.2430420132250388
2864601_0.206,2864601_0.284,2.1044496442389433
2864601_0.206,2864601_0.235,1.2925116415404998
2864601_0.206,2864601_0.405,1.2087195848819312
2864601_0.206,2864601_0.398,1.2814925156975836
2864601_0.206,2864601_0.358,1.0844670967788987
2864601_0.206,2864601_0.242,1.0685599543083282
2864601_0.206,2864601_0.490,1.0570893305320157
2864601_0.206,2864601_0.263,0.9755444412563208
2864601_0.206,2864601_0.211,1.0764000506262863
2864601_0.206,2864601_0.292,2.3685279207682344
2864601_0.206,2864601_0.276,1.0793669052316635
2864601_0.206,2864601_0.427,1.0782503671693586
2864601_0.206,2864601_0.461,1.099187211969813
2864601_0.206,2864601_0.471,1.0038633979220044
2864601_0.206,2864601_0.440,1.3160531742371806
2864601_0.206,2864601_0.457,1.0541127220071471
2864601_0.206,2864601_0.400,0.9988123093005788
2864601_0.206,2864601_0.385,2.6158539265406615
2864601_0.206,2864601_0.350,1.0963626527169141
2864601_0.206,2864601_0.416,1.6671035608265392
2864601_0.206,2864601_0.342,1.1279490326382908
2864601_0.206,2864601_0.359,1.0282681073191369
2864601_0.206,2864601_0.475,1.1346200832719548
2864601_0.206,2864601_0.462,4.758464647596986
2864601_0.206,2864601_0.268,3.5206230618327017
2864601_0.206,2864601_0.262,1.101649107870132
2864601_0.206,2864601_0.485,1.4036622164277006
2864601_0.206,2864601_0.473,1.1487319247835088
2864601_0.206,2864601_0.189,1.9127469776963135
2864601_0.206,2864601_0.395,1.3968955185682135
2864601_0.206,2864601_0.237,1.2406350705294398
2864601_0.206,2864601_0.372,1.1128924498032884
2864601_0.206,2864601_0.472,1.0678519837246698
2864601_0.206,2864601_0.436,1.8323471305594696
2864601_0.206,2864601_0.454,1.2298067316692793
2864601_0.206,2864601_0.377,1.0527622555596723
2864601_0.206,2864601_0.212,1.715259608742598
2864601_0.206,2864601_0.123,1.1491084475637638
2864601_0.206,2864601_0.288,1.154466164338314
2864601_0.206,2864601_0.349,1.0111728223466632
2864601_0.206,2864601_0.510,1.137506017967224
2864601_0.206,2864601_0.376,1.0518994162631163
2864601_0.206,2864601_0.305,1.311229516774431
2864601_0.206,2864601_0.496,1.1800138556192494
2864601_0.206,2864601_0.261,1.1231899829139664
2864601_0.206,2864601_0.252,1.1243954095077326
2864601_0.206,2864601_0.208,1.1318313387487382
2864601_0.206,2864601_0.230,1.065492281484157
2864601_0.206,2864601_0.452,1.0700940081095567
2864601_0.206,2864601_0.498,1.1239346066101659
2864601_0.206,2864601_0.271,1.2737087233558315
2864601_0.206,2864601_0.450,3.561082265767083
2864601_0.206,2864601_0.46,1.0980451966261764
2864601_0.206,2864601_0.308,1.1058231312683202
2864601_0.206,2864601_0.163,1.0446423902003112
2864601_0.206,2864601_0.246,1.1397481520315016
2864601_0.206,2864601_0.438,1.0125352388131583
2864601_0.206,2864601_0.362,0.9824960132561492
2864601_0.206,2864601_0.136,1.1874263576975794
2864601_0.206,2864601_0.250,1.2421260635454388
2864601_0.206,2864601_0.247,1.0311460012817848
2864601_0.206,2864601_0.382,3.6962417880119056
2864601_0.206,2864601_0.307,0.944919928818882
2864601_0.206,2864601_0.339,1.456536105917933
2864601_0.206,2864601_0.426,1.8438315828252323
2864601_0.206,2864601_0.379,1.114368467531276
2864601_0.284,2864601_0.235,2.157085233509288
2864601_0.284,2864601_0.405,2.097715364909015
2864601_0.284,2864601_0.398,2.310613728297124
2864601_0.284,2864601_0.358,2.187132580722762
2864601_0.284,2864601_0.242,2.130463049256185
2864601_0.284,2864601_0.490,2.053952262923256
2864601_0.284,2864601_0.263,2.112185708054347
2864601_0.284,2864601_0.211,1.9162779112762665
2864601_0.284,2864601_0.292,0.9572741948821137
2864601_0.284,2864601_0.276,2.090892464650007
2864601_0.284,2864601_0.427,2.1285175151875277
2864601_0.284,2864601_0.461,2.051654237540882
2864601_0.284,2864601_0.471,2.106499323669444
2864601_0.284,2864601_0.440,2.4037945534155716
2864601_0.284,2864601_0.457,2.096591707861056
2864601_0.284,2864601_0.400,2.0758097219013
2864601_0.284,2864601_0.385,1.2193499080667156
2864601_0.284,2864601_0.350,1.9696862201473608
2864601_0.284,2864601_0.416,2.607133910833607
2864601_0.284,2864601_0.342,2.1018133151037173
2864601_0.284,2864601_0.359,2.1324457109959973
2864601_0.284,2864601_0.475,2.165717387172583
2864601_0.284,2864601_0.462,5.248894419077655
2864601_0.284,2864601_0.268,1.8677602596966951
2864601_0.284,2864601_0.262,2.166825060380452
2864601_0.284,2864601_0.485,2.4152502123895006
2864601_0.284,2864601_0.473,2.158701366852081
2864601_0.284,2864601_0.189,1.0087221152694243
2864601_0.284,2864601_0.395,2.435824181368047
2864601_0.284,2864601_0.237,2.215939587261789
2864601_0.284,2864601_0.372,2.1052873113352164
2864601_0.284,2864601_0.472,2.0983480127775294
2864601_0.284,2864601_0.436,2.488721307465252
2864601_0.284,2864601_0.454,2.168283584564554
2864601_0.284,2864601_0.377,2.1054002469346345
2864601_0.284,2864601_0.212,1.090464416348906
2864601_0.284,2864601_0.123,2.237595176960335
2864601_0.284,2864601_0.288,2.227799640088584
2864601_0.284,2864601_0.349,2.0196485633367827
2864601_0.284,2864601_0.510,2.2130634769715587
2864601_0.284,2864601_0.376,2.201632093846414
2864601_0.284,2864601_0.305,2.214389768194133
2864601_0.284,2864601_0.496,2.2030616184131144
2864601_0.284,2864601_0.261,2.1725992163631997
2864601_0.284,2864601_0.252,2.261441193024912
2864601_0.284,2864601_0.208,2.164238283556062
2864601_0.284,2864601_0.230,2.0961964741217485
2864601_0.284,2864601_0.452,2.045817971012327
2864601_0.284,2864601_0.498,2.1530438605527644
2864601_0.284,2864601_0.271,2.3276657897317556
2864601_0.284,2864601_0.450,2.237890780532627
2864601_0.284,2864601_0.46,2.15653690910887
2864601_0.284,2864601_0.308,2.1104362655573383
2864601_0.284,2864601_0.163,1.8450386152629474
2864601_0.284,2864601_0.246,1.9961478336979868
2864601_0.284,2864601_0.438,2.130209427145121
2864601_0.284,2864601_0.362,2.1409408978823037
2864601_0.284,2864601_0.136,1.7403570173058038
2864601_0.284,2864601_0.250,2.2315531247496816
2864601_0.284,2864601_0.247,2.0742705814018616
2864601_0.284,2864601_0.382,1.9657080918977845
2864601_0.284,2864601_0.307,2.073210123011165
2864601_0.284,2864601_0.339,1.584546521532687
2864601_0.284,2864601_0.426,1.0002962168405096
2864601_0.284,2864601_0.379,2.2377688168517182
2864601_0.235,2864601_0.405,1.3160420962904182
2864601_0.235,2864601_0.398,1.3813509692049415
2864601_0.235,2864601_0.358,1.1002287970880962
2864601_0.235,2864601_0.242,1.2242639625788572
2864601_0.235,2864601_0.490,1.0545107247795593
2864601_0.235,2864601_0.263,1.1198885035280164
2864601_0.235,2864601_0.211,1.3215645961644662
2864601_0.235,2864601_0.292,2.411942198813711
2864601_0.235,2864601_0.276,1.0756026099221019
2864601_0.235,2864601_0.427,1.0572988010354518
2864601_0.235,2864601_0.461,0.9862885237934831
2864601_0.235,2864601_0.471,1.1699944189359566
2864601_0.235,2864601_0.440,1.6160070327541995
2864601_0.235,2864601_0.457,0.9784079896033191
2864601_0.235,2864601_0.400,0.9792959813845655
2864601_0.235,2864601_0.385,2.628550687034804
2864601_0.235,2864601_0.350,1.073974948591173
2864601_0.235,2864601_0.416,1.7956721547710248
2864601_0.235,2864601_0.342,0.9950253195260054
2864601_0.235,2864601_0.359,0.9830882513876948
2864601_0.235,2864601_0.475,1.212663399279811
2864601_0.235,2864601_0.462,4.951652109999937
2864601_0.235,2864601_0.268,3.449330941538342
2864601_0.235,2864601_0.262,1.1705645149212662
2864601_0.235,2864601_0.485,1.5400909697523855
2864601_0.235,2864601_0.473,1.1976340294880958
2864601_0.235,2864601_0.189,1.9914982847025813
2864601_0.235,2864601_0.395,1.6836736657219467
2864601_0.235,2864601_0.237,1.3096881216515595
2864601_0.235,2864601_0.372,1.1016835792203699
2864601_0.235,2864601_0.472,1.1435908277498787
2864601_0.235,2864601_0.436,1.866724219852745
2864601_0.235,2864601_0.454,1.2546640317194733
2864601_0.235,2864601_0.377,1.1565787458799581
2864601_0.235,2864601_0.212,1.7471017397569102
2864601_0.235,2864601_0.123,1.1947084243661767
2864601_0.235,2864601_0.288,1.2298959158745195
2864601_0.235,2864601_0.349,0.8967862405212407
2864601_0.235,2864601_0.510,1.281082413667394
2864601_0.235,2864601_0.376,1.2074673366789839
2864601_0.235,2864601_0.305,1.3529234107779065
2864601_0.235,2864601_0.496,1.2674959589723487
2864601_0.235,2864601_0.261,1.149068774210206
2864601_0.235,2864601_0.252,1.334265226529535
2864601_0.235,2864601_0.208,1.3052991990571923
2864601_0.235,2864601_0.230,1.1132584541434567
2864601_0.235,2864601_0.452,1.1340002876284265
2864601_0.235,2864601_0.498,1.0334294816974616
2864601_0.235,2864601_0.271,1.3981428383025831
2864601_0.235,2864601_0.450,3.724027174609642
2864601_0.235,2864601_0.46,1.2787814208117998
2864601_0.235,2864601_0.308,1.0320484508988423
2864601_0.235,2864601_0.163,1.3252100905676378
2864601_0.235,2864601_0.246,1.0720271341440255
2864601_0.235,2864601_0.438,1.1139065350028001
2864601_0.235,2864601_0.362,1.2044796328824048
2864601_0.235,2864601_0.136,1.2517590529265827
2864601_0.235,2864601_0.250,1.3632859548111786
2864601_0.235,2864601_0.247,1.1079510404041966
2864601_0.235,2864601_0.382,3.7348171033072903
2864601_0.235,2864601_0.307,1.106104224832786
2864601_0.235,2864601_0.339,1.5323118357895527
2864601_0.235,2864601_0.426,1.8192785369888669
2864601_0.235,2864601_0.379,1.2957811845989742
2864601_0.405,2864601_0.398,1.3211856127898987
2864601_0.405,2864601_0.358,1.2079768832159348
2864601_0.405,2864601_0.242,1.1907780612090735
2864601_0.405,2864601_0.490,1.1398579006914413
2864601_0.405,2864601_0.263,1.1818143681627868
2864601_0.405,2864601_0.211,1.328420513140338
2864601_0.405,2864601_0.292,2.2095335412529415
2864601_0.405,2864601_0.276,1.2216003812242335
2864601_0.405,2864601_0.427,1.255694677337611
2864601_0.405,2864601_0.461,1.1924932930098748
2864601_0.405,2864601_0.471,1.303529929584466
2864601_0.405,2864601_0.440,1.5828260956108455
2864601_0.405,2864601_0.457,1.2586399311770964
2864601_0.405,2864601_0.400,1.1615838653265558
2864601_0.405,2864601_0.385,2.5806572743975655
2864601_0.405,2864601_0.350,1.1727061830474024
2864601_0.405,2864601_0.416,1.779539418141727
2864601_0.405,2864601_0.342,1.0926336136675148
2864601_0.405,2864601_0.359,1.155604496689501
2864601_0.405,2864601_0.475,1.2346949007240342
2864601_0.405,2864601_0.462,4.6615698819465035
2864601_0.405,2864601_0.268,3.4181806534125756
2864601_0.405,2864601_0.262,1.2767301704426872
2864601_0.405,2864601_0.485,1.631058779617814
2864601_0.405,2864601_0.473,1.345093717622795
2864601_0.405,2864601_0.189,1.900009812696545
2864601_0.405,2864601_0.395,1.65125779709898
2864601_0.405,2864601_0.237,1.3849834231544706
2864601_0.405,2864601_0.372,1.3521420411756147
2864601_0.405,2864601_0.472,1.249681220589141
2864601_0.405,2864601_0.436,1.458634200097769
2864601_0.405,2864601_0.454,1.3621906325942885
2864601_0.405,2864601_0.377,1.266326278712515
2864601_0.405,2864601_0.212,1.6218501927098672
2864601_0.405,2864601_0.123,1.2798452174521424
2864601_0.405,2864601_0.288,1.2174234271415105
2864601_0.405,2864601_0.349,1.1714324759880026
2864601_0.405,2864601_0.510,1.1700973120730693
2864601_0.405,2864601_0.376,1.2056115482768763
2864601_0.405,2864601_0.305,1.2544193844939624
2864601_0.405,2864601_0.496,1.1763693649077114
2864601_0.405,2864601_0.261,1.2586704052307356
2864601_0.405,2864601_0.252,1.0740095697099385
2864601_0.405,2864601_0.208,1.0817493944190688
2864601_0.405,2864601_0.230,1.0964353960696542
2864601_0.405,2864601_0.452,1.2566566666404935
2864601_0.405,2864601_0.498,1.1559762638300122
2864601_0.405,2864601_0.271,1.3386542857152042
2864601_0.405,2864601_0.450,3.3756154382037327
2864601_0.405,2864601_0.46,1.2384531567847723
2864601_0.405,2864601_0.308,1.2504819948926138
2864601_0.405,2864601_0.163,1.0608046721152333
2864601_0.405,2864601_0.246,1.1931448261108117
2864601_0.405,2864601_0.438,1.1942545538809304
2864601_0.405,2864601_0.362,1.350277318473493
2864601_0.405,2864601_0.136,1.3255779095110982
2864601_0.405,2864601_0.250,1.5457912108632617
2864601_0.405,2864601_0.247,1.2535735785853719
2864601_0.405,2864601_0.382,3.606400182469196
2864601_0.405,2864601_0.307,1.2484183858278053
2864601_0.405,2864601_0.339,1.4752487961947358
2864601_0.405,2864601_0.426,1.861714492855079
2864601_0.405,2864601_0.379,1.2250242498125612
2864601_0.398,2864601_0.358,1.2970664527933489
2864601_0.398,2864601_0.242,1.4209929366444007
2864601_0.398,2864601_0.490,1.2912000497816636
2864601_0.398,2864601_0.263,1.2050168742852199
2864601_0.398,2864601_0.211,1.515964097826871
2864601_0.398,2864601_0.292,2.4826184177979216
2864601_0.398,2864601_0.276,1.3026582055631335
2864601_0.398,2864601_0.427,1.3507442618512957
2864601_0.398,2864601_0.461,1.304164389698885
2864601_0.398,2864601_0.471,1.368132589850327
2864601_0.398,2864601_0.440,1.1907972277023668
2864601_0.398,2864601_0.457,1.373670718162624
2864601_0.398,2864601_0.400,1.282622853392646
2864601_0.398,2864601_0.385,2.767875381304025
2864601_0.398,2864601_0.350,1.3908673567558147
2864601_0.398,2864601_0.416,1.3739997660162508
2864601_0.398,2864601_0.342,1.209224564811175
2864601_0.398,2864601_0.359,1.1241950638235911
2864601_0.398,2864601_0.475,1.4145881439363683
2864601_0.398,2864601_0.462,4.283502657062334
2864601_0.398,2864601_0.268,3.6217889197558155
2864601_0.398,2864601_0.262,1.183738147189596
2864601_0.398,2864601_0.485,1.3087609388846833
2864601_0.398,2864601_0.473,1.2750409364818933
2864601_0.398,2864601_0.189,2.1598853883375453
2864601_0.398,2864601_0.395,1.2678378621594752
2864601_0.398,2864601_0.237,1.4128987298992035
2864601_0.398,2864601_0.372,1.346873741240213
2864601_0.398,2864601_0.472,1.2922145157007712
2864601_0.398,2864601_0.436,1.909978775688047
2864601_0.398,2864601_0.454,1.5571493549206854
2864601_0.398,2864601_0.377,1.3950696275392154
2864601_0.398,2864601_0.212,1.910727059817761
2864601_0.398,2864601_0.123,1.2688167617103019
2864601_0.398,2864601_0.288,1.257805014685883
2864601_0.398,2864601_0.349,1.2432080480933552
2864601_0.398,2864601_0.510,1.1833810408046301
2864601_0.398,2864601_0.376,1.1880156855945112
2864601_0.398,2864601_0.305,1.519999581170581
2864601_0.398,2864601_0.496,1.2972362744129762
2864601_0.398,2864601_0.261,1.2846418257157397
2864601_0.398,2864601_0.252,1.1920242312849134
2864601_0.398,2864601_0.208,1.1752995111206537
2864601_0.398,2864601_0.230,1.198104459614775
2864601_0.398,2864601_0.452,1.4300914447557747
2864601_0.398,2864601_0.498,1.38658788597156
2864601_0.398,2864601_0.271,1.2075279460696835
2864601_0.398,2864601_0.450,3.521105936892255
2864601_0.398,2864601_0.46,1.1604496022836412
2864601_0.398,2864601_0.308,1.3443517392781072
2864601_0.398,2864601_0.163,1.374243162473389
2864601_0.398,2864601_0.246,1.449194254954376
2864601_0.398,2864601_0.438,1.1971873754632474
2864601_0.398,2864601_0.362,1.1892485307761127
2864601_0.398,2864601_0.136,1.4172818947293846
2864601_0.398,2864601_0.250,1.3927182874312685
2864601_0.398,2864601_0.247,1.3756791076991046
2864601_0.398,2864601_0.382,3.7490676592257404
2864601_0.398,2864601_0.307,1.3887583233503265
2864601_0.398,2864601_0.339,1.7604831842208502
2864601_0.398,2864601_0.426,2.0606483834941867
2864601_0.398,2864601_0.379,1.2793817301048684
2864601_0.358,2864601_0.242,1.1288289279276027
2864601_0.358,2864601_0.490,1.0833985582873433
2864601_0.358,2864601_0.263,1.0244640780030685
2864601_0.358,2864601_0.211,1.1182294486817081
2864601_0.358,2864601_0.292,2.3842150029995484
2864601_0.358,2864601_0.276,1.0433104211913065
2864601_0.358,2864601_0.427,1.031457220850042
2864601_0.358,2864601_0.461,1.0048062843357932
2864601_0.358,2864601_0.471,1.162424318064946
2864601_0.358,2864601_0.440,1.4149130603124462
2864601_0.358,2864601_0.457,1.0239357959999844
2864601_0.358,2864601_0.400,1.0938204386894526
2864601_0.358,2864601_0.385,2.616457996128036
2864601_0.358,2864601_0.350,1.0334268833317417
2864601_0.358,2864601_0.416,1.6502358877444936
2864601_0.358,2864601_0.342,1.037903512204104
2864601_0.358,2864601_0.359,0.9451661304137187
2864601_0.358,2864601_0.475,1.133220089479925
2864601_0.358,2864601_0.462,4.7539980276794225
2864601_0.358,2864601_0.268,3.4868094143663217
2864601_0.358,2864601_0.262,1.0567686621027248
2864601_0.358,2864601_0.485,1.5471973188767925
2864601_0.358,2864601_0.473,1.2715196036269247
2864601_0.358,2864601_0.189,1.9495989272588872
2864601_0.358,2864601_0.395,1.56166904466802
2864601_0.358,2864601_0.237,1.254215813767686
2864601_0.358,2864601_0.372,1.1764693889746682
2864601_0.358,2864601_0.472,1.0888032135345818
2864601_0.358,2864601_0.436,1.6445431285805998
2864601_0.358,2864601_0.454,1.2091458141308806
2864601_0.358,2864601_0.377,1.1202094633461461
2864601_0.358,2864601_0.212,1.743859379745505
2864601_0.358,2864601_0.123,1.171726640022382
2864601_0.358,2864601_0.288,1.1382513206265361
2864601_0.358,2864601_0.349,1.0445239931214416
2864601_0.358,2864601_0.510,1.1794626255116527
2864601_0.358,2864601_0.376,1.080938941165115
2864601_0.358,2864601_0.305,1.330914536932997
2864601_0.358,2864601_0.496,1.0942745814573065
2864601_0.358,2864601_0.261,1.031259911286475
2864601_0.358,2864601_0.252,1.2300610545168988
2864601_0.358,2864601_0.208,1.220737456019698
2864601_0.358,2864601_0.230,1.0828707975030436
2864601_0.358,2864601_0.452,1.1791419679413806
2864601_0.358,2864601_0.498,0.9771203646043405
2864601_0.358,2864601_0.271,1.3467679308667981
2864601_0.358,2864601_0.450,3.613522791743299
2864601_0.358,2864601_0.46,1.1135718900180522
2864601_0.358,2864601_0.308,1.1423174501365603
2864601_0.358,2864601_0.163,1.1444635226239523
2864601_0.358,2864601_0.246,1.081354309237372
2864601_0.358,2864601_0.438,1.1185706286188952
2864601_0.358,2864601_0.362,1.1947080054102877
2864601_0.358,2864601_0.136,1.1780139901324287
2864601_0.358,2864601_0.250,1.2879448129099638
2864601_0.358,2864601_0.247,1.1912629458508563
2864601_0.358,2864601_0.382,3.6960021798152685
2864601_0.358,2864601_0.307,1.0868637396979919
2864601_0.358,2864601_0.339,1.401688374594558
2864601_0.358,2864601_0.426,1.849692046919654
2864601_0.358,2864601_0.379,1.10051080704866
2864601_0.242,2864601_0.490,1.0034638989528601
2864601_0.242,2864601_0.263,1.0071554864519505
2864601_0.242,2864601_0.211,1.115222542500518
2864601_0.242,2864601_0.292,2.3555791230107928
2864601_0.242,2864601_0.276,0.9245069960980606
2864601_0.242,2864601_0.427,1.0669624522545615
2864601_0.242,2864601_0.461,1.0057726989953715
2864601_0.242,2864601_0.471,0.9013361106907675
2864601_0.242,2864601_0.440,1.5164562670138297
2864601_0.242,2864601_0.457,1.0007251942686537
2864601_0.242,2864601_0.400,0.964731866809816
2864601_0.242,2864601_0.385,2.6745513087859454
2864601_0.242,2864601_0.350,0.8709620606120669
2864601_0.242,2864601_0.416,1.9629305109521602
2864601_0.242,2864601_0.342,1.0868960561761947
2864601_0.242,2864601_0.359,1.0152464386837052
2864601_0.242,2864601_0.475,1.04775373325806
2864601_0.242,2864601_0.462,4.940096928939507
2864601_0.242,2864601_0.268,3.4706679894575507
2864601_0.242,2864601_0.262,1.1248705992452535
2864601_0.242,2864601_0.485,1.6110715404007003
2864601_0.242,2864601_0.473,1.2187059806750111
2864601_0.242,2864601_0.189,1.8701582204748557
2864601_0.242,2864601_0.395,1.6199291602881882
2864601_0.242,2864601_0.237,1.2842517933190363
2864601_0.242,2864601_0.372,1.0215262584833529
2864601_0.242,2864601_0.472,1.0401857850267417
2864601_0.242,2864601_0.436,1.847818254999108
2864601_0.242,2864601_0.454,1.192699958055761
2864601_0.242,2864601_0.377,1.0298239265170832
2864601_0.242,2864601_0.212,1.6949525833900463
2864601_0.242,2864601_0.123,1.231397457865433
2864601_0.242,2864601_0.288,1.148916507541518
2864601_0.242,2864601_0.349,1.0239578985893711
2864601_0.242,2864601_0.510,1.046612754158404
2864601_0.242,2864601_0.376,1.2000319391552294
2864601_0.242,2864601_0.305,1.1304313401843595
2864601_0.242,2864601_0.496,1.135109177679394
2864601_0.242,2864601_0.261,1.1432598188113459
2864601_0.242,2864601_0.252,1.1414912968714541
2864601_0.242,2864601_0.208,1.1370207149199854
2864601_0.242,2864601_0.230,1.0263102489041072
2864601_0.242,2864601_0.452,0.9349806056025348
2864601_0.242,2864601_0.498,1.0484339000783722
2864601_0.242,2864601_0.271,1.4050960633788507
2864601_0.242,2864601_0.450,3.6426279267037347
2864601_0.242,2864601_0.46,1.1647142973325921
2864601_0.242,2864601_0.308,1.0263937209577219
2864601_0.242,2864601_0.163,1.0673639710482876
2864601_0.242,2864601_0.246,1.093988794160476
2864601_0.242,2864601_0.438,1.0534192982386028
2864601_0.242,2864601_0.362,1.0514452027242505
2864601_0.242,2864601_0.136,1.1969298098045211
2864601_0.242,2864601_0.250,1.2940395821820487
2864601_0.242,2864601_0.247,0.9768623811771372
2864601_0.242,2864601_0.382,3.721804730648064
2864601_0.242,2864601_0.307,0.9171909865653699
2864601_0.242,2864601_0.339,1.5257863108776073
2864601_0.242,2864601_0.426,1.8896944604844137
2864601_0.242,2864601_0.379,1.371270782884451
2864601_0.490,2864601_0.263,0.9120632633727008
2864601_0.490,2864601_0.211,1.0477440203769621
2864601_0.490,2864601_0.292,2.3556908035485766
2864601_0.490,2864601_0.276,0.9708130482773795
2864601_0.490,2864601_0.427,0.9676182658806316
2864601_0.490,2864601_0.461,0.9549799783329105
2864601_0.490,2864601_0.471,0.9938756183450872
2864601_0.490,2864601_0.440,1.4336915746378147
2864601_0.490,2864601_0.457,0.8690963491126713
2864601_0.490,2864601_0.400,0.9082839725258905
2864601_0.490,2864601_0.385,2.627878232045326
2864601_0.490,2864601_0.350,0.9472482782512229
2864601_0.490,2864601_0.416,1.7874875346529548
2864601_0.490,2864601_0.342,0.8746833336425125
2864601_0.490,2864601_0.359,0.9790615104917066
2864601_0.490,2864601_0.475,0.9979535997926965
2864601_0.490,2864601_0.462,4.922615589631492
2864601_0.490,2864601_0.268,3.383958534194756
2864601_0.490,2864601_0.262,1.005956043494246
2864601_0.490,2864601_0.485,1.4813490136929868
2864601_0.490,2864601_0.473,1.0186984895760756
2864601_0.490,2864601_0.189,1.9208540964832674
2864601_0.490,2864601_0.395,1.5238376607362087
2864601_0.490,2864601_0.237,1.1326785823086023
2864601_0.490,2864601_0.372,1.0061731121040902
2864601_0.490,2864601_0.472,0.9659876994104346
2864601_0.490,2864601_0.436,1.7746272255091409
2864601_0.490,2864601_0.454,1.0435743047699613
2864601_0.490,2864601_0.377,0.8563760920098652
2864601_0.490,2864601_0.212,1.6808050837139399
2864601_0.490,2864601_0.123,0.967756330940513
2864601_0.490,2864601_0.288,1.0147416676273004
2864601_0.490,2864601_0.349,0.8268225256183864
2864601_0.490,2864601_0.510,1.1731391952570172
2864601_0.490,2864601_0.376,1.003212979174383
2864601_0.490,2864601_0.305,1.1881599917192784
2864601_0.490,2864601_0.496,1.052722236600985
2864601_0.490,2864601_0.261,0.9436472556869989
2864601_0.490,2864601_0.252,1.1648524692983742
2864601_0.490,2864601_0.208,1.046980145135754
2864601_0.490,2864601_0.230,0.8848974827109729
2864601_0.490,2864601_0.452,0.984689560972588
2864601_0.490,2864601_0.498,0.9717863931556106
2864601_0.490,2864601_0.271,1.2723346541939637
2864601_0.490,2864601_0.450,3.5906222176751807
2864601_0.490,2864601_0.46,1.0559122011915851
2864601_0.490,2864601_0.308,0.8396664414683447
2864601_0.490,2864601_0.163,1.0244554551533083
2864601_0.490,2864601_0.246,1.005062641589995
2864601_0.490,2864601_0.438,0.9439855725655264
2864601_0.490,2864601_0.362,1.0795736086902623
2864601_0.490,2864601_0.136,1.0967102139669893
2864601_0.490,2864601_0.250,1.2395887876008127
2864601_0.490,2864601_0.247,0.8518476313706397
2864601_0.490,2864601_0.382,3.679122185123972
2864601_0.490,2864601_0.307,1.0316678830066435
2864601_0.490,2864601_0.339,1.435881120596516
2864601_0.490,2864601_0.426,1.761969797212583
2864601_0.490,2864601_0.379,1.255831274730452
2864601_0.263,2864601_0.211,1.1334966342147992
2864601_0.263,2864601_0.292,2.3475804400196316
2864601_0.263,2864601_0.276,0.9742689203720647
2864601_0.263,2864601_0.427,0.9274870320038603
2864601_0.263,2864601_0.461,0.99880304402444
2864601_0.263,2864601_0.471,0.9752736430457233
2864601_0.263,2864601_0.440,1.3438725045539968
2864601_0.263,2864601_0.457,0.9543634804140264
2864601_0.263,2864601_0.400,0.9786643204433894
2864601_0.263,2864601_0.385,2.623771186991186
2864601_0.263,2864601_0.350,1.0003816235019267
2864601_0.263,2864601_0.416,1.6429620402226295
2864601_0.263,2864601_0.342,0.9883950365922483
2864601_0.263,2864601_0.359,0.9388587188540426
2864601_0.263,2864601_0.475,1.062822583431762
2864601_0.263,2864601_0.462,4.743410203973314
2864601_0.263,2864601_0.268,3.448673964870974
2864601_0.263,2864601_0.262,0.9197505800697264
2864601_0.263,2864601_0.485,1.3622214450799763
2864601_0.263,2864601_0.473,1.049617133758769
2864601_0.263,2864601_0.189,1.925186369909949
2864601_0.263,2864601_0.395,1.454099875034337
2864601_0.263,2864601_0.237,1.105196454515738
2864601_0.263,2864601_0.372,0.9823187547773194
2864601_0.263,2864601_0.472,1.0714187425333113
2864601_0.263,2864601_0.436,1.7487733795904694
2864601_0.263,2864601_0.454,1.111454269129332
2864601_0.263,2864601_0.377,1.0508162513263846
2864601_0.263,2864601_0.212,1.6862603142952228
2864601_0.263,2864601_0.123,1.0303261982145153
2864601_0.263,2864601_0.288,1.0035371106678093
2864601_0.263,2864601_0.349,0.9296388959819839
2864601_0.263,2864601_0.510,1.1151460964264208
2864601_0.263,2864601_0.376,0.9655386657160425
2864601_0.263,2864601_0.305,1.1461080905634036
2864601_0.263,2864601_0.496,1.0268088703625697
2864601_0.263,2864601_0.261,0.9666675615092438
2864601_0.263,2864601_0.252,1.1205206199794995
2864601_0.263,2864601_0.208,0.985250950391737
2864601_0.263,2864601_0.230,0.9105795515708268
2864601_0.263,2864601_0.452,1.1201590128585748
2864601_0.263,2864601_0.498,1.0620281769728723
2864601_0.263,2864601_0.271,1.1813013574276117
2864601_0.263,2864601_0.450,3.5477502022092557
2864601_0.263,2864601_0.46,1.035706048609644
2864601_0.263,2864601_0.308,1.0074628277583648
2864601_0.263,2864601_0.163,1.0193353848238718
2864601_0.263,2864601_0.246,1.0464589331468055
2864601_0.263,2864601_0.438,0.9656600530379057
2864601_0.263,2864601_0.362,0.99264516673748
2864601_0.263,2864601_0.136,1.1397376073930487
2864601_0.263,2864601_0.250,1.1929313093232652
2864601_0.263,2864601_0.247,0.9523398582584554
2864601_0.263,2864601_0.382,3.677758145912491
2864601_0.263,2864601_0.307,0.9807582891758667
2864601_0.263,2864601_0.339,1.449080096264852
2864601_0.263,2864601_0.426,1.8594879175249417
2864601_0.263,2864601_0.379,1.106354090150603
2864601_0.211,2864601_0.292,2.2189682923195795
2864601_0.211,2864601_0.276,1.0912800938881047
2864601_0.211,2864601_0.427,1.0022405098772873
2864601_0.211,2864601_0.461,0.9782578413147668
2864601_0.211,2864601_0.471,1.0751331656567833
2864601_0.211,2864601_0.440,1.3962762067712289
2864601_0.211,2864601_0.457,0.9452294510619622
2864601_0.211,2864601_0.400,1.104280004242017
2864601_0.211,2864601_0.385,2.428795018130647
2864601_0.211,2864601_0.350,0.8660535489726092
2864601_0.211,2864601_0.416,1.83885628325512
2864601_0.211,2864601_0.342,1.2025028098206647
2864601_0.211,2864601_0.359,1.0536280547278172
2864601_0.211,2864601_0.475,1.0049758444859944
2864601_0.211,2864601_0.462,4.8876726485080555
2864601_0.211,2864601_0.268,3.2730511423138027
2864601_0.211,2864601_0.262,1.1125886075371758
2864601_0.211,2864601_0.485,1.555387748644478
2864601_0.211,2864601_0.473,1.3630370720717817
2864601_0.211,2864601_0.189,1.6786504597120453
2864601_0.211,2864601_0.395,1.406112141209956
2864601_0.211,2864601_0.237,1.2880839202838408
2864601_0.211,2864601_0.372,1.1942992642669854
2864601_0.211,2864601_0.472,1.0943274320409857
2864601_0.211,2864601_0.436,1.9981101978959186
2864601_0.211,2864601_0.454,1.176819934496475
2864601_0.211,2864601_0.377,1.0203363247878954
2864601_0.211,2864601_0.212,1.5787589929852808
2864601_0.211,2864601_0.123,1.225028077276585
2864601_0.211,2864601_0.288,1.3226393217758607
2864601_0.211,2864601_0.349,1.0170065252343035
2864601_0.211,2864601_0.510,1.259482441121326
2864601_0.211,2864601_0.376,1.2523568797940605
2864601_0.211,2864601_0.305,1.4394579866836839
2864601_0.211,2864601_0.496,1.1367979927637242
2864601_0.211,2864601_0.261,1.2142688031340672
2864601_0.211,2864601_0.252,1.3648781046803644
2864601_0.211,2864601_0.208,1.0946631132471945
2864601_0.211,2864601_0.230,1.1273272004617705
2864601_0.211,2864601_0.452,1.0453444651893866
2864601_0.211,2864601_0.498,1.1137436447684577
2864601_0.211,2864601_0.271,1.6476387907247108
2864601_0.211,2864601_0.450,3.429778897872004
2864601_0.211,2864601_0.46,1.1351498130883193
2864601_0.211,2864601_0.308,1.1608077246443498
2864601_0.211,2864601_0.163,1.0080014499094576
2864601_0.211,2864601_0.246,1.0568600294105581
2864601_0.211,2864601_0.438,1.109173781503406
2864601_0.211,2864601_0.362,1.1369803351727472
2864601_0.211,2864601_0.136,1.1256383343050982
2864601_0.211,2864601_0.250,1.047727199832682
2864601_0.211,2864601_0.247,1.0284410988727024
2864601_0.211,2864601_0.382,3.437257479376467
2864601_0.211,2864601_0.307,1.0991393014555093
2864601_0.211,2864601_0.339,1.3006605384460934
2864601_0.211,2864601_0.426,1.7165779455698404
2864601_0.211,2864601_0.379,1.426508494178527
2864601_0.292,2864601_0.276,2.361397767450403
2864601_0.292,2864601_0.427,2.3791368082990476
2864601_0.292,2864601_0.461,2.3404198942977033
2864601_0.292,2864601_0.471,2.3969503078581584
2864601_0.292,2864601_0.440,2.647160538573431
2864601_0.292,2864601_0.457,2.3345187902268036
2864601_0.292,2864601_0.400,2.310808787903635
2864601_0.292,2864601_0.385,1.0753803646022422
2864601_0.292,2864601_0.350,2.2721048019678625
2864601_0.292,2864601_0.416,2.807346289562558
2864601_0.292,2864601_0.342,2.3696043357658625
2864601_0.292,2864601_0.359,2.3595571450789063
2864601_0.292,2864601_0.475,2.4033943380913336
2864601_0.292,2864601_0.462,5.333678082080159
2864601_0.292,2864601_0.268,1.7186584038738835
2864601_0.292,2864601_0.262,2.423289366621381
2864601_0.292,2864601_0.485,2.6771904721822404
2864601_0.292,2864601_0.473,2.4552379740275008
2864601_0.292,2864601_0.189,1.115444667629375
2864601_0.292,2864601_0.395,2.682619090351987
2864601_0.292,2864601_0.237,2.44258974619787
2864601_0.292,2864601_0.372,2.4146612709242694
2864601_0.292,2864601_0.472,2.3635430065457568
2864601_0.292,2864601_0.436,2.403507330286864
2864601_0.292,2864601_0.454,2.4253093584145593
2864601_0.292,2864601_0.377,2.4092634031665012
2864601_0.292,2864601_0.212,1.1349054387440212
2864601_0.292,2864601_0.123,2.447309332462015
2864601_0.292,2864601_0.288,2.417774943626877
2864601_0.292,2864601_0.349,2.31403255284215
2864601_0.292,2864601_0.510,2.432796939534012
2864601_0.292,2864601_0.376,2.4022600120721944
2864601_0.292,2864601_0.305,2.3738323676061226
2864601_0.292,2864601_0.496,2.4046382836377216
2864601_0.292,2864601_0.261,2.382056632016261
2864601_0.292,2864601_0.252,2.409519883438366
2864601_0.292,2864601_0.208,2.3536757071207792
2864601_0.292,2864601_0.230,2.31459338177372
2864601_0.292,2864601_0.452,2.371020104762784
2864601_0.292,2864601_0.498,2.3903995654410983
2864601_0.292,2864601_0.271,2.46365865417419
2864601_0.292,2864601_0.450,1.865928187716213
2864601_0.292,2864601_0.46,2.346686132379822
2864601_0.292,2864601_0.308,2.3937740313841687
2864601_0.292,2864601_0.163,2.0467248703076235
2864601_0.292,2864601_0.246,2.2384564214615237
2864601_0.292,2864601_0.438,2.3756932177252876
2864601_0.292,2864601_0.362,2.3956339805986175
2864601_0.292,2864601_0.136,2.0076391432740905
2864601_0.292,2864601_0.250,2.54505812427911
2864601_0.292,2864601_0.247,2.3798459771997935
2864601_0.292,2864601_0.382,1.734902536386872
2864601_0.292,2864601_0.307,2.3282327317827027
2864601_0.292,2864601_0.339,1.8390603398961514
2864601_0.292,2864601_0.426,1.2946937970246208
2864601_0.292,2864601_0.379,2.3999947948146336
2864601_0.276,2864601_0.427,0.8952415022625542
2864601_0.276,2864601_0.461,0.8510813705423408
2864601_0.276,2864601_0.471,0.985134032854186
2864601_0.276,2864601_0.440,1.4721140138430993
2864601_0.276,2864601_0.457,0.9626574897468193
2864601_0.276,2864601_0.400,0.8044067398489845
2864601_0.276,2864601_0.385,2.600831089468939
2864601_0.276,2864601_0.350,0.8531299989741999
2864601_0.276,2864601_0.416,1.826315326673324
2864601_0.276,2864601_0.342,0.8335043749027805
2864601_0.276,2864601_0.359,0.8722810180064017
2864601_0.276,2864601_0.475,1.0307048388264268
2864601_0.276,2864601_0.462,4.914013364066137
2864601_0.276,2864601_0.268,3.464496377251198
2864601_0.276,2864601_0.262,1.1128118384254735
2864601_0.276,2864601_0.485,1.421339246992281
2864601_0.276,2864601_0.473,1.1482020999806295
2864601_0.276,2864601_0.189,1.860403077159198
2864601_0.276,2864601_0.395,1.5574710759269084
2864601_0.276,2864601_0.237,1.1357028799636304
2864601_0.276,2864601_0.372,0.9735818549330245
2864601_0.276,2864601_0.472,0.9003346386362807
2864601_0.276,2864601_0.436,1.8340855706230241
2864601_0.276,2864601_0.454,1.038013625268357
2864601_0.276,2864601_0.377,1.025585475008321
2864601_0.276,2864601_0.212,1.669628314524726
2864601_0.276,2864601_0.123,1.1069193466586156
2864601_0.276,2864601_0.288,1.1191123970234444
2864601_0.276,2864601_0.349,0.8749296151300654
2864601_0.276,2864601_0.510,0.9940874589134293
2864601_0.276,2864601_0.376,1.080613343594142
2864601_0.276,2864601_0.305,1.3183718608778945
2864601_0.276,2864601_0.496,1.2124388992331148
2864601_0.276,2864601_0.261,1.195577422362062
2864601_0.276,2864601_0.252,1.1928694815027252
2864601_0.276,2864601_0.208,1.0648755943273542
2864601_0.276,2864601_0.230,0.9488093741567959
2864601_0.276,2864601_0.452,0.869065642123825
2864601_0.276,2864601_0.498,0.9912016158671733
2864601_0.276,2864601_0.271,1.3505272419542431
2864601_0.276,2864601_0.450,3.64943731652789
2864601_0.276,2864601_0.46,1.0067191738076071
2864601_0.276,2864601_0.308,1.0091608450566751
2864601_0.276,2864601_0.163,1.0670749529839172
2864601_0.276,2864601_0.246,0.987450931451755
2864601_0.276,2864601_0.438,0.9351189888158189
2864601_0.276,2864601_0.362,1.028333392868543
2864601_0.276,2864601_0.136,1.1628850055549902
2864601_0.276,2864601_0.250,1.220191799845057
2864601_0.276,2864601_0.247,0.9748336247115772
2864601_0.276,2864601_0.382,3.688562333378358
2864601_0.276,2864601_0.307,0.9545477561756833
2864601_0.276,2864601_0.339,1.4255925585083584
2864601_0.276,2864601_0.426,1.8202012556327152
2864601_0.276,2864601_0.379,1.177573187772716
2864601_0.427,2864601_0.461,0.867577820232253
2864601_0.427,2864601_0.471,0.9896048138546887
2864601_0.427,2864601_0.440,1.3851184999049342
2864601_0.427,2864601_0.457,0.8943164454601379
2864601_0.427,2864601_0.400,0.9530326930581777
2864601_0.427,2864601_0.385,2.6317934797698053
2864601_0.427,2864601_0.350,0.899222486499553
2864601_0.427,2864601_0.416,1.811366188480338
2864601_0.427,2864601_0.342,0.9541387020825908
2864601_0.427,2864601_0.359,0.8575041705643139
2864601_0.427,2864601_0.475,1.000081929899867
2864601_0.427,2864601_0.462,4.945341993094872
2864601_0.427,2864601_0.268,3.416228541739671
2864601_0.427,2864601_0.262,0.9836824497541221
2864601_0.427,2864601_0.485,1.469654329605345
2864601_0.427,2864601_0.473,1.172538381055932
2864601_0.427,2864601_0.189,1.8486345601312757
2864601_0.427,2864601_0.395,1.4895559737452952
2864601_0.427,2864601_0.237,1.1507392514386594
2864601_0.427,2864601_0.372,1.0325990156188742
2864601_0.427,2864601_0.472,1.0833478282985554
2864601_0.427,2864601_0.436,1.8255936430517252
2864601_0.427,2864601_0.454,1.1300463797969234
2864601_0.427,2864601_0.377,1.006127670784638
2864601_0.427,2864601_0.212,1.6774296983371375
2864601_0.427,2864601_0.123,1.041756138080002
2864601_0.427,2864601_0.288,1.1454624536947038
2864601_0.427,2864601_0.349,0.8869322403308458
2864601_0.427,2864601_0.510,1.0889260931226445
2864601_0.427,2864601_0.376,1.05685902108497
2864601_0.427,2864601_0.305,1.2674806357435138
2864601_0.427,2864601_0.496,1.103956205863443
2864601_0.427,2864601_0.261,1.1273327669818463
2864601_0.427,2864601_0.252,1.2313535387801522
2864601_0.427,2864601_0.208,1.0572302593262382
2864601_0.427,2864601_0.230,0.9688777558558616
2864601_0.427,2864601_0.452,1.0943267132436363
2864601_0.427,2864601_0.498,0.9423257278334026
2864601_0.427,2864601_0.271,1.4425589146084412
2864601_0.427,2864601_0.450,3.612733794218767
2864601_0.427,2864601_0.46,1.0064235013763576
2864601_0.427,2864601_0.308,0.9480851706751758
2864601_0.427,2864601_0.163,1.0899111247923534
2864601_0.427,2864601_0.246,1.1080726440996398
2864601_0.427,2864601_0.438,0.9289074059192667
2864601_0.427,2864601_0.362,1.0658715714925808
2864601_0.427,2864601_0.136,1.1702547511035304
2864601_0.427,2864601_0.250,1.157571384280323
2864601_0.427,2864601_0.247,0.9056557552146577
2864601_0.427,2864601_0.382,3.6852904422845705
2864601_0.427,2864601_0.307,1.0225196603382087
2864601_0.427,2864601_0.339,1.4953103464227742
2864601_0.427,2864601_0.426,1.842115927174659
2864601_0.427,2864601_0.379,1.1982082213568097
2864601_0.461,2864601_0.471,1.0457762110601638
2864601_0.461,2864601_0.440,1.4312516416127634
2864601_0.461,2864601_0.457,0.8784371239707833
2864601_0.461,2864601_0.400,0.9019797597753262
2864601_0.461,2864601_0.385,2.5764748217497058
2864601_0.461,2864601_0.350,0.8481182181564001
2864601_0.461,2864601_0.416,1.7900160386321353
2864601_0.461,2864601_0.342,0.936391603498709
2864601_0.461,2864601_0.359,0.8686463142300924
2864601_0.461,2864601_0.475,0.9619336330387162
2864601_0.461,2864601_0.462,4.9032831554506355
2864601_0.461,2864601_0.268,3.439955004694331
2864601_0.461,2864601_0.262,1.0447572008607346
2864601_0.461,2864601_0.485,1.5422815130524985
2864601_0.461,2864601_0.473,1.1966998283044727
2864601_0.461,2864601_0.189,1.8804244887633386
2864601_0.461,2864601_0.395,1.5474090929343676
2864601_0.461,2864601_0.237,1.2584928163923135
2864601_0.461,2864601_0.372,1.072650741675604
2864601_0.461,2864601_0.472,1.0533258132197738
2864601_0.461,2864601_0.436,1.8217997550593374
2864601_0.461,2864601_0.454,1.1838320490379777
2864601_0.461,2864601_0.377,0.9887851437015358
2864601_0.461,2864601_0.212,1.6506609615473151
2864601_0.461,2864601_0.123,1.1879806332042449
2864601_0.461,2864601_0.288,1.199874610528139
2864601_0.461,2864601_0.349,0.8260298918383957
2864601_0.461,2864601_0.510,1.122597278400362
2864601_0.461,2864601_0.376,1.1551935422497235
2864601_0.461,2864601_0.305,1.173952778333074
2864601_0.461,2864601_0.496,1.1587948195004978
2864601_0.461,2864601_0.261,1.1184026710950556
2864601_0.461,2864601_0.252,1.2402312746827164
2864601_0.461,2864601_0.208,1.1284472642282368
2864601_0.461,2864601_0.230,0.9485723711986875
2864601_0.461,2864601_0.452,0.9061530396407145
2864601_0.461,2864601_0.498,0.9560750931271357
2864601_0.461,2864601_0.271,1.4597955740725292
2864601_0.461,2864601_0.450,3.643141004544075
2864601_0.461,2864601_0.46,1.1226310058002311
2864601_0.461,2864601_0.308,1.0181673334116064
2864601_0.461,2864601_0.163,1.1009209839424885
2864601_0.461,2864601_0.246,0.992532732611861
2864601_0.461,2864601_0.438,1.0108990195833367
2864601_0.461,2864601_0.362,1.0783816075376857
2864601_0.461,2864601_0.136,1.1665617346160153
2864601_0.461,2864601_0.250,1.2063872552664483
2864601_0.461,2864601_0.247,0.9747459457046777
2864601_0.461,2864601_0.382,3.6920449199337058
2864601_0.461,2864601_0.307,1.0046903555768654
2864601_0.461,2864601_0.339,1.4408965839686658
2864601_0.461,2864601_0.426,1.7882802091519323
2864601_0.461,2864601_0.379,1.2457278375950946
2864601_0.471,2864601_0.440,1.4239327892419953
2864601_0.471,2864601_0.457,1.0415785079857012
2864601_0.471,2864601_0.400,1.0238366717649203
2864601_0.471,2864601_0.385,2.6879562016314105
2864601_0.471,2864601_0.350,0.9198538083490168
2864601_0.471,2864601_0.416,1.792195150139955
2864601_0.471,2864601_0.342,1.1175989482079276
2864601_0.471,2864601_0.359,0.9678411203000856
2864601_0.471,2864601_0.475,1.0670484463026713
2864601_0.471,2864601_0.462,4.844636444365832
2864601_0.471,2864601_0.268,3.458629948027436
2864601_0.471,2864601_0.262,1.0776610237486426
2864601_0.471,2864601_0.485,1.4333843277461302
2864601_0.471,2864601_0.473,1.061451397680178
2864601_0.471,2864601_0.189,1.903786899280361
2864601_0.471,2864601_0.395,1.4339331919517737
2864601_0.471,2864601_0.237,1.3161762774837173
2864601_0.471,2864601_0.372,1.007251114397076
2864601_0.471,2864601_0.472,1.0223168935333413
2864601_0.471,2864601_0.436,1.974823009120574
2864601_0.471,2864601_0.454,1.289786879314342
2864601_0.471,2864601_0.377,0.9867067462282034
2864601_0.471,2864601_0.212,1.7232034885516787
2864601_0.471,2864601_0.123,1.1859492492695953
2864601_0.471,2864601_0.288,1.1688186593237864
2864601_0.471,2864601_0.349,0.9637825406465406
2864601_0.471,2864601_0.510,1.107050005076254
2864601_0.471,2864601_0.376,1.1279344084962215
2864601_0.471,2864601_0.305,1.2541578851896764
2864601_0.471,2864601_0.496,1.1606655293412311
2864601_0.471,2864601_0.261,1.1338482607689073
2864601_0.471,2864601_0.252,1.2470000211272598
2864601_0.471,2864601_0.208,1.1040542560712947
2864601_0.471,2864601_0.230,1.0169574456597001
2864601_0.471,2864601_0.452,1.048418957763404
2864601_0.471,2864601_0.498,1.0192295048301803
2864601_0.471,2864601_0.271,1.3798505367246579
2864601_0.471,2864601_0.450,3.6176225944695166
2864601_0.471,2864601_0.46,1.1553638193094178
2864601_0.471,2864601_0.308,1.0042901406577984
2864601_0.471,2864601_0.163,1.0786267878614102
2864601_0.471,2864601_0.246,1.1364795776026921
2864601_0.471,2864601_0.438,1.0009575676111315
2864601_0.471,2864601_0.362,0.9375847774887291
2864601_0.471,2864601_0.136,1.2651166481159515
2864601_0.471,2864601_0.250,1.1342577183975204
2864601_0.471,2864601_0.247,0.9126376383628505
2864601_0.471,2864601_0.382,3.7013509860666094
2864601_0.471,2864601_0.307,0.9368821889380282
2864601_0.471,2864601_0.339,1.5581653306215424
2864601_0.471,2864601_0.426,1.8633316504127315
2864601_0.471,2864601_0.379,1.2559823345694348
2864601_0.440,2864601_0.457,1.4672111701417991
2864601_0.440,2864601_0.400,1.4796611124994414
2864601_0.440,2864601_0.385,2.9057042799618777
2864601_0.440,2864601_0.350,1.446468696446393
2864601_0.440,2864601_0.416,1.3556066474374577
2864601_0.440,2864601_0.342,1.436998484475118
2864601_0.440,2864601_0.359,1.308869591877602
2864601_0.440,2864601_0.475,1.2666309950668637
2864601_0.440,2864601_0.462,4.098427035155129
2864601_0.440,2864601_0.268,3.618296765749572
2864601_0.440,2864601_0.262,1.1547906524979805
2864601_0.440,2864601_0.485,1.1865604788922623
2864601_0.440,2864601_0.473,1.446742992854107
2864601_0.440,2864601_0.189,2.2011277358847803
2864601_0.440,2864601_0.395,1.004309380947409
2864601_0.440,2864601_0.237,1.6619090290903091
2864601_0.440,2864601_0.372,1.5338222803759565
2864601_0.440,2864601_0.472,1.5046511060988246
2864601_0.440,2864601_0.436,2.2295446555550775
2864601_0.440,2864601_0.454,1.719063560629039
2864601_0.440,2864601_0.377,1.32497994891261
2864601_0.440,2864601_0.212,2.104672482160567
2864601_0.440,2864601_0.123,1.3410246433795578
2864601_0.440,2864601_0.288,1.468924630659975
2864601_0.440,2864601_0.349,1.3994570118900298
2864601_0.440,2864601_0.510,1.2640249544308104
2864601_0.440,2864601_0.376,1.337938051239882
2864601_0.440,2864601_0.305,1.7168701403798936
2864601_0.440,2864601_0.496,1.3249943308970746
2864601_0.440,2864601_0.261,1.3891757379568686
2864601_0.440,2864601_0.252,1.4069862015428858
2864601_0.440,2864601_0.208,1.3500179395908498
2864601_0.440,2864601_0.230,1.3928333033249458
2864601_0.440,2864601_0.452,1.5719198219544799
2864601_0.440,2864601_0.498,1.3892351172422817
2864601_0.440,2864601_0.271,1.5121565399981807
2864601_0.440,2864601_0.450,3.5441442155395992
2864601_0.440,2864601_0.46,1.2437772281625714
2864601_0.440,2864601_0.308,1.4546994773749944
2864601_0.440,2864601_0.163,1.513492034377723
2864601_0.440,2864601_0.246,1.6210834885033403
2864601_0.440,2864601_0.438,1.2748215827468876
2864601_0.440,2864601_0.362,1.2152334184466616
2864601_0.440,2864601_0.136,1.5661388326858094
2864601_0.440,2864601_0.250,1.1932902261356855
2864601_0.440,2864601_0.247,1.4522598260330681
2864601_0.440,2864601_0.382,3.754726812835922
2864601_0.440,2864601_0.307,1.4659020834646186
2864601_0.440,2864601_0.339,1.9172632172627389
2864601_0.440,2864601_0.426,2.2152666501858675
2864601_0.440,2864601_0.379,1.5676287378707532
2864601_0.457,2864601_0.400,0.9115537252346548
2864601_0.457,2864601_0.385,2.5668858682441167
2864601_0.457,2864601_0.350,0.9031128299486895
2864601_0.457,2864601_0.416,1.7937576347846445
2864601_0.457,2864601_0.342,1.0297579291873982
2864601_0.457,2864601_0.359,0.9439765797115823
2864601_0.457,2864601_0.475,0.9613328039136233
2864601_0.457,2864601_0.462,4.955999126069837
2864601_0.457,2864601_0.268,3.4245875938964567
2864601_0.457,2864601_0.262,1.0037272987258836
2864601_0.457,2864601_0.485,1.507858667810863
2864601_0.457,2864601_0.473,1.2059093127033482
2864601_0.457,2864601_0.189,1.8781803447824432
2864601_0.457,2864601_0.395,1.5152134571244578
2864601_0.457,2864601_0.237,1.075916234493273
2864601_0.457,2864601_0.372,1.0685656575846956
2864601_0.457,2864601_0.472,1.0228456584404213
2864601_0.457,2864601_0.436,1.709988942241493
2864601_0.457,2864601_0.454,1.0420263050079415
2864601_0.457,2864601_0.377,0.947375566800189
2864601_0.457,2864601_0.212,1.6284540130637575
2864601_0.457,2864601_0.123,1.081841669413439
2864601_0.457,2864601_0.288,1.029728294759894
2864601_0.457,2864601_0.349,0.8834037356666583
2864601_0.457,2864601_0.510,1.1811401650326434
2864601_0.457,2864601_0.376,1.073939160968532
2864601_0.457,2864601_0.305,1.1933547494182524
2864601_0.457,2864601_0.496,1.1438130347160922
2864601_0.457,2864601_0.261,1.0249321349454825
2864601_0.457,2864601_0.252,1.1555734799484811
2864601_0.457,2864601_0.208,1.101006386449465
2864601_0.457,2864601_0.230,1.0429801340699596
2864601_0.457,2864601_0.452,0.9952114894395486
2864601_0.457,2864601_0.498,0.9552132661351018
2864601_0.457,2864601_0.271,1.3048349777023003
2864601_0.457,2864601_0.450,3.623037959989681
2864601_0.457,2864601_0.46,1.0172570571998099
2864601_0.457,2864601_0.308,0.9610528494461861
2864601_0.457,2864601_0.163,1.0335699951318755
2864601_0.457,2864601_0.246,0.9737227799853573
2864601_0.457,2864601_0.438,0.9283266595530371
2864601_0.457,2864601_0.362,1.0219421183724027
2864601_0.457,2864601_0.136,1.1692367339335232
2864601_0.457,2864601_0.250,1.1965492366028345
2864601_0.457,2864601_0.247,0.9728867815878909
2864601_0.457,2864601_0.382,3.6794311481763207
2864601_0.457,2864601_0.307,0.9256962017240693
2864601_0.457,2864601_0.339,1.5146832016609488
2864601_0.457,2864601_0.426,1.828813641635123
2864601_0.457,2864601_0.379,1.2570343371675199
2864601_0.400,2864601_0.385,2.5660759534789817
2864601_0.400,2864601_0.350,0.9558405019549959
2864601_0.400,2864601_0.416,1.7771237138796137
2864601_0.400,2864601_0.342,0.8271494742734649
2864601_0.400,2864601_0.359,0.8677654846831232
2864601_0.400,2864601_0.475,1.0390841620723272
2864601_0.400,2864601_0.462,4.937291239673024
2864601_0.400,2864601_0.268,3.4762735065782073
2864601_0.400,2864601_0.262,1.1032929709639876
2864601_0.400,2864601_0.485,1.399745000724772
2864601_0.400,2864601_0.473,1.1185465975114488
2864601_0.400,2864601_0.189,1.9033656903707925
2864601_0.400,2864601_0.395,1.5353749959657976
2864601_0.400,2864601_0.237,1.1035200623226613
2864601_0.400,2864601_0.372,1.0279543817937649
2864601_0.400,2864601_0.472,0.8291990639462696
2864601_0.400,2864601_0.436,1.834398966682083
2864601_0.400,2864601_0.454,1.0429608913878834
2864601_0.400,2864601_0.377,1.0132569396093305
2864601_0.400,2864601_0.212,1.6658312239312865
2864601_0.400,2864601_0.123,1.0542965064899474
2864601_0.400,2864601_0.288,1.0824452735092134
2864601_0.400,2864601_0.349,0.808410058516736
2864601_0.400,2864601_0.510,1.0399034774264333
2864601_0.400,2864601_0.376,1.0079789503741072
2864601_0.400,2864601_0.305,1.2058413978456628
2864601_0.400,2864601_0.496,1.2360061934854887
2864601_0.400,2864601_0.261,1.0730229771806405
2864601_0.400,2864601_0.252,1.16093211573833
2864601_0.400,2864601_0.208,1.0597642450829639
2864601_0.400,2864601_0.230,0.9312737393915083
2864601_0.400,2864601_0.452,0.8770390981831729
2864601_0.400,2864601_0.498,0.9341015970352149
2864601_0.400,2864601_0.271,1.2345917252507255
2864601_0.400,2864601_0.450,3.6508924610014284
2864601_0.400,2864601_0.46,1.0439843677379972
2864601_0.400,2864601_0.308,0.9426353334239161
2864601_0.400,2864601_0.163,0.9934934692830918
2864601_0.400,2864601_0.246,0.8703906020956197
2864601_0.400,2864601_0.438,0.9021270106996563
2864601_0.400,2864601_0.362,0.9390973157226408
2864601_0.400,2864601_0.136,1.1329104450163794
2864601_0.400,2864601_0.250,1.2600850604896925
2864601_0.400,2864601_0.247,0.9089019406298905
2864601_0.400,2864601_0.382,3.689393064545765
2864601_0.400,2864601_0.307,0.8781178812150592
2864601_0.400,2864601_0.339,1.4113709847939793
2864601_0.400,2864601_0.426,1.791039406689277
2864601_0.400,2864601_0.379,1.1435188678326311
2864601_0.385,2864601_0.350,2.5454537766748015
2864601_0.385,2864601_0.416,3.0403825413395
2864601_0.385,2864601_0.342,2.6539008114180733
2864601_0.385,2864601_0.359,2.6185346300889543
2864601_0.385,2864601_0.475,2.7091098530339295
2864601_0.385,2864601_0.462,5.51017016711752
2864601_0.385,2864601_0.268,1.7887792712862942
2864601_0.385,2864601_0.262,2.6745964203496952
2864601_0.385,2864601_0.485,2.9187451439942977
2864601_0.385,2864601_0.473,2.778990847242434
2864601_0.385,2864601_0.189,1.4634472470811555
2864601_0.385,2864601_0.395,2.9543192550482353
2864601_0.385,2864601_0.237,2.657099662748264
2864601_0.385,2864601_0.372,2.6759271567611966
2864601_0.385,2864601_0.472,2.6239895829928743
2864601_0.385,2864601_0.436,2.7131364496167434
2864601_0.385,2864601_0.454,2.626533575369855
2864601_0.385,2864601_0.377,2.672418304850432
2864601_0.385,2864601_0.212,1.5254145484142914
2864601_0.385,2864601_0.123,2.717865620437726
2864601_0.385,2864601_0.288,2.7335580641829833
2864601_0.385,2864601_0.349,2.5361158035678706
2864601_0.385,2864601_0.510,2.74291771095551
2864601_0.385,2864601_0.376,2.7037064858276616
2864601_0.385,2864601_0.305,2.6651008808503
2864601_0.385,2864601_0.496,2.7048385524337366
2864601_0.385,2864601_0.261,2.5953427520240924
2864601_0.385,2864601_0.252,2.7278300309241974
2864601_0.385,2864601_0.208,2.6452729736200147
2864601_0.385,2864601_0.230,2.566450402417384
2864601_0.385,2864601_0.452,2.6047326376757325
2864601_0.385,2864601_0.498,2.683733992332798
2864601_0.385,2864601_0.271,2.8200444323770073
2864601_0.385,2864601_0.450,2.1239139043811175
2864601_0.385,2864601_0.46,2.6743888109862564
2864601_0.385,2864601_0.308,2.638054737900364
2864601_0.385,2864601_0.163,2.353645293237039
2864601_0.385,2864601_0.246,2.494132445161311
2864601_0.385,2864601_0.438,2.6855245833622674
2864601_0.385,2864601_0.362,2.6979827065707087
2864601_0.385,2864601_0.136,2.1841812608503037
2864601_0.385,2864601_0.250,2.799661184425247
2864601_0.385,2864601_0.247,2.6481600141089006
2864601_0.385,2864601_0.382,1.7457960773473917
2864601_0.385,2864601_0.307,2.5830047132197547
2864601_0.385,2864601_0.339,1.845023130072368
2864601_0.385,2864601_0.426,1.3794949931255998
2864601_0.385,2864601_0.379,2.656196385238917
2864601_0.350,2864601_0.416,1.8721618577155397
2864601_0.350,2864601_0.342,0.9597704867170725
2864601_0.350,2864601_0.359,0.9303761350608455
2864601_0.350,2864601_0.475,1.0019081101418135
2864601_0.350,2864601_0.462,4.9234017770397145
2864601_0.350,2864601_0.268,3.354161180032908
2864601_0.350,2864601_0.262,1.0686745853419277
2864601_0.350,2864601_0.485,1.5388562744179086
2864601_0.350,2864601_0.473,1.224980659095747
2864601_0.350,2864601_0.189,1.7341444484618933
2864601_0.350,2864601_0.395,1.5079387300906195
2864601_0.350,2864601_0.237,1.2496393767220368
2864601_0.350,2864601_0.372,1.0222641344719452
2864601_0.350,2864601_0.472,0.9756751564201614
2864601_0.350,2864601_0.436,1.8400916408826309
2864601_0.350,2864601_0.454,1.091411969447084
2864601_0.350,2864601_0.377,1.000217991302461
2864601_0.350,2864601_0.212,1.538639282019599
2864601_0.350,2864601_0.123,1.1824788170638896
2864601_0.350,2864601_0.288,1.1952024526145006
2864601_0.350,2864601_0.349,0.8770757302468889
2864601_0.350,2864601_0.510,1.0588973306413256
2864601_0.350,2864601_0.376,1.1588182303070733
2864601_0.350,2864601_0.305,1.317019392835068
2864601_0.350,2864601_0.496,1.011608072632147
2864601_0.350,2864601_0.261,1.158374818836193
2864601_0.350,2864601_0.252,1.232871015012674
2864601_0.350,2864601_0.208,1.0526859582870491
2864601_0.350,2864601_0.230,0.9957366850605567
2864601_0.350,2864601_0.452,0.8724034984737314
2864601_0.350,2864601_0.498,0.9517176454380073
2864601_0.350,2864601_0.271,1.498181912719301
2864601_0.350,2864601_0.450,3.5366423188338856
2864601_0.350,2864601_0.46,1.1056524036691517
2864601_0.350,2864601_0.308,0.9853166517903446
2864601_0.350,2864601_0.163,0.9724197277593368
2864601_0.350,2864601_0.246,0.9606814632412828
2864601_0.350,2864601_0.438,0.9805316823006461
2864601_0.350,2864601_0.362,1.0812680337189493
2864601_0.350,2864601_0.136,1.1069833645416332
2864601_0.350,2864601_0.250,1.0736065462241227
2864601_0.350,2864601_0.247,0.9328866160453879
2864601_0.350,2864601_0.382,3.5641066069730596
2864601_0.350,2864601_0.307,0.9763819419906602
2864601_0.350,2864601_0.339,1.3854780390757226
2864601_0.350,2864601_0.426,1.7138182459478806
2864601_0.350,2864601_0.379,1.3499256910549535
2864601_0.416,2864601_0.342,1.7012234744112062
2864601_0.416,2864601_0.359,1.6002127421626082
2864601_0.416,2864601_0.475,1.7604287540887569
2864601_0.416,2864601_0.462,3.697067571989845
2864601_0.416,2864601_0.268,3.782033038641868
2864601_0.416,2864601_0.262,1.5427937460977583
2864601_0.416,2864601_0.485,1.2042286767818524
2864601_0.416,2864601_0.473,1.6627374304857603
2864601_0.416,2864601_0.189,2.5023377234641218
2864601_0.416,2864601_0.395,1.1935750264136253
2864601_0.416,2864601_0.237,1.8555957496617257
2864601_0.416,2864601_0.372,1.8504068876592068
2864601_0.416,2864601_0.472,1.7508153156804769
2864601_0.416,2864601_0.436,2.1953258679427132
2864601_0.416,2864601_0.454,1.9296556351731975
2864601_0.416,2864601_0.377,1.7776383368124007
2864601_0.416,2864601_0.212,2.352779524831625
2864601_0.416,2864601_0.123,1.6281488179416217
2864601_0.416,2864601_0.288,1.6250911214710524
2864601_0.416,2864601_0.349,1.7492677799806553
2864601_0.416,2864601_0.510,1.6863143567600996
2864601_0.416,2864601_0.376,1.62788872380273
2864601_0.416,2864601_0.305,2.087254621692638
2864601_0.416,2864601_0.496,1.6885122695150347
2864601_0.416,2864601_0.261,1.6735461157451308
2864601_0.416,2864601_0.252,1.7446237370304356
2864601_0.416,2864601_0.208,1.6228172979903384
2864601_0.416,2864601_0.230,1.719169421322052
2864601_0.416,2864601_0.452,1.916633666420726
2864601_0.416,2864601_0.498,1.7662902715506277
2864601_0.416,2864601_0.271,1.616536002831275
2864601_0.416,2864601_0.450,3.61944139753465
2864601_0.416,2864601_0.46,1.544801685160675
2864601_0.416,2864601_0.308,1.8562739055743716
2864601_0.416,2864601_0.163,1.772227569754307
2864601_0.416,2864601_0.246,1.8025748939357642
2864601_0.416,2864601_0.438,1.6449290785903965
2864601_0.416,2864601_0.362,1.5754764805361108
2864601_0.416,2864601_0.136,1.8627502439222257
2864601_0.416,2864601_0.250,1.5461652513250017
2864601_0.416,2864601_0.247,1.8113397064436516
2864601_0.416,2864601_0.382,3.8865760126388316
2864601_0.416,2864601_0.307,1.8360939210336467
2864601_0.416,2864601_0.339,2.126242255592285
2864601_0.416,2864601_0.426,2.458672166259481
2864601_0.416,2864601_0.379,1.6383327935233791
2864601_0.342,2864601_0.359,0.9194844109321666
2864601_0.342,2864601_0.475,1.058294054224118
2864601_0.342,2864601_0.462,4.826740021432208
2864601_0.342,2864601_0.268,3.448568488866714
2864601_0.342,2864601_0.262,1.0668950818851477
2864601_0.342,2864601_0.485,1.364952469105773
2864601_0.342,2864601_0.473,1.0836478125385844
2864601_0.342,2864601_0.189,1.9323805240431784
2864601_0.342,2864601_0.395,1.5604899011629418
2864601_0.342,2864601_0.237,1.1454374927915927
2864601_0.342,2864601_0.372,0.9992519126111803
2864601_0.342,2864601_0.472,0.9383170729250989
2864601_0.342,2864601_0.436,1.7627149331496588
2864601_0.342,2864601_0.454,1.0724975083211992
2864601_0.342,2864601_0.377,1.0321127727578627
2864601_0.342,2864601_0.212,1.710256836568146
2864601_0.342,2864601_0.123,0.9680478452222482
2864601_0.342,2864601_0.288,1.0655286971658664
2864601_0.342,2864601_0.349,0.8665790723537246
2864601_0.342,2864601_0.510,1.046020298923429
2864601_0.342,2864601_0.376,0.9919627241632009
2864601_0.342,2864601_0.305,1.3277028752569209
2864601_0.342,2864601_0.496,1.1087985518738146
2864601_0.342,2864601_0.261,1.0840427792057707
2864601_0.342,2864601_0.252,1.1745572880968056
2864601_0.342,2864601_0.208,1.0530357032078042
2864601_0.342,2864601_0.230,0.9361682599654448
2864601_0.342,2864601_0.452,0.9975522190885167
2864601_0.342,2864601_0.498,0.9488634757980076
2864601_0.342,2864601_0.271,1.2271567976042868
2864601_0.342,2864601_0.450,3.6334679268088164
2864601_0.342,2864601_0.46,1.017971074292952
2864601_0.342,2864601_0.308,0.962226154929494
2864601_0.342,2864601_0.163,1.0783449868875175
2864601_0.342,2864601_0.246,1.0145155235036074
2864601_0.342,2864601_0.438,0.9608327489709712
2864601_0.342,2864601_0.362,1.1130457913642013
2864601_0.342,2864601_0.136,1.1425951641274512
2864601_0.342,2864601_0.250,1.2745501911018164
2864601_0.342,2864601_0.247,0.9521994095694926
2864601_0.342,2864601_0.382,3.6994718212236326
2864601_0.342,2864601_0.307,1.0612604123358618
2864601_0.342,2864601_0.339,1.4802694538754566
2864601_0.342,2864601_0.426,1.8114016152949088
2864601_0.342,2864601_0.379,1.161903119685218
2864601_0.359,2864601_0.475,0.9964828321578292
2864601_0.359,2864601_0.462,4.726234355321537
2864601_0.359,2864601_0.268,3.4767458307798034
2864601_0.359,2864601_0.262,0.930384720851663
2864601_0.359,2864601_0.485,1.3649846888277122
2864601_0.359,2864601_0.473,1.0885018278911756
2864601_0.359,2864601_0.189,1.8919621530903556
2864601_0.359,2864601_0.395,1.3763753886809127
2864601_0.359,2864601_0.237,1.22754336997695
2864601_0.359,2864601_0.372,1.0347837227210825
2864601_0.359,2864601_0.472,0.9468805732467155
2864601_0.359,2864601_0.436,1.773973335741212
2864601_0.359,2864601_0.454,1.181944366449945
2864601_0.359,2864601_0.377,1.0592103760108023
2864601_0.359,2864601_0.212,1.6822492390655768
2864601_0.359,2864601_0.123,1.0552190119108893
2864601_0.359,2864601_0.288,1.075992721114519
2864601_0.359,2864601_0.349,0.8599891754373677
2864601_0.359,2864601_0.510,0.9648401724917152
2864601_0.359,2864601_0.376,0.9831387058293428
2864601_0.359,2864601_0.305,1.2226538932020243
2864601_0.359,2864601_0.496,1.0893448741485103
2864601_0.359,2864601_0.261,1.08419183785595
2864601_0.359,2864601_0.252,1.0650438815516188
2864601_0.359,2864601_0.208,1.0457052189317018
2864601_0.359,2864601_0.230,0.980206945771242
2864601_0.359,2864601_0.452,1.0007527491863655
2864601_0.359,2864601_0.498,0.8980632208249733
2864601_0.359,2864601_0.271,1.2657405696977135
2864601_0.359,2864601_0.450,3.580524356659109
2864601_0.359,2864601_0.46,0.9792895941474231
2864601_0.359,2864601_0.308,1.0137656458883935
2864601_0.359,2864601_0.163,1.097998800032746
2864601_0.359,2864601_0.246,1.038019112882726
2864601_0.359,2864601_0.438,0.9346157140883521
2864601_0.359,2864601_0.362,0.9770923700249279
2864601_0.359,2864601_0.136,1.1706263416184057
2864601_0.359,2864601_0.250,1.111274740517049
2864601_0.359,2864601_0.247,0.9902645355952937
2864601_0.359,2864601_0.382,3.6812354633591275
2864601_0.359,2864601_0.307,0.9841845477072408
2864601_0.359,2864601_0.339,1.4728005218788505
2864601_0.359,2864601_0.426,1.8834491230030077
2864601_0.359,2864601_0.379,1.1222781488362898
2864601_0.475,2864601_0.462,4.76602860174925
2864601_0.475,2864601_0.268,3.4391353700940503
2864601_0.475,2864601_0.262,0.9895059113428265
2864601_0.475,2864601_0.485,1.4716133649575505
2864601_0.475,2864601_0.473,1.2191349133492526
2864601_0.475,2864601_0.189,1.9006194276389703
2864601_0.475,2864601_0.395,1.3670773467057418
2864601_0.475,2864601_0.237,1.3716939229090692
2864601_0.475,2864601_0.372,1.1470515330525206
2864601_0.475,2864601_0.472,1.1533747137492067
2864601_0.475,2864601_0.436,1.8231165571599837
2864601_0.475,2864601_0.454,1.2964015609297879
2864601_0.475,2864601_0.377,0.958225069604496
2864601_0.475,2864601_0.212,1.7383762554397848
2864601_0.475,2864601_0.123,1.1361861770187425
2864601_0.475,2864601_0.288,1.1998525129909063
2864601_0.475,2864601_0.349,1.0141373841062145
2864601_0.475,2864601_0.510,1.088048677598705
2864601_0.475,2864601_0.376,1.0996005825493698
2864601_0.475,2864601_0.305,1.2567556462079867
2864601_0.475,2864601_0.496,1.0374973081922836
2864601_0.475,2864601_0.261,1.0822771033587733
2864601_0.475,2864601_0.252,1.2036967467641237
2864601_0.475,2864601_0.208,1.1023987076145536
2864601_0.475,2864601_0.230,1.0605075641797639
2864601_0.475,2864601_0.452,1.0953821715285896
2864601_0.475,2864601_0.498,1.0147768944143334
2864601_0.475,2864601_0.271,1.3582984199354655
2864601_0.475,2864601_0.450,3.586768387603222
2864601_0.475,2864601_0.46,0.9862657288816012
2864601_0.475,2864601_0.308,1.1480274016661478
2864601_0.475,2864601_0.163,1.1106127118817883
2864601_0.475,2864601_0.246,1.1256363678538295
2864601_0.475,2864601_0.438,0.9782482369730494
2864601_0.475,2864601_0.362,1.0615487646611734
2864601_0.475,2864601_0.136,1.260174168583109
2864601_0.475,2864601_0.250,1.1017294012684564
2864601_0.475,2864601_0.247,1.0402986570743722
2864601_0.475,2864601_0.382,3.6986501115931985
2864601_0.475,2864601_0.307,0.9979385789439468
2864601_0.475,2864601_0.339,1.6324295581757027
2864601_0.475,2864601_0.426,1.9739353380201634
2864601_0.475,2864601_0.379,1.394982693333485
2864601_0.462,2864601_0.268,5.977110945283928
2864601_0.462,2864601_0.262,4.569052773568328
2864601_0.462,2864601_0.485,4.036292076055288
2864601_0.462,2864601_0.473,4.696943423521485
2864601_0.462,2864601_0.189,5.227549580393571
2864601_0.462,2864601_0.395,3.983910883685166
2864601_0.462,2864601_0.237,4.949376002168775
2864601_0.462,2864601_0.372,4.930806246887287
2864601_0.462,2864601_0.472,4.893584207379023
2864601_0.462,2864601_0.436,5.135325398754036
2864601_0.462,2864601_0.454,5.038118745876571
2864601_0.462,2864601_0.377,4.848970669038989
2864601_0.462,2864601_0.212,5.238703952964635
2864601_0.462,2864601_0.123,4.757712080046324
2864601_0.462,2864601_0.288,4.758254788150956
2864601_0.462,2864601_0.349,4.925010385008993
2864601_0.462,2864601_0.510,4.474408557404842
2864601_0.462,2864601_0.376,4.743409802527157
2864601_0.462,2864601_0.305,4.942682224293348
2864601_0.462,2864601_0.496,4.666644595986062
2864601_0.462,2864601_0.261,4.782609864629766
2864601_0.462,2864601_0.252,4.624015013998556
2864601_0.462,2864601_0.208,4.615783382880646
2864601_0.462,2864601_0.230,4.800370306741653
2864601_0.462,2864601_0.452,5.007575927040418
2864601_0.462,2864601_0.498,4.827125770748465
2864601_0.462,2864601_0.271,4.5356943345368
2864601_0.462,2864601_0.450,5.277255756792496
2864601_0.462,2864601_0.46,4.617582252812719
2864601_0.462,2864601_0.308,4.938270927187062
2864601_0.462,2864601_0.163,4.822097626607258
2864601_0.462,2864601_0.246,4.959911578650686
2864601_0.462,2864601_0.438,4.809633540565007
2864601_0.462,2864601_0.362,4.59963538366507
2864601_0.462,2864601_0.136,4.8785628821769205
2864601_0.462,2864601_0.250,4.444653723796035
2864601_0.462,2864601_0.247,4.953790400517451
2864601_0.462,2864601_0.382,5.83313929809951
2864601_0.462,2864601_0.307,4.904263468659293
2864601_0.462,2864601_0.339,5.015775611282924
2864601_0.462,2864601_0.426,5.265122422119644
2864601_0.462,2864601_0.379,4.773079358499704
2864601_0.268,2864601_0.262,3.452073099528559
2864601_0.268,2864601_0.485,3.637132520076354
2864601_0.268,2864601_0.473,3.494617896429724
2864601_0.268,2864601_0.189,1.9909989558227816
2864601_0.268,2864601_0.395,3.6301966339093776
2864601_0.268,2864601_0.237,3.524817786993875
2864601_0.268,2864601_0.372,3.4329390129044124
2864601_0.268,2864601_0.472,3.4940573026335002
2864601_0.268,2864601_0.436,3.5153776950145024
2864601_0.268,2864601_0.454,3.4369433671339538
2864601_0.268,2864601_0.377,3.3729695750265174
2864601_0.268,2864601_0.212,2.3071874158048953
2864601_0.268,2864601_0.123,3.455863935641368
2864601_0.268,2864601_0.288,3.5351617654508227
2864601_0.268,2864601_0.349,3.4162245454958615
2864601_0.268,2864601_0.510,3.5634056141803883
2864601_0.268,2864601_0.376,3.487926326920632
2864601_0.268,2864601_0.305,3.552313557895347
2864601_0.268,2864601_0.496,3.431358765320756
2864601_0.268,2864601_0.261,3.4174549112033445
2864601_0.268,2864601_0.252,3.5808814037354018
2864601_0.268,2864601_0.208,3.482093211310753
2864601_0.268,2864601_0.230,3.424544793380356
2864601_0.268,2864601_0.452,3.4901752638298915
2864601_0.268,2864601_0.498,3.4473275444688793
2864601_0.268,2864601_0.271,3.637627359919481
2864601_0.268,2864601_0.450,1.922034321206192
2864601_0.268,2864601_0.46,3.4314112198564377
2864601_0.268,2864601_0.308,3.4012545381873953
2864601_0.268,2864601_0.163,3.244173209750782
2864601_0.268,2864601_0.246,3.401132416073971
2864601_0.268,2864601_0.438,3.4574697909389176
2864601_0.268,2864601_0.362,3.4924504444451805
2864601_0.268,2864601_0.136,3.027052535751765
2864601_0.268,2864601_0.250,3.497531589244697
2864601_0.268,2864601_0.247,3.370894952041351
2864601_0.268,2864601_0.382,1.3143050417898128
2864601_0.268,2864601_0.307,3.4856198679669954
2864601_0.268,2864601_0.339,2.922023424251289
2864601_0.268,2864601_0.426,2.2344104261489917
2864601_0.268,2864601_0.379,3.6144060633727606
2864601_0.262,2864601_0.485,1.2887298571808008
2864601_0.262,2864601_0.473,1.1573461786382928
2864601_0.262,2864601_0.189,1.9710920121944733
2864601_0.262,2864601_0.395,1.2431446189010709
2864601_0.262,2864601_0.237,1.3608463173670795
2864601_0.262,2864601_0.372,1.0501539362579995
2864601_0.262,2864601_0.472,1.1381063559805222
2864601_0.262,2864601_0.436,1.829728096206509
2864601_0.262,2864601_0.454,1.3305426132326557
2864601_0.262,2864601_0.377,1.0084955755729617
2864601_0.262,2864601_0.212,1.7709152107853916
2864601_0.262,2864601_0.123,1.0964723314749625
2864601_0.262,2864601_0.288,1.0888330634721017
2864601_0.262,2864601_0.349,0.9717394974599995
2864601_0.262,2864601_0.510,1.1103897843606547
2864601_0.262,2864601_0.376,0.9985558266730465
2864601_0.262,2864601_0.305,1.2611078335823924
2864601_0.262,2864601_0.496,1.0579201456296814
2864601_0.262,2864601_0.261,0.9849186004189852
2864601_0.262,2864601_0.252,1.131261217746367
2864601_0.262,2864601_0.208,1.0211045970216666
2864601_0.262,2864601_0.230,1.0260281796269153
2864601_0.262,2864601_0.452,1.1783319518479103
2864601_0.262,2864601_0.498,1.006647646473658
2864601_0.262,2864601_0.271,1.233027851467721
2864601_0.262,2864601_0.450,3.526500992313641
2864601_0.262,2864601_0.46,1.040720027389354
2864601_0.262,2864601_0.308,0.9830677114280125
2864601_0.262,2864601_0.163,1.167177285783973
2864601_0.262,2864601_0.246,1.20571798009958
2864601_0.262,2864601_0.438,0.9988071988129397
2864601_0.262,2864601_0.362,1.0105611146597022
2864601_0.262,2864601_0.136,1.1995107065013777
2864601_0.262,2864601_0.250,1.0471757794603158
2864601_0.262,2864601_0.247,1.0481808205072292
2864601_0.262,2864601_0.382,3.6849036452435624
2864601_0.262,2864601_0.307,1.0742948465060722
2864601_0.262,2864601_0.339,1.6021995783781326
2864601_0.262,2864601_0.426,1.9294831543977955
2864601_0.262,2864601_0.379,1.250460330945368
2864601_0.485,2864601_0.473,1.3677842291344222
2864601_0.485,2864601_0.189,2.240272252431103
2864601_0.485,2864601_0.395,1.0390528591737331
2864601_0.485,2864601_0.237,1.6611600840085547
2864601_0.485,2864601_0.372,1.4774499832371957
2864601_0.485,2864601_0.472,1.4052526545040442
2864601_0.485,2864601_0.436,2.312232531809132
2864601_0.485,2864601_0.454,1.6239415396058525
2864601_0.485,2864601_0.377,1.396322945048971
2864601_0.485,2864601_0.212,2.167637772656514
2864601_0.485,2864601_0.123,1.3289444905671417
2864601_0.485,2864601_0.288,1.4006069766933094
2864601_0.485,2864601_0.349,1.4129267567611183
2864601_0.485,2864601_0.510,1.3252609903895478
2864601_0.485,2864601_0.376,1.330219570943318
2864601_0.485,2864601_0.305,1.8723783008737251
2864601_0.485,2864601_0.496,1.57076808864736
2864601_0.485,2864601_0.261,1.5231989984086667
2864601_0.485,2864601_0.252,1.464669306268479
2864601_0.485,2864601_0.208,1.2712905452756673
2864601_0.485,2864601_0.230,1.4943003893030369
2864601_0.485,2864601_0.452,1.5603235504923343
2864601_0.485,2864601_0.498,1.442886218244097
2864601_0.485,2864601_0.271,1.4171116203808471
2864601_0.485,2864601_0.450,3.5650376185497303
2864601_0.485,2864601_0.46,1.2762793049934027
2864601_0.485,2864601_0.308,1.4928019435878093
2864601_0.485,2864601_0.163,1.4871480896068705
2864601_0.485,2864601_0.246,1.601616465516782
2864601_0.485,2864601_0.438,1.2982443108651343
2864601_0.485,2864601_0.362,1.1517142807776417
2864601_0.485,2864601_0.136,1.6757497410268496
2864601_0.485,2864601_0.250,1.2432605424954537
2864601_0.485,2864601_0.247,1.4692130941146069
2864601_0.485,2864601_0.382,3.77869026172787
2864601_0.485,2864601_0.307,1.4862401035863404
2864601_0.485,2864601_0.339,1.9291392223029653
2864601_0.485,2864601_0.426,2.2444491587148514
2864601_0.485,2864601_0.379,1.5236384306664155
2864601_0.473,2864601_0.189,2.0512583328128158
2864601_0.473,2864601_0.395,1.4869965887256023
2864601_0.473,2864601_0.237,1.3156997478549428
2864601_0.473,2864601_0.372,1.0699093195389393
2864601_0.473,2864601_0.472,1.1630754421000264
2864601_0.473,2864601_0.436,2.006547493658746
2864601_0.473,2864601_0.454,1.3859226315286244
2864601_0.473,2864601_0.377,1.1018449445547638
2864601_0.473,2864601_0.212,1.8516370363750834
2864601_0.473,2864601_0.123,1.1724546907543745
2864601_0.473,2864601_0.288,1.1546299045483297
2864601_0.473,2864601_0.349,1.0369986822380957
2864601_0.473,2864601_0.510,1.2122949776323237
2864601_0.473,2864601_0.376,1.1148982663483848
2864601_0.473,2864601_0.305,1.329152086048889
2864601_0.473,2864601_0.496,1.2116730051271336
2864601_0.473,2864601_0.261,1.121363723874391
2864601_0.473,2864601_0.252,1.2349595112930076
2864601_0.473,2864601_0.208,1.251645339276165
2864601_0.473,2864601_0.230,1.0649992647494522
2864601_0.473,2864601_0.452,1.2275002751496076
2864601_0.473,2864601_0.498,1.1030826911618135
2864601_0.473,2864601_0.271,1.2256729572508684
2864601_0.473,2864601_0.450,3.6278264104563616
2864601_0.473,2864601_0.46,1.18314437200933
2864601_0.473,2864601_0.308,1.0307957594277415
2864601_0.473,2864601_0.163,1.291479439574849
2864601_0.473,2864601_0.246,1.2819460525708286
2864601_0.473,2864601_0.438,1.1531630450913022
2864601_0.473,2864601_0.362,1.094033877027005
2864601_0.473,2864601_0.136,1.3098608272998842
2864601_0.473,2864601_0.250,1.3588124218864486
2864601_0.473,2864601_0.247,1.0153097203016996
2864601_0.473,2864601_0.382,3.7477222514736765
2864601_0.473,2864601_0.307,1.163657392320566
2864601_0.473,2864601_0.339,1.644629920808164
2864601_0.473,2864601_0.426,1.937245497704477
2864601_0.473,2864601_0.379,1.2857139546160052
2864601_0.189,2864601_0.395,2.2153485644835325
2864601_0.189,2864601_0.237,2.035716185986704
2864601_0.189,2864601_0.372,1.9036032449463611
2864601_0.189,2864601_0.472,1.9287138620311317
2864601_0.189,2864601_0.436,2.2273589894134473
2864601_0.189,2864601_0.454,1.9669080578322624
2864601_0.189,2864601_0.377,1.903631036567818
2864601_0.189,2864601_0.212,0.9618645973035501
2864601_0.189,2864601_0.123,2.009671831024293
2864601_0.189,2864601_0.288,2.0170363527947583
2864601_0.189,2864601_0.349,1.865682865732107
2864601_0.189,2864601_0.510,1.9625611146557151
2864601_0.189,2864601_0.376,1.9886158831715282
2864601_0.189,2864601_0.305,2.068431268051369
2864601_0.189,2864601_0.496,1.966595567083635
2864601_0.189,2864601_0.261,2.0329854421494864
2864601_0.189,2864601_0.252,2.025863578275285
2864601_0.189,2864601_0.208,1.933211175422422
2864601_0.189,2864601_0.230,1.9258817556763648
2864601_0.189,2864601_0.452,1.8966756230195252
2864601_0.189,2864601_0.498,1.9251734974562558
2864601_0.189,2864601_0.271,2.1994159315615995
2864601_0.189,2864601_0.450,2.2786586614739175
2864601_0.189,2864601_0.46,1.8929089507666506
2864601_0.189,2864601_0.308,1.9275222288306435
2864601_0.189,2864601_0.163,1.6637238281161983
2864601_0.189,2864601_0.246,1.8720605542838704
2864601_0.189,2864601_0.438,1.9025868159908725
2864601_0.189,2864601_0.362,1.9399212946430442
2864601_0.189,2864601_0.136,1.6392304731195366
2864601_0.189,2864601_0.250,1.9761241782148034
2864601_0.189,2864601_0.247,1.8768316972229917
2864601_0.189,2864601_0.382,2.1535982093211348
2864601_0.189,2864601_0.307,1.8817620369711894
2864601_0.189,2864601_0.339,1.5530216226559574
2864601_0.189,2864601_0.426,1.2102170681766058
2864601_0.189,2864601_0.379,2.072911921855032
2864601_0.395,2864601_0.237,1.715781130217198
2864601_0.395,2864601_0.372,1.5693969917814252
2864601_0.395,2864601_0.472,1.5258340730269315
2864601_0.395,2864601_0.436,2.3105878253382937
2864601_0.395,2864601_0.454,1.7654879199362579
2864601_0.395,2864601_0.377,1.450496219128449
2864601_0.395,2864601_0.212,2.13678038238125
2864601_0.395,2864601_0.123,1.4095946895581566
2864601_0.395,2864601_0.288,1.5203438434127363
2864601_0.395,2864601_0.349,1.4818956343030243
2864601_0.395,2864601_0.510,1.3461087805890208
2864601_0.395,2864601_0.376,1.3896623243690422
2864601_0.395,2864601_0.305,1.9129061548224144
2864601_0.395,2864601_0.496,1.4371113848168444
2864601_0.395,2864601_0.261,1.5055470369484714
2864601_0.395,2864601_0.252,1.4697699472519652
2864601_0.395,2864601_0.208,1.2689369166078335
2864601_0.395,2864601_0.230,1.5233166445590063
2864601_0.395,2864601_0.452,1.6309770642365162
2864601_0.395,2864601_0.498,1.5265137201375034
2864601_0.395,2864601_0.271,1.5767440030734212
2864601_0.395,2864601_0.450,3.5249070135359304
2864601_0.395,2864601_0.46,1.2588068486596764
2864601_0.395,2864601_0.308,1.5612038289534809
2864601_0.395,2864601_0.163,1.5358604640435065
2864601_0.395,2864601_0.246,1.6826792968357787
2864601_0.395,2864601_0.438,1.269742184618193
2864601_0.395,2864601_0.362,1.2087856997790332
2864601_0.395,2864601_0.136,1.6417354366963648
2864601_0.395,2864601_0.250,1.063380801428914
2864601_0.395,2864601_0.247,1.4802922770835203
2864601_0.395,2864601_0.382,3.7547708611212944
2864601_0.395,2864601_0.307,1.5154255307855686
2864601_0.395,2864601_0.339,1.9806960545709518
2864601_0.395,2864601_0.426,2.3040544314873572
2864601_0.395,2864601_0.379,1.6381097365695392
2864601_0.237,2864601_0.372,1.1943850082841945
2864601_0.237,2864601_0.472,1.1225701619334856
2864601_0.237,2864601_0.436,1.839469845595105
2864601_0.237,2864601_0.454,1.060407253675334
2864601_0.237,2864601_0.377,1.2966497500012373
2864601_0.237,2864601_0.212,1.827059689767026
2864601_0.237,2864601_0.123,1.0525457641589517
2864601_0.237,2864601_0.288,1.124561374061184
2864601_0.237,2864601_0.349,1.0761981790686541
2864601_0.237,2864601_0.510,1.4177548094194903
2864601_0.237,2864601_0.376,1.2073743418561056
2864601_0.237,2864601_0.305,1.4581229590579847
2864601_0.237,2864601_0.496,1.33641239132762
2864601_0.237,2864601_0.261,1.3395607016639517
2864601_0.237,2864601_0.252,1.368877525228607
2864601_0.237,2864601_0.208,1.2726274210090363
2864601_0.237,2864601_0.230,1.1499154881844165
2864601_0.237,2864601_0.452,1.2689930908466005
2864601_0.237,2864601_0.498,1.3157807653284688
2864601_0.237,2864601_0.271,1.3529049020652797
2864601_0.237,2864601_0.450,3.6967560675383186
2864601_0.237,2864601_0.46,1.0709904755431239
2864601_0.237,2864601_0.308,1.230389335928682
2864601_0.237,2864601_0.163,1.2794017503431225
2864601_0.237,2864601_0.246,1.1958421863247721
2864601_0.237,2864601_0.438,1.2310160240404409
2864601_0.237,2864601_0.362,1.3008185319654435
2864601_0.237,2864601_0.136,1.1400816711505766
2864601_0.237,2864601_0.250,1.5464403214461977
2864601_0.237,2864601_0.247,1.1635833074211628
2864601_0.237,2864601_0.382,3.750562439851813
2864601_0.237,2864601_0.307,1.2791867353260757
2864601_0.237,2864601_0.339,1.5080019911420497
2864601_0.237,2864601_0.426,1.9523496104277938
2864601_0.237,2864601_0.379,1.2714203891271039
2864601_0.372,2864601_0.472,1.0176564936570915
2864601_0.372,2864601_0.436,1.9707909345870513
2864601_0.372,2864601_0.454,1.1422040740508976
2864601_0.372,2864601_0.377,1.012880355021262
2864601_0.372,2864601_0.212,1.7688541083751155
2864601_0.372,2864601_0.123,1.1521065257421559
2864601_0.372,2864601_0.288,1.2165354957265397
2864601_0.372,2864601_0.349,0.9336427191235055
2864601_0.372,2864601_0.510,1.1819705315137299
2864601_0.372,2864601_0.376,1.123502507401225
2864601_0.372,2864601_0.305,1.294716519143888
2864601_0.372,2864601_0.496,1.1365366641551156
2864601_0.372,2864601_0.261,1.1106537542055666
2864601_0.372,2864601_0.252,1.271317808223943
2864601_0.372,2864601_0.208,1.1287316410143893
2864601_0.372,2864601_0.230,1.0142242348048807
2864601_0.372,2864601_0.452,1.020198781725204
2864601_0.372,2864601_0.498,1.1252192678246218
2864601_0.372,2864601_0.271,1.3017544942872257
2864601_0.372,2864601_0.450,3.677031863724899
2864601_0.372,2864601_0.46,1.1087740045833134
2864601_0.372,2864601_0.308,0.9943027136439851
2864601_0.372,2864601_0.163,1.185485293951591
2864601_0.372,2864601_0.246,1.1187508848778747
2864601_0.372,2864601_0.438,1.0925111458228758
2864601_0.372,2864601_0.362,1.0773359877360178
2864601_0.372,2864601_0.136,1.1263253687777521
2864601_0.372,2864601_0.250,1.2725543946758326
2864601_0.372,2864601_0.247,0.9308362407436725
2864601_0.372,2864601_0.382,3.713936444205165
2864601_0.372,2864601_0.307,1.0095076320711234
2864601_0.372,2864601_0.339,1.5084990957209041
2864601_0.372,2864601_0.426,1.8518696938067938
2864601_0.372,2864601_0.379,1.2810021723975282
2864601_0.472,2864601_0.436,1.8859524723646344
2864601_0.472,2864601_0.454,1.070829304561757
2864601_0.472,2864601_0.377,1.0545469592713521
2864601_0.472,2864601_0.212,1.7221181491200725
2864601_0.472,2864601_0.123,1.0971100324149097
2864601_0.472,2864601_0.288,1.060697503508771
2864601_0.472,2864601_0.349,0.9000838813052011
2864601_0.472,2864601_0.510,1.149129285440221
2864601_0.472,2864601_0.376,1.052892900058749
2864601_0.472,2864601_0.305,1.3877358372891304
2864601_0.472,2864601_0.496,1.1857060566656095
2864601_0.472,2864601_0.261,1.1746745735748494
2864601_0.472,2864601_0.252,1.209199932939198
2864601_0.472,2864601_0.208,1.1209334140120715
2864601_0.472,2864601_0.230,1.0211797524289932
2864601_0.472,2864601_0.452,0.8679548151415307
2864601_0.472,2864601_0.498,1.0535024595744518
2864601_0.472,2864601_0.271,1.220522802232151
2864601_0.472,2864601_0.450,3.637343343575352
2864601_0.472,2864601_0.46,1.0027499685706716
2864601_0.472,2864601_0.308,1.0882013267839754
2864601_0.472,2864601_0.163,1.029723270513231
2864601_0.472,2864601_0.246,0.9001481711707465
2864601_0.472,2864601_0.438,1.0192035503366224
2864601_0.472,2864601_0.362,1.018642885358515
2864601_0.472,2864601_0.136,1.1277018682234512
2864601_0.472,2864601_0.250,1.2260994017222262
2864601_0.472,2864601_0.247,0.9853665190429596
2864601_0.472,2864601_0.382,3.6898562282113394
2864601_0.472,2864601_0.307,0.9683193807388627
2864601_0.472,2864601_0.339,1.3938299362175708
2864601_0.472,2864601_0.426,1.8491265286892662
2864601_0.472,2864601_0.379,1.259648499827176
2864601_0.436,2864601_0.454,1.8252258198264553
2864601_0.436,2864601_0.377,1.9029016047050662
2864601_0.436,2864601_0.212,1.8618133846163574
2864601_0.436,2864601_0.123,1.8086424491673092
2864601_0.436,2864601_0.288,1.6624662795189664
2864601_0.436,2864601_0.349,1.80375280269817
2864601_0.436,2864601_0.510,1.9948746431312632
2864601_0.436,2864601_0.376,1.7290263765606704
2864601_0.436,2864601_0.305,1.7888054766053723
2864601_0.436,2864601_0.496,1.651420212356574
2864601_0.436,2864601_0.261,1.6800144435102082
2864601_0.436,2864601_0.252,1.7390652009628902
2864601_0.436,2864601_0.208,1.737915864629595
2864601_0.436,2864601_0.230,1.6867207928289256
2864601_0.436,2864601_0.452,1.916470670274792
2864601_0.436,2864601_0.498,1.7965957313129564
2864601_0.436,2864601_0.271,1.7585387804283652
2864601_0.436,2864601_0.450,3.4615937629663667
2864601_0.436,2864601_0.46,1.7197076974966972
2864601_0.436,2864601_0.308,1.891408133525333
2864601_0.436,2864601_0.163,1.7176116829422596
2864601_0.436,2864601_0.246,1.773876916144473
2864601_0.436,2864601_0.438,1.782146582845778
2864601_0.436,2864601_0.362,2.0239576618341015
2864601_0.436,2864601_0.136,1.8233871418240817
2864601_0.436,2864601_0.250,2.1883648539132703
2864601_0.436,2864601_0.247,1.918795264133633
2864601_0.436,2864601_0.382,3.7775520150008353
2864601_0.436,2864601_0.307,1.8444806503269364
2864601_0.436,2864601_0.339,1.9529548790643032
2864601_0.436,2864601_0.426,2.2244321707874146
2864601_0.436,2864601_0.379,1.6561851433211725
2864601_0.454,2864601_0.377,1.1280242978913873
2864601_0.454,2864601_0.212,1.8184093891338509
2864601_0.454,2864601_0.123,1.2131909296956487
2864601_0.454,2864601_0.288,1.2605116495333264
2864601_0.454,2864601_0.349,1.0894844051861508
2864601_0.454,2864601_0.510,1.365334886271747
2864601_0.454,2864601_0.376,1.2908564872364614
2864601_0.454,2864601_0.305,1.4442070095377655
2864601_0.454,2864601_0.496,1.314826766801724
2864601_0.454,2864601_0.261,1.2743642642380228
2864601_0.454,2864601_0.252,1.4560341543650308
2864601_0.454,2864601_0.208,1.2329127899387398
2864601_0.454,2864601_0.230,1.1284615620718021
2864601_0.454,2864601_0.452,1.0734103966343684
2864601_0.454,2864601_0.498,1.2766728287061029
2864601_0.454,2864601_0.271,1.5219850611480714
2864601_0.454,2864601_0.450,3.7083173434221397
2864601_0.454,2864601_0.46,1.1909018200882608
2864601_0.454,2864601_0.308,1.159053923450142
2864601_0.454,2864601_0.163,1.1660779137466692
2864601_0.454,2864601_0.246,0.9949606510395282
2864601_0.454,2864601_0.438,1.213156589484504
2864601_0.454,2864601_0.362,1.2991820761447912
2864601_0.454,2864601_0.136,1.2156088154395157
2864601_0.454,2864601_0.250,1.437028029439702
2864601_0.454,2864601_0.247,1.0873668675051211
2864601_0.454,2864601_0.382,3.7174190098485793
2864601_0.454,2864601_0.307,1.2266459665727216
2864601_0.454,2864601_0.339,1.4616370435974315
2864601_0.454,2864601_0.426,1.8789745571079894
2864601_0.454,2864601_0.379,1.383004672615491
2864601_0.377,2864601_0.212,1.7748904437417279
2864601_0.377,2864601_0.123,1.0672431992243288
2864601_0.377,2864601_0.288,1.1374971914759457
2864601_0.377,2864601_0.349,0.9390554927631455
2864601_0.377,2864601_0.510,1.1757409017622915
2864601_0.377,2864601_0.376,1.0938969933143674
2864601_0.377,2864601_0.305,1.2334748462851466
2864601_0.377,2864601_0.496,1.0944475354569314
2864601_0.377,2864601_0.261,1.0160617920420412
2864601_0.377,2864601_0.252,1.273595039103991
2864601_0.377,2864601_0.208,1.1631673792293264
2864601_0.377,2864601_0.230,0.9789497871703995
2864601_0.377,2864601_0.452,1.014150323235103
2864601_0.377,2864601_0.498,0.911673271201989
2864601_0.377,2864601_0.271,1.388640189346988
2864601_0.377,2864601_0.450,3.6194779511746056
2864601_0.377,2864601_0.46,1.1039278971243849
2864601_0.377,2864601_0.308,0.9133720448011606
2864601_0.377,2864601_0.163,1.122614134350593
2864601_0.377,2864601_0.246,1.0903738555805143
2864601_0.377,2864601_0.438,1.0320899243659434
2864601_0.377,2864601_0.362,1.0107961638840741
2864601_0.377,2864601_0.136,1.2279249412804603
2864601_0.377,2864601_0.250,1.175286814610933
2864601_0.377,2864601_0.247,0.8452325220229946
2864601_0.377,2864601_0.382,3.6877895887349608
2864601_0.377,2864601_0.307,1.0244259146809185
2864601_0.377,2864601_0.339,1.53077658219858
2864601_0.377,2864601_0.426,1.8407934891275253
2864601_0.377,2864601_0.379,1.3299753956129994
2864601_0.212,2864601_0.123,1.804205968898289
2864601_0.212,2864601_0.288,1.780144658280296
2864601_0.212,2864601_0.349,1.5980976125795188
2864601_0.212,2864601_0.510,1.8370563892364296
2864601_0.212,2864601_0.376,1.7386397778582987
2864601_0.212,2864601_0.305,1.811245102791279
2864601_0.212,2864601_0.496,1.7491951540208657
2864601_0.212,2864601_0.261,1.7836569360964167
2864601_0.212,2864601_0.252,1.7514852252104942
2864601_0.212,2864601_0.208,1.708189606822824
2864601_0.212,2864601_0.230,1.6761102671483474
2864601_0.212,2864601_0.452,1.7034408757072068
2864601_0.212,2864601_0.498,1.7171274049869285
2864601_0.212,2864601_0.271,1.8908720225108782
2864601_0.212,2864601_0.450,2.446378104336467
2864601_0.212,2864601_0.46,1.6982217758595426
2864601_0.212,2864601_0.308,1.7367562941574324
2864601_0.212,2864601_0.163,1.4410679539266447
2864601_0.212,2864601_0.246,1.6312189520011078
2864601_0.212,2864601_0.438,1.6599007107102883
2864601_0.212,2864601_0.362,1.784224496980484
2864601_0.212,2864601_0.136,1.4310372842022578
2864601_0.212,2864601_0.250,1.9038311398923793
2864601_0.212,2864601_0.247,1.7078721935329837
2864601_0.212,2864601_0.382,2.446153865802443
2864601_0.212,2864601_0.307,1.675100986617529
2864601_0.212,2864601_0.339,1.3974332830498442
2864601_0.212,2864601_0.426,1.1024110376525016
2864601_0.212,2864601_0.379,1.801381836559521
2864601_0.123,2864601_0.288,1.0315416034586615
2864601_0.123,2864601_0.349,1.0018814133874487
2864601_0.123,2864601_0.510,1.2120102938437842
2864601_0.123,2864601_0.376,1.002117443256433
2864601_0.123,2864601_0.305,1.4656632297389656
2864601_0.123,2864601_0.496,1.1283521839075876
2864601_0.123,2864601_0.261,1.1443650162465462
2864601_0.123,2864601_0.252,1.2124912855247016
2864601_0.123,2864601_0.208,1.0950246114882407
2864601_0.123,2864601_0.230,1.0522798040636288
2864601_0.123,2864601_0.452,1.2502984287593717
2864601_0.123,2864601_0.498,1.1095498069697096
2864601_0.123,2864601_0.271,1.2368105255306396
2864601_0.123,2864601_0.450,3.545272081514678
2864601_0.123,2864601_0.46,0.9547236525973876
2864601_0.123,2864601_0.308,1.0503034700564056
2864601_0.123,2864601_0.163,1.2150465380836575
2864601_0.123,2864601_0.246,1.2466790555807097
2864601_0.123,2864601_0.438,0.9699049948130285
2864601_0.123,2864601_0.362,1.1295887196992933
2864601_0.123,2864601_0.136,1.191177988974613
2864601_0.123,2864601_0.250,1.3381298070257261
2864601_0.123,2864601_0.247,1.0372306267408284
2864601_0.123,2864601_0.382,3.707607145362916
2864601_0.123,2864601_0.307,1.1897550552989362
2864601_0.123,2864601_0.339,1.584382186903427
2864601_0.123,2864601_0.426,1.9192452332615522
2864601_0.123,2864601_0.379,1.2304996688737506
2864601_0.288,2864601_0.349,1.0472916728704555
2864601_0.288,2864601_0.510,1.2134819311966063
2864601_0.288,2864601_0.376,1.0380419670296226
2864601_0.288,2864601_0.305,1.292804947626417
2864601_0.288,2864601_0.496,1.2223746828692494
2864601_0.288,2864601_0.261,1.141123981904296
2864601_0.288,2864601_0.252,1.0983829534566087
2864601_0.288,2864601_0.208,1.1855059096870972
2864601_0.288,2864601_0.230,1.1039074826779294
2864601_0.288,2864601_0.452,1.2249615984176259
2864601_0.288,2864601_0.498,1.0790386060707402
2864601_0.288,2864601_0.271,1.0458026004292402
2864601_0.288,2864601_0.450,3.567318649235311
2864601_0.288,2864601_0.46,0.9707593549190628
2864601_0.288,2864601_0.308,1.1543198185685433
2864601_0.288,2864601_0.163,1.1663335960269803
2864601_0.288,2864601_0.246,1.1724150341225468
2864601_0.288,2864601_0.438,1.0089377539499393
2864601_0.288,2864601_0.362,1.1309919423645136
2864601_0.288,2864601_0.136,1.3342591710418223
2864601_0.288,2864601_0.250,1.4040072912676926
2864601_0.288,2864601_0.247,1.1861160873941634
2864601_0.288,2864601_0.382,3.7530060263041096
2864601_0.288,2864601_0.307,1.115369910957469
2864601_0.288,2864601_0.339,1.646253223353449
2864601_0.288,2864601_0.426,1.9876899503960221
2864601_0.288,2864601_0.379,1.173311942853597
2864601_0.349,2864601_0.510,1.181397871648803
2864601_0.349,2864601_0.376,0.9926616572798662
2864601_0.349,2864601_0.305,1.1875700852151634
2864601_0.349,2864601_0.496,1.082815017841518
2864601_0.349,2864601_0.261,1.025797237590672
2864601_0.349,2864601_0.252,1.140788436923257
2864601_0.349,2864601_0.208,1.0137647268211225
2864601_0.349,2864601_0.230,0.8412814281343661
2864601_0.349,2864601_0.452,0.8888405489449633
2864601_0.349,2864601_0.498,0.9474775806606363
2864601_0.349,2864601_0.271,1.2644454273388344
2864601_0.349,2864601_0.450,3.5985532240508045
2864601_0.349,2864601_0.46,0.9927621123039511
2864601_0.349,2864601_0.308,0.8561966163038788
2864601_0.349,2864601_0.163,1.0416168424839531
2864601_0.349,2864601_0.246,0.9723953830331078
2864601_0.349,2864601_0.438,0.9355808287346485
2864601_0.349,2864601_0.362,0.974317484190095
2864601_0.349,2864601_0.136,1.0349226489026975
2864601_0.349,2864601_0.250,1.2163192995045018
2864601_0.349,2864601_0.247,0.8414553457138354
2864601_0.349,2864601_0.382,3.6495076992156723
2864601_0.349,2864601_0.307,0.9114906116333232
2864601_0.349,2864601_0.339,1.3174789438199024
2864601_0.349,2864601_0.426,1.7141662549643468
2864601_0.349,2864601_0.379,1.1570952411368896
2864601_0.510,2864601_0.376,1.1734875068752577
2864601_0.510,2864601_0.305,1.3293429470420355
2864601_0.510,2864601_0.496,1.2379698160984391
2864601_0.510,2864601_0.261,1.2461011596882838
2864601_0.510,2864601_0.252,1.1091682449155629
2864601_0.510,2864601_0.208,1.0920742238054333
2864601_0.510,2864601_0.230,1.1408410751428073
2864601_0.510,2864601_0.452,1.1770458672007025
2864601_0.510,2864601_0.498,1.0688961757770201
2864601_0.510,2864601_0.271,1.2931209344676284
2864601_0.510,2864601_0.450,3.574900704297058
2864601_0.510,2864601_0.46,1.1171004860053424
2864601_0.510,2864601_0.308,1.1445502370901108
2864601_0.510,2864601_0.163,1.1749475148783466
2864601_0.510,2864601_0.246,1.256177795619286
2864601_0.510,2864601_0.438,1.0366931152751566
2864601_0.510,2864601_0.362,1.0513487283784244
2864601_0.510,2864601_0.136,1.3689354414325485
2864601_0.510,2864601_0.250,1.2075045737744807
2864601_0.510,2864601_0.247,1.1764697602021412
2864601_0.510,2864601_0.382,3.725154056014907
2864601_0.510,2864601_0.307,1.0569006412003377
2864601_0.510,2864601_0.339,1.6774010288384045
2864601_0.510,2864601_0.426,1.9873499426146477
2864601_0.510,2864601_0.379,1.3074192659259576
2864601_0.376,2864601_0.305,1.3774421458948098
2864601_0.376,2864601_0.496,1.1322336965818793
2864601_0.376,2864601_0.261,1.0830066432535672
2864601_0.376,2864601_0.252,1.0399870378677893
2864601_0.376,2864601_0.208,1.046264741337936
2864601_0.376,2864601_0.230,1.0584206290589673
2864601_0.376,2864601_0.452,1.205854929460322
2864601_0.376,2864601_0.498,1.0661792216890915
2864601_0.376,2864601_0.271,1.0884705564789685
2864601_0.376,2864601_0.450,3.532995242137559
2864601_0.376,2864601_0.46,0.973913347431154
2864601_0.376,2864601_0.308,1.1129583826897218
2864601_0.376,2864601_0.163,1.112652694642541
2864601_0.376,2864601_0.246,1.206415508437354
2864601_0.376,2864601_0.438,0.8973190076482505
2864601_0.376,2864601_0.362,1.0442914998996964
2864601_0.376,2864601_0.136,1.2485286330075918
2864601_0.376,2864601_0.250,1.2567267553485943
2864601_0.376,2864601_0.247,1.0656519116851675
2864601_0.376,2864601_0.382,3.7175172020106046
2864601_0.376,2864601_0.307,1.0657736613304198
2864601_0.376,2864601_0.339,1.6018267364054963
2864601_0.376,2864601_0.426,1.9170518848907443
2864601_0.376,2864601_0.379,1.127446133229902
2864601_0.305,2864601_0.496,1.3458143533407092
2864601_0.305,2864601_0.261,1.2005252968932203
2864601_0.305,2864601_0.252,1.291857019751032
2864601_0.305,2864601_0.208,1.3637860042975498
2864601_0.305,2864601_0.230,1.1362628754792352
2864601_0.305,2864601_0.452,1.3231909777417346
2864601_0.305,2864601_0.498,1.2204861656262893
2864601_0.305,2864601_0.271,1.4328987534199917
2864601_0.305,2864601_0.450,3.6573650537559796
2864601_0.305,2864601_0.46,1.4277654432054918
2864601_0.305,2864601_0.308,1.1911497122015156
2864601_0.305,2864601_0.163,1.2660394999693514
2864601_0.305,2864601_0.246,1.2790045930916645
2864601_0.305,2864601_0.438,1.3983723341989778
2864601_0.305,2864601_0.362,1.3488639312162838
2864601_0.305,2864601_0.136,1.4537826477366538
2864601_0.305,2864601_0.250,1.6766438116919522
2864601_0.305,2864601_0.247,1.2223315679268598
2864601_0.305,2864601_0.382,3.809956840764103
2864601_0.305,2864601_0.307,1.1687095124490332
2864601_0.305,2864601_0.339,1.6479574828497678
2864601_0.305,2864601_0.426,1.9663693323090605
2864601_0.305,2864601_0.379,1.3506338269823244
2864601_0.496,2864601_0.261,0.9108591431346899
2864601_0.496,2864601_0.252,1.2064213543979667
2864601_0.496,2864601_0.208,1.1371614972445343
2864601_0.496,2864601_0.230,0.9539795278775688
2864601_0.496,2864601_0.452,1.2675258361674424
2864601_0.496,2864601_0.498,1.0679985357642452
2864601_0.496,2864601_0.271,1.3643507610764882
2864601_0.496,2864601_0.450,3.540712128650942
2864601_0.496,2864601_0.46,1.1032874917490507
2864601_0.496,2864601_0.308,1.1595655674796095
2864601_0.496,2864601_0.163,1.1751164991490397
2864601_0.496,2864601_0.246,1.1851068728114327
2864601_0.496,2864601_0.438,1.1740323754999302
2864601_0.496,2864601_0.362,1.2557201076529254
2864601_0.496,2864601_0.136,1.1340007659420719
2864601_0.496,2864601_0.250,1.2295699649222547
2864601_0.496,2864601_0.247,1.0327834187479714
2864601_0.496,2864601_0.382,3.6826892071581057
2864601_0.496,2864601_0.307,1.1682712508112603
2864601_0.496,2864601_0.339,1.4759455364513552
2864601_0.496,2864601_0.426,1.9161703106014032
2864601_0.496,2864601_0.379,1.3926176578969174
2864601_0.261,2864601_0.252,1.2072705192753763
2864601_0.261,2864601_0.208,1.132097725884442
2864601_0.261,2864601_0.230,0.9048525498300725
2864601_0.261,2864601_0.452,1.2456889935703577
2864601_0.261,2864601_0.498,1.04704806471416
2864601_0.261,2864601_0.271,1.2637402031793008
2864601_0.261,2864601_0.450,3.60786186222625
2864601_0.261,2864601_0.46,1.2040272379601618
2864601_0.261,2864601_0.308,0.9983472850735335
2864601_0.261,2864601_0.163,1.1917678869014006
2864601_0.261,2864601_0.246,1.112796983338777
2864601_0.261,2864601_0.438,1.1389637297054174
2864601_0.261,2864601_0.362,1.191443620737989
2864601_0.261,2864601_0.136,1.1553447811960336
2864601_0.261,2864601_0.250,1.3375059120840205
2864601_0.261,2864601_0.247,1.0192248130283228
2864601_0.261,2864601_0.382,3.6951232247882593
2864601_0.261,2864601_0.307,1.0527780732361256
2864601_0.261,2864601_0.339,1.429547050490263
2864601_0.261,2864601_0.426,1.8287965704642326
2864601_0.261,2864601_0.379,1.2422015844459213
2864601_0.252,2864601_0.208,1.0931707893681124
2864601_0.252,2864601_0.230,1.1710262615864582
2864601_0.252,2864601_0.452,1.2878081356373186
2864601_0.252,2864601_0.498,1.1396233939301181
2864601_0.252,2864601_0.271,1.1186815043604454
2864601_0.252,2864601_0.450,3.4960592503658026
2864601_0.252,2864601_0.46,1.110961433783821
2864601_0.252,2864601_0.308,1.2062332452223656
2864601_0.252,2864601_0.163,1.1359781488535918
2864601_0.252,2864601_0.246,1.34988446073796
2864601_0.252,2864601_0.438,1.0572140520249778
2864601_0.252,2864601_0.362,1.1343583004409714
2864601_0.252,2864601_0.136,1.3986473754591926
2864601_0.252,2864601_0.250,1.4513758801497891
2864601_0.252,2864601_0.247,1.2691979545523047
2864601_0.252,2864601_0.382,3.742358496773494
2864601_0.252,2864601_0.307,1.0960610882736328
2864601_0.252,2864601_0.339,1.6614002528561849
2864601_0.252,2864601_0.426,2.004711721765478
2864601_0.252,2864601_0.379,1.2484438874699695
2864601_0.208,2864601_0.230,1.0075827890018492
2864601_0.208,2864601_0.452,1.1874747351933892
2864601_0.208,2864601_0.498,1.163388579766957
2864601_0.208,2864601_0.271,1.3075608863637271
2864601_0.208,2864601_0.450,3.452392139192248
2864601_0.208,2864601_0.46,1.0632527699372698
2864601_0.208,2864601_0.308,1.1254334900905765
2864601_0.208,2864601_0.163,1.0046608980118747
2864601_0.208,2864601_0.246,1.1802081334144001
2864601_0.208,2864601_0.438,0.9477143621874223
2864601_0.208,2864601_0.362,1.0160557871940177
2864601_0.208,2864601_0.136,1.27607982142915
2864601_0.208,2864601_0.250,1.1596183488264704
2864601_0.208,2864601_0.247,1.0767573153908667
2864601_0.208,2864601_0.382,3.65792478049427
2864601_0.208,2864601_0.307,1.0831035494192078
2864601_0.208,2864601_0.339,1.5395834398016506
2864601_0.208,2864601_0.426,1.9223566557823235
2864601_0.208,2864601_0.379,1.1928117553677688
2864601_0.230,2864601_0.452,1.0644508128947983
2864601_0.230,2864601_0.498,1.0243633109037094
2864601_0.230,2864601_0.271,1.2609973056103172
2864601_0.230,2864601_0.450,3.5704724808321373
2864601_0.230,2864601_0.46,1.070917834750386
2864601_0.230,2864601_0.308,0.9356163759505735
2864601_0.230,2864601_0.163,1.0670465080988045
2864601_0.230,2864601_0.246,0.9969323642048407
2864601_0.230,2864601_0.438,1.0789706044813623
2864601_0.230,2864601_0.362,1.1117775142639161
2864601_0.230,2864601_0.136,1.0269190350030333
2864601_0.230,2864601_0.250,1.2796883975100368
2864601_0.230,2864601_0.247,0.8892300246174644
2864601_0.230,2864601_0.382,3.6822948401844227
2864601_0.230,2864601_0.307,1.05716777597169
2864601_0.230,2864601_0.339,1.3435348172704036
2864601_0.230,2864601_0.426,1.7804400650481726
2864601_0.230,2864601_0.379,1.1526658740116777
2864601_0.452,2864601_0.498,1.1218923127667813
2864601_0.452,2864601_0.271,1.4551927090300605
2864601_0.452,2864601_0.450,3.679671310882683
2864601_0.452,2864601_0.46,1.1368392122051485
2864601_0.452,2864601_0.308,1.0896850479767404
2864601_0.452,2864601_0.163,1.0777307149930346
2864601_0.452,2864601_0.246,0.9244892736847671
2864601_0.452,2864601_0.438,1.0613398603983164
2864601_0.452,2864601_0.362,1.0831097842601374
2864601_0.452,2864601_0.136,1.15558688661589
2864601_0.452,2864601_0.250,1.2693246521839496
2864601_0.452,2864601_0.247,1.0159925640265104
2864601_0.452,2864601_0.382,3.706205232394274
2864601_0.452,2864601_0.307,0.9724205928147991
2864601_0.452,2864601_0.339,1.4289810261233593
2864601_0.452,2864601_0.426,1.8067978851468944
2864601_0.452,2864601_0.379,1.3396317542784124
2864601_0.498,2864601_0.271,1.306188945859525
2864601_0.498,2864601_0.450,3.609228874229265
2864601_0.498,2864601_0.46,1.1167375197745322
2864601_0.498,2864601_0.308,0.9302280508665592
2864601_0.498,2864601_0.163,1.095116934025752
2864601_0.498,2864601_0.246,1.0691098359815154
2864601_0.498,2864601_0.438,1.0104589955958942
2864601_0.498,2864601_0.362,1.0559167322496503
2864601_0.498,2864601_0.136,1.292847591529312
2864601_0.498,2864601_0.250,1.2052932034997084
2864601_0.498,2864601_0.247,0.9759918656036372
2864601_0.498,2864601_0.382,3.706845661904411
2864601_0.498,2864601_0.307,0.9951908386271853
2864601_0.498,2864601_0.339,1.5163207563698033
2864601_0.498,2864601_0.426,1.8752824490734519
2864601_0.498,2864601_0.379,1.2123286465363103
2864601_0.271,2864601_0.450,3.5823015437841526
2864601_0.271,2864601_0.46,1.1307790732355334
2864601_0.271,2864601_0.308,1.3905406090784014
2864601_0.271,2864601_0.163,1.3564554139285043
2864601_0.271,2864601_0.246,1.3599490843489377
2864601_0.271,2864601_0.438,1.1809357025249996
2864601_0.271,2864601_0.362,1.191751563204794
2864601_0.271,2864601_0.136,1.4823564721925866
2864601_0.271,2864601_0.250,1.5794630358845494
2864601_0.271,2864601_0.247,1.4075986342292632
2864601_0.271,2864601_0.382,3.8268462226765307
2864601_0.271,2864601_0.307,1.2093205768036064
2864601_0.271,2864601_0.339,1.8459797372083153
2864601_0.271,2864601_0.426,2.1178790851147506
2864601_0.271,2864601_0.379,1.2427414418377338
2864601_0.450,2864601_0.46,3.461881591336535
2864601_0.450,2864601_0.308,3.6297825363921916
2864601_0.450,2864601_0.163,3.255362253758564
2864601_0.450,2864601_0.246,3.606361421412213
2864601_0.450,2864601_0.438,3.533410908815679
2864601_0.450,2864601_0.362,3.5634086978156256
2864601_0.450,2864601_0.136,3.2918650158883866
2864601_0.450,2864601_0.250,3.6052710461474913
2864601_0.450,2864601_0.247,3.638379030708671
2864601_0.450,2864601_0.382,1.5156212368190476
2864601_0.450,2864601_0.307,3.6253221285996924
2864601_0.450,2864601_0.339,3.113861569903359
2864601_0.450,2864601_0.426,2.5967324121590987
2864601_0.450,2864601_0.379,3.5692227353533275
2864601_0.46,2864601_0.308,1.2163078088414314
2864601_0.46,2864601_0.163,1.0936927331599438
2864601_0.46,2864601_0.246,1.1680900293883023
2864601_0.46,2864601_0.438,0.9309363738694235
2864601_0.46,2864601_0.362,1.0018885676594227
2864601_0.46,2864601_0.136,1.1784848087400714
2864601_0.46,2864601_0.250,1.1534039973847752
2864601_0.46,2864601_0.247,1.1023479388427473
2864601_0.46,2864601_0.382,3.6356085123598776
2864601_0.46,2864601_0.307,1.0981737700002574
2864601_0.46,2864601_0.339,1.5895336247215348
2864601_0.46,2864601_0.426,1.9581639309851775
2864601_0.46,2864601_0.379,1.1679180059104954
2864601_0.308,2864601_0.163,1.137510332964843
2864601_0.308,2864601_0.246,1.1876425384229452
2864601_0.308,2864601_0.438,1.0293570861122134
2864601_0.308,2864601_0.362,1.0984835322224518
2864601_0.308,2864601_0.136,1.1558335482871123
2864601_0.308,2864601_0.250,1.326176609597022
2864601_0.308,2864601_0.247,0.8266531063964929
2864601_0.308,2864601_0.382,3.694319332974649
2864601_0.308,2864601_0.307,1.0608798557219015
2864601_0.308,2864601_0.339,1.4793159955076387
2864601_0.308,2864601_0.426,1.7665070681133537
2864601_0.308,2864601_0.379,1.3111536229819525
2864601_0.163,2864601_0.246,0.997073051415057
2864601_0.163,2864601_0.438,1.082821609472849
2864601_0.163,2864601_0.362,1.101458216349114
2864601_0.163,2864601_0.136,1.1784272704308851
2864601_0.163,2864601_0.250,1.2919605146917543
2864601_0.163,2864601_0.247,1.0684699522691081
2864601_0.163,2864601_0.382,3.379387855116866
2864601_0.163,2864601_0.307,1.042500586652193
2864601_0.163,2864601_0.339,1.3038284283493806
2864601_0.163,2864601_0.426,1.6446013792379426
2864601_0.163,2864601_0.379,1.1905517568657409
2864601_0.246,2864601_0.438,1.1378024578004247
2864601_0.246,2864601_0.362,1.1737312781536737
2864601_0.246,2864601_0.136,1.1686033844562578
2864601_0.246,2864601_0.250,1.2838381235008047
2864601_0.246,2864601_0.247,1.0726830539266485
2864601_0.246,2864601_0.382,3.620831238426353
2864601_0.246,2864601_0.307,1.000483793352102
2864601_0.246,2864601_0.339,1.313398737014448
2864601_0.246,2864601_0.426,1.7522833455574511
2864601_0.246,2864601_0.379,1.26803453951495
2864601_0.438,2864601_0.362,0.92606970606979
2864601_0.438,2864601_0.136,1.270921357664712
2864601_0.438,2864601_0.250,1.1407958499391606
2864601_0.438,2864601_0.247,1.024982248186545
2864601_0.438,2864601_0.382,3.6920953439135955
2864601_0.438,2864601_0.307,0.9272331568888033
2864601_0.438,2864601_0.339,1.6323133349267192
2864601_0.438,2864601_0.426,1.8606503948075648
2864601_0.438,2864601_0.379,1.175701660649324
2864601_0.362,2864601_0.136,1.3125737711078722
2864601_0.362,2864601_0.250,1.0069980385115864
2864601_0.362,2864601_0.247,1.0369199281030728
2864601_0.362,2864601_0.382,3.689074345115497
2864601_0.362,2864601_0.307,0.8852252076478173
2864601_0.362,2864601_0.339,1.634403069062679
2864601_0.362,2864601_0.426,1.920948307835969
2864601_0.362,2864601_0.379,1.2535751892400848
2864601_0.136,2864601_0.250,1.4219425308030085
2864601_0.136,2864601_0.247,1.0815209320392853
2864601_0.136,2864601_0.382,3.2808078190447376
2864601_0.136,2864601_0.307,1.2263936812386798
2864601_0.136,2864601_0.339,1.124205484038578
2864601_0.136,2864601_0.426,1.450127389477995
2864601_0.136,2864601_0.379,1.4193255375276315
2864601_0.250,2864601_0.247,1.1937741237323185
2864601_0.250,2864601_0.382,3.6950547549014656
2864601_0.250,2864601_0.307,1.2138374143300896
2864601_0.250,2864601_0.339,1.7097774596299404
2864601_0.250,2864601_0.426,2.0672901261009677
2864601_0.250,2864601_0.379,1.5786370297393304
2864601_0.247,2864601_0.382,3.681255754740611
2864601_0.247,2864601_0.307,1.0183126479597904
2864601_0.247,2864601_0.339,1.4725904737641737
2864601_0.247,2864601_0.426,1.809000710587521
2864601_0.247,2864601_0.379,1.3347242392640648
2864601_0.382,2864601_0.307,3.7036326977908947
2864601_0.382,2864601_0.339,3.037501409972674
2864601_0.382,2864601_0.426,2.4219420241758245
2864601_0.382,2864601_0.379,3.760766045387476
2864601_0.307,2864601_0.339,1.4371911828504171
2864601_0.307,2864601_0.426,1.7975181854544702
2864601_0.307,2864601_0.379,1.1644362371147579
2864601_0.339,2864601_0.426,1.25999162750359
2864601_0.339,2864601_0.379,1.5540030557325677
2864601_0.426,2864601_0.379,1.9411280678383318
