left_member_id,right_member_id,left_unit_id,right_unit_id,functional_similarity,activation_raw_similarity,activation_flux_residual_similarity,concept_density_similarity,causal_effect_similarity,equilibrium_bootstrap_recurrence,bootstrap_group,causal_effect_validity,consensus_gate,causal_effect_similarity_stable_or_near_floor,causal_effect_similarity_unstable,causal_regime_gate,pre_regime_consensus_gate
2864601_0.437,2864601_0.371,2864601_0.437:u000,2864601_0.371:u000,0.9163748220804405,0.8704036040558835,0.8616863634623242,0.9872014727552267,0.996537686369664,1.0,equilibrium_files,deliberately_off_manifold_diagnostic,True,0.6601845604959665,0.5504751100792149,True,True
2864601_0.437,2864601_0.371,2864601_0.437:u001,2864601_0.371:u017,0.9723640783567007,0.9693551662638977,0.9502267811688583,0.9848441024340476,0.9976033682003215,1.0,equilibrium_files,deliberately_off_manifold_diagnostic,True,0.6660537142642521,0.9329448200429199,True,True
2864601_0.437,2864601_0.371,2864601_0.437:u003,2864601_0.371:u004,0.9831683048420352,0.981424370889181,0.9740849677253275,0.9963652138877613,0.9862123024006518,1.0,equilibrium_files,deliberately_off_manifold_diagnostic,True,0.867906941732334,0.8692722351214083,True,True
2864601_0.437,2864601_0.371,2864601_0.437:u006,2864601_0.371:u019,0.932325501037202,0.9115240044759984,0.8726123557611136,0.9886927091553689,0.9967302556749735,0.67,equilibrium_files,deliberately_off_manifold_diagnostic,False,0.5897195263660768,0.6038903576127559,True,False
2864601_0.437,2864601_0.371,2864601_0.437:u008,2864601_0.371:u015,0.7754590234121181,0.7132169910158336,0.6047699807473402,0.9125798339963819,0.9877348254194478,0.41,equilibrium_files,deliberately_off_manifold_diagnostic,False,0.4146857911269583,0.4173075827775431,False,False
2864601_0.437,2864601_0.371,2864601_0.437:u009,2864601_0.371:u010,0.9661812273613793,0.9522319288314918,0.9458921365099242,0.9988599013499158,0.9848601374448576,1.0,equilibrium_files,deliberately_off_manifold_diagnostic,True,0.9570021412682821,0.8397425880532184,True,True
2864601_0.437,2864601_0.409,2864601_0.437:u000,2864601_0.409:u026,0.8949186383829569,0.8400275623791206,0.8319543381120097,0.9718565808758522,0.9947637603022371,1.0,equilibrium_files,deliberately_off_manifold_diagnostic,False,0.4851726302996542,0.23690754643576892,False,True
2864601_0.437,2864601_0.409,2864601_0.437:u001,2864601_0.409:u021,0.9536675852399652,0.9451594959446843,0.9114799884316593,0.9858720535981667,0.9975066460371438,1.0,equilibrium_files,deliberately_off_manifold_diagnostic,True,0.5219358278479813,0.7820592032747885,True,True
2864601_0.437,2864601_0.409,2864601_0.437:u002,2864601_0.409:u008,0.7995051512984077,0.6984571591766733,0.6974294787955782,0.9316783251549187,0.9720174743787431,1.0,equilibrium_files,deliberately_off_manifold_diagnostic,False,0.2456065354457838,0.22898101594323605,False,True
2864601_0.437,2864601_0.409,2864601_0.437:u003,2864601_0.409:u017,0.9907477915039018,0.9894000462222964,0.9850805315066189,0.9997945444326347,0.9922235464935018,1.0,equilibrium_files,deliberately_off_manifold_diagnostic,True,0.8142316712712673,0.8435822421432446,True,True
2864601_0.437,2864601_0.409,2864601_0.437:u005,2864601_0.409:u019,0.7902705806685909,0.675929377307049,0.6519836468435946,0.9707970674391985,0.9886862996777906,1.0,equilibrium_files,deliberately_off_manifold_diagnostic,False,0.1131849419947163,0.4158887472296844,False,True
2864601_0.437,2864601_0.409,2864601_0.437:u006,2864601_0.409:u007,0.8985885370608737,0.8735891709323033,0.8179400972495987,0.9789104751319184,0.9767383078995975,1.0,equilibrium_files,deliberately_off_manifold_diagnostic,False,-0.16666711483606841,0.08075789592833386,False,True
2864601_0.437,2864601_0.409,2864601_0.437:u007,2864601_0.409:u006,0.7529252494201747,0.6189793798169101,0.6221950931380126,0.9092049585850928,0.9936595790833971,1.0,equilibrium_files,deliberately_off_manifold_diagnostic,False,0.4937836572872839,0.4684670309685047,False,True
2864601_0.437,2864601_0.409,2864601_0.437:u008,2864601_0.409:u014,0.9161596478168421,0.8984738731622938,0.8401127499465171,0.9885185335901655,0.984399770830829,1.0,equilibrium_files,deliberately_off_manifold_diagnostic,True,0.6496297033850245,0.8102744163272545,True,True
2864601_0.437,2864601_0.409,2864601_0.437:u009,2864601_0.409:u010,0.9720925162536678,0.9614585092458855,0.9543123488933,0.995899521296328,0.9909067727632328,1.0,equilibrium_files,deliberately_off_manifold_diagnostic,True,0.9221742265229773,0.9264679388776441,True,True
2864601_0.437,2864601_0.386,2864601_0.437:u000,2864601_0.386:u010,0.6947127384967127,0.643726501380462,0.6183477002376059,0.6820321040259123,0.8984202860305496,1.0,equilibrium_files,deliberately_off_manifold_diagnostic,False,0.45618104648959024,0.0764345065039341,False,True
2864601_0.437,2864601_0.386,2864601_0.437:u001,2864601_0.386:u001,0.9223204954349906,0.8994593093013823,0.8566159396499612,0.9868270452925203,0.9906625584554176,1.0,equilibrium_files,deliberately_off_manifold_diagnostic,True,0.6483940057522316,0.8094609353389958,True,True
2864601_0.437,2864601_0.386,2864601_0.437:u002,2864601_0.386:u009,0.791637441287523,0.6886750702933913,0.6731234036666802,0.9499606469545924,0.9655288485429152,1.0,equilibrium_files,deliberately_off_manifold_diagnostic,False,0.43576948425560413,0.39559665472649785,False,True
2864601_0.437,2864601_0.386,2864601_0.437:u003,2864601_0.386:u005,0.9922401376565496,0.9903393048493957,0.9862512010417268,0.9997304825212923,0.9965844469247723,1.0,equilibrium_files,deliberately_off_manifold_diagnostic,True,0.8880807895678261,0.8888519577492427,True,True
2864601_0.437,2864601_0.386,2864601_0.437:u005,2864601_0.386:u007,0.8139141054523464,0.7286208419976224,0.6977848307089691,0.9371554543859689,0.9928065638158756,1.0,equilibrium_files,deliberately_off_manifold_diagnostic,False,0.2474619415464165,0.4058334935605565,False,True
2864601_0.437,2864601_0.386,2864601_0.437:u006,2864601_0.386:u027,0.9333600461224663,0.9131045574445189,0.8750731406404305,0.9865594714717753,0.9979742120131324,1.0,equilibrium_files,deliberately_off_manifold_diagnostic,True,0.5348099261132628,0.6384376421394402,True,True
2864601_0.437,2864601_0.386,2864601_0.437:u008,2864601_0.386:u024,0.8431797234431141,0.8047509635220954,0.6994475292522833,0.9617312784678695,0.997869599586133,1.0,equilibrium_files,deliberately_off_manifold_diagnostic,True,0.5599917374122968,0.6481664176039087,True,True
2864601_0.437,2864601_0.386,2864601_0.437:u009,2864601_0.386:u004,0.9498976277944969,0.9232281047403742,0.9130154899100044,0.9972186813459695,0.9979040656509472,1.0,equilibrium_files,deliberately_off_manifold_diagnostic,True,0.8557784462222668,0.8000667488504345,True,True
2864601_0.437,2864601_0.355,2864601_0.437:u000,2864601_0.355:u018,0.8772326206521731,0.8160327076014761,0.8106105389495628,0.9579521559057781,0.9882460775285296,1.0,equilibrium_files,deliberately_off_manifold_diagnostic,False,0.730249706102334,0.4965877441498987,False,True
2864601_0.437,2864601_0.355,2864601_0.437:u001,2864601_0.355:u027,0.9652058524569874,0.9568968444608393,0.9332755125394065,0.9913862972319896,0.9993844295525789,1.0,equilibrium_files,deliberately_off_manifold_diagnostic,True,0.8226103141455139,0.9290966690775766,True,True
2864601_0.437,2864601_0.355,2864601_0.437:u002,2864601_0.355:u003,0.7347245992463696,0.5917324508931971,0.5950066197109284,0.9010158594781849,0.9924985308474749,1.0,equilibrium_files,deliberately_off_manifold_diagnostic,False,0.46571832183350154,0.39681359788526643,False,True
2864601_0.437,2864601_0.355,2864601_0.437:u003,2864601_0.355:u030,0.9855680052718105,0.985964312486221,0.9806370676545634,0.997490994882568,0.9804469612653088,1.0,equilibrium_files,deliberately_off_manifold_diagnostic,True,0.7858033312003195,0.8077873904455843,True,True
2864601_0.437,2864601_0.355,2864601_0.437:u005,2864601_0.355:u004,0.7336180247890167,0.6375715921163971,0.6046446806212918,0.8320386222994824,0.9727270925390675,1.0,equilibrium_files,deliberately_off_manifold_diagnostic,False,0.2122593947162954,0.06142106041109673,False,True
2864601_0.437,2864601_0.355,2864601_0.437:u006,2864601_0.355:u007,0.9417451630827407,0.9232378822832709,0.8897710642560733,0.9901479934472995,0.999064402157388,1.0,equilibrium_files,deliberately_off_manifold_diagnostic,True,0.6139410610867138,0.6767053724240651,True,True
2864601_0.437,2864601_0.355,2864601_0.437:u008,2864601_0.355:u010,0.8768519180805187,0.8326071729668711,0.7799471495822257,0.9734315232298568,0.9919965833490915,1.0,equilibrium_files,deliberately_off_manifold_diagnostic,True,0.6149548434120263,0.632336324057447,True,True
2864601_0.437,2864601_0.355,2864601_0.437:u009,2864601_0.355:u021,0.9841122070016487,0.9781873872880912,0.9743505635394204,0.9999347813646308,0.9918193274023451,1.0,equilibrium_files,deliberately_off_manifold_diagnostic,True,0.9229383768265411,0.9012700484223851,True,True
2864601_0.437,2864601_0.449,2864601_0.437:u000,2864601_0.449:u020,0.7500556097540099,0.6367071679351642,0.633379410717317,0.8574646677798144,0.9876835130115128,1.0,equilibrium_files,deliberately_off_manifold_diagnostic,False,0.6177818236372824,0.3091108736945414,False,True
2864601_0.437,2864601_0.449,2864601_0.437:u001,2864601_0.449:u009,0.9339211164676243,0.914738105492034,0.8769529688267585,0.9885303631927926,0.9935386076671403,1.0,equilibrium_files,deliberately_off_manifold_diagnostic,False,0.2871879712343098,0.7953251892535875,False,True
2864601_0.437,2864601_0.449,2864601_0.437:u003,2864601_0.449:u013,0.9789479825077724,0.9797412683493959,0.9712839468305023,0.9875642548380204,0.9806378349309943,1.0,equilibrium_files,deliberately_off_manifold_diagnostic,True,0.8756584371737458,0.7917912161060883,True,True
2864601_0.437,2864601_0.449,2864601_0.437:u005,2864601_0.449:u004,0.7712657402815647,0.6940284499421532,0.6643841072815341,0.8279231494148738,0.9907867161574189,0.59,equilibrium_files,deliberately_off_manifold_diagnostic,False,0.19636082166398308,0.4268049966860421,False,False
2864601_0.437,2864601_0.449,2864601_0.437:u006,2864601_0.449:u011,0.8780659720389745,0.8497468904406358,0.7868364536527093,0.9370887880784097,0.9983660559764451,1.0,equilibrium_files,deliberately_off_manifold_diagnostic,True,0.595073517704817,0.7345436985172253,True,True
2864601_0.437,2864601_0.449,2864601_0.437:u008,2864601_0.449:u001,0.8662810905588865,0.8394833394189942,0.7481056369930229,0.9716210920284419,0.9784008961479652,1.0,equilibrium_files,deliberately_off_manifold_diagnostic,True,0.5762891504659532,0.7051436391147328,True,True
2864601_0.437,2864601_0.449,2864601_0.437:u009,2864601_0.449:u016,0.7606249715216532,0.722383847338022,0.6592827857110356,0.8409101027711824,0.8897148052634971,1.0,equilibrium_files,deliberately_off_manifold_diagnostic,False,0.12428184103871151,0.47260074511595795,False,True
2864601_0.437,2864601_0.340,2864601_0.437:u000,2864601_0.340:u001,0.9018746287715552,0.8541597395042869,0.8569952997477313,0.947321059821221,0.995319525158528,1.0,equilibrium_files,deliberately_off_manifold_diagnostic,True,0.69150404203647,0.6153082805310183,True,True
2864601_0.437,2864601_0.340,2864601_0.437:u001,2864601_0.340:u022,0.9671747400225306,0.9594174347723186,0.9375754873222119,0.9944893197409405,0.9958949972299169,1.0,equilibrium_files,deliberately_off_manifold_diagnostic,True,0.670403295125871,0.932624546959863,True,True
2864601_0.437,2864601_0.340,2864601_0.437:u003,2864601_0.340:u012,0.9904586660646146,0.9876595345276717,0.9824135785870328,0.9994670877049986,0.9977165729460176,1.0,equilibrium_files,deliberately_off_manifold_diagnostic,True,0.787174575516604,0.8413429252175456,True,True
2864601_0.437,2864601_0.340,2864601_0.437:u006,2864601_0.340:u000,0.7519725717729635,0.6863334768233097,0.58287840863675,0.9350827155892806,0.9209623150854471,0.99,equilibrium_files,deliberately_off_manifold_diagnostic,False,-0.13536899273194805,-0.05082029610373657,False,True
2864601_0.437,2864601_0.340,2864601_0.437:u008,2864601_0.340:u003,0.8716621724176599,0.8425851247393472,0.769308451668746,0.9436539626233208,0.9968165348528389,1.0,equilibrium_files,deliberately_off_manifold_diagnostic,True,0.6662418156847069,0.6901249867296442,True,True
2864601_0.437,2864601_0.296,2864601_0.437:u000,2864601_0.296:u011,0.8970276556862133,0.8536838297443696,0.8444669173639057,0.9466933200796527,0.9912188376890008,1.0,equilibrium_files,deliberately_off_manifold_diagnostic,False,0.6375594993490888,0.42741942934904115,False,True
2864601_0.437,2864601_0.296,2864601_0.437:u001,2864601_0.296:u021,0.9600909109222081,0.952459506677655,0.9204594917764367,0.991500917576324,0.9995751393535788,1.0,equilibrium_files,deliberately_off_manifold_diagnostic,False,0.418468428985656,0.8138798430350543,False,True
2864601_0.437,2864601_0.296,2864601_0.437:u002,2864601_0.296:u012,0.7633145027480539,0.6427190856526225,0.646267294206628,0.9010042486141144,0.9820886953372794,1.0,equilibrium_files,deliberately_off_manifold_diagnostic,False,0.27248734838768746,0.376963094358404,False,True
2864601_0.437,2864601_0.296,2864601_0.437:u003,2864601_0.296:u014,0.9340956378885616,0.9374344411448163,0.9099641917011768,0.9878894218493262,0.9114908183244925,0.99,equilibrium_files,deliberately_off_manifold_diagnostic,False,0.3851903053418694,0.6454324747384865,False,True
2864601_0.437,2864601_0.296,2864601_0.437:u005,2864601_0.296:u000,0.8538207345424241,0.7900515505336276,0.7673697718454866,0.9352842873931834,0.9976874017502657,1.0,equilibrium_files,deliberately_off_manifold_diagnostic,False,0.02352029333705578,0.4709607952887203,False,True
2864601_0.437,2864601_0.296,2864601_0.437:u006,2864601_0.296:u018,0.8925262951089598,0.8731805324326967,0.8218749921575688,0.9330737684851851,0.9869744201742151,1.0,equilibrium_files,deliberately_off_manifold_diagnostic,True,0.5898495803357942,0.7271019358849292,True,True
2864601_0.437,2864601_0.296,2864601_0.437:u007,2864601_0.296:u020,0.6896167620572234,0.5395328282464587,0.5155843204435115,0.8888723871230282,0.9765357001281335,0.98,equilibrium_files,deliberately_off_manifold_diagnostic,False,-0.1286899207996994,0.044592783312784844,False,True
2864601_0.437,2864601_0.296,2864601_0.437:u008,2864601_0.296:u013,0.8859579067170792,0.8615725441138723,0.780788015023562,0.9734609693350583,0.9927877255441862,1.0,equilibrium_files,deliberately_off_manifold_diagnostic,True,0.5713483890802498,0.616976397691481,True,True
2864601_0.437,2864601_0.296,2864601_0.437:u009,2864601_0.296:u006,0.9559848936307581,0.9347781373411915,0.9267484206444079,0.9949237311560302,0.9927109000193612,1.0,equilibrium_files,deliberately_off_manifold_diagnostic,True,0.776929068415418,0.7835478542569349,True,True
2864601_0.437,2864601_0.270,2864601_0.437:u000,2864601_0.270:u003,0.8364514245598176,0.7747123026874354,0.7637238989093504,0.9142668796028325,0.9603359408010766,1.0,equilibrium_files,deliberately_off_manifold_diagnostic,False,0.08318180226139607,0.3959883389127496,False,True
2864601_0.437,2864601_0.270,2864601_0.437:u001,2864601_0.270:u018,0.9074623083760893,0.8851425411263019,0.8095055583385327,0.9959828561230325,0.9993565365601621,0.7,equilibrium_files,deliberately_off_manifold_diagnostic,False,0.49361984190719504,0.8174886530248905,False,True
2864601_0.437,2864601_0.270,2864601_0.437:u002,2864601_0.270:u017,0.7676096588311555,0.6554053722119217,0.631369521473675,0.9539315889483581,0.9539543646790244,1.0,equilibrium_files,deliberately_off_manifold_diagnostic,False,0.2750265646567219,0.3428843244356892,False,True
2864601_0.437,2864601_0.270,2864601_0.437:u003,2864601_0.270:u011,0.9687260511859138,0.9658257719097555,0.9511472582358803,0.9924696772458377,0.9757010334652776,1.0,equilibrium_files,deliberately_off_manifold_diagnostic,True,0.7257770552429974,0.7574016705428139,True,True
2864601_0.437,2864601_0.270,2864601_0.437:u005,2864601_0.270:u012,0.747836100825039,0.6472749475259977,0.5951978598734192,0.8807402647637684,0.9947310282623019,0.42,equilibrium_files,deliberately_off_manifold_diagnostic,False,-0.013937089469323986,0.17903936435746495,False,False
2864601_0.437,2864601_0.270,2864601_0.437:u006,2864601_0.270:u002,0.8534788584757044,0.8250784614384546,0.7520067027043029,0.9085163985148905,0.9932501476494956,1.0,equilibrium_files,deliberately_off_manifold_diagnostic,True,0.6976683907854179,0.7223279744176672,True,True
2864601_0.437,2864601_0.270,2864601_0.437:u007,2864601_0.270:u010,0.7814184811801979,0.6796741409201733,0.6837026731794005,0.8636445535565108,0.9983826311951177,1.0,equilibrium_files,deliberately_off_manifold_diagnostic,False,0.5125257939537345,0.4908045812250199,False,True
2864601_0.437,2864601_0.270,2864601_0.437:u008,2864601_0.270:u015,0.8768912890343882,0.8494450475087273,0.7721313136675132,0.9590450961524082,0.9930468072551719,1.0,equilibrium_files,deliberately_off_manifold_diagnostic,True,0.5385451117314503,0.576793069901239,True,True
2864601_0.437,2864601_0.270,2864601_0.437:u009,2864601_0.270:u007,0.8770427331138674,0.8372882379807584,0.8053665686523082,0.9294334899422962,0.9917979656774406,1.0,equilibrium_files,deliberately_off_manifold_diagnostic,True,0.8310731554661125,0.6664412444740591,True,True
2864601_0.437,2864601_0.352,2864601_0.437:u000,2864601_0.352:u008,0.8380350572576054,0.7436558884909751,0.7377729730073992,0.9731870973227424,0.9948448967177232,1.0,equilibrium_files,deliberately_off_manifold_diagnostic,True,0.5809251853989399,0.570978484337064,True,True
2864601_0.437,2864601_0.352,2864601_0.437:u001,2864601_0.352:u007,0.9686981297994628,0.9604770958814,0.9390691449710482,0.9972327551982787,0.9969385325203632,1.0,equilibrium_files,deliberately_off_manifold_diagnostic,True,0.6251557498294368,0.924263550773049,True,True
2864601_0.437,2864601_0.352,2864601_0.437:u003,2864601_0.352:u019,0.9810522657867436,0.9746763313954359,0.9640172875947977,0.9994073589320285,0.9978135415163395,1.0,equilibrium_files,deliberately_off_manifold_diagnostic,True,0.8492703358602066,0.8260120030264112,True,True
2864601_0.437,2864601_0.352,2864601_0.437:u005,2864601_0.352:u010,0.8430667112140848,0.7702481173770727,0.7490100858802573,0.9640029413465162,0.9724433098379133,1.0,equilibrium_files,deliberately_off_manifold_diagnostic,False,0.2343662040504096,0.12137996171958057,False,True
2864601_0.437,2864601_0.352,2864601_0.437:u006,2864601_0.352:u016,0.8980880905700829,0.8824447844733206,0.8345031360441086,0.9304078858711486,0.9846106862031224,1.0,equilibrium_files,deliberately_off_manifold_diagnostic,True,0.5102749169505386,0.721734023677127,True,True
2864601_0.437,2864601_0.352,2864601_0.437:u007,2864601_0.352:u018,0.7616138546545691,0.6378930019835202,0.6332500460963914,0.9309832955590526,0.9703714055939253,1.0,equilibrium_files,deliberately_off_manifold_diagnostic,False,0.2817753002101887,0.3766827263299708,False,True
2864601_0.371,2864601_0.409,2864601_0.371:u000,2864601_0.409:u026,0.8938348781873394,0.837927308585318,0.8293676876042472,0.9687854032400203,0.9994464934123294,1.0,equilibrium_files,deliberately_off_manifold_diagnostic,False,0.33013327918561913,0.3499511715049483,False,True
2864601_0.371,2864601_0.409,2864601_0.371:u003,2864601_0.409:u024,0.6900305101810363,0.5505495807424482,0.5887836518454848,0.7518550517707402,0.989297650252542,0.95,equilibrium_files,deliberately_off_manifold_diagnostic,False,-0.2516222507972641,0.023646511434818645,False,True
2864601_0.371,2864601_0.409,2864601_0.371:u004,2864601_0.409:u017,0.9756415948332552,0.9680332644253625,0.9554700450126163,0.9947428844472395,0.9982101255620685,1.0,equilibrium_files,deliberately_off_manifold_diagnostic,True,0.8651399707262184,0.8342613215215546,True,True
2864601_0.371,2864601_0.409,2864601_0.371:u005,2864601_0.409:u000,0.7789565342927858,0.6502260634926728,0.6440102104212687,0.9828253057574453,0.9706029548355714,0.99,equilibrium_files,deliberately_off_manifold_diagnostic,False,0.6064740429727383,0.034394679203806205,False,True
2864601_0.371,2864601_0.409,2864601_0.371:u009,2864601_0.409:u002,0.6562581779848955,0.5112199642270199,0.4766817464259525,0.8039226860088459,0.9955156379361731,0.45,equilibrium_files,deliberately_off_manifold_diagnostic,False,0.16214849318632985,0.4120538215149662,False,False
2864601_0.371,2864601_0.409,2864601_0.371:u010,2864601_0.409:u010,0.9329244520414495,0.9122405197413513,0.899818870270018,0.9905752745665759,0.9559579006236175,1.0,equilibrium_files,deliberately_off_manifold_diagnostic,True,0.8726873364216965,0.7551080907105204,True,True
2864601_0.371,2864601_0.409,2864601_0.371:u011,2864601_0.409:u023,0.8867633476659121,0.8323176646775006,0.8101344663214656,0.9811562482354658,0.9889822935956454,1.0,equilibrium_files,deliberately_off_manifold_diagnostic,False,-0.13452440999611492,0.19049105774683314,False,True
2864601_0.371,2864601_0.409,2864601_0.371:u013,2864601_0.409:u015,0.841635212885915,0.7523934953362658,0.7281945486693047,0.9951654390441897,0.9921285593770296,1.0,equilibrium_files,deliberately_off_manifold_diagnostic,False,-0.008537917574436834,0.8000960473578203,False,True
2864601_0.371,2864601_0.409,2864601_0.371:u014,2864601_0.409:u007,0.861309013608637,0.8273485918488473,0.7722129957256743,0.9274547466392733,0.9797479400421296,0.61,equilibrium_files,deliberately_off_manifold_diagnostic,False,0.24323393160836881,0.611717241936901,False,False
2864601_0.371,2864601_0.409,2864601_0.371:u015,2864601_0.409:u005,0.8701540904928595,0.8393929390986702,0.7875819759755559,0.9231229356779039,0.9871851441750544,0.95,equilibrium_files,deliberately_off_manifold_diagnostic,False,0.4208875451316976,0.547663288185981,False,True
2864601_0.371,2864601_0.409,2864601_0.371:u017,2864601_0.409:u021,0.9675589735321163,0.9599915293536879,0.9359110764157951,0.9951120390694911,0.9988289199368656,1.0,equilibrium_files,deliberately_off_manifold_diagnostic,True,0.7080908576391702,0.8289737986589131,True,True
2864601_0.371,2864601_0.409,2864601_0.371:u018,2864601_0.409:u029,0.7052431345486833,0.5420800498703343,0.5460579577946255,0.8952539848715719,0.9987546763744046,0.64,equilibrium_files,deliberately_off_manifold_diagnostic,False,-0.2805502942950078,0.17268171012735273,False,False
2864601_0.371,2864601_0.409,2864601_0.371:u019,2864601_0.409:u014,0.8787255187252837,0.8732236951813944,0.798538868219804,0.9069943933104972,0.9789893552141236,0.61,equilibrium_files,deliberately_off_manifold_diagnostic,False,0.7904463652956409,0.7542273148121282,True,False
2864601_0.371,2864601_0.409,2864601_0.371:u020,2864601_0.409:u003,0.7645219169327903,0.6259543294268805,0.6237192068316086,0.9637722810573103,0.9843269992189072,1.0,equilibrium_files,deliberately_off_manifold_diagnostic,False,0.6878607121839966,0.37444701399787145,False,True
2864601_0.371,2864601_0.386,2864601_0.371:u000,2864601_0.386:u029,0.6524553379436958,0.4883140267449969,0.4807693269588728,0.8718075315047351,0.9368441276579393,0.42,equilibrium_files,deliberately_off_manifold_diagnostic,False,-0.09834262926904429,0.04135539817527024,False,False
2864601_0.371,2864601_0.386,2864601_0.371:u004,2864601_0.386:u005,0.9878343325920871,0.9849013107130061,0.9789714095407414,0.9976011145055064,0.9957614680743079,1.0,equilibrium_files,deliberately_off_manifold_diagnostic,True,0.8446157193552829,0.9176857140771312,True,True
2864601_0.371,2864601_0.386,2864601_0.371:u009,2864601_0.386:u008,0.7858631730854642,0.6611602427953966,0.6417946452212986,0.9973779575566689,0.9775055758456089,1.0,equilibrium_files,deliberately_off_manifold_diagnostic,False,0.1373983921769666,0.45510058850501384,False,True
2864601_0.371,2864601_0.386,2864601_0.371:u010,2864601_0.386:u004,0.948025043955818,0.9218306914773363,0.9112131824588041,0.9994355186350935,0.9911238902397864,1.0,equilibrium_files,deliberately_off_manifold_diagnostic,True,0.8150298420907435,0.7720107333220245,True,True
2864601_0.371,2864601_0.386,2864601_0.371:u011,2864601_0.386:u001,0.8601679883291898,0.7965627111957849,0.7778153925688283,0.9639698620759614,0.9753029239230682,1.0,equilibrium_files,deliberately_off_manifold_diagnostic,False,0.4844563566174399,0.2987976890814359,False,True
2864601_0.371,2864601_0.386,2864601_0.371:u013,2864601_0.386:u011,0.795590615271792,0.6845327236939048,0.6465870620090123,0.9971558320546998,0.9841175657498848,0.99,equilibrium_files,deliberately_off_manifold_diagnostic,False,-0.2778590043669001,0.5247553720833402,False,True
2864601_0.371,2864601_0.386,2864601_0.371:u014,2864601_0.386:u024,0.7822822971492907,0.7471146628385548,0.6588139452880298,0.8059842873765487,0.9965342861800279,0.97,equilibrium_files,deliberately_off_manifold_diagnostic,False,0.5508652301392263,0.47711205799194323,False,True
2864601_0.371,2864601_0.386,2864601_0.371:u015,2864601_0.386:u009,0.8552341554184348,0.8033321693846162,0.7560138220325378,0.9481456399483992,0.9890061500180442,0.67,equilibrium_files,deliberately_off_manifold_diagnostic,False,0.27518458754276687,0.5444784279141504,False,False
2864601_0.371,2864601_0.386,2864601_0.371:u017,2864601_0.386:u007,0.8932966326207733,0.8613095699935583,0.8032966762694365,0.9887315703296751,0.9808422233796993,1.0,equilibrium_files,deliberately_off_manifold_diagnostic,False,-0.2339014986175456,0.4925331235972149,False,True
2864601_0.371,2864601_0.386,2864601_0.371:u019,2864601_0.386:u027,0.9539503491420116,0.940877066354594,0.9087264360818067,0.9965477281477891,0.9987987639076678,0.97,equilibrium_files,deliberately_off_manifold_diagnostic,True,0.7555506140399575,0.8037523436331659,True,True
2864601_0.371,2864601_0.386,2864601_0.371:u020,2864601_0.386:u021,0.6820220383357877,0.49997683723238595,0.5006626127709783,0.950857381552443,0.958293635121449,0.99,equilibrium_files,deliberately_off_manifold_diagnostic,False,0.08563124002174662,0.03309303085527643,False,True
2864601_0.371,2864601_0.355,2864601_0.371:u000,2864601_0.355:u018,0.8998864930816942,0.8513922834210795,0.8476726988201715,0.971187401614076,0.9796475904325184,1.0,equilibrium_files,deliberately_off_manifold_diagnostic,True,0.5020515749337964,0.5044228569636776,True,True
2864601_0.371,2864601_0.355,2864601_0.371:u002,2864601_0.355:u028,0.7093665562896498,0.5378793830867818,0.5448547112209696,0.935875581933773,0.9868560580528493,1.0,equilibrium_files,deliberately_off_manifold_diagnostic,False,0.3060796618632232,0.39863157922171305,False,True
2864601_0.371,2864601_0.355,2864601_0.371:u003,2864601_0.355:u016,0.8887970256594367,0.825377165543714,0.8367193769493473,0.9691040724351745,0.9817362421224176,1.0,equilibrium_files,deliberately_off_manifold_diagnostic,False,0.05268456916166014,0.3001518688815181,False,True
2864601_0.371,2864601_0.355,2864601_0.371:u004,2864601_0.355:u030,0.9905338833531553,0.9880105821889503,0.9833452134844654,0.9994743844121886,0.9961613388434649,1.0,equilibrium_files,deliberately_off_manifold_diagnostic,True,0.858089071076593,0.8313027251087541,True,True
2864601_0.371,2864601_0.355,2864601_0.371:u005,2864601_0.355:u012,0.7731452770512043,0.6745778858955652,0.6685630586903645,0.8634631643510068,0.9875518040261201,0.74,equilibrium_files,deliberately_off_manifold_diagnostic,False,-0.29219260453045104,0.33350506262542884,False,True
2864601_0.371,2864601_0.355,2864601_0.371:u009,2864601_0.355:u024,0.7597233993104446,0.616752031169127,0.593141103983316,0.9911046900595399,0.9926726037640187,1.0,equilibrium_files,deliberately_off_manifold_diagnostic,False,-0.05870463174959775,0.15176204547563843,False,True
2864601_0.371,2864601_0.355,2864601_0.371:u010,2864601_0.355:u021,0.9610317544033475,0.9528606442130672,0.9462099556884793,0.9984132479273718,0.9581396242370467,1.0,equilibrium_files,deliberately_off_manifold_diagnostic,True,0.8714117177382812,0.7205801191983774,True,True
2864601_0.371,2864601_0.355,2864601_0.371:u011,2864601_0.355:u029,0.8182232789118483,0.7246951398697447,0.7075109813618657,0.947186094117605,0.9956211185942208,1.0,equilibrium_files,deliberately_off_manifold_diagnostic,False,0.5715930373725723,0.47018739736712695,False,True
2864601_0.371,2864601_0.355,2864601_0.371:u013,2864601_0.355:u023,0.8432218779789592,0.7570325623213481,0.7278605121287238,0.9959739818673868,0.9927957963523011,0.97,equilibrium_files,deliberately_off_manifold_diagnostic,False,-0.09635604815299172,0.6729317526267621,False,True
2864601_0.371,2864601_0.355,2864601_0.371:u014,2864601_0.355:u000,0.913933932625865,0.9052441178010306,0.8762266346819629,0.9734466068573426,0.9240169275474921,1.0,equilibrium_files,deliberately_off_manifold_diagnostic,False,-0.29465131756406254,0.4110201279290184,False,True
2864601_0.371,2864601_0.355,2864601_0.371:u015,2864601_0.355:u003,0.8975480069294334,0.8674004218647471,0.8199427256736298,0.9593450114610143,0.9973803018785878,1.0,equilibrium_files,deliberately_off_manifold_diagnostic,True,0.7531662354106514,0.6755853044762424,True,True
2864601_0.371,2864601_0.355,2864601_0.371:u017,2864601_0.355:u027,0.9779929521778596,0.9760715504230476,0.9624558300406235,0.9834369797123723,0.9987367104814192,1.0,equilibrium_files,deliberately_off_manifold_diagnostic,True,0.8700694481344861,0.9490960438564381,True,True
2864601_0.371,2864601_0.355,2864601_0.371:u019,2864601_0.355:u007,0.9682305048707681,0.9606514958817346,0.9405015776095383,0.9908334549940215,0.9985894591229095,1.0,equilibrium_files,deliberately_off_manifold_diagnostic,True,0.8332985016112121,0.8566296547807168,True,True
2864601_0.371,2864601_0.355,2864601_0.371:u020,2864601_0.355:u005,0.7293034694333295,0.5736289082391005,0.5721157032677047,0.9330478038416691,0.9948526260647704,1.0,equilibrium_files,deliberately_off_manifold_diagnostic,False,0.7936390257136986,0.46723884640085955,False,True
2864601_0.371,2864601_0.449,2864601_0.371:u000,2864601_0.449:u020,0.7817490852525687,0.6871048634572504,0.6850522182967551,0.8715597124894796,0.9789500911423558,1.0,equilibrium_files,deliberately_off_manifold_diagnostic,False,0.30815154109110676,0.30701203871932836,False,True
2864601_0.371,2864601_0.449,2864601_0.371:u002,2864601_0.449:u019,0.664822995229577,0.48579282473554797,0.4762391789804576,0.8990533129462358,0.9820136576276408,0.79,equilibrium_files,deliberately_off_manifold_diagnostic,False,0.4323153719735046,0.26375354511247895,False,False
2864601_0.371,2864601_0.449,2864601_0.371:u004,2864601_0.449:u013,0.9690909761400899,0.9653332920269337,0.9519202434317408,0.9733206446200183,0.9962539328924196,1.0,equilibrium_files,deliberately_off_manifold_diagnostic,True,0.8886748324261571,0.9079097879544457,True,True
2864601_0.371,2864601_0.449,2864601_0.371:u005,2864601_0.449:u015,0.8187520994313974,0.7211150478852154,0.7245622487276635,0.9573180558027614,0.967926496434907,1.0,equilibrium_files,deliberately_off_manifold_diagnostic,False,0.7840477181121506,0.32452147982847324,False,True
2864601_0.371,2864601_0.449,2864601_0.371:u009,2864601_0.449:u000,0.6897708666493545,0.5148738405481983,0.4895316774774334,0.9897264197595338,0.9525196364487912,0.84,equilibrium_files,deliberately_off_manifold_diagnostic,False,0.4261957984523222,0.19109628464911918,False,False
2864601_0.371,2864601_0.449,2864601_0.371:u011,2864601_0.449:u012,0.782223848963528,0.6930245723405525,0.6458667574820215,0.9530222171861366,0.9497600328976428,0.74,equilibrium_files,deliberately_off_manifold_diagnostic,False,0.3288838756881245,0.05925027732164025,False,True
2864601_0.371,2864601_0.449,2864601_0.371:u013,2864601_0.449:u005,0.7830994772685667,0.6612616108809384,0.6258022743127438,0.9916300126922235,0.9932715458600865,1.0,equilibrium_files,deliberately_off_manifold_diagnostic,False,-0.4040539041901651,0.7187347120092883,False,True
2864601_0.371,2864601_0.449,2864601_0.371:u014,2864601_0.449:u016,0.8959727209728612,0.871083383758146,0.8319902700509803,0.9416654358964192,0.9835876882541974,1.0,equilibrium_files,deliberately_off_manifold_diagnostic,False,0.038349632593199304,0.5825610979616077,False,True
2864601_0.371,2864601_0.449,2864601_0.371:u015,2864601_0.449:u011,0.8112601612405964,0.7666488032367749,0.6957811627130467,0.8685385609142613,0.9941172963639885,0.8,equilibrium_files,deliberately_off_manifold_diagnostic,True,0.6680127504109395,0.5898011462846872,True,True
2864601_0.371,2864601_0.449,2864601_0.371:u017,2864601_0.449:u009,0.936188944796175,0.923086275072103,0.8886340086037916,0.9783034452069258,0.9850608532601073,1.0,equilibrium_files,deliberately_off_manifold_diagnostic,False,-0.018662146280581382,0.771834378832024,False,True
2864601_0.371,2864601_0.449,2864601_0.371:u018,2864601_0.449:u017,0.7836677390146531,0.6623663527667307,0.6773643218104769,0.9151012480435448,0.9936414351639095,0.99,equilibrium_files,deliberately_off_manifold_diagnostic,False,-0.23810522860784689,0.27646238688361013,False,True
2864601_0.371,2864601_0.449,2864601_0.371:u019,2864601_0.449:u001,0.906752402310922,0.8976131301027455,0.8409846738005079,0.9395753531227538,0.9862899525769766,1.0,equilibrium_files,deliberately_off_manifold_diagnostic,True,0.6906937615901999,0.6217813400834814,True,True
2864601_0.371,2864601_0.340,2864601_0.371:u000,2864601_0.340:u002,0.8604537196513491,0.7965166405974996,0.7911022535262056,0.9248282879994548,0.9960119690717328,1.0,equilibrium_files,deliberately_off_manifold_diagnostic,False,0.298592716526814,0.1929852772427492,False,True
2864601_0.371,2864601_0.340,2864601_0.371:u002,2864601_0.340:u020,0.6750597288702544,0.48255265074544795,0.4684230649097173,0.9752190765089197,0.9736159943596046,0.68,equilibrium_files,deliberately_off_manifold_diagnostic,False,0.43858069095101343,0.042251521433013306,False,False
2864601_0.371,2864601_0.340,2864601_0.371:u003,2864601_0.340:u017,0.8177361174496921,0.7099160390619242,0.7162760206413611,0.9685108827294595,0.9808816149640731,1.0,equilibrium_files,deliberately_off_manifold_diagnostic,False,0.24751171700060465,0.025721511544438167,False,True
2864601_0.371,2864601_0.340,2864601_0.371:u004,2864601_0.340:u012,0.9775357920050045,0.9775017534108017,0.9687059032726962,0.9939838780682978,0.9743835969314777,1.0,equilibrium_files,deliberately_off_manifold_diagnostic,True,0.7734587137824636,0.9151634264593136,True,True
2864601_0.371,2864601_0.340,2864601_0.371:u005,2864601_0.340:u001,0.7843279398007935,0.7098441598437455,0.7055013939513273,0.8258312289013412,0.9727901394100176,1.0,equilibrium_files,deliberately_off_manifold_diagnostic,False,0.5221784267035451,0.309330178206306,False,True
2864601_0.371,2864601_0.340,2864601_0.371:u009,2864601_0.340:u004,0.7158790773823493,0.5438701393832056,0.5142965406390803,0.9983355515835622,0.9938098152947555,0.63,equilibrium_files,deliberately_off_manifold_diagnostic,False,-0.40559657530521687,0.5839682808841983,False,False
2864601_0.371,2864601_0.340,2864601_0.371:u011,2864601_0.340:u024,0.8299854841567801,0.742932012054924,0.7313199978682839,0.9477924189341752,0.9907569869649135,1.0,equilibrium_files,deliberately_off_manifold_diagnostic,False,0.3364062234759311,0.44481357956720186,False,True
2864601_0.371,2864601_0.340,2864601_0.371:u013,2864601_0.340:u013,0.7073730498776513,0.5323296766085232,0.4974445380230856,0.9934805859837917,0.9987233414570512,0.59,equilibrium_files,deliberately_off_manifold_diagnostic,False,-0.06941620423582082,0.5583797942234476,False,False
2864601_0.371,2864601_0.340,2864601_0.371:u014,2864601_0.340:u015,0.8147469220881686,0.7334535533632479,0.6802916953938398,0.9697848034373884,0.9833319338678231,0.99,equilibrium_files,deliberately_off_manifold_diagnostic,False,0.36394429484938506,0.4901188111444106,False,True
2864601_0.371,2864601_0.340,2864601_0.371:u015,2864601_0.340:u003,0.9033760835852087,0.8722985669503136,0.8242056775653058,0.9785256558953283,0.9935983952572863,1.0,equilibrium_files,deliberately_off_manifold_diagnostic,True,0.667846476029983,0.5658410716925604,True,True
2864601_0.371,2864601_0.340,2864601_0.371:u016,2864601_0.340:u014,0.6724283720258009,0.5233530880546566,0.4980947236479228,0.9058280709102775,0.9241420716648578,0.81,equilibrium_files,deliberately_off_manifold_diagnostic,False,-0.1886196942559601,0.023651939822472965,False,False
2864601_0.371,2864601_0.340,2864601_0.371:u017,2864601_0.340:u022,0.9788950099581526,0.9764395061247457,0.9636049696717691,0.985441143437843,0.9989671926581477,1.0,equilibrium_files,deliberately_off_manifold_diagnostic,True,0.8067362759140924,0.9571159093757641,True,True
2864601_0.371,2864601_0.340,2864601_0.371:u018,2864601_0.340:u006,0.6864192651478674,0.49884023907402103,0.4953384635169732,0.9475681170770889,0.993260154775757,0.76,equilibrium_files,deliberately_off_manifold_diagnostic,False,-0.08588106554679538,0.0741840326743171,False,False
2864601_0.371,2864601_0.340,2864601_0.371:u019,2864601_0.340:u000,0.7984701437831141,0.7571539948672147,0.6726159050873551,0.9513705760352981,0.8963252929484178,1.0,equilibrium_files,deliberately_off_manifold_diagnostic,False,0.11064518844895145,0.2174304645390756,False,True
2864601_0.371,2864601_0.340,2864601_0.371:u020,2864601_0.340:u023,0.7513418860365696,0.6003073240976955,0.5966429869181493,0.9660392090101355,0.995244754648945,1.0,equilibrium_files,deliberately_off_manifold_diagnostic,False,0.6599068710702721,0.3709904327833375,False,True
2864601_0.371,2864601_0.296,2864601_0.371:u000,2864601_0.296:u011,0.8167337211134269,0.7233834107945923,0.7057957369462708,0.9493230537458704,0.9905768302099696,0.56,equilibrium_files,deliberately_off_manifold_diagnostic,False,0.48621134068058414,0.20090124880623228,False,False
2864601_0.371,2864601_0.296,2864601_0.371:u003,2864601_0.296:u024,0.6842566723909773,0.6221750210670858,0.5965786983705275,0.6160807192904831,0.9770720635079836,0.95,equilibrium_files,deliberately_off_manifold_diagnostic,False,0.39760169643791493,0.19117396347669058,False,True
2864601_0.371,2864601_0.296,2864601_0.371:u004,2864601_0.296:u014,0.9337959535821074,0.924767751850203,0.8938406824204354,0.9746852875983253,0.9663818289062549,1.0,equilibrium_files,deliberately_off_manifold_diagnostic,False,0.45118280383157505,0.6633415569547764,False,True
2864601_0.371,2864601_0.296,2864601_0.371:u010,2864601_0.296:u006,0.9579293745663581,0.9367860736842171,0.9285007800920944,0.99843095987283,0.9932856322944926,1.0,equilibrium_files,deliberately_off_manifold_diagnostic,True,0.7814483692437952,0.8030550776919226,True,True
2864601_0.371,2864601_0.296,2864601_0.371:u011,2864601_0.296:u002,0.8495014105035215,0.7834971958905591,0.7620119354473633,0.9589495330832908,0.9702938224274329,1.0,equilibrium_files,deliberately_off_manifold_diagnostic,False,-0.24070573894666095,0.2277910759186861,False,True
2864601_0.371,2864601_0.296,2864601_0.371:u013,2864601_0.296:u004,0.8119171042602118,0.7212240832882434,0.6804507354235018,0.9800763963473096,0.9769968968861319,0.98,equilibrium_files,deliberately_off_manifold_diagnostic,False,-0.08800841268272268,0.7094625413121407,False,True
2864601_0.371,2864601_0.296,2864601_0.371:u014,2864601_0.296:u015,0.9141933636668694,0.8819432235108717,0.8448953759469139,0.9894643164663113,0.9912446026813578,1.0,equilibrium_files,deliberately_off_manifold_diagnostic,True,0.6882993301959597,0.7238449443935286,True,True
2864601_0.371,2864601_0.296,2864601_0.371:u015,2864601_0.296:u013,0.8771951628940999,0.843660338096462,0.7931803923375688,0.9346890060548377,0.9960257127646162,1.0,equilibrium_files,deliberately_off_manifold_diagnostic,True,0.6371310627771328,0.6108730311276975,True,True
2864601_0.371,2864601_0.296,2864601_0.371:u017,2864601_0.296:u021,0.9766342405471038,0.9721108905952377,0.954552137636765,0.9975170695590228,0.9956595908284919,1.0,equilibrium_files,deliberately_off_manifold_diagnostic,False,0.32811651250406004,0.8456692639387869,False,True
2864601_0.371,2864601_0.296,2864601_0.371:u018,2864601_0.296:u007,0.6894089671122344,0.5651394821551431,0.5545416948473908,0.776093951425999,0.9914291186313722,1.0,equilibrium_files,deliberately_off_manifold_diagnostic,False,-0.40765743274288485,0.29099359773927336,False,True
2864601_0.371,2864601_0.296,2864601_0.371:u019,2864601_0.296:u018,0.9054227612781574,0.8894733187356528,0.8277238846356021,0.9611798400444568,0.9901381612894476,0.98,equilibrium_files,deliberately_off_manifold_diagnostic,True,0.662703757125912,0.6165190288809564,True,True
2864601_0.371,2864601_0.270,2864601_0.371:u000,2864601_0.270:u003,0.757453456249905,0.6417825874970945,0.6230604783868126,0.9118509344372057,0.978151747986459,1.0,equilibrium_files,deliberately_off_manifold_diagnostic,False,-0.01819141308890911,0.20906569863290012,False,True
2864601_0.371,2864601_0.270,2864601_0.371:u004,2864601_0.270:u011,0.9659492442403615,0.9589559396647902,0.9426962262106499,0.9824561282473786,0.994811844141269,1.0,equilibrium_files,deliberately_off_manifold_diagnostic,True,0.8733278211880137,0.8782242856217788,True,True
2864601_0.371,2864601_0.270,2864601_0.371:u009,2864601_0.270:u004,0.6555373972995555,0.4651311224212414,0.45921130278796113,0.9199435332807824,0.9712298154031914,0.5,equilibrium_files,deliberately_off_manifold_diagnostic,False,-0.07365904079803437,0.07185831616577296,False,False
2864601_0.371,2864601_0.270,2864601_0.371:u010,2864601_0.270:u007,0.8368414692412943,0.7828364209809223,0.7492189883183796,0.9115332584620763,0.9745909737954429,1.0,equilibrium_files,deliberately_off_manifold_diagnostic,False,0.7646769201402804,0.4557934929964434,False,True
2864601_0.371,2864601_0.270,2864601_0.371:u011,2864601_0.270:u026,0.7490835882569526,0.6401431174244697,0.583522991272427,0.9499739569902338,0.9599448212491838,0.69,equilibrium_files,deliberately_off_manifold_diagnostic,False,0.2679977071594639,0.2693622387729622,False,False
2864601_0.371,2864601_0.270,2864601_0.371:u013,2864601_0.270:u000,0.8000714920439737,0.6853965771039052,0.6633784841262873,0.9922942556965269,0.9849006126780528,0.91,equilibrium_files,deliberately_off_manifold_diagnostic,False,-0.0700521255798666,0.6556920481656344,False,True
2864601_0.371,2864601_0.270,2864601_0.371:u014,2864601_0.270:u016,0.8364163110044465,0.8012218546055545,0.7342591138382202,0.9080586404985229,0.9708014618580472,0.95,equilibrium_files,deliberately_off_manifold_diagnostic,False,0.2484588976764415,0.2777271376400085,False,True
2864601_0.371,2864601_0.270,2864601_0.371:u015,2864601_0.270:u002,0.8502347084335169,0.8098805181589037,0.7422012195309349,0.9285968492940498,0.9944540863387771,1.0,equilibrium_files,deliberately_off_manifold_diagnostic,True,0.6596165218474476,0.5078230762047982,True,True
2864601_0.371,2864601_0.270,2864601_0.371:u017,2864601_0.270:u012,0.9310814679730595,0.9088457031776844,0.8806365865702527,0.972657911124143,0.9985259941192485,1.0,equilibrium_files,deliberately_off_manifold_diagnostic,False,0.36330606820108524,0.748705095462134,False,True
2864601_0.371,2864601_0.270,2864601_0.371:u018,2864601_0.270:u019,0.7781583760857205,0.6666552790946801,0.6723178710340066,0.9322230334336751,0.950109121801897,0.74,equilibrium_files,deliberately_off_manifold_diagnostic,False,0.41012004967763804,0.18891127896667256,False,True
2864601_0.371,2864601_0.270,2864601_0.371:u019,2864601_0.270:u008,0.90780770829043,0.8874477157058296,0.8338884351969835,0.9745249978599118,0.9825093172380183,0.95,equilibrium_files,deliberately_off_manifold_diagnostic,True,0.7129622239258083,0.6764425168248804,True,True
2864601_0.371,2864601_0.352,2864601_0.371:u000,2864601_0.352:u008,0.9285666959598148,0.8908559156876289,0.8902183694898356,0.9822307298678291,0.9889913221650483,1.0,equilibrium_files,deliberately_off_manifold_diagnostic,True,0.6723461627381443,0.6093664352314749,True,True
2864601_0.371,2864601_0.352,2864601_0.371:u002,2864601_0.352:u003,0.7063135867396793,0.5626813779156091,0.5487391763299176,0.8709119357585132,0.9935251665715926,0.94,equilibrium_files,deliberately_off_manifold_diagnostic,False,0.31381681808975953,0.3756860898357574,False,True
2864601_0.371,2864601_0.352,2864601_0.371:u003,2864601_0.352:u017,0.6685863852461013,0.5715280091997521,0.5246192683247699,0.7153036709658501,0.9834073389778729,0.88,equilibrium_files,deliberately_off_manifold_diagnostic,False,0.1805198597635484,0.31336734579730235,False,True
2864601_0.371,2864601_0.352,2864601_0.371:u004,2864601_0.352:u019,0.9779516084454004,0.9742220387696391,0.9640188666469579,0.9973384801812509,0.9850582039208563,1.0,equilibrium_files,deliberately_off_manifold_diagnostic,True,0.8297227282803628,0.8091141705522978,True,True
2864601_0.371,2864601_0.352,2864601_0.371:u005,2864601_0.352:u006,0.846080906760439,0.752543990171688,0.7505756379650977,0.982483649185778,0.9932414424112387,1.0,equilibrium_files,deliberately_off_manifold_diagnostic,False,-0.4187907325361705,0.49596141624607937,False,True
2864601_0.371,2864601_0.352,2864601_0.371:u011,2864601_0.352:u009,0.7943127526794421,0.7064897601190429,0.6663809696742086,0.9294631705562002,0.9827944981511334,0.8,equilibrium_files,deliberately_off_manifold_diagnostic,False,-0.0824924095414404,0.39697242662457816,False,True
2864601_0.371,2864601_0.352,2864601_0.371:u013,2864601_0.352:u005,0.880987015578004,0.8178310898062292,0.7960716073181509,0.9980022800943906,0.986078752109059,1.0,equilibrium_files,deliberately_off_manifold_diagnostic,False,-0.37227459727053647,0.6214060219640916,False,True
2864601_0.371,2864601_0.352,2864601_0.371:u014,2864601_0.352:u012,0.6520988635501097,0.4898012675867104,0.40737798891989985,0.9782170634623265,0.9365083695283066,0.53,equilibrium_files,deliberately_off_manifold_diagnostic,False,-0.009622792912570035,-0.054404437537675474,False,False
2864601_0.371,2864601_0.352,2864601_0.371:u015,2864601_0.352:u018,0.6884318709758991,0.5718355381875245,0.6409670553076097,0.6400278351988948,0.9829276294378992,0.99,equilibrium_files,deliberately_off_manifold_diagnostic,False,0.20842646252440167,0.21543270748869892,False,True
2864601_0.371,2864601_0.352,2864601_0.371:u017,2864601_0.352:u007,0.9788501027274686,0.9763309720987559,0.9632110871720535,0.9860673664530838,0.998870058278045,1.0,equilibrium_files,deliberately_off_manifold_diagnostic,True,0.7430680953292569,0.9243120301365289,True,True
2864601_0.371,2864601_0.352,2864601_0.371:u018,2864601_0.352:u000,0.6568306541750898,0.44639347103819565,0.4296636602568612,0.9825769675920224,0.9874906063408413,0.52,equilibrium_files,deliberately_off_manifold_diagnostic,False,0.1430290010355036,-0.18049499613703182,False,False
2864601_0.371,2864601_0.352,2864601_0.371:u019,2864601_0.352:u016,0.9345557021242471,0.9277123460541504,0.887842676981796,0.9608782354295953,0.9885677406377206,1.0,equilibrium_files,deliberately_off_manifold_diagnostic,True,0.6784119184790204,0.7510098052882964,True,True
2864601_0.409,2864601_0.386,2864601_0.409:u000,2864601_0.386:u029,0.6939200285084376,0.5403695673732278,0.5381493776218177,0.9032162397245789,0.9486054853250411,0.92,equilibrium_files,deliberately_off_manifold_diagnostic,False,-0.1397026752848066,0.0905151731221868,False,True
2864601_0.409,2864601_0.386,2864601_0.409:u002,2864601_0.386:u008,0.7810933467933341,0.7169112293117124,0.6909893778860824,0.8020243224319906,0.991591500737988,0.98,equilibrium_files,deliberately_off_manifold_diagnostic,False,0.2695631652467203,0.6624020252021617,False,True
2864601_0.409,2864601_0.386,2864601_0.409:u003,2864601_0.386:u021,0.8467657390060804,0.7889423416122302,0.7918210793328906,0.9327403752637878,0.9299431883489334,1.0,equilibrium_files,deliberately_off_manifold_diagnostic,False,0.01995157458724663,0.45371384002262616,False,True
2864601_0.409,2864601_0.386,2864601_0.409:u005,2864601_0.386:u006,0.9046718698878388,0.8799335415128238,0.8243779514640219,0.9768777967437658,0.9900143132301592,1.0,equilibrium_files,deliberately_off_manifold_diagnostic,False,0.3564028794580382,0.5138406085507302,False,True
2864601_0.409,2864601_0.386,2864601_0.409:u007,2864601_0.386:u027,0.9413245129809699,0.9358382280020952,0.9030887242114086,0.9750446317233263,0.9731875048612674,1.0,equilibrium_files,deliberately_off_manifold_diagnostic,False,0.16494107576053255,0.48142751089725255,False,True
2864601_0.409,2864601_0.386,2864601_0.409:u008,2864601_0.386:u009,0.8355577270588587,0.7824590528355216,0.7392297547110058,0.9060193305546309,0.9892360934198714,0.95,equilibrium_files,deliberately_off_manifold_diagnostic,False,-0.05748994486854521,0.13320018702619663,False,True
2864601_0.409,2864601_0.386,2864601_0.409:u010,2864601_0.386:u004,0.9157468924066333,0.8770910694426884,0.8602029223511983,0.9865845682784029,0.9862089060639333,1.0,equilibrium_files,deliberately_off_manifold_diagnostic,True,0.7345213329552351,0.7499772339890702,True,True
2864601_0.409,2864601_0.386,2864601_0.409:u012,2864601_0.386:u030,0.8672118068980224,0.7865442990092433,0.7752734844012313,0.9955596661852896,0.9977726931891099,1.0,equilibrium_files,deliberately_off_manifold_diagnostic,False,0.09223190772603705,-0.11957438935371943,False,True
2864601_0.409,2864601_0.386,2864601_0.409:u014,2864601_0.386:u024,0.9277891985954213,0.9140964188742461,0.8633985346830997,0.9805143335926725,0.9921892290484159,1.0,equilibrium_files,deliberately_off_manifold_diagnostic,True,0.6590592874109178,0.7700610520975526,True,True
2864601_0.409,2864601_0.386,2864601_0.409:u015,2864601_0.386:u018,0.7813201399527574,0.6802372638957616,0.6469706881648151,0.9165696605017436,0.9992191111711786,0.52,equilibrium_files,deliberately_off_manifold_diagnostic,False,0.11086101673511468,0.6580910128418147,False,False
2864601_0.409,2864601_0.386,2864601_0.409:u017,2864601_0.386:u005,0.9856700163068811,0.9809409936482948,0.9731124108995928,0.9992462385126578,0.9980237361999168,1.0,equilibrium_files,deliberately_off_manifold_diagnostic,True,0.8116635215322611,0.8519982247499485,True,True
2864601_0.409,2864601_0.386,2864601_0.409:u019,2864601_0.386:u007,0.8364830448467563,0.7364530446604787,0.736677961571666,0.9759986204817201,0.9967200944038446,0.95,equilibrium_files,deliberately_off_manifold_diagnostic,False,-0.15508373390744226,0.40593446654062565,False,True
2864601_0.409,2864601_0.386,2864601_0.409:u021,2864601_0.386:u001,0.9524382433589264,0.9425023040331691,0.9198220822988261,0.9826675254911327,0.9860371118055061,1.0,equilibrium_files,deliberately_off_manifold_diagnostic,True,0.5358832240521424,0.7155225710848062,True,True
2864601_0.409,2864601_0.386,2864601_0.409:u022,2864601_0.386:u003,0.7105753236387348,0.5727698478473872,0.6105349878441574,0.7936105543056594,0.9843088103506973,0.95,equilibrium_files,deliberately_off_manifold_diagnostic,False,-0.014355672357341115,0.5521021156504332,False,True
2864601_0.409,2864601_0.386,2864601_0.409:u027,2864601_0.386:u010,0.8564805439786222,0.8146350802703848,0.748041060647545,0.9483910480722458,0.9899974604439705,1.0,equilibrium_files,deliberately_off_manifold_diagnostic,False,0.2089495527901244,0.6511218095664136,False,True
2864601_0.409,2864601_0.386,2864601_0.409:u028,2864601_0.386:u002,0.7091229867609852,0.5866372412565888,0.5388989483411772,0.8582667918920601,0.9990438575162169,0.95,equilibrium_files,deliberately_off_manifold_diagnostic,False,0.42014136434598826,0.29502161806715593,False,True
2864601_0.409,2864601_0.386,2864601_0.409:u029,2864601_0.386:u019,0.7128875247398088,0.6473047318444288,0.613111886802051,0.6792752449775837,0.9945374507517407,0.96,equilibrium_files,deliberately_off_manifold_diagnostic,False,-0.15904741382716767,0.20935821106321245,False,True
2864601_0.409,2864601_0.386,2864601_0.409:u030,2864601_0.386:u028,0.721113266400111,0.5975644718612351,0.6119040282190304,0.7967231637431225,0.994640418137034,1.0,equilibrium_files,deliberately_off_manifold_diagnostic,False,0.20065731937861683,0.2348608025374441,False,True
2864601_0.409,2864601_0.355,2864601_0.409:u000,2864601_0.355:u012,0.7648729342024088,0.6595832056867171,0.6530521040381877,0.8594513710102079,0.9959603354144786,0.92,equilibrium_files,deliberately_off_manifold_diagnostic,False,-0.42610918127121533,-0.046451558312215875,False,True
2864601_0.409,2864601_0.355,2864601_0.409:u002,2864601_0.355:u024,0.7678006359052156,0.69102659776949,0.6445361251970595,0.8386961814800232,0.9969629135962305,0.61,equilibrium_files,deliberately_off_manifold_diagnostic,False,-0.03871011282738453,0.3441822609801911,False,False
2864601_0.409,2864601_0.355,2864601_0.409:u003,2864601_0.355:u005,0.8788824005697939,0.8062280156568349,0.8058808638315386,0.9820644175774343,0.9941842660389755,1.0,equilibrium_files,deliberately_off_manifold_diagnostic,True,0.8753959648541465,0.7499414597002516,True,True
2864601_0.409,2864601_0.355,2864601_0.409:u004,2864601_0.355:u007,0.8401348372870486,0.8139004817970127,0.7334196478939358,0.8987196590726122,0.9809743328262085,0.64,equilibrium_files,deliberately_off_manifold_diagnostic,False,0.15371839016244154,-0.28169365856565914,False,False
2864601_0.409,2864601_0.355,2864601_0.409:u005,2864601_0.355:u003,0.9210941920875073,0.8983060223503541,0.8524693467632446,0.9861115317470527,0.9931963750200863,1.0,equilibrium_files,deliberately_off_manifold_diagnostic,True,0.5563454848677594,0.6401739615664402,True,True
2864601_0.409,2864601_0.355,2864601_0.409:u007,2864601_0.355:u000,0.9267782969274477,0.9098631275063007,0.8729467204628382,0.9844594732554439,0.975217239428086,0.98,equilibrium_files,deliberately_off_manifold_diagnostic,False,0.4615628542404503,0.6559406988999917,False,True
2864601_0.409,2864601_0.355,2864601_0.409:u008,2864601_0.355:u008,0.6694301115251773,0.556387988391165,0.4824110421106283,0.7915930864020639,0.9973589254711325,0.81,equilibrium_files,deliberately_off_manifold_diagnostic,False,0.3149132013168173,0.13540338026813115,False,False
2864601_0.409,2864601_0.355,2864601_0.409:u009,2864601_0.355:u015,0.7316532361240135,0.6244257654968595,0.5600928057658403,0.8899654799228328,0.9915228438031846,1.0,equilibrium_files,deliberately_off_manifold_diagnostic,False,0.21003092329825204,0.22553471344804404,False,True
2864601_0.409,2864601_0.355,2864601_0.409:u010,2864601_0.355:u021,0.9746390511099445,0.9633871380345246,0.9570647737882471,0.9965006491348789,0.9960167386806867,1.0,equilibrium_files,deliberately_off_manifold_diagnostic,True,0.9017269763959486,0.8899377553820734,True,True
2864601_0.409,2864601_0.355,2864601_0.409:u014,2864601_0.355:u010,0.8315718042661425,0.7724212105640551,0.6983223081552621,0.9684632996004479,0.9832804436512893,0.64,equilibrium_files,deliberately_off_manifold_diagnostic,False,0.37318144771310685,0.504136671526252,False,False
2864601_0.409,2864601_0.355,2864601_0.409:u015,2864601_0.355:u023,0.898785020312892,0.8388589607315184,0.8245441995194238,0.9991799000755611,0.9996404611124852,1.0,equilibrium_files,deliberately_off_manifold_diagnostic,False,0.43508985590463567,0.8263439684631116,False,True
2864601_0.409,2864601_0.355,2864601_0.409:u017,2864601_0.355:u030,0.9834619517406774,0.9788999088156123,0.9708903355628489,0.9961968865759158,0.9964275055597792,1.0,equilibrium_files,deliberately_off_manifold_diagnostic,True,0.8474160970517645,0.8676591998485836,True,True
2864601_0.409,2864601_0.355,2864601_0.409:u018,2864601_0.355:u019,0.7092693248081412,0.6199408263514055,0.6104706182810676,0.716752131987213,0.9839773251047834,0.76,equilibrium_files,deliberately_off_manifold_diagnostic,False,0.6964592966749936,0.25696021221115206,False,True
2864601_0.409,2864601_0.355,2864601_0.409:u019,2864601_0.355:u004,0.7300354360350001,0.6027542181206644,0.5839406622444833,0.8815164864125948,0.9886183732146839,0.96,equilibrium_files,deliberately_off_manifold_diagnostic,False,-0.3337146164489029,-0.0384461778264261,False,True
2864601_0.409,2864601_0.355,2864601_0.409:u021,2864601_0.355:u027,0.9762195710308371,0.9742648293728614,0.9597909239777244,0.982876196504487,0.99713802862382,1.0,equilibrium_files,deliberately_off_manifold_diagnostic,True,0.7261166399551391,0.8569982700758041,True,True
2864601_0.409,2864601_0.355,2864601_0.409:u022,2864601_0.355:u020,0.739215464177281,0.6111713978517214,0.6088784227323393,0.933079281748578,0.9329233082617359,0.71,equilibrium_files,deliberately_off_manifold_diagnostic,False,0.24950843659387198,0.21008309960183272,False,True
2864601_0.409,2864601_0.355,2864601_0.409:u023,2864601_0.355:u029,0.6942496810843749,0.541741355578635,0.5070813482002174,0.9007868385552983,0.9972275111982974,0.71,equilibrium_files,deliberately_off_manifold_diagnostic,False,-0.050795981209225245,0.2610698136060794,False,True
2864601_0.409,2864601_0.355,2864601_0.409:u024,2864601_0.355:u016,0.745804248339394,0.6304674567171166,0.6380917581997747,0.8279975083111767,0.998184911010456,1.0,equilibrium_files,deliberately_off_manifold_diagnostic,False,0.14765951156771798,0.1285572458795001,False,True
2864601_0.409,2864601_0.355,2864601_0.409:u025,2864601_0.355:u014,0.8001080197117448,0.7573553106033514,0.658534912687697,0.8997924132543154,0.9769123503678364,0.96,equilibrium_files,deliberately_off_manifold_diagnostic,False,0.42721210889133776,0.5613697981830642,False,True
2864601_0.409,2864601_0.355,2864601_0.409:u026,2864601_0.355:u018,0.8263018525939969,0.7454681477027849,0.7344997787183186,0.9307443138697172,0.9808130594686121,0.72,equilibrium_files,deliberately_off_manifold_diagnostic,False,0.5796954025408195,0.21339344806063834,False,True
2864601_0.409,2864601_0.355,2864601_0.409:u027,2864601_0.355:u013,0.6802791640939211,0.5885432667006217,0.5200226609569483,0.7633229087725919,0.9752240202106585,0.97,equilibrium_files,deliberately_off_manifold_diagnostic,False,-0.07154497598280081,0.12602178152378624,False,True
2864601_0.409,2864601_0.355,2864601_0.409:u028,2864601_0.355:u022,0.6922648152523168,0.5859494312364316,0.5496017205856855,0.8078452352529074,0.9501521132755011,0.98,equilibrium_files,deliberately_off_manifold_diagnostic,False,0.4681077376836445,0.0810955055329725,False,True
2864601_0.409,2864601_0.355,2864601_0.409:u030,2864601_0.355:u025,0.7398586352773122,0.617506838963419,0.593088627728677,0.957136536332572,0.9262634400158453,0.98,equilibrium_files,deliberately_off_manifold_diagnostic,False,-0.07194979146187346,0.31502562084804847,False,True
2864601_0.409,2864601_0.449,2864601_0.409:u000,2864601_0.449:u015,0.7287535842811877,0.6034868257324296,0.6047114897201037,0.9448284155193487,0.8866420327077902,1.0,equilibrium_files,deliberately_off_manifold_diagnostic,False,0.8690309409047624,0.4703532092624974,False,True
2864601_0.409,2864601_0.449,2864601_0.409:u002,2864601_0.449:u006,0.7840076475121952,0.6992109891668215,0.6737049452255387,0.9874644201116829,0.8731999158607531,1.0,equilibrium_files,deliberately_off_manifold_diagnostic,False,0.3100842458695229,-0.17074924085804274,False,True
2864601_0.409,2864601_0.449,2864601_0.409:u003,2864601_0.449:u002,0.6952840067515632,0.6021812030357778,0.6240750239171411,0.6577403851849637,0.9792953081434743,0.97,equilibrium_files,deliberately_off_manifold_diagnostic,False,0.4334085762399459,0.33384842126715397,False,True
2864601_0.409,2864601_0.449,2864601_0.409:u005,2864601_0.449:u011,0.9074105938273034,0.8819629504164332,0.8281212049566071,0.9797159701471801,0.9922107659297764,0.99,equilibrium_files,deliberately_off_manifold_diagnostic,True,0.5971392458995173,0.5808987583011963,True,True
2864601_0.409,2864601_0.449,2864601_0.409:u007,2864601_0.449:u016,0.9309693562905264,0.9113861438393801,0.8719638281074452,0.9958115041808543,0.9840103193515397,1.0,equilibrium_files,deliberately_off_manifold_diagnostic,False,0.25711100112102514,0.6232240311860838,False,True
2864601_0.409,2864601_0.449,2864601_0.409:u008,2864601_0.449:u008,0.7818505734723996,0.7162426451210948,0.6314014940214407,0.8989661153361813,0.9888205433120132,0.99,equilibrium_files,deliberately_off_manifold_diagnostic,False,-0.02111169691784112,-0.049243483069262836,False,True
2864601_0.409,2864601_0.449,2864601_0.409:u014,2864601_0.449:u001,0.9500811378615429,0.9408843803188625,0.9049926241969604,0.9877978508482225,0.9937923316857575,1.0,equilibrium_files,deliberately_off_manifold_diagnostic,True,0.8072086098687974,0.7273868648734831,True,True
2864601_0.409,2864601_0.449,2864601_0.409:u015,2864601_0.449:u000,0.7482902172561817,0.6330679819514472,0.6104068940821296,0.9842764569504694,0.8919623152800744,0.59,equilibrium_files,deliberately_off_manifold_diagnostic,False,0.03515811337561266,0.4024010565364716,False,False
2864601_0.409,2864601_0.449,2864601_0.409:u016,2864601_0.449:u009,0.9133655477245636,0.8909171552620994,0.8367085227251181,0.9814615457119363,0.9939276759300556,0.68,equilibrium_files,deliberately_off_manifold_diagnostic,False,0.1342436855517338,0.6963053378100582,False,False
2864601_0.409,2864601_0.449,2864601_0.409:u017,2864601_0.449:u013,0.9762575019629195,0.972598793542189,0.9612718438691158,0.9893451184042419,0.9911364352933982,1.0,equilibrium_files,deliberately_off_manifold_diagnostic,True,0.9210469243927462,0.8200412528425941,True,True
2864601_0.409,2864601_0.449,2864601_0.409:u021,2864601_0.449:u012,0.9398159997808103,0.9227856699804791,0.8917243750018107,0.9799251181407693,0.997389813289848,1.0,equilibrium_files,deliberately_off_manifold_diagnostic,True,0.5216327906677343,0.8322943626848417,True,True
2864601_0.409,2864601_0.449,2864601_0.409:u022,2864601_0.449:u021,0.7978530616564186,0.6810440294532937,0.6868787189420257,0.9437989591538958,0.9935822265352181,1.0,equilibrium_files,deliberately_off_manifold_diagnostic,False,0.4593774749012638,0.44377817915777734,False,True
2864601_0.409,2864601_0.449,2864601_0.409:u023,2864601_0.449:u017,0.7188861447686776,0.5523917904045353,0.610661856382436,0.852075465159559,0.9977747885033721,0.99,equilibrium_files,deliberately_off_manifold_diagnostic,False,0.12181378464129491,0.16339550884732967,False,True
2864601_0.409,2864601_0.449,2864601_0.409:u024,2864601_0.449:u004,0.6839972713384621,0.5392808029347097,0.5477537270737336,0.8476531499097651,0.9417814117698801,0.53,equilibrium_files,deliberately_off_manifold_diagnostic,False,-0.08882383040234854,0.032748410380904744,False,False
2864601_0.409,2864601_0.449,2864601_0.409:u027,2864601_0.449:u010,0.8973668173619211,0.864284923445224,0.8097173544323518,0.9770505371759565,0.9987801328172858,0.68,equilibrium_files,deliberately_off_manifold_diagnostic,False,0.02588102926110417,0.4420342353496285,False,False
2864601_0.409,2864601_0.449,2864601_0.409:u028,2864601_0.449:u020,0.7300867435469752,0.6136645733978421,0.6384665254797124,0.7853332937030384,0.9869037757155066,1.0,equilibrium_files,deliberately_off_manifold_diagnostic,False,0.5764742568357105,0.2938368853466526,False,True
2864601_0.409,2864601_0.449,2864601_0.409:u029,2864601_0.449:u003,0.8979853317827651,0.8568906742372915,0.8241405334012643,0.9891576893860936,0.9792221580698977,0.92,equilibrium_files,deliberately_off_manifold_diagnostic,False,-0.03549989973897131,0.3900365212573929,False,True
2864601_0.409,2864601_0.340,2864601_0.409:u000,2864601_0.340:u002,0.8114657867306801,0.7329669523616483,0.7306840728768321,0.8621514217899574,0.9997009740057227,1.0,equilibrium_files,deliberately_off_manifold_diagnostic,False,0.592925845522708,0.29381718240473953,False,True
2864601_0.409,2864601_0.340,2864601_0.409:u002,2864601_0.340:u004,0.7590826735801912,0.6882603500646325,0.6508779858023471,0.7953343151332832,0.9913715489672035,1.0,equilibrium_files,deliberately_off_manifold_diagnostic,False,0.06908043349883711,0.5829622085054064,False,True
2864601_0.409,2864601_0.340,2864601_0.409:u003,2864601_0.340:u023,0.9225454204579503,0.8776478023647886,0.8770183745622834,0.9923181445182117,0.9884096923809321,1.0,equilibrium_files,deliberately_off_manifold_diagnostic,True,0.6754197094953878,0.720475107168312,True,True
2864601_0.409,2864601_0.340,2864601_0.409:u005,2864601_0.340:u003,0.9039852421817943,0.8901948890583179,0.8443405395489262,0.9260708425320364,0.9920522254660695,1.0,equilibrium_files,deliberately_off_manifold_diagnostic,True,0.6213587851420618,0.7453678985166362,True,True
2864601_0.409,2864601_0.340,2864601_0.409:u006,2864601_0.340:u007,0.6860337213290657,0.6015112601459887,0.6015295590276984,0.6293200631676873,0.9962873147171106,0.95,equilibrium_files,deliberately_off_manifold_diagnostic,False,0.3547284506056133,0.3667749772209122,False,True
2864601_0.409,2864601_0.340,2864601_0.409:u007,2864601_0.340:u000,0.8898792597348915,0.8538829394430754,0.8074989798514068,0.983837464826183,0.9734859549065509,1.0,equilibrium_files,deliberately_off_manifold_diagnostic,False,0.49895696922403765,0.6141726230961728,False,True
2864601_0.409,2864601_0.340,2864601_0.409:u012,2864601_0.340:u006,0.6602540831869693,0.46854088259170124,0.4581640696318328,0.9225327279815102,0.9886802596180353,0.49,equilibrium_files,deliberately_off_manifold_diagnostic,False,0.23323517217663506,-0.07701194685648219,False,False
2864601_0.409,2864601_0.340,2864601_0.409:u015,2864601_0.340:u013,0.7987623848646361,0.676320095409763,0.6561377346744368,0.9990808513480876,0.9960443278487936,1.0,equilibrium_files,deliberately_off_manifold_diagnostic,False,0.14016548072216445,0.7114699770552134,False,True
2864601_0.409,2864601_0.340,2864601_0.409:u017,2864601_0.340:u012,0.9863192886340241,0.9858297358272421,0.9799710425696225,0.9996234496150774,0.983271825959746,1.0,equilibrium_files,deliberately_off_manifold_diagnostic,True,0.7485994030456432,0.9056080199738716,True,True
2864601_0.409,2864601_0.340,2864601_0.409:u021,2864601_0.340:u022,0.9624346622643968,0.9560086686358553,0.931418199200161,0.9853540800262673,0.9956789295416922,1.0,equilibrium_files,deliberately_off_manifold_diagnostic,True,0.6320206640820148,0.7828537445607155,True,True
2864601_0.409,2864601_0.340,2864601_0.409:u022,2864601_0.340:u024,0.7758073458220189,0.6958498512184319,0.7087832246069103,0.775703041715777,0.9963840736563048,1.0,equilibrium_files,deliberately_off_manifold_diagnostic,False,-0.0596804933439595,0.29721244202331887,False,True
2864601_0.409,2864601_0.340,2864601_0.409:u023,2864601_0.340:u005,0.7501268513579541,0.6540536406546408,0.6386455150566869,0.8304516466748532,0.9811338765479258,1.0,equilibrium_files,deliberately_off_manifold_diagnostic,False,-0.10339808400553546,-0.04252908357142028,False,True
2864601_0.409,2864601_0.340,2864601_0.409:u024,2864601_0.340:u017,0.6718401743581587,0.5650591705289966,0.5749025257310035,0.6713191935392633,0.9779391338615298,0.94,equilibrium_files,deliberately_off_manifold_diagnostic,False,-0.17813784515231232,0.07812024345825802,False,True
2864601_0.409,2864601_0.340,2864601_0.409:u026,2864601_0.340:u001,0.8999276145718446,0.8556822391846699,0.852694876655633,0.9372801488522604,0.9997922502465083,1.0,equilibrium_files,deliberately_off_manifold_diagnostic,False,0.5316123971783504,0.2889107630502589,False,True
2864601_0.409,2864601_0.340,2864601_0.409:u030,2864601_0.340:u015,0.7846328845619488,0.6981076112719075,0.6537022564496793,0.9652972560174264,0.9301523652099373,1.0,equilibrium_files,deliberately_off_manifold_diagnostic,False,-0.00521389372255478,0.09509085550722077,False,True
2864601_0.409,2864601_0.296,2864601_0.409:u002,2864601_0.296:u004,0.8152254879494171,0.7519781428399194,0.7092747352731522,0.8843190562410426,0.9999290663364357,0.97,equilibrium_files,deliberately_off_manifold_diagnostic,False,0.24794157927776259,0.6085319009895226,False,True
2864601_0.409,2864601_0.296,2864601_0.409:u004,2864601_0.296:u018,0.9065603089964018,0.8837298032264138,0.8334455350531977,0.9900013861479889,0.9670371514146033,1.0,equilibrium_files,deliberately_off_manifold_diagnostic,False,0.20574462332351573,-0.05760535835104088,False,True
2864601_0.409,2864601_0.296,2864601_0.409:u005,2864601_0.296:u013,0.9460631930521372,0.9379559674460924,0.9058107307442218,0.9708969532769435,0.9937689646982714,1.0,equilibrium_files,deliberately_off_manifold_diagnostic,True,0.6682305481233439,0.7379101762869761,True,True
2864601_0.409,2864601_0.296,2864601_0.409:u007,2864601_0.296:u015,0.9214993247290898,0.90240889537883,0.8662901018926745,0.9575282954162999,0.9969198323218925,1.0,equilibrium_files,deliberately_off_manifold_diagnostic,True,0.5446493214096896,0.7279710666558139,True,True
2864601_0.409,2864601_0.296,2864601_0.409:u008,2864601_0.296:u020,0.7497942769305154,0.6879315530642035,0.6822785625394061,0.7071009309241114,0.9865552803230508,0.87,equilibrium_files,deliberately_off_manifold_diagnostic,False,0.20204972062214085,0.15314024975014126,False,True
2864601_0.409,2864601_0.296,2864601_0.409:u009,2864601_0.296:u023,0.6949681319447829,0.5849964179311328,0.5199961716919013,0.8398997932655956,0.9774519820237678,1.0,equilibrium_files,deliberately_off_manifold_diagnostic,False,0.20921283754444375,-0.027968984725100513,False,True
2864601_0.409,2864601_0.296,2864601_0.409:u010,2864601_0.296:u006,0.9118971387254571,0.8754891863048427,0.8590043864226276,0.9818469772160233,0.975898357320057,1.0,equilibrium_files,deliberately_off_manifold_diagnostic,True,0.6773727025258102,0.7489437757465602,True,True
2864601_0.409,2864601_0.296,2864601_0.409:u012,2864601_0.296:u008,0.8846272861787638,0.8141407578679903,0.8039371258848158,0.9976914330178102,0.9983281722468004,1.0,equilibrium_files,deliberately_off_manifold_diagnostic,False,0.22584521311485836,0.6302753582340959,False,True
2864601_0.409,2864601_0.296,2864601_0.409:u014,2864601_0.296:u024,0.8948395090884862,0.882294302892486,0.8096717442815577,0.9378359796519783,0.998412495029387,1.0,equilibrium_files,deliberately_off_manifold_diagnostic,True,0.8475963146397792,0.7765341966606699,True,True
2864601_0.409,2864601_0.296,2864601_0.409:u016,2864601_0.296:u021,0.9308863089984177,0.9197474607107878,0.8691022073728896,0.9720512384602813,0.9991058044062912,1.0,equilibrium_files,deliberately_off_manifold_diagnostic,False,0.12926572929690697,0.7878920087559912,False,True
2864601_0.409,2864601_0.296,2864601_0.409:u017,2864601_0.296:u014,0.9367901988021224,0.9296197206018086,0.8993596696789357,0.9895698527199173,0.9509120558695786,1.0,equilibrium_files,deliberately_off_manifold_diagnostic,True,0.5376490755126928,0.5143015915532559,True,True
2864601_0.409,2864601_0.296,2864601_0.409:u018,2864601_0.296:u001,0.7832735624243011,0.6857312430546538,0.6653256053738524,0.8932272284127436,0.9965553110660026,1.0,equilibrium_files,deliberately_off_manifold_diagnostic,False,0.19625093565100488,0.25722516776085264,False,True
2864601_0.409,2864601_0.296,2864601_0.409:u019,2864601_0.296:u007,0.8005346428666559,0.6946777657905159,0.6751582813409533,0.9587125395736023,0.9892066040624738,0.92,equilibrium_files,deliberately_off_manifold_diagnostic,False,-0.12440852126163955,-0.09721700982036745,False,True
2864601_0.409,2864601_0.296,2864601_0.409:u021,2864601_0.296:u017,0.9234969918630123,0.8997697009516551,0.8522485761685431,0.9912229612444606,0.9982345823903032,1.0,equilibrium_files,deliberately_off_manifold_diagnostic,True,0.6625127757012249,0.8572660460496294,True,True
2864601_0.409,2864601_0.296,2864601_0.409:u023,2864601_0.296:u002,0.806365427411187,0.728654272350346,0.7015258576657408,0.91181129502315,0.9747456470086546,0.99,equilibrium_files,deliberately_off_manifold_diagnostic,False,0.2555198232970509,0.0725601973202808,False,True
2864601_0.409,2864601_0.296,2864601_0.409:u024,2864601_0.296:u005,0.7281487741178719,0.6052322763794248,0.6473750271680192,0.785143886378658,0.976689028889536,0.91,equilibrium_files,deliberately_off_manifold_diagnostic,False,-0.13813156437334867,0.17126354759455956,False,True
2864601_0.409,2864601_0.296,2864601_0.409:u025,2864601_0.296:u003,0.7368697154480535,0.6587817449828556,0.5331080666613252,0.9313362868924668,0.9651775728815292,1.0,equilibrium_files,deliberately_off_manifold_diagnostic,False,-0.14286272586552,0.09752584459903864,False,True
2864601_0.409,2864601_0.296,2864601_0.409:u026,2864601_0.296:u011,0.8602558244162379,0.7814561238030868,0.779080888681555,0.9691785259900149,0.9912950773642123,1.0,equilibrium_files,deliberately_off_manifold_diagnostic,False,0.637139530997247,0.19675711773484078,False,True
2864601_0.409,2864601_0.296,2864601_0.409:u027,2864601_0.296:u016,0.8769319531608909,0.835255405180121,0.7769566402967654,0.971802148512111,0.9945395490770145,1.0,equilibrium_files,deliberately_off_manifold_diagnostic,False,0.20386509493869487,0.41728628172177873,False,True
2864601_0.409,2864601_0.296,2864601_0.409:u028,2864601_0.296:u012,0.753617464696602,0.68780072887331,0.6488030891812515,0.7882337876329966,0.9749478087681706,0.87,equilibrium_files,deliberately_off_manifold_diagnostic,False,0.691074637422206,0.32955356354666987,False,True
2864601_0.409,2864601_0.296,2864601_0.409:u029,2864601_0.296:u000,0.7886208832168895,0.7057631364704272,0.6259730215929133,0.9687537293057366,0.9767464496837004,1.0,equilibrium_files,deliberately_off_manifold_diagnostic,False,-0.14074204634077145,0.25793170112889474,False,True
2864601_0.409,2864601_0.270,2864601_0.409:u002,2864601_0.270:u026,0.8901029782174641,0.843682563614197,0.81335262860054,0.9977190080103935,0.9672430947548215,1.0,equilibrium_files,deliberately_off_manifold_diagnostic,False,0.05659237646868364,0.6159635369622726,False,True
2864601_0.409,2864601_0.270,2864601_0.409:u004,2864601_0.270:u014,0.8374160068547788,0.7708366854968429,0.7216261193749591,0.9660834441174937,0.982302382848697,1.0,equilibrium_files,deliberately_off_manifold_diagnostic,False,0.4720911641821311,0.3465620009422494,False,True
2864601_0.409,2864601_0.270,2864601_0.409:u005,2864601_0.270:u002,0.9417946549718291,0.929121263128128,0.8921481726953666,0.9794521320822024,0.9976169890417016,1.0,equilibrium_files,deliberately_off_manifold_diagnostic,True,0.7148765568551889,0.582043467035495,True,True
2864601_0.409,2864601_0.270,2864601_0.409:u007,2864601_0.270:u008,0.8818909528547793,0.847297274060092,0.7766364268875868,0.9809586374389864,0.9925955754133917,0.91,equilibrium_files,deliberately_off_manifold_diagnostic,False,0.2718038667998034,0.5037809827599706,False,True
2864601_0.409,2864601_0.270,2864601_0.409:u008,2864601_0.270:u017,0.7726578908445306,0.6742212335865019,0.6511901636567577,0.8790876132060619,0.9960847451517018,0.51,equilibrium_files,deliberately_off_manifold_diagnostic,False,0.006277569535820528,0.27999263958906323,False,False
2864601_0.409,2864601_0.270,2864601_0.409:u010,2864601_0.270:u007,0.9211176690499088,0.9010697776214959,0.8796604710215753,0.9585596690290464,0.9759333032558911,1.0,equilibrium_files,deliberately_off_manifold_diagnostic,True,0.8483778834973452,0.7451153807546022,True,True
2864601_0.409,2864601_0.270,2864601_0.409:u011,2864601_0.270:u010,0.7020988178045382,0.5705216034192531,0.6047698785557698,0.7566851161682351,0.9908717498919217,1.0,equilibrium_files,deliberately_off_manifold_diagnostic,False,0.0315612777594186,0.3513844181654655,False,True
2864601_0.409,2864601_0.270,2864601_0.409:u012,2864601_0.270:u006,0.7062069655848141,0.5900124973427306,0.606006267271786,0.9853714187562755,0.7516352622460204,0.89,equilibrium_files,deliberately_off_manifold_diagnostic,False,0.05112127137720868,0.12563875112475892,False,True
2864601_0.409,2864601_0.270,2864601_0.409:u014,2864601_0.270:u015,0.9281999275482374,0.9134452518330409,0.8650740542356876,0.9840018652232156,0.9892188134148786,1.0,equilibrium_files,deliberately_off_manifold_diagnostic,False,0.32713664471649523,0.5962521720914756,False,True
2864601_0.409,2864601_0.270,2864601_0.409:u015,2864601_0.270:u000,0.8185997769909635,0.7114404925033798,0.6926769087558192,0.9881360718084506,0.9986867112575686,0.99,equilibrium_files,deliberately_off_manifold_diagnostic,False,0.0059059466823548745,0.6112485277377352,False,True
2864601_0.409,2864601_0.270,2864601_0.409:u016,2864601_0.270:u021,0.843173636648773,0.7877551536468393,0.7061909033758665,0.976596643547843,0.9983524541619633,0.93,equilibrium_files,deliberately_off_manifold_diagnostic,False,-0.07363098825274988,0.6847479679974098,False,True
2864601_0.409,2864601_0.270,2864601_0.409:u017,2864601_0.270:u011,0.9665641470356042,0.9580201959605052,0.9406201032853404,0.9933855517767582,0.9914747345324946,1.0,equilibrium_files,deliberately_off_manifold_diagnostic,True,0.8893173660480631,0.8217205828542082,True,True
2864601_0.409,2864601_0.270,2864601_0.409:u018,2864601_0.270:u001,0.7310997460765878,0.6057453737428984,0.5887034996121872,0.8825236572271896,0.9813017631231212,0.99,equilibrium_files,deliberately_off_manifold_diagnostic,False,0.450437263453614,0.31970032030446477,False,True
2864601_0.409,2864601_0.270,2864601_0.409:u019,2864601_0.270:u022,0.8085560633194123,0.7192372142670305,0.7068669249574112,0.9204003537208879,0.9832237540395109,1.0,equilibrium_files,deliberately_off_manifold_diagnostic,False,-0.20753073100496514,-0.19485268122361427,False,True
2864601_0.409,2864601_0.270,2864601_0.409:u021,2864601_0.270:u012,0.9248152701326009,0.9014501355450827,0.8684375160092076,0.9704363197134118,0.9988085536181576,1.0,equilibrium_files,deliberately_off_manifold_diagnostic,True,0.5283123666117888,0.8093236337249757,True,True
2864601_0.409,2864601_0.270,2864601_0.409:u022,2864601_0.270:u004,0.6568558914716716,0.4675516250558443,0.47744602918876033,0.8722680978903756,0.9945148781010751,0.62,equilibrium_files,deliberately_off_manifold_diagnostic,False,0.46866043196267265,0.37880539121416446,False,False
2864601_0.409,2864601_0.270,2864601_0.409:u023,2864601_0.270:u019,0.809287100735364,0.7184211513046317,0.6799183056025594,0.9794550918366581,0.9694712264793751,1.0,equilibrium_files,deliberately_off_manifold_diagnostic,False,-0.14718560623068028,0.06570438372644333,False,True
2864601_0.409,2864601_0.270,2864601_0.409:u024,2864601_0.270:u013,0.7457576512418018,0.6157688612672857,0.6192493693009589,0.9593350697702238,0.9169258405864189,1.0,equilibrium_files,deliberately_off_manifold_diagnostic,False,0.5431104681951383,0.17237558555262328,False,True
2864601_0.409,2864601_0.270,2864601_0.409:u026,2864601_0.270:u003,0.828277811127025,0.7468044205908458,0.7341333852482197,0.9402339713403036,0.9797483755362235,1.0,equilibrium_files,deliberately_off_manifold_diagnostic,False,-0.055204349264125374,0.12096942460504954,False,True
2864601_0.409,2864601_0.270,2864601_0.409:u027,2864601_0.270:u018,0.9414029324103308,0.9306376993314628,0.8915640500103407,0.98125946410672,0.9924525739322285,0.93,equilibrium_files,deliberately_off_manifold_diagnostic,False,0.3971783330187372,0.8328004290256809,False,True
2864601_0.409,2864601_0.270,2864601_0.409:u028,2864601_0.270:u025,0.8354347316994447,0.7683094080650746,0.7383617429298673,0.9374884830708812,0.9796784489339293,0.51,equilibrium_files,deliberately_off_manifold_diagnostic,False,0.5632236304873123,0.22006284528875375,False,False
2864601_0.409,2864601_0.270,2864601_0.409:u029,2864601_0.270:u009,0.8861280503634715,0.8465625132293069,0.8053601201979536,0.985110422579071,0.9676458790973964,1.0,equilibrium_files,deliberately_off_manifold_diagnostic,False,-0.07630717701337879,0.33786171778364305,False,True
2864601_0.409,2864601_0.270,2864601_0.409:u030,2864601_0.270:u016,0.7658408952779036,0.6622309640531757,0.6036983447414971,0.9321671269186382,0.9981433862788702,0.88,equilibrium_files,deliberately_off_manifold_diagnostic,False,0.12140453721988367,0.317165673396438,False,True
2864601_0.409,2864601_0.352,2864601_0.409:u000,2864601_0.352:u006,0.727700958191934,0.5669845697973364,0.5618126054740716,0.9794994186372109,0.9658096094153474,1.0,equilibrium_files,deliberately_off_manifold_diagnostic,False,-0.7331387773789396,-0.04590245701056188,False,True
2864601_0.409,2864601_0.352,2864601_0.409:u002,2864601_0.352:u009,0.895617810278771,0.8397273499402166,0.8160366369150008,0.9982654165044982,0.9961776546065312,1.0,equilibrium_files,deliberately_off_manifold_diagnostic,False,0.2598889137055654,0.6625801808976824,False,True
2864601_0.409,2864601_0.352,2864601_0.409:u003,2864601_0.352:u003,0.7440013802977655,0.6189739036162236,0.6454249392574951,0.8477077388381989,0.9757008983400504,1.0,equilibrium_files,deliberately_off_manifold_diagnostic,False,0.2973637372165375,0.32246509397529877,False,True
2864601_0.409,2864601_0.352,2864601_0.409:u005,2864601_0.352:u016,0.9160767951188108,0.9002046837214038,0.8466867838507289,0.9789882546259594,0.9810585196098959,0.84,equilibrium_files,deliberately_off_manifold_diagnostic,False,0.34869390065817346,0.5323683746578314,False,True
2864601_0.409,2864601_0.352,2864601_0.409:u015,2864601_0.352:u005,0.9052435447354314,0.8495019599820185,0.836089450792384,0.9988787368701737,0.9989518706453805,1.0,equilibrium_files,deliberately_off_manifold_diagnostic,False,0.20919848607566002,0.6730427878603747,False,True
2864601_0.409,2864601_0.352,2864601_0.409:u016,2864601_0.352:u011,0.7712418836728729,0.7034225301022196,0.6011064874953759,0.9108212512607077,0.9885946407072637,0.98,equilibrium_files,deliberately_off_manifold_diagnostic,False,0.050787510715502734,0.3116905566809333,False,True
2864601_0.409,2864601_0.352,2864601_0.409:u017,2864601_0.352:u019,0.9720976817229587,0.964737865437899,0.9501140776285226,0.9989008980039958,0.9893095960111652,1.0,equilibrium_files,deliberately_off_manifold_diagnostic,True,0.740461844020086,0.7136865420466932,True,True
2864601_0.409,2864601_0.352,2864601_0.409:u019,2864601_0.352:u010,0.800891611541816,0.6947880150791325,0.6735319986724926,0.9623015510503035,0.989676486031339,0.78,equilibrium_files,deliberately_off_manifold_diagnostic,False,-0.16043412409489516,-0.18259729219433032,False,True
2864601_0.409,2864601_0.352,2864601_0.409:u021,2864601_0.352:u007,0.9663077066429355,0.9609828494921148,0.939121540061436,0.9856775031953309,0.9957044456890205,1.0,equilibrium_files,deliberately_off_manifold_diagnostic,True,0.6808877989486625,0.7977311103506333,True,True
2864601_0.409,2864601_0.352,2864601_0.409:u025,2864601_0.352:u017,0.707717119709042,0.6235970741886175,0.5310248225832184,0.8234740557457231,0.9831786976417332,0.99,equilibrium_files,deliberately_off_manifold_diagnostic,False,0.2556978281663932,0.3271287192813662,False,True
2864601_0.409,2864601_0.352,2864601_0.409:u026,2864601_0.352:u008,0.852524923217153,0.7770859088354111,0.7696542822028224,0.9530006128434629,0.9895137166849522,1.0,equilibrium_files,deliberately_off_manifold_diagnostic,False,0.43320226789657174,0.2481661048734918,False,True
2864601_0.409,2864601_0.352,2864601_0.409:u028,2864601_0.352:u018,0.6862358040887373,0.558189906836844,0.5575434490601862,0.7787056042683557,0.9788733823297858,0.88,equilibrium_files,deliberately_off_manifold_diagnostic,False,0.6841266983500772,0.28016298305194204,False,True
2864601_0.409,2864601_0.352,2864601_0.409:u029,2864601_0.352:u000,0.7154702483766169,0.606911261295028,0.5583276252218146,0.8493173364454257,0.9801755756623947,0.63,equilibrium_files,deliberately_off_manifold_diagnostic,False,-0.06912299916582097,-0.0526100140266965,False,False
2864601_0.409,2864601_0.352,2864601_0.409:u030,2864601_0.352:u012,0.7329006268727855,0.6042223966631564,0.5570844638887951,0.9649613322067464,0.9575815113292538,0.98,equilibrium_files,deliberately_off_manifold_diagnostic,False,0.13633220270434218,0.17766739637956805,False,True
2864601_0.386,2864601_0.355,2864601_0.386:u001,2864601_0.355:u027,0.9573479623472888,0.9434613793771547,0.9200586914901915,0.9970642075302877,0.9943954979051371,1.0,equilibrium_files,deliberately_off_manifold_diagnostic,True,0.7401665827527986,0.8452414337932426,True,True
2864601_0.386,2864601_0.355,2864601_0.386:u004,2864601_0.355:u021,0.9460874897231917,0.9218180839303328,0.9111904493433833,0.9966670931174612,0.9842575555879232,1.0,equilibrium_files,deliberately_off_manifold_diagnostic,True,0.6902984383021386,0.6944080921981999,True,True
2864601_0.386,2864601_0.355,2864601_0.386:u005,2864601_0.355:u030,0.9877960760377249,0.9863051036368929,0.9810873688333118,0.9985238273194577,0.98936784416386,1.0,equilibrium_files,deliberately_off_manifold_diagnostic,True,0.7806091361283288,0.8345586377075268,True,True
2864601_0.386,2864601_0.355,2864601_0.386:u006,2864601_0.355:u003,0.8916325197342879,0.859213223541293,0.8015470918876991,0.9685058190300285,0.9985163064979232,1.0,equilibrium_files,deliberately_off_manifold_diagnostic,True,0.7040045313123914,0.5913121008907318,True,True
2864601_0.386,2864601_0.355,2864601_0.386:u007,2864601_0.355:u004,0.740851149763429,0.6274482883929862,0.5847673377170352,0.8936722812915129,0.9922600283606003,1.0,equilibrium_files,deliberately_off_manifold_diagnostic,False,0.48667724105518984,0.3259437669062395,False,True
2864601_0.386,2864601_0.355,2864601_0.386:u008,2864601_0.355:u024,0.8699185987934558,0.7964910554246539,0.7800036734554704,0.9925660088906691,0.9922848917564234,1.0,equilibrium_files,deliberately_off_manifold_diagnostic,False,0.08071937120264833,0.482601607159269,False,True
2864601_0.386,2864601_0.355,2864601_0.386:u009,2864601_0.355:u022,0.6623032812447516,0.5617823136295943,0.5383109956720908,0.6828105178537387,0.9785659244174914,0.32,equilibrium_files,deliberately_off_manifold_diagnostic,False,0.40811976370614916,0.25462533379592833,False,False
2864601_0.386,2864601_0.355,2864601_0.386:u010,2864601_0.355:u015,0.7574229576618211,0.6795755887610384,0.6227055949041594,0.8906471049167476,0.9430459078945612,1.0,equilibrium_files,deliberately_off_manifold_diagnostic,False,-0.0077429904063767655,0.2554995436636528,False,True
2864601_0.386,2864601_0.355,2864601_0.386:u011,2864601_0.355:u023,0.7880500352775924,0.6655396388280997,0.6294169012795304,0.9996984835234263,0.9981168827030907,0.77,equilibrium_files,deliberately_off_manifold_diagnostic,False,0.37461755495189486,0.5643646782686457,False,True
2864601_0.386,2864601_0.355,2864601_0.386:u013,2864601_0.355:u001,0.6838072566708788,0.533485870315613,0.5332620451065475,0.8402921749879761,0.9786222352331769,0.97,equilibrium_files,deliberately_off_manifold_diagnostic,False,0.33589598545037164,0.26986990619779877,False,True
2864601_0.386,2864601_0.355,2864601_0.386:u015,2864601_0.355:u016,0.7022916709857435,0.5687896956414499,0.5798838639545373,0.8304152593890408,0.9580327561456963,0.63,equilibrium_files,deliberately_off_manifold_diagnostic,False,0.4484691532195757,0.22696257729040475,False,False
2864601_0.386,2864601_0.355,2864601_0.386:u018,2864601_0.355:u026,0.7260422368188235,0.5802906425869254,0.5172895904026267,0.9871601406540107,0.9966806939557789,0.75,equilibrium_files,deliberately_off_manifold_diagnostic,False,0.4036201102998628,0.4412505942232935,False,True
2864601_0.386,2864601_0.355,2864601_0.386:u021,2864601_0.355:u005,0.7436928675413946,0.623532966717245,0.6291246899929581,0.8773629694884874,0.9621148831531809,0.9,equilibrium_files,deliberately_off_manifold_diagnostic,False,0.01847267498565472,0.2697597125824373,False,True
2864601_0.386,2864601_0.355,2864601_0.386:u024,2864601_0.355:u014,0.9118748633849739,0.8946402252828858,0.8396598588560524,0.9660242202123196,0.9918999705041426,1.0,equilibrium_files,deliberately_off_manifold_diagnostic,True,0.5439654334335713,0.6365902698000113,True,True
2864601_0.386,2864601_0.355,2864601_0.386:u026,2864601_0.355:u002,0.6619252392819022,0.46808726445161586,0.4297551750772295,0.9678649058427744,0.9949976312734684,0.73,equilibrium_files,deliberately_off_manifold_diagnostic,False,0.4279837009660282,0.32824102694567536,False,False
2864601_0.386,2864601_0.355,2864601_0.386:u027,2864601_0.355:u007,0.9660032238171872,0.9601326374748582,0.9397488445752281,0.9815929343649458,0.9986009616458605,1.0,equilibrium_files,deliberately_off_manifold_diagnostic,True,0.7916277017804768,0.8477472422169253,True,True
2864601_0.386,2864601_0.355,2864601_0.386:u028,2864601_0.355:u025,0.733091822893694,0.6127568476537373,0.6138948322372849,0.8700382425870836,0.9554433520448536,1.0,equilibrium_files,deliberately_off_manifold_diagnostic,False,0.014468416908155108,0.42450382169569584,False,True
2864601_0.386,2864601_0.449,2864601_0.386:u001,2864601_0.449:u012,0.965526223345406,0.954516273184725,0.9357356477576598,0.9969700644655962,0.9952831708478569,1.0,equilibrium_files,deliberately_off_manifold_diagnostic,True,0.6654804075640415,0.8316962822558887,True,True
2864601_0.386,2864601_0.449,2864601_0.386:u002,2864601_0.449:u008,0.6999605986928102,0.5993662643025219,0.5141914705667189,0.8679658967660433,0.9615004943941466,0.54,equilibrium_files,deliberately_off_manifold_diagnostic,False,0.2185669522482857,0.12864236332968748,False,False
2864601_0.386,2864601_0.449,2864601_0.386:u005,2864601_0.449:u013,0.979337969230935,0.9777211425465165,0.9684320526028027,0.9851686171053361,0.99229143632536,0.96,equilibrium_files,deliberately_off_manifold_diagnostic,True,0.8622875671883298,0.8588746418353694,True,True
2864601_0.386,2864601_0.449,2864601_0.386:u006,2864601_0.449:u011,0.9229315624939433,0.8980554526687554,0.8527394712594674,0.9899995341063026,0.9984658924710792,1.0,equilibrium_files,deliberately_off_manifold_diagnostic,True,0.7130170226018142,0.7459544186024076,True,True
2864601_0.386,2864601_0.449,2864601_0.386:u007,2864601_0.449:u003,0.8946146611769454,0.8500139216489498,0.8161851772323756,0.9750086897652118,0.9987659677975274,1.0,equilibrium_files,deliberately_off_manifold_diagnostic,False,0.03052849895302671,0.6081383186464362,False,True
2864601_0.386,2864601_0.449,2864601_0.386:u008,2864601_0.449:u000,0.7820438396354596,0.6858279768283835,0.6667524532686975,0.9914969426390811,0.8898516103925955,0.85,equilibrium_files,deliberately_off_manifold_diagnostic,False,-0.2122504406006171,0.32700597253180114,False,True
2864601_0.386,2864601_0.449,2864601_0.386:u009,2864601_0.449:u020,0.7704204729513677,0.6900279657469183,0.7588300469389063,0.6832648134898379,0.9955505322382643,1.0,equilibrium_files,deliberately_off_manifold_diagnostic,True,0.6840712263527586,0.5851124317569321,True,True
2864601_0.386,2864601_0.449,2864601_0.386:u010,2864601_0.449:u010,0.9073381384659795,0.882008841505809,0.8378936364005709,0.9619453495610175,0.9948916259093106,0.98,equilibrium_files,deliberately_off_manifold_diagnostic,False,0.21072522179485476,0.529147809259067,False,True
2864601_0.386,2864601_0.449,2864601_0.386:u011,2864601_0.449:u005,0.6873878146185952,0.5090522775233661,0.4616791723354155,0.9902910953246861,0.9905508029801179,0.72,equilibrium_files,deliberately_off_manifold_diagnostic,False,0.2588393941185098,0.4736838209622864,False,False
2864601_0.386,2864601_0.449,2864601_0.386:u018,2864601_0.449:u004,0.8546300591162107,0.7892135217686722,0.7691012316062402,0.9433252602321966,0.9923529052864881,1.0,equilibrium_files,deliberately_off_manifold_diagnostic,False,0.19709056906611697,0.5755292581800591,False,True
2864601_0.386,2864601_0.449,2864601_0.386:u021,2864601_0.449:u002,0.7562160838461025,0.6875355172833275,0.6940677754480772,0.7268501104241544,0.9818253697092508,1.0,equilibrium_files,deliberately_off_manifold_diagnostic,False,-0.077094511642773,0.2830110138204183,False,True
2864601_0.386,2864601_0.449,2864601_0.386:u024,2864601_0.449:u001,0.8960429857325393,0.872532718663059,0.7984476072504332,0.983967159520901,0.989777280271557,0.86,equilibrium_files,deliberately_off_manifold_diagnostic,True,0.609953060019377,0.6562814628328982,True,True
2864601_0.386,2864601_0.449,2864601_0.386:u027,2864601_0.449:u016,0.897670738878204,0.8777633730271064,0.8224031371061346,0.9659487631957685,0.9721551659953902,0.82,equilibrium_files,deliberately_off_manifold_diagnostic,False,0.08607013150486957,0.41674502323783097,False,True
2864601_0.386,2864601_0.340,2864601_0.386:u001,2864601_0.340:u022,0.9345473643143194,0.9122559071720292,0.8774942625986888,0.9915417305308734,0.9965698363846468,1.0,equilibrium_files,deliberately_off_manifold_diagnostic,True,0.7443006985823546,0.8166909475431424,True,True
2864601_0.386,2864601_0.340,2864601_0.386:u003,2864601_0.340:u020,0.6641174172384027,0.483434997695747,0.4360330619702793,0.9681783566654342,0.97320664002754,0.72,equilibrium_files,deliberately_off_manifold_diagnostic,False,-0.2047603165040271,0.37005072949025114,False,False
2864601_0.386,2864601_0.340,2864601_0.386:u005,2864601_0.340:u012,0.9900176189563171,0.9891275436098568,0.9845366901366238,0.9988882079097211,0.9907035362521439,1.0,equilibrium_files,deliberately_off_manifold_diagnostic,True,0.7339958789081195,0.8967346094784386,True,True
2864601_0.386,2864601_0.340,2864601_0.386:u006,2864601_0.340:u003,0.8378986971731484,0.7988769848345598,0.718641814762112,0.9157868437041291,0.9974284427666054,1.0,equilibrium_files,deliberately_off_manifold_diagnostic,True,0.6600166075037035,0.5532634711050061,True,True
2864601_0.386,2864601_0.340,2864601_0.386:u007,2864601_0.340:u005,0.6636524955288412,0.5381903564872565,0.5144245708154703,0.7573793738310926,0.9819607128590231,0.34,equilibrium_files,deliberately_off_manifold_diagnostic,False,-0.22088075860496958,0.3667835438857093,False,False
2864601_0.386,2864601_0.340,2864601_0.386:u008,2864601_0.340:u004,0.8417274638360315,0.7537401696685029,0.7327610918892152,0.9991275424669611,0.9797578843766191,1.0,equilibrium_files,deliberately_off_manifold_diagnostic,False,0.14114588241831788,0.7209962755471191,False,True
2864601_0.386,2864601_0.340,2864601_0.386:u013,2864601_0.340:u024,0.6944544706450224,0.6422229111538401,0.6548061165438941,0.6028770976171559,0.9238517140613552,0.99,equilibrium_files,deliberately_off_manifold_diagnostic,False,-0.15128129075220745,0.3390359701318323,False,True
2864601_0.386,2864601_0.340,2864601_0.386:u018,2864601_0.340:u013,0.7505494476879007,0.6279981623579002,0.6023575121718794,0.9114257482643014,0.9957879783805329,0.62,equilibrium_files,deliberately_off_manifold_diagnostic,False,-0.16797023707991135,0.552340622347545,False,False
2864601_0.386,2864601_0.340,2864601_0.386:u020,2864601_0.340:u009,0.6827870699932617,0.5366750346359576,0.5439720580986653,0.812006255641637,0.9809584552227368,0.88,equilibrium_files,deliberately_off_manifold_diagnostic,False,0.5834349558683941,0.24107408522410625,False,True
2864601_0.386,2864601_0.340,2864601_0.386:u021,2864601_0.340:u023,0.8901199251175607,0.8422890384558094,0.8454457516196415,0.955341720812554,0.9636557196620729,1.0,equilibrium_files,deliberately_off_manifold_diagnostic,False,-0.10486931623969026,0.43378802802995214,False,True
2864601_0.386,2864601_0.340,2864601_0.386:u024,2864601_0.340:u015,0.6917526242287589,0.6206220171443453,0.5351393806682447,0.7335858998129869,0.991535124611923,0.98,equilibrium_files,deliberately_off_manifold_diagnostic,False,0.30892762125487583,0.3553333196623153,False,True
2864601_0.386,2864601_0.340,2864601_0.386:u027,2864601_0.340:u000,0.8110315667871706,0.7754072836756829,0.6980874814335215,0.9363794943549127,0.9085361919171336,1.0,equilibrium_files,deliberately_off_manifold_diagnostic,False,0.09580928580476075,0.2415826144398612,False,True
2864601_0.386,2864601_0.340,2864601_0.386:u029,2864601_0.340:u002,0.7223349628906119,0.5852518504001711,0.5797136737627809,0.908339115170253,0.9558874130383787,1.0,equilibrium_files,deliberately_off_manifold_diagnostic,False,-0.0481691713165044,0.3219053715126206,False,True
2864601_0.386,2864601_0.340,2864601_0.386:u030,2864601_0.340:u006,0.7057696311676119,0.5381276095248746,0.530592710506891,0.945372722675785,0.980394953114626,0.8,equilibrium_files,deliberately_off_manifold_diagnostic,False,-0.08623579004268736,0.4805734536189047,False,True
2864601_0.386,2864601_0.296,2864601_0.386:u001,2864601_0.296:u017,0.9005931844812863,0.8723873242745287,0.8145388771765466,0.9897588151555985,0.9828178050742205,1.0,equilibrium_files,deliberately_off_manifold_diagnostic,False,0.4983419956790791,0.5576023809028339,False,True
2864601_0.386,2864601_0.296,2864601_0.386:u003,2864601_0.296:u014,0.6817142682161116,0.5777238188747814,0.5271549277100994,0.8256859235763535,0.925567297626883,0.74,equilibrium_files,deliberately_off_manifold_diagnostic,False,0.35094732676556967,0.33992328587053067,False,True
2864601_0.386,2864601_0.296,2864601_0.386:u004,2864601_0.296:u006,0.9696572760020512,0.9535362337650543,0.9474445928012515,0.9994747978478462,0.9973403423129512,1.0,equilibrium_files,deliberately_off_manifold_diagnostic,True,0.9305866456601377,0.8467716901858844,True,True
2864601_0.386,2864601_0.296,2864601_0.386:u005,2864601_0.296:u015,0.9366579583976598,0.9263990667504785,0.8997040410681654,0.9869954172538669,0.9571397130064662,0.8,equilibrium_files,deliberately_off_manifold_diagnostic,True,0.6292016310438159,0.7547504546351472,True,True
2864601_0.386,2864601_0.296,2864601_0.386:u006,2864601_0.296:u013,0.9015247146803149,0.8814813276660033,0.8251018640235424,0.9504782736212408,0.9972705122460153,0.94,equilibrium_files,deliberately_off_manifold_diagnostic,True,0.563040971323386,0.6470758068128171,True,True
2864601_0.386,2864601_0.296,2864601_0.386:u007,2864601_0.296:u021,0.8803058480343282,0.8464701733061486,0.7811951620169355,0.9859943524739321,0.9740368847130824,1.0,equilibrium_files,deliberately_off_manifold_diagnostic,False,0.14338252722154232,0.5249139560944766,False,True
2864601_0.386,2864601_0.296,2864601_0.386:u008,2864601_0.296:u004,0.8707031408030642,0.8019641820476981,0.7865247032096756,0.9796484203392087,0.9911339557900515,1.0,equilibrium_files,deliberately_off_manifold_diagnostic,False,0.15221999419808893,0.6779374822711114,False,True
2864601_0.386,2864601_0.296,2864601_0.386:u009,2864601_0.296:u012,0.8620753502900401,0.8163708286170022,0.7789709990856553,0.9295940217190891,0.9877699881771255,1.0,equilibrium_files,deliberately_off_manifold_diagnostic,True,0.6393052444469794,0.579679623110136,True,True
2864601_0.386,2864601_0.296,2864601_0.386:u010,2864601_0.296:u016,0.8155071234341208,0.7492652501436476,0.6676283012785676,0.9761446825821554,0.9760506074551255,1.0,equilibrium_files,deliberately_off_manifold_diagnostic,False,0.054200394364982404,0.287188839127382,False,True
2864601_0.386,2864601_0.296,2864601_0.386:u018,2864601_0.296:u000,0.714676728154368,0.6717810018117403,0.6078961848972508,0.669862133713179,0.9840057269951747,0.84,equilibrium_files,deliberately_off_manifold_diagnostic,False,0.11338919966802385,0.5201559933720032,False,True
2864601_0.386,2864601_0.296,2864601_0.386:u023,2864601_0.296:u019,0.7260647236342056,0.5427956739564566,0.5499964770006713,0.9946231728215182,0.9965122189138174,0.8,equilibrium_files,deliberately_off_manifold_diagnostic,False,0.03781093244984457,-0.1368738040871502,False,True
2864601_0.386,2864601_0.296,2864601_0.386:u024,2864601_0.296:u024,0.8619011009180605,0.8415992473331714,0.7513801911993219,0.9228295560200735,0.9972067907714895,1.0,equilibrium_files,deliberately_off_manifold_diagnostic,True,0.5924107825955859,0.6186716120478134,True,True
2864601_0.386,2864601_0.296,2864601_0.386:u027,2864601_0.296:u018,0.927593158754622,0.9153771558688238,0.8731406265909798,0.9700782872667766,0.9851108328166279,0.94,equilibrium_files,deliberately_off_manifold_diagnostic,True,0.5974094591367909,0.6773615037223228,True,True
2864601_0.386,2864601_0.296,2864601_0.386:u030,2864601_0.296:u008,0.8693083419805449,0.7905423841152138,0.7797700883547385,0.9940725599232758,0.9970004412745198,1.0,equilibrium_files,deliberately_off_manifold_diagnostic,False,0.27192765420250703,-0.30685396981438834,False,True
2864601_0.386,2864601_0.270,2864601_0.386:u001,2864601_0.270:u018,0.9106336933135526,0.8854486674002179,0.8305010424254743,0.9861193428888059,0.9931245589404185,1.0,equilibrium_files,deliberately_off_manifold_diagnostic,True,0.5203167178381238,0.8130121794092579,True,True
2864601_0.386,2864601_0.270,2864601_0.386:u002,2864601_0.270:u025,0.7805568443760094,0.6841417129904795,0.6538055763011047,0.9115798817377065,0.9842834062049646,1.0,equilibrium_files,deliberately_off_manifold_diagnostic,False,0.3817614810045797,0.42760128838550016,False,True
2864601_0.386,2864601_0.270,2864601_0.386:u003,2864601_0.270:u008,0.7193391916831646,0.6245081181138908,0.5840023827896148,0.8302426080477917,0.9536875990127728,0.98,equilibrium_files,deliberately_off_manifold_diagnostic,False,0.19501126960545154,0.35429023540838483,False,True
2864601_0.386,2864601_0.270,2864601_0.386:u004,2864601_0.270:u007,0.8055650845535682,0.7349529420407042,0.6943131373227821,0.9003100714447534,0.9836162322778585,0.98,equilibrium_files,deliberately_off_manifold_diagnostic,False,0.6099822320145165,0.47365562468626804,False,True
2864601_0.386,2864601_0.270,2864601_0.386:u005,2864601_0.270:u011,0.9688531595357732,0.9624806531136679,0.9463265935062976,0.9907379152268835,0.9903170125220343,0.98,equilibrium_files,deliberately_off_manifold_diagnostic,True,0.7436065823507201,0.8335029941121274,True,True
2864601_0.386,2864601_0.270,2864601_0.386:u006,2864601_0.270:u002,0.8922489773500908,0.8592896981956903,0.7926211806157245,0.9896447436207139,0.993733824912618,0.96,equilibrium_files,deliberately_off_manifold_diagnostic,True,0.6893318802932006,0.5813911156967021,True,True
2864601_0.386,2864601_0.270,2864601_0.386:u007,2864601_0.270:u012,0.8957178606778944,0.8675703284841484,0.8212086673017959,0.9682955724753154,0.9771252372352404,0.98,equilibrium_files,deliberately_off_manifold_diagnostic,False,-0.31897406058577454,0.31865917542516287,False,True
2864601_0.386,2864601_0.270,2864601_0.386:u008,2864601_0.270:u000,0.8374317869303164,0.741233761728993,0.7256217491882763,0.9925900524095479,0.9942856158661303,0.99,equilibrium_files,deliberately_off_manifold_diagnostic,False,0.21053733857380666,0.617087456220646,False,True
2864601_0.386,2864601_0.270,2864601_0.386:u009,2864601_0.270:u017,0.9008882687049496,0.8467865221089703,0.8390275062849866,0.9838224372300863,0.9918978637037267,1.0,equilibrium_files,deliberately_off_manifold_diagnostic,True,0.74698142089847,0.517017586828417,True,True
2864601_0.386,2864601_0.270,2864601_0.386:u010,2864601_0.270:u021,0.7844168166080149,0.714475190514197,0.6150236627246547,0.9281120832774719,0.9997237199043252,0.98,equilibrium_files,deliberately_off_manifold_diagnostic,False,0.2588605250372321,0.5821565061030365,False,True
2864601_0.386,2864601_0.270,2864601_0.386:u011,2864601_0.270:u005,0.7071729413262042,0.5580101939135362,0.5158463452933645,0.9585687442166816,0.9665111536039881,0.84,equilibrium_files,deliberately_off_manifold_diagnostic,False,-0.06542592472424086,0.4548668811574089,False,True
2864601_0.386,2864601_0.270,2864601_0.386:u012,2864601_0.270:u026,0.665673749928787,0.5183596912261269,0.4461656769533814,0.9273733341453164,0.9542073632293564,0.64,equilibrium_files,deliberately_off_manifold_diagnostic,False,0.3489729396125848,0.6037517077897487,False,False
2864601_0.386,2864601_0.270,2864601_0.386:u013,2864601_0.270:u004,0.659791703446384,0.5271059371864111,0.5349578222051334,0.7542127231086072,0.9516501550359957,0.77,equilibrium_files,deliberately_off_manifold_diagnostic,False,0.5029206956841924,0.3895054002372022,False,True
2864601_0.386,2864601_0.270,2864601_0.386:u018,2864601_0.270:u024,0.7354099343825258,0.6063269143208484,0.5538407883634312,0.9733309344581731,0.9634671834280363,0.96,equilibrium_files,deliberately_off_manifold_diagnostic,False,0.01610440432046029,0.36497868519868293,False,True
2864601_0.386,2864601_0.270,2864601_0.386:u024,2864601_0.270:u015,0.8825298977206266,0.8517030244087855,0.7714853102090765,0.9852839286382602,0.99258305803808,0.97,equilibrium_files,deliberately_off_manifold_diagnostic,False,0.47177943531510014,0.6493051769928218,False,True
2864601_0.386,2864601_0.270,2864601_0.386:u027,2864601_0.270:u016,0.8640549369958316,0.8446643501225192,0.7744653094658261,0.9361604451966841,0.955419750399956,0.91,equilibrium_files,deliberately_off_manifold_diagnostic,False,0.09604409345792585,0.14512089726144287,False,True
2864601_0.386,2864601_0.270,2864601_0.386:u030,2864601_0.270:u006,0.7087573508463172,0.608330684020487,0.6220719593942456,0.9819625516654462,0.7162202374440407,0.84,equilibrium_files,deliberately_off_manifold_diagnostic,False,-0.030070998340528406,0.3386370262231048,False,True
2864601_0.386,2864601_0.352,2864601_0.386:u001,2864601_0.352:u007,0.9333900985984049,0.9108346121635931,0.8750192117354074,0.9912053164014545,0.9969644407420699,1.0,equilibrium_files,deliberately_off_manifold_diagnostic,True,0.6711741193409514,0.8472860635539673,True,True
2864601_0.386,2864601_0.352,2864601_0.386:u005,2864601_0.352:u019,0.9844166340482251,0.9795988226075737,0.9710417260472239,0.9997388301750444,0.9963835170838848,1.0,equilibrium_files,deliberately_off_manifold_diagnostic,True,0.7951670663985267,0.8141401662387195,True,True
2864601_0.386,2864601_0.352,2864601_0.386:u007,2864601_0.352:u010,0.8330757263308538,0.7521918869157633,0.7418034858016173,0.9311164448320771,0.9932691277461212,1.0,equilibrium_files,deliberately_off_manifold_diagnostic,False,0.4382500389698603,0.25277910921841895,False,True
2864601_0.386,2864601_0.352,2864601_0.386:u008,2864601_0.352:u009,0.7320884142247674,0.6372102570639021,0.6016810546438951,0.8170987034544249,0.985006400107717,0.98,equilibrium_files,deliberately_off_manifold_diagnostic,False,0.3444059049900729,0.5049837043087849,False,True
2864601_0.386,2864601_0.352,2864601_0.386:u009,2864601_0.352:u018,0.7897227379828854,0.7134169360933996,0.7619370287866963,0.7480404487599924,0.9875422938342904,1.0,equilibrium_files,deliberately_off_manifold_diagnostic,False,0.7946441045847278,0.4241612180490866,False,True
2864601_0.386,2864601_0.352,2864601_0.386:u010,2864601_0.352:u011,0.8306989336918612,0.774775617537707,0.7124030147040871,0.937750899531347,0.9849758205652681,1.0,equilibrium_files,deliberately_off_manifold_diagnostic,False,-0.051577667351242466,0.3238896948129662,False,True
2864601_0.386,2864601_0.352,2864601_0.386:u011,2864601_0.352:u005,0.7946259380818161,0.675922364589179,0.6408388755621459,0.9983598447497982,0.9996279854322951,0.78,equilibrium_files,deliberately_off_manifold_diagnostic,False,0.4022119579675339,0.6479368242652823,False,True
2864601_0.386,2864601_0.352,2864601_0.386:u021,2864601_0.352:u003,0.7067990293202345,0.572208989273909,0.6140302757166165,0.7760976724871964,0.9785385766281878,0.99,equilibrium_files,deliberately_off_manifold_diagnostic,False,0.41620000658061795,0.2047420877129861,False,True
2864601_0.386,2864601_0.352,2864601_0.386:u024,2864601_0.352:u017,0.6813553914998114,0.5985989821165184,0.49698030561058487,0.7875955952127618,0.9758124306956402,1.0,equilibrium_files,deliberately_off_manifold_diagnostic,False,0.4019442373552398,0.32020176501772946,False,False
2864601_0.386,2864601_0.352,2864601_0.386:u027,2864601_0.352:u016,0.9543020850801791,0.9501166302376329,0.9260777776411366,0.9713178569088079,0.9859009566739333,1.0,equilibrium_files,deliberately_off_manifold_diagnostic,True,0.6562371719656495,0.8268612408227879,True,True
2864601_0.386,2864601_0.352,2864601_0.386:u030,2864601_0.352:u000,0.7358371735920358,0.6294408242800374,0.6058723723064722,0.8715493716207624,0.9546667014596522,0.86,equilibrium_files,deliberately_off_manifold_diagnostic,False,0.1693325768086588,-0.2592169631149368,False,True
2864601_0.355,2864601_0.449,2864601_0.355:u000,2864601_0.449:u016,0.9108657588727858,0.8974821704815744,0.8567482798263882,0.9894673331829513,0.9335157857190334,1.0,equilibrium_files,deliberately_off_manifold_diagnostic,False,0.42428335622618923,0.6212633862141219,False,True
2864601_0.355,2864601_0.449,2864601_0.355:u003,2864601_0.449:u011,0.89171431838664,0.8599999171485183,0.8045437905609871,0.9657189599420037,0.9960370704269382,1.0,equilibrium_files,deliberately_off_manifold_diagnostic,True,0.7923386421873622,0.6735416618586015,True,True
2864601_0.355,2864601_0.449,2864601_0.355:u004,2864601_0.449:u010,0.7938073420186311,0.6992056190403069,0.6583240977163851,0.9735995539347915,0.9591425810233262,0.8,equilibrium_files,deliberately_off_manifold_diagnostic,False,-0.15835678541605425,0.3179125606392202,False,True
2864601_0.355,2864601_0.449,2864601_0.355:u007,2864601_0.449:u001,0.9015671666998728,0.8984355492469837,0.8504099590804347,0.8957085733494788,0.9888589976587574,0.98,equilibrium_files,deliberately_off_manifold_diagnostic,True,0.7142246476025652,0.6358827964967413,True,True
2864601_0.355,2864601_0.449,2864601_0.355:u011,2864601_0.449:u015,0.6508355596904576,0.5340622184853675,0.5352625147122622,0.9511085138278264,0.6990821848280169,0.42,equilibrium_files,deliberately_off_manifold_diagnostic,False,-0.06390435411746945,0.5171276585512127,False,False
2864601_0.355,2864601_0.449,2864601_0.355:u013,2864601_0.449:u012,0.6928426154767016,0.5977660349114877,0.5286043229160075,0.8146494873574747,0.9600080532847902,0.69,equilibrium_files,deliberately_off_manifold_diagnostic,False,0.2826991865886287,0.24515274092209324,False,False
2864601_0.355,2864601_0.449,2864601_0.355:u014,2864601_0.449:u008,0.8077075152559187,0.7581264067034614,0.6308075865037754,0.9702549908858568,0.9848815955828815,1.0,equilibrium_files,deliberately_off_manifold_diagnostic,False,0.43827680299122856,0.5227803734910428,False,True
2864601_0.355,2864601_0.449,2864601_0.355:u018,2864601_0.449:u020,0.8809721463267517,0.8249114374853798,0.8176087373284939,0.9419404014979058,0.9991400679150422,1.0,equilibrium_files,deliberately_off_manifold_diagnostic,True,0.7236220817885511,0.6227210712065205,True,True
2864601_0.355,2864601_0.449,2864601_0.355:u020,2864601_0.449:u021,0.7419602560251761,0.6092684916166362,0.6042956509552715,0.9605800478269017,0.9288750184411172,0.71,equilibrium_files,deliberately_off_manifold_diagnostic,False,0.33050725053992475,0.23639072589806112,False,True
2864601_0.355,2864601_0.449,2864601_0.355:u023,2864601_0.449:u004,0.7028190088558918,0.6094431496962603,0.5721147055052515,0.7517762257625383,0.9899820357146525,0.5,equilibrium_files,deliberately_off_manifold_diagnostic,False,-0.33856634730386903,0.3812037341598405,False,False
2864601_0.355,2864601_0.449,2864601_0.355:u024,2864601_0.449:u000,0.8509918090064208,0.7878659348090425,0.7769498621708224,0.9968750002632741,0.9108603492990325,1.0,equilibrium_files,deliberately_off_manifold_diagnostic,False,-0.23928366380892155,0.40220354790765495,False,True
2864601_0.355,2864601_0.449,2864601_0.355:u026,2864601_0.449:u005,0.7012232191334171,0.5379101548053016,0.49015973853969946,0.9677976529344225,0.9962136027151615,0.54,equilibrium_files,deliberately_off_manifold_diagnostic,False,0.2733298979458136,0.6362613735697163,False,False
2864601_0.355,2864601_0.449,2864601_0.355:u027,2864601_0.449:u009,0.9230586144367722,0.9057243531767947,0.8632594087700345,0.972606509234831,0.9892109200287857,0.69,equilibrium_files,deliberately_off_manifold_diagnostic,False,0.09526007801724777,0.8094472716126733,False,False
2864601_0.355,2864601_0.449,2864601_0.355:u029,2864601_0.449:u006,0.730563830565708,0.6142816819506944,0.59596880703501,0.9122401788036953,0.9252032405462877,0.98,equilibrium_files,deliberately_off_manifold_diagnostic,False,-0.6450714666742604,0.39430293660200205,False,True
2864601_0.355,2864601_0.449,2864601_0.355:u030,2864601_0.449:u013,0.9664846836993145,0.964133432616268,0.9506599721464691,0.9750375183785904,0.9851957929738765,0.98,equilibrium_files,deliberately_off_manifold_diagnostic,True,0.8200350484961391,0.7620062657840005,True,True
2864601_0.355,2864601_0.340,2864601_0.355:u000,2864601_0.340:u015,0.8099498548687081,0.7459573439295688,0.696699800465598,0.9250327014038777,0.9607308563469124,0.98,equilibrium_files,deliberately_off_manifold_diagnostic,False,-0.08987817144059197,0.013941857120160625,False,True
2864601_0.355,2864601_0.340,2864601_0.355:u001,2864601_0.340:u007,0.6840777583998516,0.49532298486200893,0.49325710032289427,0.9415415611044617,0.9959771031174416,0.91,equilibrium_files,deliberately_off_manifold_diagnostic,False,0.1445485295286386,0.32787228880929964,False,False
2864601_0.355,2864601_0.340,2864601_0.355:u003,2864601_0.340:u003,0.884401045944899,0.856007860320262,0.7903499745203381,0.9581998700144675,0.9942686074491275,0.91,equilibrium_files,deliberately_off_manifold_diagnostic,True,0.6795204313977091,0.5972513248963957,True,True
2864601_0.355,2864601_0.340,2864601_0.355:u005,2864601_0.340:u023,0.8467554100238168,0.7561764869117548,0.7560653013673376,0.968980643275126,0.9964337244253194,1.0,equilibrium_files,deliberately_off_manifold_diagnostic,True,0.6335931522185999,0.663140072947599,True,True
2864601_0.355,2864601_0.340,2864601_0.355:u007,2864601_0.340:u000,0.8150434199113755,0.769464439226789,0.6902633780188187,0.9681852572940425,0.9174401163944237,0.98,equilibrium_files,deliberately_off_manifold_diagnostic,False,0.1317056536180906,0.2626483988631502,False,True
2864601_0.355,2864601_0.340,2864601_0.355:u016,2864601_0.340:u017,0.8201294477989758,0.7220310556666958,0.7208851586435617,0.9610982789143923,0.9751746386151008,1.0,equilibrium_files,deliberately_off_manifold_diagnostic,False,0.15877073566210398,0.11887181624155517,False,True
2864601_0.355,2864601_0.340,2864601_0.355:u018,2864601_0.340:u002,0.868060235208816,0.8065124936586632,0.8030622436810393,0.9568673697300702,0.9690717003044562,0.82,equilibrium_files,deliberately_off_manifold_diagnostic,False,0.8034530212546459,0.46698328180979215,False,True
2864601_0.355,2864601_0.340,2864601_0.355:u019,2864601_0.340:u001,0.8298712702311075,0.770129687043957,0.7666988732397177,0.8599725881972033,0.9841409225328221,0.64,equilibrium_files,deliberately_off_manifold_diagnostic,False,0.5457727509936899,0.5367234359025171,True,False
2864601_0.355,2864601_0.340,2864601_0.355:u023,2864601_0.340:u013,0.7985417625712319,0.6762648963952244,0.6550489486034984,0.9993963741918984,0.996341671166177,1.0,equilibrium_files,deliberately_off_manifold_diagnostic,False,-0.3163957946865458,0.6447757454697853,False,True
2864601_0.355,2864601_0.340,2864601_0.355:u024,2864601_0.340:u004,0.8393775054669882,0.7500172038455218,0.722658880901456,0.9910274596470345,0.9968459405674397,1.0,equilibrium_files,deliberately_off_manifold_diagnostic,False,0.08142373644856093,0.5962860205795266,False,True
2864601_0.355,2864601_0.340,2864601_0.355:u027,2864601_0.340:u022,0.9791280062862373,0.9737374405787759,0.9600628372167649,0.996597015493692,0.9983425992441833,1.0,equilibrium_files,deliberately_off_manifold_diagnostic,True,0.8086504175682933,0.9393825342296644,True,True
2864601_0.355,2864601_0.340,2864601_0.355:u029,2864601_0.340:u024,0.9015836279240275,0.8442926135142569,0.8378087065419494,0.9883111205872231,0.9964550389486048,1.0,equilibrium_files,deliberately_off_manifold_diagnostic,False,0.4475920072592099,0.6462985062211254,False,True
2864601_0.355,2864601_0.340,2864601_0.355:u030,2864601_0.340:u012,0.9805890051218827,0.9834044558680008,0.9772563499395808,0.9953368167327246,0.9666170001653162,1.0,equilibrium_files,deliberately_off_manifold_diagnostic,True,0.7429013485387703,0.8813647737117183,True,True
2864601_0.355,2864601_0.296,2864601_0.355:u000,2864601_0.296:u015,0.9183559600512321,0.8997951429331557,0.8626206977095845,0.983657357004003,0.9644986822880477,1.0,equilibrium_files,deliberately_off_manifold_diagnostic,False,-0.05949913496917864,0.44062371974831355,False,True
2864601_0.355,2864601_0.296,2864601_0.355:u003,2864601_0.296:u012,0.8383961691133418,0.7866324258306372,0.7001306590183549,0.9698673338939692,0.991968884399252,0.99,equilibrium_files,deliberately_off_manifold_diagnostic,False,0.21132250538273806,0.26782124968007165,False,True
2864601_0.355,2864601_0.296,2864601_0.355:u004,2864601_0.296:u000,0.722020802423074,0.6100746717388315,0.5595054445888438,0.8918269774506228,0.963906860173234,0.83,equilibrium_files,deliberately_off_manifold_diagnostic,False,-0.20775412667518878,-0.01579997203939994,False,True
2864601_0.355,2864601_0.296,2864601_0.355:u007,2864601_0.296:u018,0.9131034921380167,0.9046021304791876,0.8592583794884988,0.9279543037172573,0.9917723920212967,1.0,equilibrium_files,deliberately_off_manifold_diagnostic,True,0.7182487306177571,0.7242969686319716,True,True
2864601_0.355,2864601_0.296,2864601_0.355:u010,2864601_0.296:u013,0.7988012964889892,0.7326684792566156,0.6335635311310636,0.9516271783571894,0.993031288506238,0.99,equilibrium_files,deliberately_off_manifold_diagnostic,False,0.37296431834629923,0.4213193692685009,False,True
2864601_0.355,2864601_0.296,2864601_0.355:u012,2864601_0.296:u011,0.7716088197791418,0.6827671777591694,0.6958984836508887,0.80189506020258,0.9881505465780417,1.0,equilibrium_files,deliberately_off_manifold_diagnostic,False,0.0038360306747469383,0.109380334512639,False,True
2864601_0.355,2864601_0.296,2864601_0.355:u014,2864601_0.296:u024,0.8284370060210274,0.8069078483992305,0.7011411441332654,0.8959827386134612,0.9841288026929323,1.0,equilibrium_files,deliberately_off_manifold_diagnostic,True,0.6068627336029268,0.6640718089312642,True,True
2864601_0.355,2864601_0.296,2864601_0.355:u015,2864601_0.296:u016,0.7624306630969027,0.6813067677851099,0.6246493630161679,0.8664619095514218,0.9867572097311751,1.0,equilibrium_files,deliberately_off_manifold_diagnostic,False,-0.06202829180657491,0.15268414602377472,False,True
2864601_0.355,2864601_0.296,2864601_0.355:u016,2864601_0.296:u008,0.6547835429725277,0.48703694086673227,0.5209026473322442,0.8281903902745255,0.9338179422896482,0.39,equilibrium_files,deliberately_off_manifold_diagnostic,False,0.14192989601694875,-0.3133815862629742,False,False
2864601_0.355,2864601_0.296,2864601_0.355:u018,2864601_0.296:u023,0.8238338607248672,0.7531724991741191,0.7455466180659199,0.9188092317776919,0.9522813959865856,1.0,equilibrium_files,deliberately_off_manifold_diagnostic,False,0.4560902700368136,0.36023398722581135,False,True
2864601_0.355,2864601_0.296,2864601_0.355:u021,2864601_0.296:u006,0.9420868731397295,0.9204683210336002,0.9100184262051958,0.994173586363756,0.970530658476698,1.0,equilibrium_files,deliberately_off_manifold_diagnostic,True,0.5405755093620038,0.6179994027427057,True,True
2864601_0.355,2864601_0.296,2864601_0.355:u024,2864601_0.296:u004,0.8937931669218158,0.8382784369924181,0.814489655274445,0.9924298521490602,0.9973838440597237,1.0,equilibrium_files,deliberately_off_manifold_diagnostic,False,0.2817607612729107,0.5795732998161991,False,True
2864601_0.355,2864601_0.296,2864601_0.355:u027,2864601_0.296:u021,0.9662379576998904,0.9601347104828062,0.9371876458229904,0.9869451835114863,0.9982610705292708,0.96,equilibrium_files,deliberately_off_manifold_diagnostic,False,0.3593713570209372,0.8532605114307708,False,True
2864601_0.355,2864601_0.296,2864601_0.355:u030,2864601_0.296:u014,0.9344918577466664,0.9260866168234185,0.896271808855566,0.9761084138331103,0.9628132363817448,1.0,equilibrium_files,deliberately_off_manifold_diagnostic,True,0.5396738281405343,0.5949390451292118,True,True
2864601_0.355,2864601_0.270,2864601_0.355:u000,2864601_0.270:u008,0.859487056346502,0.8271031986699849,0.756439041115385,0.9729915750526521,0.9491303470018035,0.74,equilibrium_files,deliberately_off_manifold_diagnostic,False,-0.34865936169734846,0.13982141589167216,False,True
2864601_0.355,2864601_0.270,2864601_0.355:u003,2864601_0.270:u014,0.818459676556555,0.747046909437637,0.6968430865676174,0.9411607415402508,0.9853026472346431,0.96,equilibrium_files,deliberately_off_manifold_diagnostic,False,0.6791513863198925,0.40175408388383843,False,True
2864601_0.355,2864601_0.270,2864601_0.355:u004,2864601_0.270:u021,0.7643039584310712,0.6658836133379405,0.61614529675783,0.954608627982056,0.9438677990296446,1.0,equilibrium_files,deliberately_off_manifold_diagnostic,False,0.35459128907958565,0.19584540198465178,False,True
2864601_0.355,2864601_0.270,2864601_0.355:u007,2864601_0.270:u016,0.8647986433384385,0.844588716133504,0.7767894461197458,0.9377960562081613,0.954129917104157,0.74,equilibrium_files,deliberately_off_manifold_diagnostic,False,0.0730714093997686,0.1201414738617721,False,True
2864601_0.355,2864601_0.270,2864601_0.355:u010,2864601_0.270:u015,0.8330282897685892,0.7771157563054177,0.7103725552436657,0.9431810117510463,0.9907279697682747,1.0,equilibrium_files,deliberately_off_manifold_diagnostic,False,0.5106036882797771,0.47287377427608407,False,True
2864601_0.355,2864601_0.270,2864601_0.355:u012,2864601_0.270:u003,0.7495395873716801,0.6182308044655191,0.6054565278343826,0.939822426392813,0.9723445120157352,0.96,equilibrium_files,deliberately_off_manifold_diagnostic,False,-0.07646808213061801,0.0886213774057754,False,True
2864601_0.355,2864601_0.270,2864601_0.355:u013,2864601_0.270:u001,0.7305535222529822,0.6341661965844839,0.5751645044709012,0.8543238223889219,0.9844477372929116,1.0,equilibrium_files,deliberately_off_manifold_diagnostic,False,0.2385589946204469,0.37991117451757017,False,True
2864601_0.355,2864601_0.270,2864601_0.355:u014,2864601_0.270:u002,0.8669128413927196,0.8370280140177929,0.7460207483128355,0.9675977412873246,0.9923933221803312,0.95,equilibrium_files,deliberately_off_manifold_diagnostic,True,0.7263244006872805,0.792589452425203,True,True
2864601_0.355,2864601_0.270,2864601_0.355:u015,2864601_0.270:u018,0.6568155496815409,0.5692307299016038,0.4917739291977045,0.7432781323317299,0.9492926274270118,0.6,equilibrium_files,deliberately_off_manifold_diagnostic,False,0.12089207505281258,0.1381028148431454,False,False
2864601_0.355,2864601_0.270,2864601_0.355:u018,2864601_0.270:u025,0.7484167782508693,0.6344647587260877,0.6869856916203476,0.7702654181519666,0.9896427975827269,0.94,equilibrium_files,deliberately_off_manifold_diagnostic,False,0.5270970835023251,0.47397293232130394,False,True
2864601_0.355,2864601_0.270,2864601_0.355:u021,2864601_0.270:u007,0.8838112865695958,0.847168286628172,0.8196605958549398,0.9321515757720754,0.9866615333512363,0.96,equilibrium_files,deliberately_off_manifold_diagnostic,True,0.8911539844482889,0.7433794776159603,True,True
2864601_0.355,2864601_0.270,2864601_0.355:u022,2864601_0.270:u017,0.6721164006713877,0.5567087085228374,0.5284644801233516,0.7580451370394135,0.9747770833482416,0.84,equilibrium_files,deliberately_off_manifold_diagnostic,False,0.2188639150505918,0.13849827272348159,False,True
2864601_0.355,2864601_0.270,2864601_0.355:u023,2864601_0.270:u005,0.7216247505829861,0.5823666332741853,0.5416198302849755,0.9571527632694354,0.9649912943067539,0.89,equilibrium_files,deliberately_off_manifold_diagnostic,False,0.37888630646122917,0.5509237493436635,False,True
2864601_0.355,2864601_0.270,2864601_0.355:u024,2864601_0.270:u000,0.8490649474006992,0.7586682931301758,0.7429775612021337,0.9935388770117265,0.999317078493305,0.98,equilibrium_files,deliberately_off_manifold_diagnostic,False,0.06904155695282141,0.4726955285678507,False,True
2864601_0.355,2864601_0.270,2864601_0.355:u026,2864601_0.270:u026,0.7365598075892765,0.6543156514691082,0.5912212089355833,0.8863971710771427,0.9280965762622028,0.77,equilibrium_files,deliberately_off_manifold_diagnostic,False,-0.17776276280809736,0.5690068897438241,False,True
2864601_0.355,2864601_0.270,2864601_0.355:u027,2864601_0.270:u012,0.9404411404285036,0.9185536114124961,0.8926505900572124,0.9861972947287624,0.999202105209193,1.0,equilibrium_files,deliberately_off_manifold_diagnostic,False,0.4455016998568617,0.7957614964070887,False,True
2864601_0.355,2864601_0.270,2864601_0.355:u029,2864601_0.270:u019,0.7911646164510615,0.6910374300888608,0.6731201883551626,0.9553109637955349,0.9542756907937379,1.0,equilibrium_files,deliberately_off_manifold_diagnostic,False,0.40646633246327846,0.14755967256544272,False,True
2864601_0.355,2864601_0.270,2864601_0.355:u030,2864601_0.270:u011,0.9595478160593117,0.9521043383248068,0.9333315323743875,0.9831020938539689,0.9864831803937982,0.9,equilibrium_files,deliberately_off_manifold_diagnostic,True,0.8348591129847149,0.7819171973188304,True,True
2864601_0.355,2864601_0.352,2864601_0.355:u000,2864601_0.352:u012,0.6828930668507502,0.5372969129170793,0.4602128014384524,0.9248772338501186,0.9933235288703353,0.92,equilibrium_files,deliberately_off_manifold_diagnostic,False,0.35446873724054667,0.42679732428202155,False,False
2864601_0.355,2864601_0.352,2864601_0.355:u004,2864601_0.352:u010,0.7083155180939299,0.5930106922024228,0.5614548977854986,0.8114353984337972,0.9984438070539703,1.0,equilibrium_files,deliberately_off_manifold_diagnostic,False,0.4541398324128209,0.4249584888753109,False,True
2864601_0.355,2864601_0.352,2864601_0.355:u007,2864601_0.352:u016,0.9296603882948073,0.929208284421854,0.8957779565876051,0.9201504335891443,0.990672146370704,1.0,equilibrium_files,deliberately_off_manifold_diagnostic,True,0.7209796115284345,0.8324172923667301,True,True
2864601_0.355,2864601_0.352,2864601_0.355:u012,2864601_0.352:u006,0.7533645978473898,0.6515789322230362,0.6445911222250369,0.8420565307965104,0.9805113767683294,0.99,equilibrium_files,deliberately_off_manifold_diagnostic,False,0.6440576918742044,0.3470130861056531,False,True
2864601_0.355,2864601_0.352,2864601_0.355:u015,2864601_0.352:u011,0.7187966080091606,0.6048061671610281,0.5349751994850238,0.9026915121091652,0.9816194779675602,1.0,equilibrium_files,deliberately_off_manifold_diagnostic,False,0.1674481559070802,0.1599100869533141,False,True
2864601_0.355,2864601_0.352,2864601_0.355:u016,2864601_0.352:u000,0.6871629682306793,0.5090128454393004,0.5580486086326765,0.8398363028034127,0.9953863572420187,0.82,equilibrium_files,deliberately_off_manifold_diagnostic,False,0.2198184271761405,0.0945693194246659,False,True
2864601_0.355,2864601_0.352,2864601_0.355:u018,2864601_0.352:u018,0.8227694565811042,0.7532937553302413,0.7478902683578883,0.8682451678166779,0.9938260795566489,0.66,equilibrium_files,deliberately_off_manifold_diagnostic,False,0.667383207459282,0.6300148809361361,True,False
2864601_0.355,2864601_0.352,2864601_0.355:u019,2864601_0.352:u008,0.7765449219849033,0.6742453352782276,0.6656262315712801,0.8754308904456435,0.9974863692046114,0.66,equilibrium_files,deliberately_off_manifold_diagnostic,False,0.505540549361127,0.5073649785773493,True,False
2864601_0.355,2864601_0.352,2864601_0.355:u023,2864601_0.352:u005,0.9080762768072697,0.8556588343156909,0.8399865839834244,0.9983522207772464,0.9985610358104283,1.0,equilibrium_files,deliberately_off_manifold_diagnostic,False,0.39857112036297393,0.7537114712757854,False,True
2864601_0.355,2864601_0.352,2864601_0.355:u024,2864601_0.352:u009,0.73857528602517,0.6403751669669978,0.592107352335751,0.8552765273832256,0.9888761237885011,0.8,equilibrium_files,deliberately_off_manifold_diagnostic,False,0.03421945588162639,0.17972713228485718,False,True
2864601_0.355,2864601_0.352,2864601_0.355:u027,2864601_0.352:u007,0.9776127601861545,0.9718361278302577,0.9568412018507425,0.9960089790125343,0.999038827396738,1.0,equilibrium_files,deliberately_off_manifold_diagnostic,True,0.7449181485189388,0.9455402516619522,True,True
2864601_0.355,2864601_0.352,2864601_0.355:u028,2864601_0.352:u003,0.7002480048772074,0.5489344488390303,0.5621618313176469,0.8545304227582946,0.9800651813927269,0.7,equilibrium_files,deliberately_off_manifold_diagnostic,False,-0.011250047347297518,0.3546730326809302,False,True
2864601_0.355,2864601_0.352,2864601_0.355:u030,2864601_0.352:u019,0.9731292757659211,0.9703520241818412,0.9587968585991942,0.9979922016355671,0.9739308530224853,1.0,equilibrium_files,deliberately_off_manifold_diagnostic,True,0.6180129923647534,0.6621574184547241,True,True
2864601_0.449,2864601_0.340,2864601_0.449:u000,2864601_0.340:u013,0.696533257028688,0.5450307402992148,0.522147538180148,0.9795363028565119,0.9023625645678833,0.67,equilibrium_files,deliberately_off_manifold_diagnostic,False,0.2623121916910184,0.28998083120234214,False,False
2864601_0.449,2864601_0.340,2864601_0.449:u001,2864601_0.340:u003,0.8842289084313494,0.8643049047562658,0.7994249164268529,0.9377139586928505,0.9878358516892186,1.0,equilibrium_files,deliberately_off_manifold_diagnostic,True,0.6726812808552184,0.8009936752672159,True,True
2864601_0.449,2864601_0.340,2864601_0.449:u002,2864601_0.340:u023,0.7218103912122252,0.6381924186830664,0.6632523795867074,0.6604857257850459,0.9963990328714193,1.0,equilibrium_files,deliberately_off_manifold_diagnostic,False,0.13827930572519193,0.2765328706997725,False,True
2864601_0.449,2864601_0.340,2864601_0.449:u004,2864601_0.340:u005,0.7747733203454342,0.6416113746558046,0.6219721472575416,0.9839396508768551,0.9945516679802968,0.8,equilibrium_files,deliberately_off_manifold_diagnostic,False,0.22197527235456363,0.46650678577983357,False,True
2864601_0.449,2864601_0.340,2864601_0.449:u005,2864601_0.340:u004,0.7670014859500425,0.6286759846336216,0.6014915423276297,0.9906681817044066,0.9990879576039288,0.81,equilibrium_files,deliberately_off_manifold_diagnostic,False,0.018679821272003315,0.5845833206873678,False,True
2864601_0.449,2864601_0.340,2864601_0.449:u006,2864601_0.340:u024,0.7187395457907818,0.5944011924321421,0.5764494242876109,0.8878510685481358,0.9495707353261441,0.66,equilibrium_files,deliberately_off_manifold_diagnostic,False,-0.12028872470499331,0.3192143298352455,False,False
2864601_0.449,2864601_0.340,2864601_0.449:u009,2864601_0.340:u022,0.9410699711400543,0.9301083001821787,0.8977928514033832,0.9839218791161447,0.9795762492057842,0.8,equilibrium_files,deliberately_off_manifold_diagnostic,False,-0.12162314527404072,0.7587071374914374,False,True
2864601_0.449,2864601_0.340,2864601_0.449:u013,2864601_0.340:u012,0.9790786360216028,0.9821485962373389,0.974408185890945,0.9913559250306019,0.9692020818849859,1.0,equilibrium_files,deliberately_off_manifold_diagnostic,True,0.8296485223015155,0.8961994357876599,True,True
2864601_0.449,2864601_0.340,2864601_0.449:u016,2864601_0.340:u000,0.8836294989608424,0.8458236844720962,0.7952656523185704,0.9902684693790771,0.9662450202391353,1.0,equilibrium_files,deliberately_off_manifold_diagnostic,True,0.5452051039762716,0.6354886717313292,True,True
2864601_0.449,2864601_0.340,2864601_0.449:u020,2864601_0.340:u001,0.7851544357355582,0.6899442029287945,0.678634550073452,0.8936450408511918,0.9792590083232293,0.64,equilibrium_files,deliberately_off_manifold_diagnostic,False,0.3852749097129255,0.2120717328061667,False,False
2864601_0.449,2864601_0.340,2864601_0.449:u021,2864601_0.340:u008,0.669816471936045,0.48950768009318474,0.4789805071450925,0.9277292595516378,0.9686208192711714,0.65,equilibrium_files,deliberately_off_manifold_diagnostic,False,0.365748504871644,0.04830755181287735,False,False
2864601_0.449,2864601_0.296,2864601_0.449:u000,2864601_0.296:u004,0.8173875803044787,0.7306667485452122,0.7158181413056214,0.9834249869761296,0.9337855797700133,0.82,equilibrium_files,deliberately_off_manifold_diagnostic,False,-0.633343054000923,0.4513667465032289,False,True
2864601_0.449,2864601_0.296,2864601_0.449:u001,2864601_0.296:u018,0.9610796604281905,0.9524467496576203,0.9225841793490194,0.9932093840827559,0.9996425245482367,1.0,equilibrium_files,deliberately_off_manifold_diagnostic,True,0.7992606249236831,0.7124801636126354,True,True
2864601_0.449,2864601_0.296,2864601_0.449:u003,2864601_0.296:u007,0.8546461134481566,0.7797222560608461,0.7735732837326863,0.9480616857626785,0.9952255717878056,0.51,equilibrium_files,deliberately_off_manifold_diagnostic,False,-0.2396583175789418,0.22493347849349338,False,False
2864601_0.449,2864601_0.296,2864601_0.449:u004,2864601_0.296:u005,0.7699105439362435,0.6947545983465461,0.6678522668986643,0.8199484832710093,0.9856939385423928,0.51,equilibrium_files,deliberately_off_manifold_diagnostic,False,0.17807201529830813,0.6327905810285671,False,False
2864601_0.449,2864601_0.296,2864601_0.449:u006,2864601_0.296:u002,0.7120242018270213,0.5923193374784437,0.5637097443859922,0.9646080367059015,0.8614693496325516,0.96,equilibrium_files,deliberately_off_manifold_diagnostic,False,0.5247551285148181,-0.32778567934690656,False,True
2864601_0.449,2864601_0.296,2864601_0.449:u008,2864601_0.296:u024,0.8466492043217774,0.813164777034435,0.7168030618512458,0.9388511367639801,0.9994431265163858,1.0,equilibrium_files,deliberately_off_manifold_diagnostic,False,0.5865117898794974,0.4680728072834429,False,True
2864601_0.449,2864601_0.296,2864601_0.449:u009,2864601_0.296:u021,0.9365034584183576,0.9190750176499867,0.8828626708589856,0.9848709039436554,0.9947398553846745,1.0,equilibrium_files,deliberately_off_manifold_diagnostic,False,0.12347796923415189,0.7383187896373898,False,True
2864601_0.449,2864601_0.296,2864601_0.449:u010,2864601_0.296:u000,0.8389613159311229,0.789719328049753,0.7247725643654899,0.9244478105432108,0.9986209304895396,0.51,equilibrium_files,deliberately_off_manifold_diagnostic,False,0.05073826749201265,0.45592348266372257,False,False
2864601_0.449,2864601_0.296,2864601_0.449:u011,2864601_0.296:u013,0.9152056592035522,0.8973284447830324,0.8507763116986905,0.9558262403538027,0.9980449209413743,1.0,equilibrium_files,deliberately_off_manifold_diagnostic,True,0.5786163959837995,0.7455057899199619,True,True
2864601_0.449,2864601_0.296,2864601_0.449:u012,2864601_0.296:u017,0.8675955571148013,0.824035840265568,0.7476444844038326,0.9862273143372308,0.9942299842326747,1.0,equilibrium_files,deliberately_off_manifold_diagnostic,False,0.49205289511444616,0.6759689134459111,False,True
2864601_0.449,2864601_0.296,2864601_0.449:u013,2864601_0.296:u014,0.9396190883079606,0.927789643742085,0.8935098183235035,0.9972319105247519,0.9689143379166689,1.0,equilibrium_files,deliberately_off_manifold_diagnostic,True,0.5349987667923335,0.5799869065658072,True,True
2864601_0.449,2864601_0.296,2864601_0.449:u016,2864601_0.296:u015,0.9425985088699224,0.9319662890667206,0.907513653397181,0.9649261194422899,0.9888465112114696,1.0,equilibrium_files,deliberately_off_manifold_diagnostic,False,0.2580556223711716,0.6557350231344202,False,True
2864601_0.449,2864601_0.296,2864601_0.449:u020,2864601_0.296:u023,0.7382269817167597,0.6366279864392754,0.6383790593126786,0.8280273697126109,0.9505969702432565,0.84,equilibrium_files,deliberately_off_manifold_diagnostic,False,0.26525797253207567,0.19108813166100933,False,True
2864601_0.449,2864601_0.296,2864601_0.449:u021,2864601_0.296:u022,0.6637880672448444,0.44983106299950115,0.45181859493745596,0.9909455741218761,0.97552027519691,0.67,equilibrium_files,deliberately_off_manifold_diagnostic,False,0.10333394328367335,0.09402852072961285,False,False
2864601_0.449,2864601_0.270,2864601_0.449:u000,2864601_0.270:u000,0.8186533672265355,0.7421488092581842,0.7275740080891034,0.9926633587920178,0.8960192513197277,1.0,equilibrium_files,deliberately_off_manifold_diagnostic,False,-0.08558888573427575,0.3993279944937865,False,True
2864601_0.449,2864601_0.270,2864601_0.449:u001,2864601_0.270:u015,0.8832849195352573,0.8588750702708349,0.7826670101841722,0.9770938879774854,0.9770175890162905,0.62,equilibrium_files,deliberately_off_manifold_diagnostic,False,0.4120347497544274,0.5633232790663611,False,False
2864601_0.449,2864601_0.270,2864601_0.449:u003,2864601_0.270:u009,0.8743068771584487,0.8256518867017673,0.7788321076697675,0.9703770725192371,0.9944313217157044,1.0,equilibrium_files,deliberately_off_manifold_diagnostic,True,0.5120263742732138,0.5021891354097952,True,True
2864601_0.449,2864601_0.270,2864601_0.449:u004,2864601_0.270:u024,0.6943371919434747,0.5371197786113934,0.49296887861473504,0.9648300994556361,0.961722874422544,0.87,equilibrium_files,deliberately_off_manifold_diagnostic,False,-0.04467167407995453,0.1811409911914329,False,False
2864601_0.449,2864601_0.270,2864601_0.449:u005,2864601_0.270:u005,0.7800019541793063,0.6626593156461542,0.6286330090326656,0.9845566102840386,0.9785146735942631,1.0,equilibrium_files,deliberately_off_manifold_diagnostic,False,-0.0548393532582369,0.5525522931777361,False,True
2864601_0.449,2864601_0.270,2864601_0.449:u006,2864601_0.270:u026,0.7400287761675709,0.6031492532029568,0.5656563041002393,0.9813829526919434,0.9655525921911171,0.96,equilibrium_files,deliberately_off_manifold_diagnostic,False,-0.513542773443858,-0.3528501300559702,False,True
2864601_0.449,2864601_0.270,2864601_0.449:u008,2864601_0.270:u008,0.8251983618943088,0.7931682365854479,0.7024436928055506,0.8931547216697823,0.9894191937152643,0.96,equilibrium_files,deliberately_off_manifold_diagnostic,False,0.5852715589995724,0.31250283443596016,False,True
2864601_0.449,2864601_0.270,2864601_0.449:u009,2864601_0.270:u021,0.9118729325665419,0.8787296057898337,0.8369970715319652,0.9926481354505832,0.9931265113994282,0.89,equilibrium_files,deliberately_off_manifold_diagnostic,False,-0.02447463773480448,0.7269006508697045,False,True
2864601_0.449,2864601_0.270,2864601_0.449:u010,2864601_0.270:u012,0.861117341142716,0.8169145826311759,0.7581713048430061,0.9455080259482719,0.997449848554035,0.89,equilibrium_files,deliberately_off_manifold_diagnostic,False,-0.018706555643586857,0.25503944102121856,False,True
2864601_0.449,2864601_0.270,2864601_0.449:u011,2864601_0.270:u002,0.8978238328017552,0.8697229776095015,0.8093556501827408,0.9778379032519697,0.9926633190684423,0.58,equilibrium_files,deliberately_off_manifold_diagnostic,False,0.7643066969093265,0.6694742505399316,True,False
2864601_0.449,2864601_0.270,2864601_0.449:u012,2864601_0.270:u018,0.9005265989106352,0.871380145000717,0.8126019775750479,0.9795216862478361,0.9971381244416927,0.94,equilibrium_files,deliberately_off_manifold_diagnostic,False,0.47296347933045985,0.7434766636689492,False,True
2864601_0.449,2864601_0.270,2864601_0.449:u013,2864601_0.270:u007,0.9492295014967556,0.9410505780150955,0.9203617063503552,0.9680476196609389,0.9859814612746624,0.83,equilibrium_files,deliberately_off_manifold_diagnostic,True,0.8735316237956201,0.8081703983201513,True,True
2864601_0.449,2864601_0.270,2864601_0.449:u016,2864601_0.270:u011,0.9352901188771343,0.9273927937988102,0.8952982494328211,0.993058702873243,0.9493553266649819,0.83,equilibrium_files,deliberately_off_manifold_diagnostic,False,-0.1215135959793425,0.4124029433984505,False,True
2864601_0.449,2864601_0.270,2864601_0.449:u017,2864601_0.270:u019,0.6791071960300619,0.48680918358815284,0.550155565663964,0.8617368432784721,0.9783520129936618,0.88,equilibrium_files,deliberately_off_manifold_diagnostic,False,-0.10062583839006886,0.18332393984850998,False,True
2864601_0.449,2864601_0.270,2864601_0.449:u020,2864601_0.270:u017,0.7833607459236711,0.7078370210051139,0.7310861600683242,0.75925349043043,0.9991654675777681,1.0,equilibrium_files,deliberately_off_manifold_diagnostic,True,0.6345388688233503,0.5526911048605304,True,True
2864601_0.449,2864601_0.352,2864601_0.449:u001,2864601_0.352:u016,0.9561613240026781,0.9481592268719453,0.916163028100168,0.9881266034857474,0.9961966340694735,1.0,equilibrium_files,deliberately_off_manifold_diagnostic,True,0.801528948995372,0.7551632807148195,True,True
2864601_0.449,2864601_0.352,2864601_0.449:u003,2864601_0.352:u010,0.8207611695799222,0.7278680819517062,0.7069274136534541,0.9593791818282504,0.9922334226636198,0.66,equilibrium_files,deliberately_off_manifold_diagnostic,False,-0.19389717304725898,0.10352271768110886,False,False
2864601_0.449,2864601_0.352,2864601_0.449:u004,2864601_0.352:u000,0.696964322646733,0.5339110420632239,0.49470182665374113,0.9768714457916753,0.9650308643665422,0.63,equilibrium_files,deliberately_off_manifold_diagnostic,False,-0.259869262992368,0.5358130207770868,False,False
2864601_0.449,2864601_0.352,2864601_0.449:u005,2864601_0.352:u005,0.7564917366736852,0.6191548166029661,0.5821082201455526,0.9910270054235768,0.9895371228220712,0.72,equilibrium_files,deliberately_off_manifold_diagnostic,False,0.108372293198898,0.5163472736109889,False,True
2864601_0.449,2864601_0.352,2864601_0.449:u006,2864601_0.352:u009,0.7712226743535205,0.668021360583915,0.6413569270540094,0.9858143990291821,0.9062315412815343,0.98,equilibrium_files,deliberately_off_manifold_diagnostic,False,0.1353113091406254,0.10822863181278143,False,True
2864601_0.449,2864601_0.352,2864601_0.449:u008,2864601_0.352:u017,0.6703313729068521,0.5808034687507416,0.4804535763734868,0.7864991025413872,0.9732721943065303,0.63,equilibrium_files,deliberately_off_manifold_diagnostic,False,0.3971839832083644,0.22439313645023032,False,False
2864601_0.449,2864601_0.352,2864601_0.449:u009,2864601_0.352:u007,0.9356181017071739,0.9217112741628142,0.8854798681117643,0.9853838219805969,0.9819199731434045,0.86,equilibrium_files,deliberately_off_manifold_diagnostic,False,-0.07279644810082056,0.794011161695547,False,True
2864601_0.449,2864601_0.352,2864601_0.449:u010,2864601_0.352:u011,0.7576820839647537,0.6734464815672355,0.5738348280406207,0.9201884101177302,0.9973000452942536,1.0,equilibrium_files,deliberately_off_manifold_diagnostic,False,-0.04385980905159268,0.09284595872673468,False,True
2864601_0.449,2864601_0.352,2864601_0.449:u013,2864601_0.352:u019,0.9640166672235386,0.9587274816499266,0.9409086820134371,0.9859576542454026,0.984671436377245,1.0,equilibrium_files,deliberately_off_manifold_diagnostic,True,0.8130078566164959,0.7075049335084291,True,True
2864601_0.449,2864601_0.352,2864601_0.449:u015,2864601_0.352:u006,0.7404570246080621,0.5973724660116685,0.6029867615440029,0.9382683650668301,0.9634779166399732,0.77,equilibrium_files,deliberately_off_manifold_diagnostic,False,-0.7889445551594116,0.1393151978405742,False,True
2864601_0.449,2864601_0.352,2864601_0.449:u019,2864601_0.352:u012,0.6683982692924388,0.47805223538141955,0.46965782565920566,0.9367845711287295,0.9836416837725267,0.8,equilibrium_files,deliberately_off_manifold_diagnostic,False,0.09012080086700182,0.23641654683055183,False,False
2864601_0.449,2864601_0.352,2864601_0.449:u020,2864601_0.352:u018,0.89871778462947,0.8575679920392488,0.8513442167559044,0.9374862848220953,0.9927343251325248,1.0,equilibrium_files,deliberately_off_manifold_diagnostic,True,0.7061269525558701,0.6527249195188343,True,True
2864601_0.340,2864601_0.296,2864601_0.340:u000,2864601_0.296:u015,0.8414453775479566,0.793042154321108,0.7270819881861994,0.9615303445474234,0.965510329431398,0.97,equilibrium_files,deliberately_off_manifold_diagnostic,False,0.4145407739440806,0.5486438465362119,False,True
2864601_0.340,2864601_0.296,2864601_0.340:u001,2864601_0.296:u023,0.7844553424283521,0.6821163309811873,0.6830652447949636,0.8823378797551152,0.9921664687224193,0.99,equilibrium_files,deliberately_off_manifold_diagnostic,False,0.5358167964886981,0.24014836417524574,False,True
2864601_0.340,2864601_0.296,2864601_0.340:u002,2864601_0.296:u011,0.8167535545133003,0.7407036853555053,0.7496731519502497,0.8649401661610648,0.9832623504468042,0.99,equilibrium_files,deliberately_off_manifold_diagnostic,False,0.7287476636453212,0.09690534045257648,False,True
2864601_0.340,2864601_0.296,2864601_0.340:u003,2864601_0.296:u013,0.909453225200146,0.8968945096819528,0.8494239671939179,0.928858953454778,0.998929457232146,1.0,equilibrium_files,deliberately_off_manifold_diagnostic,True,0.7041880563353192,0.8092321160074533,True,True
2864601_0.340,2864601_0.296,2864601_0.340:u004,2864601_0.296:u004,0.8786355863472071,0.8179983156481628,0.7979628141135185,0.9766857468443049,0.9925504902492087,1.0,equilibrium_files,deliberately_off_manifold_diagnostic,False,0.4557330479951786,0.6385993177375742,False,True
2864601_0.340,2864601_0.296,2864601_0.340:u005,2864601_0.296:u017,0.7361421646696635,0.6248731541564033,0.6281545500640345,0.8114567166550702,0.9897125503625909,0.55,equilibrium_files,deliberately_off_manifold_diagnostic,False,-0.06159456593422901,0.44246058578546255,False,False
2864601_0.340,2864601_0.296,2864601_0.340:u007,2864601_0.296:u022,0.6929314826006804,0.5227651578484953,0.5130687665660549,0.9139005005174407,0.9970060258641356,0.9,equilibrium_files,deliberately_off_manifold_diagnostic,False,-0.11943710397874228,-0.031480664959754566,False,True
2864601_0.340,2864601_0.296,2864601_0.340:u012,2864601_0.296:u014,0.9270772692592542,0.9345856082892291,0.9052016984678269,0.9907265317293511,0.8849788544313357,0.97,equilibrium_files,deliberately_off_manifold_diagnostic,False,0.3950897242433761,0.6040183925117588,False,True
2864601_0.340,2864601_0.296,2864601_0.340:u017,2864601_0.296:u008,0.6856635810888342,0.5058389479555154,0.5394620123927287,0.8884235179087557,0.971942947013049,0.7,equilibrium_files,deliberately_off_manifold_diagnostic,False,-0.2307336996450732,0.2377544660989687,False,True
2864601_0.340,2864601_0.296,2864601_0.340:u022,2864601_0.296:u021,0.9618244655352276,0.9547911972828034,0.9295633647799842,0.9889896239990189,0.9936008605829382,1.0,equilibrium_files,deliberately_off_manifold_diagnostic,False,0.4504038391471913,0.850049711794263,False,True
2864601_0.340,2864601_0.296,2864601_0.340:u024,2864601_0.296:u002,0.6858454708770169,0.5321991085417244,0.5055945948413846,0.9101873331887389,0.9623494661216822,0.81,equilibrium_files,deliberately_off_manifold_diagnostic,False,-0.09385614316735759,-0.0859431413734609,False,True
2864601_0.340,2864601_0.270,2864601_0.340:u000,2864601_0.270:u016,0.8474906873012801,0.8027399790742968,0.7397163238724861,0.9465555276929822,0.9772134543932436,0.86,equilibrium_files,deliberately_off_manifold_diagnostic,False,0.3584038036939939,0.4590963520231204,False,True
2864601_0.340,2864601_0.270,2864601_0.340:u001,2864601_0.270:u025,0.7582559577505711,0.645240418887243,0.6854842525178342,0.8014479081437719,0.9937448735014675,1.0,equilibrium_files,deliberately_off_manifold_diagnostic,False,0.4733928347669534,0.48418716707410947,False,True
2864601_0.340,2864601_0.270,2864601_0.340:u002,2864601_0.270:u003,0.8676149400570478,0.7981530218387631,0.7912067101172904,0.9647293839044696,0.9893057184466891,1.0,equilibrium_files,deliberately_off_manifold_diagnostic,False,0.022513182206427704,0.3146211477606975,False,True
2864601_0.340,2864601_0.270,2864601_0.340:u003,2864601_0.270:u002,0.9173740723263938,0.9026411029375845,0.8592114069408225,0.9514189379250656,0.9926726588892929,1.0,equilibrium_files,deliberately_off_manifold_diagnostic,True,0.7892617991341745,0.78181089970066,True,True
2864601_0.340,2864601_0.270,2864601_0.340:u004,2864601_0.270:u000,0.8120768682702513,0.7022245859538128,0.6818084294553426,0.9897998905770085,0.9945349276605149,1.0,equilibrium_files,deliberately_off_manifold_diagnostic,False,-0.11304670419943166,0.6291998247912647,False,True
2864601_0.340,2864601_0.270,2864601_0.340:u005,2864601_0.270:u021,0.6739597774684252,0.5543683333566526,0.5336041315786215,0.7403900570319986,0.9974501329072165,0.41,equilibrium_files,deliberately_off_manifold_diagnostic,False,-0.1460962394010806,0.26599385529569247,False,False
2864601_0.340,2864601_0.270,2864601_0.340:u012,2864601_0.270:u007,0.9688174056135985,0.9637829679080668,0.9512501986449162,0.9920264894017771,0.9795107888367409,0.66,equilibrium_files,deliberately_off_manifold_diagnostic,False,0.7371913723459124,0.8693435610228043,True,False
2864601_0.340,2864601_0.270,2864601_0.340:u013,2864601_0.270:u024,0.6815491596902703,0.5661236480265479,0.5363475639215756,0.8112297145585389,0.9428092659706273,0.76,equilibrium_files,deliberately_off_manifold_diagnostic,False,0.08952848791821458,0.23665773692366712,False,True
2864601_0.340,2864601_0.270,2864601_0.340:u015,2864601_0.270:u008,0.7213475910531427,0.6279397196412927,0.545929366754636,0.8633409242984965,0.9825934013733242,0.86,equilibrium_files,deliberately_off_manifold_diagnostic,False,0.37111556015680425,0.43127278342568853,False,True
2864601_0.340,2864601_0.270,2864601_0.340:u021,2864601_0.270:u026,0.7286600532946699,0.608560291532977,0.5506599172630752,0.9149030281637258,0.9895669251155454,0.81,equilibrium_files,deliberately_off_manifold_diagnostic,False,0.23087565753773476,-0.076625267308524,False,True
2864601_0.340,2864601_0.270,2864601_0.340:u022,2864601_0.270:u012,0.9357098634174852,0.9133242172788982,0.8843845966441498,0.9854952906947642,0.9964908055080902,0.99,equilibrium_files,deliberately_off_manifold_diagnostic,False,0.2927227080353646,0.7288155837013315,False,True
2864601_0.340,2864601_0.270,2864601_0.340:u024,2864601_0.270:u019,0.7753925020293865,0.6617654468784981,0.6445508363326297,0.9490493293175006,0.9684387560127401,0.82,equilibrium_files,deliberately_off_manifold_diagnostic,False,0.3961780069970981,0.1301095374810086,False,True
2864601_0.340,2864601_0.352,2864601_0.340:u001,2864601_0.352:u008,0.9205219262457566,0.8790701167717798,0.8759959512660528,0.9811074672035639,0.9889030619684694,1.0,equilibrium_files,deliberately_off_manifold_diagnostic,True,0.6325919291889832,0.5570318660292841,True,True
2864601_0.340,2864601_0.352,2864601_0.340:u002,2864601_0.352:u018,0.6922944812329016,0.5630768269393742,0.5579450937228533,0.7903229067987234,0.9896166183724432,0.97,equilibrium_files,deliberately_off_manifold_diagnostic,False,0.6824641306819189,0.38257882188807785,False,True
2864601_0.340,2864601_0.352,2864601_0.340:u003,2864601_0.352:u016,0.8600319690875103,0.8401782748509636,0.7663498679283605,0.8981954621853878,0.9921721690831778,1.0,equilibrium_files,deliberately_off_manifold_diagnostic,True,0.6733483574319677,0.7625124808460516,True,True
2864601_0.340,2864601_0.352,2864601_0.340:u004,2864601_0.352:u009,0.7277852914155241,0.6362876955695346,0.5935428086084276,0.811171592762915,0.9830091080477622,0.64,equilibrium_files,deliberately_off_manifold_diagnostic,False,0.17664868770294842,0.4085698804234126,False,False
2864601_0.340,2864601_0.352,2864601_0.340:u005,2864601_0.352:u000,0.7766148465303365,0.6507980281928016,0.6309959613099689,0.9786347389645828,0.9817485094329435,1.0,equilibrium_files,deliberately_off_manifold_diagnostic,False,-0.07175263992543617,0.4080202522624998,False,True
2864601_0.340,2864601_0.352,2864601_0.340:u012,2864601_0.352:u019,0.9770021757553166,0.9696219488364222,0.956696804139583,0.9987426014606917,0.9967901478518838,1.0,equilibrium_files,deliberately_off_manifold_diagnostic,True,0.6921424487683591,0.7508673597091005,True,True
2864601_0.340,2864601_0.352,2864601_0.340:u013,2864601_0.352:u005,0.8058263015656696,0.6903964373020441,0.6702692126327228,0.9970573381292053,0.9910756947969925,0.99,equilibrium_files,deliberately_off_manifold_diagnostic,False,-0.22362875847302818,0.6350134671721155,False,True
2864601_0.340,2864601_0.352,2864601_0.340:u020,2864601_0.352:u012,0.7572052682259519,0.6263008368829501,0.5890957480622928,0.9911818528842115,0.9717496108276833,0.91,equilibrium_files,deliberately_off_manifold_diagnostic,False,0.15433298177671223,0.09361588984608618,False,True
2864601_0.340,2864601_0.352,2864601_0.340:u022,2864601_0.352:u007,0.979152965097656,0.9736947578433371,0.9587823851562309,0.9971892734362819,0.9998598375526463,1.0,equilibrium_files,deliberately_off_manifold_diagnostic,True,0.7954282190443694,0.9239845321315165,True,True
2864601_0.340,2864601_0.352,2864601_0.340:u023,2864601_0.352:u003,0.7605863350619775,0.6443484613466661,0.6717951935307912,0.8467264201756407,0.981989772818061,1.0,equilibrium_files,deliberately_off_manifold_diagnostic,False,0.1263117049918608,0.26169650000957906,False,True
2864601_0.296,2864601_0.270,2864601_0.296:u000,2864601_0.270:u021,0.843712425402275,0.7872372988169977,0.7226290239879399,0.9572844422247502,0.9964782005792182,0.56,equilibrium_files,deliberately_off_manifold_diagnostic,False,0.06567133857070408,0.5507640474902661,False,False
2864601_0.296,2864601_0.270,2864601_0.296:u002,2864601_0.270:u026,0.7462185739202617,0.6156679392789425,0.5715535749224459,0.9877919652635733,0.962468633035653,0.8,equilibrium_files,deliberately_off_manifold_diagnostic,False,-0.266317781141583,0.4889485789653058,False,True
2864601_0.296,2864601_0.270,2864601_0.296:u003,2864601_0.270:u015,0.825161995810295,0.777468392302986,0.6909467764840757,0.9330647542014625,0.9901224716694204,1.0,equilibrium_files,deliberately_off_manifold_diagnostic,False,0.14264366997002237,0.4252263324994736,False,True
2864601_0.296,2864601_0.270,2864601_0.296:u004,2864601_0.270:u000,0.8601388767614799,0.7802395953762977,0.7690971819670239,0.9816221087172348,0.995067109075182,1.0,equilibrium_files,deliberately_off_manifold_diagnostic,False,0.22985643987685256,0.7356955933396537,False,True
2864601_0.296,2864601_0.270,2864601_0.296:u005,2864601_0.270:u009,0.7267382100609349,0.6247045777341801,0.5263157549691525,0.9322787272183392,0.9748818240313359,0.93,equilibrium_files,deliberately_off_manifold_diagnostic,False,-0.008808149256701533,0.3181732823225326,False,True
2864601_0.296,2864601_0.270,2864601_0.296:u006,2864601_0.270:u007,0.7977512782299494,0.7284849727902553,0.6879262460348938,0.8882889990566387,0.9758505638553845,0.77,equilibrium_files,deliberately_off_manifold_diagnostic,False,0.46179470608366713,0.383009546337095,False,True
2864601_0.296,2864601_0.270,2864601_0.296:u007,2864601_0.270:u022,0.8175088849252607,0.7277577181361555,0.714453079685204,0.9490338417283909,0.9751943861658735,1.0,equilibrium_files,deliberately_off_manifold_diagnostic,True,0.7275259299211498,0.5461774034769925,True,True
2864601_0.296,2864601_0.270,2864601_0.296:u008,2864601_0.270:u006,0.6658275028243678,0.53203781550731,0.5426859841837081,0.9883151238334958,0.7287366907518155,0.58,equilibrium_files,deliberately_off_manifold_diagnostic,False,0.06516110589157416,-0.09438364485780863,False,False
2864601_0.296,2864601_0.270,2864601_0.296:u009,2864601_0.270:u020,0.748565992182708,0.6636993014327409,0.5823396553239878,0.9437363801403613,0.9300351456380856,1.0,equilibrium_files,deliberately_off_manifold_diagnostic,False,-0.18723386021281785,0.1859131351214261,False,True
2864601_0.296,2864601_0.270,2864601_0.296:u011,2864601_0.270:u003,0.8784767124266857,0.8368284427161252,0.8442809847875382,0.9236147915773432,0.9471046293005904,1.0,equilibrium_files,deliberately_off_manifold_diagnostic,False,0.03295147507847772,0.2695642036925223,False,True
2864601_0.296,2864601_0.270,2864601_0.296:u012,2864601_0.270:u017,0.7825105631373522,0.6882931525750604,0.6771091062688225,0.8729020657970149,0.9915473616239217,0.77,equilibrium_files,deliberately_off_manifold_diagnostic,False,0.614292760286752,0.4140498405421238,False,True
2864601_0.296,2864601_0.270,2864601_0.296:u013,2864601_0.270:u002,0.9314047867231693,0.9231404280123989,0.8778762791976107,0.9592949855820373,0.996203887218795,0.69,equilibrium_files,deliberately_off_manifold_diagnostic,False,0.7430650503468725,0.733845001023003,True,False
2864601_0.296,2864601_0.270,2864601_0.296:u014,2864601_0.270:u008,0.9027404660194552,0.8771570637693868,0.8212745740871668,0.9815867156055076,0.9844681577069381,0.78,equilibrium_files,deliberately_off_manifold_diagnostic,True,0.5477810616243298,0.6421475547145078,True,True
2864601_0.296,2864601_0.270,2864601_0.296:u015,2864601_0.270:u011,0.9282853811372672,0.9129522401218502,0.8806522697089794,0.9655855994165368,0.9854345415235549,0.66,equilibrium_files,deliberately_off_manifold_diagnostic,False,0.7900135870410466,0.7841615157651125,True,False
2864601_0.296,2864601_0.270,2864601_0.296:u016,2864601_0.270:u001,0.712749605084999,0.6069437837581305,0.4844545729701623,0.9325685085705174,0.9940819817620383,0.49,equilibrium_files,deliberately_off_manifold_diagnostic,False,0.12156276536237501,0.1700041608625202,False,False
2864601_0.296,2864601_0.270,2864601_0.296:u017,2864601_0.270:u018,0.8996248915574869,0.872233694313031,0.8081244154777062,0.9811667788636959,0.9964205142376333,0.8,equilibrium_files,deliberately_off_manifold_diagnostic,False,0.419826955512555,0.5375289757082137,False,True
2864601_0.296,2864601_0.270,2864601_0.296:u018,2864601_0.270:u014,0.8405933913569875,0.7718447586325419,0.7332022720179402,0.9698204974165164,0.9755759133926976,0.69,equilibrium_files,deliberately_off_manifold_diagnostic,False,0.5058572442650382,0.23418436418711286,False,False
2864601_0.296,2864601_0.270,2864601_0.296:u020,2864601_0.270:u025,0.6850249597156471,0.5838871303313106,0.5473465517028198,0.7532772440997612,0.9749970314272788,0.76,equilibrium_files,deliberately_off_manifold_diagnostic,False,0.047299518247591515,0.05747458695082203,False,True
2864601_0.296,2864601_0.270,2864601_0.296:u021,2864601_0.270:u012,0.9106220288409964,0.8811520210861306,0.8410714190911184,0.9706158491298371,0.9991591348092714,0.59,equilibrium_files,deliberately_off_manifold_diagnostic,False,-0.05085988480602933,0.6550006542357639,False,False
2864601_0.296,2864601_0.270,2864601_0.296:u024,2864601_0.270:u016,0.8012086974125042,0.7842250300048912,0.6796932940903893,0.855190679811377,0.9549753211082233,0.76,equilibrium_files,deliberately_off_manifold_diagnostic,False,-0.054862693645129954,-0.022521939153836726,False,True
2864601_0.296,2864601_0.352,2864601_0.296:u000,2864601_0.352:u010,0.8334539231488989,0.7570253702649082,0.7413069583733927,0.9525718008431562,0.9671993219438866,0.99,equilibrium_files,deliberately_off_manifold_diagnostic,False,-0.047016009482594136,-0.06428248005643589,False,True
2864601_0.296,2864601_0.352,2864601_0.296:u002,2864601_0.352:u009,0.737394612336473,0.5943337288964233,0.549951769909565,0.9760094479554842,0.9945353655178987,0.95,equilibrium_files,deliberately_off_manifold_diagnostic,False,-0.12656102924019627,0.32738935768944505,False,True
2864601_0.296,2864601_0.352,2864601_0.296:u004,2864601_0.352:u005,0.7756437122586908,0.6591173373872619,0.6163702057610381,0.9730663824641383,0.9919208641068655,0.97,equilibrium_files,deliberately_off_manifold_diagnostic,False,0.3514946633533841,0.6332566878010244,False,True
2864601_0.296,2864601_0.352,2864601_0.296:u005,2864601_0.352:u000,0.7481214570450451,0.6646985655733977,0.6272003901490023,0.8082637909503453,0.99449506069128,0.95,equilibrium_files,deliberately_off_manifold_diagnostic,False,0.2360011201780228,0.5072573738514473,False,True
2864601_0.296,2864601_0.352,2864601_0.296:u011,2864601_0.352:u011,0.822349346730663,0.7881050844664581,0.7546439932423523,0.8473982429275088,0.9502248741625902,1.0,equilibrium_files,deliberately_off_manifold_diagnostic,False,-0.059997401429490074,0.3092899045960355,False,True
2864601_0.296,2864601_0.352,2864601_0.296:u014,2864601_0.352:u019,0.9420989534301674,0.9479453543188767,0.9253844076814421,0.9873298745001985,0.9131702496501606,0.9,equilibrium_files,deliberately_off_manifold_diagnostic,False,0.24581119275051305,0.6342313346553418,False,True
2864601_0.296,2864601_0.352,2864601_0.296:u018,2864601_0.352:u016,0.96051958542885,0.9532318297726532,0.9247210240042254,0.9893068308530837,0.9963618156258479,1.0,equilibrium_files,deliberately_off_manifold_diagnostic,True,0.7827132120077485,0.8032536077339757,True,True
2864601_0.296,2864601_0.352,2864601_0.296:u020,2864601_0.352:u018,0.7688126932472712,0.6508818384541537,0.6480793113382234,0.9082757314336012,0.9873460101141897,1.0,equilibrium_files,deliberately_off_manifold_diagnostic,False,0.04055675534018988,0.11066609022089498,False,True
2864601_0.296,2864601_0.352,2864601_0.296:u021,2864601_0.352:u007,0.9621937529130692,0.9545518565765682,0.9289166002241188,0.9907924714795159,0.9949736078847996,1.0,equilibrium_files,deliberately_off_manifold_diagnostic,False,0.17885647222341478,0.8473150094067818,False,True
2864601_0.296,2864601_0.352,2864601_0.296:u023,2864601_0.352:u008,0.7803285165989181,0.6710144471077727,0.6698973498832648,0.9246342380604747,0.9656406494475593,0.68,equilibrium_files,deliberately_off_manifold_diagnostic,False,0.2671857359689353,0.09403878019946424,False,False
2864601_0.296,2864601_0.352,2864601_0.296:u024,2864601_0.352:u017,0.7371858839416647,0.657583712350389,0.575603074002368,0.8626537831590295,0.9734954570201587,1.0,equilibrium_files,deliberately_off_manifold_diagnostic,False,0.31524210390738683,0.32762438604075184,False,True
2864601_0.270,2864601_0.352,2864601_0.270:u000,2864601_0.352:u005,0.8023019143149593,0.6839521251774398,0.6622869601151505,0.9925694120901983,0.9995815315457128,0.93,equilibrium_files,deliberately_off_manifold_diagnostic,False,0.2237595688767771,0.6113272753453743,False,True
2864601_0.270,2864601_0.352,2864601_0.270:u003,2864601_0.352:u011,0.7485244859854847,0.6852370714297802,0.7032706044260155,0.6786256361177958,0.9812352800259342,0.92,equilibrium_files,deliberately_off_manifold_diagnostic,False,-0.045310409131512984,0.05926714467072241,False,True
2864601_0.270,2864601_0.352,2864601_0.270:u007,2864601_0.352:u019,0.9770696046349316,0.9729810552647178,0.9638374909253287,0.9959177100132846,0.9842024938763042,1.0,equilibrium_files,deliberately_off_manifold_diagnostic,True,0.7498563634959163,0.7605271801810236,True,True
2864601_0.270,2864601_0.352,2864601_0.270:u009,2864601_0.352:u010,0.7704043765975002,0.645839145153475,0.6151038313859838,0.9640315736448122,0.9965758445335006,0.82,equilibrium_files,deliberately_off_manifold_diagnostic,False,-0.21533034938078285,-0.05638828727223383,False,True
2864601_0.270,2864601_0.352,2864601_0.270:u011,2864601_0.352:u016,0.9358489173573046,0.941647902849015,0.913383859163277,0.9086067972588806,0.9880901465092046,1.0,equilibrium_files,deliberately_off_manifold_diagnostic,True,0.7943089352664346,0.800779734922542,True,True
2864601_0.270,2864601_0.352,2864601_0.270:u012,2864601_0.352:u007,0.9425291085208198,0.9243704900938474,0.9005866043679748,0.9780160185992874,0.9971938823120786,1.0,equilibrium_files,deliberately_off_manifold_diagnostic,False,0.40764428224670557,0.7598785820924457,False,True
2864601_0.270,2864601_0.352,2864601_0.270:u017,2864601_0.352:u018,0.7970497979935974,0.7179486540066814,0.7290945776446367,0.821168097734185,0.9935160447568251,1.0,equilibrium_files,deliberately_off_manifold_diagnostic,False,0.5976361162055035,0.4724914010704044,False,True
2864601_0.270,2864601_0.352,2864601_0.270:u025,2864601_0.352:u008,0.7423261262872394,0.6312584687796127,0.6821563675919275,0.7466133246184182,0.994895052260468,1.0,equilibrium_files,deliberately_off_manifold_diagnostic,True,0.5135812428570473,0.6376820284653049,True,True
2864601_0.270,2864601_0.352,2864601_0.270:u026,2864601_0.352:u009,0.8377555174553669,0.7576683387778882,0.7163049196798666,0.9950411918576544,0.9827765077325479,0.99,equilibrium_files,deliberately_off_manifold_diagnostic,False,0.3163926749218491,0.4644372295537737,False,True
