evidence_id,candidate_id,matrix_column,source_step,source_artifact,source_selector,source_fields,source_record_count,source_values_json,method_family,direction,direction_rule,direction_source,estimand,outcome,outcome_source,function_scope,cohort,regime,validity_tag,intervention,intervention_executed,machine_readable,uncertainty_unit,uncertainty_unit_source,summary
E04_FQ_U001_SHAPLEY,localized_f_Q_integrand_peak,bottleneck_shapley,S04,reports/xai/S04_artifacts/shapley_global.csv,"{""feature_id"":""2864601_0.437:u001"",""member_id"":""2864601_0.437"",""stratum"":""overall""}",method;mean_signed;mean_absolute;rms;variance_share;validity_tag,1,"[{""mean_absolute"":""0.4183336394447324"",""mean_signed"":""-0.0063559083473446664"",""method"":""exact_enumeration"",""rms"":""0.5832459675538877"",""validity_tag"":""deliberately_off_manifold_diagnostic"",""variance_share"":""0.10532968488587091""}]",bottleneck_credit,supports,"{""basis"":""upstream result interpretation; not used by the headline gate"",""kind"":""interpretive"",""value"":""supports""}",config.direction:interpretive_not_used_for_claim_gate,"native max(log Q, -2)","native max(log Q, -2)",config.estimand,invariant_tilde_f,S01 varied-gradient interpretation panel,all,deliberately_off_manifold_diagnostic,exact Shapley mean-background coalition diagnostic,True,True,not_applicable_no_interval_selected,not_applicable,The top member's u001 carries the largest exact bottleneck Shapley magnitude.
E05_FQ_U001_SEMANTICS,localized_f_Q_integrand_peak,unit_semantics,S05,reports/xai/S05_artifacts/unit_motifs.csv,"{""unit_id"":""2864601_0.437:u001""}",motif_status;claimed_concept;lag;lag_correlation;bootstrap_recurrence;selection_null_q95;validity_tag,1,"[{""bootstrap_recurrence"":""0.994"",""claimed_concept"":""f_Q_integrand_p3_Bm1__mean_w25"",""lag"":""23"",""lag_correlation"":""-0.3694081202042421"",""motif_status"":""supported_named_motif"",""selection_null_q95"":""0.06634460844133923"",""validity_tag"":""observed-comparison""}]",spatial_unit_semantics,supports,"{""basis"":""upstream result interpretation; not used by the headline gate"",""kind"":""interpretive"",""value"":""supports""}",config.direction:interpretive_not_used_for_claim_gate,"native max(log Q, -2)","native max(log Q, -2)",config.estimand,invariant_tilde_f,S01 varied-gradient interpretation panel,unstable-led with strata retained,observed-comparison,not_interventional,False,True,not_applicable_no_interval_selected,not_applicable,"u001 aligns with the 25-point f_Q-integrand motif, but only after a large lag."
E04_FQ_DIRECTION_REMOVAL,localized_f_Q_integrand_peak,supported_perturbation,S04,reports/xai/S04_artifacts/encoded_vs_used.csv,"{""member_id"":""2864601_0.437"",""stratum"":""overall"",""target"":""log_f_Q""}",encoded_linear_grouped_cv_r2;used_direction_removal_rms_delta;used_rms_per_edit_sd;random_direction_control_median_rms_per_edit_sd;direction_intervention_validity,1,"[{""direction_intervention_validity"":""deliberately_off_manifold_diagnostic"",""encoded_linear_grouped_cv_r2"":""0.8563508358191579"",""random_direction_control_median_rms_per_edit_sd"":""0.2502031755820999"",""used_direction_removal_rms_delta"":""0.8350566170050705"",""used_rms_per_edit_sd"":""0.656710517709018""}]",hidden_intervention,supports,"{""basis"":""upstream result interpretation; not used by the headline gate"",""kind"":""interpretive"",""value"":""supports""}",config.direction:interpretive_not_used_for_claim_gate,"native max(log Q, -2)","native max(log Q, -2)",config.estimand,invariant_tilde_f,S01 varied-gradient interpretation panel,all,deliberately_off_manifold_diagnostic,remove decoded log_f_Q bottleneck direction,True,True,not_applicable_no_interval_selected,not_applicable,Removing the decoded log_f_Q direction moves the native output more than random directions.
E08_FQ_ENCODING,localized_f_Q_integrand_peak,hidden_encoding,S08,reports/xai/S08_artifacts/probe_scores.csv,"{""concept"":""log_f_Q""}",member_id;layer_index;encoded_r2;encoded_r2_stable_or_near_floor;encoded_r2_unstable;permuted_r2,15,"[{""encoded_r2"":""0.6662505132647814"",""encoded_r2_stable_or_near_floor"":""0.7874905437723281"",""encoded_r2_unstable"":""0.6036093349852234"",""layer_index"":""0"",""member_id"":""2864601_0.437"",""permuted_r2"":""-0.00018144667313313434""},{""encoded_r2"":""0.8368762183989719"",""encoded_r2_stable_or_near_floor"":""0.8431165028945125"",""encoded_r2_unstable"":""0.8273460439941255"",""layer_index"":""1"",""member_id"":""2864601_0.437"",""permuted_r2"":""-0.0006930825071249647""},{""encoded_r2"":""0.8227834425148741"",""encoded_r2_stable_or_near_floor"":""0.8145867380423497"",""encoded_r2_unstable"":""0.8183863439282506"",""layer_index"":""2"",""member_id"":""2864601_0.437"",""permuted_r2"":""-0.0023118109857105384""},{""encoded_r2"":""0.8699366216898822"",""encoded_r2_stable_or_near_floor"":""0.8657783260640579"",""encoded_r2_unstable"":""0.8659707251905502"",""layer_index"":""3"",""member_id"":""2864601_0.437"",""permuted_r2"":""-0.003222772838918919""},{""encoded_r2"":""0.8568092815338719"",""encoded_r2_stable_or_near_floor"":""0.8772913346611686"",""encoded_r2_unstable"":""0.8424760225403641"",""layer_index"":""4"",""member_id"":""2864601_0.437"",""permuted_r2"":""-0.004364976284165101""},{""encoded_r2"":""0.8358410823557845"",""encoded_r2_stable_or_near_floor"":""0.8467983397688978"",""encoded_r2_unstable"":""0.8243901095084786"",""layer_index"":""0"",""member_id"":""2864601_0.371"",""permuted_r2"":""-0.0010774086358944501""},{""encoded_r2"":""0.8260592417826658"",""encoded_r2_stable_or_near_floor"":""0.8354674276662857"",""encoded_r2_unstable"":""0.8148017251868869"",""layer_index"":""1"",""member_id"":""2864601_0.371"",""permuted_r2"":""-0.006487901219521808""},{""encoded_r2"":""0.8036196440551774"",""encoded_r2_stable_or_near_floor"":""0.8140940616164157"",""encoded_r2_unstable"":""0.7909684890221094"",""layer_index"":""2"",""member_id"":""2864601_0.371"",""permuted_r2"":""-0.0023946726282109143""},{""encoded_r2"":""0.8439275075416688"",""encoded_r2_stable_or_near_floor"":""0.8618775510091938"",""encoded_r2_unstable"":""0.8300447051953073"",""layer_index"":""3"",""member_id"":""2864601_0.371"",""permuted_r2"":""-0.0013462235834396097""},{""encoded_r2"":""0.8642501693766378"",""encoded_r2_stable_or_near_floor"":""0.8871581094089305"",""encoded_r2_unstable"":""0.8492735723905388"",""layer_index"":""4"",""member_id"":""2864601_0.371"",""permuted_r2"":""-0.0022935585353380805""},{""encoded_r2"":""0.8323096681509095"",""encoded_r2_stable_or_near_floor"":""0.8303849723034765"",""encoded_r2_unstable"":""0.8258296242303198"",""layer_index"":""0"",""member_id"":""2864601_0.409"",""permuted_r2"":""-0.0020785615034597527""},{""encoded_r2"":""0.8515205194328743"",""encoded_r2_stable_or_near_floor"":""0.8627196619735586"",""encoded_r2_unstable"":""0.8406508178560339"",""layer_index"":""1"",""member_id"":""2864601_0.409"",""permuted_r2"":""-0.0016076891358240974""},{""encoded_r2"":""0.8224833624685592"",""encoded_r2_stable_or_near_floor"":""0.8392056040896547"",""encoded_r2_unstable"":""0.8081623345650681"",""layer_index"":""2"",""member_id"":""2864601_0.409"",""permuted_r2"":""-0.0007536512376054016""},{""encoded_r2"":""0.8815274823876178"",""encoded_r2_stable_or_near_floor"":""0.887903528838602"",""encoded_r2_unstable"":""0.873872599616606"",""layer_index"":""3"",""member_id"":""2864601_0.409"",""permuted_r2"":""-0.0008288851705622324""},{""encoded_r2"":""0.9038762882234375"",""encoded_r2_stable_or_near_floor"":""0.9100443707223378"",""encoded_r2_unstable"":""0.8972697638248084"",""layer_index"":""4"",""member_id"":""2864601_0.409"",""permuted_r2"":""-0.0005365757910542612""}]",hidden_probe,supports,"{""control_field"":""permuted_r2"",""encoded_field"":""encoded_r2"",""kind"":""probe_vs_permutation"",""minimum_gain"":0.1,""stable_field"":""encoded_r2_stable_or_near_floor"",""unstable_field"":""encoded_r2_unstable""}","config.direction_rule:probe_vs_permutation;median_gains=overall:0.838484,stable:0.848406,unstable:0.828954;minimum_gain=0.1","native max(log Q, -2)","native max(log Q, -2)",probe_scores.csv:estimand,invariant_tilde_f,S01 varied-gradient interpretation panel,all with stable and unstable retained,observed-comparison,not_interventional,False,True,not_applicable_no_interval_selected,not_applicable,log_f_Q is decodable across the top-three members and five hidden layers.
E08_FQ_USE,localized_f_Q_integrand_peak,hidden_intervention,S08,reports/xai/S08_artifacts/tcav_use.csv,"{""concept"":""log_f_Q""}",member_id;layer_index;mean_directional_derivative;intervention_to_scale_matched_random_ratio;use_claim_permitted;perturbation_validity_tag,15,"[{""intervention_to_scale_matched_random_ratio"":""0.6654309580777564"",""layer_index"":""0"",""mean_directional_derivative"":""-0.03344746306538582"",""member_id"":""2864601_0.437"",""perturbation_validity_tag"":""deliberately_off_manifold_diagnostic"",""use_claim_permitted"":""False""},{""intervention_to_scale_matched_random_ratio"":""1.1328537444410982"",""layer_index"":""1"",""mean_directional_derivative"":""0.12594999372959137"",""member_id"":""2864601_0.437"",""perturbation_validity_tag"":""deliberately_off_manifold_diagnostic"",""use_claim_permitted"":""True""},{""intervention_to_scale_matched_random_ratio"":""2.1412669026387436"",""layer_index"":""2"",""mean_directional_derivative"":""0.6124559044837952"",""member_id"":""2864601_0.437"",""perturbation_validity_tag"":""deliberately_off_manifold_diagnostic"",""use_claim_permitted"":""True""},{""intervention_to_scale_matched_random_ratio"":""1.881658020769386"",""layer_index"":""3"",""mean_directional_derivative"":""0.6125864386558533"",""member_id"":""2864601_0.437"",""perturbation_validity_tag"":""deliberately_off_manifold_diagnostic"",""use_claim_permitted"":""True""},{""intervention_to_scale_matched_random_ratio"":""1.6610694541640012"",""layer_index"":""4"",""mean_directional_derivative"":""0.5249394774436951"",""member_id"":""2864601_0.437"",""perturbation_validity_tag"":""deliberately_off_manifold_diagnostic"",""use_claim_permitted"":""True""},{""intervention_to_scale_matched_random_ratio"":""1.4310836063229435"",""layer_index"":""0"",""mean_directional_derivative"":""-0.6294673085212708"",""member_id"":""2864601_0.371"",""perturbation_validity_tag"":""deliberately_off_manifold_diagnostic"",""use_claim_permitted"":""True""},{""intervention_to_scale_matched_random_ratio"":""1.4925365669448092"",""layer_index"":""1"",""mean_directional_derivative"":""0.33432912826538086"",""member_id"":""2864601_0.371"",""perturbation_validity_tag"":""deliberately_off_manifold_diagnostic"",""use_claim_permitted"":""True""},{""intervention_to_scale_matched_random_ratio"":""1.9820766759316428"",""layer_index"":""2"",""mean_directional_derivative"":""0.36752375960350037"",""member_id"":""2864601_0.371"",""perturbation_validity_tag"":""deliberately_off_manifold_diagnostic"",""use_claim_permitted"":""True""},{""intervention_to_scale_matched_random_ratio"":""1.4486076885215686"",""layer_index"":""3"",""mean_directional_derivative"":""0.35694456100463867"",""member_id"":""2864601_0.371"",""perturbation_validity_tag"":""deliberately_off_manifold_diagnostic"",""use_claim_permitted"":""True""},{""intervention_to_scale_matched_random_ratio"":""1.3260895451734216"",""layer_index"":""4"",""mean_directional_derivative"":""0.21728156507015228"",""member_id"":""2864601_0.371"",""perturbation_validity_tag"":""deliberately_off_manifold_diagnostic"",""use_claim_permitted"":""True""},{""intervention_to_scale_matched_random_ratio"":""0.9708137292197112"",""layer_index"":""0"",""mean_directional_derivative"":""-0.2681010961532593"",""member_id"":""2864601_0.409"",""perturbation_validity_tag"":""deliberately_off_manifold_diagnostic"",""use_claim_permitted"":""False""},{""intervention_to_scale_matched_random_ratio"":""0.9757326056302574"",""layer_index"":""1"",""mean_directional_derivative"":""0.2312951683998108"",""member_id"":""2864601_0.409"",""perturbation_validity_tag"":""deliberately_off_manifold_diagnostic"",""use_claim_permitted"":""False""},{""intervention_to_scale_matched_random_ratio"":""1.828828563899686"",""layer_index"":""2"",""mean_directional_derivative"":""0.8505998253822327"",""member_id"":""2864601_0.409"",""perturbation_validity_tag"":""deliberately_off_manifold_diagnostic"",""use_claim_permitted"":""True""},{""intervention_to_scale_matched_random_ratio"":""2.8688336669018315"",""layer_index"":""3"",""mean_directional_derivative"":""1.3957349061965942"",""member_id"":""2864601_0.409"",""perturbation_validity_tag"":""deliberately_off_manifold_diagnostic"",""use_claim_permitted"":""True""},{""intervention_to_scale_matched_random_ratio"":""1.5039036072921148"",""layer_index"":""4"",""mean_directional_derivative"":""0.8485115170478821"",""member_id"":""2864601_0.409"",""perturbation_validity_tag"":""deliberately_off_manifold_diagnostic"",""use_claim_permitted"":""True""}]",hidden_intervention,regime-dependent,"{""field"":""use_claim_permitted"",""kind"":""tcav_pass_fraction""}",config.direction_rule:tcav_pass_fraction;use_claim_permitted=12/15,"native max(log Q, -2)","native max(log Q, -2)",tcav_use.csv:estimand,invariant_tilde_f,S01 96-row registered hidden-intervention subset,pooled claim with regime checks retained,deliberately_off_manifold_diagnostic,edit hidden state along matched log_f_Q concept direction,True,True,not_applicable_no_interval_selected,not_applicable,The complete encoding-plus-use gate passes in 12/15 log_f_Q member/layer cells.
E10_FQ_MOTIF,localized_f_Q_integrand_peak,cross_model_consensus,S10,reports/xai/S10_artifacts/motif_catalog.csv,"{""motif_id"":""motif_001""}",unit_ids;member_count;minimum_recurrence;minimum_causal_similarity;s05_supported_unit_count;interpretive_label,1,"[{""interpretive_label"":""f_Q_integrand_p3_Bm1__mean_w25"",""member_count"":""7"",""minimum_causal_similarity"":""0.7080908576391702"",""minimum_recurrence"":""1.0"",""s05_supported_unit_count"":""1"",""unit_ids"":""2864601_0.340:u022|2864601_0.352:u007|2864601_0.355:u027|2864601_0.371:u017|2864601_0.386:u001|2864601_0.409:u021|2864601_0.437:u001""}]",cross_model_functional_matching,supports,"{""basis"":""upstream result interpretation; not used by the headline gate"",""kind"":""interpretive"",""value"":""supports""}",config.direction:interpretive_not_used_for_claim_gate,"native max(log Q, -2)","native max(log Q, -2)",config.estimand,invariant_tilde_f member functions,S01 varied-gradient interpretation panel,stable and unstable gates both required,deliberately_off_manifold_diagnostic,matched hidden-unit mean replacement,True,True,not_applicable_no_interval_selected,not_applicable,A seven-member functional motif is tentatively anchored by u001; only one matched unit has the supported name.
E12_FQ_RECURRENCE,localized_f_Q_integrand_peak,distillation,S12,reports/xai/S12_artifacts/term_recurrence.csv,"{""feature_name"":""f_Q_integrand_w25_peak"",""target_kind"":""member_output""}",target_id;top_k_recurrence;median_importance;importance_ci95_lower;importance_ci95_upper;bootstrap_unit,3,"[{""bootstrap_unit"":""equilibrium_files"",""importance_ci95_lower"":""0.08251485328063869"",""importance_ci95_upper"":""0.15688175949565739"",""median_importance"":""0.12209485273149775"",""target_id"":""2864601_0.437"",""top_k_recurrence"":""0.8333333333333334""},{""bootstrap_unit"":""equilibrium_files"",""importance_ci95_lower"":""0.09163685737878936"",""importance_ci95_upper"":""0.16398944912454058"",""median_importance"":""0.13256919397375674"",""target_id"":""2864601_0.371"",""top_k_recurrence"":""0.8333333333333334""},{""bootstrap_unit"":""equilibrium_files"",""importance_ci95_lower"":""0.08799105684595279"",""importance_ci95_upper"":""0.19516175832707933"",""median_importance"":""0.13014227620373464"",""target_id"":""2864601_0.409"",""top_k_recurrence"":""0.8666666666666667""}]",distillation,supports,"{""field"":""top_k_recurrence"",""kind"":""recurrence_across_members"",""support_threshold"":0.5}",config.direction_rule:recurrence_across_members;range=0.833333-0.866667;support_threshold=0.5,"native max(log Q, -2)","native max(log Q, -2)",config.estimand,three invariant_tilde_f member functions,S01 varied-gradient interpretation panel,all,observed-comparison,not_interventional,False,True,equilibrium_files,reports/xai/S12_artifacts/term_recurrence.csv:bootstrap_unit,The localized peak recurs in 0.83-0.87 of member-output EBM bootstrap refits.
E07_FQ_QZ,localized_f_Q_integrand_peak,Q_z,S07,reports/xai/S07_artifacts/spatial_alignment.csv,"{""gradient_set"":""varied"",""mode"":""signed"",""source_family"":""s05_density"",""source_id"":""2864601_0.437:u001"",""stratum"":""unstable""}",circular_spearman;circular_spearman_ci95_lower;circular_spearman_ci95_upper;best_lag;best_lag_within_tolerance_recurrence;bootstrap_unit;plasma_claims_permitted,1,"[{""best_lag"":""22"",""best_lag_within_tolerance_recurrence"":""0.912"",""bootstrap_unit"":""equilibrium_files"",""circular_spearman"":""-0.360511998599993"",""circular_spearman_ci95_lower"":""-0.3883653797328812"",""circular_spearman_ci95_upper"":""-0.332533286776065"",""plasma_claims_permitted"":""True""}]",gx_spatial_observation,mixed,"{""correlation_field"":""circular_spearman"",""kind"":""signed_spatial_association"",""lag_field"":""best_lag""}",config.direction_rule:signed_spatial_association;median_correlation=-0.360512;median_lag=22,"native max(log Q, -2)","native max(log Q, -2)",config.estimand,invariant_tilde_f density compared with held-out GX Q(z),S01 varied-gradient interpretation panel,unstable,observed-comparison,not_interventional,False,True,equilibrium_files,reports/xai/S07_artifacts/spatial_alignment.csv:bootstrap_unit,"u001 density is negatively and laggedly associated with Q(z), not co-located with high transport."
E13_FQ_ZONAL,localized_f_Q_integrand_peak,zonal_flow,S13,reports/xai/S13_artifacts/fixed_associations.csv,"{""candidate"":""f_Q_integrand_w25_peak"",""gradient_set"":""fixed"",""outcome"":""log10_zonal_phi2"",""regime"":""all""}",spearman_rho;ci95_lower;ci95_upper;bootstrap_unit;claim_grade,1,"[{""bootstrap_unit"":""equilibrium_files"",""ci95_lower"":""0.21446837768464933"",""ci95_upper"":""0.3441255146012989"",""claim_grade"":""observational-physical"",""spearman_rho"":""0.274985650985651""}]",gx_scalar_observation,descriptive,"{""basis"":""upstream result interpretation; not used by the headline gate"",""kind"":""interpretive"",""value"":""descriptive""}",config.direction:interpretive_not_used_for_claim_gate,"native max(log Q, -2)",log10_zonal_phi2,fixed_associations.csv:outcome,observed GX fixed-drive outcome,S01 fixed-gradient comparison panel,all,observed-comparison,not_interventional,False,True,equilibrium_files,reports/xai/S13_artifacts/fixed_associations.csv:bootstrap_unit,"The localized peak has a modest fixed-drive zonal association, not an isolated mechanism."
E13_FQ_NATIVE_ASSOCIATION,localized_f_Q_integrand_peak,natural_experiment,S13,reports/xai/S13_artifacts/fixed_associations.csv,"{""candidate"":""f_Q_integrand_w25_peak"",""gradient_set"":""fixed"",""outcome"":""target_native"",""regime"":""all""}",rows;spearman_rho;ci95_lower;ci95_upper;bootstrap_replicates;bootstrap_unit;validity_tag;claim_grade,1,"[{""bootstrap_replicates"":""500"",""bootstrap_unit"":""equilibrium_files"",""ci95_lower"":""0.7780339061407684"",""ci95_upper"":""0.8340791093676506"",""claim_grade"":""observational-physical"",""rows"":""1000"",""spearman_rho"":""0.8071523595642384"",""validity_tag"":""observed-comparison""}]",gx_scalar_observation,supports,"{""basis"":""upstream result interpretation; not used by the headline gate"",""kind"":""interpretive"",""value"":""supports""}",config.direction:interpretive_not_used_for_claim_gate,"native max(log Q, -2)",target_native,fixed_associations.csv:outcome,observed GX native output,S01 fixed-gradient comparison panel,all,observed-comparison,not_interventional,False,True,equilibrium_files,reports/xai/S13_artifacts/fixed_associations.csv:bootstrap_unit,The localized peak has a strong grouped-bootstrap rank association with native GX output.
E13_FQ_NATURAL,localized_f_Q_integrand_peak,natural_experiment,S13,reports/xai/S13_artifacts/candidate_ranking.csv,"{""candidate"":""f_Q_integrand_w25_peak""}",claim_grade;matched_native_effect;aipw_native_effect;aipw_native_ci95_lower;aipw_native_ci95_upper;aipw_resolved_fold_count;max_abs_nuisance_smd_after;aipw_overlap_fraction;causal_claim_permitted,1,"[{""aipw_native_ci95_lower"":""-0.14491885437152224"",""aipw_native_ci95_upper"":""0.38014612010805615"",""aipw_native_effect"":""0.08355283626885508"",""aipw_overlap_fraction"":""0.232"",""aipw_resolved_fold_count"":""0"",""causal_claim_permitted"":""False"",""claim_grade"":""observational-physical"",""matched_native_effect"":""1.5978442611361576"",""max_abs_nuisance_smd_after"":""4.150938629839606""}]",natural_experiment,unresolved,"{""field"":""aipw_resolved_fold_count"",""kind"":""resolved_fold_count"",""total"":7}",config.direction_rule:resolved_fold_count;aipw_resolved_fold_count=0/7,"native max(log Q, -2)","native max(log Q, -2)",config.estimand,observed GX native output,S01 fixed-gradient comparison panel,all,observed-comparison,not_interventional,False,True,equilibrium_files,reports/xai/S13_artifacts/manifest.json:split_unit,Strong raw/matched association becomes unresolved after adjustment; balance and overlap fail.
E04_FSTAB_DIRECTION_REMOVAL,f_stab,supported_perturbation,S04,reports/xai/S04_artifacts/encoded_vs_used.csv,"{""member_id"":""2864601_0.437"",""stratum"":""overall"",""target"":""f_stab""}",encoded_linear_grouped_cv_r2;used_direction_removal_rms_delta;used_rms_per_edit_sd;random_direction_control_median_rms_per_edit_sd;direction_intervention_validity,1,"[{""direction_intervention_validity"":""deliberately_off_manifold_diagnostic"",""encoded_linear_grouped_cv_r2"":""0.7240393112904239"",""random_direction_control_median_rms_per_edit_sd"":""0.2502031755820999"",""used_direction_removal_rms_delta"":""0.4284942855823193"",""used_rms_per_edit_sd"":""0.5063159415464793""}]",hidden_intervention,supports,"{""basis"":""upstream result interpretation; not used by the headline gate"",""kind"":""interpretive"",""value"":""supports""}",config.direction:interpretive_not_used_for_claim_gate,"native max(log Q, -2)","native max(log Q, -2)",config.estimand,invariant_tilde_f,S01 varied-gradient interpretation panel,all,deliberately_off_manifold_diagnostic,remove decoded f_stab bottleneck direction,True,True,not_applicable_no_interval_selected,not_applicable,Removing the decoded f_stab direction changes the top member more than random directions.
E08_FSTAB_ENCODING,f_stab,hidden_encoding,S08,reports/xai/S08_artifacts/probe_scores.csv,"{""concept"":""f_stab""}",member_id;layer_index;encoded_r2;encoded_r2_stable_or_near_floor;encoded_r2_unstable;permuted_r2,15,"[{""encoded_r2"":""0.77704086624156"",""encoded_r2_stable_or_near_floor"":""0.8343065298156546"",""encoded_r2_unstable"":""0.7525828674056144"",""layer_index"":""0"",""member_id"":""2864601_0.437"",""permuted_r2"":""-0.00024223340875106913""},{""encoded_r2"":""0.8728057232869844"",""encoded_r2_stable_or_near_floor"":""0.9095078949903802"",""encoded_r2_unstable"":""0.8576095642145929"",""layer_index"":""1"",""member_id"":""2864601_0.437"",""permuted_r2"":""-0.0032949178278141034""},{""encoded_r2"":""0.8900386346851858"",""encoded_r2_stable_or_near_floor"":""0.9065079983814266"",""encoded_r2_unstable"":""0.8816056360649664"",""layer_index"":""2"",""member_id"":""2864601_0.437"",""permuted_r2"":""-0.0041839766607352225""},{""encoded_r2"":""0.8172043460211786"",""encoded_r2_stable_or_near_floor"":""0.8537561087848657"",""encoded_r2_unstable"":""0.8003576399098563"",""layer_index"":""3"",""member_id"":""2864601_0.437"",""permuted_r2"":""-0.0012821006732379736""},{""encoded_r2"":""0.727070535600705"",""encoded_r2_stable_or_near_floor"":""0.7693808702528198"",""encoded_r2_unstable"":""0.7056977993686214"",""layer_index"":""4"",""member_id"":""2864601_0.437"",""permuted_r2"":""-0.007060653839449538""},{""encoded_r2"":""0.8697760625979492"",""encoded_r2_stable_or_near_floor"":""0.9042832350788166"",""encoded_r2_unstable"":""0.855164099020004"",""layer_index"":""0"",""member_id"":""2864601_0.371"",""permuted_r2"":""-0.004249494830579126""},{""encoded_r2"":""0.8756187360851674"",""encoded_r2_stable_or_near_floor"":""0.9050525160724829"",""encoded_r2_unstable"":""0.8627490756124032"",""layer_index"":""1"",""member_id"":""2864601_0.371"",""permuted_r2"":""-0.003089396825042501""},{""encoded_r2"":""0.8073484940539426"",""encoded_r2_stable_or_near_floor"":""0.8572534077578051"",""encoded_r2_unstable"":""0.7860845811899427"",""layer_index"":""2"",""member_id"":""2864601_0.371"",""permuted_r2"":""-0.004424171568043311""},{""encoded_r2"":""0.7625430402161348"",""encoded_r2_stable_or_near_floor"":""0.8203298510006992"",""encoded_r2_unstable"":""0.7374819226520376"",""layer_index"":""3"",""member_id"":""2864601_0.371"",""permuted_r2"":""-0.0012223688135590827""},{""encoded_r2"":""0.7657873794978394"",""encoded_r2_stable_or_near_floor"":""0.8285348767983423"",""encoded_r2_unstable"":""0.739296032106775"",""layer_index"":""4"",""member_id"":""2864601_0.371"",""permuted_r2"":""-0.0018851290362495998""},{""encoded_r2"":""0.8689319655011323"",""encoded_r2_stable_or_near_floor"":""0.8755316068933088"",""encoded_r2_unstable"":""0.8628973734654969"",""layer_index"":""0"",""member_id"":""2864601_0.409"",""permuted_r2"":""-0.0024314161231933085""},{""encoded_r2"":""0.840461167976743"",""encoded_r2_stable_or_near_floor"":""0.9050616099679272"",""encoded_r2_unstable"":""0.8156775984257654"",""layer_index"":""1"",""member_id"":""2864601_0.409"",""permuted_r2"":""-0.002657174799976403""},{""encoded_r2"":""0.847794535555227"",""encoded_r2_stable_or_near_floor"":""0.89101469645766"",""encoded_r2_unstable"":""0.8298257342435962"",""layer_index"":""2"",""member_id"":""2864601_0.409"",""permuted_r2"":""-0.000954327065914029""},{""encoded_r2"":""0.8756100600321205"",""encoded_r2_stable_or_near_floor"":""0.9124555119292359"",""encoded_r2_unstable"":""0.8604553179125748"",""layer_index"":""3"",""member_id"":""2864601_0.409"",""permuted_r2"":""-0.0017048862346971116""},{""encoded_r2"":""0.8679204242388996"",""encoded_r2_stable_or_near_floor"":""0.9088408860399699"",""encoded_r2_unstable"":""0.8512747852510317"",""layer_index"":""4"",""member_id"":""2864601_0.409"",""permuted_r2"":""-0.0017936813824954712""}]",hidden_probe,supports,"{""control_field"":""permuted_r2"",""encoded_field"":""encoded_r2"",""kind"":""probe_vs_permutation"",""minimum_gain"":0.1,""stable_field"":""encoded_r2_stable_or_near_floor"",""unstable_field"":""encoded_r2_unstable""}","config.direction_rule:probe_vs_permutation;median_gains=overall:0.850226,stable:0.893446,unstable:0.832257;minimum_gain=0.1","native max(log Q, -2)","native max(log Q, -2)",probe_scores.csv:estimand,invariant_tilde_f,S01 varied-gradient interpretation panel,all with stable and unstable retained,observed-comparison,not_interventional,False,True,not_applicable_no_interval_selected,not_applicable,f_stab is encoded throughout the top-three hidden representations.
E08_FSTAB_USE,f_stab,hidden_intervention,S08,reports/xai/S08_artifacts/tcav_use.csv,"{""concept"":""f_stab""}",member_id;layer_index;mean_directional_derivative;intervention_to_scale_matched_random_ratio;use_claim_permitted;perturbation_validity_tag,15,"[{""intervention_to_scale_matched_random_ratio"":""1.5303735405625625"",""layer_index"":""0"",""mean_directional_derivative"":""0.16066457331180573"",""member_id"":""2864601_0.437"",""perturbation_validity_tag"":""deliberately_off_manifold_diagnostic"",""use_claim_permitted"":""True""},{""intervention_to_scale_matched_random_ratio"":""2.0027069389211647"",""layer_index"":""1"",""mean_directional_derivative"":""0.19490213692188263"",""member_id"":""2864601_0.437"",""perturbation_validity_tag"":""deliberately_off_manifold_diagnostic"",""use_claim_permitted"":""True""},{""intervention_to_scale_matched_random_ratio"":""2.3331896753079677"",""layer_index"":""2"",""mean_directional_derivative"":""0.6556951403617859"",""member_id"":""2864601_0.437"",""perturbation_validity_tag"":""deliberately_off_manifold_diagnostic"",""use_claim_permitted"":""True""},{""intervention_to_scale_matched_random_ratio"":""2.1901522584970325"",""layer_index"":""3"",""mean_directional_derivative"":""0.6379668116569519"",""member_id"":""2864601_0.437"",""perturbation_validity_tag"":""deliberately_off_manifold_diagnostic"",""use_claim_permitted"":""True""},{""intervention_to_scale_matched_random_ratio"":""2.020899249953768"",""layer_index"":""4"",""mean_directional_derivative"":""0.6775656342506409"",""member_id"":""2864601_0.437"",""perturbation_validity_tag"":""deliberately_off_manifold_diagnostic"",""use_claim_permitted"":""True""},{""intervention_to_scale_matched_random_ratio"":""1.03091174268572"",""layer_index"":""0"",""mean_directional_derivative"":""0.327287882566452"",""member_id"":""2864601_0.371"",""perturbation_validity_tag"":""deliberately_off_manifold_diagnostic"",""use_claim_permitted"":""True""},{""intervention_to_scale_matched_random_ratio"":""2.6032549226499264"",""layer_index"":""1"",""mean_directional_derivative"":""0.583551824092865"",""member_id"":""2864601_0.371"",""perturbation_validity_tag"":""deliberately_off_manifold_diagnostic"",""use_claim_permitted"":""True""},{""intervention_to_scale_matched_random_ratio"":""2.2332255968153105"",""layer_index"":""2"",""mean_directional_derivative"":""0.42226433753967285"",""member_id"":""2864601_0.371"",""perturbation_validity_tag"":""deliberately_off_manifold_diagnostic"",""use_claim_permitted"":""True""},{""intervention_to_scale_matched_random_ratio"":""1.3608666658535762"",""layer_index"":""3"",""mean_directional_derivative"":""0.42867064476013184"",""member_id"":""2864601_0.371"",""perturbation_validity_tag"":""deliberately_off_manifold_diagnostic"",""use_claim_permitted"":""True""},{""intervention_to_scale_matched_random_ratio"":""1.6210454621124664"",""layer_index"":""4"",""mean_directional_derivative"":""0.24403171241283417"",""member_id"":""2864601_0.371"",""perturbation_validity_tag"":""deliberately_off_manifold_diagnostic"",""use_claim_permitted"":""True""},{""intervention_to_scale_matched_random_ratio"":""1.3181301499012255"",""layer_index"":""0"",""mean_directional_derivative"":""0.40424537658691406"",""member_id"":""2864601_0.409"",""perturbation_validity_tag"":""deliberately_off_manifold_diagnostic"",""use_claim_permitted"":""True""},{""intervention_to_scale_matched_random_ratio"":""1.8544176441375688"",""layer_index"":""1"",""mean_directional_derivative"":""0.7311602234840393"",""member_id"":""2864601_0.409"",""perturbation_validity_tag"":""deliberately_off_manifold_diagnostic"",""use_claim_permitted"":""True""},{""intervention_to_scale_matched_random_ratio"":""1.8019064030961567"",""layer_index"":""2"",""mean_directional_derivative"":""1.0545250177383423"",""member_id"":""2864601_0.409"",""perturbation_validity_tag"":""deliberately_off_manifold_diagnostic"",""use_claim_permitted"":""True""},{""intervention_to_scale_matched_random_ratio"":""1.6546028906812476"",""layer_index"":""3"",""mean_directional_derivative"":""1.087239384651184"",""member_id"":""2864601_0.409"",""perturbation_validity_tag"":""deliberately_off_manifold_diagnostic"",""use_claim_permitted"":""True""},{""intervention_to_scale_matched_random_ratio"":""1.6294611099544545"",""layer_index"":""4"",""mean_directional_derivative"":""0.8994103074073792"",""member_id"":""2864601_0.409"",""perturbation_validity_tag"":""deliberately_off_manifold_diagnostic"",""use_claim_permitted"":""True""}]",hidden_intervention,supports,"{""field"":""use_claim_permitted"",""kind"":""tcav_pass_fraction""}",config.direction_rule:tcav_pass_fraction;use_claim_permitted=15/15,"native max(log Q, -2)","native max(log Q, -2)",tcav_use.csv:estimand,invariant_tilde_f,S01 96-row registered hidden-intervention subset,pooled claim with regime checks retained,deliberately_off_manifold_diagnostic,edit hidden state along matched f_stab concept direction,True,True,not_applicable_no_interval_selected,not_applicable,f_stab passes the complete S08 encoding-and-use gate in all 15 member/layer cells.
E12_FSTAB_RECURRENCE,f_stab,distillation,S12,reports/xai/S12_artifacts/term_recurrence.csv,"{""feature_name"":""f_stab"",""target_kind"":""member_output""}",target_id;top_k_recurrence;median_importance;importance_ci95_lower;importance_ci95_upper;bootstrap_unit,3,"[{""bootstrap_unit"":""equilibrium_files"",""importance_ci95_lower"":""0.09033088035808368"",""importance_ci95_upper"":""0.1978327393159466"",""median_importance"":""0.14114326139428526"",""target_id"":""2864601_0.437"",""top_k_recurrence"":""0.8666666666666667""},{""bootstrap_unit"":""equilibrium_files"",""importance_ci95_lower"":""0.09269908885467147"",""importance_ci95_upper"":""0.18637329740080388"",""median_importance"":""0.1465721617887917"",""target_id"":""2864601_0.371"",""top_k_recurrence"":""0.9""},{""bootstrap_unit"":""equilibrium_files"",""importance_ci95_lower"":""0.09591657913124854"",""importance_ci95_upper"":""0.19862781538258212"",""median_importance"":""0.1579307331985068"",""target_id"":""2864601_0.409"",""top_k_recurrence"":""0.8333333333333334""}]",distillation,supports,"{""field"":""top_k_recurrence"",""kind"":""recurrence_across_members"",""support_threshold"":0.5}",config.direction_rule:recurrence_across_members;range=0.833333-0.9;support_threshold=0.5,"native max(log Q, -2)","native max(log Q, -2)",config.estimand,three invariant_tilde_f member functions,S01 varied-gradient interpretation panel,all,observed-comparison,not_interventional,False,True,equilibrium_files,reports/xai/S12_artifacts/term_recurrence.csv:bootstrap_unit,f_stab recurs in 0.83-0.90 of member-output EBM bootstrap refits.
E13_FSTAB_QZ,f_stab,Q_z,S13,reports/xai/S13_artifacts/fixed_associations.csv,"{""candidate"":""f_stab"",""gradient_set"":""fixed"",""outcome"":""Qz_localization"",""regime"":""all""}",spearman_rho;ci95_lower;ci95_upper;bootstrap_unit,1,"[{""bootstrap_unit"":""equilibrium_files"",""ci95_lower"":""0.04811644428514258"",""ci95_upper"":""0.17840069312237228"",""spearman_rho"":""0.11316236916236916""}]",gx_spatial_observation,descriptive,"{""basis"":""upstream result interpretation; not used by the headline gate"",""kind"":""interpretive"",""value"":""descriptive""}",config.direction:interpretive_not_used_for_claim_gate,"native max(log Q, -2)",Qz_localization,fixed_associations.csv:outcome,observed GX fixed-drive outcome,S01 fixed-gradient comparison panel,all,observed-comparison,not_interventional,False,True,equilibrium_files,reports/xai/S13_artifacts/fixed_associations.csv:bootstrap_unit,f_stab has a modest fixed-drive association with Q(z) localization.
E13_FSTAB_ZONAL,f_stab,zonal_flow,S13,reports/xai/S13_artifacts/fixed_associations.csv,"{""candidate"":""f_stab"",""gradient_set"":""fixed"",""outcome"":""log10_zonal_phi2"",""regime"":""all""}",spearman_rho;ci95_lower;ci95_upper;bootstrap_unit,1,"[{""bootstrap_unit"":""equilibrium_files"",""ci95_lower"":""0.5371533582743907"",""ci95_upper"":""0.6372786476228499"",""spearman_rho"":""0.5920508800508801""}]",gx_scalar_observation,supports,"{""basis"":""upstream result interpretation; not used by the headline gate"",""kind"":""interpretive"",""value"":""supports""}",config.direction:interpretive_not_used_for_claim_gate,"native max(log Q, -2)",log10_zonal_phi2,fixed_associations.csv:outcome,observed GX fixed-drive outcome,S01 fixed-gradient comparison panel,all,observed-comparison,not_interventional,False,True,equilibrium_files,reports/xai/S13_artifacts/fixed_associations.csv:bootstrap_unit,f_stab has the strongest raw fixed-drive zonal association among the four S13 candidates.
E13_FSTAB_NATIVE_ASSOCIATION,f_stab,natural_experiment,S13,reports/xai/S13_artifacts/fixed_associations.csv,"{""candidate"":""f_stab"",""gradient_set"":""fixed"",""outcome"":""target_native"",""regime"":""all""}",rows;spearman_rho;ci95_lower;ci95_upper;bootstrap_replicates;bootstrap_unit;validity_tag;claim_grade,1,"[{""bootstrap_replicates"":""500"",""bootstrap_unit"":""equilibrium_files"",""ci95_lower"":""0.6127893788315454"",""ci95_upper"":""0.7030907230643982"",""claim_grade"":""observational-physical"",""rows"":""1000"",""spearman_rho"":""0.6594262249670656"",""validity_tag"":""observed-comparison""}]",gx_scalar_observation,supports,"{""basis"":""upstream result interpretation; not used by the headline gate"",""kind"":""interpretive"",""value"":""supports""}",config.direction:interpretive_not_used_for_claim_gate,"native max(log Q, -2)",target_native,fixed_associations.csv:outcome,observed GX native output,S01 fixed-gradient comparison panel,all,observed-comparison,not_interventional,False,True,equilibrium_files,reports/xai/S13_artifacts/fixed_associations.csv:bootstrap_unit,f_stab has a resolved grouped-bootstrap rank association with native GX output.
E13_FSTAB_NATURAL,f_stab,natural_experiment,S13,reports/xai/S13_artifacts/candidate_ranking.csv,"{""candidate"":""f_stab""}",claim_grade;matched_native_effect;aipw_native_effect;aipw_native_ci95_lower;aipw_native_ci95_upper;aipw_resolved_fold_count;max_abs_nuisance_smd_after;aipw_overlap_fraction;causal_claim_permitted,1,"[{""aipw_native_ci95_lower"":""-0.06910820180281886"",""aipw_native_ci95_upper"":""0.3949733996484793"",""aipw_native_effect"":""0.1913093576462909"",""aipw_overlap_fraction"":""0.446"",""aipw_resolved_fold_count"":""4"",""causal_claim_permitted"":""False"",""claim_grade"":""observational-physical"",""matched_native_effect"":""1.4861600168157683"",""max_abs_nuisance_smd_after"":""2.1921022729505095""}]",natural_experiment,regime-dependent,"{""field"":""aipw_resolved_fold_count"",""kind"":""resolved_fold_count"",""total"":7}",config.direction_rule:resolved_fold_count;aipw_resolved_fold_count=4/7,"native max(log Q, -2)","native max(log Q, -2)",config.estimand,observed GX native output,S01 fixed-gradient comparison panel,all,observed-comparison,not_interventional,False,True,equilibrium_files,reports/xai/S13_artifacts/manifest.json:split_unit,f_stab has positive observational contrasts but fails causal balance and overlap gates.
E05_BAD_SEMANTICS,bad_curvature_compression,unit_semantics,S05,reports/xai/S05_artifacts/unit_motifs.csv,"{""unit_id"":""2864601_0.437:u001""}",motif_status;claimed_concept;lag;lag_correlation;bootstrap_recurrence,1,"[{""bootstrap_recurrence"":""0.994"",""claimed_concept"":""f_Q_integrand_p3_Bm1__mean_w25"",""lag"":""23"",""lag_correlation"":""-0.3694081202042421"",""motif_status"":""supported_named_motif""}]",spatial_unit_semantics,supports,"{""basis"":""upstream result interpretation; not used by the headline gate"",""kind"":""interpretive"",""value"":""supports""}",config.direction:interpretive_not_used_for_claim_gate,"native max(log Q, -2)","native max(log Q, -2)",config.estimand,invariant_tilde_f,S01 varied-gradient interpretation panel,unstable-led with strata retained,observed-comparison,not_interventional,False,True,not_applicable_no_interval_selected,not_applicable,The strongest named unit lies in the bad-curvature/flux-compression/f_Q family.
E06_BAD_CHANNEL_ATTRIBUTION,bad_curvature_compression,input_attribution,S06b,reports/xai/S06b_artifacts/channel_consensus.csv,"{""channel_name"":""gbdrift0_over_shat"",""function"":""invariant_tilde_f"",""gradient_set"":""varied"",""method"":""ig_low_pass"",""stratum"":""unstable""}",median_signed;median_absolute;sign_agreement;estimand;validity_tag;feature_claims_permitted;estimator_backend,1,"[{""estimand"":""native max(log Q, -2)"",""estimator_backend"":""integrated_gradients_captum"",""feature_claims_permitted"":""True"",""median_absolute"":""0.0026095691653521477"",""median_signed"":""0.00013138486351927354"",""sign_agreement"":""0.7447916666666666"",""validity_tag"":""deliberately_off_manifold_diagnostic""}]",gradient_path,supports,"{""basis"":""upstream result interpretation; not used by the headline gate"",""kind"":""interpretive"",""value"":""supports""}",config.direction:interpretive_not_used_for_claim_gate,"native max(log Q, -2)","native max(log Q, -2)",channel_consensus.csv:estimand,invariant_tilde_f,S01 varied-gradient interpretation panel,unstable,deliberately_off_manifold_diagnostic,restore short-scale content along low-pass Integrated Gradients path,True,True,not_applicable_no_interval_selected,not_applicable,A radial-drift-related channel is often largest along the qualified low-pass path.
E08_BAD_ENCODING,bad_curvature_compression,hidden_encoding,S08,reports/xai/S08_artifacts/probe_scores.csv,"{""concept"":""bad_curvature""}",member_id;layer_index;encoded_r2;encoded_r2_stable_or_near_floor;encoded_r2_unstable;permuted_r2,15,"[{""encoded_r2"":""0.9885166596486687"",""encoded_r2_stable_or_near_floor"":""0.9795153156700782"",""encoded_r2_unstable"":""0.9898792555582082"",""layer_index"":""0"",""member_id"":""2864601_0.437"",""permuted_r2"":""-0.003489515284592404""},{""encoded_r2"":""0.9635700985316547"",""encoded_r2_stable_or_near_floor"":""0.9543948550439469"",""encoded_r2_unstable"":""0.9648334134104698"",""layer_index"":""1"",""member_id"":""2864601_0.437"",""permuted_r2"":""-0.0019194613215114398""},{""encoded_r2"":""0.8327848798782881"",""encoded_r2_stable_or_near_floor"":""0.8309287542193601"",""encoded_r2_unstable"":""0.8322284049339127"",""layer_index"":""2"",""member_id"":""2864601_0.437"",""permuted_r2"":""-0.002051511774118442""},{""encoded_r2"":""0.8695815471615285"",""encoded_r2_stable_or_near_floor"":""0.8185243761073052"",""encoded_r2_unstable"":""0.8769787777706665"",""layer_index"":""3"",""member_id"":""2864601_0.437"",""permuted_r2"":""-0.0018905386458345497""},{""encoded_r2"":""0.5167161346058384"",""encoded_r2_stable_or_near_floor"":""0.5299468268816102"",""encoded_r2_unstable"":""0.5121724078257265"",""layer_index"":""4"",""member_id"":""2864601_0.437"",""permuted_r2"":""-0.003681298414046408""},{""encoded_r2"":""0.9930533546495018"",""encoded_r2_stable_or_near_floor"":""0.9920229521329736"",""encoded_r2_unstable"":""0.9931807217596621"",""layer_index"":""0"",""member_id"":""2864601_0.371"",""permuted_r2"":""-0.0020971504342157665""},{""encoded_r2"":""0.9616076481924936"",""encoded_r2_stable_or_near_floor"":""0.9256327724127459"",""encoded_r2_unstable"":""0.9670915266541819"",""layer_index"":""1"",""member_id"":""2864601_0.371"",""permuted_r2"":""-0.0009440000443858843""},{""encoded_r2"":""0.6178159925970073"",""encoded_r2_stable_or_near_floor"":""0.7109133814836538"",""encoded_r2_unstable"":""0.6011782815251463"",""layer_index"":""2"",""member_id"":""2864601_0.371"",""permuted_r2"":""-0.0016208222816771478""},{""encoded_r2"":""0.5334701784535105"",""encoded_r2_stable_or_near_floor"":""0.39817228702042085"",""encoded_r2_unstable"":""0.5524579721824388"",""layer_index"":""3"",""member_id"":""2864601_0.371"",""permuted_r2"":""-0.0028605703642843316""},{""encoded_r2"":""0.5367458104712655"",""encoded_r2_stable_or_near_floor"":""0.4888680917921354"",""encoded_r2_unstable"":""0.5419502817850333"",""layer_index"":""4"",""member_id"":""2864601_0.371"",""permuted_r2"":""-0.0028028526905559126""},{""encoded_r2"":""0.9861016190662045"",""encoded_r2_stable_or_near_floor"":""0.9871955008349098"",""encoded_r2_unstable"":""0.9858583352567986"",""layer_index"":""0"",""member_id"":""2864601_0.409"",""permuted_r2"":""-0.0007988133105933937""},{""encoded_r2"":""0.973371442434201"",""encoded_r2_stable_or_near_floor"":""0.9716412914331166"",""encoded_r2_unstable"":""0.973509283159265"",""layer_index"":""1"",""member_id"":""2864601_0.409"",""permuted_r2"":""-0.00021768580126613202""},{""encoded_r2"":""0.42743822352360517"",""encoded_r2_stable_or_near_floor"":""0.4730404353855696"",""encoded_r2_unstable"":""0.4173308515152476"",""layer_index"":""2"",""member_id"":""2864601_0.409"",""permuted_r2"":""-0.0010716343223189373""},{""encoded_r2"":""0.6121129301743216"",""encoded_r2_stable_or_near_floor"":""0.6326684087767134"",""encoded_r2_unstable"":""0.6068975588195407"",""layer_index"":""3"",""member_id"":""2864601_0.409"",""permuted_r2"":""-0.0018475200185203988""},{""encoded_r2"":""0.6920220915050297"",""encoded_r2_stable_or_near_floor"":""0.6531235719111029"",""encoded_r2_unstable"":""0.6965979533202282"",""layer_index"":""4"",""member_id"":""2864601_0.409"",""permuted_r2"":""-0.001589547530724822""}]",hidden_probe,supports,"{""control_field"":""permuted_r2"",""encoded_field"":""encoded_r2"",""kind"":""probe_vs_permutation"",""minimum_gain"":0.1,""stable_field"":""encoded_r2_stable_or_near_floor"",""unstable_field"":""encoded_r2_unstable""}","config.direction_rule:probe_vs_permutation;median_gains=overall:0.834675,stable:0.820415,unstable:0.834119;minimum_gain=0.1","native max(log Q, -2)","native max(log Q, -2)",probe_scores.csv:estimand,invariant_tilde_f,S01 varied-gradient interpretation panel,all with stable and unstable retained,observed-comparison,not_interventional,False,True,not_applicable_no_interval_selected,not_applicable,Bad curvature is strongly decodable throughout the top-three hidden representations.
E08_BAD_USE,bad_curvature_compression,hidden_intervention,S08,reports/xai/S08_artifacts/tcav_use.csv,"{""concept"":""bad_curvature""}",member_id;layer_index;mean_directional_derivative;mean_directional_derivative_stable_or_near_floor;mean_directional_derivative_unstable;use_claim_permitted,15,"[{""layer_index"":""0"",""mean_directional_derivative"":""-0.17732678353786469"",""mean_directional_derivative_stable_or_near_floor"":""0.07175179570913315"",""mean_directional_derivative_unstable"":""-0.26503047347068787"",""member_id"":""2864601_0.437"",""use_claim_permitted"":""True""},{""layer_index"":""1"",""mean_directional_derivative"":""-0.10799580067396164"",""mean_directional_derivative_stable_or_near_floor"":""0.0853695273399353"",""mean_directional_derivative_unstable"":""-0.17608219385147095"",""member_id"":""2864601_0.437"",""use_claim_permitted"":""True""},{""layer_index"":""2"",""mean_directional_derivative"":""-0.13626974821090698"",""mean_directional_derivative_stable_or_near_floor"":""0.2050873190164566"",""mean_directional_derivative_unstable"":""-0.256465882062912"",""member_id"":""2864601_0.437"",""use_claim_permitted"":""False""},{""layer_index"":""3"",""mean_directional_derivative"":""0.17070530354976654"",""mean_directional_derivative_stable_or_near_floor"":""0.1689590960741043"",""mean_directional_derivative_unstable"":""0.1713201403617859"",""member_id"":""2864601_0.437"",""use_claim_permitted"":""True""},{""layer_index"":""4"",""mean_directional_derivative"":""0.13582800328731537"",""mean_directional_derivative_stable_or_near_floor"":""0.14244444668293"",""mean_directional_derivative_unstable"":""0.13349826633930206"",""member_id"":""2864601_0.437"",""use_claim_permitted"":""True""},{""layer_index"":""0"",""mean_directional_derivative"":""-0.7026743292808533"",""mean_directional_derivative_stable_or_near_floor"":""0.02074326016008854"",""mean_directional_derivative_unstable"":""-0.9573988318443298"",""member_id"":""2864601_0.371"",""use_claim_permitted"":""True""},{""layer_index"":""1"",""mean_directional_derivative"":""-0.1607614904642105"",""mean_directional_derivative_stable_or_near_floor"":""0.1643354743719101"",""mean_directional_derivative_unstable"":""-0.2752322256565094"",""member_id"":""2864601_0.371"",""use_claim_permitted"":""False""},{""layer_index"":""2"",""mean_directional_derivative"":""0.17967312037944794"",""mean_directional_derivative_stable_or_near_floor"":""0.3762524425983429"",""mean_directional_derivative_unstable"":""0.11045502126216888"",""member_id"":""2864601_0.371"",""use_claim_permitted"":""False""},{""layer_index"":""3"",""mean_directional_derivative"":""0.0839005634188652"",""mean_directional_derivative_stable_or_near_floor"":""0.11163999885320663"",""mean_directional_derivative_unstable"":""0.07413316518068314"",""member_id"":""2864601_0.371"",""use_claim_permitted"":""False""},{""layer_index"":""4"",""mean_directional_derivative"":""0.05678076669573784"",""mean_directional_derivative_stable_or_near_floor"":""0.04495872184634209"",""mean_directional_derivative_unstable"":""0.06094345077872276"",""member_id"":""2864601_0.371"",""use_claim_permitted"":""False""},{""layer_index"":""0"",""mean_directional_derivative"":""-0.45959222316741943"",""mean_directional_derivative_stable_or_near_floor"":""0.2536858320236206"",""mean_directional_derivative_unstable"":""-0.7107464671134949"",""member_id"":""2864601_0.409"",""use_claim_permitted"":""True""},{""layer_index"":""1"",""mean_directional_derivative"":""-0.05526956915855408"",""mean_directional_derivative_stable_or_near_floor"":""0.14603833854198456"",""mean_directional_derivative_unstable"":""-0.1261526495218277"",""member_id"":""2864601_0.409"",""use_claim_permitted"":""False""},{""layer_index"":""2"",""mean_directional_derivative"":""0.37560024857521057"",""mean_directional_derivative_stable_or_near_floor"":""0.5004431009292603"",""mean_directional_derivative_unstable"":""0.3316415250301361"",""member_id"":""2864601_0.409"",""use_claim_permitted"":""True""},{""layer_index"":""3"",""mean_directional_derivative"":""0.20336782932281494"",""mean_directional_derivative_stable_or_near_floor"":""0.27730706334114075"",""mean_directional_derivative_unstable"":""0.17733289301395416"",""member_id"":""2864601_0.409"",""use_claim_permitted"":""False""},{""layer_index"":""4"",""mean_directional_derivative"":""0.24531041085720062"",""mean_directional_derivative_stable_or_near_floor"":""0.15083232522010803"",""mean_directional_derivative_unstable"":""0.27857735753059387"",""member_id"":""2864601_0.409"",""use_claim_permitted"":""False""}]",hidden_intervention,regime-dependent,"{""field"":""use_claim_permitted"",""kind"":""tcav_pass_fraction""}",config.direction_rule:tcav_pass_fraction;use_claim_permitted=7/15,"native max(log Q, -2)","native max(log Q, -2)",tcav_use.csv:estimand,invariant_tilde_f,S01 96-row registered hidden-intervention subset,pooled claim with regime checks retained,deliberately_off_manifold_diagnostic,edit hidden state along matched bad-curvature concept direction,True,True,not_applicable_no_interval_selected,not_applicable,"Bad-curvature use passes 7/15 cells, with signs changing across depth and regime."
E10_BAD_MOTIF,bad_curvature_compression,cross_model_consensus,S10,reports/xai/S10_artifacts/motif_catalog.csv,"{""motif_id"":""motif_001""}",member_count;minimum_recurrence;minimum_causal_similarity;s05_supported_unit_count;interpretive_label,1,"[{""interpretive_label"":""f_Q_integrand_p3_Bm1__mean_w25"",""member_count"":""7"",""minimum_causal_similarity"":""0.7080908576391702"",""minimum_recurrence"":""1.0"",""s05_supported_unit_count"":""1""}]",cross_model_functional_matching,mixed,"{""basis"":""upstream result interpretation; not used by the headline gate"",""kind"":""interpretive"",""value"":""mixed""}",config.direction:interpretive_not_used_for_claim_gate,"native max(log Q, -2)","native max(log Q, -2)",config.estimand,invariant_tilde_f member functions,S01 varied-gradient interpretation panel,stable and unstable gates both required,deliberately_off_manifold_diagnostic,matched hidden-unit mean replacement,True,True,not_applicable_no_interval_selected,not_applicable,"The f_Q-family motif spans seven members, but only one matched unit has the semantic name."
E09_BAD_DRIVE_DEPENDENCE,bad_curvature_compression,distillation,S09,reports/xai/S09_artifacts/interaction_summary.csv,"{""concept"":""bad_curvature"",""drive"":""a_over_LT"",""regime"":""all""}",bin_index;median_slope;minimum_slope;maximum_slope;member_sign_agreement;validity_tag,3,"[{""bin_index"":""0"",""maximum_slope"":""-0.7267643199920499"",""median_slope"":""-0.8577743457208834"",""member_sign_agreement"":""1.0"",""minimum_slope"":""-0.9717118673464619"",""validity_tag"":""observed-comparison""},{""bin_index"":""1"",""maximum_slope"":""0.2609391555108703"",""median_slope"":""0.24447774082932267"",""member_sign_agreement"":""1.0"",""minimum_slope"":""0.22978750855570862"",""validity_tag"":""observed-comparison""},{""bin_index"":""2"",""maximum_slope"":""0.36439596847525546"",""median_slope"":""0.3556052197971871"",""member_sign_agreement"":""1.0"",""minimum_slope"":""0.3411233556124108"",""validity_tag"":""observed-comparison""}]",concept_completeness,mixed,"{""basis"":""upstream result interpretation; not used by the headline gate"",""kind"":""interpretive"",""value"":""mixed""}",config.direction:interpretive_not_used_for_claim_gate,"native max(log Q, -2)","native max(log Q, -2)",config.estimand,three invariant_tilde_f member decoders,S01 varied-gradient interpretation panel,drive bins,observed-comparison,not_interventional,False,True,not_applicable_no_interval_selected,not_applicable,"Bad-curvature point slopes reverse sign with temperature drive in all three members, but the contrast is unresolved."
E12_BAD_RECURRENCE,bad_curvature_compression,distillation,S12,reports/xai/S12_artifacts/term_recurrence.csv,"{""feature_name"":""bad_curvature_compression"",""target_kind"":""member_output""}",target_id;top_k_recurrence;median_importance;importance_ci95_lower;importance_ci95_upper;bootstrap_unit,3,"[{""bootstrap_unit"":""equilibrium_files"",""importance_ci95_lower"":""0.0789030254972261"",""importance_ci95_upper"":""0.1247486915100426"",""median_importance"":""0.09886109001102521"",""target_id"":""2864601_0.437"",""top_k_recurrence"":""0.16666666666666666""},{""bootstrap_unit"":""equilibrium_files"",""importance_ci95_lower"":""0.06859909983341914"",""importance_ci95_upper"":""0.13473091654886352"",""median_importance"":""0.10831643771249772"",""target_id"":""2864601_0.371"",""top_k_recurrence"":""0.36666666666666664""},{""bootstrap_unit"":""equilibrium_files"",""importance_ci95_lower"":""0.06341385436474427"",""importance_ci95_upper"":""0.14488982130741596"",""median_importance"":""0.10667301446657548"",""target_id"":""2864601_0.409"",""top_k_recurrence"":""0.43333333333333335""}]",distillation,mixed,"{""field"":""top_k_recurrence"",""kind"":""recurrence_across_members"",""support_threshold"":0.5}",config.direction_rule:recurrence_across_members;range=0.166667-0.433333;support_threshold=0.5,"native max(log Q, -2)","native max(log Q, -2)",config.estimand,three invariant_tilde_f member functions,S01 varied-gradient interpretation panel,all,observed-comparison,not_interventional,False,True,equilibrium_files,reports/xai/S12_artifacts/term_recurrence.csv:bootstrap_unit,Bad-curvature/compression has modest top-five term recurrence despite a large registered interaction surface.
E13_BAD_QZ,bad_curvature_compression,Q_z,S13,reports/xai/S13_artifacts/fixed_associations.csv,"{""candidate"":""bad_curvature_compression"",""gradient_set"":""fixed"",""outcome"":""Qz_localization"",""regime"":""all""}",spearman_rho;ci95_lower;ci95_upper;bootstrap_unit,1,"[{""bootstrap_unit"":""equilibrium_files"",""ci95_lower"":""0.4590114573486443"",""ci95_upper"":""0.5527634204498468"",""spearman_rho"":""0.5081228853791651""}]",gx_spatial_observation,supports,"{""basis"":""upstream result interpretation; not used by the headline gate"",""kind"":""interpretive"",""value"":""supports""}",config.direction:interpretive_not_used_for_claim_gate,"native max(log Q, -2)",Qz_localization,fixed_associations.csv:outcome,observed GX fixed-drive outcome,S01 fixed-gradient comparison panel,all,observed-comparison,not_interventional,False,True,equilibrium_files,reports/xai/S13_artifacts/fixed_associations.csv:bootstrap_unit,Bad-curvature/compression is strongly associated with Q(z) localization at fixed drive.
E13_BAD_ZONAL,bad_curvature_compression,zonal_flow,S13,reports/xai/S13_artifacts/fixed_associations.csv,"{""candidate"":""bad_curvature_compression"",""gradient_set"":""fixed"",""outcome"":""log10_zonal_phi2"",""regime"":""all""}",spearman_rho;ci95_lower;ci95_upper;bootstrap_unit,1,"[{""bootstrap_unit"":""equilibrium_files"",""ci95_lower"":""0.2151058041728769"",""ci95_upper"":""0.3512363963337304"",""spearman_rho"":""0.28260285683369546""}]",gx_scalar_observation,descriptive,"{""basis"":""upstream result interpretation; not used by the headline gate"",""kind"":""interpretive"",""value"":""descriptive""}",config.direction:interpretive_not_used_for_claim_gate,"native max(log Q, -2)",log10_zonal_phi2,fixed_associations.csv:outcome,observed GX fixed-drive outcome,S01 fixed-gradient comparison panel,all,observed-comparison,not_interventional,False,True,equilibrium_files,reports/xai/S13_artifacts/fixed_associations.csv:bootstrap_unit,Bad-curvature/compression has a modest fixed-drive zonal association.
E13_BAD_NATIVE_ASSOCIATION,bad_curvature_compression,natural_experiment,S13,reports/xai/S13_artifacts/fixed_associations.csv,"{""candidate"":""bad_curvature_compression"",""gradient_set"":""fixed"",""outcome"":""target_native"",""regime"":""all""}",rows;spearman_rho;ci95_lower;ci95_upper;bootstrap_replicates;bootstrap_unit;validity_tag;claim_grade,1,"[{""bootstrap_replicates"":""500"",""bootstrap_unit"":""equilibrium_files"",""ci95_lower"":""0.777057810331127"",""ci95_upper"":""0.8352448117275125"",""claim_grade"":""observational-physical"",""rows"":""1000"",""spearman_rho"":""0.8078416864672553"",""validity_tag"":""observed-comparison""}]",gx_scalar_observation,supports,"{""basis"":""upstream result interpretation; not used by the headline gate"",""kind"":""interpretive"",""value"":""supports""}",config.direction:interpretive_not_used_for_claim_gate,"native max(log Q, -2)",target_native,fixed_associations.csv:outcome,observed GX native output,S01 fixed-gradient comparison panel,all,observed-comparison,not_interventional,False,True,equilibrium_files,reports/xai/S13_artifacts/fixed_associations.csv:bootstrap_unit,Bad-curvature/compression has a strong grouped-bootstrap rank association with native GX output.
E13_BAD_NATURAL,bad_curvature_compression,natural_experiment,S13,reports/xai/S13_artifacts/candidate_ranking.csv,"{""candidate"":""bad_curvature_compression""}",claim_grade;matched_native_effect;aipw_native_effect;aipw_native_ci95_lower;aipw_native_ci95_upper;aipw_resolved_fold_count;max_abs_nuisance_smd_after;aipw_overlap_fraction;causal_claim_permitted,1,"[{""aipw_native_ci95_lower"":""0.001434531793437324"",""aipw_native_ci95_upper"":""0.47601802379243113"",""aipw_native_effect"":""0.2032154631225817"",""aipw_overlap_fraction"":""0.246"",""aipw_resolved_fold_count"":""2"",""causal_claim_permitted"":""False"",""claim_grade"":""observational-physical"",""matched_native_effect"":""1.878127909437645"",""max_abs_nuisance_smd_after"":""3.7465191250190304""}]",natural_experiment,regime-dependent,"{""field"":""aipw_resolved_fold_count"",""kind"":""resolved_fold_count"",""total"":7}",config.direction_rule:resolved_fold_count;aipw_resolved_fold_count=2/7,"native max(log Q, -2)","native max(log Q, -2)",config.estimand,observed GX native output,S01 fixed-gradient comparison panel,all,observed-comparison,not_interventional,False,True,equilibrium_files,reports/xai/S13_artifacts/manifest.json:split_unit,Bad-curvature has strong raw association but its adjusted resolution survives only 2/7 fold assignments.
E04_GEO_U008_SHAPLEY,geodesic_curvature_compression,bottleneck_shapley,S04,reports/xai/S04_artifacts/shapley_global.csv,"{""feature_id"":""2864601_0.437:u008"",""member_id"":""2864601_0.437"",""stratum"":""overall""}",method;mean_signed;mean_absolute;rms;variance_share;validity_tag,1,"[{""mean_absolute"":""0.17009012714697747"",""mean_signed"":""0.004175568943785038"",""method"":""exact_enumeration"",""rms"":""0.2139561414169985"",""validity_tag"":""deliberately_off_manifold_diagnostic"",""variance_share"":""0.023961497664631955""}]",bottleneck_credit,supports,"{""basis"":""upstream result interpretation; not used by the headline gate"",""kind"":""interpretive"",""value"":""supports""}",config.direction:interpretive_not_used_for_claim_gate,"native max(log Q, -2)","native max(log Q, -2)",config.estimand,invariant_tilde_f,S01 varied-gradient interpretation panel,all,deliberately_off_manifold_diagnostic,exact Shapley mean-background coalition diagnostic,True,True,not_applicable_no_interval_selected,not_applicable,u008 is the top member's second-largest named bottleneck unit by exact Shapley magnitude.
E05_GEO_U008_SEMANTICS,geodesic_curvature_compression,unit_semantics,S05,reports/xai/S05_artifacts/unit_motifs.csv,"{""unit_id"":""2864601_0.437:u008""}",motif_status;claimed_concept;lag;lag_correlation;bootstrap_recurrence;selection_null_q95,1,"[{""bootstrap_recurrence"":""0.988"",""claimed_concept"":""radial_drift_geodesic_curvature__mean_w25"",""lag"":""-39"",""lag_correlation"":""-0.3150370488547432"",""motif_status"":""supported_named_motif"",""selection_null_q95"":""0.05669277402510291""}]",spatial_unit_semantics,supports,"{""basis"":""upstream result interpretation; not used by the headline gate"",""kind"":""interpretive"",""value"":""supports""}",config.direction:interpretive_not_used_for_claim_gate,"native max(log Q, -2)","native max(log Q, -2)",config.estimand,invariant_tilde_f,S01 varied-gradient interpretation panel,unstable-led with strata retained,observed-comparison,not_interventional,False,True,not_applicable_no_interval_selected,not_applicable,u008 aligns with a smoothed radial-drift/geodesic-curvature motif at a large lag.
E08_GEO_ENCODING,geodesic_curvature_compression,hidden_encoding,S08,reports/xai/S08_artifacts/probe_scores.csv,"{""concept"":""geodesic_curvature""}",member_id;layer_index;encoded_r2;encoded_r2_stable_or_near_floor;encoded_r2_unstable;permuted_r2,15,"[{""encoded_r2"":""0.8405042844018631"",""encoded_r2_stable_or_near_floor"":""0.882652821134511"",""encoded_r2_unstable"":""0.8264558617040438"",""layer_index"":""0"",""member_id"":""2864601_0.437"",""permuted_r2"":""-0.002579342967895748""},{""encoded_r2"":""0.8475959109065738"",""encoded_r2_stable_or_near_floor"":""0.8486344047604031"",""encoded_r2_unstable"":""0.84506778502148"",""layer_index"":""1"",""member_id"":""2864601_0.437"",""permuted_r2"":""-0.000638059145950276""},{""encoded_r2"":""0.8207037663776053"",""encoded_r2_stable_or_near_floor"":""0.8473490860570023"",""encoded_r2_unstable"":""0.8106695290136539"",""layer_index"":""2"",""member_id"":""2864601_0.437"",""permuted_r2"":""-0.0032275856786514456""},{""encoded_r2"":""0.7430520471354443"",""encoded_r2_stable_or_near_floor"":""0.7516909933051521"",""encoded_r2_unstable"":""0.7368769254915233"",""layer_index"":""3"",""member_id"":""2864601_0.437"",""permuted_r2"":""-0.001749505689790709""},{""encoded_r2"":""0.5481237941633053"",""encoded_r2_stable_or_near_floor"":""0.6433763682191789"",""encoded_r2_unstable"":""0.515031770956557"",""layer_index"":""4"",""member_id"":""2864601_0.437"",""permuted_r2"":""-0.000597914606198735""},{""encoded_r2"":""0.965529797063226"",""encoded_r2_stable_or_near_floor"":""0.9697383494815844"",""encoded_r2_unstable"":""0.9638545241830341"",""layer_index"":""0"",""member_id"":""2864601_0.371"",""permuted_r2"":""-0.003408493991834627""},{""encoded_r2"":""0.8253289770252112"",""encoded_r2_stable_or_near_floor"":""0.8370208404676797"",""encoded_r2_unstable"":""0.8195152209855645"",""layer_index"":""1"",""member_id"":""2864601_0.371"",""permuted_r2"":""-0.0032735915854367192""},{""encoded_r2"":""0.6134630907325243"",""encoded_r2_stable_or_near_floor"":""0.616901371939085"",""encoded_r2_unstable"":""0.6068277228404024"",""layer_index"":""2"",""member_id"":""2864601_0.371"",""permuted_r2"":""-0.002117358488196608""},{""encoded_r2"":""0.5498097617951685"",""encoded_r2_stable_or_near_floor"":""0.5956975731622398"",""encoded_r2_unstable"":""0.5304508928001297"",""layer_index"":""3"",""member_id"":""2864601_0.371"",""permuted_r2"":""-0.002550397275431493""},{""encoded_r2"":""0.5315311134936253"",""encoded_r2_stable_or_near_floor"":""0.5755041335902837"",""encoded_r2_unstable"":""0.5124353493569874"",""layer_index"":""4"",""member_id"":""2864601_0.371"",""permuted_r2"":""-0.0008772399384113783""},{""encoded_r2"":""0.9433583416384081"",""encoded_r2_stable_or_near_floor"":""0.9580760497804716"",""encoded_r2_unstable"":""0.9384388893164122"",""layer_index"":""0"",""member_id"":""2864601_0.409"",""permuted_r2"":""-0.0013609857328293895""},{""encoded_r2"":""0.8703272643961583"",""encoded_r2_stable_or_near_floor"":""0.8956434570498752"",""encoded_r2_unstable"":""0.8613913900074409"",""layer_index"":""1"",""member_id"":""2864601_0.409"",""permuted_r2"":""-0.0015508229514749061""},{""encoded_r2"":""0.7065278994762166"",""encoded_r2_stable_or_near_floor"":""0.7662611019367083"",""encoded_r2_unstable"":""0.6856273666360029"",""layer_index"":""2"",""member_id"":""2864601_0.409"",""permuted_r2"":""-0.00278082689350323""},{""encoded_r2"":""0.6399333885911704"",""encoded_r2_stable_or_near_floor"":""0.7037689050270337"",""encoded_r2_unstable"":""0.6169149838337351"",""layer_index"":""3"",""member_id"":""2864601_0.409"",""permuted_r2"":""-0.0025740744547573247""},{""encoded_r2"":""0.649117066037834"",""encoded_r2_stable_or_near_floor"":""0.7093061512393564"",""encoded_r2_unstable"":""0.6272462231093577"",""layer_index"":""4"",""member_id"":""2864601_0.409"",""permuted_r2"":""-0.0012868211399930107""}]",hidden_probe,supports,"{""control_field"":""permuted_r2"",""encoded_field"":""encoded_r2"",""kind"":""probe_vs_permutation"",""minimum_gain"":0.1,""stable_field"":""encoded_r2_stable_or_near_floor"",""unstable_field"":""encoded_r2_unstable""}","config.direction_rule:probe_vs_permutation;median_gains=overall:0.745169,stable:0.768378,unstable:0.738994;minimum_gain=0.1","native max(log Q, -2)","native max(log Q, -2)",probe_scores.csv:estimand,invariant_tilde_f,S01 varied-gradient interpretation panel,all with stable and unstable retained,observed-comparison,not_interventional,False,True,not_applicable_no_interval_selected,not_applicable,Geodesic curvature is strongly decodable across hidden layers.
E08_GEO_USE,geodesic_curvature_compression,hidden_intervention,S08,reports/xai/S08_artifacts/tcav_use.csv,"{""concept"":""geodesic_curvature""}",member_id;layer_index;mean_directional_derivative;mean_directional_derivative_stable_or_near_floor;mean_directional_derivative_unstable;use_claim_permitted,15,"[{""layer_index"":""0"",""mean_directional_derivative"":""-0.19638411700725555"",""mean_directional_derivative_stable_or_near_floor"":""0.04492936655879021"",""mean_directional_derivative_unstable"":""-0.2813536524772644"",""member_id"":""2864601_0.437"",""use_claim_permitted"":""True""},{""layer_index"":""1"",""mean_directional_derivative"":""-0.15063415467739105"",""mean_directional_derivative_stable_or_near_floor"":""0.06410706788301468"",""mean_directional_derivative_unstable"":""-0.22624725103378296"",""member_id"":""2864601_0.437"",""use_claim_permitted"":""True""},{""layer_index"":""2"",""mean_directional_derivative"":""-0.16580618917942047"",""mean_directional_derivative_stable_or_near_floor"":""0.12655910849571228"",""mean_directional_derivative_unstable"":""-0.2687516510486603"",""member_id"":""2864601_0.437"",""use_claim_permitted"":""False""},{""layer_index"":""3"",""mean_directional_derivative"":""0.21863853931427002"",""mean_directional_derivative_stable_or_near_floor"":""0.19319671392440796"",""mean_directional_derivative_unstable"":""0.22759689390659332"",""member_id"":""2864601_0.437"",""use_claim_permitted"":""True""},{""layer_index"":""4"",""mean_directional_derivative"":""0.1474170833826065"",""mean_directional_derivative_stable_or_near_floor"":""0.1251692771911621"",""mean_directional_derivative_unstable"":""0.15525075793266296"",""member_id"":""2864601_0.437"",""use_claim_permitted"":""True""},{""layer_index"":""0"",""mean_directional_derivative"":""-0.746497631072998"",""mean_directional_derivative_stable_or_near_floor"":""-0.023742912337183952"",""mean_directional_derivative_unstable"":""-1.0009887218475342"",""member_id"":""2864601_0.371"",""use_claim_permitted"":""True""},{""layer_index"":""1"",""mean_directional_derivative"":""-0.24648790061473846"",""mean_directional_derivative_stable_or_near_floor"":""0.11921555548906326"",""mean_directional_derivative_unstable"":""-0.37525674700737"",""member_id"":""2864601_0.371"",""use_claim_permitted"":""True""},{""layer_index"":""2"",""mean_directional_derivative"":""0.13082273304462433"",""mean_directional_derivative_stable_or_near_floor"":""0.2661150097846985"",""mean_directional_derivative_unstable"":""0.083184614777565"",""member_id"":""2864601_0.371"",""use_claim_permitted"":""False""},{""layer_index"":""3"",""mean_directional_derivative"":""0.13399235904216766"",""mean_directional_derivative_stable_or_near_floor"":""0.12973839044570923"",""mean_directional_derivative_unstable"":""0.13549020886421204"",""member_id"":""2864601_0.371"",""use_claim_permitted"":""True""},{""layer_index"":""4"",""mean_directional_derivative"":""0.07661562412977219"",""mean_directional_derivative_stable_or_near_floor"":""0.04243700951337814"",""mean_directional_derivative_unstable"":""0.08865034580230713"",""member_id"":""2864601_0.371"",""use_claim_permitted"":""False""},{""layer_index"":""0"",""mean_directional_derivative"":""-0.5544989705085754"",""mean_directional_derivative_stable_or_near_floor"":""0.21218816936016083"",""mean_directional_derivative_unstable"":""-0.8244591951370239"",""member_id"":""2864601_0.409"",""use_claim_permitted"":""True""},{""layer_index"":""1"",""mean_directional_derivative"":""-0.27196720242500305"",""mean_directional_derivative_stable_or_near_floor"":""0.09389214217662811"",""mean_directional_derivative_unstable"":""-0.4007909595966339"",""member_id"":""2864601_0.409"",""use_claim_permitted"":""False""},{""layer_index"":""2"",""mean_directional_derivative"":""0.3457828760147095"",""mean_directional_derivative_stable_or_near_floor"":""0.46779781579971313"",""mean_directional_derivative_unstable"":""0.30281996726989746"",""member_id"":""2864601_0.409"",""use_claim_permitted"":""False""},{""layer_index"":""3"",""mean_directional_derivative"":""0.37112900614738464"",""mean_directional_derivative_stable_or_near_floor"":""0.37350764870643616"",""mean_directional_derivative_unstable"":""0.37029141187667847"",""member_id"":""2864601_0.409"",""use_claim_permitted"":""True""},{""layer_index"":""4"",""mean_directional_derivative"":""0.2654106914997101"",""mean_directional_derivative_stable_or_near_floor"":""0.11611234396696091"",""mean_directional_derivative_unstable"":""0.31798049807548523"",""member_id"":""2864601_0.409"",""use_claim_permitted"":""True""}]",hidden_intervention,regime-dependent,"{""field"":""use_claim_permitted"",""kind"":""tcav_pass_fraction""}",config.direction_rule:tcav_pass_fraction;use_claim_permitted=10/15,"native max(log Q, -2)","native max(log Q, -2)",tcav_use.csv:estimand,invariant_tilde_f,S01 96-row registered hidden-intervention subset,pooled claim with regime checks retained,deliberately_off_manifold_diagnostic,edit hidden state along matched geodesic-curvature concept direction,True,True,not_applicable_no_interval_selected,not_applicable,Geodesic-curvature use passes 10/15 cells and changes sign with depth.
E12_GEO_RECURRENCE,geodesic_curvature_compression,distillation,S12,reports/xai/S12_artifacts/term_recurrence.csv,"{""feature_name"":""geodesic_curvature_compression"",""target_kind"":""member_output""}",target_id;top_k_recurrence;median_importance;importance_ci95_lower;importance_ci95_upper;bootstrap_unit,3,"[{""bootstrap_unit"":""equilibrium_files"",""importance_ci95_lower"":""0.0673083656830327"",""importance_ci95_upper"":""0.15782806311712966"",""median_importance"":""0.1154659866401522"",""target_id"":""2864601_0.437"",""top_k_recurrence"":""0.6""},{""bootstrap_unit"":""equilibrium_files"",""importance_ci95_lower"":""0.05953239038782195"",""importance_ci95_upper"":""0.14851727399081274"",""median_importance"":""0.09899785640353947"",""target_id"":""2864601_0.371"",""top_k_recurrence"":""0.26666666666666666""},{""bootstrap_unit"":""equilibrium_files"",""importance_ci95_lower"":""0.04989701055146313"",""importance_ci95_upper"":""0.14368521336654538"",""median_importance"":""0.0992257152377602"",""target_id"":""2864601_0.409"",""top_k_recurrence"":""0.36666666666666664""}]",distillation,regime-dependent,"{""field"":""top_k_recurrence"",""kind"":""recurrence_across_members"",""support_threshold"":0.5}",config.direction_rule:recurrence_across_members;range=0.266667-0.6;support_threshold=0.5,"native max(log Q, -2)","native max(log Q, -2)",config.estimand,three invariant_tilde_f member functions,S01 varied-gradient interpretation panel,all,observed-comparison,not_interventional,False,True,equilibrium_files,reports/xai/S12_artifacts/term_recurrence.csv:bootstrap_unit,Geodesic/compression recurrence is only 0.27-0.60 across member-output refits.
E13_GEO_QZ,geodesic_curvature_compression,Q_z,S13,reports/xai/S13_artifacts/fixed_associations.csv,"{""candidate"":""geodesic_curvature_compression"",""gradient_set"":""fixed"",""outcome"":""Qz_localization"",""regime"":""all""}",spearman_rho;ci95_lower;ci95_upper;bootstrap_unit,1,"[{""bootstrap_unit"":""equilibrium_files"",""ci95_lower"":""0.040362225459665314"",""ci95_upper"":""0.15791103878094248"",""spearman_rho"":""0.101983433983434""}]",gx_spatial_observation,mixed,"{""basis"":""upstream result interpretation; not used by the headline gate"",""kind"":""interpretive"",""value"":""mixed""}",config.direction:interpretive_not_used_for_claim_gate,"native max(log Q, -2)",Qz_localization,fixed_associations.csv:outcome,observed GX fixed-drive outcome,S01 fixed-gradient comparison panel,all,observed-comparison,not_interventional,False,True,equilibrium_files,reports/xai/S13_artifacts/fixed_associations.csv:bootstrap_unit,Geodesic/compression has only a weak Q(z)-localization association.
E13_GEO_ZONAL,geodesic_curvature_compression,zonal_flow,S13,reports/xai/S13_artifacts/fixed_associations.csv,"{""candidate"":""geodesic_curvature_compression"",""gradient_set"":""fixed"",""outcome"":""log10_zonal_phi2"",""regime"":""all""}",spearman_rho;ci95_lower;ci95_upper;bootstrap_unit,1,"[{""bootstrap_unit"":""equilibrium_files"",""ci95_lower"":""0.2528959742898423"",""ci95_upper"":""0.37950396780726314"",""spearman_rho"":""0.3152602352602353""}]",gx_scalar_observation,descriptive,"{""basis"":""upstream result interpretation; not used by the headline gate"",""kind"":""interpretive"",""value"":""descriptive""}",config.direction:interpretive_not_used_for_claim_gate,"native max(log Q, -2)",log10_zonal_phi2,fixed_associations.csv:outcome,observed GX fixed-drive outcome,S01 fixed-gradient comparison panel,all,observed-comparison,not_interventional,False,True,equilibrium_files,reports/xai/S13_artifacts/fixed_associations.csv:bootstrap_unit,Geodesic/compression has a resolved but non-dominant zonal association.
E13_GEO_NATIVE_ASSOCIATION,geodesic_curvature_compression,natural_experiment,S13,reports/xai/S13_artifacts/fixed_associations.csv,"{""candidate"":""geodesic_curvature_compression"",""gradient_set"":""fixed"",""outcome"":""target_native"",""regime"":""all""}",rows;spearman_rho;ci95_lower;ci95_upper;bootstrap_replicates;bootstrap_unit;validity_tag;claim_grade,1,"[{""bootstrap_replicates"":""500"",""bootstrap_unit"":""equilibrium_files"",""ci95_lower"":""0.46476449508124146"",""ci95_upper"":""0.5702854680332359"",""claim_grade"":""observational-physical"",""rows"":""1000"",""spearman_rho"":""0.5194029029978575"",""validity_tag"":""observed-comparison""}]",gx_scalar_observation,supports,"{""basis"":""upstream result interpretation; not used by the headline gate"",""kind"":""interpretive"",""value"":""supports""}",config.direction:interpretive_not_used_for_claim_gate,"native max(log Q, -2)",target_native,fixed_associations.csv:outcome,observed GX native output,S01 fixed-gradient comparison panel,all,observed-comparison,not_interventional,False,True,equilibrium_files,reports/xai/S13_artifacts/fixed_associations.csv:bootstrap_unit,Geodesic/compression has a resolved grouped-bootstrap rank association with native GX output.
E13_GEO_NATURAL,geodesic_curvature_compression,natural_experiment,S13,reports/xai/S13_artifacts/candidate_ranking.csv,"{""candidate"":""geodesic_curvature_compression""}",claim_grade;matched_native_effect;aipw_native_effect;aipw_native_ci95_lower;aipw_native_ci95_upper;aipw_resolved_fold_count;max_abs_nuisance_smd_after;aipw_overlap_fraction;ranking_residual_mse_improvement;ranking_residual_mse_improvement_ci95_lower;ranking_residual_mse_improvement_ci95_upper;causal_claim_permitted,1,"[{""aipw_native_ci95_lower"":""0.3183377164133444"",""aipw_native_ci95_upper"":""0.7640170908183548"",""aipw_native_effect"":""0.5588252059354347"",""aipw_overlap_fraction"":""0.478"",""aipw_resolved_fold_count"":""7"",""causal_claim_permitted"":""False"",""claim_grade"":""observational-physical"",""matched_native_effect"":""1.316841864482161"",""max_abs_nuisance_smd_after"":""1.068121850701722"",""ranking_residual_mse_improvement"":""0.018801234591043544"",""ranking_residual_mse_improvement_ci95_lower"":""0.006169223930695939"",""ranking_residual_mse_improvement_ci95_upper"":""0.03251621098915842""}]",natural_experiment,supports,"{""field"":""aipw_resolved_fold_count"",""kind"":""resolved_fold_count"",""total"":7}",config.direction_rule:resolved_fold_count;aipw_resolved_fold_count=7/7,"native max(log Q, -2)","native max(log Q, -2)",config.estimand,observed GX native output,S01 fixed-gradient comparison panel,all,observed-comparison,not_interventional,False,True,equilibrium_files,reports/xai/S13_artifacts/manifest.json:split_unit,"Geodesic/compression is the most fold-robust independent physical candidate, but balance and overlap fail."
E03_ALIGNMENT_PERTURBATION,cross_channel_colocation,supported_perturbation,S03,reports/xai/S03_artifacts/ladder_summary.csv,"{""item"":""independent_shift"",""parameter"":""replicate=0"",""section"":""ladder""}",top10_median;top10_q10;top10_q90;expanded_member_count;expanded_cohort_median;robust_input_displacement_rms,1,"[{""expanded_cohort_median"":""2.246559960844226"",""expanded_member_count"":""100"",""robust_input_displacement_rms"":""5.115364639453182"",""top10_median"":""2.4131995623205214"",""top10_q10"":""2.2302294682658683"",""top10_q90"":""2.5866019584301756""}]",input_perturbation,supports,"{""basis"":""upstream result interpretation; not used by the headline gate"",""kind"":""interpretive"",""value"":""supports""}",config.direction:interpretive_not_used_for_claim_gate,"native max(log Q, -2)","native max(log Q, -2)",config.estimand,invariant_tilde_f member functions,S01 varied-gradient interpretation panel,all,deliberately_off_manifold_diagnostic,independently circular-shift the seven geometry channels,True,True,not_applicable_no_interval_selected,not_applicable,Destroying cross-channel alignment changes top-10 outputs by a median 2.41 residual SD.
E03_JOINT_SHIFT_EXACT_CONTROL,cross_channel_colocation,supported_perturbation,S03,reports/xai/S03_artifacts/ladder_summary.csv,"{""item"":""joint_shift"",""parameter"":""replicate=0"",""section"":""ladder""}",top10_median;top10_q10;top10_q90;top10_range_kind;expanded_member_count;expanded_cohort_median,1,"[{""expanded_cohort_median"":""7.425970940601796e-07"",""expanded_member_count"":""100"",""top10_median"":""8.11065499099066e-07"",""top10_q10"":""5.059056047951667e-07"",""top10_q90"":""8.687340044859518e-07"",""top10_range_kind"":""member_spread_not_sampling_uncertainty""}]",exact_symmetry_control,null_control,"{""basis"":""upstream result interpretation; not used by the headline gate"",""kind"":""interpretive"",""value"":""null_control""}",config.direction:interpretive_not_used_for_claim_gate,"native max(log Q, -2)","native max(log Q, -2)",config.estimand,invariant_tilde_f member functions,S01 varied-gradient interpretation panel,all,exact-symmetry,jointly circular-shift all seven geometry channels,True,True,not_applicable_no_interval_selected,not_applicable,The exact joint-shift symmetry control changes top-10 outputs by only 8.1e-7 residual SD.
E08_COLOCATION_ENCODING,cross_channel_colocation,hidden_encoding,S08,reports/xai/S08_artifacts/probe_scores.csv,"{""concept"":""cross_channel_colocation""}",member_id;layer_index;encoded_r2;encoded_r2_stable_or_near_floor;encoded_r2_unstable;permuted_r2,15,"[{""encoded_r2"":""0.8005768362284709"",""encoded_r2_stable_or_near_floor"":""0.753943582710262"",""encoded_r2_unstable"":""0.8028955354483378"",""layer_index"":""0"",""member_id"":""2864601_0.437"",""permuted_r2"":""-0.003138921145344975""},{""encoded_r2"":""0.7574119351606717"",""encoded_r2_stable_or_near_floor"":""0.8095307531386432"",""encoded_r2_unstable"":""0.7497283875954213"",""layer_index"":""1"",""member_id"":""2864601_0.437"",""permuted_r2"":""-0.0011057544835331168""},{""encoded_r2"":""0.7915393820507197"",""encoded_r2_stable_or_near_floor"":""0.7537623999117617"",""encoded_r2_unstable"":""0.7929045427704589"",""layer_index"":""2"",""member_id"":""2864601_0.437"",""permuted_r2"":""-0.0031674884046599683""},{""encoded_r2"":""0.7641131042724187"",""encoded_r2_stable_or_near_floor"":""0.6281188361838068"",""encoded_r2_unstable"":""0.7746566568711608"",""layer_index"":""3"",""member_id"":""2864601_0.437"",""permuted_r2"":""-0.0026405139245979647""},{""encoded_r2"":""0.4076952368078637"",""encoded_r2_stable_or_near_floor"":""0.2593423308910153"",""encoded_r2_unstable"":""0.41553235475396033"",""layer_index"":""4"",""member_id"":""2864601_0.437"",""permuted_r2"":""-0.004034871446617849""},{""encoded_r2"":""0.861958206874708"",""encoded_r2_stable_or_near_floor"":""0.8348796925798067"",""encoded_r2_unstable"":""0.8630612755800521"",""layer_index"":""0"",""member_id"":""2864601_0.371"",""permuted_r2"":""-0.001773188826623473""},{""encoded_r2"":""0.8257023656610485"",""encoded_r2_stable_or_near_floor"":""0.7356136556586144"",""encoded_r2_unstable"":""0.8324895849046888"",""layer_index"":""1"",""member_id"":""2864601_0.371"",""permuted_r2"":""-0.0028748640936071546""},{""encoded_r2"":""0.5000516495268206"",""encoded_r2_stable_or_near_floor"":""0.38278847322460685"",""encoded_r2_unstable"":""0.5058988138609709"",""layer_index"":""2"",""member_id"":""2864601_0.371"",""permuted_r2"":""-0.0018333057757637938""},{""encoded_r2"":""0.4428255288598568"",""encoded_r2_stable_or_near_floor"":""0.35159503491100397"",""encoded_r2_unstable"":""0.4455343817406967"",""layer_index"":""3"",""member_id"":""2864601_0.371"",""permuted_r2"":""-0.00013464989002143213""},{""encoded_r2"":""0.39551805308385457"",""encoded_r2_stable_or_near_floor"":""0.269803449629499"",""encoded_r2_unstable"":""0.401037254489117"",""layer_index"":""4"",""member_id"":""2864601_0.371"",""permuted_r2"":""-0.0007490360625892478""},{""encoded_r2"":""0.8517372616604612"",""encoded_r2_stable_or_near_floor"":""0.7769911344576206"",""encoded_r2_unstable"":""0.857328663688738"",""layer_index"":""0"",""member_id"":""2864601_0.409"",""permuted_r2"":""-0.0035614696660140055""},{""encoded_r2"":""0.7492385944844361"",""encoded_r2_stable_or_near_floor"":""0.7404509080233163"",""encoded_r2_unstable"":""0.7473433952702565"",""layer_index"":""1"",""member_id"":""2864601_0.409"",""permuted_r2"":""-0.0008573423595681362""},{""encoded_r2"":""0.36784677508464836"",""encoded_r2_stable_or_near_floor"":""0.24780032566312027"",""encoded_r2_unstable"":""0.37251625795151766"",""layer_index"":""2"",""member_id"":""2864601_0.409"",""permuted_r2"":""-0.0013695937060305141""},{""encoded_r2"":""0.54642989547592"",""encoded_r2_stable_or_near_floor"":""0.3791705399556393"",""encoded_r2_unstable"":""0.5576092882555902"",""layer_index"":""3"",""member_id"":""2864601_0.409"",""permuted_r2"":""-0.0009501098242712391""},{""encoded_r2"":""0.5736509234864389"",""encoded_r2_stable_or_near_floor"":""0.41531539557075425"",""encoded_r2_unstable"":""0.584266914824392"",""layer_index"":""4"",""member_id"":""2864601_0.409"",""permuted_r2"":""-0.0065827284777078""}]",hidden_probe,supports,"{""control_field"":""permuted_r2"",""encoded_field"":""encoded_r2"",""kind"":""probe_vs_permutation"",""minimum_gain"":0.1,""stable_field"":""encoded_r2_stable_or_near_floor"",""unstable_field"":""encoded_r2_unstable""}","config.direction_rule:probe_vs_permutation;median_gains=overall:0.751072,stable:0.629952,unstable:0.749177;minimum_gain=0.1","native max(log Q, -2)","native max(log Q, -2)",probe_scores.csv:estimand,invariant_tilde_f,S01 varied-gradient interpretation panel,all with stable and unstable retained,observed-comparison,not_interventional,False,True,not_applicable_no_interval_selected,not_applicable,Cross-channel co-location is decodable across hidden layers.
E08_COLOCATION_USE,cross_channel_colocation,hidden_intervention,S08,reports/xai/S08_artifacts/tcav_use.csv,"{""concept"":""cross_channel_colocation""}",member_id;layer_index;mean_directional_derivative;intervention_to_scale_matched_random_ratio;use_claim_permitted,15,"[{""intervention_to_scale_matched_random_ratio"":""1.4581763118691897"",""layer_index"":""0"",""mean_directional_derivative"":""-0.17784146964550018"",""member_id"":""2864601_0.437"",""use_claim_permitted"":""True""},{""intervention_to_scale_matched_random_ratio"":""1.631119891511949"",""layer_index"":""1"",""mean_directional_derivative"":""-0.12960156798362732"",""member_id"":""2864601_0.437"",""use_claim_permitted"":""True""},{""intervention_to_scale_matched_random_ratio"":""1.9029189128083102"",""layer_index"":""2"",""mean_directional_derivative"":""0.1487669199705124"",""member_id"":""2864601_0.437"",""use_claim_permitted"":""False""},{""intervention_to_scale_matched_random_ratio"":""1.6277411495138698"",""layer_index"":""3"",""mean_directional_derivative"":""0.5652360320091248"",""member_id"":""2864601_0.437"",""use_claim_permitted"":""True""},{""intervention_to_scale_matched_random_ratio"":""0.9555399473694284"",""layer_index"":""4"",""mean_directional_derivative"":""0.3035915195941925"",""member_id"":""2864601_0.437"",""use_claim_permitted"":""False""},{""intervention_to_scale_matched_random_ratio"":""2.561738382607287"",""layer_index"":""0"",""mean_directional_derivative"":""-0.9833332896232605"",""member_id"":""2864601_0.371"",""use_claim_permitted"":""True""},{""intervention_to_scale_matched_random_ratio"":""1.2835820236169764"",""layer_index"":""1"",""mean_directional_derivative"":""-0.2221255749464035"",""member_id"":""2864601_0.371"",""use_claim_permitted"":""True""},{""intervention_to_scale_matched_random_ratio"":""2.2568275749009437"",""layer_index"":""2"",""mean_directional_derivative"":""0.3403482735157013"",""member_id"":""2864601_0.371"",""use_claim_permitted"":""True""},{""intervention_to_scale_matched_random_ratio"":""1.3839595119401034"",""layer_index"":""3"",""mean_directional_derivative"":""0.24640017747879028"",""member_id"":""2864601_0.371"",""use_claim_permitted"":""True""},{""intervention_to_scale_matched_random_ratio"":""1.0387273185538501"",""layer_index"":""4"",""mean_directional_derivative"":""0.15758366882801056"",""member_id"":""2864601_0.371"",""use_claim_permitted"":""True""},{""intervention_to_scale_matched_random_ratio"":""2.5195829531123777"",""layer_index"":""0"",""mean_directional_derivative"":""-0.5955838561058044"",""member_id"":""2864601_0.409"",""use_claim_permitted"":""True""},{""intervention_to_scale_matched_random_ratio"":""0.7928666251519519"",""layer_index"":""1"",""mean_directional_derivative"":""-0.15677671134471893"",""member_id"":""2864601_0.409"",""use_claim_permitted"":""False""},{""intervention_to_scale_matched_random_ratio"":""1.5425459113697375"",""layer_index"":""2"",""mean_directional_derivative"":""0.679962158203125"",""member_id"":""2864601_0.409"",""use_claim_permitted"":""True""},{""intervention_to_scale_matched_random_ratio"":""1.4774538855316823"",""layer_index"":""3"",""mean_directional_derivative"":""0.9181758761405945"",""member_id"":""2864601_0.409"",""use_claim_permitted"":""True""},{""intervention_to_scale_matched_random_ratio"":""1.1431371073534007"",""layer_index"":""4"",""mean_directional_derivative"":""0.6515905261039734"",""member_id"":""2864601_0.409"",""use_claim_permitted"":""True""}]",hidden_intervention,regime-dependent,"{""field"":""use_claim_permitted"",""kind"":""tcav_pass_fraction""}",config.direction_rule:tcav_pass_fraction;use_claim_permitted=12/15,"native max(log Q, -2)","native max(log Q, -2)",tcav_use.csv:estimand,invariant_tilde_f,S01 96-row registered hidden-intervention subset,pooled claim with regime checks retained,deliberately_off_manifold_diagnostic,edit hidden state along matched co-location direction,True,True,not_applicable_no_interval_selected,not_applicable,"Co-location passes the complete use gate in 12/15 cells, with depth-dependent sign."
E09_COLOCATION_DRIVE,cross_channel_colocation,distillation,S09,reports/xai/S09_artifacts/interaction_summary.csv,"{""concept"":""cross_channel_colocation"",""drive"":""a_over_LT"",""regime"":""all""}",bin_index;median_slope;minimum_slope;maximum_slope;member_sign_agreement,3,"[{""bin_index"":""0"",""maximum_slope"":""1.3031007663173926"",""median_slope"":""1.2704933221007926"",""member_sign_agreement"":""1.0"",""minimum_slope"":""1.0832106879175045""},{""bin_index"":""1"",""maximum_slope"":""0.9085967927035212"",""median_slope"":""0.8832443892506928"",""member_sign_agreement"":""1.0"",""minimum_slope"":""0.8773605449587939""},{""bin_index"":""2"",""maximum_slope"":""0.28684372068325"",""median_slope"":""0.27940140613356657"",""member_sign_agreement"":""1.0"",""minimum_slope"":""0.26925432083090434""}]",concept_completeness,regime-dependent,"{""basis"":""upstream result interpretation; not used by the headline gate"",""kind"":""interpretive"",""value"":""regime-dependent""}",config.direction:interpretive_not_used_for_claim_gate,"native max(log Q, -2)","native max(log Q, -2)",config.estimand,three invariant_tilde_f member decoders,S01 varied-gradient interpretation panel,drive bins,observed-comparison,not_interventional,False,True,not_applicable_no_interval_selected,not_applicable,Co-location remains positive but weakens as temperature drive rises.
E03_ORDER_PERMUTATION,low_frequency_order_envelope,supported_perturbation,S03,reports/xai/S03_artifacts/ladder_summary.csv,"{""item"":""joint_permutation"",""parameter"":""replicate=0"",""section"":""ladder""}",top10_median;top10_q10;top10_q90;expanded_cohort_median;robust_input_displacement_rms,1,"[{""expanded_cohort_median"":""3.1923416212508187"",""robust_input_displacement_rms"":""5.201040944279073"",""top10_median"":""3.257568316681833"",""top10_q10"":""3.002875030046783"",""top10_q90"":""3.5438899680285307""}]",input_perturbation,supports,"{""basis"":""upstream result interpretation; not used by the headline gate"",""kind"":""interpretive"",""value"":""supports""}",config.direction:interpretive_not_used_for_claim_gate,"native max(log Q, -2)","native max(log Q, -2)",config.estimand,invariant_tilde_f member functions,S01 varied-gradient interpretation panel,all,deliberately_off_manifold_diagnostic,jointly permute the 96 seven-channel position vectors,True,True,not_applicable_no_interval_selected,not_applicable,Joint permutation rejects a multiset-only description but also destroys the low-frequency envelope.
E03_LOW_BAND_ATTENUATION,low_frequency_order_envelope,supported_perturbation,S03,reports/xai/S03_artifacts/ladder_summary.csv,"{""item"":""low"",""parameter"":""dose=1"",""section"":""fourier_full_attenuation""}",top10_median;top10_q10;top10_q90;top10_median_effect_per_robust_input_rms;robust_input_displacement_rms;robust_dose_comparison_scope,1,"[{""robust_dose_comparison_scope"":""within_section_sensitivity_analysis"",""robust_input_displacement_rms"":""2.6414578855789514"",""top10_median"":""3.847302077072821"",""top10_median_effect_per_robust_input_rms"":""1.456507066827444"",""top10_q10"":""3.5588544003399987"",""top10_q90"":""4.067926887639968""}]",spectral_perturbation,supports,"{""basis"":""upstream result interpretation; not used by the headline gate"",""kind"":""interpretive"",""value"":""supports""}",config.direction:interpretive_not_used_for_claim_gate,"native max(log Q, -2)","native max(log Q, -2)",config.estimand,invariant_tilde_f member functions,S01 varied-gradient interpretation panel,all,deliberately_off_manifold_diagnostic,attenuate the registered low Fourier band,True,True,not_applicable_no_interval_selected,not_applicable,Low-band attenuation has the larger raw output effect; cross-section robust doses are not treated as comparable.
E03_MID_BAND_ATTENUATION,low_frequency_order_envelope,supported_perturbation,S03,reports/xai/S03_artifacts/ladder_summary.csv,"{""item"":""mid"",""parameter"":""dose=1"",""section"":""fourier_full_attenuation""}",top10_median;top10_q10;top10_q90;top10_median_effect_per_robust_input_rms;robust_input_displacement_rms,1,"[{""robust_input_displacement_rms"":""2.5913688858088935"",""top10_median"":""1.2229827481530493"",""top10_median_effect_per_robust_input_rms"":""0.4719446755922967"",""top10_q10"":""0.8973156013300357"",""top10_q90"":""1.9160697357119088""}]",spectral_perturbation,supports,"{""basis"":""upstream result interpretation; not used by the headline gate"",""kind"":""interpretive"",""value"":""supports""}",config.direction:interpretive_not_used_for_claim_gate,"native max(log Q, -2)","native max(log Q, -2)",config.estimand,invariant_tilde_f member functions,S01 varied-gradient interpretation panel,all,deliberately_off_manifold_diagnostic,attenuate the registered middle Fourier band,True,True,not_applicable_no_interval_selected,not_applicable,Middle-band attenuation gives an intermediate 1.22-residual-SD response.
E03_HIGH_BAND_CONTROL,low_frequency_order_envelope,supported_perturbation,S03,reports/xai/S03_artifacts/ladder_summary.csv,"{""item"":""high"",""parameter"":""dose=1"",""section"":""fourier_full_attenuation""}",top10_median;top10_q10;top10_q90;top10_median_effect_per_robust_input_rms;robust_input_displacement_rms,1,"[{""robust_input_displacement_rms"":""0.371226266929482"",""top10_median"":""0.09945143197605501"",""top10_median_effect_per_robust_input_rms"":""0.2678997712059712"",""top10_q10"":""0.06394701947958979"",""top10_q90"":""0.1381200256003714""}]",spectral_perturbation,null_control,"{""basis"":""upstream result interpretation; not used by the headline gate"",""kind"":""interpretive"",""value"":""null_control""}",config.direction:interpretive_not_used_for_claim_gate,"native max(log Q, -2)","native max(log Q, -2)",config.estimand,invariant_tilde_f member functions,S01 varied-gradient interpretation panel,all,deliberately_off_manifold_diagnostic,attenuate the registered high Fourier band,True,True,not_applicable_no_interval_selected,not_applicable,High-band attenuation is nearly null compared with low-band attenuation.
E06_LOW_PASS_PATH,low_frequency_order_envelope,input_attribution,S06b,reports/xai/S06b_artifacts/channel_consensus.csv,"{""function"":""invariant_tilde_f"",""gradient_set"":""varied"",""method"":""ig_low_pass"",""stratum"":""unstable""}",channel_name;median_signed;median_absolute;sign_agreement;estimand;validity_tag;feature_claims_permitted;estimator_backend,7,"[{""channel_name"":""bmag"",""estimand"":""native max(log Q, -2)"",""estimator_backend"":""integrated_gradients_captum"",""feature_claims_permitted"":""True"",""median_absolute"":""0.0005780393426038662"",""median_signed"":""1.8556203535792868e-05"",""sign_agreement"":""0.71875"",""validity_tag"":""deliberately_off_manifold_diagnostic""},{""channel_name"":""gbdrift"",""estimand"":""native max(log Q, -2)"",""estimator_backend"":""integrated_gradients_captum"",""feature_claims_permitted"":""True"",""median_absolute"":""0.0021752464836793874"",""median_signed"":""9.443859417148032e-06"",""sign_agreement"":""0.7708333333333334"",""validity_tag"":""deliberately_off_manifold_diagnostic""},{""channel_name"":""cvdrift"",""estimand"":""native max(log Q, -2)"",""estimator_backend"":""integrated_gradients_captum"",""feature_claims_permitted"":""True"",""median_absolute"":""0.001102564982283717"",""median_signed"":""1.395900241219265e-05"",""sign_agreement"":""0.7708333333333334"",""validity_tag"":""deliberately_off_manifold_diagnostic""},{""channel_name"":""gbdrift0_over_shat"",""estimand"":""native max(log Q, -2)"",""estimator_backend"":""integrated_gradients_captum"",""feature_claims_permitted"":""True"",""median_absolute"":""0.0026095691653521477"",""median_signed"":""0.00013138486351927354"",""sign_agreement"":""0.7447916666666666"",""validity_tag"":""deliberately_off_manifold_diagnostic""},{""channel_name"":""gds2"",""estimand"":""native max(log Q, -2)"",""estimator_backend"":""integrated_gradients_captum"",""feature_claims_permitted"":""True"",""median_absolute"":""0.0013970246554277277"",""median_signed"":""-0.00010156273596252739"",""sign_agreement"":""0.7208333333333333"",""validity_tag"":""deliberately_off_manifold_diagnostic""},{""channel_name"":""gds21_over_shat"",""estimand"":""native max(log Q, -2)"",""estimator_backend"":""integrated_gradients_captum"",""feature_claims_permitted"":""True"",""median_absolute"":""0.00149363397728974"",""median_signed"":""-4.5784066298296e-05"",""sign_agreement"":""0.7260416666666666"",""validity_tag"":""deliberately_off_manifold_diagnostic""},{""channel_name"":""gds22_over_shat_squared"",""estimand"":""native max(log Q, -2)"",""estimator_backend"":""integrated_gradients_captum"",""feature_claims_permitted"":""True"",""median_absolute"":""0.0009181588140432536"",""median_signed"":""-9.064491667488776e-06"",""sign_agreement"":""0.7666666666666667"",""validity_tag"":""deliberately_off_manifold_diagnostic""}]",gradient_path,supports,"{""basis"":""upstream result interpretation; not used by the headline gate"",""kind"":""interpretive"",""value"":""supports""}",config.direction:interpretive_not_used_for_claim_gate,"native max(log Q, -2)","native max(log Q, -2)",channel_consensus.csv:estimand,invariant_tilde_f,S01 varied-gradient interpretation panel,unstable,deliberately_off_manifold_diagnostic,restore short-scale content along low-pass Integrated Gradients path,True,True,not_applicable_no_interval_selected,not_applicable,Low-pass Integrated Gradients locates the qualified response to restoring short-scale content.
E06_CHANNEL_AGREEMENT,coarse_channel_consensus,input_attribution,S06b,reports/xai/S06b_artifacts/member_agreement.csv,"{""function"":""invariant_tilde_f"",""gradient_set"":""varied"",""method"":""ig_low_pass""}",members;samples;median_pairwise_channel_rank_agreement;mean_cell_sign_agreement;independent_sign_null;estimator_backend,1,"[{""estimator_backend"":""integrated_gradients_captum"",""independent_sign_null"":""0.623046875"",""mean_cell_sign_agreement"":""0.7485119047619048"",""median_pairwise_channel_rank_agreement"":""0.9642857142857142"",""members"":""10"",""samples"":""1000""}]",gradient_path,supports,"{""basis"":""upstream result interpretation; not used by the headline gate"",""kind"":""interpretive"",""value"":""supports""}",config.direction:interpretive_not_used_for_claim_gate,"native max(log Q, -2)","native max(log Q, -2)",config.estimand,invariant_tilde_f member functions,S01 varied-gradient interpretation panel,all,deliberately_off_manifold_diagnostic,restore short-scale content along low-pass Integrated Gradients path,True,True,not_applicable_no_interval_selected,not_applicable,Channel-rank agreement is 0.964 while cellwise sign agreement is only 0.749 against a 0.623 null.
E10_REPRESENTATION_CONSENSUS,coarse_channel_consensus,cross_model_consensus,S10,reports/xai/S10_artifacts/cohort_comparison.csv,{},cohort;member_count;median_cka__canonical_atrous_layer_1;median_cka__invariant_bottleneck;median_within_cohort_distance,3,"[{""cohort"":""stored_validation_top_10"",""median_cka__canonical_atrous_layer_1"":""0.9529845413017374"",""median_cka__invariant_bottleneck"":""0.7959777629144081"",""median_within_cohort_distance"":""1.235200145159934"",""member_count"":""10""},{""cohort"":""stored_validation_ranks_11_50"",""median_cka__canonical_atrous_layer_1"":""0.9490869348267279"",""median_cka__invariant_bottleneck"":""0.814018109987209"",""median_within_cohort_distance"":""1.1076141962018986"",""member_count"":""40""},{""cohort"":""stored_validation_ranks_51_100"",""median_cka__canonical_atrous_layer_1"":""0.9487924232000858"",""median_cka__invariant_bottleneck"":""0.8160269263693143"",""median_within_cohort_distance"":""1.3017544942872257"",""member_count"":""50""}]",representation_similarity,supports,"{""basis"":""upstream result interpretation; not used by the headline gate"",""kind"":""interpretive"",""value"":""supports""}",config.direction:interpretive_not_used_for_claim_gate,"native max(log Q, -2)","native max(log Q, -2)",config.estimand,all 100 invariant_tilde_f member representations,S01 registered CKA probe,stratified probe,observed-comparison,not_interventional,False,True,not_applicable_no_interval_selected,not_applicable,"Broad representation geometry is shared across all validation-rank cohorts, but CKA does not prove identical computation."
E07_DENSITY_QZ_CONTRADICTION,direct_Qz_spatial_focus,Q_z,S07,reports/xai/S07_artifacts/spatial_alignment.csv,"{""gradient_set"":""varied"",""mode"":""signed"",""source_family"":""s05_density"",""source_id"":""2864601_0.437:u001"",""stratum"":""unstable""}",circular_spearman;circular_spearman_ci95_lower;circular_spearman_ci95_upper;best_lag;overlap_enrichment;overlap_orientation;bootstrap_unit,1,"[{""best_lag"":""22"",""bootstrap_unit"":""equilibrium_files"",""circular_spearman"":""-0.360511998599993"",""circular_spearman_ci95_lower"":""-0.3883653797328812"",""circular_spearman_ci95_upper"":""-0.332533286776065"",""overlap_enrichment"":""1.6314606741573032"",""overlap_orientation"":""gx_profile_sign_flipped_to_match_negative_association""}]",gx_spatial_observation,mixed,"{""basis"":""upstream result interpretation; not used by the headline gate"",""kind"":""interpretive"",""value"":""mixed""}",config.direction:interpretive_not_used_for_claim_gate,"native max(log Q, -2)","native max(log Q, -2)",config.estimand,invariant_tilde_f density compared with held-out GX Q(z),S01 varied-gradient interpretation panel,unstable,observed-comparison,not_interventional,False,True,equilibrium_files,reports/xai/S07_artifacts/spatial_alignment.csv:bootstrap_unit,"The strongest density association is negative and displaced, not direct co-location with heat transport."
E07_ATTRIBUTION_QZ_NULL,direct_Qz_spatial_focus,input_attribution,S07,reports/xai/S07_artifacts/spatial_alignment.csv,"{""function"":""invariant_tilde_f"",""gradient_set"":""varied"",""method"":""ig_low_pass"",""mode"":""signed"",""source_family"":""s06_attribution"",""stratum"":""unstable""}",member_id;circular_spearman;best_lag;best_lag_within_tolerance_recurrence;selection_null_q95;lag_search_null_resolved;bootstrap_unit;estimator_backend;plasma_claims_permitted,3,"[{""best_lag"":""-36"",""best_lag_within_tolerance_recurrence"":""0.822"",""bootstrap_unit"":""equilibrium_files"",""circular_spearman"":""-0.02122218224703246"",""estimator_backend"":""integrated_gradients_captum"",""lag_search_null_resolved"":""True"",""member_id"":""2864601_0.437"",""plasma_claims_permitted"":""False"",""selection_null_q95"":""0.013256016120749987""},{""best_lag"":""47"",""best_lag_within_tolerance_recurrence"":""0.634"",""bootstrap_unit"":""equilibrium_files"",""circular_spearman"":""-0.012763898379259002"",""estimator_backend"":""integrated_gradients_captum"",""lag_search_null_resolved"":""False"",""member_id"":""2864601_0.371"",""plasma_claims_permitted"":""False"",""selection_null_q95"":""0.01281659709298269""},{""best_lag"":""48"",""best_lag_within_tolerance_recurrence"":""0.312"",""bootstrap_unit"":""equilibrium_files"",""circular_spearman"":""-0.01160833480844481"",""estimator_backend"":""integrated_gradients_captum"",""lag_search_null_resolved"":""False"",""member_id"":""2864601_0.409"",""plasma_claims_permitted"":""False"",""selection_null_q95"":""0.013380823348818665""}]",gradient_path,mixed,"{""basis"":""upstream result interpretation; not used by the headline gate"",""kind"":""interpretive"",""value"":""mixed""}",config.direction:interpretive_not_used_for_claim_gate,"native max(log Q, -2)","native max(log Q, -2)",config.estimand,invariant_tilde_f,S01 varied-gradient interpretation panel,unstable,deliberately_off_manifold_diagnostic,restore short-scale content along low-pass Integrated Gradients path,True,True,equilibrium_files,reports/xai/S07_artifacts/spatial_alignment.csv:bootstrap_unit,Signed attribution-Q(z) correlations are near zero with incompatible member lags.
E08_LOCAL_QZ_ENCODING,direct_Qz_spatial_focus,hidden_encoding,S08,reports/xai/S08_artifacts/probe_scores.csv,"{""concept"":""local_Qz_concentration""}",member_id;layer_index;encoded_r2;encoded_r2_stable_or_near_floor;encoded_r2_unstable;permuted_r2,15,"[{""encoded_r2"":""0.11612104395788281"",""encoded_r2_stable_or_near_floor"":""-0.12264733012755968"",""encoded_r2_unstable"":""0.17784624407046445"",""layer_index"":""0"",""member_id"":""2864601_0.437"",""permuted_r2"":""-0.006002477853321864""},{""encoded_r2"":""0.22380095147322798"",""encoded_r2_stable_or_near_floor"":""-0.0461463257078627"",""encoded_r2_unstable"":""0.2936418581114507"",""layer_index"":""1"",""member_id"":""2864601_0.437"",""permuted_r2"":""-0.0016965593889544106""},{""encoded_r2"":""0.24444621053661442"",""encoded_r2_stable_or_near_floor"":""-0.08790345817030154"",""encoded_r2_unstable"":""0.33048166430677584"",""layer_index"":""2"",""member_id"":""2864601_0.437"",""permuted_r2"":""-0.0016377499936375273""},{""encoded_r2"":""0.39336337411958744"",""encoded_r2_stable_or_near_floor"":""-0.07573045051864735"",""encoded_r2_unstable"":""0.514912193288597"",""layer_index"":""3"",""member_id"":""2864601_0.437"",""permuted_r2"":""-0.0022611525186060355""},{""encoded_r2"":""0.33859331464364717"",""encoded_r2_stable_or_near_floor"":""-0.04654235479588098"",""encoded_r2_unstable"":""0.4383467626096177"",""layer_index"":""4"",""member_id"":""2864601_0.437"",""permuted_r2"":""-0.003365142170849156""},{""encoded_r2"":""0.1843949969882822"",""encoded_r2_stable_or_near_floor"":""-0.15412011047149599"",""encoded_r2_unstable"":""0.2720150490154467"",""layer_index"":""0"",""member_id"":""2864601_0.371"",""permuted_r2"":""-0.0008236702803459117""},{""encoded_r2"":""0.24678069047411355"",""encoded_r2_stable_or_near_floor"":""-0.08696229312470583"",""encoded_r2_unstable"":""0.3331782006264372"",""layer_index"":""1"",""member_id"":""2864601_0.371"",""permuted_r2"":""-0.002312751572521199""},{""encoded_r2"":""0.2758184519962664"",""encoded_r2_stable_or_near_floor"":""-0.057886424000642256"",""encoded_r2_unstable"":""0.36221329847465966"",""layer_index"":""2"",""member_id"":""2864601_0.371"",""permuted_r2"":""-0.00026365569757791363""},{""encoded_r2"":""0.3831105940607953"",""encoded_r2_stable_or_near_floor"":""-0.07165010241217962"",""encoded_r2_unstable"":""0.5009383369738882"",""layer_index"":""3"",""member_id"":""2864601_0.371"",""permuted_r2"":""-0.000801330426495328""},{""encoded_r2"":""0.37173434399613403"",""encoded_r2_stable_or_near_floor"":""-0.05200845226211204"",""encoded_r2_unstable"":""0.48151210468741135"",""layer_index"":""4"",""member_id"":""2864601_0.371"",""permuted_r2"":""-0.0013856872410302756""},{""encoded_r2"":""0.19009629179244647"",""encoded_r2_stable_or_near_floor"":""-0.11611624182489"",""encoded_r2_unstable"":""0.26933731915680914"",""layer_index"":""0"",""member_id"":""2864601_0.409"",""permuted_r2"":""-0.0006518064253864253""},{""encoded_r2"":""0.27136677595265357"",""encoded_r2_stable_or_near_floor"":""-0.10773265943552124"",""encoded_r2_unstable"":""0.36953748714168655"",""layer_index"":""1"",""member_id"":""2864601_0.409"",""permuted_r2"":""-0.002143238534609626""},{""encoded_r2"":""0.18109841022040107"",""encoded_r2_stable_or_near_floor"":""-0.09460309555466062"",""encoded_r2_unstable"":""0.25242154777319925"",""layer_index"":""2"",""member_id"":""2864601_0.409"",""permuted_r2"":""-0.0009844260746456612""},{""encoded_r2"":""0.3768630385907292"",""encoded_r2_stable_or_near_floor"":""-0.12730952025106812"",""encoded_r2_unstable"":""0.5075084315615026"",""layer_index"":""3"",""member_id"":""2864601_0.409"",""permuted_r2"":""-0.0008315931042364166""},{""encoded_r2"":""0.4204123089278389"",""encoded_r2_stable_or_near_floor"":""-0.05309529432899307"",""encoded_r2_unstable"":""0.543112948210486"",""layer_index"":""4"",""member_id"":""2864601_0.409"",""permuted_r2"":""-0.0023231699083516855""}]",hidden_probe,mixed,"{""control_field"":""permuted_r2"",""encoded_field"":""encoded_r2"",""kind"":""probe_vs_permutation"",""minimum_gain"":0.1,""stable_field"":""encoded_r2_stable_or_near_floor"",""unstable_field"":""encoded_r2_unstable""}","config.direction_rule:probe_vs_permutation;median_gains=overall:0.273005,stable:-0.0853245,unstable:0.363851;minimum_gain=0.1","native max(log Q, -2)","native max(log Q, -2)",probe_scores.csv:estimand,invariant_tilde_f hidden representations,S01 varied-gradient interpretation panel,all with stable and unstable retained,observed-comparison,not_interventional,False,True,not_applicable_no_interval_selected,not_applicable,Local Q(z) concentration is weakly encoded on unstable rows and not encoded near the floor.
E08_LOCAL_QZ_USE,direct_Qz_spatial_focus,hidden_intervention,S08,reports/xai/S08_artifacts/tcav_use.csv,"{""concept"":""local_Qz_concentration""}",member_id;layer_index;mean_directional_derivative;intervention_to_scale_matched_random_ratio;use_claim_permitted,15,"[{""intervention_to_scale_matched_random_ratio"":""1.7927042667742639"",""layer_index"":""0"",""mean_directional_derivative"":""-0.054390113800764084"",""member_id"":""2864601_0.437"",""use_claim_permitted"":""False""},{""intervention_to_scale_matched_random_ratio"":""1.0328791461048477"",""layer_index"":""1"",""mean_directional_derivative"":""-0.059436578303575516"",""member_id"":""2864601_0.437"",""use_claim_permitted"":""False""},{""intervention_to_scale_matched_random_ratio"":""0.9628340579060176"",""layer_index"":""2"",""mean_directional_derivative"":""0.28597405552864075"",""member_id"":""2864601_0.437"",""use_claim_permitted"":""False""},{""intervention_to_scale_matched_random_ratio"":""1.3019638460837057"",""layer_index"":""3"",""mean_directional_derivative"":""0.40356001257896423"",""member_id"":""2864601_0.437"",""use_claim_permitted"":""True""},{""intervention_to_scale_matched_random_ratio"":""0.9233417490397369"",""layer_index"":""4"",""mean_directional_derivative"":""0.2728408873081207"",""member_id"":""2864601_0.437"",""use_claim_permitted"":""False""},{""intervention_to_scale_matched_random_ratio"":""1.4829457785024756"",""layer_index"":""0"",""mean_directional_derivative"":""-0.39484748244285583"",""member_id"":""2864601_0.371"",""use_claim_permitted"":""True""},{""intervention_to_scale_matched_random_ratio"":""0.8530009517319171"",""layer_index"":""1"",""mean_directional_derivative"":""-0.09639664739370346"",""member_id"":""2864601_0.371"",""use_claim_permitted"":""False""},{""intervention_to_scale_matched_random_ratio"":""0.972498170168308"",""layer_index"":""2"",""mean_directional_derivative"":""0.08931330591440201"",""member_id"":""2864601_0.371"",""use_claim_permitted"":""False""},{""intervention_to_scale_matched_random_ratio"":""1.4933484126537646"",""layer_index"":""3"",""mean_directional_derivative"":""0.2706521153450012"",""member_id"":""2864601_0.371"",""use_claim_permitted"":""True""},{""intervention_to_scale_matched_random_ratio"":""1.3068055276248745"",""layer_index"":""4"",""mean_directional_derivative"":""0.15626084804534912"",""member_id"":""2864601_0.371"",""use_claim_permitted"":""True""},{""intervention_to_scale_matched_random_ratio"":""2.017886137392227"",""layer_index"":""0"",""mean_directional_derivative"":""-0.47369709610939026"",""member_id"":""2864601_0.409"",""use_claim_permitted"":""True""},{""intervention_to_scale_matched_random_ratio"":""2.0371379352079133"",""layer_index"":""1"",""mean_directional_derivative"":""-0.47132134437561035"",""member_id"":""2864601_0.409"",""use_claim_permitted"":""True""},{""intervention_to_scale_matched_random_ratio"":""1.020322003259311"",""layer_index"":""2"",""mean_directional_derivative"":""0.09780776500701904"",""member_id"":""2864601_0.409"",""use_claim_permitted"":""False""},{""intervention_to_scale_matched_random_ratio"":""1.5719275536746422"",""layer_index"":""3"",""mean_directional_derivative"":""0.7646989822387695"",""member_id"":""2864601_0.409"",""use_claim_permitted"":""True""},{""intervention_to_scale_matched_random_ratio"":""0.9491254974113217"",""layer_index"":""4"",""mean_directional_derivative"":""0.6140496134757996"",""member_id"":""2864601_0.409"",""use_claim_permitted"":""False""}]",hidden_intervention,regime-dependent,"{""field"":""use_claim_permitted"",""kind"":""tcav_pass_fraction""}",config.direction_rule:tcav_pass_fraction;use_claim_permitted=7/15,"native max(log Q, -2)","native max(log Q, -2)",tcav_use.csv:estimand,invariant_tilde_f hidden states,S01 96-row registered hidden-intervention subset,pooled claim with regime checks retained,deliberately_off_manifold_diagnostic,edit hidden state along matched local-Q(z)-concentration direction,True,True,not_applicable_no_interval_selected,not_applicable,Only 7/15 local-Q(z) hidden directions pass the complete use gate.
E08_ZONAL_ENCODING_NULL,zonal_flow_mechanism,hidden_encoding,S08,reports/xai/S08_artifacts/probe_scores.csv,"{""concept"":""log10_zonal_phi2""}",member_id;layer_index;encoded_r2;encoded_r2_stable_or_near_floor;encoded_r2_unstable;permuted_r2;counterexample_max_abs_smd,15,"[{""counterexample_max_abs_smd"":""0.3520757464011924"",""encoded_r2"":""0.029547372875244005"",""encoded_r2_stable_or_near_floor"":""-3.238779093169831"",""encoded_r2_unstable"":""-3.417662804763596"",""layer_index"":""0"",""member_id"":""2864601_0.437"",""permuted_r2"":""-0.013302952507365795""},{""counterexample_max_abs_smd"":""0.3520757464011924"",""encoded_r2"":""0.027092116553119827"",""encoded_r2_stable_or_near_floor"":""-3.231354628368522"",""encoded_r2_unstable"":""-3.487017207103059"",""layer_index"":""1"",""member_id"":""2864601_0.437"",""permuted_r2"":""-0.022794824652794254""},{""counterexample_max_abs_smd"":""0.3520757464011924"",""encoded_r2"":""0.04651385098276084"",""encoded_r2_stable_or_near_floor"":""-3.1380720705665937"",""encoded_r2_unstable"":""-3.425698818787592"",""layer_index"":""2"",""member_id"":""2864601_0.437"",""permuted_r2"":""-0.008800919391567241""},{""counterexample_max_abs_smd"":""0.3520757464011924"",""encoded_r2"":""0.05094941041269718"",""encoded_r2_stable_or_near_floor"":""-3.1044811563011114"",""encoded_r2_unstable"":""-3.451082125748382"",""layer_index"":""3"",""member_id"":""2864601_0.437"",""permuted_r2"":""-0.01445786499545676""},{""counterexample_max_abs_smd"":""0.3520757464011924"",""encoded_r2"":""0.043619520989971905"",""encoded_r2_stable_or_near_floor"":""-3.1463306110368032"",""encoded_r2_unstable"":""-3.4529258948321955"",""layer_index"":""4"",""member_id"":""2864601_0.437"",""permuted_r2"":""-0.002814699013723443""},{""counterexample_max_abs_smd"":""0.3520757464011924"",""encoded_r2"":""0.02380657646891904"",""encoded_r2_stable_or_near_floor"":""-3.267039415112734"",""encoded_r2_unstable"":""-3.43358449142523"",""layer_index"":""0"",""member_id"":""2864601_0.371"",""permuted_r2"":""-0.004061251845068892""},{""counterexample_max_abs_smd"":""0.3520757464011924"",""encoded_r2"":""0.047145270438502584"",""encoded_r2_stable_or_near_floor"":""-3.1280642049097853"",""encoded_r2_unstable"":""-3.4460650348147377"",""layer_index"":""1"",""member_id"":""2864601_0.371"",""permuted_r2"":""-0.005050896074892952""},{""counterexample_max_abs_smd"":""0.3520757464011924"",""encoded_r2"":""0.022595306005099736"",""encoded_r2_stable_or_near_floor"":""-3.245384757469803"",""encoded_r2_unstable"":""-3.5254748615825546"",""layer_index"":""2"",""member_id"":""2864601_0.371"",""permuted_r2"":""-0.017582433237822936""},{""counterexample_max_abs_smd"":""0.3520757464011924"",""encoded_r2"":""0.030537521805936496"",""encoded_r2_stable_or_near_floor"":""-3.2059925638754745"",""encoded_r2_unstable"":""-3.504393049891756"",""layer_index"":""3"",""member_id"":""2864601_0.371"",""permuted_r2"":""0.0043842240536227095""},{""counterexample_max_abs_smd"":""0.3520757464011924"",""encoded_r2"":""0.034450585360756625"",""encoded_r2_stable_or_near_floor"":""-3.1940913430088225"",""encoded_r2_unstable"":""-3.4699416475108835"",""layer_index"":""4"",""member_id"":""2864601_0.371"",""permuted_r2"":""-0.0055229905373193056""},{""counterexample_max_abs_smd"":""0.3520757464011924"",""encoded_r2"":""0.026725866837597034"",""encoded_r2_stable_or_near_floor"":""-3.270188401318433"",""encoded_r2_unstable"":""-3.3693260655083668"",""layer_index"":""0"",""member_id"":""2864601_0.409"",""permuted_r2"":""-0.005442647848653337""},{""counterexample_max_abs_smd"":""0.3520757464011924"",""encoded_r2"":""0.05231010181329154"",""encoded_r2_stable_or_near_floor"":""-3.121576779964574"",""encoded_r2_unstable"":""-3.3710339759699934"",""layer_index"":""1"",""member_id"":""2864601_0.409"",""permuted_r2"":""-0.008450852175649448""},{""counterexample_max_abs_smd"":""0.3520757464011924"",""encoded_r2"":""0.023540103270429547"",""encoded_r2_stable_or_near_floor"":""-3.2818056936692583"",""encoded_r2_unstable"":""-3.3911934496986804"",""layer_index"":""2"",""member_id"":""2864601_0.409"",""permuted_r2"":""-0.0012967547409847846""},{""counterexample_max_abs_smd"":""0.3520757464011924"",""encoded_r2"":""0.024766123446169352"",""encoded_r2_stable_or_near_floor"":""-3.234082632514488"",""encoded_r2_unstable"":""-3.521428287455975"",""layer_index"":""3"",""member_id"":""2864601_0.409"",""permuted_r2"":""-0.008409986961823712""},{""counterexample_max_abs_smd"":""0.3520757464011924"",""encoded_r2"":""0.030797703036996915"",""encoded_r2_stable_or_near_floor"":""-3.1970181734336194"",""encoded_r2_unstable"":""-3.528334216809882"",""layer_index"":""4"",""member_id"":""2864601_0.409"",""permuted_r2"":""-0.010749039417468298""}]",hidden_probe,contradicts,"{""control_field"":""permuted_r2"",""encoded_field"":""encoded_r2"",""kind"":""probe_vs_permutation"",""minimum_gain"":0.1,""stable_field"":""encoded_r2_stable_or_near_floor"",""unstable_field"":""encoded_r2_unstable""}","config.direction_rule:probe_vs_permutation;median_gains=overall:0.0389475,stable:-3.19758,unstable:-3.44267;minimum_gain=0.1","native max(log Q, -2)","native max(log Q, -2)",probe_scores.csv:estimand,invariant_tilde_f hidden representations,S01 varied-gradient interpretation panel,all with stable and unstable retained,observed-comparison,not_interventional,False,True,not_applicable_no_interval_selected,not_applicable,Zonal-flow magnitude is not meaningfully encoded in any tested member/layer cell.
E08_ZONAL_USE_NULL,zonal_flow_mechanism,hidden_intervention,S08,reports/xai/S08_artifacts/tcav_use.csv,"{""concept"":""log10_zonal_phi2""}",member_id;layer_index;intervention_rms;intervention_to_scale_matched_random_ratio;counterexample_balance_pass;use_claim_permitted,15,"[{""counterexample_balance_pass"":""False"",""intervention_rms"":""0.0857265517115593"",""intervention_to_scale_matched_random_ratio"":""1.5318292608891995"",""layer_index"":""0"",""member_id"":""2864601_0.437"",""use_claim_permitted"":""False""},{""counterexample_balance_pass"":""False"",""intervention_rms"":""0.09771766513586044"",""intervention_to_scale_matched_random_ratio"":""1.8309404524706216"",""layer_index"":""1"",""member_id"":""2864601_0.437"",""use_claim_permitted"":""False""},{""counterexample_balance_pass"":""False"",""intervention_rms"":""0.23106734454631805"",""intervention_to_scale_matched_random_ratio"":""2.3752257121751885"",""layer_index"":""2"",""member_id"":""2864601_0.437"",""use_claim_permitted"":""False""},{""counterexample_balance_pass"":""False"",""intervention_rms"":""0.20980164408683777"",""intervention_to_scale_matched_random_ratio"":""2.944114405920201"",""layer_index"":""3"",""member_id"":""2864601_0.437"",""use_claim_permitted"":""False""},{""counterexample_balance_pass"":""False"",""intervention_rms"":""0.1785985827445984"",""intervention_to_scale_matched_random_ratio"":""1.9810905003739685"",""layer_index"":""4"",""member_id"":""2864601_0.437"",""use_claim_permitted"":""False""},{""counterexample_balance_pass"":""False"",""intervention_rms"":""0.19909363985061646"",""intervention_to_scale_matched_random_ratio"":""1.4000289416584577"",""layer_index"":""0"",""member_id"":""2864601_0.371"",""use_claim_permitted"":""False""},{""counterexample_balance_pass"":""False"",""intervention_rms"":""0.2137460559606552"",""intervention_to_scale_matched_random_ratio"":""2.0194999925734294"",""layer_index"":""1"",""member_id"":""2864601_0.371"",""use_claim_permitted"":""False""},{""counterexample_balance_pass"":""False"",""intervention_rms"":""0.21572697162628174"",""intervention_to_scale_matched_random_ratio"":""2.575253982100648"",""layer_index"":""2"",""member_id"":""2864601_0.371"",""use_claim_permitted"":""False""},{""counterexample_balance_pass"":""False"",""intervention_rms"":""0.14513258635997772"",""intervention_to_scale_matched_random_ratio"":""1.8742453944308468"",""layer_index"":""3"",""member_id"":""2864601_0.371"",""use_claim_permitted"":""False""},{""counterexample_balance_pass"":""False"",""intervention_rms"":""0.05978472903370857"",""intervention_to_scale_matched_random_ratio"":""1.4596893096220114"",""layer_index"":""4"",""member_id"":""2864601_0.371"",""use_claim_permitted"":""False""},{""counterexample_balance_pass"":""False"",""intervention_rms"":""0.22050821781158447"",""intervention_to_scale_matched_random_ratio"":""1.9154002816137736"",""layer_index"":""0"",""member_id"":""2864601_0.409"",""use_claim_permitted"":""False""},{""counterexample_balance_pass"":""False"",""intervention_rms"":""0.19215738773345947"",""intervention_to_scale_matched_random_ratio"":""1.8856766842530093"",""layer_index"":""1"",""member_id"":""2864601_0.409"",""use_claim_permitted"":""False""},{""counterexample_balance_pass"":""False"",""intervention_rms"":""0.34732377529144287"",""intervention_to_scale_matched_random_ratio"":""1.7460913809015834"",""layer_index"":""2"",""member_id"":""2864601_0.409"",""use_claim_permitted"":""False""},{""counterexample_balance_pass"":""False"",""intervention_rms"":""0.35422083735466003"",""intervention_to_scale_matched_random_ratio"":""1.9249182260150832"",""layer_index"":""3"",""member_id"":""2864601_0.409"",""use_claim_permitted"":""False""},{""counterexample_balance_pass"":""False"",""intervention_rms"":""0.26791590452194214"",""intervention_to_scale_matched_random_ratio"":""1.2612988980885353"",""layer_index"":""4"",""member_id"":""2864601_0.409"",""use_claim_permitted"":""False""}]",hidden_intervention,contradicts,"{""field"":""use_claim_permitted"",""kind"":""tcav_pass_fraction""}",config.direction_rule:tcav_pass_fraction;use_claim_permitted=0/15,"native max(log Q, -2)","native max(log Q, -2)",tcav_use.csv:estimand,invariant_tilde_f hidden states,S01 96-row registered hidden-intervention subset,pooled claim with regime checks retained,deliberately_off_manifold_diagnostic,edit hidden state along matched zonal-flow direction,True,True,not_applicable_no_interval_selected,not_applicable,"Raw zonal edits move outputs, but 0/15 pass the full encoding, balance, and use gate."
E07_ZONAL_NONSPECIFIC,zonal_flow_mechanism,zonal_flow,S07,reports/xai/S07_artifacts/zonal_association.csv,"{""gradient_set"":""fixed"",""source_family"":""s05_density"",""stratum"":""unstable""}",source_id;spearman_rho;spearman_ci95_lower;spearman_ci95_upper;learned_zero_summary_fraction;bootstrap_unit;plasma_claims_permitted,9,"[{""bootstrap_unit"":""equilibrium_files"",""learned_zero_summary_fraction"":""0.008188331627430911"",""plasma_claims_permitted"":""True"",""source_id"":""2864601_0.437:u001"",""spearman_ci95_lower"":""0.24670708081748557"",""spearman_ci95_upper"":""0.37242794584914063"",""spearman_rho"":""0.3100324229207012""},{""bootstrap_unit"":""equilibrium_files"",""learned_zero_summary_fraction"":""0.057318321392016376"",""plasma_claims_permitted"":""True"",""source_id"":""2864601_0.437:u008"",""spearman_ci95_lower"":""-0.5635327044204261"",""spearman_ci95_upper"":""-0.46129236101119847"",""spearman_rho"":""-0.5126612658590667""},{""bootstrap_unit"":""equilibrium_files"",""learned_zero_summary_fraction"":""0.7666325486182191"",""plasma_claims_permitted"":""True"",""source_id"":""2864601_0.437:u003"",""spearman_ci95_lower"":""-0.6067059218859172"",""spearman_ci95_upper"":""-0.5153107951217185"",""spearman_rho"":""-0.5642201493115117""},{""bootstrap_unit"":""equilibrium_files"",""learned_zero_summary_fraction"":""0.09109518935516889"",""plasma_claims_permitted"":""True"",""source_id"":""2864601_0.371:u017"",""spearman_ci95_lower"":""0.25267805454477776"",""spearman_ci95_upper"":""0.3796808924548597"",""spearman_rho"":""0.3148141803403144""},{""bootstrap_unit"":""equilibrium_files"",""learned_zero_summary_fraction"":""0.7993858751279427"",""plasma_claims_permitted"":""True"",""source_id"":""2864601_0.371:u004"",""spearman_ci95_lower"":""-0.5470063832797802"",""spearman_ci95_upper"":""-0.4368843119554869"",""spearman_rho"":""-0.49673423975909653""},{""bootstrap_unit"":""equilibrium_files"",""learned_zero_summary_fraction"":""0.39815762538382804"",""plasma_claims_permitted"":""True"",""source_id"":""2864601_0.371:u019"",""spearman_ci95_lower"":""-0.5512377709098424"",""spearman_ci95_upper"":""-0.44283840620746684"",""spearman_rho"":""-0.49987383462874807""},{""bootstrap_unit"":""equilibrium_files"",""learned_zero_summary_fraction"":""0.10849539406345957"",""plasma_claims_permitted"":""True"",""source_id"":""2864601_0.409:u014"",""spearman_ci95_lower"":""-0.5238632182808871"",""spearman_ci95_upper"":""-0.39481123061137563"",""spearman_rho"":""-0.46311865128259555""},{""bootstrap_unit"":""equilibrium_files"",""learned_zero_summary_fraction"":""0.057318321392016376"",""plasma_claims_permitted"":""True"",""source_id"":""2864601_0.409:u021"",""spearman_ci95_lower"":""0.3272556886598311"",""spearman_ci95_upper"":""0.4491993522586593"",""spearman_rho"":""0.38840957621414923""},{""bootstrap_unit"":""equilibrium_files"",""learned_zero_summary_fraction"":""0.0"",""plasma_claims_permitted"":""True"",""source_id"":""2864601_0.409:u027"",""spearman_ci95_lower"":""0.3783373991949727"",""spearman_ci95_upper"":""0.4946014920559737"",""spearman_rho"":""0.43788571315042313""}]",gx_scalar_observation,mixed,"{""basis"":""upstream result interpretation; not used by the headline gate"",""kind"":""interpretive"",""value"":""mixed""}",config.direction:interpretive_not_used_for_claim_gate,"native max(log Q, -2)","native max(log Q, -2)",config.estimand,invariant_tilde_f densities compared with observed GX zonal magnitude,S01 fixed-gradient comparison panel,unstable,observed-comparison,not_interventional,False,True,equilibrium_files,reports/xai/S07_artifacts/zonal_association.csv:bootstrap_unit,Fixed-drive zonal associations occur across all selected units and are not geodesic-candidate-specific.
E09_FULL_COMPLETENESS,compact_invariant_formula,hidden_encoding,S09,reports/xai/S09_artifacts/completeness.csv,"{""concept_set"":""all_candidates"",""regime"":""all""}",member_id;held_out_r2;gain_over_paper_baseline;gain_over_paper_baseline_ci95_lower;gain_over_paper_baseline_ci95_upper;outer_split_unit;estimand,3,"[{""estimand"":""native max(log Q, -2)"",""gain_over_paper_baseline"":""0.08488165094952249"",""gain_over_paper_baseline_ci95_lower"":""0.07050675396247728"",""gain_over_paper_baseline_ci95_upper"":""0.09983198678495488"",""held_out_r2"":""0.9079841838061324"",""member_id"":""2864601_0.437"",""outer_split_unit"":""equilibrium_files""},{""estimand"":""native max(log Q, -2)"",""gain_over_paper_baseline"":""0.09533130908923415"",""gain_over_paper_baseline_ci95_lower"":""0.08003296065500563"",""gain_over_paper_baseline_ci95_upper"":""0.11079520350578581"",""held_out_r2"":""0.9086978622606711"",""member_id"":""2864601_0.371"",""outer_split_unit"":""equilibrium_files""},{""estimand"":""native max(log Q, -2)"",""gain_over_paper_baseline"":""0.08953967679772179"",""gain_over_paper_baseline_ci95_lower"":""0.07635756394838579"",""gain_over_paper_baseline_ci95_upper"":""0.10400709915812709"",""held_out_r2"":""0.9173713021313642"",""member_id"":""2864601_0.409"",""outer_split_unit"":""equilibrium_files""}]",concept_completeness,supports,"{""basis"":""upstream result interpretation; not used by the headline gate"",""kind"":""interpretive"",""value"":""supports""}",config.direction:interpretive_not_used_for_claim_gate,"native max(log Q, -2)","native max(log Q, -2)",completeness.csv:estimand,three invariant_tilde_f member functions,S01 varied-gradient interpretation panel,all,observed-comparison,not_interventional,False,True,equilibrium_files,reports/xai/S09_artifacts/completeness.csv:outer_split_unit,"The complete concept decoder reaches about 0.91 held-out R2, but includes GX diagnostics."
E12_MEMBER_FIDELITY,compact_invariant_formula,distillation,S12,reports/xai/S12_artifacts/fidelity.csv,"{""regime"":""all"",""target_kind"":""member_output""}",target_id;held_out_r2;held_out_r2_ci95_lower;held_out_r2_ci95_upper;residual_std;split_unit;model_version;estimand,3,"[{""estimand"":""native max(log Q, -2)"",""held_out_r2"":""0.8603164016682042"",""held_out_r2_ci95_lower"":""0.8452676870030076"",""held_out_r2_ci95_upper"":""0.874498928523426"",""model_version"":""interpret-core==0.7.8"",""residual_std"":""0.7589607673323265"",""split_unit"":""equilibrium_files"",""target_id"":""2864601_0.437""},{""estimand"":""native max(log Q, -2)"",""held_out_r2"":""0.8560790733151917"",""held_out_r2_ci95_lower"":""0.8399900901215799"",""held_out_r2_ci95_upper"":""0.8704395806843344"",""model_version"":""interpret-core==0.7.8"",""residual_std"":""0.7679404094702384"",""split_unit"":""equilibrium_files"",""target_id"":""2864601_0.371""},{""estimand"":""native max(log Q, -2)"",""held_out_r2"":""0.8635806956843547"",""held_out_r2_ci95_lower"":""0.8485817269987314"",""held_out_r2_ci95_upper"":""0.8773612276481042"",""model_version"":""interpret-core==0.7.8"",""residual_std"":""0.7443653760971831"",""split_unit"":""equilibrium_files"",""target_id"":""2864601_0.409""}]",distillation,supports,"{""basis"":""upstream result interpretation; not used by the headline gate"",""kind"":""interpretive"",""value"":""supports""}",config.direction:interpretive_not_used_for_claim_gate,"native max(log Q, -2)","native max(log Q, -2)",fidelity.csv:estimand,three invariant_tilde_f member functions,S01 varied-gradient interpretation panel,all,observed-comparison,not_interventional,False,True,equilibrium_files,reports/xai/S12_artifacts/fidelity.csv:split_unit,"The 17-feature EBM reproduces three members at R2 0.856-0.864, with substantial residual error."
E12_BOTTLENECK_UNIT_FIDELITY,compact_invariant_formula,distillation,S12,reports/xai/S12_artifacts/fidelity.csv,"{""regime"":""all"",""target_kind"":""bottleneck_unit""}",target_id;held_out_r2;split_unit;model_version;estimand,64,"[{""estimand"":""native max(log Q, -2)"",""held_out_r2"":""0.6187373808540437"",""model_version"":""interpret-core==0.7.8"",""split_unit"":""equilibrium_files"",""target_id"":""2864601_0.437:u000""},{""estimand"":""native max(log Q, -2)"",""held_out_r2"":""0.8096651915581952"",""model_version"":""interpret-core==0.7.8"",""split_unit"":""equilibrium_files"",""target_id"":""2864601_0.437:u001""},{""estimand"":""native max(log Q, -2)"",""held_out_r2"":""0.4630317389714108"",""model_version"":""interpret-core==0.7.8"",""split_unit"":""equilibrium_files"",""target_id"":""2864601_0.437:u002""},{""estimand"":""native max(log Q, -2)"",""held_out_r2"":""0.846107570485982"",""model_version"":""interpret-core==0.7.8"",""split_unit"":""equilibrium_files"",""target_id"":""2864601_0.437:u003""},{""estimand"":""native max(log Q, -2)"",""held_out_r2"":""nan"",""model_version"":""interpret-core==0.7.8"",""split_unit"":""equilibrium_files"",""target_id"":""2864601_0.437:u004""},{""estimand"":""native max(log Q, -2)"",""held_out_r2"":""0.44434793945931594"",""model_version"":""interpret-core==0.7.8"",""split_unit"":""equilibrium_files"",""target_id"":""2864601_0.437:u005""},{""estimand"":""native max(log Q, -2)"",""held_out_r2"":""0.821792694416604"",""model_version"":""interpret-core==0.7.8"",""split_unit"":""equilibrium_files"",""target_id"":""2864601_0.437:u006""},{""estimand"":""native max(log Q, -2)"",""held_out_r2"":""0.441916202599256"",""model_version"":""interpret-core==0.7.8"",""split_unit"":""equilibrium_files"",""target_id"":""2864601_0.437:u007""},{""estimand"":""native max(log Q, -2)"",""held_out_r2"":""0.7937464999610947"",""model_version"":""interpret-core==0.7.8"",""split_unit"":""equilibrium_files"",""target_id"":""2864601_0.437:u008""},{""estimand"":""native max(log Q, -2)"",""held_out_r2"":""0.7821252641092649"",""model_version"":""interpret-core==0.7.8"",""split_unit"":""equilibrium_files"",""target_id"":""2864601_0.437:u009""},{""estimand"":""native max(log Q, -2)"",""held_out_r2"":""0.5549441738633581"",""model_version"":""interpret-core==0.7.8"",""split_unit"":""equilibrium_files"",""target_id"":""2864601_0.371:u000""},{""estimand"":""native max(log Q, -2)"",""held_out_r2"":""0.044080162259993116"",""model_version"":""interpret-core==0.7.8"",""split_unit"":""equilibrium_files"",""target_id"":""2864601_0.371:u001""},{""estimand"":""native max(log Q, -2)"",""held_out_r2"":""0.21154076276956002"",""model_version"":""interpret-core==0.7.8"",""split_unit"":""equilibrium_files"",""target_id"":""2864601_0.371:u002""},{""estimand"":""native max(log Q, -2)"",""held_out_r2"":""0.5219255390023898"",""model_version"":""interpret-core==0.7.8"",""split_unit"":""equilibrium_files"",""target_id"":""2864601_0.371:u003""},{""estimand"":""native max(log Q, -2)"",""held_out_r2"":""0.8601946728484462"",""model_version"":""interpret-core==0.7.8"",""split_unit"":""equilibrium_files"",""target_id"":""2864601_0.371:u004""},{""estimand"":""native max(log Q, -2)"",""held_out_r2"":""0.3435634571826103"",""model_version"":""interpret-core==0.7.8"",""split_unit"":""equilibrium_files"",""target_id"":""2864601_0.371:u005""},{""estimand"":""native max(log Q, -2)"",""held_out_r2"":""nan"",""model_version"":""interpret-core==0.7.8"",""split_unit"":""equilibrium_files"",""target_id"":""2864601_0.371:u006""},{""estimand"":""native max(log Q, -2)"",""held_out_r2"":""nan"",""model_version"":""interpret-core==0.7.8"",""split_unit"":""equilibrium_files"",""target_id"":""2864601_0.371:u007""},{""estimand"":""native max(log Q, -2)"",""held_out_r2"":""0.03474211492751622"",""model_version"":""interpret-core==0.7.8"",""split_unit"":""equilibrium_files"",""target_id"":""2864601_0.371:u008""},{""estimand"":""native max(log Q, -2)"",""held_out_r2"":""0.2338940627068805"",""model_version"":""interpret-core==0.7.8"",""split_unit"":""equilibrium_files"",""target_id"":""2864601_0.371:u009""},{""estimand"":""native max(log Q, -2)"",""held_out_r2"":""0.7081288044434868"",""model_version"":""interpret-core==0.7.8"",""split_unit"":""equilibrium_files"",""target_id"":""2864601_0.371:u010""},{""estimand"":""native max(log Q, -2)"",""held_out_r2"":""0.6893320031770642"",""model_version"":""interpret-core==0.7.8"",""split_unit"":""equilibrium_files"",""target_id"":""2864601_0.371:u011""},{""estimand"":""native max(log Q, -2)"",""held_out_r2"":""0.0328935130453033"",""model_version"":""interpret-core==0.7.8"",""split_unit"":""equilibrium_files"",""target_id"":""2864601_0.371:u012""},{""estimand"":""native max(log Q, -2)"",""held_out_r2"":""0.15767476971100103"",""model_version"":""interpret-core==0.7.8"",""split_unit"":""equilibrium_files"",""target_id"":""2864601_0.371:u013""},{""estimand"":""native max(log Q, -2)"",""held_out_r2"":""0.7588333345476299"",""model_version"":""interpret-core==0.7.8"",""split_unit"":""equilibrium_files"",""target_id"":""2864601_0.371:u014""},{""estimand"":""native max(log Q, -2)"",""held_out_r2"":""0.6857617544833103"",""model_version"":""interpret-core==0.7.8"",""split_unit"":""equilibrium_files"",""target_id"":""2864601_0.371:u015""},{""estimand"":""native max(log Q, -2)"",""held_out_r2"":""0.2535944856799578"",""model_version"":""interpret-core==0.7.8"",""split_unit"":""equilibrium_files"",""target_id"":""2864601_0.371:u016""},{""estimand"":""native max(log Q, -2)"",""held_out_r2"":""0.8208437126765273"",""model_version"":""interpret-core==0.7.8"",""split_unit"":""equilibrium_files"",""target_id"":""2864601_0.371:u017""},{""estimand"":""native max(log Q, -2)"",""held_out_r2"":""0.5194268430085204"",""model_version"":""interpret-core==0.7.8"",""split_unit"":""equilibrium_files"",""target_id"":""2864601_0.371:u018""},{""estimand"":""native max(log Q, -2)"",""held_out_r2"":""0.8510228977612831"",""model_version"":""interpret-core==0.7.8"",""split_unit"":""equilibrium_files"",""target_id"":""2864601_0.371:u019""},{""estimand"":""native max(log Q, -2)"",""held_out_r2"":""0.3861550919742429"",""model_version"":""interpret-core==0.7.8"",""split_unit"":""equilibrium_files"",""target_id"":""2864601_0.371:u020""},{""estimand"":""native max(log Q, -2)"",""held_out_r2"":""0.19643575524404633"",""model_version"":""interpret-core==0.7.8"",""split_unit"":""equilibrium_files"",""target_id"":""2864601_0.371:u021""},{""estimand"":""native max(log Q, -2)"",""held_out_r2"":""nan"",""model_version"":""interpret-core==0.7.8"",""split_unit"":""equilibrium_files"",""target_id"":""2864601_0.371:u022""},{""estimand"":""native max(log Q, -2)"",""held_out_r2"":""0.3992764526316279"",""model_version"":""interpret-core==0.7.8"",""split_unit"":""equilibrium_files"",""target_id"":""2864601_0.409:u000""},{""estimand"":""native max(log Q, -2)"",""held_out_r2"":""0.35473274692460954"",""model_version"":""interpret-core==0.7.8"",""split_unit"":""equilibrium_files"",""target_id"":""2864601_0.409:u001""},{""estimand"":""native max(log Q, -2)"",""held_out_r2"":""0.5734225872131198"",""model_version"":""interpret-core==0.7.8"",""split_unit"":""equilibrium_files"",""target_id"":""2864601_0.409:u002""},{""estimand"":""native max(log Q, -2)"",""held_out_r2"":""0.3420272987397869"",""model_version"":""interpret-core==0.7.8"",""split_unit"":""equilibrium_files"",""target_id"":""2864601_0.409:u003""},{""estimand"":""native max(log Q, -2)"",""held_out_r2"":""0.7366700823529084"",""model_version"":""interpret-core==0.7.8"",""split_unit"":""equilibrium_files"",""target_id"":""2864601_0.409:u004""},{""estimand"":""native max(log Q, -2)"",""held_out_r2"":""0.8090072696173797"",""model_version"":""interpret-core==0.7.8"",""split_unit"":""equilibrium_files"",""target_id"":""2864601_0.409:u005""},{""estimand"":""native max(log Q, -2)"",""held_out_r2"":""0.5397254418775694"",""model_version"":""interpret-core==0.7.8"",""split_unit"":""equilibrium_files"",""target_id"":""2864601_0.409:u006""},{""estimand"":""native max(log Q, -2)"",""held_out_r2"":""0.8493584161533221"",""model_version"":""interpret-core==0.7.8"",""split_unit"":""equilibrium_files"",""target_id"":""2864601_0.409:u007""},{""estimand"":""native max(log Q, -2)"",""held_out_r2"":""0.6006315656708922"",""model_version"":""interpret-core==0.7.8"",""split_unit"":""equilibrium_files"",""target_id"":""2864601_0.409:u008""},{""estimand"":""native max(log Q, -2)"",""held_out_r2"":""0.5146589138521748"",""model_version"":""interpret-core==0.7.8"",""split_unit"":""equilibrium_files"",""target_id"":""2864601_0.409:u009""},{""estimand"":""native max(log Q, -2)"",""held_out_r2"":""0.7565975837794052"",""model_version"":""interpret-core==0.7.8"",""split_unit"":""equilibrium_files"",""target_id"":""2864601_0.409:u010""},{""estimand"":""native max(log Q, -2)"",""held_out_r2"":""0.49413723308142377"",""model_version"":""interpret-core==0.7.8"",""split_unit"":""equilibrium_files"",""target_id"":""2864601_0.409:u011""},{""estimand"":""native max(log Q, -2)"",""held_out_r2"":""0.4888656622567895"",""model_version"":""interpret-core==0.7.8"",""split_unit"":""equilibrium_files"",""target_id"":""2864601_0.409:u012""},{""estimand"":""native max(log Q, -2)"",""held_out_r2"":""0.548648054412495"",""model_version"":""interpret-core==0.7.8"",""split_unit"":""equilibrium_files"",""target_id"":""2864601_0.409:u013""},{""estimand"":""native max(log Q, -2)"",""held_out_r2"":""0.8284255592003893"",""model_version"":""interpret-core==0.7.8"",""split_unit"":""equilibrium_files"",""target_id"":""2864601_0.409:u014""},{""estimand"":""native max(log Q, -2)"",""held_out_r2"":""0.08437878689492073"",""model_version"":""interpret-core==0.7.8"",""split_unit"":""equilibrium_files"",""target_id"":""2864601_0.409:u015""},{""estimand"":""native max(log Q, -2)"",""held_out_r2"":""0.7799604691337012"",""model_version"":""interpret-core==0.7.8"",""split_unit"":""equilibrium_files"",""target_id"":""2864601_0.409:u016""},{""estimand"":""native max(log Q, -2)"",""held_out_r2"":""0.8415952159776497"",""model_version"":""interpret-core==0.7.8"",""split_unit"":""equilibrium_files"",""target_id"":""2864601_0.409:u017""},{""estimand"":""native max(log Q, -2)"",""held_out_r2"":""0.6294356442117822"",""model_version"":""interpret-core==0.7.8"",""split_unit"":""equilibrium_files"",""target_id"":""2864601_0.409:u018""},{""estimand"":""native max(log Q, -2)"",""held_out_r2"":""0.5898807220906229"",""model_version"":""interpret-core==0.7.8"",""split_unit"":""equilibrium_files"",""target_id"":""2864601_0.409:u019""},{""estimand"":""native max(log Q, -2)"",""held_out_r2"":""nan"",""model_version"":""interpret-core==0.7.8"",""split_unit"":""equilibrium_files"",""target_id"":""2864601_0.409:u020""},{""estimand"":""native max(log Q, -2)"",""held_out_r2"":""0.8715837128084774"",""model_version"":""interpret-core==0.7.8"",""split_unit"":""equilibrium_files"",""target_id"":""2864601_0.409:u021""},{""estimand"":""native max(log Q, -2)"",""held_out_r2"":""0.2594464390510729"",""model_version"":""interpret-core==0.7.8"",""split_unit"":""equilibrium_files"",""target_id"":""2864601_0.409:u022""},{""estimand"":""native max(log Q, -2)"",""held_out_r2"":""0.7144805490096642"",""model_version"":""interpret-core==0.7.8"",""split_unit"":""equilibrium_files"",""target_id"":""2864601_0.409:u023""},{""estimand"":""native max(log Q, -2)"",""held_out_r2"":""0.5620949868272868"",""model_version"":""interpret-core==0.7.8"",""split_unit"":""equilibrium_files"",""target_id"":""2864601_0.409:u024""},{""estimand"":""native max(log Q, -2)"",""held_out_r2"":""0.6067217488502574"",""model_version"":""interpret-core==0.7.8"",""split_unit"":""equilibrium_files"",""target_id"":""2864601_0.409:u025""},{""estimand"":""native max(log Q, -2)"",""held_out_r2"":""0.6704291684293975"",""model_version"":""interpret-core==0.7.8"",""split_unit"":""equilibrium_files"",""target_id"":""2864601_0.409:u026""},{""estimand"":""native max(log Q, -2)"",""held_out_r2"":""0.8135380098057375"",""model_version"":""interpret-core==0.7.8"",""split_unit"":""equilibrium_files"",""target_id"":""2864601_0.409:u027""},{""estimand"":""native max(log Q, -2)"",""held_out_r2"":""0.6456895096931775"",""model_version"":""interpret-core==0.7.8"",""split_unit"":""equilibrium_files"",""target_id"":""2864601_0.409:u028""},{""estimand"":""native max(log Q, -2)"",""held_out_r2"":""0.8267138621826848"",""model_version"":""interpret-core==0.7.8"",""split_unit"":""equilibrium_files"",""target_id"":""2864601_0.409:u029""},{""estimand"":""native max(log Q, -2)"",""held_out_r2"":""0.5942008791296616"",""model_version"":""interpret-core==0.7.8"",""split_unit"":""equilibrium_files"",""target_id"":""2864601_0.409:u030""}]",distillation,supports,"{""basis"":""upstream result interpretation; not used by the headline gate"",""kind"":""interpretive"",""value"":""supports""}",config.direction:interpretive_not_used_for_claim_gate,"native max(log Q, -2)","native max(log Q, -2)",fidelity.csv:estimand,64 bottleneck units from three invariant_tilde_f members,S01 varied-gradient interpretation panel,all,observed-comparison,not_interventional,False,True,equilibrium_files,reports/xai/S12_artifacts/fidelity.csv:split_unit,Only 13/64 bottleneck units reach held-out R2 >= 0.8; five units are constant.
E12_INTERACTION_GAIN,compact_invariant_formula,distillation,S12,reports/xai/S12_artifacts/subset_fidelity.csv,"{""concept_set"":""all_17_registered_interactions"",""target_kind"":""member_output""}",target_id;held_out_r2;held_out_r2_ci95_lower;held_out_r2_ci95_upper;gain_over_baseline_trio;gain_ci95_lower;gain_ci95_upper;registered_interaction_count;bootstrap_unit;split_unit,3,"[{""bootstrap_unit"":""equilibrium_files"",""gain_ci95_lower"":""0.06588422505831505"",""gain_ci95_upper"":""0.09360778471353873"",""gain_over_baseline_trio"":""0.07893341353388184"",""held_out_r2"":""0.8603164016682042"",""held_out_r2_ci95_lower"":""0.844711513727106"",""held_out_r2_ci95_upper"":""0.8745226883733712"",""registered_interaction_count"":""5"",""split_unit"":""equilibrium_files"",""target_id"":""2864601_0.437""},{""bootstrap_unit"":""equilibrium_files"",""gain_ci95_lower"":""0.061907234360410485"",""gain_ci95_upper"":""0.09153194485589966"",""gain_over_baseline_trio"":""0.07622913451509583"",""held_out_r2"":""0.8560790733151917"",""held_out_r2_ci95_lower"":""0.8395981218397228"",""held_out_r2_ci95_upper"":""0.8709188663873332"",""registered_interaction_count"":""5"",""split_unit"":""equilibrium_files"",""target_id"":""2864601_0.371""},{""bootstrap_unit"":""equilibrium_files"",""gain_ci95_lower"":""0.06575009294803968"",""gain_ci95_upper"":""0.094181464337438"",""gain_over_baseline_trio"":""0.07958067059032237"",""held_out_r2"":""0.8635806956843547"",""held_out_r2_ci95_lower"":""0.8480153598418999"",""held_out_r2_ci95_upper"":""0.87734839824339"",""registered_interaction_count"":""5"",""split_unit"":""equilibrium_files"",""target_id"":""2864601_0.409""}]",distillation,supports,"{""basis"":""upstream result interpretation; not used by the headline gate"",""kind"":""interpretive"",""value"":""supports""}",config.direction:interpretive_not_used_for_claim_gate,"native max(log Q, -2)","native max(log Q, -2)",subset_fidelity.csv:estimand,three invariant_tilde_f member functions,S01 varied-gradient interpretation panel,all,observed-comparison,not_interventional,False,True,equilibrium_files,reports/xai/S12_artifacts/subset_fidelity.csv:bootstrap_unit,Registered interactions add about 0.075-0.080 R2 beyond the baseline trio.
E11_SPREAD_ERROR_ASSOCIATION,ensemble_spread_as_error_signal,cross_model_consensus,S11,reports/xai/S11_artifacts/spread_error_associations.csv,"{""left_outcome"":""ensemble_spread"",""right_outcome"":""ensemble_absolute_error""}",regime;sample_count;spearman;pearson;spearman_interval_lower;spearman_interval_upper;resampling_unit;interval_kind,3,"[{""interval_kind"":""grouped_resample_sensitivity_interval"",""pearson"":""0.6520737143019956"",""regime"":""all"",""resampling_unit"":""equilibrium_files"",""sample_count"":""1000"",""spearman"":""0.7614159519844477"",""spearman_interval_lower"":""0.7302924567379097"",""spearman_interval_upper"":""0.7942374912103701""},{""interval_kind"":""grouped_resample_sensitivity_interval"",""pearson"":""0.7491467893656094"",""regime"":""stable_or_near_floor"",""resampling_unit"":""equilibrium_files"",""sample_count"":""240"",""spearman"":""0.8285069308959837"",""spearman_interval_lower"":""0.765690675638277"",""spearman_interval_upper"":""0.8756222788510558""},{""interval_kind"":""grouped_resample_sensitivity_interval"",""pearson"":""0.610551616237169"",""regime"":""unstable"",""resampling_unit"":""equilibrium_files"",""sample_count"":""760"",""spearman"":""0.5745359578822714"",""spearman_interval_lower"":""0.5170214359767968"",""spearman_interval_upper"":""0.6193585496837996""}]",ensemble_association,regime-dependent,"{""field"":""spearman"",""kind"":""positive_association_with_disjoint_regime_intervals"",""lower_field"":""spearman_interval_lower"",""regime_field"":""regime"",""regime_values"":[""stable_or_near_floor"",""unstable""],""upper_field"":""spearman_interval_upper""}","config.direction_rule:positive_association_with_disjoint_regime_intervals;stable_or_near_floor=0.828507[0.765691,0.875622];unstable=0.574536[0.517021,0.619359]","native max(log Q, -2)","native max(log Q, -2)",config.estimand,population spread of all 100 invariant_tilde_f members,S01 varied-gradient interpretation panel,"all, stable, unstable",observed-comparison,not_interventional,False,True,equilibrium_files,reports/xai/S11_artifacts/spread_error_associations.csv:resampling_unit,"Spread ranks error well overall, more strongly near the floor than on unstable rows."
E11_COMMON_MODE_FAILURE,ensemble_spread_as_error_signal,cross_model_consensus,S11,reports/xai/S11_artifacts/failure_categories.csv,"{""category"":""common_mode_failure""}",regime;count;fraction,3,"[{""count"":""8"",""fraction"":""0.008"",""regime"":""all""},{""count"":""2"",""fraction"":""0.008333333333333333"",""regime"":""stable_or_near_floor""},{""count"":""6"",""fraction"":""0.007894736842105263"",""regime"":""unstable""}]",calibration_failure_audit,contradicts,"{""field"":""count"",""kind"":""nonzero_failure_count"",""scope_field"":""regime"",""scope_value"":""all""}",config.direction_rule:nonzero_failure_count;total_failures=8,"native max(log Q, -2)","native max(log Q, -2)",config.estimand,all-100 ensemble mean and spread,S01 varied-gradient interpretation panel,"all, stable, unstable",observed-comparison,not_interventional,False,True,not_applicable_no_interval_selected,not_applicable,Eight fixed-threshold common-mode failures show that low spread is not an error guarantee.
