member_id,regime,drive,concept,bin_index,drive_lower,drive_upper,rows,slope,ci95_lower,ci95_upper,validity_tag,bootstrap_unit,estimand,canonical_function,finite_difference_kind,integrated_hessian_proxy,perturbation_validity_tag
2864601_0.437,all,a_over_LT,log_f_Q,0,0.020469365641474724,1.3714519739151,333,0.6862872870528031,0.5346596460419126,0.8519738850003534,observed-comparison,equilibrium_files,"native max(log Q, -2)",invariant_tilde_f,grouped_observed_directional_slope,quadratic_decoder_concept_by_drive_term,observed-comparison
2864601_0.437,all,a_over_LT,log_f_Q,1,1.3714519739151,2.8915348052978516,333,0.8996821575608456,0.7233108996645774,1.0553683303050974,observed-comparison,equilibrium_files,"native max(log Q, -2)",invariant_tilde_f,grouped_observed_directional_slope,quadratic_decoder_concept_by_drive_term,observed-comparison
2864601_0.437,all,a_over_LT,log_f_Q,2,2.8915348052978516,10.397533416748047,334,0.8607057205053954,0.688313259357173,1.0420448199912327,observed-comparison,equilibrium_files,"native max(log Q, -2)",invariant_tilde_f,grouped_observed_directional_slope,quadratic_decoder_concept_by_drive_term,observed-comparison
2864601_0.437,all,a_over_LT,f_stab,0,0.020469365641474724,1.3714519739151,333,1.3145613793490112,0.9890700686693704,1.7306925804783193,observed-comparison,equilibrium_files,"native max(log Q, -2)",invariant_tilde_f,grouped_observed_directional_slope,quadratic_decoder_concept_by_drive_term,observed-comparison
2864601_0.437,all,a_over_LT,f_stab,1,1.3714519739151,2.8915348052978516,333,2.0245430670579534,1.6088718772362065,2.4111353005816407,observed-comparison,equilibrium_files,"native max(log Q, -2)",invariant_tilde_f,grouped_observed_directional_slope,quadratic_decoder_concept_by_drive_term,observed-comparison
2864601_0.437,all,a_over_LT,f_stab,2,2.8915348052978516,10.397533416748047,334,2.2397866523390313,1.700728697001262,2.726626770014275,observed-comparison,equilibrium_files,"native max(log Q, -2)",invariant_tilde_f,grouped_observed_directional_slope,quadratic_decoder_concept_by_drive_term,observed-comparison
2864601_0.437,all,a_over_LT,log_compression,0,0.020469365641474724,1.3714519739151,333,0.3309855808368145,0.2242712552960513,0.45138400777942816,observed-comparison,equilibrium_files,"native max(log Q, -2)",invariant_tilde_f,grouped_observed_directional_slope,quadratic_decoder_concept_by_drive_term,observed-comparison
2864601_0.437,all,a_over_LT,log_compression,1,1.3714519739151,2.8915348052978516,333,0.35291500778287466,0.2082607697032825,0.5005042877841258,observed-comparison,equilibrium_files,"native max(log Q, -2)",invariant_tilde_f,grouped_observed_directional_slope,quadratic_decoder_concept_by_drive_term,observed-comparison
2864601_0.437,all,a_over_LT,log_compression,2,2.8915348052978516,10.397533416748047,334,0.43373842257635126,0.2875897264846453,0.6022996208879513,observed-comparison,equilibrium_files,"native max(log Q, -2)",invariant_tilde_f,grouped_observed_directional_slope,quadratic_decoder_concept_by_drive_term,observed-comparison
2864601_0.437,all,a_over_LT,bad_curvature,0,0.020469365641474724,1.3714519739151,333,-0.8577743457208834,-2.5687263099435587,0.9306391054046915,observed-comparison,equilibrium_files,"native max(log Q, -2)",invariant_tilde_f,grouped_observed_directional_slope,quadratic_decoder_concept_by_drive_term,observed-comparison
2864601_0.437,all,a_over_LT,bad_curvature,1,1.3714519739151,2.8915348052978516,333,0.2609391555108703,-0.944261816955943,1.3268338889896658,observed-comparison,equilibrium_files,"native max(log Q, -2)",invariant_tilde_f,grouped_observed_directional_slope,quadratic_decoder_concept_by_drive_term,observed-comparison
2864601_0.437,all,a_over_LT,bad_curvature,2,2.8915348052978516,10.397533416748047,334,0.36439596847525546,-0.152398381062244,0.9034147484325568,observed-comparison,equilibrium_files,"native max(log Q, -2)",invariant_tilde_f,grouped_observed_directional_slope,quadratic_decoder_concept_by_drive_term,observed-comparison
2864601_0.437,all,a_over_LT,geodesic_curvature,0,0.020469365641474724,1.3714519739151,333,0.21993610967075725,-1.6562910189444897,1.9803274859151592,observed-comparison,equilibrium_files,"native max(log Q, -2)",invariant_tilde_f,grouped_observed_directional_slope,quadratic_decoder_concept_by_drive_term,observed-comparison
2864601_0.437,all,a_over_LT,geodesic_curvature,1,1.3714519739151,2.8915348052978516,333,3.7714015491441,1.7280593726973332,5.680993466813144,observed-comparison,equilibrium_files,"native max(log Q, -2)",invariant_tilde_f,grouped_observed_directional_slope,quadratic_decoder_concept_by_drive_term,observed-comparison
2864601_0.437,all,a_over_LT,geodesic_curvature,2,2.8915348052978516,10.397533416748047,334,3.5533375757487873,1.3451541622953278,5.654074478854348,observed-comparison,equilibrium_files,"native max(log Q, -2)",invariant_tilde_f,grouped_observed_directional_slope,quadratic_decoder_concept_by_drive_term,observed-comparison
2864601_0.437,all,a_over_LT,parallel_scale,0,0.020469365641474724,1.3714519739151,333,-0.07921506804216011,-0.4947494806027664,0.3607309103740859,observed-comparison,equilibrium_files,"native max(log Q, -2)",invariant_tilde_f,grouped_observed_directional_slope,quadratic_decoder_concept_by_drive_term,observed-comparison
2864601_0.437,all,a_over_LT,parallel_scale,1,1.3714519739151,2.8915348052978516,333,-0.13036172237384375,-0.514759823917707,0.19854479369500297,observed-comparison,equilibrium_files,"native max(log Q, -2)",invariant_tilde_f,grouped_observed_directional_slope,quadratic_decoder_concept_by_drive_term,observed-comparison
2864601_0.437,all,a_over_LT,parallel_scale,2,2.8915348052978516,10.397533416748047,334,0.26746991761802796,-0.047884117314291305,0.567738586667421,observed-comparison,equilibrium_files,"native max(log Q, -2)",invariant_tilde_f,grouped_observed_directional_slope,quadratic_decoder_concept_by_drive_term,observed-comparison
2864601_0.437,all,a_over_LT,cross_channel_colocation,0,0.020469365641474724,1.3714519739151,333,1.2704933221007926,0.7865142900340523,2.1004696320332443,observed-comparison,equilibrium_files,"native max(log Q, -2)",invariant_tilde_f,grouped_observed_directional_slope,quadratic_decoder_concept_by_drive_term,observed-comparison
2864601_0.437,all,a_over_LT,cross_channel_colocation,1,1.3714519739151,2.8915348052978516,333,0.9085967927035212,0.5460172890341297,1.995105932569173,observed-comparison,equilibrium_files,"native max(log Q, -2)",invariant_tilde_f,grouped_observed_directional_slope,quadratic_decoder_concept_by_drive_term,observed-comparison
2864601_0.437,all,a_over_LT,cross_channel_colocation,2,2.8915348052978516,10.397533416748047,334,0.28684372068325,0.1152466651318803,0.5583328581185504,observed-comparison,equilibrium_files,"native max(log Q, -2)",invariant_tilde_f,grouped_observed_directional_slope,quadratic_decoder_concept_by_drive_term,observed-comparison
2864601_0.437,all,a_over_LT,log_FSA_grad_x,0,0.020469365641474724,1.3714519739151,333,1.5641608632256578,1.0167051258135658,2.1219402972001773,observed-comparison,equilibrium_files,"native max(log Q, -2)",invariant_tilde_f,grouped_observed_directional_slope,quadratic_decoder_concept_by_drive_term,observed-comparison
2864601_0.437,all,a_over_LT,log_FSA_grad_x,1,1.3714519739151,2.8915348052978516,333,2.886508083318542,2.2702708475038285,3.4849971961958595,observed-comparison,equilibrium_files,"native max(log Q, -2)",invariant_tilde_f,grouped_observed_directional_slope,quadratic_decoder_concept_by_drive_term,observed-comparison
2864601_0.437,all,a_over_LT,log_FSA_grad_x,2,2.8915348052978516,10.397533416748047,334,3.196704681130927,2.2868496283236266,4.0575578748028756,observed-comparison,equilibrium_files,"native max(log Q, -2)",invariant_tilde_f,grouped_observed_directional_slope,quadratic_decoder_concept_by_drive_term,observed-comparison
2864601_0.437,all,a_over_Ln,log_f_Q,0,-0.45778006315231323,0.21342068910598755,333,0.7050024615186269,0.5100986877506742,0.9147735577512436,observed-comparison,equilibrium_files,"native max(log Q, -2)",invariant_tilde_f,grouped_observed_directional_slope,quadratic_decoder_concept_by_drive_term,observed-comparison
2864601_0.437,all,a_over_Ln,log_f_Q,1,0.21342068910598755,0.888144314289093,333,0.6627013720297948,0.4874807983404132,0.8238817038483112,observed-comparison,equilibrium_files,"native max(log Q, -2)",invariant_tilde_f,grouped_observed_directional_slope,quadratic_decoder_concept_by_drive_term,observed-comparison
2864601_0.437,all,a_over_Ln,log_f_Q,2,0.888144314289093,5.65452766418457,334,0.5971388557586,0.345077806033925,0.8161709230277773,observed-comparison,equilibrium_files,"native max(log Q, -2)",invariant_tilde_f,grouped_observed_directional_slope,quadratic_decoder_concept_by_drive_term,observed-comparison
2864601_0.437,all,a_over_Ln,f_stab,0,-0.45778006315231323,0.21342068910598755,333,1.4264014906042244,0.9543254152309348,2.0330493588912733,observed-comparison,equilibrium_files,"native max(log Q, -2)",invariant_tilde_f,grouped_observed_directional_slope,quadratic_decoder_concept_by_drive_term,observed-comparison
2864601_0.437,all,a_over_Ln,f_stab,1,0.21342068910598755,0.888144314289093,333,1.4353248999423236,0.8840610913491973,1.8962876464339804,observed-comparison,equilibrium_files,"native max(log Q, -2)",invariant_tilde_f,grouped_observed_directional_slope,quadratic_decoder_concept_by_drive_term,observed-comparison
2864601_0.437,all,a_over_Ln,f_stab,2,0.888144314289093,5.65452766418457,334,1.4975093225203313,0.8611414264237839,2.125922512357242,observed-comparison,equilibrium_files,"native max(log Q, -2)",invariant_tilde_f,grouped_observed_directional_slope,quadratic_decoder_concept_by_drive_term,observed-comparison
2864601_0.437,all,a_over_Ln,log_compression,0,-0.45778006315231323,0.21342068910598755,333,0.3683270905171021,0.23638003048861597,0.5227467513359706,observed-comparison,equilibrium_files,"native max(log Q, -2)",invariant_tilde_f,grouped_observed_directional_slope,quadratic_decoder_concept_by_drive_term,observed-comparison
2864601_0.437,all,a_over_Ln,log_compression,1,0.21342068910598755,0.888144314289093,333,0.2864053200351823,0.13489029159910715,0.4230524469183856,observed-comparison,equilibrium_files,"native max(log Q, -2)",invariant_tilde_f,grouped_observed_directional_slope,quadratic_decoder_concept_by_drive_term,observed-comparison
2864601_0.437,all,a_over_Ln,log_compression,2,0.888144314289093,5.65452766418457,334,0.27073958776652063,0.09464800731520336,0.4336245404653046,observed-comparison,equilibrium_files,"native max(log Q, -2)",invariant_tilde_f,grouped_observed_directional_slope,quadratic_decoder_concept_by_drive_term,observed-comparison
2864601_0.437,all,a_over_Ln,bad_curvature,0,-0.45778006315231323,0.21342068910598755,333,1.5069196121469237,0.882880182559728,2.9703646502741905,observed-comparison,equilibrium_files,"native max(log Q, -2)",invariant_tilde_f,grouped_observed_directional_slope,quadratic_decoder_concept_by_drive_term,observed-comparison
2864601_0.437,all,a_over_Ln,bad_curvature,1,0.21342068910598755,0.888144314289093,333,2.83853101958773,1.1181239655125756,4.581172728759779,observed-comparison,equilibrium_files,"native max(log Q, -2)",invariant_tilde_f,grouped_observed_directional_slope,quadratic_decoder_concept_by_drive_term,observed-comparison
2864601_0.437,all,a_over_Ln,bad_curvature,2,0.888144314289093,5.65452766418457,334,1.2181171873855836,0.7120157231535819,1.9564446850678192,observed-comparison,equilibrium_files,"native max(log Q, -2)",invariant_tilde_f,grouped_observed_directional_slope,quadratic_decoder_concept_by_drive_term,observed-comparison
2864601_0.437,all,a_over_Ln,geodesic_curvature,0,-0.45778006315231323,0.21342068910598755,333,2.182472360629741,-0.24703993489951986,4.497467117893354,observed-comparison,equilibrium_files,"native max(log Q, -2)",invariant_tilde_f,grouped_observed_directional_slope,quadratic_decoder_concept_by_drive_term,observed-comparison
2864601_0.437,all,a_over_Ln,geodesic_curvature,1,0.21342068910598755,0.888144314289093,333,2.998513179043917,0.5149514956627872,5.329424864465435,observed-comparison,equilibrium_files,"native max(log Q, -2)",invariant_tilde_f,grouped_observed_directional_slope,quadratic_decoder_concept_by_drive_term,observed-comparison
2864601_0.437,all,a_over_Ln,geodesic_curvature,2,0.888144314289093,5.65452766418457,334,5.298614873159001,3.2199310170247086,7.266228993810592,observed-comparison,equilibrium_files,"native max(log Q, -2)",invariant_tilde_f,grouped_observed_directional_slope,quadratic_decoder_concept_by_drive_term,observed-comparison
2864601_0.437,all,a_over_Ln,parallel_scale,0,-0.45778006315231323,0.21342068910598755,333,0.6062889626813599,0.20344670192402087,0.9917697896534433,observed-comparison,equilibrium_files,"native max(log Q, -2)",invariant_tilde_f,grouped_observed_directional_slope,quadratic_decoder_concept_by_drive_term,observed-comparison
2864601_0.437,all,a_over_Ln,parallel_scale,1,0.21342068910598755,0.888144314289093,333,0.7158471201456615,0.3390803954786966,1.1905440222069454,observed-comparison,equilibrium_files,"native max(log Q, -2)",invariant_tilde_f,grouped_observed_directional_slope,quadratic_decoder_concept_by_drive_term,observed-comparison
2864601_0.437,all,a_over_Ln,parallel_scale,2,0.888144314289093,5.65452766418457,334,0.7487521910556226,0.40450509722585054,1.0848347567751575,observed-comparison,equilibrium_files,"native max(log Q, -2)",invariant_tilde_f,grouped_observed_directional_slope,quadratic_decoder_concept_by_drive_term,observed-comparison
2864601_0.437,all,a_over_Ln,cross_channel_colocation,0,-0.45778006315231323,0.21342068910598755,333,0.7914433330050425,0.5498424563017299,1.412822723232289,observed-comparison,equilibrium_files,"native max(log Q, -2)",invariant_tilde_f,grouped_observed_directional_slope,quadratic_decoder_concept_by_drive_term,observed-comparison
2864601_0.437,all,a_over_Ln,cross_channel_colocation,1,0.21342068910598755,0.888144314289093,333,1.2410147797758622,0.6804845335831448,2.4516937897855318,observed-comparison,equilibrium_files,"native max(log Q, -2)",invariant_tilde_f,grouped_observed_directional_slope,quadratic_decoder_concept_by_drive_term,observed-comparison
2864601_0.437,all,a_over_Ln,cross_channel_colocation,2,0.888144314289093,5.65452766418457,334,0.542623787416586,0.36536315848963735,0.9011758996603055,observed-comparison,equilibrium_files,"native max(log Q, -2)",invariant_tilde_f,grouped_observed_directional_slope,quadratic_decoder_concept_by_drive_term,observed-comparison
2864601_0.437,all,a_over_Ln,log_FSA_grad_x,0,-0.45778006315231323,0.21342068910598755,333,1.5792676711001379,0.7264858249420196,2.348933241027612,observed-comparison,equilibrium_files,"native max(log Q, -2)",invariant_tilde_f,grouped_observed_directional_slope,quadratic_decoder_concept_by_drive_term,observed-comparison
2864601_0.437,all,a_over_Ln,log_FSA_grad_x,1,0.21342068910598755,0.888144314289093,333,1.979176106923509,1.2919199277343012,2.744815025538984,observed-comparison,equilibrium_files,"native max(log Q, -2)",invariant_tilde_f,grouped_observed_directional_slope,quadratic_decoder_concept_by_drive_term,observed-comparison
2864601_0.437,all,a_over_Ln,log_FSA_grad_x,2,0.888144314289093,5.65452766418457,334,1.5661918758452524,0.6135797729710719,2.5186180993925236,observed-comparison,equilibrium_files,"native max(log Q, -2)",invariant_tilde_f,grouped_observed_directional_slope,quadratic_decoder_concept_by_drive_term,observed-comparison
2864601_0.437,stable_or_near_floor,a_over_LT,log_f_Q,0,0.020469365641474724,0.851464291413625,80,0.046951441275028774,0.013373100669432158,0.09286518605805943,observed-comparison,equilibrium_files,"native max(log Q, -2)",invariant_tilde_f,grouped_observed_directional_slope,quadratic_decoder_concept_by_drive_term,observed-comparison
2864601_0.437,stable_or_near_floor,a_over_LT,log_f_Q,1,0.851464291413625,1.537275711695353,80,-0.012423210747542743,-0.05104466953004325,0.014429493988613958,observed-comparison,equilibrium_files,"native max(log Q, -2)",invariant_tilde_f,grouped_observed_directional_slope,quadratic_decoder_concept_by_drive_term,observed-comparison
2864601_0.437,stable_or_near_floor,a_over_LT,log_f_Q,2,1.537275711695353,4.886041164398193,80,-0.025007402971616008,-0.12277985580477199,0.04678992860139667,observed-comparison,equilibrium_files,"native max(log Q, -2)",invariant_tilde_f,grouped_observed_directional_slope,quadratic_decoder_concept_by_drive_term,observed-comparison
2864601_0.437,stable_or_near_floor,a_over_LT,f_stab,0,0.020469365641474724,0.851464291413625,80,0.08217370985400146,-0.0019081913816654055,0.20885709961412663,observed-comparison,equilibrium_files,"native max(log Q, -2)",invariant_tilde_f,grouped_observed_directional_slope,quadratic_decoder_concept_by_drive_term,observed-comparison
2864601_0.437,stable_or_near_floor,a_over_LT,f_stab,1,0.851464291413625,1.537275711695353,80,-0.04268863851404245,-0.13901604560796824,0.023638264738189255,observed-comparison,equilibrium_files,"native max(log Q, -2)",invariant_tilde_f,grouped_observed_directional_slope,quadratic_decoder_concept_by_drive_term,observed-comparison
2864601_0.437,stable_or_near_floor,a_over_LT,f_stab,2,1.537275711695353,4.886041164398193,80,-0.03595856463479348,-0.27820609919414074,0.17028713791980002,observed-comparison,equilibrium_files,"native max(log Q, -2)",invariant_tilde_f,grouped_observed_directional_slope,quadratic_decoder_concept_by_drive_term,observed-comparison
2864601_0.437,stable_or_near_floor,a_over_LT,log_compression,0,0.020469365641474724,0.851464291413625,80,0.03625528931709044,0.014099020073851316,0.06964050097626348,observed-comparison,equilibrium_files,"native max(log Q, -2)",invariant_tilde_f,grouped_observed_directional_slope,quadratic_decoder_concept_by_drive_term,observed-comparison
2864601_0.437,stable_or_near_floor,a_over_LT,log_compression,1,0.851464291413625,1.537275711695353,80,0.001623819839693321,-0.020885500679043646,0.017440634036800923,observed-comparison,equilibrium_files,"native max(log Q, -2)",invariant_tilde_f,grouped_observed_directional_slope,quadratic_decoder_concept_by_drive_term,observed-comparison
2864601_0.437,stable_or_near_floor,a_over_LT,log_compression,2,1.537275711695353,4.886041164398193,80,-0.0361693683889281,-0.14699283856904072,0.02880699339572575,observed-comparison,equilibrium_files,"native max(log Q, -2)",invariant_tilde_f,grouped_observed_directional_slope,quadratic_decoder_concept_by_drive_term,observed-comparison
2864601_0.437,stable_or_near_floor,a_over_LT,bad_curvature,0,0.020469365641474724,0.851464291413625,80,-0.4171707857122328,-1.4376055390156903,0.3386836705377143,observed-comparison,equilibrium_files,"native max(log Q, -2)",invariant_tilde_f,grouped_observed_directional_slope,quadratic_decoder_concept_by_drive_term,observed-comparison
2864601_0.437,stable_or_near_floor,a_over_LT,bad_curvature,1,0.851464291413625,1.537275711695353,80,-0.11262054436988447,-0.38458119501012616,0.11118046714582663,observed-comparison,equilibrium_files,"native max(log Q, -2)",invariant_tilde_f,grouped_observed_directional_slope,quadratic_decoder_concept_by_drive_term,observed-comparison
2864601_0.437,stable_or_near_floor,a_over_LT,bad_curvature,2,1.537275711695353,4.886041164398193,80,0.45358097350605214,-0.18354029680248585,1.2120528546470961,observed-comparison,equilibrium_files,"native max(log Q, -2)",invariant_tilde_f,grouped_observed_directional_slope,quadratic_decoder_concept_by_drive_term,observed-comparison
2864601_0.437,stable_or_near_floor,a_over_LT,geodesic_curvature,0,0.020469365641474724,0.851464291413625,80,0.22357198794710587,-0.22585994717083874,0.8384324247069254,observed-comparison,equilibrium_files,"native max(log Q, -2)",invariant_tilde_f,grouped_observed_directional_slope,quadratic_decoder_concept_by_drive_term,observed-comparison
2864601_0.437,stable_or_near_floor,a_over_LT,geodesic_curvature,1,0.851464291413625,1.537275711695353,80,0.1935630120615448,-0.06429042464959221,0.5103430781754397,observed-comparison,equilibrium_files,"native max(log Q, -2)",invariant_tilde_f,grouped_observed_directional_slope,quadratic_decoder_concept_by_drive_term,observed-comparison
2864601_0.437,stable_or_near_floor,a_over_LT,geodesic_curvature,2,1.537275711695353,4.886041164398193,80,0.5491435994569229,-0.792714255631053,1.9406289136716484,observed-comparison,equilibrium_files,"native max(log Q, -2)",invariant_tilde_f,grouped_observed_directional_slope,quadratic_decoder_concept_by_drive_term,observed-comparison
2864601_0.437,stable_or_near_floor,a_over_LT,parallel_scale,0,0.020469365641474724,0.851464291413625,80,0.11119968711417558,-0.13199750819567027,0.41912304592032534,observed-comparison,equilibrium_files,"native max(log Q, -2)",invariant_tilde_f,grouped_observed_directional_slope,quadratic_decoder_concept_by_drive_term,observed-comparison
2864601_0.437,stable_or_near_floor,a_over_LT,parallel_scale,1,0.851464291413625,1.537275711695353,80,0.01985798131306675,-0.057754895056120394,0.11498864067543105,observed-comparison,equilibrium_files,"native max(log Q, -2)",invariant_tilde_f,grouped_observed_directional_slope,quadratic_decoder_concept_by_drive_term,observed-comparison
2864601_0.437,stable_or_near_floor,a_over_LT,parallel_scale,2,1.537275711695353,4.886041164398193,80,0.1646943750454183,-0.08789893068000786,0.4240765788060158,observed-comparison,equilibrium_files,"native max(log Q, -2)",invariant_tilde_f,grouped_observed_directional_slope,quadratic_decoder_concept_by_drive_term,observed-comparison
2864601_0.437,stable_or_near_floor,a_over_LT,cross_channel_colocation,0,0.020469365641474724,0.851464291413625,80,0.19701838664748308,-0.004827692349491949,0.42087635060235906,observed-comparison,equilibrium_files,"native max(log Q, -2)",invariant_tilde_f,grouped_observed_directional_slope,quadratic_decoder_concept_by_drive_term,observed-comparison
2864601_0.437,stable_or_near_floor,a_over_LT,cross_channel_colocation,1,0.851464291413625,1.537275711695353,80,-0.05922023836606766,-0.19600768100512467,0.029341118494456683,observed-comparison,equilibrium_files,"native max(log Q, -2)",invariant_tilde_f,grouped_observed_directional_slope,quadratic_decoder_concept_by_drive_term,observed-comparison
2864601_0.437,stable_or_near_floor,a_over_LT,cross_channel_colocation,2,1.537275711695353,4.886041164398193,80,0.1934299654176898,-0.06771147024988058,0.4798046303638574,observed-comparison,equilibrium_files,"native max(log Q, -2)",invariant_tilde_f,grouped_observed_directional_slope,quadratic_decoder_concept_by_drive_term,observed-comparison
2864601_0.437,stable_or_near_floor,a_over_LT,log_FSA_grad_x,0,0.020469365641474724,0.851464291413625,80,0.07143337268592934,-0.04324847552472176,0.20350464940208507,observed-comparison,equilibrium_files,"native max(log Q, -2)",invariant_tilde_f,grouped_observed_directional_slope,quadratic_decoder_concept_by_drive_term,observed-comparison
2864601_0.437,stable_or_near_floor,a_over_LT,log_FSA_grad_x,1,0.851464291413625,1.537275711695353,80,-0.049551774759666836,-0.2269653527084386,0.07587400831050321,observed-comparison,equilibrium_files,"native max(log Q, -2)",invariant_tilde_f,grouped_observed_directional_slope,quadratic_decoder_concept_by_drive_term,observed-comparison
2864601_0.437,stable_or_near_floor,a_over_LT,log_FSA_grad_x,2,1.537275711695353,4.886041164398193,80,-0.14584447938439832,-0.57641565463421,0.1512935036992916,observed-comparison,equilibrium_files,"native max(log Q, -2)",invariant_tilde_f,grouped_observed_directional_slope,quadratic_decoder_concept_by_drive_term,observed-comparison
2864601_0.437,stable_or_near_floor,a_over_Ln,log_f_Q,0,-0.22261013090610504,0.48661752541859943,80,0.055673880305679296,0.015581077054090571,0.10782257970191758,observed-comparison,equilibrium_files,"native max(log Q, -2)",invariant_tilde_f,grouped_observed_directional_slope,quadratic_decoder_concept_by_drive_term,observed-comparison
2864601_0.437,stable_or_near_floor,a_over_Ln,log_f_Q,1,0.48661752541859943,1.382526874542236,80,-0.07061575770396751,-0.19728246869824898,0.003367032333519559,observed-comparison,equilibrium_files,"native max(log Q, -2)",invariant_tilde_f,grouped_observed_directional_slope,quadratic_decoder_concept_by_drive_term,observed-comparison
2864601_0.437,stable_or_near_floor,a_over_Ln,log_f_Q,2,1.382526874542236,5.65452766418457,80,0.0021071696109582717,-0.02309951452965315,0.029913751031001995,observed-comparison,equilibrium_files,"native max(log Q, -2)",invariant_tilde_f,grouped_observed_directional_slope,quadratic_decoder_concept_by_drive_term,observed-comparison
2864601_0.437,stable_or_near_floor,a_over_Ln,f_stab,0,-0.22261013090610504,0.48661752541859943,80,0.10617141354130417,0.008194653721977266,0.26599600831039333,observed-comparison,equilibrium_files,"native max(log Q, -2)",invariant_tilde_f,grouped_observed_directional_slope,quadratic_decoder_concept_by_drive_term,observed-comparison
2864601_0.437,stable_or_near_floor,a_over_Ln,f_stab,1,0.48661752541859943,1.382526874542236,80,-0.17375462251794987,-0.4492231594790131,-0.007487665085729159,observed-comparison,equilibrium_files,"native max(log Q, -2)",invariant_tilde_f,grouped_observed_directional_slope,quadratic_decoder_concept_by_drive_term,observed-comparison
2864601_0.437,stable_or_near_floor,a_over_Ln,f_stab,2,1.382526874542236,5.65452766418457,80,0.001103969241717988,-0.03811249759946426,0.06945897544988863,observed-comparison,equilibrium_files,"native max(log Q, -2)",invariant_tilde_f,grouped_observed_directional_slope,quadratic_decoder_concept_by_drive_term,observed-comparison
2864601_0.437,stable_or_near_floor,a_over_Ln,log_compression,0,-0.22261013090610504,0.48661752541859943,80,0.056433619798838035,0.02491871729485869,0.10133377406466623,observed-comparison,equilibrium_files,"native max(log Q, -2)",invariant_tilde_f,grouped_observed_directional_slope,quadratic_decoder_concept_by_drive_term,observed-comparison
2864601_0.437,stable_or_near_floor,a_over_Ln,log_compression,1,0.48661752541859943,1.382526874542236,80,-0.03212860699706975,-0.12432559280448902,0.009586553165267143,observed-comparison,equilibrium_files,"native max(log Q, -2)",invariant_tilde_f,grouped_observed_directional_slope,quadratic_decoder_concept_by_drive_term,observed-comparison
2864601_0.437,stable_or_near_floor,a_over_Ln,log_compression,2,1.382526874542236,5.65452766418457,80,0.003986057926873375,-0.014548044482952984,0.028848923752237684,observed-comparison,equilibrium_files,"native max(log Q, -2)",invariant_tilde_f,grouped_observed_directional_slope,quadratic_decoder_concept_by_drive_term,observed-comparison
2864601_0.437,stable_or_near_floor,a_over_Ln,bad_curvature,0,-0.22261013090610504,0.48661752541859943,80,1.3715358235610942,-0.38900031720192024,1.4933974359497861,observed-comparison,equilibrium_files,"native max(log Q, -2)",invariant_tilde_f,grouped_observed_directional_slope,quadratic_decoder_concept_by_drive_term,observed-comparison
2864601_0.437,stable_or_near_floor,a_over_Ln,bad_curvature,1,0.48661752541859943,1.382526874542236,80,-0.19852910316283912,-1.2216466422134655,0.2229076336108877,observed-comparison,equilibrium_files,"native max(log Q, -2)",invariant_tilde_f,grouped_observed_directional_slope,quadratic_decoder_concept_by_drive_term,observed-comparison
2864601_0.437,stable_or_near_floor,a_over_Ln,bad_curvature,2,1.382526874542236,5.65452766418457,80,0.11102948303852686,-0.03126861361121037,0.5012510633030028,observed-comparison,equilibrium_files,"native max(log Q, -2)",invariant_tilde_f,grouped_observed_directional_slope,quadratic_decoder_concept_by_drive_term,observed-comparison
2864601_0.437,stable_or_near_floor,a_over_Ln,geodesic_curvature,0,-0.22261013090610504,0.48661752541859943,80,1.6875177586566539,0.12706492723514226,3.4846424024117524,observed-comparison,equilibrium_files,"native max(log Q, -2)",invariant_tilde_f,grouped_observed_directional_slope,quadratic_decoder_concept_by_drive_term,observed-comparison
2864601_0.437,stable_or_near_floor,a_over_Ln,geodesic_curvature,1,0.48661752541859943,1.382526874542236,80,-0.5898620650813765,-1.7934189786224766,0.21660780570345475,observed-comparison,equilibrium_files,"native max(log Q, -2)",invariant_tilde_f,grouped_observed_directional_slope,quadratic_decoder_concept_by_drive_term,observed-comparison
2864601_0.437,stable_or_near_floor,a_over_Ln,geodesic_curvature,2,1.382526874542236,5.65452766418457,80,0.2643424593736563,-0.1307167625151602,0.8091649059679629,observed-comparison,equilibrium_files,"native max(log Q, -2)",invariant_tilde_f,grouped_observed_directional_slope,quadratic_decoder_concept_by_drive_term,observed-comparison
2864601_0.437,stable_or_near_floor,a_over_Ln,parallel_scale,0,-0.22261013090610504,0.48661752541859943,80,0.5649324244962033,-0.0399334095533001,0.8677826093200391,observed-comparison,equilibrium_files,"native max(log Q, -2)",invariant_tilde_f,grouped_observed_directional_slope,quadratic_decoder_concept_by_drive_term,observed-comparison
2864601_0.437,stable_or_near_floor,a_over_Ln,parallel_scale,1,0.48661752541859943,1.382526874542236,80,-0.05182692708034011,-0.2102741392813856,0.05952669973291992,observed-comparison,equilibrium_files,"native max(log Q, -2)",invariant_tilde_f,grouped_observed_directional_slope,quadratic_decoder_concept_by_drive_term,observed-comparison
2864601_0.437,stable_or_near_floor,a_over_Ln,parallel_scale,2,1.382526874542236,5.65452766418457,80,0.10985092953735444,-0.020919817971173375,0.22094260306379512,observed-comparison,equilibrium_files,"native max(log Q, -2)",invariant_tilde_f,grouped_observed_directional_slope,quadratic_decoder_concept_by_drive_term,observed-comparison
2864601_0.437,stable_or_near_floor,a_over_Ln,cross_channel_colocation,0,-0.22261013090610504,0.48661752541859943,80,0.5226634465988496,0.08433748596868844,0.6251005163578638,observed-comparison,equilibrium_files,"native max(log Q, -2)",invariant_tilde_f,grouped_observed_directional_slope,quadratic_decoder_concept_by_drive_term,observed-comparison
2864601_0.437,stable_or_near_floor,a_over_Ln,cross_channel_colocation,1,0.48661752541859943,1.382526874542236,80,-0.1462409084611156,-0.5201556661762976,-0.014642904864184722,observed-comparison,equilibrium_files,"native max(log Q, -2)",invariant_tilde_f,grouped_observed_directional_slope,quadratic_decoder_concept_by_drive_term,observed-comparison
2864601_0.437,stable_or_near_floor,a_over_Ln,cross_channel_colocation,2,1.382526874542236,5.65452766418457,80,0.02894318894556749,-0.0031975264572710583,0.1353766028364793,observed-comparison,equilibrium_files,"native max(log Q, -2)",invariant_tilde_f,grouped_observed_directional_slope,quadratic_decoder_concept_by_drive_term,observed-comparison
2864601_0.437,stable_or_near_floor,a_over_Ln,log_FSA_grad_x,0,-0.22261013090610504,0.48661752541859943,80,0.06932495446342167,-0.04213833467882069,0.22935772498252813,observed-comparison,equilibrium_files,"native max(log Q, -2)",invariant_tilde_f,grouped_observed_directional_slope,quadratic_decoder_concept_by_drive_term,observed-comparison
2864601_0.437,stable_or_near_floor,a_over_Ln,log_FSA_grad_x,1,0.48661752541859943,1.382526874542236,80,-0.290345908243191,-0.8291866381381792,0.04754108617878763,observed-comparison,equilibrium_files,"native max(log Q, -2)",invariant_tilde_f,grouped_observed_directional_slope,quadratic_decoder_concept_by_drive_term,observed-comparison
2864601_0.437,stable_or_near_floor,a_over_Ln,log_FSA_grad_x,2,1.382526874542236,5.65452766418457,80,0.022588531373832807,-0.11220823392183987,0.1769242872777608,observed-comparison,equilibrium_files,"native max(log Q, -2)",invariant_tilde_f,grouped_observed_directional_slope,quadratic_decoder_concept_by_drive_term,observed-comparison
2864601_0.437,unstable,a_over_LT,log_f_Q,0,0.3566621243953705,1.5768623352050781,253,0.7946124065394892,0.6167280303330379,0.9652726794816178,observed-comparison,equilibrium_files,"native max(log Q, -2)",invariant_tilde_f,grouped_observed_directional_slope,quadratic_decoder_concept_by_drive_term,observed-comparison
2864601_0.437,unstable,a_over_LT,log_f_Q,1,1.5768623352050781,3.1590287685394287,253,0.8189113936011385,0.6775808380964056,0.9611396193608578,observed-comparison,equilibrium_files,"native max(log Q, -2)",invariant_tilde_f,grouped_observed_directional_slope,quadratic_decoder_concept_by_drive_term,observed-comparison
2864601_0.437,unstable,a_over_LT,log_f_Q,2,3.1590287685394287,10.397533416748047,254,0.9421379426856892,0.7791843994587052,1.1051457122275352,observed-comparison,equilibrium_files,"native max(log Q, -2)",invariant_tilde_f,grouped_observed_directional_slope,quadratic_decoder_concept_by_drive_term,observed-comparison
2864601_0.437,unstable,a_over_LT,f_stab,0,0.3566621243953705,1.5768623352050781,253,1.2407703058742945,0.9122988997018823,1.6557786036736375,observed-comparison,equilibrium_files,"native max(log Q, -2)",invariant_tilde_f,grouped_observed_directional_slope,quadratic_decoder_concept_by_drive_term,observed-comparison
2864601_0.437,unstable,a_over_LT,f_stab,1,1.5768623352050781,3.1590287685394287,253,1.5559485982318961,1.2203252804312716,1.860720509011774,observed-comparison,equilibrium_files,"native max(log Q, -2)",invariant_tilde_f,grouped_observed_directional_slope,quadratic_decoder_concept_by_drive_term,observed-comparison
2864601_0.437,unstable,a_over_LT,f_stab,2,3.1590287685394287,10.397533416748047,254,2.387782853548096,1.9374253834977122,2.7700023169446224,observed-comparison,equilibrium_files,"native max(log Q, -2)",invariant_tilde_f,grouped_observed_directional_slope,quadratic_decoder_concept_by_drive_term,observed-comparison
2864601_0.437,unstable,a_over_LT,log_compression,0,0.3566621243953705,1.5768623352050781,253,0.3434232488818648,0.22192207809782538,0.4567073746933045,observed-comparison,equilibrium_files,"native max(log Q, -2)",invariant_tilde_f,grouped_observed_directional_slope,quadratic_decoder_concept_by_drive_term,observed-comparison
2864601_0.437,unstable,a_over_LT,log_compression,1,1.5768623352050781,3.1590287685394287,253,0.3277686678391646,0.21319115490386073,0.4373135983481562,observed-comparison,equilibrium_files,"native max(log Q, -2)",invariant_tilde_f,grouped_observed_directional_slope,quadratic_decoder_concept_by_drive_term,observed-comparison
2864601_0.437,unstable,a_over_LT,log_compression,2,3.1590287685394287,10.397533416748047,254,0.48099455337863506,0.32358637371801147,0.6270295586405594,observed-comparison,equilibrium_files,"native max(log Q, -2)",invariant_tilde_f,grouped_observed_directional_slope,quadratic_decoder_concept_by_drive_term,observed-comparison
2864601_0.437,unstable,a_over_LT,bad_curvature,0,0.3566621243953705,1.5768623352050781,253,-1.8097643811027908,-3.4285292545804364,-0.10814947745459598,observed-comparison,equilibrium_files,"native max(log Q, -2)",invariant_tilde_f,grouped_observed_directional_slope,quadratic_decoder_concept_by_drive_term,observed-comparison
2864601_0.437,unstable,a_over_LT,bad_curvature,1,1.5768623352050781,3.1590287685394287,253,-0.31906804308443754,-1.7029895501349093,0.8811862373901529,observed-comparison,equilibrium_files,"native max(log Q, -2)",invariant_tilde_f,grouped_observed_directional_slope,quadratic_decoder_concept_by_drive_term,observed-comparison
2864601_0.437,unstable,a_over_LT,bad_curvature,2,3.1590287685394287,10.397533416748047,254,0.3616946118139574,-0.08524515743185805,0.8464202767298588,observed-comparison,equilibrium_files,"native max(log Q, -2)",invariant_tilde_f,grouped_observed_directional_slope,quadratic_decoder_concept_by_drive_term,observed-comparison
2864601_0.437,unstable,a_over_LT,geodesic_curvature,0,0.3566621243953705,1.5768623352050781,253,-0.3777317415832116,-2.2286024446840442,1.1410104720507077,observed-comparison,equilibrium_files,"native max(log Q, -2)",invariant_tilde_f,grouped_observed_directional_slope,quadratic_decoder_concept_by_drive_term,observed-comparison
2864601_0.437,unstable,a_over_LT,geodesic_curvature,1,1.5768623352050781,3.1590287685394287,253,1.7753567273963007,-0.14080180796155478,3.751244249949963,observed-comparison,equilibrium_files,"native max(log Q, -2)",invariant_tilde_f,grouped_observed_directional_slope,quadratic_decoder_concept_by_drive_term,observed-comparison
2864601_0.437,unstable,a_over_LT,geodesic_curvature,2,3.1590287685394287,10.397533416748047,254,3.4769087602645583,1.575408000128286,5.713958026547995,observed-comparison,equilibrium_files,"native max(log Q, -2)",invariant_tilde_f,grouped_observed_directional_slope,quadratic_decoder_concept_by_drive_term,observed-comparison
2864601_0.437,unstable,a_over_LT,parallel_scale,0,0.3566621243953705,1.5768623352050781,253,-0.30442482607405974,-0.7874391612799384,0.22475703494027524,observed-comparison,equilibrium_files,"native max(log Q, -2)",invariant_tilde_f,grouped_observed_directional_slope,quadratic_decoder_concept_by_drive_term,observed-comparison
2864601_0.437,unstable,a_over_LT,parallel_scale,1,1.5768623352050781,3.1590287685394287,253,-0.22511723602513892,-0.6252744725330106,0.06156029175597881,observed-comparison,equilibrium_files,"native max(log Q, -2)",invariant_tilde_f,grouped_observed_directional_slope,quadratic_decoder_concept_by_drive_term,observed-comparison
2864601_0.437,unstable,a_over_LT,parallel_scale,2,3.1590287685394287,10.397533416748047,254,0.2790526166739005,-0.017614686139400103,0.5944664940349527,observed-comparison,equilibrium_files,"native max(log Q, -2)",invariant_tilde_f,grouped_observed_directional_slope,quadratic_decoder_concept_by_drive_term,observed-comparison
2864601_0.437,unstable,a_over_LT,cross_channel_colocation,0,0.3566621243953705,1.5768623352050781,253,1.137837706585023,0.6593111702069785,2.153762454593279,observed-comparison,equilibrium_files,"native max(log Q, -2)",invariant_tilde_f,grouped_observed_directional_slope,quadratic_decoder_concept_by_drive_term,observed-comparison
2864601_0.437,unstable,a_over_LT,cross_channel_colocation,1,1.5768623352050781,3.1590287685394287,253,0.578747546518727,0.262977494031339,1.5056987448507033,observed-comparison,equilibrium_files,"native max(log Q, -2)",invariant_tilde_f,grouped_observed_directional_slope,quadratic_decoder_concept_by_drive_term,observed-comparison
2864601_0.437,unstable,a_over_LT,cross_channel_colocation,2,3.1590287685394287,10.397533416748047,254,0.25135563941951966,0.09884821459885994,0.5588041312501513,observed-comparison,equilibrium_files,"native max(log Q, -2)",invariant_tilde_f,grouped_observed_directional_slope,quadratic_decoder_concept_by_drive_term,observed-comparison
2864601_0.437,unstable,a_over_LT,log_FSA_grad_x,0,0.3566621243953705,1.5768623352050781,253,1.6168553547295448,1.0203661922558627,2.2106939205015346,observed-comparison,equilibrium_files,"native max(log Q, -2)",invariant_tilde_f,grouped_observed_directional_slope,quadratic_decoder_concept_by_drive_term,observed-comparison
2864601_0.437,unstable,a_over_LT,log_FSA_grad_x,1,1.5768623352050781,3.1590287685394287,253,2.5311900779796184,1.87972555269083,3.128595630379215,observed-comparison,equilibrium_files,"native max(log Q, -2)",invariant_tilde_f,grouped_observed_directional_slope,quadratic_decoder_concept_by_drive_term,observed-comparison
2864601_0.437,unstable,a_over_LT,log_FSA_grad_x,2,3.1590287685394287,10.397533416748047,254,3.6406970041928437,2.8802257566468983,4.334908327179808,observed-comparison,equilibrium_files,"native max(log Q, -2)",invariant_tilde_f,grouped_observed_directional_slope,quadratic_decoder_concept_by_drive_term,observed-comparison
2864601_0.437,unstable,a_over_Ln,log_f_Q,0,-0.45778006315231323,0.1763690561056137,253,0.5841855254345392,0.41083615296007764,0.7959421826595662,observed-comparison,equilibrium_files,"native max(log Q, -2)",invariant_tilde_f,grouped_observed_directional_slope,quadratic_decoder_concept_by_drive_term,observed-comparison
2864601_0.437,unstable,a_over_Ln,log_f_Q,1,0.1763690561056137,0.725970447063446,253,0.7084065826709668,0.5264310877195091,0.896601420719277,observed-comparison,equilibrium_files,"native max(log Q, -2)",invariant_tilde_f,grouped_observed_directional_slope,quadratic_decoder_concept_by_drive_term,observed-comparison
2864601_0.437,unstable,a_over_Ln,log_f_Q,2,0.725970447063446,5.340455055236816,254,0.5597180422210795,0.3305019874955559,0.8189046689667355,observed-comparison,equilibrium_files,"native max(log Q, -2)",invariant_tilde_f,grouped_observed_directional_slope,quadratic_decoder_concept_by_drive_term,observed-comparison
2864601_0.437,unstable,a_over_Ln,f_stab,0,-0.45778006315231323,0.1763690561056137,253,1.1141510982179341,0.6391204220949321,1.790004873741274,observed-comparison,equilibrium_files,"native max(log Q, -2)",invariant_tilde_f,grouped_observed_directional_slope,quadratic_decoder_concept_by_drive_term,observed-comparison
2864601_0.437,unstable,a_over_Ln,f_stab,1,0.1763690561056137,0.725970447063446,253,1.4253815715826381,0.9635005352017876,1.8718335162611235,observed-comparison,equilibrium_files,"native max(log Q, -2)",invariant_tilde_f,grouped_observed_directional_slope,quadratic_decoder_concept_by_drive_term,observed-comparison
2864601_0.437,unstable,a_over_Ln,f_stab,2,0.725970447063446,5.340455055236816,254,1.3215949883412996,0.6940853187132685,1.9525593496678635,observed-comparison,equilibrium_files,"native max(log Q, -2)",invariant_tilde_f,grouped_observed_directional_slope,quadratic_decoder_concept_by_drive_term,observed-comparison
2864601_0.437,unstable,a_over_Ln,log_compression,0,-0.45778006315231323,0.1763690561056137,253,0.2932721176803652,0.18167593774466026,0.40980947893807446,observed-comparison,equilibrium_files,"native max(log Q, -2)",invariant_tilde_f,grouped_observed_directional_slope,quadratic_decoder_concept_by_drive_term,observed-comparison
2864601_0.437,unstable,a_over_Ln,log_compression,1,0.1763690561056137,0.725970447063446,253,0.3698207131180888,0.22752889192072331,0.526723071273127,observed-comparison,equilibrium_files,"native max(log Q, -2)",invariant_tilde_f,grouped_observed_directional_slope,quadratic_decoder_concept_by_drive_term,observed-comparison
2864601_0.437,unstable,a_over_Ln,log_compression,2,0.725970447063446,5.340455055236816,254,0.21669897601416535,0.05353687320176947,0.39353291233838034,observed-comparison,equilibrium_files,"native max(log Q, -2)",invariant_tilde_f,grouped_observed_directional_slope,quadratic_decoder_concept_by_drive_term,observed-comparison
2864601_0.437,unstable,a_over_Ln,bad_curvature,0,-0.45778006315231323,0.1763690561056137,253,1.2182858160914842,0.2530141610455838,2.2245755285760946,observed-comparison,equilibrium_files,"native max(log Q, -2)",invariant_tilde_f,grouped_observed_directional_slope,quadratic_decoder_concept_by_drive_term,observed-comparison
2864601_0.437,unstable,a_over_Ln,bad_curvature,1,0.1763690561056137,0.725970447063446,253,1.3177404850503267,-0.06496927887190676,2.7926243247664866,observed-comparison,equilibrium_files,"native max(log Q, -2)",invariant_tilde_f,grouped_observed_directional_slope,quadratic_decoder_concept_by_drive_term,observed-comparison
2864601_0.437,unstable,a_over_Ln,bad_curvature,2,0.725970447063446,5.340455055236816,254,0.9124416549970727,0.5013846086417952,1.5422212901007828,observed-comparison,equilibrium_files,"native max(log Q, -2)",invariant_tilde_f,grouped_observed_directional_slope,quadratic_decoder_concept_by_drive_term,observed-comparison
2864601_0.437,unstable,a_over_Ln,geodesic_curvature,0,-0.45778006315231323,0.1763690561056137,253,1.770864963263054,-1.327070828480974,4.34211842737608,observed-comparison,equilibrium_files,"native max(log Q, -2)",invariant_tilde_f,grouped_observed_directional_slope,quadratic_decoder_concept_by_drive_term,observed-comparison
2864601_0.437,unstable,a_over_Ln,geodesic_curvature,1,0.1763690561056137,0.725970447063446,253,0.20555370100728473,-1.8436606424936595,2.5270323355784443,observed-comparison,equilibrium_files,"native max(log Q, -2)",invariant_tilde_f,grouped_observed_directional_slope,quadratic_decoder_concept_by_drive_term,observed-comparison
2864601_0.437,unstable,a_over_Ln,geodesic_curvature,2,0.725970447063446,5.340455055236816,254,4.564580625003657,2.4271825535718086,6.555712803988748,observed-comparison,equilibrium_files,"native max(log Q, -2)",invariant_tilde_f,grouped_observed_directional_slope,quadratic_decoder_concept_by_drive_term,observed-comparison
2864601_0.437,unstable,a_over_Ln,parallel_scale,0,-0.45778006315231323,0.1763690561056137,253,0.45898377902004295,0.021587939860728107,0.8809645013226491,observed-comparison,equilibrium_files,"native max(log Q, -2)",invariant_tilde_f,grouped_observed_directional_slope,quadratic_decoder_concept_by_drive_term,observed-comparison
2864601_0.437,unstable,a_over_Ln,parallel_scale,1,0.1763690561056137,0.725970447063446,253,0.4359244873825891,-0.011628579775101991,1.0880005871126857,observed-comparison,equilibrium_files,"native max(log Q, -2)",invariant_tilde_f,grouped_observed_directional_slope,quadratic_decoder_concept_by_drive_term,observed-comparison
2864601_0.437,unstable,a_over_Ln,parallel_scale,2,0.725970447063446,5.340455055236816,254,0.5815947575810099,0.3019679529504267,0.8948788186206753,observed-comparison,equilibrium_files,"native max(log Q, -2)",invariant_tilde_f,grouped_observed_directional_slope,quadratic_decoder_concept_by_drive_term,observed-comparison
2864601_0.437,unstable,a_over_Ln,cross_channel_colocation,0,-0.45778006315231323,0.1763690561056137,253,0.6373703551457958,0.39155650580697604,1.336142218706341,observed-comparison,equilibrium_files,"native max(log Q, -2)",invariant_tilde_f,grouped_observed_directional_slope,quadratic_decoder_concept_by_drive_term,observed-comparison
2864601_0.437,unstable,a_over_Ln,cross_channel_colocation,1,0.1763690561056137,0.725970447063446,253,1.556565411874246,1.0653834814108272,2.400522735335537,observed-comparison,equilibrium_files,"native max(log Q, -2)",invariant_tilde_f,grouped_observed_directional_slope,quadratic_decoder_concept_by_drive_term,observed-comparison
2864601_0.437,unstable,a_over_Ln,cross_channel_colocation,2,0.725970447063446,5.340455055236816,254,0.3647779002878073,0.2263952290007925,0.6824352440152927,observed-comparison,equilibrium_files,"native max(log Q, -2)",invariant_tilde_f,grouped_observed_directional_slope,quadratic_decoder_concept_by_drive_term,observed-comparison
2864601_0.437,unstable,a_over_Ln,log_FSA_grad_x,0,-0.45778006315231323,0.1763690561056137,253,1.4999860637885005,0.7303978207893733,2.327844065411241,observed-comparison,equilibrium_files,"native max(log Q, -2)",invariant_tilde_f,grouped_observed_directional_slope,quadratic_decoder_concept_by_drive_term,observed-comparison
2864601_0.437,unstable,a_over_Ln,log_FSA_grad_x,1,0.1763690561056137,0.725970447063446,253,1.813408765365924,1.0762824289057566,2.4465539198829984,observed-comparison,equilibrium_files,"native max(log Q, -2)",invariant_tilde_f,grouped_observed_directional_slope,quadratic_decoder_concept_by_drive_term,observed-comparison
2864601_0.437,unstable,a_over_Ln,log_FSA_grad_x,2,0.725970447063446,5.340455055236816,254,1.6217588139458676,0.5641023903007947,2.6948309304054536,observed-comparison,equilibrium_files,"native max(log Q, -2)",invariant_tilde_f,grouped_observed_directional_slope,quadratic_decoder_concept_by_drive_term,observed-comparison
2864601_0.371,all,a_over_LT,log_f_Q,0,0.020469365641474724,1.3714519739151,333,0.6918088161488226,0.5263238448244627,0.8631106179853199,observed-comparison,equilibrium_files,"native max(log Q, -2)",invariant_tilde_f,grouped_observed_directional_slope,quadratic_decoder_concept_by_drive_term,observed-comparison
2864601_0.371,all,a_over_LT,log_f_Q,1,1.3714519739151,2.8915348052978516,333,0.8992343254517485,0.7286653249887377,1.0455238537314095,observed-comparison,equilibrium_files,"native max(log Q, -2)",invariant_tilde_f,grouped_observed_directional_slope,quadratic_decoder_concept_by_drive_term,observed-comparison
2864601_0.371,all,a_over_LT,log_f_Q,2,2.8915348052978516,10.397533416748047,334,0.8577018341806387,0.6811347710658997,1.020969239690661,observed-comparison,equilibrium_files,"native max(log Q, -2)",invariant_tilde_f,grouped_observed_directional_slope,quadratic_decoder_concept_by_drive_term,observed-comparison
2864601_0.371,all,a_over_LT,f_stab,0,0.020469365641474724,1.3714519739151,333,1.3128855645692887,0.9629887003957465,1.7237843330917173,observed-comparison,equilibrium_files,"native max(log Q, -2)",invariant_tilde_f,grouped_observed_directional_slope,quadratic_decoder_concept_by_drive_term,observed-comparison
2864601_0.371,all,a_over_LT,f_stab,1,1.3714519739151,2.8915348052978516,333,2.0592524222366997,1.726495816256693,2.4353043284334026,observed-comparison,equilibrium_files,"native max(log Q, -2)",invariant_tilde_f,grouped_observed_directional_slope,quadratic_decoder_concept_by_drive_term,observed-comparison
2864601_0.371,all,a_over_LT,f_stab,2,2.8915348052978516,10.397533416748047,334,2.2277456853958806,1.7048382526420143,2.676163028671888,observed-comparison,equilibrium_files,"native max(log Q, -2)",invariant_tilde_f,grouped_observed_directional_slope,quadratic_decoder_concept_by_drive_term,observed-comparison
2864601_0.371,all,a_over_LT,log_compression,0,0.020469365641474724,1.3714519739151,333,0.3338204277638443,0.21268532902162152,0.45859093115988997,observed-comparison,equilibrium_files,"native max(log Q, -2)",invariant_tilde_f,grouped_observed_directional_slope,quadratic_decoder_concept_by_drive_term,observed-comparison
2864601_0.371,all,a_over_LT,log_compression,1,1.3714519739151,2.8915348052978516,333,0.3498629647784864,0.20098224548091703,0.49352368529410745,observed-comparison,equilibrium_files,"native max(log Q, -2)",invariant_tilde_f,grouped_observed_directional_slope,quadratic_decoder_concept_by_drive_term,observed-comparison
2864601_0.371,all,a_over_LT,log_compression,2,2.8915348052978516,10.397533416748047,334,0.4359137496510878,0.299631392590583,0.59340774611522,observed-comparison,equilibrium_files,"native max(log Q, -2)",invariant_tilde_f,grouped_observed_directional_slope,quadratic_decoder_concept_by_drive_term,observed-comparison
2864601_0.371,all,a_over_LT,bad_curvature,0,0.020469365641474724,1.3714519739151,333,-0.7267643199920499,-2.566874610066212,1.010550992595986,observed-comparison,equilibrium_files,"native max(log Q, -2)",invariant_tilde_f,grouped_observed_directional_slope,quadratic_decoder_concept_by_drive_term,observed-comparison
2864601_0.371,all,a_over_LT,bad_curvature,1,1.3714519739151,2.8915348052978516,333,0.24447774082932267,-0.7552275906073967,1.5411948927918284,observed-comparison,equilibrium_files,"native max(log Q, -2)",invariant_tilde_f,grouped_observed_directional_slope,quadratic_decoder_concept_by_drive_term,observed-comparison
2864601_0.371,all,a_over_LT,bad_curvature,2,2.8915348052978516,10.397533416748047,334,0.3556052197971871,-0.1108532664063291,0.8077642879923682,observed-comparison,equilibrium_files,"native max(log Q, -2)",invariant_tilde_f,grouped_observed_directional_slope,quadratic_decoder_concept_by_drive_term,observed-comparison
2864601_0.371,all,a_over_LT,geodesic_curvature,0,0.020469365641474724,1.3714519739151,333,0.25499485848282855,-1.6366830628050604,2.186754432505813,observed-comparison,equilibrium_files,"native max(log Q, -2)",invariant_tilde_f,grouped_observed_directional_slope,quadratic_decoder_concept_by_drive_term,observed-comparison
2864601_0.371,all,a_over_LT,geodesic_curvature,1,1.3714519739151,2.8915348052978516,333,3.752184562235011,1.7742981878354458,5.586871416384595,observed-comparison,equilibrium_files,"native max(log Q, -2)",invariant_tilde_f,grouped_observed_directional_slope,quadratic_decoder_concept_by_drive_term,observed-comparison
2864601_0.371,all,a_over_LT,geodesic_curvature,2,2.8915348052978516,10.397533416748047,334,3.5859272677916962,1.311813541936755,5.553365973196862,observed-comparison,equilibrium_files,"native max(log Q, -2)",invariant_tilde_f,grouped_observed_directional_slope,quadratic_decoder_concept_by_drive_term,observed-comparison
2864601_0.371,all,a_over_LT,parallel_scale,0,0.020469365641474724,1.3714519739151,333,-0.0709948748176093,-0.5273945510441941,0.3878105481776924,observed-comparison,equilibrium_files,"native max(log Q, -2)",invariant_tilde_f,grouped_observed_directional_slope,quadratic_decoder_concept_by_drive_term,observed-comparison
2864601_0.371,all,a_over_LT,parallel_scale,1,1.3714519739151,2.8915348052978516,333,-0.14670093894254688,-0.5370295434739002,0.15187072795373982,observed-comparison,equilibrium_files,"native max(log Q, -2)",invariant_tilde_f,grouped_observed_directional_slope,quadratic_decoder_concept_by_drive_term,observed-comparison
2864601_0.371,all,a_over_LT,parallel_scale,2,2.8915348052978516,10.397533416748047,334,0.279203637440341,-0.06297072577937213,0.5815795022622977,observed-comparison,equilibrium_files,"native max(log Q, -2)",invariant_tilde_f,grouped_observed_directional_slope,quadratic_decoder_concept_by_drive_term,observed-comparison
2864601_0.371,all,a_over_LT,cross_channel_colocation,0,0.020469365641474724,1.3714519739151,333,1.3031007663173926,0.8643666883207347,2.2643779750613384,observed-comparison,equilibrium_files,"native max(log Q, -2)",invariant_tilde_f,grouped_observed_directional_slope,quadratic_decoder_concept_by_drive_term,observed-comparison
2864601_0.371,all,a_over_LT,cross_channel_colocation,1,1.3714519739151,2.8915348052978516,333,0.8773605449587939,0.4969112303896185,1.946809161967667,observed-comparison,equilibrium_files,"native max(log Q, -2)",invariant_tilde_f,grouped_observed_directional_slope,quadratic_decoder_concept_by_drive_term,observed-comparison
2864601_0.371,all,a_over_LT,cross_channel_colocation,2,2.8915348052978516,10.397533416748047,334,0.27940140613356657,0.12469132706854828,0.5063024684755651,observed-comparison,equilibrium_files,"native max(log Q, -2)",invariant_tilde_f,grouped_observed_directional_slope,quadratic_decoder_concept_by_drive_term,observed-comparison
2864601_0.371,all,a_over_LT,log_FSA_grad_x,0,0.020469365641474724,1.3714519739151,333,1.5646680785922973,0.987838947797143,2.1205187276412065,observed-comparison,equilibrium_files,"native max(log Q, -2)",invariant_tilde_f,grouped_observed_directional_slope,quadratic_decoder_concept_by_drive_term,observed-comparison
2864601_0.371,all,a_over_LT,log_FSA_grad_x,1,1.3714519739151,2.8915348052978516,333,2.8991132271820037,2.281321950046776,3.5208582369214105,observed-comparison,equilibrium_files,"native max(log Q, -2)",invariant_tilde_f,grouped_observed_directional_slope,quadratic_decoder_concept_by_drive_term,observed-comparison
2864601_0.371,all,a_over_LT,log_FSA_grad_x,2,2.8915348052978516,10.397533416748047,334,3.165732651666279,2.250634615717184,3.938441182600001,observed-comparison,equilibrium_files,"native max(log Q, -2)",invariant_tilde_f,grouped_observed_directional_slope,quadratic_decoder_concept_by_drive_term,observed-comparison
2864601_0.371,all,a_over_Ln,log_f_Q,0,-0.45778006315231323,0.21342068910598755,333,0.6865930549166228,0.4886028114903296,0.884132104002173,observed-comparison,equilibrium_files,"native max(log Q, -2)",invariant_tilde_f,grouped_observed_directional_slope,quadratic_decoder_concept_by_drive_term,observed-comparison
2864601_0.371,all,a_over_Ln,log_f_Q,1,0.21342068910598755,0.888144314289093,333,0.6770211038154886,0.49657285559790204,0.8440559656086222,observed-comparison,equilibrium_files,"native max(log Q, -2)",invariant_tilde_f,grouped_observed_directional_slope,quadratic_decoder_concept_by_drive_term,observed-comparison
2864601_0.371,all,a_over_Ln,log_f_Q,2,0.888144314289093,5.65452766418457,334,0.6017323452278307,0.36647627492737356,0.8484169288684263,observed-comparison,equilibrium_files,"native max(log Q, -2)",invariant_tilde_f,grouped_observed_directional_slope,quadratic_decoder_concept_by_drive_term,observed-comparison
2864601_0.371,all,a_over_Ln,f_stab,0,-0.45778006315231323,0.21342068910598755,333,1.3962110613635261,0.9100726893442667,2.018351552864885,observed-comparison,equilibrium_files,"native max(log Q, -2)",invariant_tilde_f,grouped_observed_directional_slope,quadratic_decoder_concept_by_drive_term,observed-comparison
2864601_0.371,all,a_over_Ln,f_stab,1,0.21342068910598755,0.888144314289093,333,1.4843624072904746,0.9831807663239787,1.9692805738541614,observed-comparison,equilibrium_files,"native max(log Q, -2)",invariant_tilde_f,grouped_observed_directional_slope,quadratic_decoder_concept_by_drive_term,observed-comparison
2864601_0.371,all,a_over_Ln,f_stab,2,0.888144314289093,5.65452766418457,334,1.5086742352049989,0.9239471274592623,2.1213454256650564,observed-comparison,equilibrium_files,"native max(log Q, -2)",invariant_tilde_f,grouped_observed_directional_slope,quadratic_decoder_concept_by_drive_term,observed-comparison
2864601_0.371,all,a_over_Ln,log_compression,0,-0.45778006315231323,0.21342068910598755,333,0.36787295968479894,0.23951285522108204,0.528589385411161,observed-comparison,equilibrium_files,"native max(log Q, -2)",invariant_tilde_f,grouped_observed_directional_slope,quadratic_decoder_concept_by_drive_term,observed-comparison
2864601_0.371,all,a_over_Ln,log_compression,1,0.21342068910598755,0.888144314289093,333,0.28581096760485575,0.12018328668993893,0.4350645667787895,observed-comparison,equilibrium_files,"native max(log Q, -2)",invariant_tilde_f,grouped_observed_directional_slope,quadratic_decoder_concept_by_drive_term,observed-comparison
2864601_0.371,all,a_over_Ln,log_compression,2,0.888144314289093,5.65452766418457,334,0.2724918549358155,0.09312100154381756,0.46676772916213677,observed-comparison,equilibrium_files,"native max(log Q, -2)",invariant_tilde_f,grouped_observed_directional_slope,quadratic_decoder_concept_by_drive_term,observed-comparison
2864601_0.371,all,a_over_Ln,bad_curvature,0,-0.45778006315231323,0.21342068910598755,333,1.4463845444724408,0.8288174093860847,2.831154756792865,observed-comparison,equilibrium_files,"native max(log Q, -2)",invariant_tilde_f,grouped_observed_directional_slope,quadratic_decoder_concept_by_drive_term,observed-comparison
2864601_0.371,all,a_over_Ln,bad_curvature,1,0.21342068910598755,0.888144314289093,333,2.9154446736981035,1.3556116528622115,4.885706245156807,observed-comparison,equilibrium_files,"native max(log Q, -2)",invariant_tilde_f,grouped_observed_directional_slope,quadratic_decoder_concept_by_drive_term,observed-comparison
2864601_0.371,all,a_over_Ln,bad_curvature,2,0.888144314289093,5.65452766418457,334,1.2124136419713047,0.7387366896824231,1.9048567863651595,observed-comparison,equilibrium_files,"native max(log Q, -2)",invariant_tilde_f,grouped_observed_directional_slope,quadratic_decoder_concept_by_drive_term,observed-comparison
2864601_0.371,all,a_over_Ln,geodesic_curvature,0,-0.45778006315231323,0.21342068910598755,333,2.042595657080133,-0.48579887140121186,4.235545825036069,observed-comparison,equilibrium_files,"native max(log Q, -2)",invariant_tilde_f,grouped_observed_directional_slope,quadratic_decoder_concept_by_drive_term,observed-comparison
2864601_0.371,all,a_over_Ln,geodesic_curvature,1,0.21342068910598755,0.888144314289093,333,3.149124164122822,1.0640968183535893,5.521495958239129,observed-comparison,equilibrium_files,"native max(log Q, -2)",invariant_tilde_f,grouped_observed_directional_slope,quadratic_decoder_concept_by_drive_term,observed-comparison
2864601_0.371,all,a_over_Ln,geodesic_curvature,2,0.888144314289093,5.65452766418457,334,5.284725239552588,3.1037696113560473,7.37006317893887,observed-comparison,equilibrium_files,"native max(log Q, -2)",invariant_tilde_f,grouped_observed_directional_slope,quadratic_decoder_concept_by_drive_term,observed-comparison
2864601_0.371,all,a_over_Ln,parallel_scale,0,-0.45778006315231323,0.21342068910598755,333,0.6514797752917101,0.233676871868786,1.086340627959663,observed-comparison,equilibrium_files,"native max(log Q, -2)",invariant_tilde_f,grouped_observed_directional_slope,quadratic_decoder_concept_by_drive_term,observed-comparison
2864601_0.371,all,a_over_Ln,parallel_scale,1,0.21342068910598755,0.888144314289093,333,0.6962845114654582,0.2170027394263402,1.2244044093315383,observed-comparison,equilibrium_files,"native max(log Q, -2)",invariant_tilde_f,grouped_observed_directional_slope,quadratic_decoder_concept_by_drive_term,observed-comparison
2864601_0.371,all,a_over_Ln,parallel_scale,2,0.888144314289093,5.65452766418457,334,0.726990692784566,0.3869657002671902,1.113519173767986,observed-comparison,equilibrium_files,"native max(log Q, -2)",invariant_tilde_f,grouped_observed_directional_slope,quadratic_decoder_concept_by_drive_term,observed-comparison
2864601_0.371,all,a_over_Ln,cross_channel_colocation,0,-0.45778006315231323,0.21342068910598755,333,0.7535230666207984,0.5065995815506983,1.5334705881374158,observed-comparison,equilibrium_files,"native max(log Q, -2)",invariant_tilde_f,grouped_observed_directional_slope,quadratic_decoder_concept_by_drive_term,observed-comparison
2864601_0.371,all,a_over_Ln,cross_channel_colocation,1,0.21342068910598755,0.888144314289093,333,1.245021281150159,0.6515837418866681,2.420886689528936,observed-comparison,equilibrium_files,"native max(log Q, -2)",invariant_tilde_f,grouped_observed_directional_slope,quadratic_decoder_concept_by_drive_term,observed-comparison
2864601_0.371,all,a_over_Ln,cross_channel_colocation,2,0.888144314289093,5.65452766418457,334,0.543449697655093,0.37101644386023797,0.9033589938798984,observed-comparison,equilibrium_files,"native max(log Q, -2)",invariant_tilde_f,grouped_observed_directional_slope,quadratic_decoder_concept_by_drive_term,observed-comparison
2864601_0.371,all,a_over_Ln,log_FSA_grad_x,0,-0.45778006315231323,0.21342068910598755,333,1.523580442111855,0.7643745752968041,2.345838537252706,observed-comparison,equilibrium_files,"native max(log Q, -2)",invariant_tilde_f,grouped_observed_directional_slope,quadratic_decoder_concept_by_drive_term,observed-comparison
2864601_0.371,all,a_over_Ln,log_FSA_grad_x,1,0.21342068910598755,0.888144314289093,333,2.0220415460781127,1.3015216143001247,2.6565917436748734,observed-comparison,equilibrium_files,"native max(log Q, -2)",invariant_tilde_f,grouped_observed_directional_slope,quadratic_decoder_concept_by_drive_term,observed-comparison
2864601_0.371,all,a_over_Ln,log_FSA_grad_x,2,0.888144314289093,5.65452766418457,334,1.581570977137067,0.5867704967963316,2.618169706403525,observed-comparison,equilibrium_files,"native max(log Q, -2)",invariant_tilde_f,grouped_observed_directional_slope,quadratic_decoder_concept_by_drive_term,observed-comparison
2864601_0.371,stable_or_near_floor,a_over_LT,log_f_Q,0,0.020469365641474724,0.851464291413625,80,0.020438431552466576,-0.009651634826573646,0.048637421143294814,observed-comparison,equilibrium_files,"native max(log Q, -2)",invariant_tilde_f,grouped_observed_directional_slope,quadratic_decoder_concept_by_drive_term,observed-comparison
2864601_0.371,stable_or_near_floor,a_over_LT,log_f_Q,1,0.851464291413625,1.537275711695353,80,0.014625818754418436,-0.02710692991010744,0.05539115464270142,observed-comparison,equilibrium_files,"native max(log Q, -2)",invariant_tilde_f,grouped_observed_directional_slope,quadratic_decoder_concept_by_drive_term,observed-comparison
2864601_0.371,stable_or_near_floor,a_over_LT,log_f_Q,2,1.537275711695353,4.886041164398193,80,-0.016267593012879812,-0.11949163520569103,0.06238967211875158,observed-comparison,equilibrium_files,"native max(log Q, -2)",invariant_tilde_f,grouped_observed_directional_slope,quadratic_decoder_concept_by_drive_term,observed-comparison
2864601_0.371,stable_or_near_floor,a_over_LT,f_stab,0,0.020469365641474724,0.851464291413625,80,0.050878470113211234,-0.015429257262858717,0.13697376884433338,observed-comparison,equilibrium_files,"native max(log Q, -2)",invariant_tilde_f,grouped_observed_directional_slope,quadratic_decoder_concept_by_drive_term,observed-comparison
2864601_0.371,stable_or_near_floor,a_over_LT,f_stab,1,0.851464291413625,1.537275711695353,80,0.03184800489033075,-0.08094015115107134,0.15672535475292793,observed-comparison,equilibrium_files,"native max(log Q, -2)",invariant_tilde_f,grouped_observed_directional_slope,quadratic_decoder_concept_by_drive_term,observed-comparison
2864601_0.371,stable_or_near_floor,a_over_LT,f_stab,2,1.537275711695353,4.886041164398193,80,-0.022784958970743473,-0.2742129621050552,0.1874001131063366,observed-comparison,equilibrium_files,"native max(log Q, -2)",invariant_tilde_f,grouped_observed_directional_slope,quadratic_decoder_concept_by_drive_term,observed-comparison
2864601_0.371,stable_or_near_floor,a_over_LT,log_compression,0,0.020469365641474724,0.851464291413625,80,0.006504089780391204,-0.03335210589372292,0.03848134645008827,observed-comparison,equilibrium_files,"native max(log Q, -2)",invariant_tilde_f,grouped_observed_directional_slope,quadratic_decoder_concept_by_drive_term,observed-comparison
2864601_0.371,stable_or_near_floor,a_over_LT,log_compression,1,0.851464291413625,1.537275711695353,80,-0.0069526322548603935,-0.04756231478035653,0.01855638329812494,observed-comparison,equilibrium_files,"native max(log Q, -2)",invariant_tilde_f,grouped_observed_directional_slope,quadratic_decoder_concept_by_drive_term,observed-comparison
2864601_0.371,stable_or_near_floor,a_over_LT,log_compression,2,1.537275711695353,4.886041164398193,80,-0.0264652288913434,-0.13910218804417385,0.04421801625676857,observed-comparison,equilibrium_files,"native max(log Q, -2)",invariant_tilde_f,grouped_observed_directional_slope,quadratic_decoder_concept_by_drive_term,observed-comparison
2864601_0.371,stable_or_near_floor,a_over_LT,bad_curvature,0,0.020469365641474724,0.851464291413625,80,0.16307780544919934,-0.4673361532846188,0.8529455732711398,observed-comparison,equilibrium_files,"native max(log Q, -2)",invariant_tilde_f,grouped_observed_directional_slope,quadratic_decoder_concept_by_drive_term,observed-comparison
2864601_0.371,stable_or_near_floor,a_over_LT,bad_curvature,1,0.851464291413625,1.537275711695353,80,0.33674961001637393,-0.3152361997210131,1.0290329020058928,observed-comparison,equilibrium_files,"native max(log Q, -2)",invariant_tilde_f,grouped_observed_directional_slope,quadratic_decoder_concept_by_drive_term,observed-comparison
2864601_0.371,stable_or_near_floor,a_over_LT,bad_curvature,2,1.537275711695353,4.886041164398193,80,0.40337994318832215,-0.19353665120265565,1.0616749043934361,observed-comparison,equilibrium_files,"native max(log Q, -2)",invariant_tilde_f,grouped_observed_directional_slope,quadratic_decoder_concept_by_drive_term,observed-comparison
2864601_0.371,stable_or_near_floor,a_over_LT,geodesic_curvature,0,0.020469365641474724,0.851464291413625,80,0.08022388424388968,-0.27644005010097317,0.5018556184523895,observed-comparison,equilibrium_files,"native max(log Q, -2)",invariant_tilde_f,grouped_observed_directional_slope,quadratic_decoder_concept_by_drive_term,observed-comparison
2864601_0.371,stable_or_near_floor,a_over_LT,geodesic_curvature,1,0.851464291413625,1.537275711695353,80,0.6166826806666406,0.015012934545034105,1.267801036603459,observed-comparison,equilibrium_files,"native max(log Q, -2)",invariant_tilde_f,grouped_observed_directional_slope,quadratic_decoder_concept_by_drive_term,observed-comparison
2864601_0.371,stable_or_near_floor,a_over_LT,geodesic_curvature,2,1.537275711695353,4.886041164398193,80,0.4802359678897449,-0.9343481190537133,1.9539591168304973,observed-comparison,equilibrium_files,"native max(log Q, -2)",invariant_tilde_f,grouped_observed_directional_slope,quadratic_decoder_concept_by_drive_term,observed-comparison
2864601_0.371,stable_or_near_floor,a_over_LT,parallel_scale,0,0.020469365641474724,0.851464291413625,80,0.013039146232388556,-0.15171061370155156,0.1638643227323538,observed-comparison,equilibrium_files,"native max(log Q, -2)",invariant_tilde_f,grouped_observed_directional_slope,quadratic_decoder_concept_by_drive_term,observed-comparison
2864601_0.371,stable_or_near_floor,a_over_LT,parallel_scale,1,0.851464291413625,1.537275711695353,80,0.11698315614668453,-0.024264150845871794,0.295017344988237,observed-comparison,equilibrium_files,"native max(log Q, -2)",invariant_tilde_f,grouped_observed_directional_slope,quadratic_decoder_concept_by_drive_term,observed-comparison
2864601_0.371,stable_or_near_floor,a_over_LT,parallel_scale,2,1.537275711695353,4.886041164398193,80,0.1261957544769609,-0.07916576619816752,0.39123873804917725,observed-comparison,equilibrium_files,"native max(log Q, -2)",invariant_tilde_f,grouped_observed_directional_slope,quadratic_decoder_concept_by_drive_term,observed-comparison
2864601_0.371,stable_or_near_floor,a_over_LT,cross_channel_colocation,0,0.020469365641474724,0.851464291413625,80,0.03821456168954002,-0.07831598509274641,0.1510818687972585,observed-comparison,equilibrium_files,"native max(log Q, -2)",invariant_tilde_f,grouped_observed_directional_slope,quadratic_decoder_concept_by_drive_term,observed-comparison
2864601_0.371,stable_or_near_floor,a_over_LT,cross_channel_colocation,1,0.851464291413625,1.537275711695353,80,0.15450205735595732,-0.1301902686727753,0.3864480196350453,observed-comparison,equilibrium_files,"native max(log Q, -2)",invariant_tilde_f,grouped_observed_directional_slope,quadratic_decoder_concept_by_drive_term,observed-comparison
2864601_0.371,stable_or_near_floor,a_over_LT,cross_channel_colocation,2,1.537275711695353,4.886041164398193,80,0.17516192936927152,-0.07842732859583078,0.4799142078530568,observed-comparison,equilibrium_files,"native max(log Q, -2)",invariant_tilde_f,grouped_observed_directional_slope,quadratic_decoder_concept_by_drive_term,observed-comparison
2864601_0.371,stable_or_near_floor,a_over_LT,log_FSA_grad_x,0,0.020469365641474724,0.851464291413625,80,0.02127621847267679,-0.062030298459518324,0.11287173999166934,observed-comparison,equilibrium_files,"native max(log Q, -2)",invariant_tilde_f,grouped_observed_directional_slope,quadratic_decoder_concept_by_drive_term,observed-comparison
2864601_0.371,stable_or_near_floor,a_over_LT,log_FSA_grad_x,1,0.851464291413625,1.537275711695353,80,0.06562263089019905,-0.09568307792157565,0.27381166118230943,observed-comparison,equilibrium_files,"native max(log Q, -2)",invariant_tilde_f,grouped_observed_directional_slope,quadratic_decoder_concept_by_drive_term,observed-comparison
2864601_0.371,stable_or_near_floor,a_over_LT,log_FSA_grad_x,2,1.537275711695353,4.886041164398193,80,-0.10571556659724475,-0.5364550380499039,0.23430901230728415,observed-comparison,equilibrium_files,"native max(log Q, -2)",invariant_tilde_f,grouped_observed_directional_slope,quadratic_decoder_concept_by_drive_term,observed-comparison
2864601_0.371,stable_or_near_floor,a_over_Ln,log_f_Q,0,-0.22261013090610504,0.48661752541859943,80,0.03542517336065664,0.003529297694201327,0.07578026770199792,observed-comparison,equilibrium_files,"native max(log Q, -2)",invariant_tilde_f,grouped_observed_directional_slope,quadratic_decoder_concept_by_drive_term,observed-comparison
2864601_0.371,stable_or_near_floor,a_over_Ln,log_f_Q,1,0.48661752541859943,1.382526874542236,80,-0.047222754922053876,-0.17724715648309067,0.03745133259761135,observed-comparison,equilibrium_files,"native max(log Q, -2)",invariant_tilde_f,grouped_observed_directional_slope,quadratic_decoder_concept_by_drive_term,observed-comparison
2864601_0.371,stable_or_near_floor,a_over_Ln,log_f_Q,2,1.382526874542236,5.65452766418457,80,0.006161107606027071,-0.021995831044047186,0.0551255122750863,observed-comparison,equilibrium_files,"native max(log Q, -2)",invariant_tilde_f,grouped_observed_directional_slope,quadratic_decoder_concept_by_drive_term,observed-comparison
2864601_0.371,stable_or_near_floor,a_over_Ln,f_stab,0,-0.22261013090610504,0.48661752541859943,80,0.07325041504745758,-0.013259798691648379,0.18879282770855582,observed-comparison,equilibrium_files,"native max(log Q, -2)",invariant_tilde_f,grouped_observed_directional_slope,quadratic_decoder_concept_by_drive_term,observed-comparison
2864601_0.371,stable_or_near_floor,a_over_Ln,f_stab,1,0.48661752541859943,1.382526874542236,80,-0.08400960555004879,-0.38538959662779454,0.15199312611747848,observed-comparison,equilibrium_files,"native max(log Q, -2)",invariant_tilde_f,grouped_observed_directional_slope,quadratic_decoder_concept_by_drive_term,observed-comparison
2864601_0.371,stable_or_near_floor,a_over_Ln,f_stab,2,1.382526874542236,5.65452766418457,80,-0.0032992852735172634,-0.06746160826524544,0.09291122363017663,observed-comparison,equilibrium_files,"native max(log Q, -2)",invariant_tilde_f,grouped_observed_directional_slope,quadratic_decoder_concept_by_drive_term,observed-comparison
2864601_0.371,stable_or_near_floor,a_over_Ln,log_compression,0,-0.22261013090610504,0.48661752541859943,80,0.021383813120382317,-0.01618994360038239,0.06402439685543469,observed-comparison,equilibrium_files,"native max(log Q, -2)",invariant_tilde_f,grouped_observed_directional_slope,quadratic_decoder_concept_by_drive_term,observed-comparison
2864601_0.371,stable_or_near_floor,a_over_Ln,log_compression,1,0.48661752541859943,1.382526874542236,80,-0.03794235797754668,-0.13550752477730268,0.012500326972551714,observed-comparison,equilibrium_files,"native max(log Q, -2)",invariant_tilde_f,grouped_observed_directional_slope,quadratic_decoder_concept_by_drive_term,observed-comparison
2864601_0.371,stable_or_near_floor,a_over_Ln,log_compression,2,1.382526874542236,5.65452766418457,80,0.011917555612247284,-0.009810488150350415,0.04476408522395043,observed-comparison,equilibrium_files,"native max(log Q, -2)",invariant_tilde_f,grouped_observed_directional_slope,quadratic_decoder_concept_by_drive_term,observed-comparison
2864601_0.371,stable_or_near_floor,a_over_Ln,bad_curvature,0,-0.22261013090610504,0.48661752541859943,80,1.381136701582644,0.16165877835069045,1.4809400889058497,observed-comparison,equilibrium_files,"native max(log Q, -2)",invariant_tilde_f,grouped_observed_directional_slope,quadratic_decoder_concept_by_drive_term,observed-comparison
2864601_0.371,stable_or_near_floor,a_over_Ln,bad_curvature,1,0.48661752541859943,1.382526874542236,80,0.5750954508451371,-1.3128248700523182,1.1960324316747166,observed-comparison,equilibrium_files,"native max(log Q, -2)",invariant_tilde_f,grouped_observed_directional_slope,quadratic_decoder_concept_by_drive_term,observed-comparison
2864601_0.371,stable_or_near_floor,a_over_Ln,bad_curvature,2,1.382526874542236,5.65452766418457,80,0.012367554567525835,-0.08271661937936448,0.2330379387530447,observed-comparison,equilibrium_files,"native max(log Q, -2)",invariant_tilde_f,grouped_observed_directional_slope,quadratic_decoder_concept_by_drive_term,observed-comparison
2864601_0.371,stable_or_near_floor,a_over_Ln,geodesic_curvature,0,-0.22261013090610504,0.48661752541859943,80,1.5887749775955717,0.19684808878098206,3.2646586705884673,observed-comparison,equilibrium_files,"native max(log Q, -2)",invariant_tilde_f,grouped_observed_directional_slope,quadratic_decoder_concept_by_drive_term,observed-comparison
2864601_0.371,stable_or_near_floor,a_over_Ln,geodesic_curvature,1,0.48661752541859943,1.382526874542236,80,-0.12819814138742502,-1.537568216283534,1.0151825980389246,observed-comparison,equilibrium_files,"native max(log Q, -2)",invariant_tilde_f,grouped_observed_directional_slope,quadratic_decoder_concept_by_drive_term,observed-comparison
2864601_0.371,stable_or_near_floor,a_over_Ln,geodesic_curvature,2,1.382526874542236,5.65452766418457,80,0.07324328979787625,-0.27362808486692847,0.4600033634128111,observed-comparison,equilibrium_files,"native max(log Q, -2)",invariant_tilde_f,grouped_observed_directional_slope,quadratic_decoder_concept_by_drive_term,observed-comparison
2864601_0.371,stable_or_near_floor,a_over_Ln,parallel_scale,0,-0.22261013090610504,0.48661752541859943,80,0.5427127245489212,-0.016756433374462133,0.8539314437530036,observed-comparison,equilibrium_files,"native max(log Q, -2)",invariant_tilde_f,grouped_observed_directional_slope,quadratic_decoder_concept_by_drive_term,observed-comparison
2864601_0.371,stable_or_near_floor,a_over_Ln,parallel_scale,1,0.48661752541859943,1.382526874542236,80,0.024164691800862385,-0.1830462549883286,0.21449994951554627,observed-comparison,equilibrium_files,"native max(log Q, -2)",invariant_tilde_f,grouped_observed_directional_slope,quadratic_decoder_concept_by_drive_term,observed-comparison
2864601_0.371,stable_or_near_floor,a_over_Ln,parallel_scale,2,1.382526874542236,5.65452766418457,80,0.04375338003550287,-0.030260476901779826,0.1196922096262342,observed-comparison,equilibrium_files,"native max(log Q, -2)",invariant_tilde_f,grouped_observed_directional_slope,quadratic_decoder_concept_by_drive_term,observed-comparison
2864601_0.371,stable_or_near_floor,a_over_Ln,cross_channel_colocation,0,-0.22261013090610504,0.48661752541859943,80,0.45539966548967503,-0.01923569607628274,0.5782030073822227,observed-comparison,equilibrium_files,"native max(log Q, -2)",invariant_tilde_f,grouped_observed_directional_slope,quadratic_decoder_concept_by_drive_term,observed-comparison
2864601_0.371,stable_or_near_floor,a_over_Ln,cross_channel_colocation,1,0.48661752541859943,1.382526874542236,80,0.17536830748921176,-0.44890593293425557,0.40257361806591935,observed-comparison,equilibrium_files,"native max(log Q, -2)",invariant_tilde_f,grouped_observed_directional_slope,quadratic_decoder_concept_by_drive_term,observed-comparison
2864601_0.371,stable_or_near_floor,a_over_Ln,cross_channel_colocation,2,1.382526874542236,5.65452766418457,80,0.00575267766342675,-0.01613917849931105,0.09800916484932937,observed-comparison,equilibrium_files,"native max(log Q, -2)",invariant_tilde_f,grouped_observed_directional_slope,quadratic_decoder_concept_by_drive_term,observed-comparison
2864601_0.371,stable_or_near_floor,a_over_Ln,log_FSA_grad_x,0,-0.22261013090610504,0.48661752541859943,80,0.0282365620732704,-0.06920334550799216,0.16205604429739062,observed-comparison,equilibrium_files,"native max(log Q, -2)",invariant_tilde_f,grouped_observed_directional_slope,quadratic_decoder_concept_by_drive_term,observed-comparison
2864601_0.371,stable_or_near_floor,a_over_Ln,log_FSA_grad_x,1,0.48661752541859943,1.382526874542236,80,-0.21689644285952545,-0.7853259874664985,0.16118664346552006,observed-comparison,equilibrium_files,"native max(log Q, -2)",invariant_tilde_f,grouped_observed_directional_slope,quadratic_decoder_concept_by_drive_term,observed-comparison
2864601_0.371,stable_or_near_floor,a_over_Ln,log_FSA_grad_x,2,1.382526874542236,5.65452766418457,80,0.04965281708087251,-0.08357790479573113,0.2727473326593692,observed-comparison,equilibrium_files,"native max(log Q, -2)",invariant_tilde_f,grouped_observed_directional_slope,quadratic_decoder_concept_by_drive_term,observed-comparison
2864601_0.371,unstable,a_over_LT,log_f_Q,0,0.3566621243953705,1.5768623352050781,253,0.7954928925687729,0.614708404295478,0.992342952110102,observed-comparison,equilibrium_files,"native max(log Q, -2)",invariant_tilde_f,grouped_observed_directional_slope,quadratic_decoder_concept_by_drive_term,observed-comparison
2864601_0.371,unstable,a_over_LT,log_f_Q,1,1.5768623352050781,3.1590287685394287,253,0.8350904985334022,0.6684886438859494,0.9805702003852566,observed-comparison,equilibrium_files,"native max(log Q, -2)",invariant_tilde_f,grouped_observed_directional_slope,quadratic_decoder_concept_by_drive_term,observed-comparison
2864601_0.371,unstable,a_over_LT,log_f_Q,2,3.1590287685394287,10.397533416748047,254,0.9357227152578508,0.7876890409131855,1.0949218523274211,observed-comparison,equilibrium_files,"native max(log Q, -2)",invariant_tilde_f,grouped_observed_directional_slope,quadratic_decoder_concept_by_drive_term,observed-comparison
2864601_0.371,unstable,a_over_LT,f_stab,0,0.3566621243953705,1.5768623352050781,253,1.2345506146997836,0.8696932335503119,1.7284689044091641,observed-comparison,equilibrium_files,"native max(log Q, -2)",invariant_tilde_f,grouped_observed_directional_slope,quadratic_decoder_concept_by_drive_term,observed-comparison
2864601_0.371,unstable,a_over_LT,f_stab,1,1.5768623352050781,3.1590287685394287,253,1.6235970061292535,1.3217819211733006,1.9626475507830317,observed-comparison,equilibrium_files,"native max(log Q, -2)",invariant_tilde_f,grouped_observed_directional_slope,quadratic_decoder_concept_by_drive_term,observed-comparison
2864601_0.371,unstable,a_over_LT,f_stab,2,3.1590287685394287,10.397533416748047,254,2.3735024104008695,1.9060079377674062,2.7850784622397735,observed-comparison,equilibrium_files,"native max(log Q, -2)",invariant_tilde_f,grouped_observed_directional_slope,quadratic_decoder_concept_by_drive_term,observed-comparison
2864601_0.371,unstable,a_over_LT,log_compression,0,0.3566621243953705,1.5768623352050781,253,0.35268326598557387,0.23530112305953022,0.47363908331722576,observed-comparison,equilibrium_files,"native max(log Q, -2)",invariant_tilde_f,grouped_observed_directional_slope,quadratic_decoder_concept_by_drive_term,observed-comparison
2864601_0.371,unstable,a_over_LT,log_compression,1,1.5768623352050781,3.1590287685394287,253,0.3306365667895626,0.19416288243874563,0.4341828664417492,observed-comparison,equilibrium_files,"native max(log Q, -2)",invariant_tilde_f,grouped_observed_directional_slope,quadratic_decoder_concept_by_drive_term,observed-comparison
2864601_0.371,unstable,a_over_LT,log_compression,2,3.1590287685394287,10.397533416748047,254,0.4825307576991187,0.348633624271928,0.6150597698581489,observed-comparison,equilibrium_files,"native max(log Q, -2)",invariant_tilde_f,grouped_observed_directional_slope,quadratic_decoder_concept_by_drive_term,observed-comparison
2864601_0.371,unstable,a_over_LT,bad_curvature,0,0.3566621243953705,1.5768623352050781,253,-1.9743170097914648,-3.57440361954294,-0.18783466926815742,observed-comparison,equilibrium_files,"native max(log Q, -2)",invariant_tilde_f,grouped_observed_directional_slope,quadratic_decoder_concept_by_drive_term,observed-comparison
2864601_0.371,unstable,a_over_LT,bad_curvature,1,1.5768623352050781,3.1590287685394287,253,-0.3103199232865474,-1.549220513078948,0.9302837791456497,observed-comparison,equilibrium_files,"native max(log Q, -2)",invariant_tilde_f,grouped_observed_directional_slope,quadratic_decoder_concept_by_drive_term,observed-comparison
2864601_0.371,unstable,a_over_LT,bad_curvature,2,3.1590287685394287,10.397533416748047,254,0.3553477829141574,0.023875632026592576,0.7554761364995134,observed-comparison,equilibrium_files,"native max(log Q, -2)",invariant_tilde_f,grouped_observed_directional_slope,quadratic_decoder_concept_by_drive_term,observed-comparison
2864601_0.371,unstable,a_over_LT,geodesic_curvature,0,0.3566621243953705,1.5768623352050781,253,-0.30859838895234865,-2.023168442903603,1.4868722961223346,observed-comparison,equilibrium_files,"native max(log Q, -2)",invariant_tilde_f,grouped_observed_directional_slope,quadratic_decoder_concept_by_drive_term,observed-comparison
2864601_0.371,unstable,a_over_LT,geodesic_curvature,1,1.5768623352050781,3.1590287685394287,253,1.6889199491702858,-0.46721764508238084,3.9036363445731044,observed-comparison,equilibrium_files,"native max(log Q, -2)",invariant_tilde_f,grouped_observed_directional_slope,quadratic_decoder_concept_by_drive_term,observed-comparison
2864601_0.371,unstable,a_over_LT,geodesic_curvature,2,3.1590287685394287,10.397533416748047,254,3.536254221922324,1.5277186327260568,5.436052932914578,observed-comparison,equilibrium_files,"native max(log Q, -2)",invariant_tilde_f,grouped_observed_directional_slope,quadratic_decoder_concept_by_drive_term,observed-comparison
2864601_0.371,unstable,a_over_LT,parallel_scale,0,0.3566621243953705,1.5768623352050781,253,-0.30034449393813223,-0.8068248932266602,0.15894612466224878,observed-comparison,equilibrium_files,"native max(log Q, -2)",invariant_tilde_f,grouped_observed_directional_slope,quadratic_decoder_concept_by_drive_term,observed-comparison
2864601_0.371,unstable,a_over_LT,parallel_scale,1,1.5768623352050781,3.1590287685394287,253,-0.23517909103911966,-0.7034298939285236,0.026471284454845753,observed-comparison,equilibrium_files,"native max(log Q, -2)",invariant_tilde_f,grouped_observed_directional_slope,quadratic_decoder_concept_by_drive_term,observed-comparison
2864601_0.371,unstable,a_over_LT,parallel_scale,2,3.1590287685394287,10.397533416748047,254,0.2958811380174376,0.044063972035910205,0.6130504812427697,observed-comparison,equilibrium_files,"native max(log Q, -2)",invariant_tilde_f,grouped_observed_directional_slope,quadratic_decoder_concept_by_drive_term,observed-comparison
2864601_0.371,unstable,a_over_LT,cross_channel_colocation,0,0.3566621243953705,1.5768623352050781,253,1.1436822914977314,0.6609873361895833,2.3254679837658507,observed-comparison,equilibrium_files,"native max(log Q, -2)",invariant_tilde_f,grouped_observed_directional_slope,quadratic_decoder_concept_by_drive_term,observed-comparison
2864601_0.371,unstable,a_over_LT,cross_channel_colocation,1,1.5768623352050781,3.1590287685394287,253,0.557991762437283,0.1850682469670409,1.7953142291267326,observed-comparison,equilibrium_files,"native max(log Q, -2)",invariant_tilde_f,grouped_observed_directional_slope,quadratic_decoder_concept_by_drive_term,observed-comparison
2864601_0.371,unstable,a_over_LT,cross_channel_colocation,2,3.1590287685394287,10.397533416748047,254,0.244208632883661,0.1112635350715322,0.5257835193023962,observed-comparison,equilibrium_files,"native max(log Q, -2)",invariant_tilde_f,grouped_observed_directional_slope,quadratic_decoder_concept_by_drive_term,observed-comparison
2864601_0.371,unstable,a_over_LT,log_FSA_grad_x,0,0.3566621243953705,1.5768623352050781,253,1.6099159130526368,1.0253222677617897,2.2761544272476377,observed-comparison,equilibrium_files,"native max(log Q, -2)",invariant_tilde_f,grouped_observed_directional_slope,quadratic_decoder_concept_by_drive_term,observed-comparison
2864601_0.371,unstable,a_over_LT,log_FSA_grad_x,1,1.5768623352050781,3.1590287685394287,253,2.5890993740699533,2.038031862112886,3.1958418035313154,observed-comparison,equilibrium_files,"native max(log Q, -2)",invariant_tilde_f,grouped_observed_directional_slope,quadratic_decoder_concept_by_drive_term,observed-comparison
2864601_0.371,unstable,a_over_LT,log_FSA_grad_x,2,3.1590287685394287,10.397533416748047,254,3.5897514156279695,2.7343016031642398,4.274881692197493,observed-comparison,equilibrium_files,"native max(log Q, -2)",invariant_tilde_f,grouped_observed_directional_slope,quadratic_decoder_concept_by_drive_term,observed-comparison
2864601_0.371,unstable,a_over_Ln,log_f_Q,0,-0.45778006315231323,0.1763690561056137,253,0.5725729390306002,0.3837516350654394,0.7811832446055077,observed-comparison,equilibrium_files,"native max(log Q, -2)",invariant_tilde_f,grouped_observed_directional_slope,quadratic_decoder_concept_by_drive_term,observed-comparison
2864601_0.371,unstable,a_over_Ln,log_f_Q,1,0.1763690561056137,0.725970447063446,253,0.7205544758751686,0.5409755871005668,0.9135483824379808,observed-comparison,equilibrium_files,"native max(log Q, -2)",invariant_tilde_f,grouped_observed_directional_slope,quadratic_decoder_concept_by_drive_term,observed-comparison
2864601_0.371,unstable,a_over_Ln,log_f_Q,2,0.725970447063446,5.340455055236816,254,0.5654669727604987,0.31317714681868797,0.8226649026134079,observed-comparison,equilibrium_files,"native max(log Q, -2)",invariant_tilde_f,grouped_observed_directional_slope,quadratic_decoder_concept_by_drive_term,observed-comparison
2864601_0.371,unstable,a_over_Ln,f_stab,0,-0.45778006315231323,0.1763690561056137,253,1.1045294113167907,0.6490562915444618,1.7035019543528136,observed-comparison,equilibrium_files,"native max(log Q, -2)",invariant_tilde_f,grouped_observed_directional_slope,quadratic_decoder_concept_by_drive_term,observed-comparison
2864601_0.371,unstable,a_over_Ln,f_stab,1,0.1763690561056137,0.725970447063446,253,1.466214048590068,0.9570267998519675,1.9017352411418236,observed-comparison,equilibrium_files,"native max(log Q, -2)",invariant_tilde_f,grouped_observed_directional_slope,quadratic_decoder_concept_by_drive_term,observed-comparison
2864601_0.371,unstable,a_over_Ln,f_stab,2,0.725970447063446,5.340455055236816,254,1.340336370549589,0.6907796902577243,1.989771680108684,observed-comparison,equilibrium_files,"native max(log Q, -2)",invariant_tilde_f,grouped_observed_directional_slope,quadratic_decoder_concept_by_drive_term,observed-comparison
2864601_0.371,unstable,a_over_Ln,log_compression,0,-0.45778006315231323,0.1763690561056137,253,0.2988187412795165,0.17187962997990117,0.4306366879531453,observed-comparison,equilibrium_files,"native max(log Q, -2)",invariant_tilde_f,grouped_observed_directional_slope,quadratic_decoder_concept_by_drive_term,observed-comparison
2864601_0.371,unstable,a_over_Ln,log_compression,1,0.1763690561056137,0.725970447063446,253,0.37432019262430416,0.21997610376710575,0.5308196578524483,observed-comparison,equilibrium_files,"native max(log Q, -2)",invariant_tilde_f,grouped_observed_directional_slope,quadratic_decoder_concept_by_drive_term,observed-comparison
2864601_0.371,unstable,a_over_Ln,log_compression,2,0.725970447063446,5.340455055236816,254,0.21846734582908733,0.05138654375326957,0.3880954777329549,observed-comparison,equilibrium_files,"native max(log Q, -2)",invariant_tilde_f,grouped_observed_directional_slope,quadratic_decoder_concept_by_drive_term,observed-comparison
2864601_0.371,unstable,a_over_Ln,bad_curvature,0,-0.45778006315231323,0.1763690561056137,253,1.150235448643477,0.5527817229892112,2.400263867456516,observed-comparison,equilibrium_files,"native max(log Q, -2)",invariant_tilde_f,grouped_observed_directional_slope,quadratic_decoder_concept_by_drive_term,observed-comparison
2864601_0.371,unstable,a_over_Ln,bad_curvature,1,0.1763690561056137,0.725970447063446,253,1.3666344319518704,-0.2591447880272591,2.922406076924121,observed-comparison,equilibrium_files,"native max(log Q, -2)",invariant_tilde_f,grouped_observed_directional_slope,quadratic_decoder_concept_by_drive_term,observed-comparison
2864601_0.371,unstable,a_over_Ln,bad_curvature,2,0.725970447063446,5.340455055236816,254,0.9071584529495619,0.5183063306560952,1.5502374538217458,observed-comparison,equilibrium_files,"native max(log Q, -2)",invariant_tilde_f,grouped_observed_directional_slope,quadratic_decoder_concept_by_drive_term,observed-comparison
2864601_0.371,unstable,a_over_Ln,geodesic_curvature,0,-0.45778006315231323,0.1763690561056137,253,1.583350224416805,-1.1724906620012414,4.26163461480111,observed-comparison,equilibrium_files,"native max(log Q, -2)",invariant_tilde_f,grouped_observed_directional_slope,quadratic_decoder_concept_by_drive_term,observed-comparison
2864601_0.371,unstable,a_over_Ln,geodesic_curvature,1,0.1763690561056137,0.725970447063446,253,0.40936600968688214,-2.0669860700393934,2.6381362498627516,observed-comparison,equilibrium_files,"native max(log Q, -2)",invariant_tilde_f,grouped_observed_directional_slope,quadratic_decoder_concept_by_drive_term,observed-comparison
2864601_0.371,unstable,a_over_Ln,geodesic_curvature,2,0.725970447063446,5.340455055236816,254,4.534947457289942,2.6565694112091816,6.46342114739426,observed-comparison,equilibrium_files,"native max(log Q, -2)",invariant_tilde_f,grouped_observed_directional_slope,quadratic_decoder_concept_by_drive_term,observed-comparison
2864601_0.371,unstable,a_over_Ln,parallel_scale,0,-0.45778006315231323,0.1763690561056137,253,0.5042586251519267,0.10768589090008114,0.9075047059805705,observed-comparison,equilibrium_files,"native max(log Q, -2)",invariant_tilde_f,grouped_observed_directional_slope,quadratic_decoder_concept_by_drive_term,observed-comparison
2864601_0.371,unstable,a_over_Ln,parallel_scale,1,0.1763690561056137,0.725970447063446,253,0.45712901799635036,0.01635815460295259,1.1857051028944203,observed-comparison,equilibrium_files,"native max(log Q, -2)",invariant_tilde_f,grouped_observed_directional_slope,quadratic_decoder_concept_by_drive_term,observed-comparison
2864601_0.371,unstable,a_over_Ln,parallel_scale,2,0.725970447063446,5.340455055236816,254,0.5558307537470228,0.2717819981630629,0.8675228522653508,observed-comparison,equilibrium_files,"native max(log Q, -2)",invariant_tilde_f,grouped_observed_directional_slope,quadratic_decoder_concept_by_drive_term,observed-comparison
2864601_0.371,unstable,a_over_Ln,cross_channel_colocation,0,-0.45778006315231323,0.1763690561056137,253,0.6009950675505774,0.35152204566701983,1.2827585431612156,observed-comparison,equilibrium_files,"native max(log Q, -2)",invariant_tilde_f,grouped_observed_directional_slope,quadratic_decoder_concept_by_drive_term,observed-comparison
2864601_0.371,unstable,a_over_Ln,cross_channel_colocation,1,0.1763690561056137,0.725970447063446,253,1.5860834388365574,1.0536886579419915,2.290536288599119,observed-comparison,equilibrium_files,"native max(log Q, -2)",invariant_tilde_f,grouped_observed_directional_slope,quadratic_decoder_concept_by_drive_term,observed-comparison
2864601_0.371,unstable,a_over_Ln,cross_channel_colocation,2,0.725970447063446,5.340455055236816,254,0.36047533544969296,0.23146343009028983,0.6833145954048668,observed-comparison,equilibrium_files,"native max(log Q, -2)",invariant_tilde_f,grouped_observed_directional_slope,quadratic_decoder_concept_by_drive_term,observed-comparison
2864601_0.371,unstable,a_over_Ln,log_FSA_grad_x,0,-0.45778006315231323,0.1763690561056137,253,1.4711139908796615,0.733342781200339,2.3271528982011134,observed-comparison,equilibrium_files,"native max(log Q, -2)",invariant_tilde_f,grouped_observed_directional_slope,quadratic_decoder_concept_by_drive_term,observed-comparison
2864601_0.371,unstable,a_over_Ln,log_FSA_grad_x,1,0.1763690561056137,0.725970447063446,253,1.8215996754488002,1.158943444794046,2.482155384010324,observed-comparison,equilibrium_files,"native max(log Q, -2)",invariant_tilde_f,grouped_observed_directional_slope,quadratic_decoder_concept_by_drive_term,observed-comparison
2864601_0.371,unstable,a_over_Ln,log_FSA_grad_x,2,0.725970447063446,5.340455055236816,254,1.6504514982212093,0.7290113096774645,2.7263713935606027,observed-comparison,equilibrium_files,"native max(log Q, -2)",invariant_tilde_f,grouped_observed_directional_slope,quadratic_decoder_concept_by_drive_term,observed-comparison
2864601_0.409,all,a_over_LT,log_f_Q,0,0.020469365641474724,1.3714519739151,333,0.6341390227945535,0.4751978035909863,0.774872466860242,observed-comparison,equilibrium_files,"native max(log Q, -2)",invariant_tilde_f,grouped_observed_directional_slope,quadratic_decoder_concept_by_drive_term,observed-comparison
2864601_0.409,all,a_over_LT,log_f_Q,1,1.3714519739151,2.8915348052978516,333,0.8955429770124821,0.7478600567939083,1.0576369854408019,observed-comparison,equilibrium_files,"native max(log Q, -2)",invariant_tilde_f,grouped_observed_directional_slope,quadratic_decoder_concept_by_drive_term,observed-comparison
2864601_0.409,all,a_over_LT,log_f_Q,2,2.8915348052978516,10.397533416748047,334,0.8570267305212367,0.6794896994005195,1.0225301398752686,observed-comparison,equilibrium_files,"native max(log Q, -2)",invariant_tilde_f,grouped_observed_directional_slope,quadratic_decoder_concept_by_drive_term,observed-comparison
2864601_0.409,all,a_over_LT,f_stab,0,0.020469365641474724,1.3714519739151,333,1.2014750572512756,0.8600562576237761,1.559700757616323,observed-comparison,equilibrium_files,"native max(log Q, -2)",invariant_tilde_f,grouped_observed_directional_slope,quadratic_decoder_concept_by_drive_term,observed-comparison
2864601_0.409,all,a_over_LT,f_stab,1,1.3714519739151,2.8915348052978516,333,2.0295337552834685,1.66760933245777,2.379792442516409,observed-comparison,equilibrium_files,"native max(log Q, -2)",invariant_tilde_f,grouped_observed_directional_slope,quadratic_decoder_concept_by_drive_term,observed-comparison
2864601_0.409,all,a_over_LT,f_stab,2,2.8915348052978516,10.397533416748047,334,2.218551203951303,1.7194716829160277,2.6880226967730736,observed-comparison,equilibrium_files,"native max(log Q, -2)",invariant_tilde_f,grouped_observed_directional_slope,quadratic_decoder_concept_by_drive_term,observed-comparison
2864601_0.409,all,a_over_LT,log_compression,0,0.020469365641474724,1.3714519739151,333,0.3218063229421696,0.2125132221780595,0.4177379185107732,observed-comparison,equilibrium_files,"native max(log Q, -2)",invariant_tilde_f,grouped_observed_directional_slope,quadratic_decoder_concept_by_drive_term,observed-comparison
2864601_0.409,all,a_over_LT,log_compression,1,1.3714519739151,2.8915348052978516,333,0.35140513292991454,0.21219249523999645,0.4790935913953763,observed-comparison,equilibrium_files,"native max(log Q, -2)",invariant_tilde_f,grouped_observed_directional_slope,quadratic_decoder_concept_by_drive_term,observed-comparison
2864601_0.409,all,a_over_LT,log_compression,2,2.8915348052978516,10.397533416748047,334,0.4263435956877854,0.27986609129435597,0.5705434505655259,observed-comparison,equilibrium_files,"native max(log Q, -2)",invariant_tilde_f,grouped_observed_directional_slope,quadratic_decoder_concept_by_drive_term,observed-comparison
2864601_0.409,all,a_over_LT,bad_curvature,0,0.020469365641474724,1.3714519739151,333,-0.9717118673464619,-2.3546507984448253,0.7388037874383468,observed-comparison,equilibrium_files,"native max(log Q, -2)",invariant_tilde_f,grouped_observed_directional_slope,quadratic_decoder_concept_by_drive_term,observed-comparison
2864601_0.409,all,a_over_LT,bad_curvature,1,1.3714519739151,2.8915348052978516,333,0.22978750855570862,-0.8695768678224368,1.3670475945451193,observed-comparison,equilibrium_files,"native max(log Q, -2)",invariant_tilde_f,grouped_observed_directional_slope,quadratic_decoder_concept_by_drive_term,observed-comparison
2864601_0.409,all,a_over_LT,bad_curvature,2,2.8915348052978516,10.397533416748047,334,0.3411233556124108,-0.20556064113921552,0.9144231131656199,observed-comparison,equilibrium_files,"native max(log Q, -2)",invariant_tilde_f,grouped_observed_directional_slope,quadratic_decoder_concept_by_drive_term,observed-comparison
2864601_0.409,all,a_over_LT,geodesic_curvature,0,0.020469365641474724,1.3714519739151,333,0.17222852483485102,-1.5405313021194709,1.9314408301728097,observed-comparison,equilibrium_files,"native max(log Q, -2)",invariant_tilde_f,grouped_observed_directional_slope,quadratic_decoder_concept_by_drive_term,observed-comparison
2864601_0.409,all,a_over_LT,geodesic_curvature,1,1.3714519739151,2.8915348052978516,333,3.6018149975251412,1.3241952881278278,5.46072620020345,observed-comparison,equilibrium_files,"native max(log Q, -2)",invariant_tilde_f,grouped_observed_directional_slope,quadratic_decoder_concept_by_drive_term,observed-comparison
2864601_0.409,all,a_over_LT,geodesic_curvature,2,2.8915348052978516,10.397533416748047,334,3.3955016439741064,1.1901183424442372,5.363127795137626,observed-comparison,equilibrium_files,"native max(log Q, -2)",invariant_tilde_f,grouped_observed_directional_slope,quadratic_decoder_concept_by_drive_term,observed-comparison
2864601_0.409,all,a_over_LT,parallel_scale,0,0.020469365641474724,1.3714519739151,333,-0.1062573064793651,-0.4790080437483205,0.3683367403283594,observed-comparison,equilibrium_files,"native max(log Q, -2)",invariant_tilde_f,grouped_observed_directional_slope,quadratic_decoder_concept_by_drive_term,observed-comparison
2864601_0.409,all,a_over_LT,parallel_scale,1,1.3714519739151,2.8915348052978516,333,-0.13429153304466743,-0.561465946236128,0.14632880752117766,observed-comparison,equilibrium_files,"native max(log Q, -2)",invariant_tilde_f,grouped_observed_directional_slope,quadratic_decoder_concept_by_drive_term,observed-comparison
2864601_0.409,all,a_over_LT,parallel_scale,2,2.8915348052978516,10.397533416748047,334,0.24610475468278561,-0.05797042356296247,0.5624423198703079,observed-comparison,equilibrium_files,"native max(log Q, -2)",invariant_tilde_f,grouped_observed_directional_slope,quadratic_decoder_concept_by_drive_term,observed-comparison
2864601_0.409,all,a_over_LT,cross_channel_colocation,0,0.020469365641474724,1.3714519739151,333,1.0832106879175045,0.624582172338902,1.9194707773064155,observed-comparison,equilibrium_files,"native max(log Q, -2)",invariant_tilde_f,grouped_observed_directional_slope,quadratic_decoder_concept_by_drive_term,observed-comparison
2864601_0.409,all,a_over_LT,cross_channel_colocation,1,1.3714519739151,2.8915348052978516,333,0.8832443892506928,0.5283233769322948,1.9092675932745018,observed-comparison,equilibrium_files,"native max(log Q, -2)",invariant_tilde_f,grouped_observed_directional_slope,quadratic_decoder_concept_by_drive_term,observed-comparison
2864601_0.409,all,a_over_LT,cross_channel_colocation,2,2.8915348052978516,10.397533416748047,334,0.26925432083090434,0.10055676387549148,0.5063760250131937,observed-comparison,equilibrium_files,"native max(log Q, -2)",invariant_tilde_f,grouped_observed_directional_slope,quadratic_decoder_concept_by_drive_term,observed-comparison
2864601_0.409,all,a_over_LT,log_FSA_grad_x,0,0.020469365641474724,1.3714519739151,333,1.3908532495140016,0.8610027211428928,1.8234165141514325,observed-comparison,equilibrium_files,"native max(log Q, -2)",invariant_tilde_f,grouped_observed_directional_slope,quadratic_decoder_concept_by_drive_term,observed-comparison
2864601_0.409,all,a_over_LT,log_FSA_grad_x,1,1.3714519739151,2.8915348052978516,333,2.8279601872682454,2.2362148569803577,3.438658052528009,observed-comparison,equilibrium_files,"native max(log Q, -2)",invariant_tilde_f,grouped_observed_directional_slope,quadratic_decoder_concept_by_drive_term,observed-comparison
2864601_0.409,all,a_over_LT,log_FSA_grad_x,2,2.8915348052978516,10.397533416748047,334,3.164129243451198,2.2198605711200603,4.0216820750585915,observed-comparison,equilibrium_files,"native max(log Q, -2)",invariant_tilde_f,grouped_observed_directional_slope,quadratic_decoder_concept_by_drive_term,observed-comparison
2864601_0.409,all,a_over_Ln,log_f_Q,0,-0.45778006315231323,0.21342068910598755,333,0.6685951061312172,0.47597590303535725,0.8781840976686104,observed-comparison,equilibrium_files,"native max(log Q, -2)",invariant_tilde_f,grouped_observed_directional_slope,quadratic_decoder_concept_by_drive_term,observed-comparison
2864601_0.409,all,a_over_Ln,log_f_Q,1,0.21342068910598755,0.888144314289093,333,0.6538877491567339,0.490147626851495,0.8317703277670904,observed-comparison,equilibrium_files,"native max(log Q, -2)",invariant_tilde_f,grouped_observed_directional_slope,quadratic_decoder_concept_by_drive_term,observed-comparison
2864601_0.409,all,a_over_Ln,log_f_Q,2,0.888144314289093,5.65452766418457,334,0.5908012587027566,0.34893056120995375,0.8312406973644393,observed-comparison,equilibrium_files,"native max(log Q, -2)",invariant_tilde_f,grouped_observed_directional_slope,quadratic_decoder_concept_by_drive_term,observed-comparison
2864601_0.409,all,a_over_Ln,f_stab,0,-0.45778006315231323,0.21342068910598755,333,1.343345450724059,0.7856155740033841,1.961500708408437,observed-comparison,equilibrium_files,"native max(log Q, -2)",invariant_tilde_f,grouped_observed_directional_slope,quadratic_decoder_concept_by_drive_term,observed-comparison
2864601_0.409,all,a_over_Ln,f_stab,1,0.21342068910598755,0.888144314289093,333,1.4185036105667204,0.8948852165019233,1.900679972736778,observed-comparison,equilibrium_files,"native max(log Q, -2)",invariant_tilde_f,grouped_observed_directional_slope,quadratic_decoder_concept_by_drive_term,observed-comparison
2864601_0.409,all,a_over_Ln,f_stab,2,0.888144314289093,5.65452766418457,334,1.4688145468165617,0.8091318486804608,2.08219255972236,observed-comparison,equilibrium_files,"native max(log Q, -2)",invariant_tilde_f,grouped_observed_directional_slope,quadratic_decoder_concept_by_drive_term,observed-comparison
2864601_0.409,all,a_over_Ln,log_compression,0,-0.45778006315231323,0.21342068910598755,333,0.3500271618656206,0.20566872016405857,0.496458851159977,observed-comparison,equilibrium_files,"native max(log Q, -2)",invariant_tilde_f,grouped_observed_directional_slope,quadratic_decoder_concept_by_drive_term,observed-comparison
2864601_0.409,all,a_over_Ln,log_compression,1,0.21342068910598755,0.888144314289093,333,0.2815449355037309,0.12150912471172946,0.4266388841907424,observed-comparison,equilibrium_files,"native max(log Q, -2)",invariant_tilde_f,grouped_observed_directional_slope,quadratic_decoder_concept_by_drive_term,observed-comparison
2864601_0.409,all,a_over_Ln,log_compression,2,0.888144314289093,5.65452766418457,334,0.274051479790008,0.08579381257517642,0.4492119584892398,observed-comparison,equilibrium_files,"native max(log Q, -2)",invariant_tilde_f,grouped_observed_directional_slope,quadratic_decoder_concept_by_drive_term,observed-comparison
2864601_0.409,all,a_over_Ln,bad_curvature,0,-0.45778006315231323,0.21342068910598755,333,1.5684664706751192,0.8566477244722042,2.8624423103293015,observed-comparison,equilibrium_files,"native max(log Q, -2)",invariant_tilde_f,grouped_observed_directional_slope,quadratic_decoder_concept_by_drive_term,observed-comparison
2864601_0.409,all,a_over_Ln,bad_curvature,1,0.21342068910598755,0.888144314289093,333,2.8144606274323127,1.2101842499789885,4.587233509429385,observed-comparison,equilibrium_files,"native max(log Q, -2)",invariant_tilde_f,grouped_observed_directional_slope,quadratic_decoder_concept_by_drive_term,observed-comparison
2864601_0.409,all,a_over_Ln,bad_curvature,2,0.888144314289093,5.65452766418457,334,1.1528388494833453,0.5175694580347902,1.8634335796395747,observed-comparison,equilibrium_files,"native max(log Q, -2)",invariant_tilde_f,grouped_observed_directional_slope,quadratic_decoder_concept_by_drive_term,observed-comparison
2864601_0.409,all,a_over_Ln,geodesic_curvature,0,-0.45778006315231323,0.21342068910598755,333,2.2397600217988543,-0.5546751822811923,4.6735419275084,observed-comparison,equilibrium_files,"native max(log Q, -2)",invariant_tilde_f,grouped_observed_directional_slope,quadratic_decoder_concept_by_drive_term,observed-comparison
2864601_0.409,all,a_over_Ln,geodesic_curvature,1,0.21342068910598755,0.888144314289093,333,2.8421134374068875,0.7940971251623882,5.173939473332346,observed-comparison,equilibrium_files,"native max(log Q, -2)",invariant_tilde_f,grouped_observed_directional_slope,quadratic_decoder_concept_by_drive_term,observed-comparison
2864601_0.409,all,a_over_Ln,geodesic_curvature,2,0.888144314289093,5.65452766418457,334,5.014184710404624,2.95163213795214,7.21971936838331,observed-comparison,equilibrium_files,"native max(log Q, -2)",invariant_tilde_f,grouped_observed_directional_slope,quadratic_decoder_concept_by_drive_term,observed-comparison
2864601_0.409,all,a_over_Ln,parallel_scale,0,-0.45778006315231323,0.21342068910598755,333,0.6539258600392306,0.20448415335785583,1.0727891986974305,observed-comparison,equilibrium_files,"native max(log Q, -2)",invariant_tilde_f,grouped_observed_directional_slope,quadratic_decoder_concept_by_drive_term,observed-comparison
2864601_0.409,all,a_over_Ln,parallel_scale,1,0.21342068910598755,0.888144314289093,333,0.6822520421901135,0.21424008800212835,1.222634651601757,observed-comparison,equilibrium_files,"native max(log Q, -2)",invariant_tilde_f,grouped_observed_directional_slope,quadratic_decoder_concept_by_drive_term,observed-comparison
2864601_0.409,all,a_over_Ln,parallel_scale,2,0.888144314289093,5.65452766418457,334,0.7036698105332717,0.3308756263304027,1.06915808540464,observed-comparison,equilibrium_files,"native max(log Q, -2)",invariant_tilde_f,grouped_observed_directional_slope,quadratic_decoder_concept_by_drive_term,observed-comparison
2864601_0.409,all,a_over_Ln,cross_channel_colocation,0,-0.45778006315231323,0.21342068910598755,333,0.7415391815940983,0.5182888689199686,1.3431629072576439,observed-comparison,equilibrium_files,"native max(log Q, -2)",invariant_tilde_f,grouped_observed_directional_slope,quadratic_decoder_concept_by_drive_term,observed-comparison
2864601_0.409,all,a_over_Ln,cross_channel_colocation,1,0.21342068910598755,0.888144314289093,333,1.2198565511816721,0.635480465212373,2.454389535688991,observed-comparison,equilibrium_files,"native max(log Q, -2)",invariant_tilde_f,grouped_observed_directional_slope,quadratic_decoder_concept_by_drive_term,observed-comparison
2864601_0.409,all,a_over_Ln,cross_channel_colocation,2,0.888144314289093,5.65452766418457,334,0.5156688067025695,0.3329547059671088,0.8246108667544212,observed-comparison,equilibrium_files,"native max(log Q, -2)",invariant_tilde_f,grouped_observed_directional_slope,quadratic_decoder_concept_by_drive_term,observed-comparison
2864601_0.409,all,a_over_Ln,log_FSA_grad_x,0,-0.45778006315231323,0.21342068910598755,333,1.423868438797124,0.658653662502589,2.222301932325108,observed-comparison,equilibrium_files,"native max(log Q, -2)",invariant_tilde_f,grouped_observed_directional_slope,quadratic_decoder_concept_by_drive_term,observed-comparison
2864601_0.409,all,a_over_Ln,log_FSA_grad_x,1,0.21342068910598755,0.888144314289093,333,1.922886813793513,1.2406528179790857,2.574563881472192,observed-comparison,equilibrium_files,"native max(log Q, -2)",invariant_tilde_f,grouped_observed_directional_slope,quadratic_decoder_concept_by_drive_term,observed-comparison
2864601_0.409,all,a_over_Ln,log_FSA_grad_x,2,0.888144314289093,5.65452766418457,334,1.5077643785377428,0.5725931432475944,2.6012828877643663,observed-comparison,equilibrium_files,"native max(log Q, -2)",invariant_tilde_f,grouped_observed_directional_slope,quadratic_decoder_concept_by_drive_term,observed-comparison
2864601_0.409,stable_or_near_floor,a_over_LT,log_f_Q,0,0.020469365641474724,0.851464291413625,80,0.032386569053870815,0.007482843616634607,0.0644971488839435,observed-comparison,equilibrium_files,"native max(log Q, -2)",invariant_tilde_f,grouped_observed_directional_slope,quadratic_decoder_concept_by_drive_term,observed-comparison
2864601_0.409,stable_or_near_floor,a_over_LT,log_f_Q,1,0.851464291413625,1.537275711695353,80,0.004549061615603636,-0.03401388770072006,0.036284016824711544,observed-comparison,equilibrium_files,"native max(log Q, -2)",invariant_tilde_f,grouped_observed_directional_slope,quadratic_decoder_concept_by_drive_term,observed-comparison
2864601_0.409,stable_or_near_floor,a_over_LT,log_f_Q,2,1.537275711695353,4.886041164398193,80,-0.0176218181742413,-0.12249537175443392,0.05345041939071565,observed-comparison,equilibrium_files,"native max(log Q, -2)",invariant_tilde_f,grouped_observed_directional_slope,quadratic_decoder_concept_by_drive_term,observed-comparison
2864601_0.409,stable_or_near_floor,a_over_LT,f_stab,0,0.020469365641474724,0.851464291413625,80,0.046406194028584244,-0.03732279809163412,0.15081571156316534,observed-comparison,equilibrium_files,"native max(log Q, -2)",invariant_tilde_f,grouped_observed_directional_slope,quadratic_decoder_concept_by_drive_term,observed-comparison
2864601_0.409,stable_or_near_floor,a_over_LT,f_stab,1,0.851464291413625,1.537275711695353,80,-0.004256539146533287,-0.09357901365604533,0.08631855786394069,observed-comparison,equilibrium_files,"native max(log Q, -2)",invariant_tilde_f,grouped_observed_directional_slope,quadratic_decoder_concept_by_drive_term,observed-comparison
2864601_0.409,stable_or_near_floor,a_over_LT,f_stab,2,1.537275711695353,4.886041164398193,80,-0.027120127627572117,-0.2693023236198463,0.16414494293292647,observed-comparison,equilibrium_files,"native max(log Q, -2)",invariant_tilde_f,grouped_observed_directional_slope,quadratic_decoder_concept_by_drive_term,observed-comparison
2864601_0.409,stable_or_near_floor,a_over_LT,log_compression,0,0.020469365641474724,0.851464291413625,80,0.036556269990479014,0.01201379550264271,0.07489098679605807,observed-comparison,equilibrium_files,"native max(log Q, -2)",invariant_tilde_f,grouped_observed_directional_slope,quadratic_decoder_concept_by_drive_term,observed-comparison
2864601_0.409,stable_or_near_floor,a_over_LT,log_compression,1,0.851464291413625,1.537275711695353,80,0.003186367684839839,-0.03108259068715443,0.027542158690958135,observed-comparison,equilibrium_files,"native max(log Q, -2)",invariant_tilde_f,grouped_observed_directional_slope,quadratic_decoder_concept_by_drive_term,observed-comparison
2864601_0.409,stable_or_near_floor,a_over_LT,log_compression,2,1.537275711695353,4.886041164398193,80,-0.02612863719410579,-0.12838885623117066,0.044279753775701654,observed-comparison,equilibrium_files,"native max(log Q, -2)",invariant_tilde_f,grouped_observed_directional_slope,quadratic_decoder_concept_by_drive_term,observed-comparison
2864601_0.409,stable_or_near_floor,a_over_LT,bad_curvature,0,0.020469365641474724,0.851464291413625,80,-0.5821703164411494,-1.7684122216510423,0.27111649822627387,observed-comparison,equilibrium_files,"native max(log Q, -2)",invariant_tilde_f,grouped_observed_directional_slope,quadratic_decoder_concept_by_drive_term,observed-comparison
2864601_0.409,stable_or_near_floor,a_over_LT,bad_curvature,1,0.851464291413625,1.537275711695353,80,0.15204057835197057,-0.3494414718718854,0.5015062000124255,observed-comparison,equilibrium_files,"native max(log Q, -2)",invariant_tilde_f,grouped_observed_directional_slope,quadratic_decoder_concept_by_drive_term,observed-comparison
2864601_0.409,stable_or_near_floor,a_over_LT,bad_curvature,2,1.537275711695353,4.886041164398193,80,0.36044709738087777,-0.15896808559442432,0.9515910654039939,observed-comparison,equilibrium_files,"native max(log Q, -2)",invariant_tilde_f,grouped_observed_directional_slope,quadratic_decoder_concept_by_drive_term,observed-comparison
2864601_0.409,stable_or_near_floor,a_over_LT,geodesic_curvature,0,0.020469365641474724,0.851464291413625,80,-0.0898363947268267,-0.5581494478502462,0.42717396706827243,observed-comparison,equilibrium_files,"native max(log Q, -2)",invariant_tilde_f,grouped_observed_directional_slope,quadratic_decoder_concept_by_drive_term,observed-comparison
2864601_0.409,stable_or_near_floor,a_over_LT,geodesic_curvature,1,0.851464291413625,1.537275711695353,80,0.45010723212135045,0.009577284543263405,0.9120783399583867,observed-comparison,equilibrium_files,"native max(log Q, -2)",invariant_tilde_f,grouped_observed_directional_slope,quadratic_decoder_concept_by_drive_term,observed-comparison
2864601_0.409,stable_or_near_floor,a_over_LT,geodesic_curvature,2,1.537275711695353,4.886041164398193,80,0.42448476671345103,-0.7928214312403545,1.6697307098316683,observed-comparison,equilibrium_files,"native max(log Q, -2)",invariant_tilde_f,grouped_observed_directional_slope,quadratic_decoder_concept_by_drive_term,observed-comparison
2864601_0.409,stable_or_near_floor,a_over_LT,parallel_scale,0,0.020469365641474724,0.851464291413625,80,0.02530326753095119,-0.21601929509820203,0.2689447847920285,observed-comparison,equilibrium_files,"native max(log Q, -2)",invariant_tilde_f,grouped_observed_directional_slope,quadratic_decoder_concept_by_drive_term,observed-comparison
2864601_0.409,stable_or_near_floor,a_over_LT,parallel_scale,1,0.851464291413625,1.537275711695353,80,0.12414186029827291,-0.02342217995722644,0.31649201573039515,observed-comparison,equilibrium_files,"native max(log Q, -2)",invariant_tilde_f,grouped_observed_directional_slope,quadratic_decoder_concept_by_drive_term,observed-comparison
2864601_0.409,stable_or_near_floor,a_over_LT,parallel_scale,2,1.537275711695353,4.886041164398193,80,0.12817796198977532,-0.09631286801654698,0.32458203453924306,observed-comparison,equilibrium_files,"native max(log Q, -2)",invariant_tilde_f,grouped_observed_directional_slope,quadratic_decoder_concept_by_drive_term,observed-comparison
2864601_0.409,stable_or_near_floor,a_over_LT,cross_channel_colocation,0,0.020469365641474724,0.851464291413625,80,0.022573440491577973,-0.16441170096637142,0.23106969262919647,observed-comparison,equilibrium_files,"native max(log Q, -2)",invariant_tilde_f,grouped_observed_directional_slope,quadratic_decoder_concept_by_drive_term,observed-comparison
2864601_0.409,stable_or_near_floor,a_over_LT,cross_channel_colocation,1,0.851464291413625,1.537275711695353,80,0.061497298371828935,-0.12582502708483062,0.17948444920562343,observed-comparison,equilibrium_files,"native max(log Q, -2)",invariant_tilde_f,grouped_observed_directional_slope,quadratic_decoder_concept_by_drive_term,observed-comparison
2864601_0.409,stable_or_near_floor,a_over_LT,cross_channel_colocation,2,1.537275711695353,4.886041164398193,80,0.15496919862631164,-0.06706207424871255,0.4019741205493133,observed-comparison,equilibrium_files,"native max(log Q, -2)",invariant_tilde_f,grouped_observed_directional_slope,quadratic_decoder_concept_by_drive_term,observed-comparison
2864601_0.409,stable_or_near_floor,a_over_LT,log_FSA_grad_x,0,0.020469365641474724,0.851464291413625,80,0.008305492477440604,-0.08310662344533927,0.10602795132378919,observed-comparison,equilibrium_files,"native max(log Q, -2)",invariant_tilde_f,grouped_observed_directional_slope,quadratic_decoder_concept_by_drive_term,observed-comparison
2864601_0.409,stable_or_near_floor,a_over_LT,log_FSA_grad_x,1,0.851464291413625,1.537275711695353,80,0.02027480561686475,-0.15116075982169414,0.1847246477682346,observed-comparison,equilibrium_files,"native max(log Q, -2)",invariant_tilde_f,grouped_observed_directional_slope,quadratic_decoder_concept_by_drive_term,observed-comparison
2864601_0.409,stable_or_near_floor,a_over_LT,log_FSA_grad_x,2,1.537275711695353,4.886041164398193,80,-0.11415084744179536,-0.5324189886446813,0.18620713497802088,observed-comparison,equilibrium_files,"native max(log Q, -2)",invariant_tilde_f,grouped_observed_directional_slope,quadratic_decoder_concept_by_drive_term,observed-comparison
2864601_0.409,stable_or_near_floor,a_over_Ln,log_f_Q,0,-0.22261013090610504,0.48661752541859943,80,0.05155229938987674,0.020319438365288843,0.09669973963177049,observed-comparison,equilibrium_files,"native max(log Q, -2)",invariant_tilde_f,grouped_observed_directional_slope,quadratic_decoder_concept_by_drive_term,observed-comparison
2864601_0.409,stable_or_near_floor,a_over_Ln,log_f_Q,1,0.48661752541859943,1.382526874542236,80,-0.050812682977513575,-0.16660385226220045,0.02418134094500316,observed-comparison,equilibrium_files,"native max(log Q, -2)",invariant_tilde_f,grouped_observed_directional_slope,quadratic_decoder_concept_by_drive_term,observed-comparison
2864601_0.409,stable_or_near_floor,a_over_Ln,log_f_Q,2,1.382526874542236,5.65452766418457,80,0.007401095969129703,-0.018106420481763384,0.046792123466756645,observed-comparison,equilibrium_files,"native max(log Q, -2)",invariant_tilde_f,grouped_observed_directional_slope,quadratic_decoder_concept_by_drive_term,observed-comparison
2864601_0.409,stable_or_near_floor,a_over_Ln,f_stab,0,-0.22261013090610504,0.48661752541859943,80,0.0862348649602225,-0.005071467445114532,0.22324700055883911,observed-comparison,equilibrium_files,"native max(log Q, -2)",invariant_tilde_f,grouped_observed_directional_slope,quadratic_decoder_concept_by_drive_term,observed-comparison
2864601_0.409,stable_or_near_floor,a_over_Ln,f_stab,1,0.48661752541859943,1.382526874542236,80,-0.1183494375581697,-0.39453642479063916,0.059776639040005394,observed-comparison,equilibrium_files,"native max(log Q, -2)",invariant_tilde_f,grouped_observed_directional_slope,quadratic_decoder_concept_by_drive_term,observed-comparison
2864601_0.409,stable_or_near_floor,a_over_Ln,f_stab,2,1.382526874542236,5.65452766418457,80,0.014306411393629955,-0.04121380973432871,0.100108703785217,observed-comparison,equilibrium_files,"native max(log Q, -2)",invariant_tilde_f,grouped_observed_directional_slope,quadratic_decoder_concept_by_drive_term,observed-comparison
2864601_0.409,stable_or_near_floor,a_over_Ln,log_compression,0,-0.22261013090610504,0.48661752541859943,80,0.0624230462357481,0.028314014749459847,0.1101650694614499,observed-comparison,equilibrium_files,"native max(log Q, -2)",invariant_tilde_f,grouped_observed_directional_slope,quadratic_decoder_concept_by_drive_term,observed-comparison
2864601_0.409,stable_or_near_floor,a_over_Ln,log_compression,1,0.48661752541859943,1.382526874542236,80,-0.03186977605885712,-0.11411738022271097,0.013257243928766404,observed-comparison,equilibrium_files,"native max(log Q, -2)",invariant_tilde_f,grouped_observed_directional_slope,quadratic_decoder_concept_by_drive_term,observed-comparison
2864601_0.409,stable_or_near_floor,a_over_Ln,log_compression,2,1.382526874542236,5.65452766418457,80,0.010547794136781318,-0.00899961536501515,0.038910472052583765,observed-comparison,equilibrium_files,"native max(log Q, -2)",invariant_tilde_f,grouped_observed_directional_slope,quadratic_decoder_concept_by_drive_term,observed-comparison
2864601_0.409,stable_or_near_floor,a_over_Ln,bad_curvature,0,-0.22261013090610504,0.48661752541859943,80,1.0945066257904952,-0.32694264727330236,1.2056818244984768,observed-comparison,equilibrium_files,"native max(log Q, -2)",invariant_tilde_f,grouped_observed_directional_slope,quadratic_decoder_concept_by_drive_term,observed-comparison
2864601_0.409,stable_or_near_floor,a_over_Ln,bad_curvature,1,0.48661752541859943,1.382526874542236,80,-0.03699227065080451,-1.0545760093526384,0.504818386818599,observed-comparison,equilibrium_files,"native max(log Q, -2)",invariant_tilde_f,grouped_observed_directional_slope,quadratic_decoder_concept_by_drive_term,observed-comparison
2864601_0.409,stable_or_near_floor,a_over_Ln,bad_curvature,2,1.382526874542236,5.65452766418457,80,0.10899521200643458,-0.033945971464435405,0.5209145767646459,observed-comparison,equilibrium_files,"native max(log Q, -2)",invariant_tilde_f,grouped_observed_directional_slope,quadratic_decoder_concept_by_drive_term,observed-comparison
2864601_0.409,stable_or_near_floor,a_over_Ln,geodesic_curvature,0,-0.22261013090610504,0.48661752541859943,80,1.2637944439957003,0.043864574820373745,2.634729882758705,observed-comparison,equilibrium_files,"native max(log Q, -2)",invariant_tilde_f,grouped_observed_directional_slope,quadratic_decoder_concept_by_drive_term,observed-comparison
2864601_0.409,stable_or_near_floor,a_over_Ln,geodesic_curvature,1,0.48661752541859943,1.382526874542236,80,-0.4188687120322317,-1.6286257315352748,0.44809273529210086,observed-comparison,equilibrium_files,"native max(log Q, -2)",invariant_tilde_f,grouped_observed_directional_slope,quadratic_decoder_concept_by_drive_term,observed-comparison
2864601_0.409,stable_or_near_floor,a_over_Ln,geodesic_curvature,2,1.382526874542236,5.65452766418457,80,0.29363853685175256,-0.1161239863968706,0.8062508612553969,observed-comparison,equilibrium_files,"native max(log Q, -2)",invariant_tilde_f,grouped_observed_directional_slope,quadratic_decoder_concept_by_drive_term,observed-comparison
2864601_0.409,stable_or_near_floor,a_over_Ln,parallel_scale,0,-0.22261013090610504,0.48661752541859943,80,0.4676107364296335,-0.04572315858204997,0.6960464916564857,observed-comparison,equilibrium_files,"native max(log Q, -2)",invariant_tilde_f,grouped_observed_directional_slope,quadratic_decoder_concept_by_drive_term,observed-comparison
2864601_0.409,stable_or_near_floor,a_over_Ln,parallel_scale,1,0.48661752541859943,1.382526874542236,80,-0.06370543011506707,-0.22040752134933783,0.03170653324849261,observed-comparison,equilibrium_files,"native max(log Q, -2)",invariant_tilde_f,grouped_observed_directional_slope,quadratic_decoder_concept_by_drive_term,observed-comparison
2864601_0.409,stable_or_near_floor,a_over_Ln,parallel_scale,2,1.382526874542236,5.65452766418457,80,0.10393630043698467,-0.01504559468943848,0.20200129370345946,observed-comparison,equilibrium_files,"native max(log Q, -2)",invariant_tilde_f,grouped_observed_directional_slope,quadratic_decoder_concept_by_drive_term,observed-comparison
2864601_0.409,stable_or_near_floor,a_over_Ln,cross_channel_colocation,0,-0.22261013090610504,0.48661752541859943,80,0.37705185744642933,-0.024407107447481573,0.4911196321440879,observed-comparison,equilibrium_files,"native max(log Q, -2)",invariant_tilde_f,grouped_observed_directional_slope,quadratic_decoder_concept_by_drive_term,observed-comparison
2864601_0.409,stable_or_near_floor,a_over_Ln,cross_channel_colocation,1,0.48661752541859943,1.382526874542236,80,0.007688898951602056,-0.5109052259272343,0.17483975873909208,observed-comparison,equilibrium_files,"native max(log Q, -2)",invariant_tilde_f,grouped_observed_directional_slope,quadratic_decoder_concept_by_drive_term,observed-comparison
2864601_0.409,stable_or_near_floor,a_over_Ln,cross_channel_colocation,2,1.382526874542236,5.65452766418457,80,0.03038118097448208,-0.003301045206485139,0.1742356856172516,observed-comparison,equilibrium_files,"native max(log Q, -2)",invariant_tilde_f,grouped_observed_directional_slope,quadratic_decoder_concept_by_drive_term,observed-comparison
2864601_0.409,stable_or_near_floor,a_over_Ln,log_FSA_grad_x,0,-0.22261013090610504,0.48661752541859943,80,0.03947145330490347,-0.08179539812662545,0.21150846222569902,observed-comparison,equilibrium_files,"native max(log Q, -2)",invariant_tilde_f,grouped_observed_directional_slope,quadratic_decoder_concept_by_drive_term,observed-comparison
2864601_0.409,stable_or_near_floor,a_over_Ln,log_FSA_grad_x,1,0.48661752541859943,1.382526874542236,80,-0.22271503692295896,-0.7216821770500992,0.10912367730433274,observed-comparison,equilibrium_files,"native max(log Q, -2)",invariant_tilde_f,grouped_observed_directional_slope,quadratic_decoder_concept_by_drive_term,observed-comparison
2864601_0.409,stable_or_near_floor,a_over_Ln,log_FSA_grad_x,2,1.382526874542236,5.65452766418457,80,0.040624595353708,-0.0801905849492996,0.23823825818491814,observed-comparison,equilibrium_files,"native max(log Q, -2)",invariant_tilde_f,grouped_observed_directional_slope,quadratic_decoder_concept_by_drive_term,observed-comparison
2864601_0.409,unstable,a_over_LT,log_f_Q,0,0.3566621243953705,1.5768623352050781,253,0.7250255568213914,0.549760483231844,0.8911701599132715,observed-comparison,equilibrium_files,"native max(log Q, -2)",invariant_tilde_f,grouped_observed_directional_slope,quadratic_decoder_concept_by_drive_term,observed-comparison
2864601_0.409,unstable,a_over_LT,log_f_Q,1,1.5768623352050781,3.1590287685394287,253,0.8222945968049786,0.6666078963789916,0.9818410334826609,observed-comparison,equilibrium_files,"native max(log Q, -2)",invariant_tilde_f,grouped_observed_directional_slope,quadratic_decoder_concept_by_drive_term,observed-comparison
2864601_0.409,unstable,a_over_LT,log_f_Q,2,3.1590287685394287,10.397533416748047,254,0.9316715458852037,0.7571400544162197,1.0881132069453936,observed-comparison,equilibrium_files,"native max(log Q, -2)",invariant_tilde_f,grouped_observed_directional_slope,quadratic_decoder_concept_by_drive_term,observed-comparison
2864601_0.409,unstable,a_over_LT,f_stab,0,0.3566621243953705,1.5768623352050781,253,1.1047856575235382,0.7677888257449809,1.623389873901989,observed-comparison,equilibrium_files,"native max(log Q, -2)",invariant_tilde_f,grouped_observed_directional_slope,quadratic_decoder_concept_by_drive_term,observed-comparison
2864601_0.409,unstable,a_over_LT,f_stab,1,1.5768623352050781,3.1590287685394287,253,1.5788463713356768,1.22356281058629,1.887319075286053,observed-comparison,equilibrium_files,"native max(log Q, -2)",invariant_tilde_f,grouped_observed_directional_slope,quadratic_decoder_concept_by_drive_term,observed-comparison
2864601_0.409,unstable,a_over_LT,f_stab,2,3.1590287685394287,10.397533416748047,254,2.3519269912234626,1.8651938685450709,2.7615044984113495,observed-comparison,equilibrium_files,"native max(log Q, -2)",invariant_tilde_f,grouped_observed_directional_slope,quadratic_decoder_concept_by_drive_term,observed-comparison
2864601_0.409,unstable,a_over_LT,log_compression,0,0.3566621243953705,1.5768623352050781,253,0.3294663955659196,0.21824060423764757,0.4244651191479515,observed-comparison,equilibrium_files,"native max(log Q, -2)",invariant_tilde_f,grouped_observed_directional_slope,quadratic_decoder_concept_by_drive_term,observed-comparison
2864601_0.409,unstable,a_over_LT,log_compression,1,1.5768623352050781,3.1590287685394287,253,0.3285346518930062,0.22454419621349408,0.42993102567939734,observed-comparison,equilibrium_files,"native max(log Q, -2)",invariant_tilde_f,grouped_observed_directional_slope,quadratic_decoder_concept_by_drive_term,observed-comparison
2864601_0.409,unstable,a_over_LT,log_compression,2,3.1590287685394287,10.397533416748047,254,0.4730024535165895,0.34618192770357803,0.6049623952143405,observed-comparison,equilibrium_files,"native max(log Q, -2)",invariant_tilde_f,grouped_observed_directional_slope,quadratic_decoder_concept_by_drive_term,observed-comparison
2864601_0.409,unstable,a_over_LT,bad_curvature,0,0.3566621243953705,1.5768623352050781,253,-2.0755242084716112,-3.7318466625115545,-0.02325930230826668,observed-comparison,equilibrium_files,"native max(log Q, -2)",invariant_tilde_f,grouped_observed_directional_slope,quadratic_decoder_concept_by_drive_term,observed-comparison
2864601_0.409,unstable,a_over_LT,bad_curvature,1,1.5768623352050781,3.1590287685394287,253,-0.14391996432641296,-1.514853862666431,0.9108733625259073,observed-comparison,equilibrium_files,"native max(log Q, -2)",invariant_tilde_f,grouped_observed_directional_slope,quadratic_decoder_concept_by_drive_term,observed-comparison
2864601_0.409,unstable,a_over_LT,bad_curvature,2,3.1590287685394287,10.397533416748047,254,0.3294698873239414,-0.06389991532049939,0.9094205609912039,observed-comparison,equilibrium_files,"native max(log Q, -2)",invariant_tilde_f,grouped_observed_directional_slope,quadratic_decoder_concept_by_drive_term,observed-comparison
2864601_0.409,unstable,a_over_LT,geodesic_curvature,0,0.3566621243953705,1.5768623352050781,253,-0.4366670834569866,-1.9526113828981464,1.0956405278809107,observed-comparison,equilibrium_files,"native max(log Q, -2)",invariant_tilde_f,grouped_observed_directional_slope,quadratic_decoder_concept_by_drive_term,observed-comparison
2864601_0.409,unstable,a_over_LT,geodesic_curvature,1,1.5768623352050781,3.1590287685394287,253,1.696436599453845,-0.3692333395883125,3.8696537838574314,observed-comparison,equilibrium_files,"native max(log Q, -2)",invariant_tilde_f,grouped_observed_directional_slope,quadratic_decoder_concept_by_drive_term,observed-comparison
2864601_0.409,unstable,a_over_LT,geodesic_curvature,2,3.1590287685394287,10.397533416748047,254,3.2608502824345766,1.122859231913181,5.314014798505507,observed-comparison,equilibrium_files,"native max(log Q, -2)",invariant_tilde_f,grouped_observed_directional_slope,quadratic_decoder_concept_by_drive_term,observed-comparison
2864601_0.409,unstable,a_over_LT,parallel_scale,0,0.3566621243953705,1.5768623352050781,253,-0.3764212895373757,-0.8513437288728571,0.11037661226866391,observed-comparison,equilibrium_files,"native max(log Q, -2)",invariant_tilde_f,grouped_observed_directional_slope,quadratic_decoder_concept_by_drive_term,observed-comparison
2864601_0.409,unstable,a_over_LT,parallel_scale,1,1.5768623352050781,3.1590287685394287,253,-0.20084361455615304,-0.552356023550106,0.07554075204291409,observed-comparison,equilibrium_files,"native max(log Q, -2)",invariant_tilde_f,grouped_observed_directional_slope,quadratic_decoder_concept_by_drive_term,observed-comparison
2864601_0.409,unstable,a_over_LT,parallel_scale,2,3.1590287685394287,10.397533416748047,254,0.25355508654153436,-0.07730999370779382,0.6010562189832385,observed-comparison,equilibrium_files,"native max(log Q, -2)",invariant_tilde_f,grouped_observed_directional_slope,quadratic_decoder_concept_by_drive_term,observed-comparison
2864601_0.409,unstable,a_over_LT,cross_channel_colocation,0,0.3566621243953705,1.5768623352050781,253,0.9394888486042575,0.47690682174482335,1.8692888752679542,observed-comparison,equilibrium_files,"native max(log Q, -2)",invariant_tilde_f,grouped_observed_directional_slope,quadratic_decoder_concept_by_drive_term,observed-comparison
2864601_0.409,unstable,a_over_LT,cross_channel_colocation,1,1.5768623352050781,3.1590287685394287,253,0.5742951508430089,0.23713768717326836,1.685914561905544,observed-comparison,equilibrium_files,"native max(log Q, -2)",invariant_tilde_f,grouped_observed_directional_slope,quadratic_decoder_concept_by_drive_term,observed-comparison
2864601_0.409,unstable,a_over_LT,cross_channel_colocation,2,3.1590287685394287,10.397533416748047,254,0.2310293076516152,0.07759599733333193,0.4800293500899343,observed-comparison,equilibrium_files,"native max(log Q, -2)",invariant_tilde_f,grouped_observed_directional_slope,quadratic_decoder_concept_by_drive_term,observed-comparison
2864601_0.409,unstable,a_over_LT,log_FSA_grad_x,0,0.3566621243953705,1.5768623352050781,253,1.441231917948268,0.9127966026105572,1.9783939892707745,observed-comparison,equilibrium_files,"native max(log Q, -2)",invariant_tilde_f,grouped_observed_directional_slope,quadratic_decoder_concept_by_drive_term,observed-comparison
2864601_0.409,unstable,a_over_LT,log_FSA_grad_x,1,1.5768623352050781,3.1590287685394287,253,2.441529062672827,1.8927928117823916,3.045087491863151,observed-comparison,equilibrium_files,"native max(log Q, -2)",invariant_tilde_f,grouped_observed_directional_slope,quadratic_decoder_concept_by_drive_term,observed-comparison
2864601_0.409,unstable,a_over_LT,log_FSA_grad_x,2,3.1590287685394287,10.397533416748047,254,3.587576766705233,2.853859457923344,4.3266495668763705,observed-comparison,equilibrium_files,"native max(log Q, -2)",invariant_tilde_f,grouped_observed_directional_slope,quadratic_decoder_concept_by_drive_term,observed-comparison
2864601_0.409,unstable,a_over_Ln,log_f_Q,0,-0.45778006315231323,0.1763690561056137,253,0.5440648419345195,0.3633738344186264,0.7391626408205538,observed-comparison,equilibrium_files,"native max(log Q, -2)",invariant_tilde_f,grouped_observed_directional_slope,quadratic_decoder_concept_by_drive_term,observed-comparison
2864601_0.409,unstable,a_over_Ln,log_f_Q,1,0.1763690561056137,0.725970447063446,253,0.6979296211717257,0.5025856922349191,0.8647571642990614,observed-comparison,equilibrium_files,"native max(log Q, -2)",invariant_tilde_f,grouped_observed_directional_slope,quadratic_decoder_concept_by_drive_term,observed-comparison
2864601_0.409,unstable,a_over_Ln,log_f_Q,2,0.725970447063446,5.340455055236816,254,0.5358878479052372,0.28553959881777835,0.7902847452557886,observed-comparison,equilibrium_files,"native max(log Q, -2)",invariant_tilde_f,grouped_observed_directional_slope,quadratic_decoder_concept_by_drive_term,observed-comparison
2864601_0.409,unstable,a_over_Ln,f_stab,0,-0.45778006315231323,0.1763690561056137,253,1.0313372468766893,0.5455026724682582,1.7507221471583416,observed-comparison,equilibrium_files,"native max(log Q, -2)",invariant_tilde_f,grouped_observed_directional_slope,quadratic_decoder_concept_by_drive_term,observed-comparison
2864601_0.409,unstable,a_over_Ln,f_stab,1,0.1763690561056137,0.725970447063446,253,1.408969442623983,0.9045664777580984,1.768985251534348,observed-comparison,equilibrium_files,"native max(log Q, -2)",invariant_tilde_f,grouped_observed_directional_slope,quadratic_decoder_concept_by_drive_term,observed-comparison
2864601_0.409,unstable,a_over_Ln,f_stab,2,0.725970447063446,5.340455055236816,254,1.2533346007534711,0.5916088001206304,1.8727619863275764,observed-comparison,equilibrium_files,"native max(log Q, -2)",invariant_tilde_f,grouped_observed_directional_slope,quadratic_decoder_concept_by_drive_term,observed-comparison
2864601_0.409,unstable,a_over_Ln,log_compression,0,-0.45778006315231323,0.1763690561056137,253,0.26778530406707896,0.14885478358084978,0.408871623081573,observed-comparison,equilibrium_files,"native max(log Q, -2)",invariant_tilde_f,grouped_observed_directional_slope,quadratic_decoder_concept_by_drive_term,observed-comparison
2864601_0.409,unstable,a_over_Ln,log_compression,1,0.1763690561056137,0.725970447063446,253,0.3688023072444149,0.19697787318090865,0.500069526753676,observed-comparison,equilibrium_files,"native max(log Q, -2)",invariant_tilde_f,grouped_observed_directional_slope,quadratic_decoder_concept_by_drive_term,observed-comparison
2864601_0.409,unstable,a_over_Ln,log_compression,2,0.725970447063446,5.340455055236816,254,0.21734872329242005,0.04438885757967734,0.3848973191920098,observed-comparison,equilibrium_files,"native max(log Q, -2)",invariant_tilde_f,grouped_observed_directional_slope,quadratic_decoder_concept_by_drive_term,observed-comparison
2864601_0.409,unstable,a_over_Ln,bad_curvature,0,-0.45778006315231323,0.1763690561056137,253,1.358512677402991,0.700320158507915,2.4251908708847396,observed-comparison,equilibrium_files,"native max(log Q, -2)",invariant_tilde_f,grouped_observed_directional_slope,quadratic_decoder_concept_by_drive_term,observed-comparison
2864601_0.409,unstable,a_over_Ln,bad_curvature,1,0.1763690561056137,0.725970447063446,253,1.3147694761111328,-0.14045811058188204,2.69329584599642,observed-comparison,equilibrium_files,"native max(log Q, -2)",invariant_tilde_f,grouped_observed_directional_slope,quadratic_decoder_concept_by_drive_term,observed-comparison
2864601_0.409,unstable,a_over_Ln,bad_curvature,2,0.725970447063446,5.340455055236816,254,0.8291835419387561,0.4440276182814635,1.4994436940276326,observed-comparison,equilibrium_files,"native max(log Q, -2)",invariant_tilde_f,grouped_observed_directional_slope,quadratic_decoder_concept_by_drive_term,observed-comparison
2864601_0.409,unstable,a_over_Ln,geodesic_curvature,0,-0.45778006315231323,0.1763690561056137,253,1.9839991625026536,-0.7475697846264988,4.550196259909726,observed-comparison,equilibrium_files,"native max(log Q, -2)",invariant_tilde_f,grouped_observed_directional_slope,quadratic_decoder_concept_by_drive_term,observed-comparison
2864601_0.409,unstable,a_over_Ln,geodesic_curvature,1,0.1763690561056137,0.725970447063446,253,0.05361194761209372,-2.270718123853637,2.4080610976850414,observed-comparison,equilibrium_files,"native max(log Q, -2)",invariant_tilde_f,grouped_observed_directional_slope,quadratic_decoder_concept_by_drive_term,observed-comparison
2864601_0.409,unstable,a_over_Ln,geodesic_curvature,2,0.725970447063446,5.340455055236816,254,4.132549224525656,2.2469975045260266,6.35091933639258,observed-comparison,equilibrium_files,"native max(log Q, -2)",invariant_tilde_f,grouped_observed_directional_slope,quadratic_decoder_concept_by_drive_term,observed-comparison
2864601_0.409,unstable,a_over_Ln,parallel_scale,0,-0.45778006315231323,0.1763690561056137,253,0.5195030189983202,0.03825112734692862,0.9471261559701478,observed-comparison,equilibrium_files,"native max(log Q, -2)",invariant_tilde_f,grouped_observed_directional_slope,quadratic_decoder_concept_by_drive_term,observed-comparison
2864601_0.409,unstable,a_over_Ln,parallel_scale,1,0.1763690561056137,0.725970447063446,253,0.43111902656094037,-0.05805852116846959,0.9617060418085298,observed-comparison,equilibrium_files,"native max(log Q, -2)",invariant_tilde_f,grouped_observed_directional_slope,quadratic_decoder_concept_by_drive_term,observed-comparison
2864601_0.409,unstable,a_over_Ln,parallel_scale,2,0.725970447063446,5.340455055236816,254,0.5220930420450169,0.21758679735407457,0.8888142015606652,observed-comparison,equilibrium_files,"native max(log Q, -2)",invariant_tilde_f,grouped_observed_directional_slope,quadratic_decoder_concept_by_drive_term,observed-comparison
2864601_0.409,unstable,a_over_Ln,cross_channel_colocation,0,-0.45778006315231323,0.1763690561056137,253,0.6015883588647207,0.3346714258323222,1.2905898893242063,observed-comparison,equilibrium_files,"native max(log Q, -2)",invariant_tilde_f,grouped_observed_directional_slope,quadratic_decoder_concept_by_drive_term,observed-comparison
2864601_0.409,unstable,a_over_Ln,cross_channel_colocation,1,0.1763690561056137,0.725970447063446,253,1.5202232513267353,1.0181224392337902,2.266280086595198,observed-comparison,equilibrium_files,"native max(log Q, -2)",invariant_tilde_f,grouped_observed_directional_slope,quadratic_decoder_concept_by_drive_term,observed-comparison
2864601_0.409,unstable,a_over_Ln,cross_channel_colocation,2,0.725970447063446,5.340455055236816,254,0.33343753630083023,0.2017572389348504,0.6398577699159301,observed-comparison,equilibrium_files,"native max(log Q, -2)",invariant_tilde_f,grouped_observed_directional_slope,quadratic_decoder_concept_by_drive_term,observed-comparison
2864601_0.409,unstable,a_over_Ln,log_FSA_grad_x,0,-0.45778006315231323,0.1763690561056137,253,1.3396042719238872,0.650373105973004,2.227303972126128,observed-comparison,equilibrium_files,"native max(log Q, -2)",invariant_tilde_f,grouped_observed_directional_slope,quadratic_decoder_concept_by_drive_term,observed-comparison
2864601_0.409,unstable,a_over_Ln,log_FSA_grad_x,1,0.1763690561056137,0.725970447063446,253,1.7191680443180128,0.997894818595885,2.375963994411632,observed-comparison,equilibrium_files,"native max(log Q, -2)",invariant_tilde_f,grouped_observed_directional_slope,quadratic_decoder_concept_by_drive_term,observed-comparison
2864601_0.409,unstable,a_over_Ln,log_FSA_grad_x,2,0.725970447063446,5.340455055236816,254,1.5239965034688305,0.5016031196669337,2.5018849425127194,observed-comparison,equilibrium_files,"native max(log Q, -2)",invariant_tilde_f,grouped_observed_directional_slope,quadratic_decoder_concept_by_drive_term,observed-comparison
